open_time,0
2022-12-31 16:00:00,1000.0
2022-12-31 20:00:00,1000.0
2023-01-01 00:00:00,1000.0
2023-01-01 04:00:00,1000.0
2023-01-01 08:00:00,1000.0
2023-01-01 12:00:00,1000.0
2023-01-01 16:00:00,1000.0
2023-01-01 20:00:00,1000.0
2023-01-02 00:00:00,1000.0
2023-01-02 04:00:00,1000.0
2023-01-02 08:00:00,1000.0
2023-01-02 12:00:00,1000.0
2023-01-02 16:00:00,1000.0
2023-01-02 20:00:00,1000.0
2023-01-03 00:00:00,1000.0
2023-01-03 04:00:00,1000.0
2023-01-03 08:00:00,1000.0
2023-01-03 12:00:00,1000.0
2023-01-03 16:00:00,1000.0
2023-01-03 20:00:00,1000.0
2023-01-04 00:00:00,1000.0
2023-01-04 04:00:00,1000.0
2023-01-04 08:00:00,1000.0
2023-01-04 12:00:00,1000.0
2023-01-04 16:00:00,1000.0
2023-01-04 20:00:00,1000.0
2023-01-05 00:00:00,1000.0
2023-01-05 04:00:00,1000.0
2023-01-05 08:00:00,1000.0
2023-01-05 12:00:00,1000.0
2023-01-05 16:00:00,1000.0
2023-01-05 20:00:00,1000.0
2023-01-06 00:00:00,1000.0
2023-01-06 04:00:00,1000.0
2023-01-06 08:00:00,1000.0
2023-01-06 12:00:00,1000.0
2023-01-06 16:00:00,1000.0
2023-01-06 20:00:00,1000.0
2023-01-07 00:00:00,1000.0
2023-01-07 04:00:00,1000.0
2023-01-07 08:00:00,1000.0
2023-01-07 12:00:00,1000.0
2023-01-07 16:00:00,1000.0
2023-01-07 20:00:00,1000.0
2023-01-08 00:00:00,1000.0
2023-01-08 04:00:00,1000.0
2023-01-08 08:00:00,1000.0
2023-01-08 12:00:00,1000.0
2023-01-08 16:00:00,1000.0
2023-01-08 20:00:00,1000.0
2023-01-09 00:00:00,1000.0
2023-01-09 04:00:00,1000.0
2023-01-09 08:00:00,1000.0
2023-01-09 12:00:00,1000.0
2023-01-09 16:00:00,1000.0
2023-01-09 20:00:00,1000.0
2023-01-10 00:00:00,1000.0
2023-01-10 04:00:00,1000.0
2023-01-10 08:00:00,1000.0
2023-01-10 12:00:00,1000.0
2023-01-10 16:00:00,1000.0
2023-01-10 20:00:00,1000.0
2023-01-11 00:00:00,1000.0
2023-01-11 04:00:00,1000.0
2023-01-11 08:00:00,1000.0
2023-01-11 12:00:00,1000.0
2023-01-11 16:00:00,1000.0
2023-01-11 20:00:00,1000.0
2023-01-12 00:00:00,1000.0
2023-01-12 04:00:00,1000.0
2023-01-12 08:00:00,1000.0
2023-01-12 12:00:00,1000.0
2023-01-12 16:00:00,1000.0
2023-01-12 20:00:00,1000.0
2023-01-13 00:00:00,1000.0
2023-01-13 04:00:00,1000.0
2023-01-13 08:00:00,1000.0
2023-01-13 12:00:00,1000.0
2023-01-13 16:00:00,1000.0
2023-01-13 20:00:00,1000.0
2023-01-14 00:00:00,1000.0
2023-01-14 04:00:00,1000.0
2023-01-14 08:00:00,1000.0
2023-01-14 12:00:00,1000.0
2023-01-14 16:00:00,1000.0
2023-01-14 20:00:00,1000.0
2023-01-15 00:00:00,1000.0
2023-01-15 04:00:00,1000.0
2023-01-15 08:00:00,1000.0
2023-01-15 12:00:00,995.1517714371137
2023-01-15 16:00:00,996.3042785016444
2023-01-15 20:00:00,996.1716678561439
2023-01-16 00:00:00,991.3108849228929
2023-01-16 04:00:00,990.5465653842815
2023-01-16 08:00:00,997.6424404698757
2023-01-16 12:00:00,993.3289778371445
2023-01-16 16:00:00,985.7629377356852
2023-01-16 20:00:00,988.8033381716127
2023-01-17 00:00:00,990.2186554244988
2023-01-17 04:00:00,990.0956891895801
2023-01-17 08:00:00,988.0727740700378
2023-01-17 12:00:00,989.1095482075863
2023-01-17 16:00:00,985.2132063325199
2023-01-17 20:00:00,990.1873110901076
2023-01-18 00:00:00,987.2168326308987
2023-01-18 04:00:00,985.9244816129312
2023-01-18 08:00:00,988.4826615197662
2023-01-18 12:00:00,992.4875030138783
2023-01-18 16:00:00,995.6315808635607
2023-01-18 20:00:00,1001.0589729184951
2023-01-19 00:00:00,999.3977231957718
2023-01-19 04:00:00,997.7268290624668
2023-01-19 08:00:00,999.580966996827
2023-01-19 12:00:00,996.4610001735994
2023-01-19 16:00:00,991.1734520721016
2023-01-19 20:00:00,991.6966613461668
2023-01-20 00:00:00,991.2650739726291
2023-01-20 04:00:00,994.4477294646388
2023-01-20 08:00:00,994.3657519746931
2023-01-20 12:00:00,989.9751340573071
2023-01-20 16:00:00,981.4277751791449
2023-01-20 20:00:00,953.292618409251
2023-01-21 00:00:00,956.1714749679322
2023-01-21 04:00:00,954.0063047923076
2023-01-21 08:00:00,947.4481055966514
2023-01-21 12:00:00,945.2130134443082
2023-01-21 16:00:00,938.5656034507701
2023-01-21 20:00:00,952.4205500090279
2023-01-22 00:00:00,952.8693972653963
2023-01-22 04:00:00,949.2587335765094
2023-01-22 08:00:00,952.318281013906
2023-01-22 12:00:00,952.1080614128222
2023-01-22 16:00:00,954.1790085640406
2023-01-22 20:00:00,954.6164925987287
2023-01-23 00:00:00,955.9516711461534
2023-01-23 04:00:00,954.963070859975
2023-01-23 08:00:00,948.8809064556424
2023-01-23 12:00:00,950.429145409571
2023-01-23 16:00:00,952.201807991684
2023-01-23 20:00:00,948.693413297919
2023-01-24 00:00:00,944.003243549412
2023-01-24 04:00:00,944.7390121532056
2023-01-24 08:00:00,948.7246621575396
2023-01-24 12:00:00,948.3837655071331
2023-01-24 16:00:00,945.7986325748853
2023-01-24 20:00:00,956.8095943830092
2023-01-25 00:00:00,956.4232448458822
2023-01-25 04:00:00,954.636378236669
2023-01-25 08:00:00,957.7044480903259
2023-01-25 12:00:00,958.3464701152577
2023-01-25 16:00:00,953.5142600957481
2023-01-25 20:00:00,944.5032253033413
2023-01-26 00:00:00,942.5487511743449
2023-01-26 04:00:00,947.3241450854536
2023-01-26 08:00:00,946.6395109792209
2023-01-26 12:00:00,947.7218578442609
2023-01-26 16:00:00,944.4236827515797
2023-01-26 20:00:00,946.1707780849122
2023-01-27 00:00:00,952.9801886767784
2023-01-27 04:00:00,944.2901648968374
2023-01-27 08:00:00,947.2332393120118
2023-01-27 12:00:00,948.2474068469706
2023-01-27 16:00:00,939.2164864166234
2023-01-27 20:00:00,944.2930057022575
2023-01-28 00:00:00,943.1282754800358
2023-01-28 04:00:00,946.6707598388414
2023-01-28 08:00:00,946.980407629627
2023-01-28 12:00:00,946.0912355331507
2023-01-28 16:00:00,945.2844467938558
2023-01-28 20:00:00,945.7730653261048
2023-01-29 00:00:00,940.8272230897932
2023-01-29 04:00:00,940.5317793261077
2023-01-29 08:00:00,934.0092900816669
2023-01-29 12:00:00,931.375863457278
2023-01-29 16:00:00,920.7540919917012
2023-01-29 20:00:00,925.1942708632436
2023-01-30 00:00:00,926.3163890041643
2023-01-30 04:00:00,927.8134934605321
2023-01-30 08:00:00,944.0884677120135
2023-01-30 12:00:00,941.1510749076792
2023-01-30 16:00:00,952.369415511467
2023-01-30 20:00:00,951.341043949408
2023-01-31 00:00:00,951.1478691808444
2023-01-31 04:00:00,947.1423335385701
2023-01-31 08:00:00,950.2899459439884
2023-01-31 12:00:00,942.9890760144532
2023-01-31 16:00:00,941.8328682084918
2023-01-31 20:00:00,942.8328317163503
2023-02-01 00:00:00,942.6084080881661
2023-02-01 04:00:00,944.2077815396558
2023-02-01 08:00:00,944.0629004632332
2023-02-01 12:00:00,946.9150691049659
2023-02-01 16:00:00,935.4325335971131
2023-02-01 20:00:00,925.4868738215089
2023-02-02 00:00:00,922.0154095982045
2023-02-02 04:00:00,923.8676147320789
2023-02-02 08:00:00,922.7312925640579
2023-02-02 12:00:00,922.2682412805893
2023-02-02 16:00:00,923.3591105618895
2023-02-02 20:00:00,932.2167418616136
2023-02-03 00:00:00,931.0292851960315
2023-02-03 04:00:00,933.2394318128325
2023-02-03 08:00:00,931.0861013044326
2023-02-03 12:00:00,929.1486720079567
2023-02-03 16:00:00,937.4693910832909
2023-02-03 20:00:00,934.1598527689297
2023-02-04 00:00:00,936.5432885163538
2023-02-04 04:00:00,937.0659967136434
2023-02-04 08:00:00,936.020580319064
2023-02-04 12:00:00,934.290529818252
2023-02-04 16:00:00,934.0859918280083
2023-02-04 20:00:00,937.0603151028033
2023-02-05 00:00:00,936.4694275754324
2023-02-05 04:00:00,935.5149169542948
2023-02-05 08:00:00,936.1654613954868
2023-02-05 12:00:00,943.5487146822036
2023-02-05 16:00:00,949.3638433770514
2023-02-05 20:00:00,948.2360436252904
2023-02-06 00:00:00,949.29566404697
2023-02-06 04:00:00,949.83257627136
2023-02-06 08:00:00,949.7445113033385
2023-02-06 12:00:00,945.0742271927718
2023-02-06 16:00:00,945.4804623678393
2023-02-06 20:00:00,953.1080249206807
2023-02-07 00:00:00,949.8922331851811
2023-02-07 04:00:00,948.906473704423
2023-02-07 08:00:00,947.0656317922287
2023-02-07 12:00:00,949.0996484729865
2023-02-07 16:00:00,943.7788199212279
2023-02-07 20:00:00,939.57442789955
2023-02-08 00:00:00,939.1056950052413
2023-02-08 04:00:00,939.7789658897937
2023-02-08 08:00:00,941.8840027060528
2023-02-08 12:00:00,950.1337016458856
2023-02-08 16:00:00,949.994502180303
2023-02-08 20:00:00,947.4775485781363
2023-02-09 00:00:00,960.0992470594302
2023-02-09 04:00:00,955.6363417445275
2023-02-09 08:00:00,955.3891916729829
2023-02-09 12:00:00,957.4800244621417
2023-02-09 16:00:00,973.8572677087452
2023-02-09 20:00:00,973.4672677087452
2023-02-10 00:00:00,973.4672677087452
2023-02-10 04:00:00,973.4672677087452
2023-02-10 08:00:00,973.4672677087452
2023-02-10 12:00:00,973.4672677087452
2023-02-10 16:00:00,973.4672677087452
2023-02-10 20:00:00,973.4672677087452
2023-02-11 00:00:00,973.4672677087452
2023-02-11 04:00:00,973.4672677087452
2023-02-11 08:00:00,973.4672677087452
2023-02-11 12:00:00,973.4672677087452
2023-02-11 16:00:00,973.4672677087452
2023-02-11 20:00:00,973.4672677087452
2023-02-12 00:00:00,973.4672677087452
2023-02-12 04:00:00,973.4672677087452
2023-02-12 08:00:00,973.4672677087452
2023-02-12 12:00:00,973.4672677087452
2023-02-12 16:00:00,973.4672677087452
2023-02-12 20:00:00,973.4672677087452
2023-02-13 00:00:00,973.4672677087452
2023-02-13 04:00:00,973.4672677087452
2023-02-13 08:00:00,973.4672677087452
2023-02-13 12:00:00,973.4672677087452
2023-02-13 16:00:00,973.4672677087452
2023-02-13 20:00:00,973.4672677087452
2023-02-14 00:00:00,973.4672677087452
2023-02-14 04:00:00,973.4672677087452
2023-02-14 08:00:00,973.4672677087452
2023-02-14 12:00:00,973.4672677087452
2023-02-14 16:00:00,973.4672677087452
2023-02-14 20:00:00,973.4672677087452
2023-02-15 00:00:00,973.4672677087452
2023-02-15 04:00:00,973.4672677087452
2023-02-15 08:00:00,973.4672677087452
2023-02-15 12:00:00,973.4672677087452
2023-02-15 16:00:00,973.4672677087452
2023-02-15 20:00:00,973.4672677087452
2023-02-16 00:00:00,973.4672677087452
2023-02-16 04:00:00,973.4672677087452
2023-02-16 08:00:00,973.4672677087452
2023-02-16 12:00:00,973.4672677087452
2023-02-16 16:00:00,973.4672677087452
2023-02-16 20:00:00,973.4672677087452
2023-02-17 00:00:00,973.4672677087452
2023-02-17 04:00:00,973.4672677087452
2023-02-17 08:00:00,973.4672677087452
2023-02-17 12:00:00,973.4672677087452
2023-02-17 16:00:00,973.4672677087452
2023-02-17 20:00:00,973.4672677087452
2023-02-18 00:00:00,973.4672677087452
2023-02-18 04:00:00,973.4672677087452
2023-02-18 08:00:00,973.4672677087452
2023-02-18 12:00:00,973.4672677087452
2023-02-18 16:00:00,973.4672677087452
2023-02-18 20:00:00,973.4672677087452
2023-02-19 00:00:00,973.4672677087452
2023-02-19 04:00:00,973.4672677087452
2023-02-19 08:00:00,973.4672677087452
2023-02-19 12:00:00,973.4672677087452
2023-02-19 16:00:00,973.4672677087452
2023-02-19 20:00:00,973.4672677087452
2023-02-20 00:00:00,973.4672677087452
2023-02-20 04:00:00,973.4672677087452
2023-02-20 08:00:00,973.4672677087452
2023-02-20 12:00:00,973.4672677087452
2023-02-20 16:00:00,973.4672677087452
2023-02-20 20:00:00,973.4672677087452
2023-02-21 00:00:00,973.4672677087452
2023-02-21 04:00:00,973.4672677087452
2023-02-21 08:00:00,973.4672677087452
2023-02-21 12:00:00,973.4672677087452
2023-02-21 16:00:00,973.4672677087452
2023-02-21 20:00:00,973.4672677087452
2023-02-22 00:00:00,973.4672677087452
2023-02-22 04:00:00,973.4672677087452
2023-02-22 08:00:00,973.4672677087452
2023-02-22 12:00:00,973.4672677087452
2023-02-22 16:00:00,973.4672677087452
2023-02-22 20:00:00,973.4672677087452
2023-02-23 00:00:00,973.4672677087452
2023-02-23 04:00:00,973.4672677087452
2023-02-23 08:00:00,973.4672677087452
2023-02-23 12:00:00,973.4672677087452
2023-02-23 16:00:00,973.4672677087452
2023-02-23 20:00:00,973.4672677087452
2023-02-24 00:00:00,973.4672677087452
2023-02-24 04:00:00,973.4672677087452
2023-02-24 08:00:00,973.4672677087452
2023-02-24 12:00:00,973.4672677087452
2023-02-24 16:00:00,973.4672677087452
2023-02-24 20:00:00,973.4672677087452
2023-02-25 00:00:00,973.4672677087452
2023-02-25 04:00:00,973.4672677087452
2023-02-25 08:00:00,973.4672677087452
2023-02-25 12:00:00,973.4672677087452
2023-02-25 16:00:00,973.4672677087452
2023-02-25 20:00:00,973.4672677087452
2023-02-26 00:00:00,973.4672677087452
2023-02-26 04:00:00,973.4672677087452
2023-02-26 08:00:00,973.4672677087452
2023-02-26 12:00:00,973.4672677087452
2023-02-26 16:00:00,973.4672677087452
2023-02-26 20:00:00,973.4672677087452
2023-02-27 00:00:00,973.4672677087452
2023-02-27 04:00:00,973.4672677087452
2023-02-27 08:00:00,973.4672677087452
2023-02-27 12:00:00,973.4672677087452
2023-02-27 16:00:00,973.4672677087452
2023-02-27 20:00:00,973.4672677087452
2023-02-28 00:00:00,973.4672677087452
2023-02-28 04:00:00,973.4672677087452
2023-02-28 08:00:00,973.4672677087452
2023-02-28 12:00:00,973.4672677087452
2023-02-28 16:00:00,973.4672677087452
2023-02-28 20:00:00,973.4672677087452
2023-03-01 00:00:00,973.4672677087452
2023-03-01 04:00:00,973.4672677087452
2023-03-01 08:00:00,973.4672677087452
2023-03-01 12:00:00,973.4672677087452
2023-03-01 16:00:00,973.4672677087452
2023-03-01 20:00:00,973.4672677087452
2023-03-02 00:00:00,973.4672677087452
2023-03-02 04:00:00,973.4672677087452
2023-03-02 08:00:00,973.4672677087452
2023-03-02 12:00:00,973.4672677087452
2023-03-02 16:00:00,973.4672677087452
2023-03-02 20:00:00,973.4672677087452
2023-03-03 00:00:00,973.4672677087452
2023-03-03 04:00:00,973.4672677087452
2023-03-03 08:00:00,973.4672677087452
2023-03-03 12:00:00,973.4672677087452
2023-03-03 16:00:00,973.4672677087452
2023-03-03 20:00:00,973.4672677087452
2023-03-04 00:00:00,973.4672677087452
2023-03-04 04:00:00,973.4672677087452
2023-03-04 08:00:00,973.4672677087452
2023-03-04 12:00:00,973.4672677087452
2023-03-04 16:00:00,973.4672677087452
2023-03-04 20:00:00,973.4672677087452
2023-03-05 00:00:00,973.4672677087452
2023-03-05 04:00:00,973.4672677087452
2023-03-05 08:00:00,973.4672677087452
2023-03-05 12:00:00,973.4672677087452
2023-03-05 16:00:00,973.4672677087452
2023-03-05 20:00:00,973.4672677087452
2023-03-06 00:00:00,973.4672677087452
2023-03-06 04:00:00,973.4672677087452
2023-03-06 08:00:00,973.4672677087452
2023-03-06 12:00:00,973.4672677087452
2023-03-06 16:00:00,973.4672677087452
2023-03-06 20:00:00,973.4672677087452
2023-03-07 00:00:00,973.4672677087452
2023-03-07 04:00:00,973.4672677087452
2023-03-07 08:00:00,973.4672677087452
2023-03-07 12:00:00,973.4672677087452
2023-03-07 16:00:00,973.4672677087452
2023-03-07 20:00:00,973.4672677087452
2023-03-08 00:00:00,973.4672677087452
2023-03-08 04:00:00,973.4672677087452
2023-03-08 08:00:00,973.4672677087452
2023-03-08 12:00:00,973.4672677087452
2023-03-08 16:00:00,973.4672677087452
2023-03-08 20:00:00,973.4672677087452
2023-03-09 00:00:00,973.4672677087452
2023-03-09 04:00:00,973.4672677087452
2023-03-09 08:00:00,973.4672677087452
2023-03-09 12:00:00,973.4672677087452
2023-03-09 16:00:00,973.4672677087452
2023-03-09 20:00:00,973.4672677087452
2023-03-10 00:00:00,973.4672677087452
2023-03-10 04:00:00,973.4672677087452
2023-03-10 08:00:00,973.4672677087452
2023-03-10 12:00:00,973.4672677087452
2023-03-10 16:00:00,973.4672677087452
2023-03-10 20:00:00,973.4672677087452
2023-03-11 00:00:00,973.4672677087452
2023-03-11 04:00:00,973.4672677087452
2023-03-11 08:00:00,973.4672677087452
2023-03-11 12:00:00,973.4672677087452
2023-03-11 16:00:00,973.4672677087452
2023-03-11 20:00:00,973.4672677087452
2023-03-12 00:00:00,973.4672677087452
2023-03-12 04:00:00,973.4672677087452
2023-03-12 08:00:00,973.4672677087452
2023-03-12 12:00:00,973.4672677087452
2023-03-12 16:00:00,973.4672677087452
2023-03-12 20:00:00,973.4672677087452
2023-03-13 00:00:00,973.4672677087452
2023-03-13 04:00:00,973.4672677087452
2023-03-13 08:00:00,973.4672677087452
2023-03-13 12:00:00,973.4672677087452
2023-03-13 16:00:00,973.4672677087452
2023-03-13 20:00:00,973.4672677087452
2023-03-14 00:00:00,973.4672677087452
2023-03-14 04:00:00,973.4672677087452
2023-03-14 08:00:00,973.4672677087452
2023-03-14 12:00:00,973.4672677087452
2023-03-14 16:00:00,973.4672677087452
2023-03-14 20:00:00,973.4672677087452
2023-03-15 00:00:00,973.4672677087452
2023-03-15 04:00:00,973.4672677087452
2023-03-15 08:00:00,973.4672677087452
2023-03-15 12:00:00,973.4672677087452
2023-03-15 16:00:00,973.4672677087452
2023-03-15 20:00:00,973.4672677087452
2023-03-16 00:00:00,973.4672677087452
2023-03-16 04:00:00,973.4672677087452
2023-03-16 08:00:00,973.4672677087452
2023-03-16 12:00:00,973.4672677087452
2023-03-16 16:00:00,973.4672677087452
2023-03-16 20:00:00,973.4672677087452
2023-03-17 00:00:00,973.4672677087452
2023-03-17 04:00:00,973.4672677087452
2023-03-17 08:00:00,973.4672677087452
2023-03-17 12:00:00,973.4672677087452
2023-03-17 16:00:00,973.4672677087452
2023-03-17 20:00:00,973.4672677087452
2023-03-18 00:00:00,973.4672677087452
2023-03-18 04:00:00,973.4672677087452
2023-03-18 08:00:00,973.4672677087452
2023-03-18 12:00:00,973.4672677087452
2023-03-18 16:00:00,973.4672677087452
2023-03-18 20:00:00,973.4672677087452
2023-03-19 00:00:00,973.4672677087452
2023-03-19 04:00:00,973.4672677087452
2023-03-19 08:00:00,973.4672677087452
2023-03-19 12:00:00,973.4672677087452
2023-03-19 16:00:00,973.4672677087452
2023-03-19 20:00:00,973.4672677087452
2023-03-20 00:00:00,973.4672677087452
2023-03-20 04:00:00,973.4672677087452
2023-03-20 08:00:00,973.4672677087452
2023-03-20 12:00:00,973.4672677087452
2023-03-20 16:00:00,973.4672677087452
2023-03-20 20:00:00,973.4672677087452
2023-03-21 00:00:00,973.4672677087452
2023-03-21 04:00:00,973.4672677087452
2023-03-21 08:00:00,973.4672677087452
2023-03-21 12:00:00,973.4672677087452
2023-03-21 16:00:00,973.4672677087452
2023-03-21 20:00:00,973.4672677087452
2023-03-22 00:00:00,973.4672677087452
2023-03-22 04:00:00,973.4672677087452
2023-03-22 08:00:00,973.4672677087452
2023-03-22 12:00:00,973.4672677087452
2023-03-22 16:00:00,973.4672677087452
2023-03-22 20:00:00,973.4672677087452
2023-03-23 00:00:00,973.4672677087452
2023-03-23 04:00:00,973.4672677087452
2023-03-23 08:00:00,973.4672677087452
2023-03-23 12:00:00,973.4672677087452
2023-03-23 16:00:00,973.4672677087452
2023-03-23 20:00:00,973.4672677087452
2023-03-24 00:00:00,973.4672677087452
2023-03-24 04:00:00,973.4672677087452
2023-03-24 08:00:00,973.4672677087452
2023-03-24 12:00:00,973.4672677087452
2023-03-24 16:00:00,973.4672677087452
2023-03-24 20:00:00,973.4672677087452
2023-03-25 00:00:00,973.4672677087452
2023-03-25 04:00:00,973.4672677087452
2023-03-25 08:00:00,973.4672677087452
2023-03-25 12:00:00,973.4672677087452
2023-03-25 16:00:00,973.4672677087452
2023-03-25 20:00:00,973.4672677087452
2023-03-26 00:00:00,973.4672677087452
2023-03-26 04:00:00,973.4672677087452
2023-03-26 08:00:00,973.4672677087452
2023-03-26 12:00:00,973.4672677087452
2023-03-26 16:00:00,973.4672677087452
2023-03-26 20:00:00,973.4672677087452
2023-03-27 00:00:00,973.4672677087452
2023-03-27 04:00:00,973.4672677087452
2023-03-27 08:00:00,973.4672677087452
2023-03-27 12:00:00,973.4672677087452
2023-03-27 16:00:00,973.4672677087452
2023-03-27 20:00:00,973.4672677087452
2023-03-28 00:00:00,973.4672677087452
2023-03-28 04:00:00,973.4672677087452
2023-03-28 08:00:00,973.4672677087452
2023-03-28 12:00:00,973.4672677087452
2023-03-28 16:00:00,973.4672677087452
2023-03-28 20:00:00,973.4672677087452
2023-03-29 00:00:00,973.4672677087452
2023-03-29 04:00:00,973.4672677087452
2023-03-29 08:00:00,973.4672677087452
2023-03-29 12:00:00,973.4672677087452
2023-03-29 16:00:00,973.4672677087452
2023-03-29 20:00:00,973.4672677087452
2023-03-30 00:00:00,973.4672677087452
2023-03-30 04:00:00,973.4672677087452
2023-03-30 08:00:00,973.4672677087452
2023-03-30 12:00:00,973.4672677087452
2023-03-30 16:00:00,973.4672677087452
2023-03-30 20:00:00,973.4672677087452
2023-03-31 00:00:00,973.4672677087452
2023-03-31 04:00:00,973.4672677087452
2023-03-31 08:00:00,973.4672677087452
2023-03-31 12:00:00,973.4672677087452
2023-03-31 16:00:00,973.4672677087452
2023-03-31 20:00:00,973.4672677087452
2023-04-01 00:00:00,973.4672677087452
2023-04-01 04:00:00,973.4672677087452
2023-04-01 08:00:00,973.4672677087452
2023-04-01 12:00:00,973.4672677087452
2023-04-01 16:00:00,973.4672677087452
2023-04-01 20:00:00,973.4672677087452
2023-04-02 00:00:00,973.4672677087452
2023-04-02 04:00:00,973.4672677087452
2023-04-02 08:00:00,973.4672677087452
2023-04-02 12:00:00,973.4672677087452
2023-04-02 16:00:00,973.4672677087452
2023-04-02 20:00:00,973.4672677087452
2023-04-03 00:00:00,973.4672677087452
2023-04-03 04:00:00,973.4672677087452
2023-04-03 08:00:00,973.4672677087452
2023-04-03 12:00:00,973.4672677087452
2023-04-03 16:00:00,973.4672677087452
2023-04-03 20:00:00,973.4672677087452
2023-04-04 00:00:00,973.4672677087452
2023-04-04 04:00:00,973.4672677087452
2023-04-04 08:00:00,973.4672677087452
2023-04-04 12:00:00,973.4672677087452
2023-04-04 16:00:00,973.4672677087452
2023-04-04 20:00:00,973.4672677087452
2023-04-05 00:00:00,973.4672677087452
2023-04-05 04:00:00,973.4672677087452
2023-04-05 08:00:00,973.4672677087452
2023-04-05 12:00:00,973.4672677087452
2023-04-05 16:00:00,973.4672677087452
2023-04-05 20:00:00,973.4672677087452
2023-04-06 00:00:00,973.4672677087452
2023-04-06 04:00:00,973.4672677087452
2023-04-06 08:00:00,973.4672677087452
2023-04-06 12:00:00,973.4672677087452
2023-04-06 16:00:00,973.4672677087452
2023-04-06 20:00:00,973.4672677087452
2023-04-07 00:00:00,973.4672677087452
2023-04-07 04:00:00,973.4672677087452
2023-04-07 08:00:00,973.4672677087452
2023-04-07 12:00:00,973.4672677087452
2023-04-07 16:00:00,973.4672677087452
2023-04-07 20:00:00,973.4672677087452
2023-04-08 00:00:00,973.4672677087452
2023-04-08 04:00:00,973.4672677087452
2023-04-08 08:00:00,973.4672677087452
2023-04-08 12:00:00,973.4672677087452
2023-04-08 16:00:00,973.4672677087452
2023-04-08 20:00:00,973.4672677087452
2023-04-09 00:00:00,973.4672677087452
2023-04-09 04:00:00,973.4672677087452
2023-04-09 08:00:00,973.4672677087452
2023-04-09 12:00:00,973.4672677087452
2023-04-09 16:00:00,973.4672677087452
2023-04-09 20:00:00,973.4672677087452
2023-04-10 00:00:00,973.4672677087452
2023-04-10 04:00:00,973.4672677087452
2023-04-10 08:00:00,973.4672677087452
2023-04-10 12:00:00,973.4672677087452
2023-04-10 16:00:00,973.4672677087452
2023-04-10 20:00:00,973.4672677087452
2023-04-11 00:00:00,973.4672677087452
2023-04-11 04:00:00,973.4672677087452
2023-04-11 08:00:00,973.4672677087452
2023-04-11 12:00:00,973.4672677087452
2023-04-11 16:00:00,973.4672677087452
2023-04-11 20:00:00,973.4672677087452
2023-04-12 00:00:00,973.4672677087452
2023-04-12 04:00:00,973.4672677087452
2023-04-12 08:00:00,973.4672677087452
2023-04-12 12:00:00,973.4672677087452
2023-04-12 16:00:00,973.4672677087452
2023-04-12 20:00:00,973.4672677087452
2023-04-13 00:00:00,973.4672677087452
2023-04-13 04:00:00,973.4672677087452
2023-04-13 08:00:00,973.4672677087452
2023-04-13 12:00:00,973.4672677087452
2023-04-13 16:00:00,973.4672677087452
2023-04-13 20:00:00,972.5136410606364
2023-04-14 00:00:00,967.3466207546732
2023-04-14 04:00:00,966.2199333668955
2023-04-14 08:00:00,965.2568041133551
2023-04-14 12:00:00,977.803123341832
2023-04-14 16:00:00,975.9115247981206
2023-04-14 20:00:00,972.7349823915805
2023-04-15 00:00:00,974.6601596076655
2023-04-15 04:00:00,973.5520634193375
2023-04-15 08:00:00,974.5728550594941
2023-04-15 12:00:00,975.7167684983539
2023-04-15 16:00:00,975.7413928580945
2023-04-15 20:00:00,976.601006870858
2023-04-16 00:00:00,977.3039204125448
2023-04-16 04:00:00,975.4727634791059
2023-04-16 08:00:00,977.9508695002758
2023-04-16 12:00:00,975.6093167467585
2023-04-16 16:00:00,976.027930862349
2023-04-16 20:00:00,976.4622150250473
2023-04-17 00:00:00,983.6279037095682
2023-04-17 04:00:00,986.6589385358229
2023-04-17 08:00:00,992.7702569078136
2023-04-17 12:00:00,997.5070882906458
2023-04-17 16:00:00,997.0641606838384
2023-04-17 20:00:00,997.0641606838384
2023-04-18 00:00:00,997.0641606838384
2023-04-18 04:00:00,997.0641606838384
2023-04-18 08:00:00,997.0641606838384
2023-04-18 12:00:00,997.0641606838384
2023-04-18 16:00:00,997.0641606838384
2023-04-18 20:00:00,997.0641606838384
2023-04-19 00:00:00,997.0641606838384
2023-04-19 04:00:00,997.0641606838384
2023-04-19 08:00:00,997.0641606838384
2023-04-19 12:00:00,997.0641606838384
2023-04-19 16:00:00,997.0641606838384
2023-04-19 20:00:00,997.0641606838384
2023-04-20 00:00:00,997.0641606838384
2023-04-20 04:00:00,997.0641606838384
2023-04-20 08:00:00,997.0641606838384
2023-04-20 12:00:00,997.0641606838384
2023-04-20 16:00:00,997.0641606838384
2023-04-20 20:00:00,997.0641606838384
2023-04-21 00:00:00,997.0641606838384
2023-04-21 04:00:00,997.0641606838384
2023-04-21 08:00:00,997.0641606838384
2023-04-21 12:00:00,997.0641606838384
2023-04-21 16:00:00,997.0641606838384
2023-04-21 20:00:00,997.0641606838384
2023-04-22 00:00:00,997.0641606838384
2023-04-22 04:00:00,997.0641606838384
2023-04-22 08:00:00,997.0641606838384
2023-04-22 12:00:00,997.0641606838384
2023-04-22 16:00:00,997.0641606838384
2023-04-22 20:00:00,997.0641606838384
2023-04-23 00:00:00,997.0641606838384
2023-04-23 04:00:00,997.0641606838384
2023-04-23 08:00:00,997.0641606838384
2023-04-23 12:00:00,997.0641606838384
2023-04-23 16:00:00,997.0641606838384
2023-04-23 20:00:00,997.0641606838384
2023-04-24 00:00:00,997.0641606838384
2023-04-24 04:00:00,997.0641606838384
2023-04-24 08:00:00,997.0641606838384
2023-04-24 12:00:00,997.0641606838384
2023-04-24 16:00:00,997.0641606838384
2023-04-24 20:00:00,997.0641606838384
2023-04-25 00:00:00,997.0641606838384
2023-04-25 04:00:00,997.0641606838384
2023-04-25 08:00:00,997.0641606838384
2023-04-25 12:00:00,997.0641606838384
2023-04-25 16:00:00,997.0641606838384
2023-04-25 20:00:00,997.0641606838384
2023-04-26 00:00:00,997.0641606838384
2023-04-26 04:00:00,997.0641606838384
2023-04-26 08:00:00,997.0641606838384
2023-04-26 12:00:00,997.0641606838384
2023-04-26 16:00:00,997.0641606838384
2023-04-26 20:00:00,997.0641606838384
2023-04-27 00:00:00,997.0641606838384
2023-04-27 04:00:00,997.0641606838384
2023-04-27 08:00:00,997.0641606838384
2023-04-27 12:00:00,997.0641606838384
2023-04-27 16:00:00,997.0641606838384
2023-04-27 20:00:00,997.0641606838384
2023-04-28 00:00:00,997.0641606838384
2023-04-28 04:00:00,997.0641606838384
2023-04-28 08:00:00,997.0641606838384
2023-04-28 12:00:00,997.0641606838384
2023-04-28 16:00:00,997.0641606838384
2023-04-28 20:00:00,997.0641606838384
2023-04-29 00:00:00,997.0641606838384
2023-04-29 04:00:00,997.0641606838384
2023-04-29 08:00:00,997.0641606838384
2023-04-29 12:00:00,997.0641606838384
2023-04-29 16:00:00,997.0641606838384
2023-04-29 20:00:00,997.0641606838384
2023-04-30 00:00:00,997.0641606838384
2023-04-30 04:00:00,997.0641606838384
2023-04-30 08:00:00,997.0641606838384
2023-04-30 12:00:00,997.0641606838384
2023-04-30 16:00:00,997.0641606838384
2023-04-30 20:00:00,997.0641606838384
2023-05-01 00:00:00,997.0641606838384
2023-05-01 04:00:00,997.0641606838384
2023-05-01 08:00:00,997.0641606838384
2023-05-01 12:00:00,997.0641606838384
2023-05-01 16:00:00,997.0641606838384
2023-05-01 20:00:00,997.0641606838384
2023-05-02 00:00:00,997.0641606838384
2023-05-02 04:00:00,997.0641606838384
2023-05-02 08:00:00,997.0641606838384
2023-05-02 12:00:00,997.0641606838384
2023-05-02 16:00:00,997.0641606838384
2023-05-02 20:00:00,997.0641606838384
2023-05-03 00:00:00,997.0641606838384
2023-05-03 04:00:00,997.0641606838384
2023-05-03 08:00:00,997.0641606838384
2023-05-03 12:00:00,997.0641606838384
2023-05-03 16:00:00,997.0641606838384
2023-05-03 20:00:00,997.0641606838384
2023-05-04 00:00:00,997.0641606838384
2023-05-04 04:00:00,997.0641606838384
2023-05-04 08:00:00,997.0641606838384
2023-05-04 12:00:00,997.0641606838384
2023-05-04 16:00:00,997.0641606838384
2023-05-04 20:00:00,997.0641606838384
2023-05-05 00:00:00,997.0641606838384
2023-05-05 04:00:00,997.0641606838384
2023-05-05 08:00:00,997.0641606838384
2023-05-05 12:00:00,997.0641606838384
2023-05-05 16:00:00,997.0641606838384
2023-05-05 20:00:00,997.0641606838384
2023-05-06 00:00:00,997.0641606838384
2023-05-06 04:00:00,997.0641606838384
2023-05-06 08:00:00,997.0641606838384
2023-05-06 12:00:00,997.0641606838384
2023-05-06 16:00:00,997.0641606838384
2023-05-06 20:00:00,997.0641606838384
2023-05-07 00:00:00,997.0641606838384
2023-05-07 04:00:00,997.0641606838384
2023-05-07 08:00:00,997.0641606838384
2023-05-07 12:00:00,997.0641606838384
2023-05-07 16:00:00,997.0641606838384
2023-05-07 20:00:00,997.0641606838384
2023-05-08 00:00:00,997.0641606838384
2023-05-08 04:00:00,997.0641606838384
2023-05-08 08:00:00,997.0641606838384
2023-05-08 12:00:00,997.0641606838384
2023-05-08 16:00:00,997.0641606838384
2023-05-08 20:00:00,997.0641606838384
2023-05-09 00:00:00,997.0641606838384
2023-05-09 04:00:00,997.0641606838384
2023-05-09 08:00:00,997.0641606838384
2023-05-09 12:00:00,997.0641606838384
2023-05-09 16:00:00,997.0641606838384
2023-05-09 20:00:00,997.0641606838384
2023-05-10 00:00:00,997.0641606838384
2023-05-10 04:00:00,997.0641606838384
2023-05-10 08:00:00,997.0641606838384
2023-05-10 12:00:00,997.0641606838384
2023-05-10 16:00:00,997.0641606838384
2023-05-10 20:00:00,997.0641606838384
2023-05-11 00:00:00,997.0641606838384
2023-05-11 04:00:00,997.0641606838384
2023-05-11 08:00:00,997.0641606838384
2023-05-11 12:00:00,997.0641606838384
2023-05-11 16:00:00,997.0641606838384
2023-05-11 20:00:00,997.0641606838384
2023-05-12 00:00:00,997.0641606838384
2023-05-12 04:00:00,997.0641606838384
2023-05-12 08:00:00,997.0641606838384
2023-05-12 12:00:00,997.0641606838384
2023-05-12 16:00:00,997.0641606838384
2023-05-12 20:00:00,997.0641606838384
2023-05-13 00:00:00,997.0641606838384
2023-05-13 04:00:00,997.0641606838384
2023-05-13 08:00:00,997.0641606838384
2023-05-13 12:00:00,997.0641606838384
2023-05-13 16:00:00,997.0641606838384
2023-05-13 20:00:00,997.0641606838384
2023-05-14 00:00:00,997.0641606838384
2023-05-14 04:00:00,997.0641606838384
2023-05-14 08:00:00,997.0641606838384
2023-05-14 12:00:00,997.0641606838384
2023-05-14 16:00:00,997.0641606838384
2023-05-14 20:00:00,997.0641606838384
2023-05-15 00:00:00,997.0641606838384
2023-05-15 04:00:00,997.0641606838384
2023-05-15 08:00:00,997.0641606838384
2023-05-15 12:00:00,997.0641606838384
2023-05-15 16:00:00,997.0641606838384
2023-05-15 20:00:00,997.0641606838384
2023-05-16 00:00:00,997.0641606838384
2023-05-16 04:00:00,997.0641606838384
2023-05-16 08:00:00,997.0641606838384
2023-05-16 12:00:00,997.0641606838384
2023-05-16 16:00:00,997.0641606838384
2023-05-16 20:00:00,997.0641606838384
2023-05-17 00:00:00,997.0641606838384
2023-05-17 04:00:00,997.0641606838384
2023-05-17 08:00:00,997.0641606838384
2023-05-17 12:00:00,997.0641606838384
2023-05-17 16:00:00,997.0641606838384
2023-05-17 20:00:00,997.0641606838384
2023-05-18 00:00:00,997.0641606838384
2023-05-18 04:00:00,997.0641606838384
2023-05-18 08:00:00,997.0641606838384
2023-05-18 12:00:00,997.0641606838384
2023-05-18 16:00:00,997.0641606838384
2023-05-18 20:00:00,997.0641606838384
2023-05-19 00:00:00,997.0641606838384
2023-05-19 04:00:00,997.0641606838384
2023-05-19 08:00:00,997.0641606838384
2023-05-19 12:00:00,997.0641606838384
2023-05-19 16:00:00,997.0641606838384
2023-05-19 20:00:00,997.0641606838384
2023-05-20 00:00:00,997.0641606838384
2023-05-20 04:00:00,997.0641606838384
2023-05-20 08:00:00,997.0641606838384
2023-05-20 12:00:00,997.0641606838384
2023-05-20 16:00:00,997.0641606838384
2023-05-20 20:00:00,997.0641606838384
2023-05-21 00:00:00,997.0641606838384
2023-05-21 04:00:00,997.0641606838384
2023-05-21 08:00:00,997.0641606838384
2023-05-21 12:00:00,997.0641606838384
2023-05-21 16:00:00,997.0641606838384
2023-05-21 20:00:00,997.0641606838384
2023-05-22 00:00:00,997.0641606838384
2023-05-22 04:00:00,997.0641606838384
2023-05-22 08:00:00,997.0641606838384
2023-05-22 12:00:00,997.0641606838384
2023-05-22 16:00:00,997.0641606838384
2023-05-22 20:00:00,997.0641606838384
2023-05-23 00:00:00,997.0641606838384
2023-05-23 04:00:00,997.0641606838384
2023-05-23 08:00:00,997.0641606838384
2023-05-23 12:00:00,997.0641606838384
2023-05-23 16:00:00,997.0641606838384
2023-05-23 20:00:00,997.0641606838384
2023-05-24 00:00:00,997.0641606838384
2023-05-24 04:00:00,997.0641606838384
2023-05-24 08:00:00,997.0641606838384
2023-05-24 12:00:00,997.0641606838384
2023-05-24 16:00:00,997.0641606838384
2023-05-24 20:00:00,997.0641606838384
2023-05-25 00:00:00,997.0641606838384
2023-05-25 04:00:00,997.0641606838384
2023-05-25 08:00:00,997.0641606838384
2023-05-25 12:00:00,997.0641606838384
2023-05-25 16:00:00,997.0641606838384
2023-05-25 20:00:00,997.0641606838384
2023-05-26 00:00:00,997.0641606838384
2023-05-26 04:00:00,997.0641606838384
2023-05-26 08:00:00,997.0641606838384
2023-05-26 12:00:00,997.0641606838384
2023-05-26 16:00:00,997.0641606838384
2023-05-26 20:00:00,997.0641606838384
2023-05-27 00:00:00,997.0641606838384
2023-05-27 04:00:00,997.0641606838384
2023-05-27 08:00:00,997.0641606838384
2023-05-27 12:00:00,997.0641606838384
2023-05-27 16:00:00,997.0641606838384
2023-05-27 20:00:00,997.0641606838384
2023-05-28 00:00:00,997.0641606838384
2023-05-28 04:00:00,997.0641606838384
2023-05-28 08:00:00,997.0641606838384
2023-05-28 12:00:00,997.0641606838384
2023-05-28 16:00:00,997.0641606838384
2023-05-28 20:00:00,997.0641606838384
2023-05-29 00:00:00,997.0641606838384
2023-05-29 04:00:00,997.0641606838384
2023-05-29 08:00:00,997.0641606838384
2023-05-29 12:00:00,997.0641606838384
2023-05-29 16:00:00,997.0641606838384
2023-05-29 20:00:00,997.0641606838384
2023-05-30 00:00:00,997.0641606838384
2023-05-30 04:00:00,997.0641606838384
2023-05-30 08:00:00,997.0641606838384
2023-05-30 12:00:00,997.0641606838384
2023-05-30 16:00:00,997.0641606838384
2023-05-30 20:00:00,997.0641606838384
2023-05-31 00:00:00,997.0641606838384
2023-05-31 04:00:00,997.0641606838384
2023-05-31 08:00:00,997.0641606838384
2023-05-31 12:00:00,997.0641606838384
2023-05-31 16:00:00,997.0641606838384
2023-05-31 20:00:00,997.0641606838384
2023-06-01 00:00:00,997.0641606838384
2023-06-01 04:00:00,997.0641606838384
2023-06-01 08:00:00,997.0641606838384
2023-06-01 12:00:00,997.0641606838384
2023-06-01 16:00:00,997.0641606838384
2023-06-01 20:00:00,997.0641606838384
2023-06-02 00:00:00,997.0641606838384
2023-06-02 04:00:00,997.0641606838384
2023-06-02 08:00:00,997.0641606838384
2023-06-02 12:00:00,997.0641606838384
2023-06-02 16:00:00,997.0641606838384
2023-06-02 20:00:00,997.0641606838384
2023-06-03 00:00:00,997.0641606838384
2023-06-03 04:00:00,997.0641606838384
2023-06-03 08:00:00,997.0641606838384
2023-06-03 12:00:00,997.0641606838384
2023-06-03 16:00:00,997.0641606838384
2023-06-03 20:00:00,997.0641606838384
2023-06-04 00:00:00,997.0641606838384
2023-06-04 04:00:00,997.0641606838384
2023-06-04 08:00:00,997.0641606838384
2023-06-04 12:00:00,997.0641606838384
2023-06-04 16:00:00,997.0641606838384
2023-06-04 20:00:00,997.0641606838384
2023-06-05 00:00:00,997.0641606838384
2023-06-05 04:00:00,997.0641606838384
2023-06-05 08:00:00,997.0641606838384
2023-06-05 12:00:00,997.0641606838384
2023-06-05 16:00:00,997.0641606838384
2023-06-05 20:00:00,997.0641606838384
2023-06-06 00:00:00,997.0641606838384
2023-06-06 04:00:00,997.0641606838384
2023-06-06 08:00:00,997.0641606838384
2023-06-06 12:00:00,997.0641606838384
2023-06-06 16:00:00,997.0641606838384
2023-06-06 20:00:00,997.0641606838384
2023-06-07 00:00:00,997.0641606838384
2023-06-07 04:00:00,997.0641606838384
2023-06-07 08:00:00,997.0641606838384
2023-06-07 12:00:00,997.0641606838384
2023-06-07 16:00:00,997.0641606838384
2023-06-07 20:00:00,997.0641606838384
2023-06-08 00:00:00,997.0641606838384
2023-06-08 04:00:00,997.0641606838384
2023-06-08 08:00:00,997.0641606838384
2023-06-08 12:00:00,997.0641606838384
2023-06-08 16:00:00,997.0641606838384
2023-06-08 20:00:00,997.0641606838384
2023-06-09 00:00:00,997.0641606838384
2023-06-09 04:00:00,997.0641606838384
2023-06-09 08:00:00,997.0641606838384
2023-06-09 12:00:00,997.0641606838384
2023-06-09 16:00:00,997.0641606838384
2023-06-09 20:00:00,997.0641606838384
2023-06-10 00:00:00,997.0641606838384
2023-06-10 04:00:00,997.0641606838384
2023-06-10 08:00:00,997.0641606838384
2023-06-10 12:00:00,997.0641606838384
2023-06-10 16:00:00,997.0641606838384
2023-06-10 20:00:00,997.0641606838384
2023-06-11 00:00:00,997.0641606838384
2023-06-11 04:00:00,997.0641606838384
2023-06-11 08:00:00,997.0641606838384
2023-06-11 12:00:00,997.0641606838384
2023-06-11 16:00:00,997.0641606838384
2023-06-11 20:00:00,997.0641606838384
2023-06-12 00:00:00,997.0641606838384
2023-06-12 04:00:00,997.0641606838384
2023-06-12 08:00:00,997.0641606838384
2023-06-12 12:00:00,997.0641606838384
2023-06-12 16:00:00,997.0641606838384
2023-06-12 20:00:00,997.0641606838384
2023-06-13 00:00:00,997.0641606838384
2023-06-13 04:00:00,997.0641606838384
2023-06-13 08:00:00,997.0641606838384
2023-06-13 12:00:00,997.0641606838384
2023-06-13 16:00:00,997.0641606838384
2023-06-13 20:00:00,997.0641606838384
2023-06-14 00:00:00,997.0641606838384
2023-06-14 04:00:00,997.0641606838384
2023-06-14 08:00:00,997.0641606838384
2023-06-14 12:00:00,997.0641606838384
2023-06-14 16:00:00,997.0641606838384
2023-06-14 20:00:00,997.0641606838384
2023-06-15 00:00:00,997.0641606838384
2023-06-15 04:00:00,997.0641606838384
2023-06-15 08:00:00,997.0641606838384
2023-06-15 12:00:00,997.0641606838384
2023-06-15 16:00:00,997.0641606838384
2023-06-15 20:00:00,997.0641606838384
2023-06-16 00:00:00,997.0641606838384
2023-06-16 04:00:00,997.0641606838384
2023-06-16 08:00:00,997.0641606838384
2023-06-16 12:00:00,997.0641606838384
2023-06-16 16:00:00,997.0641606838384
2023-06-16 20:00:00,997.0641606838384
2023-06-17 00:00:00,997.0641606838384
2023-06-17 04:00:00,997.0641606838384
2023-06-17 08:00:00,997.0641606838384
2023-06-17 12:00:00,997.0641606838384
2023-06-17 16:00:00,997.0641606838384
2023-06-17 20:00:00,997.0641606838384
2023-06-18 00:00:00,997.0641606838384
2023-06-18 04:00:00,997.0641606838384
2023-06-18 08:00:00,997.0641606838384
2023-06-18 12:00:00,997.0641606838384
2023-06-18 16:00:00,997.0641606838384
2023-06-18 20:00:00,997.0641606838384
2023-06-19 00:00:00,997.0641606838384
2023-06-19 04:00:00,997.0641606838384
2023-06-19 08:00:00,997.0641606838384
2023-06-19 12:00:00,997.0641606838384
2023-06-19 16:00:00,997.0641606838384
2023-06-19 20:00:00,997.0641606838384
2023-06-20 00:00:00,997.0641606838384
2023-06-20 04:00:00,997.0641606838384
2023-06-20 08:00:00,997.0641606838384
2023-06-20 12:00:00,997.0641606838384
2023-06-20 16:00:00,997.0641606838384
2023-06-20 20:00:00,997.0641606838384
2023-06-21 00:00:00,997.0641606838384
2023-06-21 04:00:00,997.0641606838384
2023-06-21 08:00:00,997.0641606838384
2023-06-21 12:00:00,997.0641606838384
2023-06-21 16:00:00,997.0641606838384
2023-06-21 20:00:00,997.0641606838384
2023-06-22 00:00:00,997.0641606838384
2023-06-22 04:00:00,997.0641606838384
2023-06-22 08:00:00,997.0641606838384
2023-06-22 12:00:00,997.0641606838384
2023-06-22 16:00:00,997.0641606838384
2023-06-22 20:00:00,997.0641606838384
2023-06-23 00:00:00,997.0641606838384
2023-06-23 04:00:00,997.0641606838384
2023-06-23 08:00:00,997.0641606838384
2023-06-23 12:00:00,978.4091498788607
2023-06-23 16:00:00,985.4353169072838
2023-06-23 20:00:00,989.3894442253049
2023-06-24 00:00:00,988.4793829703834
2023-06-24 04:00:00,991.5609569810829
2023-06-24 08:00:00,989.3598326877261
2023-06-24 12:00:00,994.9662838026437
2023-06-24 16:00:00,990.4001847079943
2023-06-24 20:00:00,992.3348051631419
2023-06-25 00:00:00,988.0352099067017
2023-06-25 04:00:00,988.5879586081724
2023-06-25 08:00:00,988.6669227083825
2023-06-25 12:00:00,991.3497280130209
2023-06-25 16:00:00,994.3918199736152
2023-06-25 20:00:00,993.6416610216191
2023-06-26 00:00:00,997.0568583557063
2023-06-26 04:00:00,994.873500984897
2023-06-26 08:00:00,996.4626535016253
2023-06-26 12:00:00,994.7767699621395
2023-06-26 16:00:00,998.0656247358903
2023-06-26 20:00:00,997.5484098795142
2023-06-27 00:00:00,995.5762814767668
2023-06-27 04:00:00,994.6978058619294
2023-06-27 08:00:00,988.467538355352
2023-06-27 12:00:00,993.0612748850749
2023-06-27 16:00:00,990.0803801021433
2023-06-27 20:00:00,989.1959821797901
2023-06-28 00:00:00,993.9614656274701
2023-06-28 04:00:00,999.2086300864316
2023-06-28 08:00:00,996.8732668227177
2023-06-28 12:00:00,994.7905886796763
2023-06-28 16:00:00,1001.0958720814532
2023-06-28 20:00:00,1001.3742205346939
2023-06-29 00:00:00,999.4790821296513
2023-06-29 04:00:00,996.0915222306378
2023-06-29 08:00:00,989.6421293459773
2023-06-29 12:00:00,993.4383284635782
2023-06-29 16:00:00,991.4010546781574
2023-06-29 20:00:00,993.99897357507
2023-06-30 00:00:00,988.1872157996061
2023-06-30 04:00:00,987.6976383783035
2023-06-30 08:00:00,984.9615323060233
2023-06-30 12:00:00,1001.656517192945
2023-06-30 16:00:00,995.570359169251
2023-06-30 20:00:00,993.5982307665037
2023-07-01 00:00:00,994.9603614951279
2023-07-01 04:00:00,993.8370971696392
2023-07-01 08:00:00,992.6447392564666
2023-07-01 12:00:00,991.5984649286827
2023-07-01 16:00:00,990.8285649516341
2023-07-01 20:00:00,991.3595985255471
2023-07-02 00:00:00,992.70988463914
2023-07-02 04:00:00,992.7197551516662
2023-07-02 08:00:00,992.0781718374591
2023-07-02 12:00:00,992.9823107848647
2023-07-02 16:00:00,991.7702118466398
2023-07-02 20:00:00,990.5877244459933
2023-07-03 00:00:00,987.9187378588917
2023-07-03 04:00:00,989.5986990908617
2023-07-03 08:00:00,990.451511373131
2023-07-03 12:00:00,981.599635739578
2023-07-03 16:00:00,977.9258309773028
2023-07-03 20:00:00,980.0006127103234
2023-07-04 00:00:00,979.1951788881803
2023-07-04 04:00:00,984.8707235907816
2023-07-04 08:00:00,981.826657527682
2023-07-04 12:00:00,983.7454851627876
2023-07-04 16:00:00,989.1545260271798
2023-07-04 20:00:00,987.756861453461
2023-07-05 00:00:00,985.7590697181453
2023-07-05 04:00:00,987.5633994079462
2023-07-05 08:00:00,994.8853455999283
2023-07-05 12:00:00,995.8723968525547
2023-07-05 16:00:00,994.3918199736152
2023-07-05 20:00:00,993.0415338600222
2023-07-06 00:00:00,993.2527628280844
2023-07-06 04:00:00,987.0422363465595
2023-07-06 08:00:00,986.2387766269217
2023-07-06 12:00:00,994.9781284176752
2023-07-06 16:00:00,996.867344515202
2023-07-06 20:00:00,1005.1625232422737
2023-07-07 00:00:00,1000.2726713367629
2023-07-07 04:00:00,1002.8232117735492
2023-07-07 08:00:00,1000.6299838902136
2023-07-07 12:00:00,995.2722696909578
2023-07-07 16:00:00,998.1840708862055
2023-07-07 20:00:00,996.2099683809529
2023-07-08 00:00:00,997.5503839820194
2023-07-08 04:00:00,999.2323193164948
2023-07-08 08:00:00,999.0250385534432
2023-07-08 12:00:00,998.7999908678444
2023-07-08 16:00:00,1000.7089479904237
2023-07-08 20:00:00,997.366792449031
2023-07-09 00:00:00,997.202941941095
2023-07-09 04:00:00,997.7477942325447
2023-07-09 08:00:00,997.6036847496613
2023-07-09 12:00:00,996.0342732579854
2023-07-09 16:00:00,998.1880190912161
2023-07-09 20:00:00,999.765326992913
2023-07-10 00:00:00,999.8225759655653
2023-07-10 04:00:00,1000.7089479904237
2023-07-10 08:00:00,998.3104134465418
2023-07-10 12:00:00,996.8081214400445
2023-07-10 16:00:00,986.4065753398681
2023-07-10 20:00:00,994.8478376523285
2023-07-11 00:00:00,993.5824379464616
2023-07-11 04:00:00,992.249918755416
2023-07-11 08:00:00,994.9583873926227
2023-07-11 12:00:00,991.124680327422
2023-07-11 16:00:00,991.5195008284726
2023-07-11 20:00:00,990.6726108537191
2023-07-12 00:00:00,991.2075926326427
2023-07-12 04:00:00,988.2563093872899
2023-07-12 08:00:00,987.5752440229777
2023-07-12 12:00:00,992.6111795138772
2023-07-12 16:00:00,997.390481679094
2023-07-12 20:00:00,995.4005863537993
2023-07-13 00:00:00,997.0825216882746
2023-07-13 04:00:00,995.6730124995241
2023-07-13 08:00:00,992.2084626028059
2023-07-13 12:00:00,984.6121161625935
2023-07-13 16:00:00,971.0855657966023
2023-07-13 20:00:00,974.2224146774488
2023-07-14 00:00:00,974.1493728847544
2023-07-14 04:00:00,981.0468870381072
2023-07-14 08:00:00,978.8674778723083
2023-07-14 12:00:00,978.2732730182272
2023-07-14 16:00:00,1000.710922092929
2023-07-14 20:00:00,996.8930078477704
2023-07-15 00:00:00,997.234527581179
2023-07-15 04:00:00,996.413300938994
2023-07-15 08:00:00,996.7903545174972
2023-07-15 12:00:00,996.9482827179173
2023-07-15 16:00:00,996.5692550369089
2023-07-15 20:00:00,997.2266311711579
2023-07-16 00:00:00,999.2461380340316
2023-07-16 04:00:00,997.6885711573872
2023-07-16 08:00:00,996.8870855402546
2023-07-16 12:00:00,995.4578353264516
2023-07-16 16:00:00,997.9550749955962
2023-07-16 20:00:00,998.4031962642887
2023-07-17 00:00:00,996.8416811826337
2023-07-17 04:00:00,997.4457565492411
2023-07-17 08:00:00,999.82060186306
2023-07-17 12:00:00,999.4573670020935
2023-07-17 16:00:00,1005.2493837525049
2023-07-17 20:00:00,1000.1937072365528
2023-07-18 00:00:00,1001.4235730973252
2023-07-18 04:00:00,1003.6325938007028
2023-07-18 08:00:00,1005.2118758049049
2023-07-18 12:00:00,1004.7538840236864
2023-07-18 16:00:00,1008.4454557085089
2023-07-18 20:00:00,1005.7310647637865
2023-07-19 00:00:00,1001.7354812931551
2023-07-19 04:00:00,1002.9989068965168
2023-07-19 08:00:00,1002.5902676779294
2023-07-19 12:00:00,1003.8714602038385
2023-07-19 16:00:00,1002.0434412839744
2023-07-19 20:00:00,1004.7459876136654
2023-07-20 00:00:00,1003.9267350739856
2023-07-20 04:00:00,998.8236800979075
2023-07-20 08:00:00,997.2740096312841
2023-07-20 12:00:00,1006.7733908865599
2023-07-20 16:00:00,1007.7288564991021
2023-07-20 20:00:00,1006.8089247316544
2023-07-21 00:00:00,1004.9670870942537
2023-07-21 04:00:00,1007.4643267633983
2023-07-21 08:00:00,1007.3261395880306
2023-07-21 12:00:00,1005.6047222034504
2023-07-21 16:00:00,1005.3461147752622
2023-07-21 20:00:00,1004.8269258163807
2023-07-22 00:00:00,1004.921682736633
2023-07-22 04:00:00,1004.0056991741956
2023-07-22 08:00:00,1005.1684455497896
2023-07-22 12:00:00,1004.9749835042747
2023-07-22 16:00:00,1006.2245903900997
2023-07-22 20:00:00,1006.9569824195484
2023-07-23 00:00:00,1005.9896721919746
2023-07-23 04:00:00,1004.6393860783817
2023-07-23 08:00:00,1005.0223619644007
2023-07-23 12:00:00,1004.9335273516643
2023-07-23 16:00:00,1001.0425713138114
2023-07-23 20:00:00,1001.2853859219575
2023-07-24 00:00:00,1008.4948082711403
2023-07-24 04:00:00,1006.3075026953203
2023-07-24 08:00:00,1017.2993054445672
2023-07-24 12:00:00,1020.7302955986962
2023-07-24 16:00:00,1020.3394664735242
2023-07-24 20:00:00,1020.3394664735242
2023-07-25 00:00:00,1020.3394664735242
2023-07-25 04:00:00,1020.3394664735242
2023-07-25 08:00:00,1020.3394664735242
2023-07-25 12:00:00,1020.3394664735242
2023-07-25 16:00:00,1020.3394664735242
2023-07-25 20:00:00,1020.3394664735242
2023-07-26 00:00:00,1020.3394664735242
2023-07-26 04:00:00,1020.3394664735242
2023-07-26 08:00:00,1020.3394664735242
2023-07-26 12:00:00,1020.3394664735242
2023-07-26 16:00:00,1020.3394664735242
2023-07-26 20:00:00,1020.3394664735242
2023-07-27 00:00:00,1020.3394664735242
2023-07-27 04:00:00,1020.3394664735242
2023-07-27 08:00:00,1020.3394664735242
2023-07-27 12:00:00,1020.3394664735242
2023-07-27 16:00:00,1020.3394664735242
2023-07-27 20:00:00,1020.3394664735242
2023-07-28 00:00:00,1020.3394664735242
2023-07-28 04:00:00,1020.3394664735242
2023-07-28 08:00:00,1020.3394664735242
2023-07-28 12:00:00,1020.3394664735242
2023-07-28 16:00:00,1020.3394664735242
2023-07-28 20:00:00,1020.3394664735242
2023-07-29 00:00:00,1020.3394664735242
2023-07-29 04:00:00,1020.3394664735242
2023-07-29 08:00:00,1020.3394664735242
2023-07-29 12:00:00,1020.3394664735242
2023-07-29 16:00:00,1020.3394664735242
2023-07-29 20:00:00,1020.3394664735242
2023-07-30 00:00:00,1020.3394664735242
2023-07-30 04:00:00,1020.3394664735242
2023-07-30 08:00:00,1020.3394664735242
2023-07-30 12:00:00,1020.3394664735242
2023-07-30 16:00:00,1020.3394664735242
2023-07-30 20:00:00,1020.3394664735242
2023-07-31 00:00:00,1020.3394664735242
2023-07-31 04:00:00,1020.3394664735242
2023-07-31 08:00:00,1020.3394664735242
2023-07-31 12:00:00,1020.3394664735242
2023-07-31 16:00:00,1020.3394664735242
2023-07-31 20:00:00,1020.3394664735242
2023-08-01 00:00:00,1020.3394664735242
2023-08-01 04:00:00,1020.3394664735242
2023-08-01 08:00:00,1020.3394664735242
2023-08-01 12:00:00,1020.3394664735242
2023-08-01 16:00:00,1020.3394664735242
2023-08-01 20:00:00,1020.3394664735242
2023-08-02 00:00:00,1020.3394664735242
2023-08-02 04:00:00,1020.3394664735242
2023-08-02 08:00:00,1020.3394664735242
2023-08-02 12:00:00,1020.3394664735242
2023-08-02 16:00:00,1020.3394664735242
2023-08-02 20:00:00,1020.3394664735242
2023-08-03 00:00:00,1020.3394664735242
2023-08-03 04:00:00,1020.3394664735242
2023-08-03 08:00:00,1020.3394664735242
2023-08-03 12:00:00,1020.3394664735242
2023-08-03 16:00:00,1020.3394664735242
2023-08-03 20:00:00,1020.3394664735242
2023-08-04 00:00:00,1020.3394664735242
2023-08-04 04:00:00,1020.3394664735242
2023-08-04 08:00:00,1020.3394664735242
2023-08-04 12:00:00,1020.3394664735242
2023-08-04 16:00:00,1020.3394664735242
2023-08-04 20:00:00,1020.3394664735242
2023-08-05 00:00:00,1020.3394664735242
2023-08-05 04:00:00,1020.3394664735242
2023-08-05 08:00:00,1020.3394664735242
2023-08-05 12:00:00,1020.3394664735242
2023-08-05 16:00:00,1020.3394664735242
2023-08-05 20:00:00,1020.3394664735242
2023-08-06 00:00:00,1020.3394664735242
2023-08-06 04:00:00,1020.3394664735242
2023-08-06 08:00:00,1020.3394664735242
2023-08-06 12:00:00,1020.3394664735242
2023-08-06 16:00:00,1020.3394664735242
2023-08-06 20:00:00,1020.3394664735242
2023-08-07 00:00:00,1020.3394664735242
2023-08-07 04:00:00,1020.3394664735242
2023-08-07 08:00:00,1020.3394664735242
2023-08-07 12:00:00,1020.3394664735242
2023-08-07 16:00:00,1020.3394664735242
2023-08-07 20:00:00,1020.3394664735242
2023-08-08 00:00:00,1020.3394664735242
2023-08-08 04:00:00,1020.3394664735242
2023-08-08 08:00:00,1020.3394664735242
2023-08-08 12:00:00,1020.3394664735242
2023-08-08 16:00:00,1020.3394664735242
2023-08-08 20:00:00,1020.3394664735242
2023-08-09 00:00:00,1020.3394664735242
2023-08-09 04:00:00,1020.3394664735242
2023-08-09 08:00:00,1020.3394664735242
2023-08-09 12:00:00,1020.3394664735242
2023-08-09 16:00:00,1020.3394664735242
2023-08-09 20:00:00,1020.3394664735242
2023-08-10 00:00:00,1020.3394664735242
2023-08-10 04:00:00,1020.3394664735242
2023-08-10 08:00:00,1020.3394664735242
2023-08-10 12:00:00,1020.3394664735242
2023-08-10 16:00:00,1020.3394664735242
2023-08-10 20:00:00,1020.3394664735242
2023-08-11 00:00:00,1020.3394664735242
2023-08-11 04:00:00,1020.3394664735242
2023-08-11 08:00:00,1020.3394664735242
2023-08-11 12:00:00,1020.3394664735242
2023-08-11 16:00:00,1020.3394664735242
2023-08-11 20:00:00,1020.3394664735242
2023-08-12 00:00:00,1020.3394664735242
2023-08-12 04:00:00,1020.3394664735242
2023-08-12 08:00:00,1020.3394664735242
2023-08-12 12:00:00,1020.3394664735242
2023-08-12 16:00:00,1020.3394664735242
2023-08-12 20:00:00,1020.3394664735242
2023-08-13 00:00:00,1020.3394664735242
2023-08-13 04:00:00,1020.3394664735242
2023-08-13 08:00:00,1020.3394664735242
2023-08-13 12:00:00,1020.3394664735242
2023-08-13 16:00:00,1020.3394664735242
2023-08-13 20:00:00,1020.3394664735242
2023-08-14 00:00:00,1020.3394664735242
2023-08-14 04:00:00,1020.3394664735242
2023-08-14 08:00:00,1020.3394664735242
2023-08-14 12:00:00,1020.3394664735242
2023-08-14 16:00:00,1020.3394664735242
2023-08-14 20:00:00,1020.3394664735242
2023-08-15 00:00:00,1020.3394664735242
2023-08-15 04:00:00,1020.3394664735242
2023-08-15 08:00:00,1020.3394664735242
2023-08-15 12:00:00,1020.3394664735242
2023-08-15 16:00:00,1020.3394664735242
2023-08-15 20:00:00,1020.3394664735242
2023-08-16 00:00:00,1020.3394664735242
2023-08-16 04:00:00,1020.3394664735242
2023-08-16 08:00:00,1020.3394664735242
2023-08-16 12:00:00,1020.3394664735242
2023-08-16 16:00:00,1020.3394664735242
2023-08-16 20:00:00,1020.3394664735242
2023-08-17 00:00:00,1020.3394664735242
2023-08-17 04:00:00,1020.3394664735242
2023-08-17 08:00:00,1020.3394664735242
2023-08-17 12:00:00,1020.3394664735242
2023-08-17 16:00:00,1020.3394664735242
2023-08-17 20:00:00,1020.3394664735242
2023-08-18 00:00:00,1020.3394664735242
2023-08-18 04:00:00,1020.3394664735242
2023-08-18 08:00:00,1020.3394664735242
2023-08-18 12:00:00,1020.3394664735242
2023-08-18 16:00:00,1020.3394664735242
2023-08-18 20:00:00,1020.3394664735242
2023-08-19 00:00:00,1020.3394664735242
2023-08-19 04:00:00,1020.3394664735242
2023-08-19 08:00:00,1020.3394664735242
2023-08-19 12:00:00,1020.3394664735242
2023-08-19 16:00:00,1020.3394664735242
2023-08-19 20:00:00,1020.3394664735242
2023-08-20 00:00:00,1020.0567447078552
2023-08-20 04:00:00,1019.718435866186
2023-08-20 08:00:00,1021.4842906871518
2023-08-20 12:00:00,1020.1369219477882
2023-08-20 16:00:00,1020.6668739483216
2023-08-20 20:00:00,1021.7189557796389
2023-08-21 00:00:00,1019.7790576817453
2023-08-21 04:00:00,1018.5138217247522
2023-08-21 08:00:00,1018.6839539168054
2023-08-21 12:00:00,1016.814455346658
2023-08-21 16:00:00,1019.9648342132976
2023-08-21 20:00:00,1020.5358526050163
2023-08-22 00:00:00,1019.1043955408448
2023-08-22 04:00:00,1020.0704335049168
2023-08-22 08:00:00,1019.0418181828483
2023-08-22 12:00:00,1016.7733889554727
2023-08-22 16:00:00,1013.7266538380148
2023-08-22 20:00:00,1019.1474174744675
2023-08-23 00:00:00,1018.124668779711
2023-08-23 04:00:00,1019.165017356404
2023-08-23 08:00:00,1016.8731216197797
2023-08-23 12:00:00,1020.9054501256835
2023-08-23 16:00:00,1030.309653707105
2023-08-23 20:00:00,1026.4767905298154
2023-08-24 00:00:00,1026.6879891130538
2023-08-24 04:00:00,1027.2883406413332
2023-08-24 08:00:00,1026.7622997256747
2023-08-24 12:00:00,1018.0308027427162
2023-08-24 16:00:00,1018.7856421235499
2023-08-24 20:00:00,1021.4979794842135
2023-08-25 00:00:00,1020.140833032663
2023-08-25 04:00:00,1017.6788051039855
2023-08-25 08:00:00,1019.9941673498586
2023-08-25 12:00:00,1016.6638785789787
2023-08-25 16:00:00,1017.5340949636185
2023-08-25 20:00:00,1019.2901720723971
2023-08-26 00:00:00,1019.7731910544331
2023-08-26 04:00:00,1019.05550697991
2023-08-26 08:00:00,1018.9811963672892
2023-08-26 12:00:00,1019.065284692097
2023-08-26 16:00:00,1018.7289313928654
2023-08-26 20:00:00,1018.363244957073
2023-08-27 00:00:00,1018.4668887062547
2023-08-27 04:00:00,1018.836486226922
2023-08-27 08:00:00,1019.2373724265875
2023-08-27 12:00:00,1020.4458976528962
2023-08-27 16:00:00,1020.4713197045824
2023-08-27 20:00:00,1019.9941673498586
2023-08-28 00:00:00,1018.318267481013
2023-08-28 04:00:00,1016.7733889554727
2023-08-28 08:00:00,1018.1383575767728
2023-08-28 12:00:00,1020.1036777263525
2023-08-28 16:00:00,1017.9193368237848
2023-08-28 20:00:00,1020.3618093280883
2023-08-29 00:00:00,1019.6147921170043
2023-08-29 04:00:00,1018.1227132372737
2023-08-29 08:00:00,1017.5399615909306
2023-08-29 12:00:00,1045.879682593626
2023-08-29 16:00:00,1045.548072267022
2023-08-29 20:00:00,1045.548072267022
2023-08-30 00:00:00,1045.548072267022
2023-08-30 04:00:00,1045.548072267022
2023-08-30 08:00:00,1045.548072267022
2023-08-30 12:00:00,1045.548072267022
2023-08-30 16:00:00,1045.548072267022
2023-08-30 20:00:00,1045.548072267022
2023-08-31 00:00:00,1045.548072267022
2023-08-31 04:00:00,1045.548072267022
2023-08-31 08:00:00,1045.548072267022
2023-08-31 12:00:00,1045.548072267022
2023-08-31 16:00:00,1045.548072267022
2023-08-31 20:00:00,1045.548072267022
2023-09-01 00:00:00,1045.548072267022
2023-09-01 04:00:00,1045.548072267022
2023-09-01 08:00:00,1045.548072267022
2023-09-01 12:00:00,1045.548072267022
2023-09-01 16:00:00,1045.548072267022
2023-09-01 20:00:00,1045.548072267022
2023-09-02 00:00:00,1045.548072267022
2023-09-02 04:00:00,1045.548072267022
2023-09-02 08:00:00,1045.548072267022
2023-09-02 12:00:00,1045.548072267022
2023-09-02 16:00:00,1045.548072267022
2023-09-02 20:00:00,1045.548072267022
2023-09-03 00:00:00,1045.548072267022
2023-09-03 04:00:00,1045.548072267022
2023-09-03 08:00:00,1045.548072267022
2023-09-03 12:00:00,1045.548072267022
2023-09-03 16:00:00,1045.548072267022
2023-09-03 20:00:00,1045.548072267022
2023-09-04 00:00:00,1045.548072267022
2023-09-04 04:00:00,1045.548072267022
2023-09-04 08:00:00,1045.548072267022
2023-09-04 12:00:00,1045.548072267022
2023-09-04 16:00:00,1045.548072267022
2023-09-04 20:00:00,1045.548072267022
2023-09-05 00:00:00,1045.548072267022
2023-09-05 04:00:00,1045.548072267022
2023-09-05 08:00:00,1045.548072267022
2023-09-05 12:00:00,1045.548072267022
2023-09-05 16:00:00,1045.548072267022
2023-09-05 20:00:00,1045.548072267022
2023-09-06 00:00:00,1045.548072267022
2023-09-06 04:00:00,1045.548072267022
2023-09-06 08:00:00,1045.548072267022
2023-09-06 12:00:00,1045.548072267022
2023-09-06 16:00:00,1045.548072267022
2023-09-06 20:00:00,1045.548072267022
2023-09-07 00:00:00,1045.548072267022
2023-09-07 04:00:00,1045.548072267022
2023-09-07 08:00:00,1045.548072267022
2023-09-07 12:00:00,1045.548072267022
2023-09-07 16:00:00,1045.548072267022
2023-09-07 20:00:00,1045.548072267022
2023-09-08 00:00:00,1045.548072267022
2023-09-08 04:00:00,1045.548072267022
2023-09-08 08:00:00,1045.548072267022
2023-09-08 12:00:00,1045.548072267022
2023-09-08 16:00:00,1045.548072267022
2023-09-08 20:00:00,1045.548072267022
2023-09-09 00:00:00,1045.548072267022
2023-09-09 04:00:00,1045.548072267022
2023-09-09 08:00:00,1045.548072267022
2023-09-09 12:00:00,1045.548072267022
2023-09-09 16:00:00,1045.548072267022
2023-09-09 20:00:00,1045.548072267022
2023-09-10 00:00:00,1045.548072267022
2023-09-10 04:00:00,1045.548072267022
2023-09-10 08:00:00,1045.548072267022
2023-09-10 12:00:00,1045.548072267022
2023-09-10 16:00:00,1045.548072267022
2023-09-10 20:00:00,1045.548072267022
2023-09-11 00:00:00,1045.548072267022
2023-09-11 04:00:00,1045.548072267022
2023-09-11 08:00:00,1045.548072267022
2023-09-11 12:00:00,1045.548072267022
2023-09-11 16:00:00,1045.548072267022
2023-09-11 20:00:00,1045.548072267022
2023-09-12 00:00:00,1045.548072267022
2023-09-12 04:00:00,1045.548072267022
2023-09-12 08:00:00,1045.548072267022
2023-09-12 12:00:00,1045.548072267022
2023-09-12 16:00:00,1045.548072267022
2023-09-12 20:00:00,1045.548072267022
2023-09-13 00:00:00,1045.548072267022
2023-09-13 04:00:00,1045.548072267022
2023-09-13 08:00:00,1045.548072267022
2023-09-13 12:00:00,1045.548072267022
2023-09-13 16:00:00,1045.548072267022
2023-09-13 20:00:00,1045.548072267022
2023-09-14 00:00:00,1045.548072267022
2023-09-14 04:00:00,1045.548072267022
2023-09-14 08:00:00,1045.548072267022
2023-09-14 12:00:00,1045.548072267022
2023-09-14 16:00:00,1045.548072267022
2023-09-14 20:00:00,1045.548072267022
2023-09-15 00:00:00,1045.548072267022
2023-09-15 04:00:00,1045.548072267022
2023-09-15 08:00:00,1045.548072267022
2023-09-15 12:00:00,1045.548072267022
2023-09-15 16:00:00,1045.548072267022
2023-09-15 20:00:00,1045.548072267022
2023-09-16 00:00:00,1045.548072267022
2023-09-16 04:00:00,1045.548072267022
2023-09-16 08:00:00,1045.548072267022
2023-09-16 12:00:00,1045.548072267022
2023-09-16 16:00:00,1045.548072267022
2023-09-16 20:00:00,1045.548072267022
2023-09-17 00:00:00,1045.548072267022
2023-09-17 04:00:00,1045.548072267022
2023-09-17 08:00:00,1045.548072267022
2023-09-17 12:00:00,1045.548072267022
2023-09-17 16:00:00,1045.548072267022
2023-09-17 20:00:00,1045.548072267022
2023-09-18 00:00:00,1045.548072267022
2023-09-18 04:00:00,1045.548072267022
2023-09-18 08:00:00,1045.548072267022
2023-09-18 12:00:00,1045.548072267022
2023-09-18 16:00:00,1045.548072267022
2023-09-18 20:00:00,1045.548072267022
2023-09-19 00:00:00,1045.548072267022
2023-09-19 04:00:00,1045.548072267022
2023-09-19 08:00:00,1045.548072267022
2023-09-19 12:00:00,1045.548072267022
2023-09-19 16:00:00,1045.548072267022
2023-09-19 20:00:00,1045.548072267022
2023-09-20 00:00:00,1045.548072267022
2023-09-20 04:00:00,1045.548072267022
2023-09-20 08:00:00,1045.548072267022
2023-09-20 12:00:00,1045.548072267022
2023-09-20 16:00:00,1045.548072267022
2023-09-20 20:00:00,1045.548072267022
2023-09-21 00:00:00,1045.548072267022
2023-09-21 04:00:00,1045.548072267022
2023-09-21 08:00:00,1045.548072267022
2023-09-21 12:00:00,1045.548072267022
2023-09-21 16:00:00,1045.548072267022
2023-09-21 20:00:00,1045.548072267022
2023-09-22 00:00:00,1045.548072267022
2023-09-22 04:00:00,1045.548072267022
2023-09-22 08:00:00,1045.548072267022
2023-09-22 12:00:00,1045.548072267022
2023-09-22 16:00:00,1045.548072267022
2023-09-22 20:00:00,1045.548072267022
2023-09-23 00:00:00,1045.548072267022
2023-09-23 04:00:00,1045.548072267022
2023-09-23 08:00:00,1045.548072267022
2023-09-23 12:00:00,1045.548072267022
2023-09-23 16:00:00,1045.548072267022
2023-09-23 20:00:00,1045.548072267022
2023-09-24 00:00:00,1045.548072267022
2023-09-24 04:00:00,1045.548072267022
2023-09-24 08:00:00,1045.548072267022
2023-09-24 12:00:00,1045.548072267022
2023-09-24 16:00:00,1045.548072267022
2023-09-24 20:00:00,1045.548072267022
2023-09-25 00:00:00,1045.548072267022
2023-09-25 04:00:00,1045.548072267022
2023-09-25 08:00:00,1045.548072267022
2023-09-25 12:00:00,1045.548072267022
2023-09-25 16:00:00,1045.548072267022
2023-09-25 20:00:00,1045.548072267022
2023-09-26 00:00:00,1045.548072267022
2023-09-26 04:00:00,1045.548072267022
2023-09-26 08:00:00,1045.548072267022
2023-09-26 12:00:00,1045.548072267022
2023-09-26 16:00:00,1045.548072267022
2023-09-26 20:00:00,1045.548072267022
2023-09-27 00:00:00,1045.548072267022
2023-09-27 04:00:00,1045.548072267022
2023-09-27 08:00:00,1045.548072267022
2023-09-27 12:00:00,1045.548072267022
2023-09-27 16:00:00,1045.548072267022
2023-09-27 20:00:00,1045.548072267022
2023-09-28 00:00:00,1045.548072267022
2023-09-28 04:00:00,1045.548072267022
2023-09-28 08:00:00,1045.548072267022
2023-09-28 12:00:00,1045.548072267022
2023-09-28 16:00:00,1045.548072267022
2023-09-28 20:00:00,1045.548072267022
2023-09-29 00:00:00,1045.548072267022
2023-09-29 04:00:00,1045.548072267022
2023-09-29 08:00:00,1045.548072267022
2023-09-29 12:00:00,1045.548072267022
2023-09-29 16:00:00,1045.548072267022
2023-09-29 20:00:00,1045.548072267022
2023-09-30 00:00:00,1045.548072267022
2023-09-30 04:00:00,1045.548072267022
2023-09-30 08:00:00,1045.548072267022
2023-09-30 12:00:00,1045.548072267022
2023-09-30 16:00:00,1045.548072267022
2023-09-30 20:00:00,1045.548072267022
2023-10-01 00:00:00,1045.548072267022
2023-10-01 04:00:00,1045.548072267022
2023-10-01 08:00:00,1045.548072267022
2023-10-01 12:00:00,1045.548072267022
2023-10-01 16:00:00,1045.548072267022
2023-10-01 20:00:00,1045.548072267022
2023-10-02 00:00:00,1045.548072267022
2023-10-02 04:00:00,1045.548072267022
2023-10-02 08:00:00,1045.548072267022
2023-10-02 12:00:00,1045.548072267022
2023-10-02 16:00:00,1045.548072267022
2023-10-02 20:00:00,1045.548072267022
2023-10-03 00:00:00,1045.548072267022
2023-10-03 04:00:00,1045.548072267022
2023-10-03 08:00:00,1045.548072267022
2023-10-03 12:00:00,1045.548072267022
2023-10-03 16:00:00,1045.548072267022
2023-10-03 20:00:00,1045.548072267022
2023-10-04 00:00:00,1045.548072267022
2023-10-04 04:00:00,1045.548072267022
2023-10-04 08:00:00,1045.548072267022
2023-10-04 12:00:00,1045.548072267022
2023-10-04 16:00:00,1045.548072267022
2023-10-04 20:00:00,1045.548072267022
2023-10-05 00:00:00,1045.548072267022
2023-10-05 04:00:00,1045.548072267022
2023-10-05 08:00:00,1045.548072267022
2023-10-05 12:00:00,1045.548072267022
2023-10-05 16:00:00,1045.548072267022
2023-10-05 20:00:00,1045.548072267022
2023-10-06 00:00:00,1045.548072267022
2023-10-06 04:00:00,1045.548072267022
2023-10-06 08:00:00,1045.548072267022
2023-10-06 12:00:00,1045.548072267022
2023-10-06 16:00:00,1045.548072267022
2023-10-06 20:00:00,1045.548072267022
2023-10-07 00:00:00,1045.548072267022
2023-10-07 04:00:00,1045.548072267022
2023-10-07 08:00:00,1045.548072267022
2023-10-07 12:00:00,1045.548072267022
2023-10-07 16:00:00,1045.548072267022
2023-10-07 20:00:00,1045.548072267022
2023-10-08 00:00:00,1045.548072267022
2023-10-08 04:00:00,1045.548072267022
2023-10-08 08:00:00,1045.548072267022
2023-10-08 12:00:00,1045.548072267022
2023-10-08 16:00:00,1045.548072267022
2023-10-08 20:00:00,1045.548072267022
2023-10-09 00:00:00,1045.548072267022
2023-10-09 04:00:00,1045.548072267022
2023-10-09 08:00:00,1045.548072267022
2023-10-09 12:00:00,1045.548072267022
2023-10-09 16:00:00,1045.548072267022
2023-10-09 20:00:00,1045.548072267022
2023-10-10 00:00:00,1045.548072267022
2023-10-10 04:00:00,1045.548072267022
2023-10-10 08:00:00,1045.548072267022
2023-10-10 12:00:00,1045.548072267022
2023-10-10 16:00:00,1045.548072267022
2023-10-10 20:00:00,1045.548072267022
2023-10-11 00:00:00,1045.548072267022
2023-10-11 04:00:00,1045.548072267022
2023-10-11 08:00:00,1045.548072267022
2023-10-11 12:00:00,1045.548072267022
2023-10-11 16:00:00,1045.548072267022
2023-10-11 20:00:00,1045.548072267022
2023-10-12 00:00:00,1045.548072267022
2023-10-12 04:00:00,1045.548072267022
2023-10-12 08:00:00,1045.548072267022
2023-10-12 12:00:00,1045.548072267022
2023-10-12 16:00:00,1045.548072267022
2023-10-12 20:00:00,1045.548072267022
2023-10-13 00:00:00,1045.548072267022
2023-10-13 04:00:00,1045.548072267022
2023-10-13 08:00:00,1045.548072267022
2023-10-13 12:00:00,1045.548072267022
2023-10-13 16:00:00,1045.548072267022
2023-10-13 20:00:00,1045.548072267022
2023-10-14 00:00:00,1045.548072267022
2023-10-14 04:00:00,1045.548072267022
2023-10-14 08:00:00,1045.548072267022
2023-10-14 12:00:00,1045.548072267022
2023-10-14 16:00:00,1045.548072267022
2023-10-14 20:00:00,1045.548072267022
2023-10-15 00:00:00,1045.548072267022
2023-10-15 04:00:00,1045.548072267022
2023-10-15 08:00:00,1045.548072267022
2023-10-15 12:00:00,1045.548072267022
2023-10-15 16:00:00,1045.548072267022
2023-10-15 20:00:00,1045.548072267022
2023-10-16 00:00:00,1045.548072267022
2023-10-16 04:00:00,1045.548072267022
2023-10-16 08:00:00,1045.548072267022
2023-10-16 12:00:00,1045.548072267022
2023-10-16 16:00:00,1045.548072267022
2023-10-16 20:00:00,1045.548072267022
2023-10-17 00:00:00,1045.548072267022
2023-10-17 04:00:00,1045.548072267022
2023-10-17 08:00:00,1045.548072267022
2023-10-17 12:00:00,1045.548072267022
2023-10-17 16:00:00,1045.548072267022
2023-10-17 20:00:00,1045.548072267022
2023-10-18 00:00:00,1045.548072267022
2023-10-18 04:00:00,1045.548072267022
2023-10-18 08:00:00,1045.548072267022
2023-10-18 12:00:00,1045.548072267022
2023-10-18 16:00:00,1045.548072267022
2023-10-18 20:00:00,1045.548072267022
2023-10-19 00:00:00,1045.548072267022
2023-10-19 04:00:00,1045.548072267022
2023-10-19 08:00:00,1045.548072267022
2023-10-19 12:00:00,1045.548072267022
2023-10-19 16:00:00,1045.548072267022
2023-10-19 20:00:00,1045.548072267022
2023-10-20 00:00:00,1035.629756121303
2023-10-20 04:00:00,1035.4379225464752
2023-10-20 08:00:00,1020.1115951970887
2023-10-20 12:00:00,1028.4526285717245
2023-10-20 16:00:00,1028.1320934295795
2023-10-20 20:00:00,1025.151982918827
2023-10-21 00:00:00,1026.942359388465
2023-10-21 04:00:00,1024.3434258035065
2023-10-21 08:00:00,1021.0601063745086
2023-10-21 12:00:00,1017.5428829228645
2023-10-21 16:00:00,1011.4151750703285
2023-10-21 20:00:00,1018.1521884633381
2023-10-22 00:00:00,1018.1030974956223
2023-10-22 04:00:00,1020.8926195434778
2023-10-22 08:00:00,1018.1377499434217
2023-10-22 12:00:00,1020.4652393539513
2023-10-22 16:00:00,1020.0407468684081
2023-10-22 20:00:00,1015.6658753337276
2023-10-23 00:00:00,994.2246732578182
2023-10-23 04:00:00,1000.4621138617191
2023-10-23 08:00:00,996.5232856285149
2023-10-23 12:00:00,990.1789999772325
2023-10-23 16:00:00,976.4393044247506
2023-10-23 20:00:00,926.3636296505625
2023-10-24 00:00:00,897.5703332332033
2023-10-24 04:00:00,898.8755754336491
2023-10-24 08:00:00,883.7411188572395
2023-10-24 12:00:00,909.0374057508378
2023-10-24 16:00:00,905.6299150505585
2023-10-24 20:00:00,902.0202850714492
2023-10-25 00:00:00,899.5195334219222
2023-10-25 04:00:00,903.8568648048199
2023-10-25 08:00:00,893.9780294779936
2023-10-25 12:00:00,875.3263494499398
2023-10-25 16:00:00,878.482609903673
2023-10-25 20:00:00,885.5401584388278
2023-10-26 00:00:00,877.0041054642297
2023-10-26 04:00:00,880.8909550257349
2023-10-26 08:00:00,896.6145032147352
2023-10-26 12:00:00,898.1796387736767
2023-10-26 16:00:00,898.1189969900279
2023-10-26 20:00:00,895.1764266310579
2023-10-27 00:00:00,896.0427378260441
2023-10-27 04:00:00,900.9518345976328
2023-10-27 08:00:00,898.0265904625626
2023-10-27 12:00:00,899.3087310311423
2023-10-27 16:00:00,908.1277789961022
2023-10-27 20:00:00,902.7104463234549
2023-10-28 00:00:00,897.6454135367686
2023-10-28 04:00:00,897.9717240868803
2023-10-28 08:00:00,894.3534309958209
2023-10-28 12:00:00,893.850970502729
2023-10-28 16:00:00,896.2073369530915
2023-10-28 20:00:00,897.1227391157937
2023-10-29 00:00:00,900.1721545221453
2023-10-29 04:00:00,897.1400653396934
2023-10-29 08:00:00,891.751609706879
2023-10-29 12:00:00,886.2678598426161
2023-10-29 16:00:00,883.1202625008327
2023-10-29 20:00:00,884.359087509663
2023-10-30 00:00:00,891.6389892515308
2023-10-30 04:00:00,894.0877622293585
2023-10-30 08:00:00,881.4915974542585
2023-10-30 12:00:00,880.4346977963754
2023-10-30 16:00:00,886.9175932388557
2023-10-30 20:00:00,885.6527788941758
2023-10-31 00:00:00,893.2734297060715
2023-10-31 04:00:00,895.2370684147069
2023-10-31 08:00:00,885.0694626895518
2023-10-31 12:00:00,891.2433738058204
2023-10-31 16:00:00,883.6400492178244
2023-10-31 20:00:00,880.8129870181859
2023-11-01 00:00:00,887.2063636371845
2023-11-01 04:00:00,886.22743198685
2023-11-01 08:00:00,886.8338498233404
2023-11-01 12:00:00,891.0498976389401
2023-11-01 16:00:00,883.3281771876293
2023-11-01 20:00:00,858.1156337095464
2023-11-02 00:00:00,854.0555219090443
2023-11-02 04:00:00,862.640665851358
2023-11-02 08:00:00,859.8453683955357
2023-11-02 12:00:00,880.99202466515
2023-11-02 16:00:00,870.7984296041452
2023-11-02 20:00:00,872.4761856184351
2023-11-03 00:00:00,879.9871036789658
2023-11-03 04:00:00,886.0512820438696
2023-11-03 08:00:00,891.9566366896923
2023-11-03 12:00:00,877.6913790122522
2023-11-03 16:00:00,884.6622964279082
2023-11-03 20:00:00,879.398012066375
2023-11-04 00:00:00,879.4124505862915
2023-11-04 04:00:00,877.7029298281853
2023-11-04 08:00:00,879.2305252353445
2023-11-04 12:00:00,879.1265678919461
2023-11-04 16:00:00,878.7973696378515
2023-11-04 20:00:00,868.7337212560946
2023-11-05 00:00:00,862.3114675972632
2023-11-05 04:00:00,865.6814181457596
2023-11-05 08:00:00,867.7576773097433
2023-11-05 12:00:00,873.8103048587138
2023-11-05 16:00:00,870.708910780663
2023-11-05 20:00:00,870.0100864167075
2023-11-06 00:00:00,870.9514779152593
2023-11-06 04:00:00,873.0999296788252
2023-11-06 08:00:00,863.4376721507454
2023-11-06 12:00:00,868.0175706682392
2023-11-06 16:00:00,868.5315819772645
2023-11-06 20:00:00,869.0889088460389
2023-11-07 00:00:00,872.7100896410814
2023-11-07 04:00:00,872.2682709316383
2023-11-07 08:00:00,881.335661439161
2023-11-07 12:00:00,878.5894549510546
2023-11-07 16:00:00,857.0760602755629
2023-11-07 20:00:00,859.0079342403824
2023-11-08 00:00:00,862.4356388685444
2023-11-08 04:00:00,863.8275121884891
2023-11-08 08:00:00,861.023551620717
2023-11-08 12:00:00,864.0671916191019
2023-11-08 16:00:00,852.5279265018852
2023-11-08 20:00:00,852.6492100691835
2023-11-09 00:00:00,828.7159194556967
2023-11-09 04:00:00,825.9697129675903
2023-11-09 08:00:00,818.2797572600958
2023-11-09 12:00:00,808.9062701303448
2023-11-09 16:00:00,830.3330336863378
2023-11-09 20:00:00,821.0923809398178
2023-11-10 00:00:00,820.0701337297339
2023-11-10 04:00:00,828.0026565718249
2023-11-10 08:00:00,810.136432027225
2023-11-10 12:00:00,809.573329750484
2023-11-10 16:00:00,805.6720416690628
2023-11-10 20:00:00,803.4513973059145
2023-11-11 00:00:00,811.138465309426
2023-11-11 04:00:00,812.1116215517939
2023-11-11 08:00:00,812.585205005053
2023-11-11 12:00:00,810.927662918646
2023-11-11 16:00:00,807.855145880428
2023-11-11 20:00:00,808.3114031097875
2023-11-12 00:00:00,812.5159001094542
2023-11-12 04:00:00,808.5424194284506
2023-11-12 08:00:00,810.4598548733534
2023-11-12 12:00:00,807.8435950644948
2023-11-12 16:00:00,809.1228479290913
2023-11-12 20:00:00,810.5233843609857
2023-11-13 00:00:00,814.6874535048861
2023-11-13 04:00:00,813.4977194637718
2023-11-13 08:00:00,817.6617886076723
2023-11-13 12:00:00,816.6972954772543
2023-11-13 16:00:00,816.5269209422404
2023-11-13 20:00:00,827.8293943328275
2023-11-14 00:00:00,828.2105712586215
2023-11-14 04:00:00,821.496659497478
2023-11-14 08:00:00,833.5297219958369
2023-11-14 12:00:00,836.9978544797654
2023-11-14 16:00:00,861.9129644475695
2023-11-14 20:00:00,861.3663917460074
2023-11-15 00:00:00,861.3663917460074
2023-11-15 04:00:00,861.3663917460074
2023-11-15 08:00:00,861.3663917460074
2023-11-15 12:00:00,861.3663917460074
2023-11-15 16:00:00,861.3663917460074
2023-11-15 20:00:00,861.3663917460074
2023-11-16 00:00:00,861.3663917460074
2023-11-16 04:00:00,861.3663917460074
2023-11-16 08:00:00,861.3663917460074
2023-11-16 12:00:00,861.3663917460074
2023-11-16 16:00:00,861.3663917460074
2023-11-16 20:00:00,861.3663917460074
2023-11-17 00:00:00,861.3663917460074
2023-11-17 04:00:00,861.3663917460074
2023-11-17 08:00:00,861.3663917460074
2023-11-17 12:00:00,861.3663917460074
2023-11-17 16:00:00,861.3663917460074
2023-11-17 20:00:00,861.3663917460074
2023-11-18 00:00:00,861.3663917460074
2023-11-18 04:00:00,861.3663917460074
2023-11-18 08:00:00,861.3663917460074
2023-11-18 12:00:00,861.3663917460074
2023-11-18 16:00:00,861.3663917460074
2023-11-18 20:00:00,861.3663917460074
2023-11-19 00:00:00,861.3663917460074
2023-11-19 04:00:00,861.3663917460074
2023-11-19 08:00:00,861.3663917460074
2023-11-19 12:00:00,861.3663917460074
2023-11-19 16:00:00,861.3663917460074
2023-11-19 20:00:00,861.3663917460074
2023-11-20 00:00:00,861.3663917460074
2023-11-20 04:00:00,861.3663917460074
2023-11-20 08:00:00,861.3663917460074
2023-11-20 12:00:00,861.3663917460074
2023-11-20 16:00:00,861.3663917460074
2023-11-20 20:00:00,861.3663917460074
2023-11-21 00:00:00,861.3663917460074
2023-11-21 04:00:00,861.3663917460074
2023-11-21 08:00:00,861.3663917460074
2023-11-21 12:00:00,861.3663917460074
2023-11-21 16:00:00,861.3663917460074
2023-11-21 20:00:00,861.3663917460074
2023-11-22 00:00:00,861.3663917460074
2023-11-22 04:00:00,861.3663917460074
2023-11-22 08:00:00,861.3663917460074
2023-11-22 12:00:00,861.3663917460074
2023-11-22 16:00:00,861.3663917460074
2023-11-22 20:00:00,861.3663917460074
2023-11-23 00:00:00,861.3663917460074
2023-11-23 04:00:00,861.3663917460074
2023-11-23 08:00:00,861.3663917460074
2023-11-23 12:00:00,861.3663917460074
2023-11-23 16:00:00,861.3663917460074
2023-11-23 20:00:00,861.3663917460074
2023-11-24 00:00:00,861.3663917460074
2023-11-24 04:00:00,861.3663917460074
2023-11-24 08:00:00,861.3663917460074
2023-11-24 12:00:00,861.3663917460074
2023-11-24 16:00:00,861.3663917460074
2023-11-24 20:00:00,861.3663917460074
2023-11-25 00:00:00,861.3663917460074
2023-11-25 04:00:00,861.3663917460074
2023-11-25 08:00:00,861.3663917460074
2023-11-25 12:00:00,861.3663917460074
2023-11-25 16:00:00,861.3663917460074
2023-11-25 20:00:00,861.3663917460074
2023-11-26 00:00:00,861.3663917460074
2023-11-26 04:00:00,861.3663917460074
2023-11-26 08:00:00,861.3663917460074
2023-11-26 12:00:00,861.3663917460074
2023-11-26 16:00:00,861.3663917460074
2023-11-26 20:00:00,861.3663917460074
2023-11-27 00:00:00,861.3663917460074
2023-11-27 04:00:00,861.3663917460074
2023-11-27 08:00:00,861.3663917460074
2023-11-27 12:00:00,861.3663917460074
2023-11-27 16:00:00,861.3663917460074
2023-11-27 20:00:00,861.3663917460074
2023-11-28 00:00:00,861.3663917460074
2023-11-28 04:00:00,861.3663917460074
2023-11-28 08:00:00,861.3663917460074
2023-11-28 12:00:00,861.3663917460074
2023-11-28 16:00:00,861.3663917460074
2023-11-28 20:00:00,861.3663917460074
2023-11-29 00:00:00,861.3663917460074
2023-11-29 04:00:00,861.3663917460074
2023-11-29 08:00:00,861.3663917460074
2023-11-29 12:00:00,861.3663917460074
2023-11-29 16:00:00,861.3663917460074
2023-11-29 20:00:00,861.3663917460074
2023-11-30 00:00:00,861.3663917460074
2023-11-30 04:00:00,861.3663917460074
2023-11-30 08:00:00,861.3663917460074
2023-11-30 12:00:00,861.3663917460074
2023-11-30 16:00:00,861.3663917460074
2023-11-30 20:00:00,861.3663917460074
2023-12-01 00:00:00,861.3663917460074
2023-12-01 04:00:00,861.3663917460074
2023-12-01 08:00:00,861.3663917460074
2023-12-01 12:00:00,861.3663917460074
2023-12-01 16:00:00,861.3663917460074
2023-12-01 20:00:00,861.3663917460074
2023-12-02 00:00:00,861.3663917460074
2023-12-02 04:00:00,861.3663917460074
2023-12-02 08:00:00,861.3663917460074
2023-12-02 12:00:00,861.3663917460074
2023-12-02 16:00:00,861.3663917460074
2023-12-02 20:00:00,861.3663917460074
2023-12-03 00:00:00,861.3663917460074
2023-12-03 04:00:00,861.3663917460074
2023-12-03 08:00:00,861.3663917460074
2023-12-03 12:00:00,861.3663917460074
2023-12-03 16:00:00,861.3663917460074
2023-12-03 20:00:00,861.3663917460074
2023-12-04 00:00:00,861.3663917460074
2023-12-04 04:00:00,861.3663917460074
2023-12-04 08:00:00,861.3663917460074
2023-12-04 12:00:00,861.3663917460074
2023-12-04 16:00:00,861.3663917460074
2023-12-04 20:00:00,861.3663917460074
2023-12-05 00:00:00,861.3663917460074
2023-12-05 04:00:00,861.3663917460074
2023-12-05 08:00:00,861.3663917460074
2023-12-05 12:00:00,861.3663917460074
2023-12-05 16:00:00,861.3663917460074
2023-12-05 20:00:00,861.3663917460074
2023-12-06 00:00:00,861.3663917460074
2023-12-06 04:00:00,861.3663917460074
2023-12-06 08:00:00,861.3663917460074
2023-12-06 12:00:00,861.3663917460074
2023-12-06 16:00:00,861.3663917460074
2023-12-06 20:00:00,863.3764412116697
2023-12-07 00:00:00,861.7470227291649
2023-12-07 04:00:00,862.157068581519
2023-12-07 08:00:00,868.9389725357279
2023-12-07 12:00:00,864.3061394449305
2023-12-07 16:00:00,868.6179819878231
2023-12-07 20:00:00,868.0621203073049
2023-12-08 00:00:00,867.0169437671757
2023-12-08 04:00:00,869.1532924442375
2023-12-08 08:00:00,864.232742215989
2023-12-08 12:00:00,863.3402319120585
2023-12-08 16:00:00,861.4896431130095
2023-12-08 20:00:00,859.1223378222113
2023-12-09 00:00:00,859.459965075343
2023-12-09 04:00:00,859.0137099233776
2023-12-09 08:00:00,862.7550113399636
2023-12-09 12:00:00,860.3113729310661
2023-12-09 16:00:00,861.6149077170699
2023-12-09 20:00:00,863.7727862479546
2023-12-10 00:00:00,862.4379353109357
2023-12-10 04:00:00,861.2136695321889
2023-12-10 08:00:00,863.5202997803954
2023-12-10 12:00:00,861.7068989106768
2023-12-10 16:00:00,862.9389937271774
2023-12-10 20:00:00,863.0319635505035
2023-12-11 00:00:00,877.6840077066963
2023-12-11 04:00:00,879.4925154278187
2023-12-11 08:00:00,877.3532308615993
2023-12-11 12:00:00,882.4606993662193
2023-12-11 16:00:00,892.4945898774032
2023-12-11 20:00:00,892.215624429805
2023-12-12 00:00:00,892.215624429805
2023-12-12 04:00:00,892.215624429805
2023-12-12 08:00:00,892.215624429805
2023-12-12 12:00:00,892.215624429805
2023-12-12 16:00:00,892.215624429805
2023-12-12 20:00:00,892.215624429805
2023-12-13 00:00:00,892.215624429805
2023-12-13 04:00:00,892.215624429805
2023-12-13 08:00:00,892.215624429805
2023-12-13 12:00:00,892.215624429805
2023-12-13 16:00:00,892.215624429805
2023-12-13 20:00:00,892.215624429805
2023-12-14 00:00:00,892.215624429805
2023-12-14 04:00:00,892.215624429805
2023-12-14 08:00:00,892.215624429805
2023-12-14 12:00:00,892.215624429805
2023-12-14 16:00:00,892.215624429805
2023-12-14 20:00:00,892.215624429805
2023-12-15 00:00:00,892.215624429805
2023-12-15 04:00:00,892.215624429805
2023-12-15 08:00:00,892.215624429805
2023-12-15 12:00:00,892.215624429805
2023-12-15 16:00:00,892.215624429805
2023-12-15 20:00:00,892.215624429805
2023-12-16 00:00:00,892.215624429805
2023-12-16 04:00:00,892.215624429805
2023-12-16 08:00:00,892.215624429805
2023-12-16 12:00:00,892.215624429805
2023-12-16 16:00:00,892.215624429805
2023-12-16 20:00:00,892.215624429805
2023-12-17 00:00:00,892.215624429805
2023-12-17 04:00:00,892.215624429805
2023-12-17 08:00:00,892.215624429805
2023-12-17 12:00:00,892.215624429805
2023-12-17 16:00:00,892.215624429805
2023-12-17 20:00:00,892.215624429805
2023-12-18 00:00:00,892.215624429805
2023-12-18 04:00:00,892.215624429805
2023-12-18 08:00:00,892.215624429805
2023-12-18 12:00:00,892.215624429805
2023-12-18 16:00:00,892.215624429805
2023-12-18 20:00:00,892.215624429805
2023-12-19 00:00:00,892.215624429805
2023-12-19 04:00:00,892.215624429805
2023-12-19 08:00:00,892.215624429805
2023-12-19 12:00:00,892.215624429805
2023-12-19 16:00:00,892.215624429805
2023-12-19 20:00:00,892.215624429805
2023-12-20 00:00:00,892.215624429805
2023-12-20 04:00:00,892.215624429805
2023-12-20 08:00:00,892.215624429805
2023-12-20 12:00:00,892.215624429805
2023-12-20 16:00:00,892.215624429805
2023-12-20 20:00:00,892.215624429805
2023-12-21 00:00:00,892.215624429805
2023-12-21 04:00:00,892.215624429805
2023-12-21 08:00:00,892.215624429805
2023-12-21 12:00:00,892.215624429805
2023-12-21 16:00:00,892.215624429805
2023-12-21 20:00:00,892.215624429805
2023-12-22 00:00:00,892.215624429805
2023-12-22 04:00:00,892.215624429805
2023-12-22 08:00:00,892.215624429805
2023-12-22 12:00:00,892.215624429805
2023-12-22 16:00:00,892.215624429805
2023-12-22 20:00:00,892.215624429805
2023-12-23 00:00:00,892.215624429805
2023-12-23 04:00:00,892.215624429805
2023-12-23 08:00:00,892.215624429805
2023-12-23 12:00:00,892.215624429805
2023-12-23 16:00:00,892.215624429805
2023-12-23 20:00:00,892.215624429805
2023-12-24 00:00:00,892.215624429805
2023-12-24 04:00:00,892.215624429805
2023-12-24 08:00:00,892.215624429805
2023-12-24 12:00:00,892.215624429805
2023-12-24 16:00:00,892.215624429805
2023-12-24 20:00:00,892.215624429805
2023-12-25 00:00:00,892.215624429805
2023-12-25 04:00:00,892.215624429805
2023-12-25 08:00:00,892.215624429805
2023-12-25 12:00:00,892.215624429805
2023-12-25 16:00:00,892.215624429805
2023-12-25 20:00:00,892.215624429805
2023-12-26 00:00:00,892.215624429805
2023-12-26 04:00:00,892.215624429805
2023-12-26 08:00:00,892.215624429805
2023-12-26 12:00:00,892.215624429805
2023-12-26 16:00:00,892.215624429805
2023-12-26 20:00:00,892.215624429805
2023-12-27 00:00:00,892.215624429805
2023-12-27 04:00:00,892.215624429805
2023-12-27 08:00:00,892.215624429805
2023-12-27 12:00:00,892.215624429805
2023-12-27 16:00:00,892.215624429805
2023-12-27 20:00:00,892.215624429805
2023-12-28 00:00:00,892.215624429805
2023-12-28 04:00:00,892.215624429805
2023-12-28 08:00:00,892.215624429805
2023-12-28 12:00:00,892.215624429805
2023-12-28 16:00:00,892.215624429805
2023-12-28 20:00:00,892.215624429805
2023-12-29 00:00:00,892.215624429805
2023-12-29 04:00:00,892.215624429805
2023-12-29 08:00:00,892.215624429805
2023-12-29 12:00:00,892.215624429805
2023-12-29 16:00:00,892.215624429805
2023-12-29 20:00:00,892.215624429805
2023-12-30 00:00:00,892.215624429805
2023-12-30 04:00:00,892.215624429805
2023-12-30 08:00:00,892.215624429805
2023-12-30 12:00:00,892.215624429805
2023-12-30 16:00:00,892.215624429805
2023-12-30 20:00:00,892.215624429805
2023-12-31 00:00:00,892.215624429805
2023-12-31 04:00:00,892.215624429805
2023-12-31 08:00:00,892.215624429805
2023-12-31 12:00:00,892.215624429805
2023-12-31 16:00:00,892.215624429805
2023-12-31 20:00:00,892.215624429805
2024-01-01 00:00:00,892.215624429805
2024-01-01 04:00:00,892.215624429805
2024-01-01 08:00:00,892.215624429805
2024-01-01 12:00:00,892.215624429805
2024-01-01 16:00:00,892.215624429805
2024-01-01 20:00:00,892.215624429805
2024-01-02 00:00:00,892.215624429805
2024-01-02 04:00:00,892.215624429805
2024-01-02 08:00:00,892.215624429805
2024-01-02 12:00:00,892.215624429805
2024-01-02 16:00:00,892.215624429805
2024-01-02 20:00:00,892.215624429805
2024-01-03 00:00:00,892.215624429805
2024-01-03 04:00:00,892.215624429805
2024-01-03 08:00:00,892.215624429805
2024-01-03 12:00:00,892.215624429805
2024-01-03 16:00:00,892.215624429805
2024-01-03 20:00:00,892.215624429805
2024-01-04 00:00:00,892.215624429805
2024-01-04 04:00:00,892.215624429805
2024-01-04 08:00:00,892.215624429805
2024-01-04 12:00:00,892.215624429805
2024-01-04 16:00:00,892.215624429805
2024-01-04 20:00:00,892.215624429805
2024-01-05 00:00:00,892.215624429805
2024-01-05 04:00:00,892.215624429805
2024-01-05 08:00:00,892.215624429805
2024-01-05 12:00:00,892.215624429805
2024-01-05 16:00:00,892.215624429805
2024-01-05 20:00:00,892.215624429805
2024-01-06 00:00:00,892.215624429805
2024-01-06 04:00:00,892.215624429805
2024-01-06 08:00:00,892.215624429805
2024-01-06 12:00:00,892.215624429805
2024-01-06 16:00:00,892.215624429805
2024-01-06 20:00:00,892.215624429805
2024-01-07 00:00:00,892.215624429805
2024-01-07 04:00:00,892.215624429805
2024-01-07 08:00:00,892.215624429805
2024-01-07 12:00:00,892.215624429805
2024-01-07 16:00:00,892.215624429805
2024-01-07 20:00:00,892.215624429805
2024-01-08 00:00:00,892.215624429805
2024-01-08 04:00:00,892.215624429805
2024-01-08 08:00:00,892.215624429805
2024-01-08 12:00:00,892.215624429805
2024-01-08 16:00:00,892.215624429805
2024-01-08 20:00:00,892.215624429805
2024-01-09 00:00:00,892.215624429805
2024-01-09 04:00:00,892.215624429805
2024-01-09 08:00:00,892.215624429805
2024-01-09 12:00:00,892.215624429805
2024-01-09 16:00:00,892.215624429805
2024-01-09 20:00:00,892.215624429805
2024-01-10 00:00:00,892.215624429805
2024-01-10 04:00:00,892.215624429805
2024-01-10 08:00:00,892.215624429805
2024-01-10 12:00:00,892.215624429805
2024-01-10 16:00:00,892.215624429805
2024-01-10 20:00:00,892.215624429805
2024-01-11 00:00:00,892.215624429805
2024-01-11 04:00:00,892.215624429805
2024-01-11 08:00:00,892.215624429805
2024-01-11 12:00:00,892.215624429805
2024-01-11 16:00:00,892.215624429805
2024-01-11 20:00:00,892.215624429805
2024-01-12 00:00:00,892.215624429805
2024-01-12 04:00:00,892.215624429805
2024-01-12 08:00:00,892.215624429805
2024-01-12 12:00:00,892.215624429805
2024-01-12 16:00:00,892.215624429805
2024-01-12 20:00:00,892.215624429805
2024-01-13 00:00:00,892.215624429805
2024-01-13 04:00:00,892.215624429805
2024-01-13 08:00:00,892.215624429805
2024-01-13 12:00:00,892.215624429805
2024-01-13 16:00:00,892.215624429805
2024-01-13 20:00:00,892.215624429805
2024-01-14 00:00:00,892.215624429805
2024-01-14 04:00:00,892.215624429805
2024-01-14 08:00:00,892.215624429805
2024-01-14 12:00:00,892.215624429805
2024-01-14 16:00:00,892.215624429805
2024-01-14 20:00:00,892.215624429805
2024-01-15 00:00:00,892.215624429805
2024-01-15 04:00:00,892.215624429805
2024-01-15 08:00:00,892.215624429805
2024-01-15 12:00:00,892.215624429805
2024-01-15 16:00:00,892.215624429805
2024-01-15 20:00:00,892.215624429805
2024-01-16 00:00:00,892.215624429805
2024-01-16 04:00:00,892.215624429805
2024-01-16 08:00:00,892.215624429805
2024-01-16 12:00:00,892.215624429805
2024-01-16 16:00:00,892.215624429805
2024-01-16 20:00:00,892.215624429805
2024-01-17 00:00:00,892.215624429805
2024-01-17 04:00:00,892.215624429805
2024-01-17 08:00:00,892.215624429805
2024-01-17 12:00:00,892.215624429805
2024-01-17 16:00:00,892.215624429805
2024-01-17 20:00:00,892.215624429805
2024-01-18 00:00:00,892.215624429805
2024-01-18 04:00:00,892.215624429805
2024-01-18 08:00:00,892.215624429805
2024-01-18 12:00:00,892.215624429805
2024-01-18 16:00:00,892.215624429805
2024-01-18 20:00:00,892.215624429805
2024-01-19 00:00:00,892.215624429805
2024-01-19 04:00:00,892.215624429805
2024-01-19 08:00:00,892.215624429805
2024-01-19 12:00:00,892.215624429805
2024-01-19 16:00:00,892.215624429805
2024-01-19 20:00:00,892.215624429805
2024-01-20 00:00:00,892.215624429805
2024-01-20 04:00:00,892.215624429805
2024-01-20 08:00:00,892.215624429805
2024-01-20 12:00:00,892.215624429805
2024-01-20 16:00:00,892.215624429805
2024-01-20 20:00:00,892.215624429805
2024-01-21 00:00:00,892.215624429805
2024-01-21 04:00:00,892.215624429805
2024-01-21 08:00:00,892.215624429805
2024-01-21 12:00:00,892.215624429805
2024-01-21 16:00:00,892.215624429805
2024-01-21 20:00:00,892.215624429805
2024-01-22 00:00:00,892.215624429805
2024-01-22 04:00:00,892.215624429805
2024-01-22 08:00:00,892.215624429805
2024-01-22 12:00:00,892.215624429805
2024-01-22 16:00:00,892.215624429805
2024-01-22 20:00:00,892.215624429805
2024-01-23 00:00:00,892.215624429805
2024-01-23 04:00:00,892.215624429805
2024-01-23 08:00:00,892.215624429805
2024-01-23 12:00:00,892.215624429805
2024-01-23 16:00:00,892.215624429805
2024-01-23 20:00:00,892.215624429805
2024-01-24 00:00:00,892.215624429805
2024-01-24 04:00:00,892.215624429805
2024-01-24 08:00:00,892.215624429805
2024-01-24 12:00:00,892.215624429805
2024-01-24 16:00:00,892.215624429805
2024-01-24 20:00:00,892.215624429805
2024-01-25 00:00:00,892.215624429805
2024-01-25 04:00:00,892.215624429805
2024-01-25 08:00:00,892.215624429805
2024-01-25 12:00:00,892.215624429805
2024-01-25 16:00:00,892.215624429805
2024-01-25 20:00:00,892.215624429805
2024-01-26 00:00:00,892.215624429805
2024-01-26 04:00:00,892.215624429805
2024-01-26 08:00:00,892.215624429805
2024-01-26 12:00:00,892.215624429805
2024-01-26 16:00:00,892.215624429805
2024-01-26 20:00:00,892.215624429805
2024-01-27 00:00:00,892.215624429805
2024-01-27 04:00:00,892.215624429805
2024-01-27 08:00:00,892.215624429805
2024-01-27 12:00:00,892.215624429805
2024-01-27 16:00:00,892.215624429805
2024-01-27 20:00:00,892.215624429805
2024-01-28 00:00:00,892.215624429805
2024-01-28 04:00:00,892.215624429805
2024-01-28 08:00:00,892.215624429805
2024-01-28 12:00:00,892.215624429805
2024-01-28 16:00:00,892.215624429805
2024-01-28 20:00:00,892.215624429805
2024-01-29 00:00:00,892.215624429805
2024-01-29 04:00:00,892.215624429805
2024-01-29 08:00:00,892.215624429805
2024-01-29 12:00:00,892.215624429805
2024-01-29 16:00:00,892.215624429805
2024-01-29 20:00:00,892.215624429805
2024-01-30 00:00:00,892.215624429805
2024-01-30 04:00:00,892.215624429805
2024-01-30 08:00:00,892.215624429805
2024-01-30 12:00:00,892.215624429805
2024-01-30 16:00:00,892.215624429805
2024-01-30 20:00:00,892.215624429805
2024-01-31 00:00:00,892.215624429805
2024-01-31 04:00:00,892.215624429805
2024-01-31 08:00:00,892.215624429805
2024-01-31 12:00:00,892.215624429805
2024-01-31 16:00:00,892.215624429805
2024-01-31 20:00:00,892.215624429805
2024-02-01 00:00:00,892.215624429805
2024-02-01 04:00:00,892.215624429805
2024-02-01 08:00:00,892.215624429805
2024-02-01 12:00:00,892.215624429805
2024-02-01 16:00:00,892.215624429805
2024-02-01 20:00:00,892.215624429805
2024-02-02 00:00:00,892.215624429805
2024-02-02 04:00:00,892.215624429805
2024-02-02 08:00:00,892.215624429805
2024-02-02 12:00:00,892.215624429805
2024-02-02 16:00:00,892.215624429805
2024-02-02 20:00:00,892.215624429805
2024-02-03 00:00:00,892.215624429805
2024-02-03 04:00:00,892.215624429805
2024-02-03 08:00:00,892.215624429805
2024-02-03 12:00:00,892.215624429805
2024-02-03 16:00:00,892.215624429805
2024-02-03 20:00:00,892.215624429805
2024-02-04 00:00:00,892.215624429805
2024-02-04 04:00:00,892.215624429805
2024-02-04 08:00:00,892.215624429805
2024-02-04 12:00:00,892.215624429805
2024-02-04 16:00:00,892.215624429805
2024-02-04 20:00:00,892.215624429805
2024-02-05 00:00:00,892.215624429805
2024-02-05 04:00:00,892.215624429805
2024-02-05 08:00:00,892.215624429805
2024-02-05 12:00:00,892.215624429805
2024-02-05 16:00:00,892.215624429805
2024-02-05 20:00:00,892.215624429805
2024-02-06 00:00:00,892.215624429805
2024-02-06 04:00:00,892.215624429805
2024-02-06 08:00:00,892.215624429805
2024-02-06 12:00:00,892.215624429805
2024-02-06 16:00:00,892.215624429805
2024-02-06 20:00:00,892.215624429805
2024-02-07 00:00:00,892.215624429805
2024-02-07 04:00:00,892.215624429805
2024-02-07 08:00:00,892.215624429805
2024-02-07 12:00:00,892.215624429805
2024-02-07 16:00:00,892.215624429805
2024-02-07 20:00:00,892.215624429805
2024-02-08 00:00:00,892.215624429805
2024-02-08 04:00:00,892.215624429805
2024-02-08 08:00:00,892.215624429805
2024-02-08 12:00:00,892.215624429805
2024-02-08 16:00:00,892.215624429805
2024-02-08 20:00:00,892.215624429805
2024-02-09 00:00:00,892.215624429805
2024-02-09 04:00:00,892.215624429805
2024-02-09 08:00:00,892.215624429805
2024-02-09 12:00:00,892.215624429805
2024-02-09 16:00:00,892.215624429805
2024-02-09 20:00:00,892.215624429805
2024-02-10 00:00:00,892.215624429805
2024-02-10 04:00:00,892.215624429805
2024-02-10 08:00:00,892.215624429805
2024-02-10 12:00:00,892.215624429805
2024-02-10 16:00:00,892.215624429805
2024-02-10 20:00:00,892.215624429805
2024-02-11 00:00:00,892.215624429805
2024-02-11 04:00:00,892.215624429805
2024-02-11 08:00:00,892.215624429805
2024-02-11 12:00:00,892.215624429805
2024-02-11 16:00:00,892.215624429805
2024-02-11 20:00:00,891.7306993717228
2024-02-12 00:00:00,893.2533809227884
2024-02-12 04:00:00,892.5659567274045
2024-02-12 08:00:00,895.4025054906153
2024-02-12 12:00:00,876.7441127465502
2024-02-12 16:00:00,880.8709173913643
2024-02-12 20:00:00,876.4856121093808
2024-02-13 00:00:00,877.9168734259547
2024-02-13 04:00:00,875.6442774525657
2024-02-13 08:00:00,875.8196014505128
2024-02-13 12:00:00,889.612858622334
2024-02-13 16:00:00,886.3952773266768
2024-02-13 20:00:00,879.2114040774632
2024-02-14 00:00:00,881.1079907219217
2024-02-14 04:00:00,877.5728414299832
2024-02-14 08:00:00,858.2078096567379
2024-02-14 12:00:00,858.0402043253672
2024-02-14 16:00:00,857.0356750037964
2024-02-14 20:00:00,855.7598896854018
2024-02-15 00:00:00,849.6213444239478
2024-02-15 04:00:00,855.989244349383
2024-02-15 08:00:00,849.8506990879289
2024-02-15 12:00:00,854.1555097041884
2024-02-15 16:00:00,853.567788377737
2024-02-15 20:00:00,854.9295816951244
2024-02-16 00:00:00,850.3932110815763
2024-02-16 04:00:00,856.1656710139837
2024-02-16 08:00:00,851.1518457393597
2024-02-16 12:00:00,854.8104936965188
2024-02-16 16:00:00,856.2340363465166
2024-02-16 20:00:00,852.1718123940832
2024-02-17 00:00:00,853.8809457074034
2024-02-17 04:00:00,854.539237699695
2024-02-17 08:00:00,856.8570430058882
2024-02-17 12:00:00,864.6892842475098
2024-02-17 16:00:00,860.1088069678116
2024-02-17 20:00:00,857.3455243335015
2024-02-18 00:00:00,859.1252283126621
2024-02-18 04:00:00,857.0775763366391
2024-02-18 08:00:00,855.3419790236287
2024-02-18 12:00:00,855.9175710168888
2024-02-18 16:00:00,856.1094350146423
2024-02-18 20:00:00,851.8707843976081
2024-02-19 00:00:00,852.6636017216579
2024-02-19 04:00:00,849.1361710962956
2024-02-19 08:00:00,849.665451090098
2024-02-19 12:00:00,852.0736750618989
2024-02-19 16:00:00,855.4467323557355
2024-02-19 20:00:00,855.8635403508548
2024-02-20 00:00:00,858.1229043243987
2024-02-20 04:00:00,855.2526630246746
2024-02-20 08:00:00,850.2178870836292
2024-02-20 12:00:00,856.9783363378012
2024-02-20 16:00:00,852.3625737251828
2024-02-20 20:00:00,850.5310444132957
2024-02-21 00:00:00,853.3417417137172
2024-02-21 04:00:00,858.2221443232368
2024-02-21 08:00:00,864.9682589109099
2024-02-21 12:00:00,862.8114429361651
2024-02-21 16:00:00,863.9328549230339
2024-02-21 20:00:00,855.1578336924516
2024-02-22 00:00:00,858.0876189914786
2024-02-22 04:00:00,855.3474923568975
2024-02-22 08:00:00,857.5682629975602
2024-02-22 12:00:00,857.8902416604566
2024-02-22 16:00:00,858.8054549830732
2024-02-22 20:00:00,861.3426909533634
2024-02-23 00:00:00,863.4068829291928
2024-02-23 04:00:00,865.3630135729541
2024-02-23 08:00:00,862.0351656119216
2024-02-23 12:00:00,865.5195922377874
2024-02-23 16:00:00,863.3925482626939
2024-02-23 20:00:00,867.3522242163281
2024-02-24 00:00:00,866.1800895633866
2024-02-24 04:00:00,863.7365802586654
2024-02-24 08:00:00,863.1620909320591
2024-02-24 12:00:00,863.4631189285343
2024-02-24 16:00:00,858.3313083219584
2024-02-24 20:00:00,858.1978856568542
2024-02-25 00:00:00,857.6233963302479
2024-02-25 04:00:00,856.4920603434952
2024-02-25 08:00:00,857.4238136659181
2024-02-25 12:00:00,858.7966336498431
2024-02-25 16:00:00,857.0301616705276
2024-02-25 20:00:00,856.402744344541
2024-02-26 00:00:00,858.2640456560796
2024-02-26 04:00:00,861.2258082880654
2024-02-26 08:00:00,863.4432709287667
2024-02-26 12:00:00,844.1918138208582
2024-02-26 16:00:00,825.8985740350628
2024-02-26 20:00:00,826.1157993658527
2024-02-27 00:00:00,812.1924275288882
2024-02-27 04:00:00,808.0200984709286
2024-02-27 08:00:00,801.9417541022435
2024-02-27 12:00:00,799.1340086892498
2024-02-27 16:00:00,790.389060675909
2024-02-27 20:00:00,794.8801319148539
2024-02-28 00:00:00,796.4595345770001
2024-02-28 04:00:00,777.4740351301386
2024-02-28 08:00:00,767.5686806644835
2024-02-28 12:00:00,739.1252294844992
2024-02-28 16:00:00,738.6593625122115
2024-02-28 20:00:00,717.9921969214819
2024-02-29 00:00:00,730.055026786238
2024-02-29 04:00:00,714.1061846160571
2024-02-29 08:00:00,710.4374822092908
2024-02-29 12:00:00,713.4301093757858
2024-02-29 16:00:00,729.4414458959077
2024-02-29 20:00:00,736.237706451996
2024-03-01 00:00:00,736.5203513528658
2024-03-01 04:00:00,732.2252851205542
2024-03-01 08:00:00,725.9488639298846
2024-03-01 12:00:00,734.3628759537647
2024-03-01 16:00:00,721.0799859390233
2024-03-01 20:00:00,718.8060437968504
2024-03-02 00:00:00,719.6056874108688
2024-03-02 04:00:00,723.9007536431803
2024-03-02 08:00:00,726.3422942692862
2024-03-02 12:00:00,727.2726078877266
2024-03-02 16:00:00,722.2901038060635
2024-03-02 20:00:00,724.3552580063879
2024-03-03 00:00:00,724.963157592178
2024-03-03 04:00:00,730.0209389589975
2024-03-03 08:00:00,726.3422942692862
2024-03-03 12:00:00,721.9293409677675
2024-03-03 16:00:00,713.6005485119887
2024-03-03 20:00:00,708.1834246330084
2024-03-04 00:00:00,703.2776181626365
2024-03-04 04:00:00,694.8025321149502
2024-03-04 08:00:00,677.8523600195776
2024-03-04 12:00:00,660.9305944469055
2024-03-04 16:00:00,647.0426454986439
2024-03-04 20:00:00,635.4925533686314
2024-03-05 00:00:00,636.8077753696632
2024-03-05 04:00:00,664.930232843132
2024-03-05 08:00:00,657.4706799819878
2024-03-05 12:00:00,656.1597189593608
2024-03-05 16:00:00,731.8787255436084
2024-03-05 20:00:00,700.1031892508586
2024-03-06 00:00:00,706.1225314110889
2024-03-06 04:00:00,657.3229660639454
2024-03-06 08:00:00,648.4530293507224
2024-03-06 12:00:00,660.4206973644318
2024-03-06 16:00:00,656.6966022383999
2024-03-06 20:00:00,666.2894849543497
2024-03-07 00:00:00,669.3176202742204
2024-03-07 04:00:00,661.748702300679
2024-03-07 08:00:00,654.2621632429693
2024-03-07 12:00:00,649.4018072089182
2024-03-07 16:00:00,645.9617773098909
2024-03-07 20:00:00,655.7520853586091
2024-03-08 00:00:00,650.7823642121613
2024-03-08 04:00:00,649.5239552565303
2024-03-08 08:00:00,642.2305805531837
2024-03-08 12:00:00,644.1650647490858
2024-03-08 16:00:00,626.6069930679232
2024-03-08 20:00:00,637.1429723375288
2024-03-09 00:00:00,635.4826110856859
2024-03-09 04:00:00,634.9258432407568
2024-03-09 08:00:00,634.5849649683512
2024-03-09 12:00:00,634.8505659556006
2024-03-09 16:00:00,636.080568388531
2024-03-09 20:00:00,634.5878056206211
2024-03-10 00:00:00,622.5434399956202
2024-03-10 04:00:00,619.3917363020029
2024-03-10 08:00:00,616.4161530491282
2024-03-10 12:00:00,621.8815680166994
2024-03-10 16:00:00,618.8946221547446
2024-03-10 20:00:00,625.4735728121741
2024-03-11 00:00:00,630.3651760211958
2024-03-11 04:00:00,593.913926091948
2024-03-11 08:00:00,589.1586741918886
2024-03-11 12:00:00,582.0172743849898
2024-03-11 16:00:00,582.3027599381293
2024-03-11 20:00:00,580.7048930362276
2024-03-12 00:00:00,587.5281397888816
2024-03-12 04:00:00,580.3966822649277
2024-03-12 08:00:00,581.4874927366259
2024-03-12 12:00:00,586.0254347380265
2024-03-12 16:00:00,591.3672813318503
2024-03-12 20:00:00,589.9455348706919
2024-03-13 00:00:00,580.9605517405321
2024-03-13 04:00:00,569.1974106902658
2024-03-13 08:00:00,566.5570244052569
2024-03-13 12:00:00,573.3703288749656
2024-03-13 16:00:00,563.0062090676978
2024-03-13 20:00:00,566.873757133367
2024-03-14 00:00:00,563.9521462736234
2024-03-14 04:00:00,564.699237820646
2024-03-14 08:00:00,569.5468109194818
2024-03-14 12:00:00,598.4490274410787
2024-03-14 16:00:00,618.3918267029462
2024-03-14 20:00:00,590.6230304370981
2024-03-15 00:00:00,635.9243325136786
2024-03-15 04:00:00,632.7797304507361
2024-03-15 08:00:00,642.2831326201795
2024-03-15 12:00:00,636.8731103718743
2024-03-15 16:00:00,625.4565288985539
2024-03-15 20:00:00,617.656097765004
2024-03-16 00:00:00,621.982411172286
2024-03-16 04:00:00,618.5366999687186
2024-03-16 08:00:00,635.4400013016352
2024-03-16 12:00:00,633.569431781809
2024-03-16 16:00:00,654.3445421588006
2024-03-16 20:00:00,677.3268393496188
2024-03-17 00:00:00,659.9505694137392
2024-03-17 04:00:00,672.6369224517706
2024-03-17 08:00:00,653.6926124628247
2024-03-17 12:00:00,639.5632080716091
2024-03-17 16:00:00,631.5284231257801
2024-03-17 20:00:00,633.3407592740705
2024-03-18 00:00:00,639.1612557753974
2024-03-18 04:00:00,635.9683626238643
2024-03-18 08:00:00,635.3320565153738
2024-03-18 12:00:00,646.6733607035377
2024-03-18 16:00:00,654.1087680203867
2024-03-18 20:00:00,644.531508891922
2024-03-19 00:00:00,669.0960493971565
2024-03-19 04:00:00,685.975205185778
2024-03-19 08:00:00,708.7714396529082
2024-03-19 12:00:00,708.3074875282047
2024-03-19 16:00:00,708.3074875282047
2024-03-19 20:00:00,708.3074875282047
2024-03-20 00:00:00,708.3074875282047
2024-03-20 04:00:00,708.3074875282047
2024-03-20 08:00:00,708.3074875282047
2024-03-20 12:00:00,708.3074875282047
2024-03-20 16:00:00,708.3074875282047
2024-03-20 20:00:00,708.3074875282047
2024-03-21 00:00:00,708.3074875282047
2024-03-21 04:00:00,708.3074875282047
2024-03-21 08:00:00,708.3074875282047
2024-03-21 12:00:00,708.3074875282047
2024-03-21 16:00:00,708.3074875282047
2024-03-21 20:00:00,708.3074875282047
2024-03-22 00:00:00,708.3074875282047
2024-03-22 04:00:00,708.3074875282047
2024-03-22 08:00:00,708.3074875282047
2024-03-22 12:00:00,708.3074875282047
2024-03-22 16:00:00,708.3074875282047
2024-03-22 20:00:00,708.3074875282047
2024-03-23 00:00:00,708.3074875282047
2024-03-23 04:00:00,708.3074875282047
2024-03-23 08:00:00,708.3074875282047
2024-03-23 12:00:00,708.3074875282047
2024-03-23 16:00:00,708.3074875282047
2024-03-23 20:00:00,708.3074875282047
2024-03-24 00:00:00,708.3074875282047
2024-03-24 04:00:00,708.3074875282047
2024-03-24 08:00:00,708.3074875282047
2024-03-24 12:00:00,708.3074875282047
2024-03-24 16:00:00,708.3074875282047
2024-03-24 20:00:00,708.3074875282047
2024-03-25 00:00:00,708.3074875282047
2024-03-25 04:00:00,708.3074875282047
2024-03-25 08:00:00,708.3074875282047
2024-03-25 12:00:00,708.3074875282047
2024-03-25 16:00:00,708.3074875282047
2024-03-25 20:00:00,708.3074875282047
2024-03-26 00:00:00,708.3074875282047
2024-03-26 04:00:00,708.3074875282047
2024-03-26 08:00:00,708.3074875282047
2024-03-26 12:00:00,708.3074875282047
2024-03-26 16:00:00,708.3074875282047
2024-03-26 20:00:00,708.3074875282047
2024-03-27 00:00:00,708.3074875282047
2024-03-27 04:00:00,708.3074875282047
2024-03-27 08:00:00,708.3074875282047
2024-03-27 12:00:00,708.3074875282047
2024-03-27 16:00:00,708.3074875282047
2024-03-27 20:00:00,708.3074875282047
2024-03-28 00:00:00,708.3074875282047
2024-03-28 04:00:00,708.3074875282047
2024-03-28 08:00:00,708.3074875282047
2024-03-28 12:00:00,708.3074875282047
2024-03-28 16:00:00,708.3074875282047
2024-03-28 20:00:00,708.3074875282047
2024-03-29 00:00:00,708.3074875282047
2024-03-29 04:00:00,708.3074875282047
2024-03-29 08:00:00,708.3074875282047
2024-03-29 12:00:00,708.3074875282047
2024-03-29 16:00:00,708.3074875282047
2024-03-29 20:00:00,708.3074875282047
2024-03-30 00:00:00,708.3074875282047
2024-03-30 04:00:00,708.3074875282047
2024-03-30 08:00:00,708.3074875282047
2024-03-30 12:00:00,708.3074875282047
2024-03-30 16:00:00,708.3074875282047
2024-03-30 20:00:00,708.3074875282047
2024-03-31 00:00:00,708.3074875282047
2024-03-31 04:00:00,708.3074875282047
2024-03-31 08:00:00,708.3074875282047
2024-03-31 12:00:00,708.3074875282047
2024-03-31 16:00:00,708.3074875282047
2024-03-31 20:00:00,708.3074875282047
2024-04-01 00:00:00,708.3074875282047
2024-04-01 04:00:00,708.3074875282047
2024-04-01 08:00:00,708.3074875282047
2024-04-01 12:00:00,708.3074875282047
2024-04-01 16:00:00,708.3074875282047
2024-04-01 20:00:00,708.3074875282047
2024-04-02 00:00:00,708.3074875282047
2024-04-02 04:00:00,708.3074875282047
2024-04-02 08:00:00,708.3074875282047
2024-04-02 12:00:00,708.3074875282047
2024-04-02 16:00:00,708.3074875282047
2024-04-02 20:00:00,708.3074875282047
2024-04-03 00:00:00,708.3074875282047
2024-04-03 04:00:00,708.3074875282047
2024-04-03 08:00:00,708.3074875282047
2024-04-03 12:00:00,708.3074875282047
2024-04-03 16:00:00,708.3074875282047
2024-04-03 20:00:00,708.3074875282047
2024-04-04 00:00:00,708.3074875282047
2024-04-04 04:00:00,708.3074875282047
2024-04-04 08:00:00,708.3074875282047
2024-04-04 12:00:00,708.3074875282047
2024-04-04 16:00:00,708.3074875282047
2024-04-04 20:00:00,708.3074875282047
2024-04-05 00:00:00,708.3074875282047
2024-04-05 04:00:00,708.3074875282047
2024-04-05 08:00:00,708.3074875282047
2024-04-05 12:00:00,708.3074875282047
2024-04-05 16:00:00,708.3074875282047
2024-04-05 20:00:00,708.3074875282047
2024-04-06 00:00:00,708.3074875282047
2024-04-06 04:00:00,708.3074875282047
2024-04-06 08:00:00,708.3074875282047
2024-04-06 12:00:00,708.3074875282047
2024-04-06 16:00:00,708.3074875282047
2024-04-06 20:00:00,708.3074875282047
2024-04-07 00:00:00,708.3074875282047
2024-04-07 04:00:00,708.3074875282047
2024-04-07 08:00:00,708.3074875282047
2024-04-07 12:00:00,708.3074875282047
2024-04-07 16:00:00,708.3074875282047
2024-04-07 20:00:00,708.3074875282047
2024-04-08 00:00:00,708.3074875282047
2024-04-08 04:00:00,708.3074875282047
2024-04-08 08:00:00,708.3074875282047
2024-04-08 12:00:00,708.3074875282047
2024-04-08 16:00:00,708.3074875282047
2024-04-08 20:00:00,708.3074875282047
2024-04-09 00:00:00,708.3074875282047
2024-04-09 04:00:00,708.3074875282047
2024-04-09 08:00:00,708.3074875282047
2024-04-09 12:00:00,708.3074875282047
2024-04-09 16:00:00,708.3074875282047
2024-04-09 20:00:00,708.3074875282047
2024-04-10 00:00:00,708.3074875282047
2024-04-10 04:00:00,708.3074875282047
2024-04-10 08:00:00,708.3074875282047
2024-04-10 12:00:00,708.3074875282047
2024-04-10 16:00:00,708.3074875282047
2024-04-10 20:00:00,708.3074875282047
2024-04-11 00:00:00,708.3074875282047
2024-04-11 04:00:00,708.3074875282047
2024-04-11 08:00:00,708.3074875282047
2024-04-11 12:00:00,708.3074875282047
2024-04-11 16:00:00,708.3074875282047
2024-04-11 20:00:00,708.3074875282047
2024-04-12 00:00:00,708.3074875282047
2024-04-12 04:00:00,708.3074875282047
2024-04-12 08:00:00,708.3074875282047
2024-04-12 12:00:00,708.3074875282047
2024-04-12 16:00:00,708.3074875282047
2024-04-12 20:00:00,708.3074875282047
2024-04-13 00:00:00,708.3074875282047
2024-04-13 04:00:00,708.3074875282047
2024-04-13 08:00:00,708.3074875282047
2024-04-13 12:00:00,708.3074875282047
2024-04-13 16:00:00,708.3074875282047
2024-04-13 20:00:00,708.3074875282047
2024-04-14 00:00:00,708.3074875282047
2024-04-14 04:00:00,708.3074875282047
2024-04-14 08:00:00,708.3074875282047
2024-04-14 12:00:00,708.3074875282047
2024-04-14 16:00:00,708.3074875282047
2024-04-14 20:00:00,708.3074875282047
2024-04-15 00:00:00,708.3074875282047
2024-04-15 04:00:00,708.3074875282047
2024-04-15 08:00:00,708.3074875282047
2024-04-15 12:00:00,708.3074875282047
2024-04-15 16:00:00,708.3074875282047
2024-04-15 20:00:00,708.3074875282047
2024-04-16 00:00:00,708.3074875282047
2024-04-16 04:00:00,708.3074875282047
2024-04-16 08:00:00,708.3074875282047
2024-04-16 12:00:00,708.3074875282047
2024-04-16 16:00:00,708.3074875282047
2024-04-16 20:00:00,708.3074875282047
2024-04-17 00:00:00,708.3074875282047
2024-04-17 04:00:00,708.3074875282047
2024-04-17 08:00:00,708.3074875282047
2024-04-17 12:00:00,708.3074875282047
2024-04-17 16:00:00,708.3074875282047
2024-04-17 20:00:00,708.3074875282047
2024-04-18 00:00:00,708.3074875282047
2024-04-18 04:00:00,708.3074875282047
2024-04-18 08:00:00,708.3074875282047
2024-04-18 12:00:00,708.3074875282047
2024-04-18 16:00:00,708.3074875282047
2024-04-18 20:00:00,708.3074875282047
2024-04-19 00:00:00,708.3074875282047
2024-04-19 04:00:00,708.3074875282047
2024-04-19 08:00:00,708.3074875282047
2024-04-19 12:00:00,708.3074875282047
2024-04-19 16:00:00,708.3074875282047
2024-04-19 20:00:00,708.3074875282047
2024-04-20 00:00:00,708.3074875282047
2024-04-20 04:00:00,708.3074875282047
2024-04-20 08:00:00,708.3074875282047
2024-04-20 12:00:00,708.3074875282047
2024-04-20 16:00:00,708.3074875282047
2024-04-20 20:00:00,708.3074875282047
2024-04-21 00:00:00,708.3074875282047
2024-04-21 04:00:00,708.3074875282047
2024-04-21 08:00:00,708.3074875282047
2024-04-21 12:00:00,708.3074875282047
2024-04-21 16:00:00,708.3074875282047
2024-04-21 20:00:00,708.3074875282047
2024-04-22 00:00:00,708.3074875282047
2024-04-22 04:00:00,708.3074875282047
2024-04-22 08:00:00,708.3074875282047
2024-04-22 12:00:00,708.3074875282047
2024-04-22 16:00:00,708.3074875282047
2024-04-22 20:00:00,708.3074875282047
2024-04-23 00:00:00,708.3074875282047
2024-04-23 04:00:00,708.3074875282047
2024-04-23 08:00:00,708.3074875282047
2024-04-23 12:00:00,708.3074875282047
2024-04-23 16:00:00,708.3074875282047
2024-04-23 20:00:00,708.3074875282047
2024-04-24 00:00:00,708.3074875282047
2024-04-24 04:00:00,708.3074875282047
2024-04-24 08:00:00,708.3074875282047
2024-04-24 12:00:00,708.3074875282047
2024-04-24 16:00:00,708.3074875282047
2024-04-24 20:00:00,708.3074875282047
2024-04-25 00:00:00,708.3074875282047
2024-04-25 04:00:00,708.3074875282047
2024-04-25 08:00:00,708.3074875282047
2024-04-25 12:00:00,708.3074875282047
2024-04-25 16:00:00,708.3074875282047
2024-04-25 20:00:00,708.3074875282047
2024-04-26 00:00:00,708.3074875282047
2024-04-26 04:00:00,708.3074875282047
2024-04-26 08:00:00,708.3074875282047
2024-04-26 12:00:00,708.3074875282047
2024-04-26 16:00:00,708.3074875282047
2024-04-26 20:00:00,708.3074875282047
2024-04-27 00:00:00,708.3074875282047
2024-04-27 04:00:00,708.3074875282047
2024-04-27 08:00:00,708.3074875282047
2024-04-27 12:00:00,708.3074875282047
2024-04-27 16:00:00,708.3074875282047
2024-04-27 20:00:00,708.3074875282047
2024-04-28 00:00:00,708.3074875282047
2024-04-28 04:00:00,708.3074875282047
2024-04-28 08:00:00,708.3074875282047
2024-04-28 12:00:00,708.3074875282047
2024-04-28 16:00:00,708.3074875282047
2024-04-28 20:00:00,708.3074875282047
2024-04-29 00:00:00,708.3074875282047
2024-04-29 04:00:00,708.3074875282047
2024-04-29 08:00:00,708.3074875282047
2024-04-29 12:00:00,708.3074875282047
2024-04-29 16:00:00,708.3074875282047
2024-04-29 20:00:00,708.3074875282047
2024-04-30 00:00:00,708.3074875282047
2024-04-30 04:00:00,708.3074875282047
2024-04-30 08:00:00,708.3074875282047
2024-04-30 12:00:00,708.3074875282047
2024-04-30 16:00:00,708.3074875282047
2024-04-30 20:00:00,708.3074875282047
2024-05-01 00:00:00,708.3074875282047
2024-05-01 04:00:00,708.3074875282047
2024-05-01 08:00:00,708.3074875282047
2024-05-01 12:00:00,708.3074875282047
2024-05-01 16:00:00,708.3074875282047
2024-05-01 20:00:00,708.3074875282047
2024-05-02 00:00:00,708.3074875282047
2024-05-02 04:00:00,708.3074875282047
2024-05-02 08:00:00,708.3074875282047
2024-05-02 12:00:00,708.3074875282047
2024-05-02 16:00:00,708.3074875282047
2024-05-02 20:00:00,708.3074875282047
2024-05-03 00:00:00,708.3074875282047
2024-05-03 04:00:00,708.3074875282047
2024-05-03 08:00:00,708.3074875282047
2024-05-03 12:00:00,708.3074875282047
2024-05-03 16:00:00,708.3074875282047
2024-05-03 20:00:00,708.3074875282047
2024-05-04 00:00:00,708.3074875282047
2024-05-04 04:00:00,708.3074875282047
2024-05-04 08:00:00,708.3074875282047
2024-05-04 12:00:00,708.3074875282047
2024-05-04 16:00:00,708.3074875282047
2024-05-04 20:00:00,708.3074875282047
2024-05-05 00:00:00,708.3074875282047
2024-05-05 04:00:00,708.3074875282047
2024-05-05 08:00:00,708.3074875282047
2024-05-05 12:00:00,708.3074875282047
2024-05-05 16:00:00,708.3074875282047
2024-05-05 20:00:00,708.3074875282047
2024-05-06 00:00:00,708.3074875282047
2024-05-06 04:00:00,708.3074875282047
2024-05-06 08:00:00,708.3074875282047
2024-05-06 12:00:00,708.3074875282047
2024-05-06 16:00:00,708.3074875282047
2024-05-06 20:00:00,708.3074875282047
2024-05-07 00:00:00,708.3074875282047
2024-05-07 04:00:00,708.3074875282047
2024-05-07 08:00:00,708.3074875282047
2024-05-07 12:00:00,708.3074875282047
2024-05-07 16:00:00,708.3074875282047
2024-05-07 20:00:00,708.3074875282047
2024-05-08 00:00:00,708.3074875282047
2024-05-08 04:00:00,708.3074875282047
2024-05-08 08:00:00,708.3074875282047
2024-05-08 12:00:00,708.3074875282047
2024-05-08 16:00:00,708.3074875282047
2024-05-08 20:00:00,708.3074875282047
2024-05-09 00:00:00,708.3074875282047
2024-05-09 04:00:00,708.3074875282047
2024-05-09 08:00:00,708.3074875282047
2024-05-09 12:00:00,708.3074875282047
2024-05-09 16:00:00,708.3074875282047
2024-05-09 20:00:00,708.3074875282047
2024-05-10 00:00:00,708.3074875282047
2024-05-10 04:00:00,708.3074875282047
2024-05-10 08:00:00,708.3074875282047
2024-05-10 12:00:00,708.3074875282047
2024-05-10 16:00:00,708.3074875282047
2024-05-10 20:00:00,708.3074875282047
2024-05-11 00:00:00,708.3074875282047
2024-05-11 04:00:00,708.3074875282047
2024-05-11 08:00:00,708.3074875282047
2024-05-11 12:00:00,708.3074875282047
2024-05-11 16:00:00,708.3074875282047
2024-05-11 20:00:00,708.3074875282047
2024-05-12 00:00:00,708.3074875282047
2024-05-12 04:00:00,708.3074875282047
2024-05-12 08:00:00,708.3074875282047
2024-05-12 12:00:00,708.3074875282047
2024-05-12 16:00:00,708.3074875282047
2024-05-12 20:00:00,708.3074875282047
2024-05-13 00:00:00,708.3074875282047
2024-05-13 04:00:00,708.3074875282047
2024-05-13 08:00:00,708.3074875282047
2024-05-13 12:00:00,708.3074875282047
2024-05-13 16:00:00,708.3074875282047
2024-05-13 20:00:00,708.3074875282047
2024-05-14 00:00:00,708.3074875282047
2024-05-14 04:00:00,708.3074875282047
2024-05-14 08:00:00,708.3074875282047
2024-05-14 12:00:00,708.3074875282047
2024-05-14 16:00:00,708.3074875282047
2024-05-14 20:00:00,708.3074875282047
2024-05-15 00:00:00,708.3074875282047
2024-05-15 04:00:00,708.3074875282047
2024-05-15 08:00:00,708.3074875282047
2024-05-15 12:00:00,708.3074875282047
2024-05-15 16:00:00,708.3074875282047
2024-05-15 20:00:00,708.3074875282047
2024-05-16 00:00:00,708.3074875282047
2024-05-16 04:00:00,708.3074875282047
2024-05-16 08:00:00,708.3074875282047
2024-05-16 12:00:00,708.3074875282047
2024-05-16 16:00:00,708.3074875282047
2024-05-16 20:00:00,708.3074875282047
2024-05-17 00:00:00,708.3074875282047
2024-05-17 04:00:00,708.3074875282047
2024-05-17 08:00:00,708.3074875282047
2024-05-17 12:00:00,708.3074875282047
2024-05-17 16:00:00,708.3074875282047
2024-05-17 20:00:00,708.3074875282047
2024-05-18 00:00:00,708.3074875282047
2024-05-18 04:00:00,708.3074875282047
2024-05-18 08:00:00,708.3074875282047
2024-05-18 12:00:00,708.3074875282047
2024-05-18 16:00:00,708.3074875282047
2024-05-18 20:00:00,708.3074875282047
2024-05-19 00:00:00,708.3074875282047
2024-05-19 04:00:00,708.3074875282047
2024-05-19 08:00:00,708.3074875282047
2024-05-19 12:00:00,708.3074875282047
2024-05-19 16:00:00,708.3074875282047
2024-05-19 20:00:00,708.3074875282047
2024-05-20 00:00:00,708.3074875282047
2024-05-20 04:00:00,708.3074875282047
2024-05-20 08:00:00,708.3074875282047
2024-05-20 12:00:00,708.3074875282047
2024-05-20 16:00:00,708.3074875282047
2024-05-20 20:00:00,708.3074875282047
2024-05-21 00:00:00,708.3074875282047
2024-05-21 04:00:00,708.3074875282047
2024-05-21 08:00:00,708.3074875282047
2024-05-21 12:00:00,708.3074875282047
2024-05-21 16:00:00,708.3074875282047
2024-05-21 20:00:00,708.3074875282047
2024-05-22 00:00:00,708.3074875282047
2024-05-22 04:00:00,708.3074875282047
2024-05-22 08:00:00,708.3074875282047
2024-05-22 12:00:00,708.3074875282047
2024-05-22 16:00:00,708.3074875282047
2024-05-22 20:00:00,708.3074875282047
2024-05-23 00:00:00,708.3074875282047
2024-05-23 04:00:00,708.3074875282047
2024-05-23 08:00:00,708.3074875282047
2024-05-23 12:00:00,708.3074875282047
2024-05-23 16:00:00,708.3074875282047
2024-05-23 20:00:00,708.3074875282047
2024-05-24 00:00:00,708.3074875282047
2024-05-24 04:00:00,708.3074875282047
2024-05-24 08:00:00,708.3074875282047
2024-05-24 12:00:00,708.3074875282047
2024-05-24 16:00:00,708.3074875282047
2024-05-24 20:00:00,708.3074875282047
2024-05-25 00:00:00,708.3074875282047
2024-05-25 04:00:00,708.3074875282047
2024-05-25 08:00:00,708.3074875282047
2024-05-25 12:00:00,708.3074875282047
2024-05-25 16:00:00,708.3074875282047
2024-05-25 20:00:00,708.3074875282047
2024-05-26 00:00:00,708.3074875282047
2024-05-26 04:00:00,708.3074875282047
2024-05-26 08:00:00,708.3074875282047
2024-05-26 12:00:00,708.3074875282047
2024-05-26 16:00:00,708.3074875282047
2024-05-26 20:00:00,708.3074875282047
2024-05-27 00:00:00,708.3074875282047
2024-05-27 04:00:00,708.3074875282047
2024-05-27 08:00:00,708.3074875282047
2024-05-27 12:00:00,708.3074875282047
2024-05-27 16:00:00,708.3074875282047
2024-05-27 20:00:00,708.3074875282047
2024-05-28 00:00:00,708.3074875282047
2024-05-28 04:00:00,708.3074875282047
2024-05-28 08:00:00,708.3074875282047
2024-05-28 12:00:00,708.3074875282047
2024-05-28 16:00:00,708.3074875282047
2024-05-28 20:00:00,708.3074875282047
2024-05-29 00:00:00,708.3074875282047
2024-05-29 04:00:00,708.3074875282047
2024-05-29 08:00:00,708.3074875282047
2024-05-29 12:00:00,708.3074875282047
2024-05-29 16:00:00,708.3074875282047
2024-05-29 20:00:00,708.3074875282047
2024-05-30 00:00:00,708.3074875282047
2024-05-30 04:00:00,708.3074875282047
2024-05-30 08:00:00,708.3074875282047
2024-05-30 12:00:00,708.3074875282047
2024-05-30 16:00:00,708.3074875282047
2024-05-30 20:00:00,708.3074875282047
2024-05-31 00:00:00,708.3074875282047
2024-05-31 04:00:00,708.3074875282047
2024-05-31 08:00:00,708.3074875282047
2024-05-31 12:00:00,708.3074875282047
2024-05-31 16:00:00,708.3074875282047
2024-05-31 20:00:00,708.3074875282047
2024-06-01 00:00:00,708.3074875282047
2024-06-01 04:00:00,708.3074875282047
2024-06-01 08:00:00,708.3074875282047
2024-06-01 12:00:00,708.3074875282047
2024-06-01 16:00:00,708.3074875282047
2024-06-01 20:00:00,708.3074875282047
2024-06-02 00:00:00,708.3074875282047
2024-06-02 04:00:00,708.3074875282047
2024-06-02 08:00:00,708.3074875282047
2024-06-02 12:00:00,708.3074875282047
2024-06-02 16:00:00,708.3074875282047
2024-06-02 20:00:00,708.3074875282047
2024-06-03 00:00:00,708.3074875282047
2024-06-03 04:00:00,708.3074875282047
2024-06-03 08:00:00,708.3074875282047
2024-06-03 12:00:00,708.3074875282047
2024-06-03 16:00:00,708.3074875282047
2024-06-03 20:00:00,708.3074875282047
2024-06-04 00:00:00,708.3074875282047
2024-06-04 04:00:00,708.3074875282047
2024-06-04 08:00:00,708.3074875282047
2024-06-04 12:00:00,708.3074875282047
2024-06-04 16:00:00,708.3074875282047
2024-06-04 20:00:00,708.3074875282047
2024-06-05 00:00:00,708.3074875282047
2024-06-05 04:00:00,708.3074875282047
2024-06-05 08:00:00,708.3074875282047
2024-06-05 12:00:00,708.3074875282047
2024-06-05 16:00:00,708.3074875282047
2024-06-05 20:00:00,708.3074875282047
2024-06-06 00:00:00,708.3074875282047
2024-06-06 04:00:00,708.3074875282047
2024-06-06 08:00:00,708.3074875282047
2024-06-06 12:00:00,708.3074875282047
2024-06-06 16:00:00,708.3074875282047
2024-06-06 20:00:00,708.3074875282047
2024-06-07 00:00:00,708.3074875282047
2024-06-07 04:00:00,708.3074875282047
2024-06-07 08:00:00,708.3074875282047
2024-06-07 12:00:00,708.3074875282047
2024-06-07 16:00:00,708.3074875282047
2024-06-07 20:00:00,708.3074875282047
2024-06-08 00:00:00,708.3074875282047
2024-06-08 04:00:00,708.3074875282047
2024-06-08 08:00:00,708.3074875282047
2024-06-08 12:00:00,708.3074875282047
2024-06-08 16:00:00,708.3074875282047
2024-06-08 20:00:00,708.3074875282047
2024-06-09 00:00:00,708.3074875282047
2024-06-09 04:00:00,708.3074875282047
2024-06-09 08:00:00,708.3074875282047
2024-06-09 12:00:00,708.3074875282047
2024-06-09 16:00:00,708.3074875282047
2024-06-09 20:00:00,708.3074875282047
2024-06-10 00:00:00,708.3074875282047
2024-06-10 04:00:00,708.3074875282047
2024-06-10 08:00:00,708.3074875282047
2024-06-10 12:00:00,708.3074875282047
2024-06-10 16:00:00,708.3074875282047
2024-06-10 20:00:00,708.3074875282047
2024-06-11 00:00:00,708.3074875282047
2024-06-11 04:00:00,708.3074875282047
2024-06-11 08:00:00,708.3074875282047
2024-06-11 12:00:00,708.3074875282047
2024-06-11 16:00:00,708.3074875282047
2024-06-11 20:00:00,708.3074875282047
2024-06-12 00:00:00,708.3074875282047
2024-06-12 04:00:00,708.3074875282047
2024-06-12 08:00:00,708.3074875282047
2024-06-12 12:00:00,708.3074875282047
2024-06-12 16:00:00,708.3074875282047
2024-06-12 20:00:00,708.3074875282047
2024-06-13 00:00:00,708.3074875282047
2024-06-13 04:00:00,708.3074875282047
2024-06-13 08:00:00,708.3074875282047
2024-06-13 12:00:00,708.3074875282047
2024-06-13 16:00:00,708.3074875282047
2024-06-13 20:00:00,708.3074875282047
2024-06-14 00:00:00,708.3074875282047
2024-06-14 04:00:00,708.3074875282047
2024-06-14 08:00:00,708.3074875282047
2024-06-14 12:00:00,708.3074875282047
2024-06-14 16:00:00,708.3074875282047
2024-06-14 20:00:00,708.3074875282047
2024-06-15 00:00:00,708.3074875282047
2024-06-15 04:00:00,708.3074875282047
2024-06-15 08:00:00,708.3074875282047
2024-06-15 12:00:00,708.3074875282047
2024-06-15 16:00:00,708.3074875282047
2024-06-15 20:00:00,708.3074875282047
2024-06-16 00:00:00,708.3074875282047
2024-06-16 04:00:00,708.3074875282047
2024-06-16 08:00:00,708.3074875282047
2024-06-16 12:00:00,708.3074875282047
2024-06-16 16:00:00,708.3074875282047
2024-06-16 20:00:00,708.3074875282047
2024-06-17 00:00:00,708.3074875282047
2024-06-17 04:00:00,708.3074875282047
2024-06-17 08:00:00,708.3074875282047
2024-06-17 12:00:00,708.3074875282047
2024-06-17 16:00:00,708.3074875282047
2024-06-17 20:00:00,708.3074875282047
2024-06-18 00:00:00,708.3074875282047
2024-06-18 04:00:00,708.3074875282047
2024-06-18 08:00:00,708.3074875282047
2024-06-18 12:00:00,708.3074875282047
2024-06-18 16:00:00,708.3074875282047
2024-06-18 20:00:00,708.3074875282047
2024-06-19 00:00:00,708.3074875282047
2024-06-19 04:00:00,708.3074875282047
2024-06-19 08:00:00,708.3074875282047
2024-06-19 12:00:00,708.3074875282047
2024-06-19 16:00:00,708.3074875282047
2024-06-19 20:00:00,708.3074875282047
2024-06-20 00:00:00,708.3074875282047
2024-06-20 04:00:00,708.3074875282047
2024-06-20 08:00:00,708.3074875282047
2024-06-20 12:00:00,708.3074875282047
2024-06-20 16:00:00,708.3074875282047
2024-06-20 20:00:00,708.3074875282047
2024-06-21 00:00:00,708.3074875282047
2024-06-21 04:00:00,708.3074875282047
2024-06-21 08:00:00,708.3074875282047
2024-06-21 12:00:00,708.3074875282047
2024-06-21 16:00:00,708.3074875282047
2024-06-21 20:00:00,708.3074875282047
2024-06-22 00:00:00,708.3074875282047
2024-06-22 04:00:00,708.3074875282047
2024-06-22 08:00:00,708.3074875282047
2024-06-22 12:00:00,708.3074875282047
2024-06-22 16:00:00,708.3074875282047
2024-06-22 20:00:00,708.3074875282047
2024-06-23 00:00:00,708.3074875282047
2024-06-23 04:00:00,708.3074875282047
2024-06-23 08:00:00,708.3074875282047
2024-06-23 12:00:00,708.3074875282047
2024-06-23 16:00:00,708.3074875282047
2024-06-23 20:00:00,708.3074875282047
2024-06-24 00:00:00,708.3074875282047
2024-06-24 04:00:00,708.3074875282047
2024-06-24 08:00:00,708.3074875282047
2024-06-24 12:00:00,708.3074875282047
2024-06-24 16:00:00,708.3074875282047
2024-06-24 20:00:00,708.3074875282047
2024-06-25 00:00:00,708.3074875282047
2024-06-25 04:00:00,708.3074875282047
2024-06-25 08:00:00,708.3074875282047
2024-06-25 12:00:00,708.3074875282047
2024-06-25 16:00:00,708.3074875282047
2024-06-25 20:00:00,708.3074875282047
2024-06-26 00:00:00,708.3074875282047
2024-06-26 04:00:00,708.3074875282047
2024-06-26 08:00:00,708.3074875282047
2024-06-26 12:00:00,708.3074875282047
2024-06-26 16:00:00,708.3074875282047
2024-06-26 20:00:00,708.3074875282047
2024-06-27 00:00:00,708.3074875282047
2024-06-27 04:00:00,708.3074875282047
2024-06-27 08:00:00,708.3074875282047
2024-06-27 12:00:00,708.3074875282047
2024-06-27 16:00:00,708.3074875282047
2024-06-27 20:00:00,708.3074875282047
2024-06-28 00:00:00,708.3074875282047
2024-06-28 04:00:00,708.3074875282047
2024-06-28 08:00:00,708.3074875282047
2024-06-28 12:00:00,708.3074875282047
2024-06-28 16:00:00,708.3074875282047
2024-06-28 20:00:00,708.3074875282047
2024-06-29 00:00:00,708.3074875282047
2024-06-29 04:00:00,708.3074875282047
2024-06-29 08:00:00,708.3074875282047
2024-06-29 12:00:00,708.3074875282047
2024-06-29 16:00:00,708.3074875282047
2024-06-29 20:00:00,708.3074875282047
2024-06-30 00:00:00,708.3074875282047
2024-06-30 04:00:00,708.3074875282047
2024-06-30 08:00:00,708.3074875282047
2024-06-30 12:00:00,708.3074875282047
2024-06-30 16:00:00,708.3074875282047
2024-06-30 20:00:00,708.3074875282047
2024-07-01 00:00:00,708.3074875282047
2024-07-01 04:00:00,708.3074875282047
2024-07-01 08:00:00,708.3074875282047
2024-07-01 12:00:00,708.3074875282047
2024-07-01 16:00:00,708.3074875282047
2024-07-01 20:00:00,708.3074875282047
2024-07-02 00:00:00,708.3074875282047
2024-07-02 04:00:00,708.3074875282047
2024-07-02 08:00:00,708.3074875282047
2024-07-02 12:00:00,708.3074875282047
2024-07-02 16:00:00,708.3074875282047
2024-07-02 20:00:00,708.3074875282047
2024-07-03 00:00:00,708.3074875282047
2024-07-03 04:00:00,708.3074875282047
2024-07-03 08:00:00,708.3074875282047
2024-07-03 12:00:00,708.3074875282047
2024-07-03 16:00:00,708.3074875282047
2024-07-03 20:00:00,708.3074875282047
2024-07-04 00:00:00,708.3074875282047
2024-07-04 04:00:00,708.3074875282047
2024-07-04 08:00:00,708.3074875282047
2024-07-04 12:00:00,708.3074875282047
2024-07-04 16:00:00,708.3074875282047
2024-07-04 20:00:00,708.3074875282047
2024-07-05 00:00:00,708.3074875282047
2024-07-05 04:00:00,708.3074875282047
2024-07-05 08:00:00,708.3074875282047
2024-07-05 12:00:00,708.3074875282047
2024-07-05 16:00:00,708.3074875282047
2024-07-05 20:00:00,708.3074875282047
2024-07-06 00:00:00,708.3074875282047
2024-07-06 04:00:00,708.3074875282047
2024-07-06 08:00:00,708.3074875282047
2024-07-06 12:00:00,708.3074875282047
2024-07-06 16:00:00,708.3074875282047
2024-07-06 20:00:00,708.3074875282047
2024-07-07 00:00:00,708.3074875282047
2024-07-07 04:00:00,708.3074875282047
2024-07-07 08:00:00,708.3074875282047
2024-07-07 12:00:00,708.3074875282047
2024-07-07 16:00:00,708.3074875282047
2024-07-07 20:00:00,708.3074875282047
2024-07-08 00:00:00,708.3074875282047
2024-07-08 04:00:00,708.3074875282047
2024-07-08 08:00:00,708.3074875282047
2024-07-08 12:00:00,708.3074875282047
2024-07-08 16:00:00,708.3074875282047
2024-07-08 20:00:00,708.3074875282047
2024-07-09 00:00:00,708.3074875282047
2024-07-09 04:00:00,708.3074875282047
2024-07-09 08:00:00,708.3074875282047
2024-07-09 12:00:00,708.3074875282047
2024-07-09 16:00:00,708.3074875282047
2024-07-09 20:00:00,708.3074875282047
2024-07-10 00:00:00,708.3074875282047
2024-07-10 04:00:00,708.3074875282047
2024-07-10 08:00:00,708.3074875282047
2024-07-10 12:00:00,708.3074875282047
2024-07-10 16:00:00,708.3074875282047
2024-07-10 20:00:00,708.3074875282047
2024-07-11 00:00:00,708.3074875282047
2024-07-11 04:00:00,708.3074875282047
2024-07-11 08:00:00,708.3074875282047
2024-07-11 12:00:00,708.3074875282047
2024-07-11 16:00:00,708.3074875282047
2024-07-11 20:00:00,708.3074875282047
2024-07-12 00:00:00,708.3074875282047
2024-07-12 04:00:00,708.3074875282047
2024-07-12 08:00:00,708.3074875282047
2024-07-12 12:00:00,708.3074875282047
2024-07-12 16:00:00,708.3074875282047
2024-07-12 20:00:00,708.3074875282047
2024-07-13 00:00:00,708.3074875282047
2024-07-13 04:00:00,708.3074875282047
2024-07-13 08:00:00,708.3074875282047
2024-07-13 12:00:00,708.3074875282047
2024-07-13 16:00:00,708.3074875282047
2024-07-13 20:00:00,708.3074875282047
2024-07-14 00:00:00,708.3074875282047
2024-07-14 04:00:00,708.3074875282047
2024-07-14 08:00:00,708.3074875282047
2024-07-14 12:00:00,708.3074875282047
2024-07-14 16:00:00,708.3074875282047
2024-07-14 20:00:00,708.3074875282047
2024-07-15 00:00:00,708.3074875282047
2024-07-15 04:00:00,708.3074875282047
2024-07-15 08:00:00,708.3074875282047
2024-07-15 12:00:00,708.3074875282047
2024-07-15 16:00:00,708.3074875282047
2024-07-15 20:00:00,708.3074875282047
2024-07-16 00:00:00,708.3074875282047
2024-07-16 04:00:00,708.3074875282047
2024-07-16 08:00:00,708.3074875282047
2024-07-16 12:00:00,708.3074875282047
2024-07-16 16:00:00,708.3074875282047
2024-07-16 20:00:00,708.3074875282047
2024-07-17 00:00:00,708.3074875282047
2024-07-17 04:00:00,708.3074875282047
2024-07-17 08:00:00,708.3074875282047
2024-07-17 12:00:00,708.3074875282047
2024-07-17 16:00:00,708.3074875282047
2024-07-17 20:00:00,708.3074875282047
2024-07-18 00:00:00,708.3074875282047
2024-07-18 04:00:00,708.3074875282047
2024-07-18 08:00:00,708.3074875282047
2024-07-18 12:00:00,708.3074875282047
2024-07-18 16:00:00,708.3074875282047
2024-07-18 20:00:00,708.3074875282047
2024-07-19 00:00:00,708.3074875282047
2024-07-19 04:00:00,708.3074875282047
2024-07-19 08:00:00,708.3074875282047
2024-07-19 12:00:00,708.3074875282047
2024-07-19 16:00:00,708.3074875282047
2024-07-19 20:00:00,708.3074875282047
2024-07-20 00:00:00,708.3074875282047
2024-07-20 04:00:00,708.3074875282047
2024-07-20 08:00:00,708.3074875282047
2024-07-20 12:00:00,708.3074875282047
2024-07-20 16:00:00,708.3074875282047
2024-07-20 20:00:00,708.3074875282047
2024-07-21 00:00:00,708.3074875282047
2024-07-21 04:00:00,708.3074875282047
2024-07-21 08:00:00,708.3074875282047
2024-07-21 12:00:00,708.3074875282047
2024-07-21 16:00:00,708.3074875282047
2024-07-21 20:00:00,708.3074875282047
2024-07-22 00:00:00,708.3074875282047
2024-07-22 04:00:00,708.3074875282047
2024-07-22 08:00:00,708.3074875282047
2024-07-22 12:00:00,708.3074875282047
2024-07-22 16:00:00,708.3074875282047
2024-07-22 20:00:00,708.3074875282047
2024-07-23 00:00:00,708.3074875282047
2024-07-23 04:00:00,708.3074875282047
2024-07-23 08:00:00,708.3074875282047
2024-07-23 12:00:00,708.3074875282047
2024-07-23 16:00:00,708.3074875282047
2024-07-23 20:00:00,708.3074875282047
2024-07-24 00:00:00,708.3074875282047
2024-07-24 04:00:00,708.3074875282047
2024-07-24 08:00:00,708.3074875282047
2024-07-24 12:00:00,708.3074875282047
2024-07-24 16:00:00,708.3074875282047
2024-07-24 20:00:00,708.3074875282047
2024-07-25 00:00:00,708.3074875282047
2024-07-25 04:00:00,708.3074875282047
2024-07-25 08:00:00,708.3074875282047
2024-07-25 12:00:00,708.3074875282047
2024-07-25 16:00:00,708.3074875282047
2024-07-25 20:00:00,708.3074875282047
2024-07-26 00:00:00,708.3074875282047
2024-07-26 04:00:00,708.3074875282047
2024-07-26 08:00:00,708.3074875282047
2024-07-26 12:00:00,708.3074875282047
2024-07-26 16:00:00,708.3074875282047
2024-07-26 20:00:00,708.3074875282047
2024-07-27 00:00:00,708.3074875282047
2024-07-27 04:00:00,708.3074875282047
2024-07-27 08:00:00,708.3074875282047
2024-07-27 12:00:00,708.3074875282047
2024-07-27 16:00:00,708.3074875282047
2024-07-27 20:00:00,708.3074875282047
2024-07-28 00:00:00,708.3074875282047
2024-07-28 04:00:00,708.3074875282047
2024-07-28 08:00:00,708.3074875282047
2024-07-28 12:00:00,708.3074875282047
2024-07-28 16:00:00,708.3074875282047
2024-07-28 20:00:00,708.3074875282047
2024-07-29 00:00:00,708.3074875282047
2024-07-29 04:00:00,708.3074875282047
2024-07-29 08:00:00,708.3074875282047
2024-07-29 12:00:00,708.3074875282047
2024-07-29 16:00:00,708.3074875282047
2024-07-29 20:00:00,708.3074875282047
2024-07-30 00:00:00,708.3074875282047
2024-07-30 04:00:00,708.3074875282047
2024-07-30 08:00:00,708.3074875282047
2024-07-30 12:00:00,708.3074875282047
2024-07-30 16:00:00,708.3074875282047
2024-07-30 20:00:00,708.3074875282047
2024-07-31 00:00:00,708.3074875282047
2024-07-31 04:00:00,708.3074875282047
2024-07-31 08:00:00,708.3074875282047
2024-07-31 12:00:00,708.3074875282047
2024-07-31 16:00:00,708.3074875282047
2024-07-31 20:00:00,708.3074875282047
2024-08-01 00:00:00,708.3074875282047
2024-08-01 04:00:00,708.3074875282047
2024-08-01 08:00:00,708.3074875282047
2024-08-01 12:00:00,708.3074875282047
2024-08-01 16:00:00,708.3074875282047
2024-08-01 20:00:00,708.3074875282047
2024-08-02 00:00:00,708.3074875282047
2024-08-02 04:00:00,708.3074875282047
2024-08-02 08:00:00,708.3074875282047
2024-08-02 12:00:00,708.3074875282047
2024-08-02 16:00:00,708.3074875282047
2024-08-02 20:00:00,708.3074875282047
2024-08-03 00:00:00,708.3074875282047
2024-08-03 04:00:00,708.3074875282047
2024-08-03 08:00:00,708.3074875282047
2024-08-03 12:00:00,708.3074875282047
2024-08-03 16:00:00,708.3074875282047
2024-08-03 20:00:00,708.3074875282047
2024-08-04 00:00:00,708.3074875282047
2024-08-04 04:00:00,708.3074875282047
2024-08-04 08:00:00,708.3074875282047
2024-08-04 12:00:00,708.3074875282047
2024-08-04 16:00:00,708.3074875282047
2024-08-04 20:00:00,708.3074875282047
2024-08-05 00:00:00,708.3074875282047
2024-08-05 04:00:00,708.3074875282047
2024-08-05 08:00:00,708.3074875282047
2024-08-05 12:00:00,708.3074875282047
2024-08-05 16:00:00,708.3074875282047
2024-08-05 20:00:00,708.3074875282047
2024-08-06 00:00:00,708.3074875282047
2024-08-06 04:00:00,708.3074875282047
2024-08-06 08:00:00,708.3074875282047
2024-08-06 12:00:00,708.3074875282047
2024-08-06 16:00:00,708.3074875282047
2024-08-06 20:00:00,708.3074875282047
2024-08-07 00:00:00,708.3074875282047
2024-08-07 04:00:00,708.3074875282047
2024-08-07 08:00:00,708.3074875282047
2024-08-07 12:00:00,708.3074875282047
2024-08-07 16:00:00,708.3074875282047
2024-08-07 20:00:00,708.3074875282047
2024-08-08 00:00:00,708.3074875282047
2024-08-08 04:00:00,708.3074875282047
2024-08-08 08:00:00,708.3074875282047
2024-08-08 12:00:00,708.3074875282047
2024-08-08 16:00:00,708.3074875282047
2024-08-08 20:00:00,708.3074875282047
2024-08-09 00:00:00,708.3074875282047
2024-08-09 04:00:00,708.3074875282047
2024-08-09 08:00:00,708.3074875282047
2024-08-09 12:00:00,708.3074875282047
2024-08-09 16:00:00,708.3074875282047
2024-08-09 20:00:00,708.3074875282047
2024-08-10 00:00:00,708.3074875282047
2024-08-10 04:00:00,708.3074875282047
2024-08-10 08:00:00,708.3074875282047
2024-08-10 12:00:00,708.3074875282047
2024-08-10 16:00:00,708.3074875282047
2024-08-10 20:00:00,708.3074875282047
2024-08-11 00:00:00,708.3074875282047
2024-08-11 04:00:00,708.3074875282047
2024-08-11 08:00:00,708.3074875282047
2024-08-11 12:00:00,708.3074875282047
2024-08-11 16:00:00,708.3074875282047
2024-08-11 20:00:00,708.3074875282047
2024-08-12 00:00:00,708.3074875282047
2024-08-12 04:00:00,708.3074875282047
2024-08-12 08:00:00,708.3074875282047
2024-08-12 12:00:00,708.3074875282047
2024-08-12 16:00:00,708.3074875282047
2024-08-12 20:00:00,708.3074875282047
2024-08-13 00:00:00,708.3074875282047
2024-08-13 04:00:00,708.3074875282047
2024-08-13 08:00:00,708.3074875282047
2024-08-13 12:00:00,708.3074875282047
2024-08-13 16:00:00,708.3074875282047
2024-08-13 20:00:00,708.3074875282047
2024-08-14 00:00:00,708.3074875282047
2024-08-14 04:00:00,708.3074875282047
2024-08-14 08:00:00,708.3074875282047
2024-08-14 12:00:00,708.3074875282047
2024-08-14 16:00:00,708.3074875282047
2024-08-14 20:00:00,708.3074875282047
2024-08-15 00:00:00,708.3074875282047
2024-08-15 04:00:00,708.3074875282047
2024-08-15 08:00:00,708.3074875282047
2024-08-15 12:00:00,708.3074875282047
2024-08-15 16:00:00,708.3074875282047
2024-08-15 20:00:00,708.3074875282047
2024-08-16 00:00:00,708.3074875282047
2024-08-16 04:00:00,708.3074875282047
2024-08-16 08:00:00,708.3074875282047
2024-08-16 12:00:00,708.3074875282047
2024-08-16 16:00:00,708.3074875282047
2024-08-16 20:00:00,708.3074875282047
2024-08-17 00:00:00,708.3074875282047
2024-08-17 04:00:00,708.3074875282047
2024-08-17 08:00:00,708.3074875282047
2024-08-17 12:00:00,708.3074875282047
2024-08-17 16:00:00,708.3074875282047
2024-08-17 20:00:00,708.3074875282047
2024-08-18 00:00:00,708.3074875282047
2024-08-18 04:00:00,708.3074875282047
2024-08-18 08:00:00,708.3074875282047
2024-08-18 12:00:00,708.3074875282047
2024-08-18 16:00:00,708.3074875282047
2024-08-18 20:00:00,708.3074875282047
2024-08-19 00:00:00,708.3074875282047
2024-08-19 04:00:00,708.3074875282047
2024-08-19 08:00:00,708.3074875282047
2024-08-19 12:00:00,708.3074875282047
2024-08-19 16:00:00,708.3074875282047
2024-08-19 20:00:00,708.3074875282047
2024-08-20 00:00:00,708.3074875282047
2024-08-20 04:00:00,708.3074875282047
2024-08-20 08:00:00,708.3074875282047
2024-08-20 12:00:00,708.3074875282047
2024-08-20 16:00:00,708.3074875282047
2024-08-20 20:00:00,708.3074875282047
2024-08-21 00:00:00,708.3074875282047
2024-08-21 04:00:00,708.3074875282047
2024-08-21 08:00:00,708.3074875282047
2024-08-21 12:00:00,708.3074875282047
2024-08-21 16:00:00,708.3074875282047
2024-08-21 20:00:00,708.3074875282047
2024-08-22 00:00:00,708.3074875282047
2024-08-22 04:00:00,708.3074875282047
2024-08-22 08:00:00,708.3074875282047
2024-08-22 12:00:00,708.3074875282047
2024-08-22 16:00:00,708.3074875282047
2024-08-22 20:00:00,708.3074875282047
2024-08-23 00:00:00,708.3074875282047
2024-08-23 04:00:00,708.3074875282047
2024-08-23 08:00:00,708.3074875282047
2024-08-23 12:00:00,708.3074875282047
2024-08-23 16:00:00,708.3074875282047
2024-08-23 20:00:00,708.3074875282047
2024-08-24 00:00:00,708.3074875282047
2024-08-24 04:00:00,708.3074875282047
2024-08-24 08:00:00,708.3074875282047
2024-08-24 12:00:00,708.3074875282047
2024-08-24 16:00:00,708.3074875282047
2024-08-24 20:00:00,708.3074875282047
2024-08-25 00:00:00,708.3074875282047
2024-08-25 04:00:00,708.3074875282047
2024-08-25 08:00:00,708.3074875282047
2024-08-25 12:00:00,708.3074875282047
2024-08-25 16:00:00,708.3074875282047
2024-08-25 20:00:00,708.3074875282047
2024-08-26 00:00:00,708.3074875282047
2024-08-26 04:00:00,708.3074875282047
2024-08-26 08:00:00,708.3074875282047
2024-08-26 12:00:00,708.3074875282047
2024-08-26 16:00:00,708.3074875282047
2024-08-26 20:00:00,708.3074875282047
2024-08-27 00:00:00,708.3074875282047
2024-08-27 04:00:00,708.3074875282047
2024-08-27 08:00:00,708.3074875282047
2024-08-27 12:00:00,708.3074875282047
2024-08-27 16:00:00,708.3074875282047
2024-08-27 20:00:00,708.3074875282047
2024-08-28 00:00:00,708.3074875282047
2024-08-28 04:00:00,708.3074875282047
2024-08-28 08:00:00,708.3074875282047
2024-08-28 12:00:00,708.3074875282047
2024-08-28 16:00:00,708.3074875282047
2024-08-28 20:00:00,708.3074875282047
2024-08-29 00:00:00,708.3074875282047
2024-08-29 04:00:00,708.3074875282047
2024-08-29 08:00:00,708.3074875282047
2024-08-29 12:00:00,708.3074875282047
2024-08-29 16:00:00,708.3074875282047
2024-08-29 20:00:00,708.3074875282047
2024-08-30 00:00:00,708.3074875282047
2024-08-30 04:00:00,708.3074875282047
2024-08-30 08:00:00,708.3074875282047
2024-08-30 12:00:00,708.3074875282047
2024-08-30 16:00:00,708.3074875282047
2024-08-30 20:00:00,708.3074875282047
2024-08-31 00:00:00,708.3074875282047
2024-08-31 04:00:00,708.3074875282047
2024-08-31 08:00:00,708.3074875282047
2024-08-31 12:00:00,708.3074875282047
2024-08-31 16:00:00,708.3074875282047
2024-08-31 20:00:00,708.3074875282047
2024-09-01 00:00:00,708.3074875282047
2024-09-01 04:00:00,708.3074875282047
2024-09-01 08:00:00,708.3074875282047
2024-09-01 12:00:00,708.3074875282047
2024-09-01 16:00:00,708.3074875282047
2024-09-01 20:00:00,708.3074875282047
2024-09-02 00:00:00,708.3074875282047
2024-09-02 04:00:00,708.3074875282047
2024-09-02 08:00:00,708.3074875282047
2024-09-02 12:00:00,708.3074875282047
2024-09-02 16:00:00,708.3074875282047
2024-09-02 20:00:00,708.3074875282047
2024-09-03 00:00:00,708.3074875282047
2024-09-03 04:00:00,708.3074875282047
2024-09-03 08:00:00,708.3074875282047
2024-09-03 12:00:00,708.3074875282047
2024-09-03 16:00:00,708.3074875282047
2024-09-03 20:00:00,708.3074875282047
2024-09-04 00:00:00,708.3074875282047
2024-09-04 04:00:00,708.3074875282047
2024-09-04 08:00:00,708.3074875282047
2024-09-04 12:00:00,708.3074875282047
2024-09-04 16:00:00,708.3074875282047
2024-09-04 20:00:00,708.3074875282047
2024-09-05 00:00:00,708.3074875282047
2024-09-05 04:00:00,708.3074875282047
2024-09-05 08:00:00,708.3074875282047
2024-09-05 12:00:00,708.3074875282047
2024-09-05 16:00:00,708.3074875282047
2024-09-05 20:00:00,708.3074875282047
2024-09-06 00:00:00,708.3074875282047
2024-09-06 04:00:00,708.3074875282047
2024-09-06 08:00:00,708.3074875282047
2024-09-06 12:00:00,708.3074875282047
2024-09-06 16:00:00,708.3074875282047
2024-09-06 20:00:00,708.3074875282047
2024-09-07 00:00:00,708.3074875282047
2024-09-07 04:00:00,708.3074875282047
2024-09-07 08:00:00,708.3074875282047
2024-09-07 12:00:00,708.3074875282047
2024-09-07 16:00:00,708.3074875282047
2024-09-07 20:00:00,708.3074875282047
2024-09-08 00:00:00,708.3074875282047
2024-09-08 04:00:00,708.3074875282047
2024-09-08 08:00:00,708.3074875282047
2024-09-08 12:00:00,708.3074875282047
2024-09-08 16:00:00,708.3074875282047
2024-09-08 20:00:00,708.3074875282047
2024-09-09 00:00:00,708.3074875282047
2024-09-09 04:00:00,708.3074875282047
2024-09-09 08:00:00,708.3074875282047
2024-09-09 12:00:00,708.3074875282047
2024-09-09 16:00:00,708.3074875282047
2024-09-09 20:00:00,708.3074875282047
2024-09-10 00:00:00,708.3074875282047
2024-09-10 04:00:00,708.3074875282047
2024-09-10 08:00:00,708.3074875282047
2024-09-10 12:00:00,708.3074875282047
2024-09-10 16:00:00,708.3074875282047
2024-09-10 20:00:00,708.3074875282047
2024-09-11 00:00:00,708.3074875282047
2024-09-11 04:00:00,708.3074875282047
2024-09-11 08:00:00,708.3074875282047
2024-09-11 12:00:00,708.3074875282047
2024-09-11 16:00:00,708.3074875282047
2024-09-11 20:00:00,708.3074875282047
2024-09-12 00:00:00,708.3074875282047
2024-09-12 04:00:00,708.3074875282047
2024-09-12 08:00:00,708.3074875282047
2024-09-12 12:00:00,708.3074875282047
2024-09-12 16:00:00,708.3074875282047
2024-09-12 20:00:00,708.3074875282047
2024-09-13 00:00:00,708.3074875282047
2024-09-13 04:00:00,708.3074875282047
2024-09-13 08:00:00,708.3074875282047
2024-09-13 12:00:00,708.3074875282047
2024-09-13 16:00:00,708.3074875282047
2024-09-13 20:00:00,708.3074875282047
2024-09-14 00:00:00,708.3074875282047
2024-09-14 04:00:00,708.3074875282047
2024-09-14 08:00:00,708.3074875282047
2024-09-14 12:00:00,708.3074875282047
2024-09-14 16:00:00,708.3074875282047
2024-09-14 20:00:00,708.3074875282047
2024-09-15 00:00:00,708.3074875282047
2024-09-15 04:00:00,708.3074875282047
2024-09-15 08:00:00,708.3074875282047
2024-09-15 12:00:00,708.3074875282047
2024-09-15 16:00:00,708.3074875282047
2024-09-15 20:00:00,708.3074875282047
2024-09-16 00:00:00,708.3074875282047
2024-09-16 04:00:00,708.3074875282047
2024-09-16 08:00:00,708.3074875282047
2024-09-16 12:00:00,708.3074875282047
2024-09-16 16:00:00,708.3074875282047
2024-09-16 20:00:00,708.3074875282047
2024-09-17 00:00:00,708.3074875282047
2024-09-17 04:00:00,708.3074875282047
2024-09-17 08:00:00,708.3074875282047
2024-09-17 12:00:00,708.3074875282047
2024-09-17 16:00:00,708.3074875282047
2024-09-17 20:00:00,708.3074875282047
2024-09-18 00:00:00,708.3074875282047
2024-09-18 04:00:00,708.3074875282047
2024-09-18 08:00:00,708.3074875282047
2024-09-18 12:00:00,708.3074875282047
2024-09-18 16:00:00,708.3074875282047
2024-09-18 20:00:00,708.3074875282047
2024-09-19 00:00:00,708.3074875282047
2024-09-19 04:00:00,708.3074875282047
2024-09-19 08:00:00,708.3074875282047
2024-09-19 12:00:00,708.3074875282047
2024-09-19 16:00:00,708.3074875282047
2024-09-19 20:00:00,708.3074875282047
2024-09-20 00:00:00,708.3074875282047
2024-09-20 04:00:00,708.3074875282047
2024-09-20 08:00:00,708.3074875282047
2024-09-20 12:00:00,708.3074875282047
2024-09-20 16:00:00,708.3074875282047
2024-09-20 20:00:00,708.3074875282047
2024-09-21 00:00:00,708.3074875282047
2024-09-21 04:00:00,708.3074875282047
2024-09-21 08:00:00,708.3074875282047
2024-09-21 12:00:00,708.3074875282047
2024-09-21 16:00:00,708.3074875282047
2024-09-21 20:00:00,708.3074875282047
2024-09-22 00:00:00,708.3074875282047
2024-09-22 04:00:00,708.3074875282047
2024-09-22 08:00:00,708.3074875282047
2024-09-22 12:00:00,708.3074875282047
2024-09-22 16:00:00,708.3074875282047
2024-09-22 20:00:00,708.3074875282047
2024-09-23 00:00:00,708.3074875282047
2024-09-23 04:00:00,708.3074875282047
2024-09-23 08:00:00,708.3074875282047
2024-09-23 12:00:00,708.3074875282047
2024-09-23 16:00:00,708.3074875282047
2024-09-23 20:00:00,708.3074875282047
2024-09-24 00:00:00,708.3074875282047
2024-09-24 04:00:00,708.3074875282047
2024-09-24 08:00:00,708.3074875282047
2024-09-24 12:00:00,708.3074875282047
2024-09-24 16:00:00,708.3074875282047
2024-09-24 20:00:00,708.3074875282047
2024-09-25 00:00:00,708.3074875282047
2024-09-25 04:00:00,708.3074875282047
2024-09-25 08:00:00,708.3074875282047
2024-09-25 12:00:00,708.3074875282047
2024-09-25 16:00:00,708.3074875282047
2024-09-25 20:00:00,708.3074875282047
2024-09-26 00:00:00,708.3074875282047
2024-09-26 04:00:00,708.3074875282047
2024-09-26 08:00:00,708.3074875282047
2024-09-26 12:00:00,708.3074875282047
2024-09-26 16:00:00,708.3074875282047
2024-09-26 20:00:00,708.3074875282047
2024-09-27 00:00:00,708.3074875282047
2024-09-27 04:00:00,708.3074875282047
2024-09-27 08:00:00,708.3074875282047
2024-09-27 12:00:00,708.3074875282047
2024-09-27 16:00:00,708.3074875282047
2024-09-27 20:00:00,708.3074875282047
2024-09-28 00:00:00,708.3074875282047
2024-09-28 04:00:00,708.3074875282047
2024-09-28 08:00:00,708.3074875282047
2024-09-28 12:00:00,708.3074875282047
2024-09-28 16:00:00,708.3074875282047
2024-09-28 20:00:00,708.3074875282047
2024-09-29 00:00:00,708.3074875282047
2024-09-29 04:00:00,708.3074875282047
2024-09-29 08:00:00,708.3074875282047
2024-09-29 12:00:00,708.3074875282047
2024-09-29 16:00:00,708.3074875282047
2024-09-29 20:00:00,708.3074875282047
2024-09-30 00:00:00,708.3074875282047
2024-09-30 04:00:00,708.3074875282047
2024-09-30 08:00:00,708.3074875282047
2024-09-30 12:00:00,708.3074875282047
2024-09-30 16:00:00,708.3074875282047
2024-09-30 20:00:00,708.3074875282047
2024-10-01 00:00:00,708.3074875282047
2024-10-01 04:00:00,708.3074875282047
2024-10-01 08:00:00,708.3074875282047
2024-10-01 12:00:00,708.3074875282047
2024-10-01 16:00:00,708.3074875282047
2024-10-01 20:00:00,708.3074875282047
2024-10-02 00:00:00,708.3074875282047
2024-10-02 04:00:00,708.3074875282047
2024-10-02 08:00:00,708.3074875282047
2024-10-02 12:00:00,708.3074875282047
2024-10-02 16:00:00,708.3074875282047
2024-10-02 20:00:00,708.3074875282047
2024-10-03 00:00:00,708.3074875282047
2024-10-03 04:00:00,708.3074875282047
2024-10-03 08:00:00,708.3074875282047
2024-10-03 12:00:00,708.3074875282047
2024-10-03 16:00:00,708.3074875282047
2024-10-03 20:00:00,708.3074875282047
2024-10-04 00:00:00,708.3074875282047
2024-10-04 04:00:00,708.3074875282047
2024-10-04 08:00:00,708.3074875282047
2024-10-04 12:00:00,708.3074875282047
2024-10-04 16:00:00,708.3074875282047
2024-10-04 20:00:00,708.3074875282047
2024-10-05 00:00:00,708.3074875282047
2024-10-05 04:00:00,708.3074875282047
2024-10-05 08:00:00,708.3074875282047
2024-10-05 12:00:00,708.3074875282047
2024-10-05 16:00:00,708.3074875282047
2024-10-05 20:00:00,708.3074875282047
2024-10-06 00:00:00,708.3074875282047
2024-10-06 04:00:00,708.3074875282047
2024-10-06 08:00:00,708.3074875282047
2024-10-06 12:00:00,708.3074875282047
2024-10-06 16:00:00,708.3074875282047
2024-10-06 20:00:00,708.3074875282047
2024-10-07 00:00:00,708.3074875282047
2024-10-07 04:00:00,708.3074875282047
2024-10-07 08:00:00,708.3074875282047
2024-10-07 12:00:00,708.3074875282047
2024-10-07 16:00:00,708.3074875282047
2024-10-07 20:00:00,708.3074875282047
2024-10-08 00:00:00,708.3074875282047
2024-10-08 04:00:00,708.3074875282047
2024-10-08 08:00:00,708.3074875282047
2024-10-08 12:00:00,708.3074875282047
2024-10-08 16:00:00,708.3074875282047
2024-10-08 20:00:00,708.3074875282047
2024-10-09 00:00:00,708.3074875282047
2024-10-09 04:00:00,708.3074875282047
2024-10-09 08:00:00,708.3074875282047
2024-10-09 12:00:00,708.3074875282047
2024-10-09 16:00:00,708.3074875282047
2024-10-09 20:00:00,708.3074875282047
2024-10-10 00:00:00,708.3074875282047
2024-10-10 04:00:00,708.3074875282047
2024-10-10 08:00:00,708.3074875282047
2024-10-10 12:00:00,708.3074875282047
2024-10-10 16:00:00,708.3074875282047
2024-10-10 20:00:00,708.3074875282047
2024-10-11 00:00:00,708.3074875282047
2024-10-11 04:00:00,708.3074875282047
2024-10-11 08:00:00,708.3074875282047
2024-10-11 12:00:00,708.3074875282047
2024-10-11 16:00:00,708.3074875282047
2024-10-11 20:00:00,708.3074875282047
2024-10-12 00:00:00,708.3074875282047
2024-10-12 04:00:00,708.3074875282047
2024-10-12 08:00:00,708.3074875282047
2024-10-12 12:00:00,708.3074875282047
2024-10-12 16:00:00,708.3074875282047
2024-10-12 20:00:00,708.3074875282047
2024-10-13 00:00:00,708.3074875282047
2024-10-13 04:00:00,708.3074875282047
2024-10-13 08:00:00,708.3074875282047
2024-10-13 12:00:00,708.3074875282047
2024-10-13 16:00:00,708.3074875282047
2024-10-13 20:00:00,708.3074875282047
2024-10-14 00:00:00,708.3074875282047
2024-10-14 04:00:00,708.3074875282047
2024-10-14 08:00:00,708.3074875282047
2024-10-14 12:00:00,708.3074875282047
2024-10-14 16:00:00,708.3074875282047
2024-10-14 20:00:00,708.3074875282047
2024-10-15 00:00:00,708.3074875282047
2024-10-15 04:00:00,708.3074875282047
2024-10-15 08:00:00,708.3074875282047
2024-10-15 12:00:00,708.3074875282047
2024-10-15 16:00:00,708.3074875282047
2024-10-15 20:00:00,708.3074875282047
2024-10-16 00:00:00,708.3074875282047
2024-10-16 04:00:00,708.3074875282047
2024-10-16 08:00:00,708.3074875282047
2024-10-16 12:00:00,708.3074875282047
2024-10-16 16:00:00,708.3074875282047
2024-10-16 20:00:00,708.3074875282047
2024-10-17 00:00:00,708.3074875282047
2024-10-17 04:00:00,708.3074875282047
2024-10-17 08:00:00,708.3074875282047
2024-10-17 12:00:00,708.3074875282047
2024-10-17 16:00:00,708.3074875282047
2024-10-17 20:00:00,708.3074875282047
2024-10-18 00:00:00,708.3074875282047
2024-10-18 04:00:00,708.3074875282047
2024-10-18 08:00:00,708.3074875282047
2024-10-18 12:00:00,708.3074875282047
2024-10-18 16:00:00,708.3074875282047
2024-10-18 20:00:00,708.3074875282047
2024-10-19 00:00:00,708.3074875282047
2024-10-19 04:00:00,708.3074875282047
2024-10-19 08:00:00,708.3074875282047
2024-10-19 12:00:00,708.3074875282047
2024-10-19 16:00:00,708.3074875282047
2024-10-19 20:00:00,708.3074875282047
2024-10-20 00:00:00,708.3074875282047
2024-10-20 04:00:00,708.3074875282047
2024-10-20 08:00:00,708.3074875282047
2024-10-20 12:00:00,708.3074875282047
2024-10-20 16:00:00,708.3074875282047
2024-10-20 20:00:00,708.3074875282047
2024-10-21 00:00:00,708.3074875282047
2024-10-21 04:00:00,708.3074875282047
2024-10-21 08:00:00,708.3074875282047
2024-10-21 12:00:00,708.3074875282047
2024-10-21 16:00:00,708.3074875282047
2024-10-21 20:00:00,708.3074875282047
2024-10-22 00:00:00,708.3074875282047
2024-10-22 04:00:00,708.3074875282047
2024-10-22 08:00:00,708.3074875282047
2024-10-22 12:00:00,708.3074875282047
2024-10-22 16:00:00,708.3074875282047
2024-10-22 20:00:00,708.3074875282047
2024-10-23 00:00:00,708.3074875282047
2024-10-23 04:00:00,708.3074875282047
2024-10-23 08:00:00,708.3074875282047
2024-10-23 12:00:00,708.3074875282047
2024-10-23 16:00:00,708.3074875282047
2024-10-23 20:00:00,708.3074875282047
2024-10-24 00:00:00,708.3074875282047
2024-10-24 04:00:00,708.3074875282047
2024-10-24 08:00:00,708.3074875282047
2024-10-24 12:00:00,708.3074875282047
2024-10-24 16:00:00,708.3074875282047
2024-10-24 20:00:00,708.3074875282047
2024-10-25 00:00:00,708.3074875282047
2024-10-25 04:00:00,708.3074875282047
2024-10-25 08:00:00,708.3074875282047
2024-10-25 12:00:00,708.3074875282047
2024-10-25 16:00:00,708.3074875282047
2024-10-25 20:00:00,708.3074875282047
2024-10-26 00:00:00,708.3074875282047
2024-10-26 04:00:00,708.3074875282047
2024-10-26 08:00:00,708.3074875282047
2024-10-26 12:00:00,708.3074875282047
2024-10-26 16:00:00,708.3074875282047
2024-10-26 20:00:00,708.3074875282047
2024-10-27 00:00:00,708.3074875282047
2024-10-27 04:00:00,708.3074875282047
2024-10-27 08:00:00,708.3074875282047
2024-10-27 12:00:00,708.3074875282047
2024-10-27 16:00:00,708.3074875282047
2024-10-27 20:00:00,708.3074875282047
2024-10-28 00:00:00,708.3074875282047
2024-10-28 04:00:00,708.3074875282047
2024-10-28 08:00:00,708.3074875282047
2024-10-28 12:00:00,708.3074875282047
2024-10-28 16:00:00,708.3074875282047
2024-10-28 20:00:00,708.3074875282047
2024-10-29 00:00:00,708.3074875282047
2024-10-29 04:00:00,708.3074875282047
2024-10-29 08:00:00,708.3074875282047
2024-10-29 12:00:00,708.3074875282047
2024-10-29 16:00:00,708.3074875282047
2024-10-29 20:00:00,708.3074875282047
2024-10-30 00:00:00,708.3074875282047
2024-10-30 04:00:00,708.3074875282047
2024-10-30 08:00:00,708.3074875282047
2024-10-30 12:00:00,708.3074875282047
2024-10-30 16:00:00,708.3074875282047
2024-10-30 20:00:00,708.3074875282047
2024-10-31 00:00:00,708.3074875282047
2024-10-31 04:00:00,708.3074875282047
2024-10-31 08:00:00,708.3074875282047
2024-10-31 12:00:00,708.3074875282047
2024-10-31 16:00:00,708.3074875282047
2024-10-31 20:00:00,708.3074875282047
2024-11-01 00:00:00,708.3074875282047
2024-11-01 04:00:00,708.3074875282047
2024-11-01 08:00:00,708.3074875282047
2024-11-01 12:00:00,708.3074875282047
2024-11-01 16:00:00,708.3074875282047
2024-11-01 20:00:00,708.3074875282047
2024-11-02 00:00:00,708.3074875282047
2024-11-02 04:00:00,708.3074875282047
2024-11-02 08:00:00,708.3074875282047
2024-11-02 12:00:00,708.3074875282047
2024-11-02 16:00:00,708.3074875282047
2024-11-02 20:00:00,708.3074875282047
2024-11-03 00:00:00,708.3074875282047
2024-11-03 04:00:00,708.3074875282047
2024-11-03 08:00:00,708.3074875282047
2024-11-03 12:00:00,708.3074875282047
2024-11-03 16:00:00,708.3074875282047
2024-11-03 20:00:00,708.3074875282047
2024-11-04 00:00:00,708.3074875282047
2024-11-04 04:00:00,708.3074875282047
2024-11-04 08:00:00,708.3074875282047
2024-11-04 12:00:00,708.3074875282047
2024-11-04 16:00:00,708.3074875282047
2024-11-04 20:00:00,708.3074875282047
2024-11-05 00:00:00,708.3074875282047
2024-11-05 04:00:00,708.3074875282047
2024-11-05 08:00:00,708.3074875282047
2024-11-05 12:00:00,708.3074875282047
2024-11-05 16:00:00,708.3074875282047
2024-11-05 20:00:00,708.3074875282047
2024-11-06 00:00:00,708.3074875282047
2024-11-06 04:00:00,708.3074875282047
2024-11-06 08:00:00,708.3074875282047
2024-11-06 12:00:00,708.3074875282047
2024-11-06 16:00:00,708.3074875282047
2024-11-06 20:00:00,708.3074875282047
2024-11-07 00:00:00,708.3074875282047
2024-11-07 04:00:00,708.3074875282047
2024-11-07 08:00:00,708.3074875282047
2024-11-07 12:00:00,708.3074875282047
2024-11-07 16:00:00,708.3074875282047
2024-11-07 20:00:00,708.3074875282047
2024-11-08 00:00:00,708.3074875282047
2024-11-08 04:00:00,708.3074875282047
2024-11-08 08:00:00,708.3074875282047
2024-11-08 12:00:00,708.3074875282047
2024-11-08 16:00:00,708.3074875282047
2024-11-08 20:00:00,708.3074875282047
2024-11-09 00:00:00,708.3074875282047
2024-11-09 04:00:00,708.3074875282047
2024-11-09 08:00:00,708.3074875282047
2024-11-09 12:00:00,708.3074875282047
2024-11-09 16:00:00,708.3074875282047
2024-11-09 20:00:00,708.3074875282047
2024-11-10 00:00:00,708.3074875282047
2024-11-10 04:00:00,708.3074875282047
2024-11-10 08:00:00,708.3074875282047
2024-11-10 12:00:00,708.3074875282047
2024-11-10 16:00:00,708.3074875282047
2024-11-10 20:00:00,708.3074875282047
2024-11-11 00:00:00,708.3074875282047
2024-11-11 04:00:00,708.3074875282047
2024-11-11 08:00:00,708.3074875282047
2024-11-11 12:00:00,708.3074875282047
2024-11-11 16:00:00,708.3074875282047
2024-11-11 20:00:00,708.3074875282047
2024-11-12 00:00:00,708.3074875282047
2024-11-12 04:00:00,708.3074875282047
2024-11-12 08:00:00,708.3074875282047
2024-11-12 12:00:00,708.3074875282047
2024-11-12 16:00:00,708.3074875282047
2024-11-12 20:00:00,708.3074875282047
2024-11-13 00:00:00,711.192417032814
2024-11-13 04:00:00,710.3683449263652
2024-11-13 08:00:00,709.1292174502297
2024-11-13 12:00:00,689.4134835268187
2024-11-13 16:00:00,700.8135478732498
2024-11-13 20:00:00,699.8817761539079
2024-11-14 00:00:00,701.9192183762016
2024-11-14 04:00:00,697.9387087535733
2024-11-14 08:00:00,694.5000160021923
2024-11-14 12:00:00,711.4429313738967
2024-11-14 16:00:00,704.2440966044619
2024-11-14 20:00:00,714.4001688152837
2024-11-15 00:00:00,710.2304304887274
2024-11-15 04:00:00,712.9093340643367
2024-11-15 08:00:00,702.9017704565977
2024-11-15 12:00:00,709.1175740856265
2024-11-15 16:00:00,699.8573440934008
2024-11-15 20:00:00,696.7137523081454
2024-11-16 00:00:00,695.6971869670434
2024-11-16 04:00:00,696.2409200783303
2024-11-16 08:00:00,695.9209079916874
2024-11-16 12:00:00,699.0927643175295
2024-11-16 16:00:00,696.2236739179724
2024-11-16 20:00:00,698.7799381310358
2024-11-17 00:00:00,700.4489832056821
2024-11-17 04:00:00,698.9873711153417
2024-11-17 08:00:00,698.3003990610814
2024-11-17 12:00:00,700.4001190846677
2024-11-17 16:00:00,701.3850664651135
2024-11-17 20:00:00,702.3412702449626
2024-11-18 00:00:00,698.3712999425532
2024-11-18 04:00:00,693.2582924564164
2024-11-18 08:00:00,700.2391549213265
2024-11-18 12:00:00,690.3269242555664
2024-11-18 16:00:00,698.7104744295939
2024-11-18 20:00:00,699.4309806845503
2024-11-19 00:00:00,694.6763100858518
2024-11-19 04:00:00,693.7368734063508
2024-11-19 08:00:00,693.6333964442028
2024-11-19 12:00:00,690.1089519510416
2024-11-19 16:00:00,686.1897620096863
2024-11-19 20:00:00,690.6713684027164
2024-11-20 00:00:00,691.9351287089498
2024-11-20 04:00:00,688.1769029309357
2024-11-20 08:00:00,685.1660107684351
2024-11-20 12:00:00,679.1657841438811
2024-11-20 16:00:00,682.6998098372412
2024-11-20 20:00:00,681.3196379485913
2024-11-21 00:00:00,674.123198479206
2024-11-21 04:00:00,668.5670604838707
2024-11-21 08:00:00,663.469861978062
2024-11-21 12:00:00,669.8413601103229
2024-11-21 16:00:00,664.0567104902439
2024-11-21 20:00:00,661.7797382629781
2024-11-22 00:00:00,659.2785659510582
2024-11-22 04:00:00,657.5362246948903
2024-11-22 08:00:00,659.082151346981
2024-11-22 12:00:00,660.2002774101912
2024-11-22 16:00:00,658.2069087088125
2024-11-22 20:00:00,659.1228714478264
2024-11-23 00:00:00,660.1710547495846
2024-11-23 04:00:00,660.659695959728
2024-11-23 08:00:00,661.2815158526358
2024-11-23 12:00:00,661.496134737091
2024-11-23 16:00:00,665.633296982971
2024-11-23 20:00:00,664.8519501067517
2024-11-24 00:00:00,662.2875418735191
2024-11-24 04:00:00,661.1890572707165
2024-11-24 08:00:00,666.7102238853261
2024-11-24 12:00:00,673.1832827396952
2024-11-24 16:00:00,671.2172204588833
2024-11-24 20:00:00,663.7266381433923
2024-11-25 00:00:00,663.8440078458286
2024-11-25 04:00:00,662.996071628227
2024-11-25 08:00:00,662.2530495528032
2024-11-25 12:00:00,672.9245903343252
2024-11-25 16:00:00,679.2328525452733
2024-11-25 20:00:00,687.183332470311
2024-11-26 00:00:00,680.1229460437501
2024-11-26 04:00:00,683.4557665329335
2024-11-26 08:00:00,690.2684789343532
2024-11-26 12:00:00,688.0772584488674
2024-11-26 16:00:00,693.4302749999864
2024-11-26 20:00:00,692.1780121339916
2024-11-27 00:00:00,689.1891567319484
2024-11-27 04:00:00,684.3698130319075
2024-11-27 08:00:00,685.4596745545309
2024-11-27 12:00:00,674.9840693170762
2024-11-27 16:00:00,669.9084285117151
2024-11-27 20:00:00,673.57227946777
2024-11-28 00:00:00,675.4027677657676
2024-11-28 04:00:00,676.1285436808334
2024-11-28 08:00:00,675.4660036870804
2024-11-28 12:00:00,677.5863232910943
2024-11-28 16:00:00,676.968335878266
2024-11-28 20:00:00,674.5821379687329
2024-11-29 00:00:00,670.021486674062
2024-11-29 04:00:00,674.6022584891506
2024-11-29 08:00:00,666.8798111288464
2024-11-29 12:00:00,663.1718866518765
2024-11-29 16:00:00,666.5071024411096
2024-11-29 20:00:00,665.8541436475554
2024-11-30 00:00:00,669.7259066479262
2024-11-30 04:00:00,669.0782175144814
2024-11-30 08:00:00,671.5789107663912
2024-11-30 12:00:00,669.7292600679959
2024-11-30 16:00:00,667.9802119716887
2024-11-30 20:00:00,670.8421164710967
2024-12-01 00:00:00,671.1827281381672
2024-12-01 04:00:00,670.6011492860947
2024-12-01 08:00:00,667.5433092426194
2024-12-01 12:00:00,667.9375756308037
2024-12-01 16:00:00,667.168205254833
2024-12-01 20:00:00,667.0575423925358
2024-12-02 00:00:00,670.4842586436682
2024-12-02 04:00:00,672.8613544130125
2024-12-02 08:00:00,676.9922888787632
2024-12-02 12:00:00,667.8173315683076
2024-12-02 16:00:00,673.7222252508827
2024-12-02 20:00:00,673.6427012892318
2024-12-03 00:00:00,672.4627764847387
2024-12-03 04:00:00,674.9922133372453
2024-12-03 08:00:00,677.6893211932324
2024-12-03 12:00:00,674.3459613838303
2024-12-03 16:00:00,675.452590006802
2024-12-03 20:00:00,673.5334756069644
2024-12-04 00:00:00,673.8271393930604
2024-12-04 04:00:00,669.9941802534951
2024-12-04 08:00:00,671.8246685514928
2024-12-04 12:00:00,674.0139727969388
2024-12-04 16:00:00,666.969874410716
2024-12-04 20:00:00,660.3281864328465
2024-12-05 00:00:00,639.1776869938001
2024-12-05 04:00:00,642.9751956926294
2024-12-05 08:00:00,641.1734509952286
2024-12-05 12:00:00,647.487940986306
2024-12-05 16:00:00,658.211699308912
2024-12-05 20:00:00,668.3203445787493
2024-12-06 00:00:00,664.4821157790745
2024-12-06 04:00:00,662.5328205986107
2024-12-06 08:00:00,662.926607926785
2024-12-06 12:00:00,657.0289001443591
2024-12-06 16:00:00,646.6136564681574
2024-12-06 20:00:00,654.901873700206
2024-12-07 00:00:00,656.9115304419228
2024-12-07 04:00:00,656.6260106759959
2024-12-07 08:00:00,655.582617974337
2024-12-07 12:00:00,654.8592373593209
2024-12-07 16:00:00,653.2821718065838
2024-12-07 20:00:00,654.4386226705897
2024-12-08 00:00:00,653.9715391608939
2024-12-08 04:00:00,655.194100306272
2024-12-08 08:00:00,655.1279900248996
2024-12-08 12:00:00,654.0754951830518
2024-12-08 16:00:00,653.0824037824369
2024-12-08 20:00:00,648.2070100612326
2024-12-09 00:00:00,657.88402226211
2024-12-09 04:00:00,655.694238956654
2024-12-09 08:00:00,662.7828899238017
2024-12-09 12:00:00,664.2267767937741
2024-12-09 16:00:00,667.7200823862889
2024-12-09 20:00:00,666.6551319841824
2024-12-10 00:00:00,668.5287356830751
2024-12-10 04:00:00,667.2846168372495
2024-12-10 08:00:00,664.7547009247329
2024-12-10 12:00:00,674.6132768693793
2024-12-10 16:00:00,673.7749218519765
2024-12-10 20:00:00,670.2322730784375
2024-12-11 00:00:00,666.3787143584444
2024-12-11 04:00:00,666.7087867052962
2024-12-11 08:00:00,662.1490935306451
2024-12-11 12:00:00,652.2660855254917
2024-12-11 16:00:00,648.7143346117637
2024-12-11 20:00:00,648.6127738896555
2024-12-12 00:00:00,649.1651300811214
2024-12-12 04:00:00,651.6485771726733
2024-12-12 08:00:00,652.3278842667745
2024-12-12 12:00:00,645.4519359440421
2024-12-12 16:00:00,656.5661281747529
2024-12-12 20:00:00,654.0400447423159
2024-12-13 00:00:00,655.4379418513338
2024-12-13 04:00:00,653.4766701706212
2024-12-13 08:00:00,652.3686043676198
2024-12-13 12:00:00,654.7653415973718
2024-12-13 16:00:00,647.1722404397526
2024-12-13 20:00:00,647.3835059041381
2024-12-14 00:00:00,644.1795525576298
2024-12-14 04:00:00,645.3949278028588
2024-12-14 08:00:00,646.4694594051641
2024-12-14 12:00:00,646.281667881266
2024-12-14 16:00:00,647.7614842519843
2024-12-14 20:00:00,647.3399114432332
2024-12-15 00:00:00,645.8112309515005
2024-12-15 04:00:00,645.9463258743049
2024-12-15 08:00:00,641.3895070597134
2024-12-15 12:00:00,641.1720138151986
2024-12-15 16:00:00,638.4931102395894
2024-12-15 20:00:00,632.5877374970046
2024-12-16 00:00:00,632.1105937270999
2024-12-16 04:00:00,630.2427387483266
2024-12-16 08:00:00,636.1452371308518
2024-12-16 12:00:00,623.8650128359363
2024-12-16 16:00:00,622.5964619296036
2024-12-16 20:00:00,625.1009876615931
2024-12-17 00:00:00,621.2627588619183
2024-12-17 04:00:00,621.4562991059358
2024-12-17 08:00:00,621.4888751866121
2024-12-17 12:00:00,623.1526506011492
2024-12-17 16:00:00,623.0539642391005
2024-12-17 20:00:00,624.8547508164816
2024-12-18 00:00:00,631.359427631507
2024-12-18 04:00:00,633.8347307028898
2024-12-18 08:00:00,630.1052485254725
2024-12-18 12:00:00,632.9005636834983
2024-12-18 16:00:00,640.6278016439018
2024-12-18 20:00:00,653.0881525025563
2024-12-19 00:00:00,648.3828250848821
2024-12-19 04:00:00,646.2179528999434
2024-12-19 08:00:00,642.3629569999206
2024-12-19 12:00:00,650.9323824578064
2024-12-19 16:00:00,667.5030682017841
2024-12-19 20:00:00,667.2263492216382
2024-12-20 00:00:00,667.2263492216382
2024-12-20 04:00:00,667.2263492216382
2024-12-20 08:00:00,667.2263492216382
2024-12-20 12:00:00,667.2263492216382
2024-12-20 16:00:00,667.2263492216382
2024-12-20 20:00:00,667.2263492216382
2024-12-21 00:00:00,667.2263492216382
2024-12-21 04:00:00,667.2263492216382
2024-12-21 08:00:00,667.2263492216382
2024-12-21 12:00:00,667.2263492216382
2024-12-21 16:00:00,667.2263492216382
2024-12-21 20:00:00,667.2263492216382
2024-12-22 00:00:00,667.2263492216382
2024-12-22 04:00:00,667.2263492216382
2024-12-22 08:00:00,667.2263492216382
2024-12-22 12:00:00,667.2263492216382
2024-12-22 16:00:00,667.2263492216382
2024-12-22 20:00:00,667.2263492216382
2024-12-23 00:00:00,667.2263492216382
2024-12-23 04:00:00,667.2263492216382
2024-12-23 08:00:00,667.2263492216382
2024-12-23 12:00:00,667.2263492216382
2024-12-23 16:00:00,667.2263492216382
2024-12-23 20:00:00,667.2263492216382
2024-12-24 00:00:00,667.2263492216382
2024-12-24 04:00:00,667.2263492216382
2024-12-24 08:00:00,667.2263492216382
2024-12-24 12:00:00,667.2263492216382
2024-12-24 16:00:00,667.2263492216382
2024-12-24 20:00:00,667.2263492216382
2024-12-25 00:00:00,667.2263492216382
2024-12-25 04:00:00,667.2263492216382
2024-12-25 08:00:00,667.2263492216382
2024-12-25 12:00:00,667.2263492216382
2024-12-25 16:00:00,667.2263492216382
2024-12-25 20:00:00,667.2263492216382
2024-12-26 00:00:00,667.2263492216382
2024-12-26 04:00:00,667.2263492216382
2024-12-26 08:00:00,667.2263492216382
2024-12-26 12:00:00,667.2263492216382
2024-12-26 16:00:00,667.2263492216382
2024-12-26 20:00:00,667.2263492216382
2024-12-27 00:00:00,667.2263492216382
2024-12-27 04:00:00,667.2263492216382
2024-12-27 08:00:00,667.2263492216382
2024-12-27 12:00:00,667.2263492216382
2024-12-27 16:00:00,667.2263492216382
2024-12-27 20:00:00,667.2263492216382
2024-12-28 00:00:00,667.2263492216382
2024-12-28 04:00:00,667.2263492216382
2024-12-28 08:00:00,667.2263492216382
2024-12-28 12:00:00,667.2263492216382
2024-12-28 16:00:00,667.2263492216382
2024-12-28 20:00:00,667.2263492216382
2024-12-29 00:00:00,667.2263492216382
2024-12-29 04:00:00,667.2263492216382
2024-12-29 08:00:00,667.2263492216382
2024-12-29 12:00:00,667.2263492216382
2024-12-29 16:00:00,667.2263492216382
2024-12-29 20:00:00,667.2263492216382
2024-12-30 00:00:00,667.2263492216382
2024-12-30 04:00:00,667.2263492216382
2024-12-30 08:00:00,667.2263492216382
2024-12-30 12:00:00,667.2263492216382
2024-12-30 16:00:00,667.2263492216382
2024-12-30 20:00:00,667.2263492216382
2024-12-31 00:00:00,667.2263492216382
2024-12-31 04:00:00,667.2263492216382
2024-12-31 08:00:00,667.2263492216382
2024-12-31 12:00:00,667.2263492216382
2024-12-31 16:00:00,667.2263492216382
2024-12-31 20:00:00,667.2263492216382
2025-01-01 00:00:00,667.2263492216382
2025-01-01 04:00:00,667.2263492216382
2025-01-01 08:00:00,667.2263492216382
2025-01-01 12:00:00,667.2263492216382
2025-01-01 16:00:00,667.2263492216382
2025-01-01 20:00:00,667.2263492216382
2025-01-02 00:00:00,667.2263492216382
2025-01-02 04:00:00,667.2263492216382
2025-01-02 08:00:00,667.2263492216382
2025-01-02 12:00:00,667.2263492216382
2025-01-02 16:00:00,667.2263492216382
2025-01-02 20:00:00,667.2263492216382
2025-01-03 00:00:00,667.2263492216382
2025-01-03 04:00:00,667.2263492216382
2025-01-03 08:00:00,667.2263492216382
2025-01-03 12:00:00,667.2263492216382
2025-01-03 16:00:00,667.2263492216382
2025-01-03 20:00:00,667.2263492216382
2025-01-04 00:00:00,667.2263492216382
2025-01-04 04:00:00,667.2263492216382
2025-01-04 08:00:00,667.2263492216382
2025-01-04 12:00:00,667.2263492216382
2025-01-04 16:00:00,667.2263492216382
2025-01-04 20:00:00,667.2263492216382
2025-01-05 00:00:00,667.2263492216382
2025-01-05 04:00:00,667.2263492216382
2025-01-05 08:00:00,667.2263492216382
2025-01-05 12:00:00,667.2263492216382
2025-01-05 16:00:00,667.2263492216382
2025-01-05 20:00:00,667.2263492216382
2025-01-06 00:00:00,667.2263492216382
2025-01-06 04:00:00,667.2263492216382
2025-01-06 08:00:00,667.2263492216382
2025-01-06 12:00:00,667.2263492216382
2025-01-06 16:00:00,667.2263492216382
2025-01-06 20:00:00,667.2263492216382
2025-01-07 00:00:00,667.2263492216382
2025-01-07 04:00:00,667.2263492216382
2025-01-07 08:00:00,667.2263492216382
2025-01-07 12:00:00,667.2263492216382
2025-01-07 16:00:00,667.2263492216382
2025-01-07 20:00:00,667.2263492216382
2025-01-08 00:00:00,667.2263492216382
2025-01-08 04:00:00,667.2263492216382
2025-01-08 08:00:00,667.2263492216382
2025-01-08 12:00:00,667.2263492216382
2025-01-08 16:00:00,667.2263492216382
2025-01-08 20:00:00,667.2263492216382
2025-01-09 00:00:00,667.2263492216382
2025-01-09 04:00:00,667.2263492216382
2025-01-09 08:00:00,667.2263492216382
2025-01-09 12:00:00,667.2263492216382
2025-01-09 16:00:00,667.2263492216382
2025-01-09 20:00:00,667.2263492216382
2025-01-10 00:00:00,667.2263492216382
2025-01-10 04:00:00,667.2263492216382
2025-01-10 08:00:00,667.2263492216382
2025-01-10 12:00:00,667.2263492216382
2025-01-10 16:00:00,667.2263492216382
2025-01-10 20:00:00,667.2263492216382
2025-01-11 00:00:00,667.2263492216382
2025-01-11 04:00:00,667.2263492216382
2025-01-11 08:00:00,667.2263492216382
2025-01-11 12:00:00,667.2263492216382
2025-01-11 16:00:00,667.2263492216382
2025-01-11 20:00:00,667.2263492216382
2025-01-12 00:00:00,667.2263492216382
2025-01-12 04:00:00,667.2263492216382
2025-01-12 08:00:00,667.2263492216382
2025-01-12 12:00:00,667.2263492216382
2025-01-12 16:00:00,667.2263492216382
2025-01-12 20:00:00,667.2263492216382
2025-01-13 00:00:00,667.2263492216382
2025-01-13 04:00:00,667.2263492216382
2025-01-13 08:00:00,667.2263492216382
2025-01-13 12:00:00,667.2263492216382
2025-01-13 16:00:00,667.2263492216382
2025-01-13 20:00:00,667.2263492216382
2025-01-14 00:00:00,667.2263492216382
2025-01-14 04:00:00,667.2263492216382
2025-01-14 08:00:00,667.2263492216382
2025-01-14 12:00:00,667.2263492216382
2025-01-14 16:00:00,667.2263492216382
2025-01-14 20:00:00,667.2263492216382
2025-01-15 00:00:00,667.2263492216382
2025-01-15 04:00:00,667.2263492216382
2025-01-15 08:00:00,667.2263492216382
2025-01-15 12:00:00,667.2263492216382
2025-01-15 16:00:00,667.2263492216382
2025-01-15 20:00:00,667.2263492216382
2025-01-16 00:00:00,667.2263492216382
2025-01-16 04:00:00,667.2263492216382
2025-01-16 08:00:00,667.2263492216382
2025-01-16 12:00:00,667.2263492216382
2025-01-16 16:00:00,667.2263492216382
2025-01-16 20:00:00,667.2263492216382
2025-01-17 00:00:00,667.2263492216382
2025-01-17 04:00:00,667.2263492216382
2025-01-17 08:00:00,667.2263492216382
2025-01-17 12:00:00,667.2263492216382
2025-01-17 16:00:00,667.2263492216382
2025-01-17 20:00:00,667.2263492216382
2025-01-18 00:00:00,667.2263492216382
2025-01-18 04:00:00,667.2263492216382
2025-01-18 08:00:00,667.2263492216382
2025-01-18 12:00:00,667.2263492216382
2025-01-18 16:00:00,667.2263492216382
2025-01-18 20:00:00,667.2263492216382
2025-01-19 00:00:00,667.2263492216382
2025-01-19 04:00:00,667.2263492216382
2025-01-19 08:00:00,667.2263492216382
2025-01-19 12:00:00,667.2263492216382
2025-01-19 16:00:00,667.2263492216382
2025-01-19 20:00:00,667.2263492216382
2025-01-20 00:00:00,667.2263492216382
2025-01-20 04:00:00,667.2263492216382
2025-01-20 08:00:00,667.2263492216382
2025-01-20 12:00:00,667.2263492216382
2025-01-20 16:00:00,667.2263492216382
2025-01-20 20:00:00,667.2263492216382
2025-01-21 00:00:00,667.2263492216382
2025-01-21 04:00:00,667.2263492216382
2025-01-21 08:00:00,667.2263492216382
2025-01-21 12:00:00,667.2263492216382
2025-01-21 16:00:00,667.2263492216382
2025-01-21 20:00:00,667.2263492216382
2025-01-22 00:00:00,667.2263492216382
2025-01-22 04:00:00,667.2263492216382
2025-01-22 08:00:00,667.2263492216382
2025-01-22 12:00:00,667.2263492216382
2025-01-22 16:00:00,667.2263492216382
2025-01-22 20:00:00,667.2263492216382
2025-01-23 00:00:00,667.2263492216382
2025-01-23 04:00:00,667.2263492216382
2025-01-23 08:00:00,667.2263492216382
2025-01-23 12:00:00,667.2263492216382
2025-01-23 16:00:00,667.2263492216382
2025-01-23 20:00:00,667.2263492216382
2025-01-24 00:00:00,667.2263492216382
2025-01-24 04:00:00,667.2263492216382
2025-01-24 08:00:00,667.2263492216382
2025-01-24 12:00:00,667.2263492216382
2025-01-24 16:00:00,667.2263492216382
2025-01-24 20:00:00,667.2263492216382
2025-01-25 00:00:00,667.2263492216382
2025-01-25 04:00:00,667.2263492216382
2025-01-25 08:00:00,667.2263492216382
2025-01-25 12:00:00,667.2263492216382
2025-01-25 16:00:00,667.2263492216382
2025-01-25 20:00:00,667.2263492216382
2025-01-26 00:00:00,667.2263492216382
2025-01-26 04:00:00,667.2263492216382
2025-01-26 08:00:00,667.2263492216382
2025-01-26 12:00:00,667.2263492216382
2025-01-26 16:00:00,667.2263492216382
2025-01-26 20:00:00,667.2263492216382
2025-01-27 00:00:00,667.2263492216382
2025-01-27 04:00:00,667.2263492216382
2025-01-27 08:00:00,667.2263492216382
2025-01-27 12:00:00,667.2263492216382
2025-01-27 16:00:00,667.2263492216382
2025-01-27 20:00:00,667.2263492216382
2025-01-28 00:00:00,667.2263492216382
2025-01-28 04:00:00,667.2263492216382
2025-01-28 08:00:00,667.2263492216382
2025-01-28 12:00:00,667.2263492216382
2025-01-28 16:00:00,667.2263492216382
2025-01-28 20:00:00,667.2263492216382
2025-01-29 00:00:00,667.2263492216382
2025-01-29 04:00:00,667.2263492216382
2025-01-29 08:00:00,667.2263492216382
2025-01-29 12:00:00,667.2263492216382
2025-01-29 16:00:00,667.2263492216382
2025-01-29 20:00:00,667.2263492216382
2025-01-30 00:00:00,667.2263492216382
2025-01-30 04:00:00,667.2263492216382
2025-01-30 08:00:00,667.2263492216382
2025-01-30 12:00:00,667.2263492216382
2025-01-30 16:00:00,667.2263492216382
2025-01-30 20:00:00,667.2263492216382
2025-01-31 00:00:00,667.2263492216382
2025-01-31 04:00:00,667.2263492216382
2025-01-31 08:00:00,667.2263492216382
2025-01-31 12:00:00,667.2263492216382
2025-01-31 16:00:00,667.2263492216382
2025-01-31 20:00:00,667.2263492216382
2025-02-01 00:00:00,667.2263492216382
2025-02-01 04:00:00,667.2263492216382
2025-02-01 08:00:00,667.2263492216382
2025-02-01 12:00:00,667.2263492216382
2025-02-01 16:00:00,667.2263492216382
2025-02-01 20:00:00,667.2263492216382
2025-02-02 00:00:00,667.2263492216382
2025-02-02 04:00:00,667.2263492216382
2025-02-02 08:00:00,667.2263492216382
2025-02-02 12:00:00,667.2263492216382
2025-02-02 16:00:00,667.2263492216382
2025-02-02 20:00:00,667.2263492216382
2025-02-03 00:00:00,667.2263492216382
2025-02-03 04:00:00,667.2263492216382
2025-02-03 08:00:00,667.2263492216382
2025-02-03 12:00:00,667.2263492216382
2025-02-03 16:00:00,667.2263492216382
2025-02-03 20:00:00,667.2263492216382
2025-02-04 00:00:00,667.2263492216382
2025-02-04 04:00:00,667.2263492216382
2025-02-04 08:00:00,667.2263492216382
2025-02-04 12:00:00,667.2263492216382
2025-02-04 16:00:00,667.2263492216382
2025-02-04 20:00:00,667.2263492216382
2025-02-05 00:00:00,667.2263492216382
2025-02-05 04:00:00,667.2263492216382
2025-02-05 08:00:00,667.2263492216382
2025-02-05 12:00:00,667.2263492216382
2025-02-05 16:00:00,667.2263492216382
2025-02-05 20:00:00,667.2263492216382
2025-02-06 00:00:00,667.2263492216382
2025-02-06 04:00:00,667.2263492216382
2025-02-06 08:00:00,667.2263492216382
2025-02-06 12:00:00,667.2263492216382
2025-02-06 16:00:00,667.2263492216382
2025-02-06 20:00:00,667.2263492216382
2025-02-07 00:00:00,667.2263492216382
2025-02-07 04:00:00,667.2263492216382
2025-02-07 08:00:00,667.2263492216382
2025-02-07 12:00:00,667.2263492216382
2025-02-07 16:00:00,667.2263492216382
2025-02-07 20:00:00,667.2263492216382
2025-02-08 00:00:00,667.2263492216382
2025-02-08 04:00:00,667.2263492216382
2025-02-08 08:00:00,667.2263492216382
2025-02-08 12:00:00,667.2263492216382
2025-02-08 16:00:00,667.2263492216382
2025-02-08 20:00:00,667.2263492216382
2025-02-09 00:00:00,667.2263492216382
2025-02-09 04:00:00,667.2263492216382
2025-02-09 08:00:00,667.2263492216382
2025-02-09 12:00:00,667.2263492216382
2025-02-09 16:00:00,667.2263492216382
2025-02-09 20:00:00,667.2263492216382
2025-02-10 00:00:00,667.2263492216382
2025-02-10 04:00:00,667.2263492216382
2025-02-10 08:00:00,667.2263492216382
2025-02-10 12:00:00,667.2263492216382
2025-02-10 16:00:00,667.2263492216382
2025-02-10 20:00:00,667.2263492216382
2025-02-11 00:00:00,667.2263492216382
2025-02-11 04:00:00,667.2263492216382
2025-02-11 08:00:00,667.2263492216382
2025-02-11 12:00:00,667.2263492216382
2025-02-11 16:00:00,667.2263492216382
2025-02-11 20:00:00,667.2263492216382
2025-02-12 00:00:00,667.2263492216382
2025-02-12 04:00:00,667.2263492216382
2025-02-12 08:00:00,667.2263492216382
2025-02-12 12:00:00,667.2263492216382
2025-02-12 16:00:00,667.2263492216382
2025-02-12 20:00:00,667.2263492216382
2025-02-13 00:00:00,667.2263492216382
2025-02-13 04:00:00,667.2263492216382
2025-02-13 08:00:00,667.2263492216382
2025-02-13 12:00:00,667.2263492216382
2025-02-13 16:00:00,667.2263492216382
2025-02-13 20:00:00,667.2263492216382
2025-02-14 00:00:00,667.2263492216382
2025-02-14 04:00:00,667.2263492216382
2025-02-14 08:00:00,667.2263492216382
2025-02-14 12:00:00,667.2263492216382
2025-02-14 16:00:00,667.2263492216382
2025-02-14 20:00:00,667.2263492216382
2025-02-15 00:00:00,667.2263492216382
2025-02-15 04:00:00,667.2263492216382
2025-02-15 08:00:00,667.2263492216382
2025-02-15 12:00:00,667.2263492216382
2025-02-15 16:00:00,667.2263492216382
2025-02-15 20:00:00,667.2263492216382
2025-02-16 00:00:00,667.2263492216382
2025-02-16 04:00:00,667.2263492216382
2025-02-16 08:00:00,667.2263492216382
2025-02-16 12:00:00,667.2263492216382
2025-02-16 16:00:00,667.2263492216382
2025-02-16 20:00:00,667.2263492216382
2025-02-17 00:00:00,667.2263492216382
2025-02-17 04:00:00,667.2263492216382
2025-02-17 08:00:00,667.2263492216382
2025-02-17 12:00:00,667.2263492216382
2025-02-17 16:00:00,667.2263492216382
2025-02-17 20:00:00,667.2263492216382
2025-02-18 00:00:00,667.2263492216382
2025-02-18 04:00:00,667.2263492216382
2025-02-18 08:00:00,667.2263492216382
2025-02-18 12:00:00,667.2263492216382
2025-02-18 16:00:00,667.2263492216382
2025-02-18 20:00:00,667.2263492216382
2025-02-19 00:00:00,667.2263492216382
2025-02-19 04:00:00,667.2263492216382
2025-02-19 08:00:00,667.2263492216382
2025-02-19 12:00:00,667.2263492216382
2025-02-19 16:00:00,667.2263492216382
2025-02-19 20:00:00,667.2263492216382
2025-02-20 00:00:00,667.2263492216382
2025-02-20 04:00:00,667.2263492216382
2025-02-20 08:00:00,667.2263492216382
2025-02-20 12:00:00,667.2263492216382
2025-02-20 16:00:00,667.2263492216382
2025-02-20 20:00:00,667.2263492216382
2025-02-21 00:00:00,667.2263492216382
2025-02-21 04:00:00,667.2263492216382
2025-02-21 08:00:00,667.2263492216382
2025-02-21 12:00:00,667.2263492216382
2025-02-21 16:00:00,667.2263492216382
2025-02-21 20:00:00,667.2263492216382
2025-02-22 00:00:00,667.2263492216382
2025-02-22 04:00:00,667.2263492216382
2025-02-22 08:00:00,667.2263492216382
2025-02-22 12:00:00,667.2263492216382
2025-02-22 16:00:00,667.2263492216382
2025-02-22 20:00:00,667.2263492216382
2025-02-23 00:00:00,667.2263492216382
2025-02-23 04:00:00,667.2263492216382
2025-02-23 08:00:00,667.2263492216382
2025-02-23 12:00:00,667.2263492216382
2025-02-23 16:00:00,667.2263492216382
2025-02-23 20:00:00,667.2263492216382
2025-02-24 00:00:00,667.2263492216382
2025-02-24 04:00:00,667.2263492216382
2025-02-24 08:00:00,667.2263492216382
2025-02-24 12:00:00,667.2263492216382
2025-02-24 16:00:00,667.2263492216382
2025-02-24 20:00:00,667.2263492216382
2025-02-25 00:00:00,667.2263492216382
2025-02-25 04:00:00,667.2263492216382
2025-02-25 08:00:00,667.2263492216382
2025-02-25 12:00:00,667.2263492216382
2025-02-25 16:00:00,667.2263492216382
2025-02-25 20:00:00,667.2263492216382
2025-02-26 00:00:00,667.2263492216382
2025-02-26 04:00:00,667.2263492216382
2025-02-26 08:00:00,667.2263492216382
2025-02-26 12:00:00,667.2263492216382
2025-02-26 16:00:00,667.2263492216382
2025-02-26 20:00:00,667.2263492216382
2025-02-27 00:00:00,667.2263492216382
2025-02-27 04:00:00,667.2263492216382
2025-02-27 08:00:00,667.2263492216382
2025-02-27 12:00:00,667.2263492216382
2025-02-27 16:00:00,667.2263492216382
2025-02-27 20:00:00,667.2263492216382
2025-02-28 00:00:00,667.2263492216382
2025-02-28 04:00:00,667.2263492216382
2025-02-28 08:00:00,667.2263492216382
2025-02-28 12:00:00,667.2263492216382
2025-02-28 16:00:00,667.2263492216382
2025-02-28 20:00:00,667.2263492216382
2025-03-01 00:00:00,667.2263492216382
2025-03-01 04:00:00,667.2263492216382
2025-03-01 08:00:00,667.2263492216382
2025-03-01 12:00:00,667.2263492216382
2025-03-01 16:00:00,667.2263492216382
2025-03-01 20:00:00,667.2263492216382
2025-03-02 00:00:00,667.2263492216382
2025-03-02 04:00:00,667.2263492216382
2025-03-02 08:00:00,667.2263492216382
2025-03-02 12:00:00,667.2263492216382
2025-03-02 16:00:00,667.2263492216382
2025-03-02 20:00:00,667.2263492216382
2025-03-03 00:00:00,667.2263492216382
2025-03-03 04:00:00,667.2263492216382
2025-03-03 08:00:00,667.2263492216382
2025-03-03 12:00:00,667.2263492216382
2025-03-03 16:00:00,667.2263492216382
2025-03-03 20:00:00,667.2263492216382
2025-03-04 00:00:00,667.2263492216382
2025-03-04 04:00:00,667.2263492216382
2025-03-04 08:00:00,667.2263492216382
2025-03-04 12:00:00,667.2263492216382
2025-03-04 16:00:00,667.2263492216382
2025-03-04 20:00:00,667.2263492216382
2025-03-05 00:00:00,667.2263492216382
2025-03-05 04:00:00,667.2263492216382
2025-03-05 08:00:00,667.2263492216382
2025-03-05 12:00:00,667.2263492216382
2025-03-05 16:00:00,667.2263492216382
2025-03-05 20:00:00,667.2263492216382
2025-03-06 00:00:00,667.2263492216382
2025-03-06 04:00:00,667.2263492216382
2025-03-06 08:00:00,667.2263492216382
2025-03-06 12:00:00,667.2263492216382
2025-03-06 16:00:00,667.2263492216382
2025-03-06 20:00:00,667.2263492216382
2025-03-07 00:00:00,667.2263492216382
2025-03-07 04:00:00,667.2263492216382
2025-03-07 08:00:00,667.2263492216382
2025-03-07 12:00:00,667.2263492216382
2025-03-07 16:00:00,667.2263492216382
2025-03-07 20:00:00,667.2263492216382
2025-03-08 00:00:00,667.2263492216382
2025-03-08 04:00:00,667.2263492216382
2025-03-08 08:00:00,667.2263492216382
2025-03-08 12:00:00,667.2263492216382
2025-03-08 16:00:00,667.2263492216382
2025-03-08 20:00:00,667.2263492216382
2025-03-09 00:00:00,667.2263492216382
2025-03-09 04:00:00,667.2263492216382
2025-03-09 08:00:00,667.2263492216382
2025-03-09 12:00:00,667.2263492216382
2025-03-09 16:00:00,667.2263492216382
2025-03-09 20:00:00,667.2263492216382
2025-03-10 00:00:00,667.2263492216382
2025-03-10 04:00:00,667.2263492216382
2025-03-10 08:00:00,667.2263492216382
2025-03-10 12:00:00,667.2263492216382
2025-03-10 16:00:00,667.2263492216382
2025-03-10 20:00:00,667.2263492216382
2025-03-11 00:00:00,667.2263492216382
2025-03-11 04:00:00,667.2263492216382
2025-03-11 08:00:00,667.2263492216382
2025-03-11 12:00:00,667.2263492216382
2025-03-11 16:00:00,667.2263492216382
2025-03-11 20:00:00,667.2263492216382
2025-03-12 00:00:00,667.2263492216382
2025-03-12 04:00:00,667.2263492216382
2025-03-12 08:00:00,667.2263492216382
2025-03-12 12:00:00,667.2263492216382
2025-03-12 16:00:00,667.2263492216382
2025-03-12 20:00:00,667.2263492216382
2025-03-13 00:00:00,667.2263492216382
2025-03-13 04:00:00,667.2263492216382
2025-03-13 08:00:00,667.2263492216382
2025-03-13 12:00:00,667.2263492216382
2025-03-13 16:00:00,667.2263492216382
2025-03-13 20:00:00,667.2263492216382
2025-03-14 00:00:00,667.2263492216382
2025-03-14 04:00:00,667.2263492216382
2025-03-14 08:00:00,667.2263492216382
2025-03-14 12:00:00,667.2263492216382
2025-03-14 16:00:00,667.2263492216382
2025-03-14 20:00:00,667.2263492216382
2025-03-15 00:00:00,667.2263492216382
2025-03-15 04:00:00,667.2263492216382
2025-03-15 08:00:00,667.2263492216382
2025-03-15 12:00:00,667.2263492216382
2025-03-15 16:00:00,667.2263492216382
2025-03-15 20:00:00,667.2263492216382
2025-03-16 00:00:00,667.2263492216382
2025-03-16 04:00:00,667.2263492216382
2025-03-16 08:00:00,667.2263492216382
2025-03-16 12:00:00,667.2263492216382
2025-03-16 16:00:00,667.2263492216382
2025-03-16 20:00:00,667.2263492216382
2025-03-17 00:00:00,667.2263492216382
2025-03-17 04:00:00,667.2263492216382
2025-03-17 08:00:00,667.2263492216382
2025-03-17 12:00:00,667.2263492216382
2025-03-17 16:00:00,667.2263492216382
2025-03-17 20:00:00,667.2263492216382
2025-03-18 00:00:00,667.2263492216382
2025-03-18 04:00:00,667.2263492216382
2025-03-18 08:00:00,667.2263492216382
2025-03-18 12:00:00,667.2263492216382
2025-03-18 16:00:00,667.2263492216382
2025-03-18 20:00:00,667.2263492216382
2025-03-19 00:00:00,667.2263492216382
2025-03-19 04:00:00,667.2263492216382
2025-03-19 08:00:00,667.2263492216382
2025-03-19 12:00:00,667.2263492216382
2025-03-19 16:00:00,667.2263492216382
2025-03-19 20:00:00,667.2263492216382
2025-03-20 00:00:00,667.2263492216382
2025-03-20 04:00:00,667.2263492216382
2025-03-20 08:00:00,667.2263492216382
2025-03-20 12:00:00,667.2263492216382
2025-03-20 16:00:00,667.2263492216382
2025-03-20 20:00:00,667.2263492216382
2025-03-21 00:00:00,667.2263492216382
2025-03-21 04:00:00,667.2263492216382
2025-03-21 08:00:00,667.2263492216382
2025-03-21 12:00:00,667.2263492216382
2025-03-21 16:00:00,667.2263492216382
2025-03-21 20:00:00,667.2263492216382
2025-03-22 00:00:00,667.2263492216382
2025-03-22 04:00:00,667.2263492216382
2025-03-22 08:00:00,667.2263492216382
2025-03-22 12:00:00,667.2263492216382
2025-03-22 16:00:00,667.2263492216382
2025-03-22 20:00:00,667.2263492216382
2025-03-23 00:00:00,667.2263492216382
2025-03-23 04:00:00,667.2263492216382
2025-03-23 08:00:00,667.2263492216382
2025-03-23 12:00:00,667.2263492216382
2025-03-23 16:00:00,667.2263492216382
2025-03-23 20:00:00,667.2263492216382
2025-03-24 00:00:00,667.2263492216382
2025-03-24 04:00:00,667.2263492216382
2025-03-24 08:00:00,667.2263492216382
2025-03-24 12:00:00,667.2263492216382
2025-03-24 16:00:00,667.2263492216382
2025-03-24 20:00:00,667.2263492216382
2025-03-25 00:00:00,667.2263492216382
2025-03-25 04:00:00,667.2263492216382
2025-03-25 08:00:00,667.2263492216382
2025-03-25 12:00:00,667.2263492216382
2025-03-25 16:00:00,667.2263492216382
2025-03-25 20:00:00,667.2263492216382
2025-03-26 00:00:00,667.2263492216382
2025-03-26 04:00:00,667.2263492216382
2025-03-26 08:00:00,667.2263492216382
2025-03-26 12:00:00,667.2263492216382
2025-03-26 16:00:00,667.2263492216382
2025-03-26 20:00:00,667.2263492216382
2025-03-27 00:00:00,667.2263492216382
2025-03-27 04:00:00,667.2263492216382
2025-03-27 08:00:00,667.2263492216382
2025-03-27 12:00:00,667.2263492216382
2025-03-27 16:00:00,667.2263492216382
2025-03-27 20:00:00,667.2263492216382
2025-03-28 00:00:00,667.2263492216382
2025-03-28 04:00:00,667.2263492216382
2025-03-28 08:00:00,667.2263492216382
2025-03-28 12:00:00,667.2263492216382
2025-03-28 16:00:00,667.2263492216382
2025-03-28 20:00:00,667.2263492216382
2025-03-29 00:00:00,667.2263492216382
2025-03-29 04:00:00,667.2263492216382
2025-03-29 08:00:00,667.2263492216382
2025-03-29 12:00:00,667.2263492216382
2025-03-29 16:00:00,667.2263492216382
2025-03-29 20:00:00,667.2263492216382
2025-03-30 00:00:00,667.2263492216382
2025-03-30 04:00:00,667.2263492216382
2025-03-30 08:00:00,667.2263492216382
2025-03-30 12:00:00,667.2263492216382
2025-03-30 16:00:00,667.2263492216382
2025-03-30 20:00:00,667.2263492216382
2025-03-31 00:00:00,667.2263492216382
2025-03-31 04:00:00,667.2263492216382
2025-03-31 08:00:00,667.2263492216382
2025-03-31 12:00:00,667.2263492216382
2025-03-31 16:00:00,667.2263492216382
2025-03-31 20:00:00,667.2263492216382
2025-04-01 00:00:00,667.2263492216382
2025-04-01 04:00:00,667.2263492216382
2025-04-01 08:00:00,667.2263492216382
2025-04-01 12:00:00,667.2263492216382
2025-04-01 16:00:00,667.2263492216382
2025-04-01 20:00:00,667.2263492216382
2025-04-02 00:00:00,667.2263492216382
2025-04-02 04:00:00,667.2263492216382
2025-04-02 08:00:00,667.2263492216382
2025-04-02 12:00:00,667.2263492216382
2025-04-02 16:00:00,667.2263492216382
2025-04-02 20:00:00,667.2263492216382
2025-04-03 00:00:00,667.2263492216382
2025-04-03 04:00:00,667.2263492216382
2025-04-03 08:00:00,667.2263492216382
2025-04-03 12:00:00,667.2263492216382
2025-04-03 16:00:00,667.2263492216382
2025-04-03 20:00:00,667.2263492216382
2025-04-04 00:00:00,667.2263492216382
2025-04-04 04:00:00,667.2263492216382
2025-04-04 08:00:00,667.2263492216382
2025-04-04 12:00:00,667.2263492216382
2025-04-04 16:00:00,667.2263492216382
2025-04-04 20:00:00,667.2263492216382
2025-04-05 00:00:00,667.2263492216382
2025-04-05 04:00:00,667.2263492216382
2025-04-05 08:00:00,667.2263492216382
2025-04-05 12:00:00,667.2263492216382
2025-04-05 16:00:00,667.2263492216382
2025-04-05 20:00:00,667.2263492216382
2025-04-06 00:00:00,667.2263492216382
2025-04-06 04:00:00,667.2263492216382
2025-04-06 08:00:00,667.2263492216382
2025-04-06 12:00:00,667.2263492216382
2025-04-06 16:00:00,667.2263492216382
2025-04-06 20:00:00,667.2263492216382
2025-04-07 00:00:00,667.2263492216382
2025-04-07 04:00:00,667.2263492216382
2025-04-07 08:00:00,667.2263492216382
2025-04-07 12:00:00,667.2263492216382
2025-04-07 16:00:00,667.2263492216382
2025-04-07 20:00:00,667.2263492216382
2025-04-08 00:00:00,667.2263492216382
2025-04-08 04:00:00,667.2263492216382
2025-04-08 08:00:00,667.2263492216382
2025-04-08 12:00:00,667.2263492216382
2025-04-08 16:00:00,667.2263492216382
2025-04-08 20:00:00,667.2263492216382
2025-04-09 00:00:00,667.2263492216382
2025-04-09 04:00:00,667.2263492216382
2025-04-09 08:00:00,667.2263492216382
2025-04-09 12:00:00,667.2263492216382
2025-04-09 16:00:00,667.2263492216382
2025-04-09 20:00:00,667.2263492216382
2025-04-10 00:00:00,667.2263492216382
2025-04-10 04:00:00,667.2263492216382
2025-04-10 08:00:00,667.2263492216382
2025-04-10 12:00:00,667.2263492216382
2025-04-10 16:00:00,667.2263492216382
2025-04-10 20:00:00,667.2263492216382
2025-04-11 00:00:00,667.2263492216382
2025-04-11 04:00:00,667.2263492216382
2025-04-11 08:00:00,667.2263492216382
2025-04-11 12:00:00,667.2263492216382
2025-04-11 16:00:00,667.2263492216382
2025-04-11 20:00:00,667.2263492216382
2025-04-12 00:00:00,667.2263492216382
2025-04-12 04:00:00,667.2263492216382
2025-04-12 08:00:00,667.2263492216382
2025-04-12 12:00:00,667.2263492216382
2025-04-12 16:00:00,667.2263492216382
2025-04-12 20:00:00,667.2263492216382
2025-04-13 00:00:00,667.2263492216382
2025-04-13 04:00:00,667.2263492216382
2025-04-13 08:00:00,667.2263492216382
2025-04-13 12:00:00,667.2263492216382
2025-04-13 16:00:00,667.2263492216382
2025-04-13 20:00:00,667.2263492216382
2025-04-14 00:00:00,667.2263492216382
2025-04-14 04:00:00,667.2263492216382
2025-04-14 08:00:00,667.2263492216382
2025-04-14 12:00:00,667.2263492216382
2025-04-14 16:00:00,667.2263492216382
2025-04-14 20:00:00,667.2263492216382
2025-04-15 00:00:00,667.2263492216382
2025-04-15 04:00:00,667.2263492216382
2025-04-15 08:00:00,667.2263492216382
2025-04-15 12:00:00,667.2263492216382
2025-04-15 16:00:00,667.2263492216382
2025-04-15 20:00:00,667.2263492216382
2025-04-16 00:00:00,667.2263492216382
2025-04-16 04:00:00,667.2263492216382
2025-04-16 08:00:00,667.2263492216382
2025-04-16 12:00:00,667.2263492216382
2025-04-16 16:00:00,667.2263492216382
2025-04-16 20:00:00,667.2263492216382
2025-04-17 00:00:00,667.2263492216382
2025-04-17 04:00:00,667.2263492216382
2025-04-17 08:00:00,667.2263492216382
2025-04-17 12:00:00,667.2263492216382
2025-04-17 16:00:00,667.2263492216382
2025-04-17 20:00:00,667.2263492216382
2025-04-18 00:00:00,667.2263492216382
2025-04-18 04:00:00,667.2263492216382
2025-04-18 08:00:00,667.2263492216382
2025-04-18 12:00:00,667.2263492216382
2025-04-18 16:00:00,667.2263492216382
2025-04-18 20:00:00,667.2263492216382
2025-04-19 00:00:00,667.2263492216382
2025-04-19 04:00:00,667.2263492216382
2025-04-19 08:00:00,667.2263492216382
2025-04-19 12:00:00,667.2263492216382
2025-04-19 16:00:00,667.2263492216382
2025-04-19 20:00:00,667.2263492216382
2025-04-20 00:00:00,667.2263492216382
2025-04-20 04:00:00,667.2263492216382
2025-04-20 08:00:00,667.2263492216382
2025-04-20 12:00:00,667.2263492216382
2025-04-20 16:00:00,667.2263492216382
2025-04-20 20:00:00,667.2263492216382
2025-04-21 00:00:00,667.2263492216382
2025-04-21 04:00:00,667.2263492216382
2025-04-21 08:00:00,667.2263492216382
2025-04-21 12:00:00,667.2263492216382
2025-04-21 16:00:00,667.2263492216382
2025-04-21 20:00:00,667.2263492216382
2025-04-22 00:00:00,667.2263492216382
2025-04-22 04:00:00,667.2263492216382
2025-04-22 08:00:00,667.2263492216382
2025-04-22 12:00:00,667.2263492216382
2025-04-22 16:00:00,667.2263492216382
2025-04-22 20:00:00,667.2263492216382
2025-04-23 00:00:00,667.2263492216382
2025-04-23 04:00:00,667.2263492216382
2025-04-23 08:00:00,667.2263492216382
2025-04-23 12:00:00,667.2263492216382
2025-04-23 16:00:00,667.2263492216382
2025-04-23 20:00:00,667.2263492216382
2025-04-24 00:00:00,667.2263492216382
2025-04-24 04:00:00,667.2263492216382
2025-04-24 08:00:00,667.2263492216382
2025-04-24 12:00:00,667.2263492216382
2025-04-24 16:00:00,667.2263492216382
2025-04-24 20:00:00,667.2263492216382
2025-04-25 00:00:00,667.2263492216382
2025-04-25 04:00:00,667.2263492216382
2025-04-25 08:00:00,667.2263492216382
2025-04-25 12:00:00,667.2263492216382
2025-04-25 16:00:00,667.2263492216382
2025-04-25 20:00:00,669.2428300936657
2025-04-26 00:00:00,668.9163260883466
2025-04-26 04:00:00,669.4940139690024
2025-04-26 08:00:00,670.9811486284223
2025-04-26 12:00:00,670.1775003578193
2025-04-26 16:00:00,670.4017091168367
2025-04-26 20:00:00,669.2992326096061
2025-04-27 00:00:00,670.8897134938854
2025-04-27 04:00:00,671.2193704348782
2025-04-27 08:00:00,671.7676309159128
2025-04-27 12:00:00,671.8145746248321
2025-04-27 16:00:00,669.953641924988
2025-04-27 20:00:00,672.3771984794913
2025-04-28 00:00:00,672.0170631603197
2025-04-28 04:00:00,669.0683676530554
2025-04-28 08:00:00,666.8455480031097
2025-04-28 12:00:00,672.1120015567161
2025-04-28 16:00:00,668.7204937503925
2025-04-28 20:00:00,667.9213997202071
2025-04-29 00:00:00,669.2144536726026
2025-04-29 04:00:00,668.2401965494349
2025-04-29 08:00:00,667.5083651469548
2025-04-29 12:00:00,668.546031309782
2025-04-29 16:00:00,666.9352315067167
2025-04-29 20:00:00,670.6150577640892
2025-04-30 00:00:00,667.8502835044563
2025-04-30 04:00:00,669.2925764120727
2025-04-30 08:00:00,667.3696359773128
2025-04-30 12:00:00,671.4968287741622
2025-04-30 16:00:00,670.9019749103942
2025-04-30 20:00:00,670.8778024035627
2025-05-01 00:00:00,668.7324048407153
2025-05-01 04:00:00,667.8877684063544
2025-05-01 08:00:00,663.8544630273437
2025-05-01 12:00:00,661.5282971525386
2025-05-01 16:00:00,662.701189223148
2025-05-01 20:00:00,662.8266059977235
2025-05-02 00:00:00,660.6139458071709
2025-05-02 04:00:00,663.2515516612985
2025-05-02 08:00:00,661.2417303324195
2025-05-02 12:00:00,659.860043854975
2025-05-02 16:00:00,661.3079419815667
2025-05-02 20:00:00,661.3976254851738
2025-05-03 00:00:00,663.286233953709
2025-05-03 04:00:00,663.2907881941265
2025-05-03 08:00:00,664.6752772810588
2025-05-03 12:00:00,663.0529167138566
2025-05-03 16:00:00,663.2165190427021
2025-05-03 20:00:00,664.9986283507042
2025-05-04 00:00:00,665.4305805379986
2025-05-04 04:00:00,664.8627017905499
2025-05-04 08:00:00,666.4955721433311
2025-05-04 12:00:00,666.337575033461
2025-05-04 16:00:00,665.9424070956929
2025-05-04 20:00:00,670.5096095821139
2025-05-05 00:00:00,671.3122068741588
2025-05-05 04:00:00,668.8763889031468
2025-05-05 08:00:00,671.3651061282395
2025-05-05 12:00:00,672.2759542117475
2025-05-05 16:00:00,670.2808465826789
2025-05-05 20:00:00,668.8753379245888
2025-05-06 00:00:00,669.8506460263144
2025-05-06 04:00:00,670.0899188113282
2025-05-06 08:00:00,672.1207597113652
2025-05-06 12:00:00,669.5181864758339
2025-05-06 16:00:00,668.1252895604385
2025-05-06 20:00:00,661.5107808432404
2025-05-07 00:00:00,662.7197565110042
2025-05-07 04:00:00,661.0164705948442
2025-05-07 08:00:00,660.8062748832655
2025-05-07 12:00:00,661.1951369496861
2025-05-07 16:00:00,663.8730303151998
2025-05-07 20:00:00,660.8469127208374
2025-05-08 00:00:00,653.4567818279133
2025-05-08 04:00:00,653.0570596497278
2025-05-08 08:00:00,652.5042449282755
2025-05-08 12:00:00,647.7363055372969
2025-05-08 16:00:00,645.902698279958
2025-05-08 20:00:00,637.6435827579762
2025-05-09 00:00:00,641.4883699584204
2025-05-09 04:00:00,635.8243380972442
2025-05-09 08:00:00,639.1081205558547
2025-05-09 12:00:00,639.4043293703962
2025-05-09 16:00:00,637.997337501324
2025-05-09 20:00:00,638.9763653363996
2025-05-10 00:00:00,637.8343264816332
2025-05-10 04:00:00,635.2266310250443
2025-05-10 08:00:00,636.8956907576314
2025-05-10 12:00:00,638.2036257828796
2025-05-10 16:00:00,637.9824308889039
2025-05-10 20:00:00,630.0953903432707
2025-05-11 00:00:00,634.1394100353067
2025-05-11 04:00:00,637.1202516608633
2025-05-11 08:00:00,630.9373735157743
2025-05-11 12:00:00,633.4892893904039
2025-05-11 16:00:00,632.0909529737047
2025-05-11 20:00:00,633.5388178123159
2025-05-12 00:00:00,633.5806524987852
2025-05-12 04:00:00,631.8389831379584
2025-05-12 08:00:00,635.3064535302617
2025-05-12 12:00:00,641.189275993088
2025-05-12 16:00:00,644.4057382665753
2025-05-12 20:00:00,639.9505845868233
2025-05-13 00:00:00,645.038067148267
2025-05-13 04:00:00,640.5050143971584
2025-05-13 08:00:00,635.400701789434
2025-05-13 12:00:00,635.6526716251803
2025-05-13 16:00:00,630.3074489264084
2025-05-13 20:00:00,633.4940979750555
2025-05-14 00:00:00,636.0561118774536
2025-05-14 04:00:00,635.5127418118175
2025-05-14 08:00:00,634.3529111938399
2025-05-14 12:00:00,636.4783056098684
2025-05-14 16:00:00,637.3568340257245
2025-05-14 20:00:00,636.4941739392187
2025-05-15 00:00:00,640.1102295972581
2025-05-15 04:00:00,644.7851355955904
2025-05-15 08:00:00,641.8932527860893
2025-05-15 12:00:00,637.6814134897107
2025-05-15 16:00:00,638.1824680104124
2025-05-15 20:00:00,635.2612528345362
2025-05-16 00:00:00,633.9893821941753
2025-05-16 04:00:00,635.5877557323831
2025-05-16 08:00:00,635.742111299701
2025-05-16 12:00:00,633.1959657266534
2025-05-16 16:00:00,634.011982542038
2025-05-16 20:00:00,636.7148879747294
2025-05-17 00:00:00,636.4624372805179
2025-05-17 04:00:00,636.7764378582706
2025-05-17 08:00:00,638.9653055917007
2025-05-17 12:00:00,639.1778450333036
2025-05-17 16:00:00,638.2156472445088
2025-05-17 20:00:00,638.3142232298676
2025-05-18 00:00:00,637.5227301962063
2025-05-18 04:00:00,634.4029204742171
2025-05-18 08:00:00,634.9991849710214
2025-05-18 12:00:00,626.7515005765147
2025-05-18 16:00:00,634.6866269686642
2025-05-18 20:00:00,622.3112535091827
2025-05-19 00:00:00,635.9589784674904
2025-05-19 04:00:00,637.8939529313135
2025-05-19 08:00:00,639.1201420174838
2025-05-19 12:00:00,630.3281258404105
2025-05-19 16:00:00,626.8784472113181
2025-05-19 20:00:00,626.5235736640265
2025-05-20 00:00:00,625.617636315656
2025-05-20 04:00:00,629.1755080994104
2025-05-20 08:00:00,628.3142905883003
2025-05-20 12:00:00,627.6636890849323
2025-05-20 16:00:00,619.5963266148624
2025-05-20 20:00:00,620.4238840334109
2025-05-21 00:00:00,620.467642153741
2025-05-21 04:00:00,622.0419727686906
2025-05-21 08:00:00,621.9106984077006
2025-05-21 12:00:00,610.1503429251649
2025-05-21 16:00:00,612.0223249300515
2025-05-21 20:00:00,606.914646313071
2025-05-22 00:00:00,596.5935002167735
2025-05-22 04:00:00,600.2004195639747
2025-05-22 08:00:00,600.4971092369814
2025-05-22 12:00:00,599.0232780412512
2025-05-22 16:00:00,599.573860983865
2025-05-22 20:00:00,597.0416603063071
2025-05-23 00:00:00,600.0167316302817
2025-05-23 04:00:00,601.7420518032931
2025-05-23 08:00:00,609.6858336478157
2025-05-23 12:00:00,610.3628823667677
2025-05-23 16:00:00,611.4832825906018
2025-05-23 20:00:00,618.157117228624
2025-05-24 00:00:00,613.1787895387728
2025-05-24 04:00:00,616.8150412523491
2025-05-24 08:00:00,609.1136120742696
2025-05-24 12:00:00,610.3782698376531
2025-05-24 16:00:00,610.2652680983393
2025-05-24 20:00:00,616.1019281485097
2025-05-25 00:00:00,614.4357535667136
2025-05-25 04:00:00,616.3990986799815
2025-05-25 08:00:00,618.4336108460938
2025-05-25 12:00:00,619.8093469149304
2025-05-25 16:00:00,616.3067738546699
2025-05-25 20:00:00,610.0575372413881
2025-05-26 00:00:00,607.022839467733
2025-05-26 04:00:00,604.7969456324851
2025-05-26 08:00:00,606.3029943453813
2025-05-26 12:00:00,605.213849921783
2025-05-26 16:00:00,609.4882008186329
2025-05-26 20:00:00,607.9855181149929
2025-05-27 00:00:00,610.591290137721
2025-05-27 04:00:00,607.4988893482462
2025-05-27 08:00:00,607.2401874939875
2025-05-27 12:00:00,604.5978702279068
2025-05-27 16:00:00,605.8889752068744
2025-05-27 20:00:00,610.3777889791878
2025-05-28 00:00:00,610.7706503452275
2025-05-28 04:00:00,610.9759769098529
2025-05-28 08:00:00,610.7042918770347
2025-05-28 12:00:00,619.1476856668636
2025-05-28 16:00:00,619.971877076156
2025-05-28 20:00:00,615.9855603999398
2025-05-29 00:00:00,614.6713742146444
2025-05-29 04:00:00,615.4263220049531
2025-05-29 08:00:00,611.0957106676789
2025-05-29 12:00:00,619.5948840394668
2025-05-29 16:00:00,625.7176548764104
2025-05-29 20:00:00,626.4836624114179
2025-05-30 00:00:00,624.3731746078095
2025-05-30 04:00:00,629.0918387264718
2025-05-30 08:00:00,625.1011943240691
2025-05-30 12:00:00,626.656290600412
2025-05-30 16:00:00,631.0147917286657
2025-05-30 20:00:00,634.1288311490731
2025-05-31 00:00:00,635.6190115326187
2025-05-31 04:00:00,635.328092161194
2025-05-31 08:00:00,636.4807099021941
2025-05-31 12:00:00,631.4980544861564
2025-05-31 16:00:00,630.7440684127781
2025-05-31 20:00:00,631.269165856738
2025-06-01 00:00:00,632.2707940396763
2025-06-01 04:00:00,632.77761886196
2025-06-01 08:00:00,633.7056756997281
2025-06-01 12:00:00,630.6955017077964
2025-06-01 16:00:00,628.7182116990388
2025-06-01 20:00:00,626.2749698375363
2025-06-02 00:00:00,630.1290504358323
2025-06-02 04:00:00,627.4141235415118
2025-06-02 08:00:00,633.8884019164907
2025-06-02 12:00:00,631.9803555267167
2025-06-02 16:00:00,632.1265365001268
2025-06-02 20:00:00,625.1641867830056
2025-06-03 00:00:00,626.921724473183
2025-06-03 04:00:00,628.4335434876612
2025-06-03 08:00:00,627.9252760899818
2025-06-03 12:00:00,621.5971786884131
2025-06-03 16:00:00,623.4451177700414
2025-06-03 20:00:00,627.4925034713335
2025-06-04 00:00:00,626.796220413775
2025-06-04 04:00:00,627.8286235384838
2025-06-04 08:00:00,628.8677586817049
2025-06-04 12:00:00,627.8550707540679
2025-06-04 16:00:00,629.7030098356962
2025-06-04 20:00:00,630.802252287063
2025-06-05 00:00:00,629.1211710928468
2025-06-05 04:00:00,631.6139413762612
2025-06-05 08:00:00,630.1728085561623
2025-06-05 12:00:00,631.5297911448573
2025-06-05 16:00:00,644.1167423290113
2025-06-05 20:00:00,646.1089389501891
2025-06-06 00:00:00,645.8048701028281
2025-06-06 04:00:00,645.8048701028281
2025-06-06 08:00:00,645.8048701028281
2025-06-06 12:00:00,645.8048701028281
2025-06-06 16:00:00,645.8048701028281
2025-06-06 20:00:00,645.8048701028281
2025-06-07 00:00:00,645.8048701028281
2025-06-07 04:00:00,645.8048701028281
2025-06-07 08:00:00,645.8048701028281
2025-06-07 12:00:00,645.8048701028281
2025-06-07 16:00:00,645.8048701028281
2025-06-07 20:00:00,645.8048701028281
2025-06-08 00:00:00,645.8048701028281
2025-06-08 04:00:00,645.8048701028281
2025-06-08 08:00:00,645.8048701028281
2025-06-08 12:00:00,645.8048701028281
2025-06-08 16:00:00,645.8048701028281
2025-06-08 20:00:00,645.8048701028281
2025-06-09 00:00:00,645.8048701028281
2025-06-09 04:00:00,645.8048701028281
2025-06-09 08:00:00,645.8048701028281
2025-06-09 12:00:00,645.8048701028281
2025-06-09 16:00:00,645.8048701028281
2025-06-09 20:00:00,645.8048701028281
2025-06-10 00:00:00,645.8048701028281
2025-06-10 04:00:00,645.8048701028281
2025-06-10 08:00:00,645.8048701028281
2025-06-10 12:00:00,645.8048701028281
2025-06-10 16:00:00,645.8048701028281
2025-06-10 20:00:00,645.8048701028281
2025-06-11 00:00:00,645.8048701028281
2025-06-11 04:00:00,645.8048701028281
2025-06-11 08:00:00,645.8048701028281
2025-06-11 12:00:00,645.8048701028281
2025-06-11 16:00:00,645.8048701028281
2025-06-11 20:00:00,645.8048701028281
2025-06-12 00:00:00,645.8048701028281
2025-06-12 04:00:00,645.8048701028281
2025-06-12 08:00:00,645.8048701028281
2025-06-12 12:00:00,645.8048701028281
2025-06-12 16:00:00,645.8048701028281
2025-06-12 20:00:00,645.8048701028281
2025-06-13 00:00:00,645.8048701028281
2025-06-13 04:00:00,645.8048701028281
2025-06-13 08:00:00,645.8048701028281
2025-06-13 12:00:00,645.8048701028281
2025-06-13 16:00:00,645.8048701028281
2025-06-13 20:00:00,645.8048701028281
2025-06-14 00:00:00,645.8048701028281
2025-06-14 04:00:00,645.8048701028281
2025-06-14 08:00:00,645.8048701028281
2025-06-14 12:00:00,645.8048701028281
2025-06-14 16:00:00,645.8048701028281
2025-06-14 20:00:00,645.8048701028281
2025-06-15 00:00:00,645.8048701028281
2025-06-15 04:00:00,645.8048701028281
2025-06-15 08:00:00,645.8048701028281
2025-06-15 12:00:00,645.8048701028281
2025-06-15 16:00:00,645.8048701028281
2025-06-15 20:00:00,645.8048701028281
2025-06-16 00:00:00,645.8048701028281
2025-06-16 04:00:00,645.8048701028281
2025-06-16 08:00:00,645.8048701028281
2025-06-16 12:00:00,645.8048701028281
2025-06-16 16:00:00,645.8048701028281
2025-06-16 20:00:00,645.8048701028281
2025-06-17 00:00:00,645.8048701028281
2025-06-17 04:00:00,645.8048701028281
2025-06-17 08:00:00,645.8048701028281
2025-06-17 12:00:00,645.8048701028281
2025-06-17 16:00:00,645.8048701028281
2025-06-17 20:00:00,645.8048701028281
2025-06-18 00:00:00,645.8048701028281
2025-06-18 04:00:00,645.8048701028281
2025-06-18 08:00:00,645.8048701028281
2025-06-18 12:00:00,645.8048701028281
2025-06-18 16:00:00,645.8048701028281
2025-06-18 20:00:00,645.8048701028281
2025-06-19 00:00:00,645.8048701028281
2025-06-19 04:00:00,645.8048701028281
2025-06-19 08:00:00,645.8048701028281
2025-06-19 12:00:00,645.8048701028281
2025-06-19 16:00:00,645.8048701028281
2025-06-19 20:00:00,645.8048701028281
2025-06-20 00:00:00,645.8048701028281
2025-06-20 04:00:00,645.8048701028281
2025-06-20 08:00:00,645.8048701028281
2025-06-20 12:00:00,645.8048701028281
2025-06-20 16:00:00,645.8048701028281
2025-06-20 20:00:00,645.8048701028281
2025-06-21 00:00:00,645.8048701028281
2025-06-21 04:00:00,645.8048701028281
2025-06-21 08:00:00,645.8048701028281
2025-06-21 12:00:00,645.8048701028281
2025-06-21 16:00:00,645.8048701028281
2025-06-21 20:00:00,645.8048701028281
2025-06-22 00:00:00,645.8048701028281
2025-06-22 04:00:00,645.8048701028281
2025-06-22 08:00:00,645.8048701028281
2025-06-22 12:00:00,645.8048701028281
2025-06-22 16:00:00,645.8048701028281
2025-06-22 20:00:00,645.8048701028281
2025-06-23 00:00:00,645.8048701028281
2025-06-23 04:00:00,645.8048701028281
2025-06-23 08:00:00,645.8048701028281
2025-06-23 12:00:00,645.8048701028281
2025-06-23 16:00:00,645.8048701028281
2025-06-23 20:00:00,645.8048701028281
2025-06-24 00:00:00,645.8048701028281
2025-06-24 04:00:00,645.8048701028281
2025-06-24 08:00:00,645.8048701028281
2025-06-24 12:00:00,645.8048701028281
2025-06-24 16:00:00,645.8048701028281
2025-06-24 20:00:00,645.8048701028281
2025-06-25 00:00:00,645.8048701028281
2025-06-25 04:00:00,645.8048701028281
2025-06-25 08:00:00,645.8048701028281
2025-06-25 12:00:00,645.8048701028281
2025-06-25 16:00:00,645.8048701028281
2025-06-25 20:00:00,645.8048701028281
2025-06-26 00:00:00,645.8048701028281
2025-06-26 04:00:00,645.8048701028281
2025-06-26 08:00:00,645.8048701028281
2025-06-26 12:00:00,645.8048701028281
2025-06-26 16:00:00,645.8048701028281
2025-06-26 20:00:00,645.8048701028281
2025-06-27 00:00:00,645.8048701028281
2025-06-27 04:00:00,645.8048701028281
2025-06-27 08:00:00,645.8048701028281
2025-06-27 12:00:00,645.8048701028281
2025-06-27 16:00:00,645.8048701028281
2025-06-27 20:00:00,645.8048701028281
2025-06-28 00:00:00,645.8048701028281
2025-06-28 04:00:00,645.8048701028281
2025-06-28 08:00:00,645.8048701028281
2025-06-28 12:00:00,645.8048701028281
2025-06-28 16:00:00,645.8048701028281
2025-06-28 20:00:00,645.8048701028281
2025-06-29 00:00:00,645.8048701028281
2025-06-29 04:00:00,645.8048701028281
2025-06-29 08:00:00,645.8048701028281
2025-06-29 12:00:00,645.8048701028281
2025-06-29 16:00:00,645.8048701028281
2025-06-29 20:00:00,645.8048701028281
2025-06-30 00:00:00,645.8048701028281
2025-06-30 04:00:00,645.8048701028281
2025-06-30 08:00:00,645.8048701028281
2025-06-30 12:00:00,645.8048701028281
2025-06-30 16:00:00,645.8048701028281
2025-06-30 20:00:00,645.8048701028281
2025-07-01 00:00:00,645.8048701028281
2025-07-01 04:00:00,645.8048701028281
2025-07-01 08:00:00,645.8048701028281
2025-07-01 12:00:00,645.8048701028281
2025-07-01 16:00:00,645.8048701028281
2025-07-01 20:00:00,645.8048701028281
2025-07-02 00:00:00,645.8048701028281
2025-07-02 04:00:00,645.8048701028281
2025-07-02 08:00:00,645.8048701028281
2025-07-02 12:00:00,645.8048701028281
2025-07-02 16:00:00,645.8048701028281
2025-07-02 20:00:00,645.8048701028281
2025-07-03 00:00:00,645.8048701028281
2025-07-03 04:00:00,645.8048701028281
2025-07-03 08:00:00,645.8048701028281
2025-07-03 12:00:00,645.8048701028281
2025-07-03 16:00:00,645.8048701028281
2025-07-03 20:00:00,645.8048701028281
2025-07-04 00:00:00,645.8048701028281
2025-07-04 04:00:00,645.8048701028281
2025-07-04 08:00:00,645.8048701028281
2025-07-04 12:00:00,645.8048701028281
2025-07-04 16:00:00,645.8048701028281
2025-07-04 20:00:00,645.8048701028281
2025-07-05 00:00:00,645.8048701028281
2025-07-05 04:00:00,645.8048701028281
2025-07-05 08:00:00,645.8048701028281
2025-07-05 12:00:00,645.8048701028281
2025-07-05 16:00:00,645.8048701028281
2025-07-05 20:00:00,645.8048701028281
2025-07-06 00:00:00,645.8048701028281
2025-07-06 04:00:00,645.8048701028281
2025-07-06 08:00:00,645.8048701028281
2025-07-06 12:00:00,645.8048701028281
2025-07-06 16:00:00,645.8048701028281
2025-07-06 20:00:00,645.8048701028281
2025-07-07 00:00:00,645.8048701028281
2025-07-07 04:00:00,645.8048701028281
2025-07-07 08:00:00,645.8048701028281
2025-07-07 12:00:00,645.8048701028281
2025-07-07 16:00:00,645.8048701028281
2025-07-07 20:00:00,645.8048701028281
2025-07-08 00:00:00,645.8048701028281
2025-07-08 04:00:00,645.8048701028281
2025-07-08 08:00:00,645.8048701028281
2025-07-08 12:00:00,645.8048701028281
2025-07-08 16:00:00,645.8048701028281
2025-07-08 20:00:00,645.8048701028281
2025-07-09 00:00:00,645.8048701028281
2025-07-09 04:00:00,645.8048701028281
2025-07-09 08:00:00,645.8048701028281
2025-07-09 12:00:00,645.8048701028281
2025-07-09 16:00:00,645.8048701028281
2025-07-09 20:00:00,645.8048701028281
2025-07-10 00:00:00,645.8048701028281
2025-07-10 04:00:00,645.8048701028281
2025-07-10 08:00:00,645.8048701028281
2025-07-10 12:00:00,645.8048701028281
2025-07-10 16:00:00,645.8048701028281
2025-07-10 20:00:00,645.8048701028281
2025-07-11 00:00:00,645.8048701028281
2025-07-11 04:00:00,645.8048701028281
2025-07-11 08:00:00,645.8048701028281
2025-07-11 12:00:00,645.8048701028281
2025-07-11 16:00:00,645.8048701028281
2025-07-11 20:00:00,645.8048701028281
2025-07-12 00:00:00,645.8048701028281
2025-07-12 04:00:00,645.8048701028281
2025-07-12 08:00:00,645.8048701028281
2025-07-12 12:00:00,645.8048701028281
2025-07-12 16:00:00,645.8048701028281
2025-07-12 20:00:00,645.8048701028281
2025-07-13 00:00:00,645.8048701028281
2025-07-13 04:00:00,645.8048701028281
2025-07-13 08:00:00,645.8048701028281
2025-07-13 12:00:00,644.0230924090231
2025-07-13 16:00:00,643.1684826229404
2025-07-13 20:00:00,642.7484201522707
2025-07-14 00:00:00,637.1913994496852
2025-07-14 04:00:00,629.5306636092366
2025-07-14 08:00:00,634.3224195834433
2025-07-14 12:00:00,640.4676130389441
2025-07-14 16:00:00,640.2506206673306
2025-07-14 20:00:00,640.6453255963639
2025-07-15 00:00:00,650.58845759123
2025-07-15 04:00:00,652.2363030002668
2025-07-15 08:00:00,650.9652387215536
2025-07-15 12:00:00,653.7010968480128
2025-07-15 16:00:00,653.564189534464
2025-07-15 20:00:00,648.5699327705793
2025-07-16 00:00:00,649.5648942776788
2025-07-16 04:00:00,646.8816634750908
2025-07-16 08:00:00,644.6930532454073
2025-07-16 12:00:00,643.5455487705655
2025-07-16 16:00:00,643.0471146234673
2025-07-16 20:00:00,645.3200048428284
2025-07-17 00:00:00,647.2260292247691
2025-07-17 04:00:00,646.4518736634768
2025-07-17 08:00:00,647.6912852763834
2025-07-17 12:00:00,644.2358056995996
2025-07-17 16:00:00,643.954363924115
2025-07-17 20:00:00,643.0856317228223
2025-07-18 00:00:00,639.1340061434565
2025-07-18 04:00:00,642.3991883679817
2025-07-18 08:00:00,643.0898266544352
2025-07-18 12:00:00,648.2209907318687
2025-07-18 16:00:00,650.0072688841316
2025-07-18 20:00:00,647.9677694054163
2025-07-19 00:00:00,646.4469160170252
2025-07-19 04:00:00,647.0578506028332
2025-07-19 08:00:00,646.428610860896
2025-07-19 12:00:00,647.4750556196085
2025-07-19 16:00:00,647.6554376789638
2025-07-19 20:00:00,648.2804824892881
2025-07-20 00:00:00,647.8239976583192
2025-07-20 04:00:00,647.6325562338026
2025-07-20 08:00:00,648.0714986234811
2025-07-20 12:00:00,645.0202579112147
2025-07-20 16:00:00,647.0723421847688
2025-07-20 20:00:00,650.5625252867138
2025-07-21 00:00:00,646.1433555112178
2025-07-21 04:00:00,642.4159680944333
2025-07-21 08:00:00,647.4010722802535
2025-07-21 12:00:00,646.4129752067024
2025-07-21 16:00:00,652.4361342880093
2025-07-21 20:00:00,650.1270151138094
2025-07-22 00:00:00,650.7112546802626
2025-07-22 04:00:00,647.7271328738028
2025-07-22 08:00:00,643.2168186750807
2025-07-22 12:00:00,644.1412290595994
2025-07-22 16:00:00,642.6665199189501
2025-07-22 20:00:00,639.9695602492653
2025-07-23 00:00:00,645.2052162596023
2025-07-23 04:00:00,646.32564435767
2025-07-23 08:00:00,645.7238623499263
2025-07-23 12:00:00,645.5476752221839
2025-07-23 16:00:00,646.259288166702
2025-07-23 20:00:00,644.8516979318595
2025-07-24 00:00:00,645.8508543705718
2025-07-24 04:00:00,646.1692878157339
2025-07-24 08:00:00,645.4447087189578
2025-07-24 12:00:00,643.476523077662
2025-07-24 16:00:00,644.1328391963735
2025-07-24 20:00:00,646.4503482337993
2025-07-25 00:00:00,657.5467050647975
2025-07-25 04:00:00,657.9120454725405
2025-07-25 08:00:00,653.2755019680116
2025-07-25 12:00:00,656.391954798988
2025-07-25 16:00:00,652.7225337099455
2025-07-25 20:00:00,649.161036770581
2025-07-26 00:00:00,649.6480301950984
2025-07-26 04:00:00,650.2875665873582
2025-07-26 08:00:00,648.4955680738049
2025-07-26 12:00:00,647.1489950260593
2025-07-26 16:00:00,646.7756461125099
2025-07-26 20:00:00,647.99522713961
2025-07-27 00:00:00,646.9548840996072
2025-07-27 04:00:00,647.2538683163821
2025-07-27 08:00:00,647.3690382570277
2025-07-27 12:00:00,645.3577592273447
2025-07-27 16:00:00,643.937202840244
2025-07-27 20:00:00,642.1444416118519
2025-07-28 00:00:00,642.730587965402
2025-07-28 04:00:00,644.2426701331481
2025-07-28 08:00:00,644.4711032273422
2025-07-28 12:00:00,646.9899689821879
2025-07-28 16:00:00,647.3820044092857
2025-07-28 20:00:00,647.4148011473503
2025-07-29 00:00:00,644.7292822002461
2025-07-29 04:00:00,644.3075008944386
2025-07-29 08:00:00,645.4370815705706
2025-07-29 12:00:00,650.0679047138093
2025-07-29 16:00:00,649.5370551860658
2025-07-29 20:00:00,647.9654812609002
2025-07-30 00:00:00,647.1665374673497
2025-07-30 04:00:00,647.2557751034789
2025-07-30 08:00:00,649.377647784775
2025-07-30 12:00:00,647.7633618286416
2025-07-30 16:00:00,651.9003271138143
2025-07-30 20:00:00,648.4459916092886
2025-07-31 00:00:00,645.9366597899269
2025-07-31 04:00:00,645.1926314647636
2025-07-31 08:00:00,646.3107714183151
2025-07-31 12:00:00,646.5838233305739
2025-07-31 16:00:00,652.4582530183319
2025-07-31 20:00:00,656.3542004144717
2025-08-01 00:00:00,656.7416595525373
2025-08-01 04:00:00,658.9558207293176
2025-08-01 08:00:00,658.0729783035086
2025-08-01 12:00:00,657.8491214983468
2025-08-01 16:00:00,665.5784736738519
2025-08-01 20:00:00,665.2850138153744
2025-08-02 00:00:00,665.2850138153744
2025-08-02 04:00:00,665.2850138153744
2025-08-02 08:00:00,665.2850138153744
2025-08-02 12:00:00,665.2850138153744
2025-08-02 16:00:00,665.2850138153744
2025-08-02 20:00:00,665.2850138153744
2025-08-03 00:00:00,665.2850138153744
2025-08-03 04:00:00,665.2850138153744
2025-08-03 08:00:00,665.2850138153744
2025-08-03 12:00:00,665.2850138153744
2025-08-03 16:00:00,665.2850138153744
2025-08-03 20:00:00,665.2850138153744
2025-08-04 00:00:00,665.2850138153744
2025-08-04 04:00:00,665.2850138153744
2025-08-04 08:00:00,665.2850138153744
2025-08-04 12:00:00,665.2850138153744
2025-08-04 16:00:00,665.2850138153744
2025-08-04 20:00:00,665.2850138153744
2025-08-05 00:00:00,665.2850138153744
2025-08-05 04:00:00,665.2850138153744
2025-08-05 08:00:00,665.2850138153744
2025-08-05 12:00:00,665.2850138153744
2025-08-05 16:00:00,665.2850138153744
2025-08-05 20:00:00,665.2850138153744
2025-08-06 00:00:00,665.2850138153744
2025-08-06 04:00:00,665.2850138153744
2025-08-06 08:00:00,665.2850138153744
2025-08-06 12:00:00,665.2850138153744
2025-08-06 16:00:00,665.2850138153744
2025-08-06 20:00:00,665.2850138153744
2025-08-07 00:00:00,665.2850138153744
2025-08-07 04:00:00,665.2850138153744
2025-08-07 08:00:00,665.2850138153744
2025-08-07 12:00:00,665.2850138153744
2025-08-07 16:00:00,665.2850138153744
2025-08-07 20:00:00,665.2850138153744
2025-08-08 00:00:00,665.2850138153744
2025-08-08 04:00:00,665.2850138153744
2025-08-08 08:00:00,665.2850138153744
2025-08-08 12:00:00,665.2850138153744
2025-08-08 16:00:00,665.2850138153744
2025-08-08 20:00:00,665.2850138153744
2025-08-09 00:00:00,665.2850138153744
2025-08-09 04:00:00,665.2850138153744
2025-08-09 08:00:00,665.2850138153744
2025-08-09 12:00:00,665.2850138153744
2025-08-09 16:00:00,665.2850138153744
2025-08-09 20:00:00,665.2850138153744
2025-08-10 00:00:00,665.2850138153744
2025-08-10 04:00:00,665.2850138153744
2025-08-10 08:00:00,665.2850138153744
2025-08-10 12:00:00,665.2850138153744
2025-08-10 16:00:00,665.2850138153744
2025-08-10 20:00:00,665.2850138153744
2025-08-11 00:00:00,665.2850138153744
2025-08-11 04:00:00,665.2850138153744
2025-08-11 08:00:00,665.2850138153744
2025-08-11 12:00:00,665.2850138153744
2025-08-11 16:00:00,665.2850138153744
2025-08-11 20:00:00,665.2850138153744
2025-08-12 00:00:00,665.2850138153744
2025-08-12 04:00:00,665.2850138153744
2025-08-12 08:00:00,665.2850138153744
2025-08-12 12:00:00,665.2850138153744
2025-08-12 16:00:00,665.2850138153744
2025-08-12 20:00:00,665.2850138153744
2025-08-13 00:00:00,665.2850138153744
2025-08-13 04:00:00,665.2850138153744
2025-08-13 08:00:00,665.2850138153744
2025-08-13 12:00:00,665.2850138153744
2025-08-13 16:00:00,665.2850138153744
2025-08-13 20:00:00,665.2850138153744
2025-08-14 00:00:00,665.2850138153744
2025-08-14 04:00:00,665.2850138153744
2025-08-14 08:00:00,665.2850138153744
2025-08-14 12:00:00,665.2850138153744
2025-08-14 16:00:00,665.2850138153744
2025-08-14 20:00:00,665.2850138153744
2025-08-15 00:00:00,665.2850138153744
2025-08-15 04:00:00,665.2850138153744
2025-08-15 08:00:00,665.2850138153744
2025-08-15 12:00:00,665.2850138153744
2025-08-15 16:00:00,665.2850138153744
2025-08-15 20:00:00,665.2850138153744
2025-08-16 00:00:00,665.2850138153744
2025-08-16 04:00:00,665.2850138153744
2025-08-16 08:00:00,665.2850138153744
2025-08-16 12:00:00,665.2850138153744
2025-08-16 16:00:00,665.2850138153744
2025-08-16 20:00:00,665.2850138153744
2025-08-17 00:00:00,665.2850138153744
2025-08-17 04:00:00,665.2850138153744
2025-08-17 08:00:00,665.2850138153744
2025-08-17 12:00:00,665.2850138153744
2025-08-17 16:00:00,665.2850138153744
2025-08-17 20:00:00,665.2850138153744
2025-08-18 00:00:00,665.2850138153744
2025-08-18 04:00:00,665.2850138153744
2025-08-18 08:00:00,665.2850138153744
2025-08-18 12:00:00,665.2850138153744
2025-08-18 16:00:00,665.2850138153744
2025-08-18 20:00:00,665.2850138153744
2025-08-19 00:00:00,665.2850138153744
2025-08-19 04:00:00,665.2850138153744
2025-08-19 08:00:00,665.2850138153744
2025-08-19 12:00:00,665.2850138153744
2025-08-19 16:00:00,665.2850138153744
2025-08-19 20:00:00,665.2850138153744
2025-08-20 00:00:00,665.2850138153744
2025-08-20 04:00:00,665.2850138153744
2025-08-20 08:00:00,665.2850138153744
2025-08-20 12:00:00,665.2850138153744
2025-08-20 16:00:00,665.2850138153744
2025-08-20 20:00:00,665.2850138153744
2025-08-21 00:00:00,665.2850138153744
2025-08-21 04:00:00,665.2850138153744
2025-08-21 08:00:00,665.2850138153744
2025-08-21 12:00:00,665.2850138153744
2025-08-21 16:00:00,665.2850138153744
2025-08-21 20:00:00,665.2850138153744
2025-08-22 00:00:00,665.2850138153744
2025-08-22 04:00:00,665.2850138153744
2025-08-22 08:00:00,665.2850138153744
2025-08-22 12:00:00,665.2850138153744
2025-08-22 16:00:00,665.2850138153744
2025-08-22 20:00:00,665.2850138153744
2025-08-23 00:00:00,665.2850138153744
2025-08-23 04:00:00,665.2850138153744
2025-08-23 08:00:00,665.2850138153744
2025-08-23 12:00:00,665.2850138153744
2025-08-23 16:00:00,665.2850138153744
2025-08-23 20:00:00,665.2850138153744
2025-08-24 00:00:00,665.2850138153744
2025-08-24 04:00:00,665.2850138153744
2025-08-24 08:00:00,665.2850138153744
2025-08-24 12:00:00,665.2850138153744
2025-08-24 16:00:00,665.2850138153744
2025-08-24 20:00:00,665.2850138153744
2025-08-25 00:00:00,665.2850138153744
2025-08-25 04:00:00,665.2850138153744
2025-08-25 08:00:00,665.2850138153744
2025-08-25 12:00:00,665.2850138153744
2025-08-25 16:00:00,665.2850138153744
2025-08-25 20:00:00,665.2850138153744
2025-08-26 00:00:00,665.2850138153744
2025-08-26 04:00:00,665.2850138153744
2025-08-26 08:00:00,665.2850138153744
2025-08-26 12:00:00,665.2850138153744
2025-08-26 16:00:00,665.2850138153744
2025-08-26 20:00:00,665.2850138153744
2025-08-27 00:00:00,665.2850138153744
2025-08-27 04:00:00,665.2850138153744
2025-08-27 08:00:00,665.2850138153744
2025-08-27 12:00:00,665.2850138153744
2025-08-27 16:00:00,665.2850138153744
2025-08-27 20:00:00,665.2850138153744
2025-08-28 00:00:00,665.2850138153744
2025-08-28 04:00:00,665.2850138153744
2025-08-28 08:00:00,665.2850138153744
2025-08-28 12:00:00,665.2850138153744
2025-08-28 16:00:00,665.2850138153744
2025-08-28 20:00:00,665.2850138153744
2025-08-29 00:00:00,665.2850138153744
2025-08-29 04:00:00,665.2850138153744
2025-08-29 08:00:00,665.2850138153744
2025-08-29 12:00:00,665.2850138153744
2025-08-29 16:00:00,665.2850138153744
2025-08-29 20:00:00,665.2850138153744
2025-08-30 00:00:00,665.2850138153744
2025-08-30 04:00:00,665.2850138153744
2025-08-30 08:00:00,665.2850138153744
2025-08-30 12:00:00,665.2850138153744
2025-08-30 16:00:00,665.2850138153744
2025-08-30 20:00:00,665.2850138153744
2025-08-31 00:00:00,665.2850138153744
2025-08-31 04:00:00,665.2850138153744
2025-08-31 08:00:00,665.2850138153744
2025-08-31 12:00:00,665.2850138153744
2025-08-31 16:00:00,665.2850138153744
2025-08-31 20:00:00,665.2850138153744
2025-09-01 00:00:00,665.2850138153744
2025-09-01 04:00:00,665.2850138153744
2025-09-01 08:00:00,665.2850138153744
2025-09-01 12:00:00,665.2850138153744
2025-09-01 16:00:00,665.2850138153744
2025-09-01 20:00:00,665.2850138153744
2025-09-02 00:00:00,665.2850138153744
2025-09-02 04:00:00,665.2850138153744
2025-09-02 08:00:00,665.2850138153744
2025-09-02 12:00:00,665.2850138153744
2025-09-02 16:00:00,665.2850138153744
2025-09-02 20:00:00,665.2850138153744
2025-09-03 00:00:00,665.2850138153744
2025-09-03 04:00:00,665.2850138153744
2025-09-03 08:00:00,665.2850138153744
2025-09-03 12:00:00,665.2850138153744
2025-09-03 16:00:00,665.2850138153744
2025-09-03 20:00:00,665.2850138153744
2025-09-04 00:00:00,665.2850138153744
2025-09-04 04:00:00,665.2850138153744
2025-09-04 08:00:00,665.2850138153744
2025-09-04 12:00:00,665.2850138153744
2025-09-04 16:00:00,665.2850138153744
2025-09-04 20:00:00,665.2850138153744
2025-09-05 00:00:00,665.2850138153744
2025-09-05 04:00:00,665.2850138153744
2025-09-05 08:00:00,665.2850138153744
2025-09-05 12:00:00,665.2850138153744
2025-09-05 16:00:00,665.2850138153744
2025-09-05 20:00:00,665.2850138153744
2025-09-06 00:00:00,665.2850138153744
2025-09-06 04:00:00,665.2850138153744
2025-09-06 08:00:00,665.2850138153744
2025-09-06 12:00:00,665.2850138153744
2025-09-06 16:00:00,665.2850138153744
2025-09-06 20:00:00,665.2850138153744
2025-09-07 00:00:00,665.2850138153744
2025-09-07 04:00:00,665.2850138153744
2025-09-07 08:00:00,665.2850138153744
2025-09-07 12:00:00,665.2850138153744
2025-09-07 16:00:00,665.2850138153744
2025-09-07 20:00:00,665.2850138153744
2025-09-08 00:00:00,665.2850138153744
2025-09-08 04:00:00,665.2850138153744
2025-09-08 08:00:00,665.2850138153744
2025-09-08 12:00:00,665.2850138153744
2025-09-08 16:00:00,665.2850138153744
2025-09-08 20:00:00,665.2850138153744
2025-09-09 00:00:00,665.2850138153744
2025-09-09 04:00:00,665.2850138153744
2025-09-09 08:00:00,665.2850138153744
2025-09-09 12:00:00,665.2850138153744
2025-09-09 16:00:00,665.2850138153744
2025-09-09 20:00:00,665.2850138153744
2025-09-10 00:00:00,665.2850138153744
2025-09-10 04:00:00,665.2850138153744
2025-09-10 08:00:00,665.2850138153744
2025-09-10 12:00:00,665.2850138153744
2025-09-10 16:00:00,665.2850138153744
2025-09-10 20:00:00,665.2850138153744
2025-09-11 00:00:00,665.2850138153744
2025-09-11 04:00:00,665.2850138153744
2025-09-11 08:00:00,665.2850138153744
2025-09-11 12:00:00,665.2850138153744
2025-09-11 16:00:00,665.2850138153744
2025-09-11 20:00:00,665.2850138153744
2025-09-12 00:00:00,665.2850138153744
2025-09-12 04:00:00,665.2850138153744
2025-09-12 08:00:00,665.2850138153744
2025-09-12 12:00:00,665.2850138153744
2025-09-12 16:00:00,665.2850138153744
2025-09-12 20:00:00,665.2850138153744
2025-09-13 00:00:00,665.2850138153744
2025-09-13 04:00:00,665.2850138153744
2025-09-13 08:00:00,665.2850138153744
2025-09-13 12:00:00,665.2850138153744
2025-09-13 16:00:00,665.2850138153744
2025-09-13 20:00:00,665.2850138153744
2025-09-14 00:00:00,665.2850138153744
2025-09-14 04:00:00,665.2850138153744
2025-09-14 08:00:00,665.2850138153744
2025-09-14 12:00:00,665.2850138153744
2025-09-14 16:00:00,665.2850138153744
2025-09-14 20:00:00,665.2850138153744
2025-09-15 00:00:00,665.2850138153744
2025-09-15 04:00:00,665.2850138153744
2025-09-15 08:00:00,665.2850138153744
2025-09-15 12:00:00,665.2850138153744
2025-09-15 16:00:00,665.2850138153744
2025-09-15 20:00:00,665.2850138153744
2025-09-16 00:00:00,665.2850138153744
2025-09-16 04:00:00,665.2850138153744
2025-09-16 08:00:00,665.2850138153744
2025-09-16 12:00:00,665.2850138153744
2025-09-16 16:00:00,665.2850138153744
2025-09-16 20:00:00,665.2850138153744
2025-09-17 00:00:00,665.2850138153744
2025-09-17 04:00:00,665.2850138153744
2025-09-17 08:00:00,665.2850138153744
2025-09-17 12:00:00,665.2850138153744
2025-09-17 16:00:00,665.2850138153744
2025-09-17 20:00:00,665.2850138153744
2025-09-18 00:00:00,665.2850138153744
2025-09-18 04:00:00,665.2850138153744
2025-09-18 08:00:00,665.2850138153744
2025-09-18 12:00:00,665.2850138153744
2025-09-18 16:00:00,665.2850138153744
2025-09-18 20:00:00,665.2850138153744
2025-09-19 00:00:00,665.2850138153744
2025-09-19 04:00:00,665.2850138153744
2025-09-19 08:00:00,665.2850138153744
2025-09-19 12:00:00,665.2850138153744
2025-09-19 16:00:00,665.2850138153744
2025-09-19 20:00:00,665.2850138153744
2025-09-20 00:00:00,665.2850138153744
2025-09-20 04:00:00,665.2850138153744
2025-09-20 08:00:00,665.2850138153744
2025-09-20 12:00:00,665.2850138153744
2025-09-20 16:00:00,665.2850138153744
2025-09-20 20:00:00,665.2850138153744
2025-09-21 00:00:00,665.2850138153744
2025-09-21 04:00:00,665.2850138153744
2025-09-21 08:00:00,665.2850138153744
2025-09-21 12:00:00,665.2850138153744
2025-09-21 16:00:00,665.2850138153744
2025-09-21 20:00:00,665.2850138153744
2025-09-22 00:00:00,665.2850138153744
2025-09-22 04:00:00,665.2850138153744
2025-09-22 08:00:00,665.2850138153744
2025-09-22 12:00:00,665.2850138153744
2025-09-22 16:00:00,665.2850138153744
2025-09-22 20:00:00,665.2850138153744
2025-09-23 00:00:00,665.2850138153744
2025-09-23 04:00:00,665.2850138153744
2025-09-23 08:00:00,665.2850138153744
2025-09-23 12:00:00,665.2850138153744
2025-09-23 16:00:00,665.2850138153744
2025-09-23 20:00:00,665.2850138153744
2025-09-24 00:00:00,665.2850138153744
2025-09-24 04:00:00,665.2850138153744
2025-09-24 08:00:00,665.2850138153744
2025-09-24 12:00:00,665.2850138153744
2025-09-24 16:00:00,665.2850138153744
2025-09-24 20:00:00,665.2850138153744
2025-09-25 00:00:00,665.2850138153744
2025-09-25 04:00:00,665.2850138153744
2025-09-25 08:00:00,665.2850138153744
2025-09-25 12:00:00,665.2850138153744
2025-09-25 16:00:00,665.2850138153744
2025-09-25 20:00:00,665.2850138153744
2025-09-26 00:00:00,665.2850138153744
2025-09-26 04:00:00,665.2850138153744
2025-09-26 08:00:00,665.2850138153744
2025-09-26 12:00:00,665.2850138153744
2025-09-26 16:00:00,665.2850138153744
2025-09-26 20:00:00,665.2850138153744
2025-09-27 00:00:00,665.2850138153744
2025-09-27 04:00:00,665.2850138153744
2025-09-27 08:00:00,665.2850138153744
2025-09-27 12:00:00,665.2850138153744
2025-09-27 16:00:00,665.2850138153744
2025-09-27 20:00:00,665.2850138153744
2025-09-28 00:00:00,665.2850138153744
2025-09-28 04:00:00,665.2850138153744
2025-09-28 08:00:00,665.2850138153744
2025-09-28 12:00:00,665.2850138153744
2025-09-28 16:00:00,665.2850138153744
2025-09-28 20:00:00,665.2850138153744
2025-09-29 00:00:00,665.2850138153744
2025-09-29 04:00:00,665.2850138153744
2025-09-29 08:00:00,665.2850138153744
2025-09-29 12:00:00,665.2850138153744
2025-09-29 16:00:00,665.2850138153744
2025-09-29 20:00:00,665.2850138153744
2025-09-30 00:00:00,665.2850138153744
2025-09-30 04:00:00,665.2850138153744
2025-09-30 08:00:00,665.2850138153744
2025-09-30 12:00:00,665.2850138153744
2025-09-30 16:00:00,665.2850138153744
2025-09-30 20:00:00,665.2850138153744
2025-10-01 00:00:00,665.2850138153744
2025-10-01 04:00:00,665.2850138153744
2025-10-01 08:00:00,665.2850138153744
2025-10-01 12:00:00,665.2850138153744
2025-10-01 16:00:00,665.2850138153744
2025-10-01 20:00:00,665.2850138153744
2025-10-02 00:00:00,665.2850138153744
2025-10-02 04:00:00,665.2850138153744
2025-10-02 08:00:00,665.2850138153744
2025-10-02 12:00:00,665.2850138153744
2025-10-02 16:00:00,665.2850138153744
2025-10-02 20:00:00,665.2850138153744
2025-10-03 00:00:00,665.2850138153744
2025-10-03 04:00:00,665.2850138153744
2025-10-03 08:00:00,665.2850138153744
2025-10-03 12:00:00,665.2850138153744
2025-10-03 16:00:00,665.2850138153744
2025-10-03 20:00:00,665.2850138153744
2025-10-04 00:00:00,665.2850138153744
2025-10-04 04:00:00,665.2850138153744
2025-10-04 08:00:00,666.0122745577326
2025-10-04 12:00:00,666.5014251092271
2025-10-04 16:00:00,666.0275095026067
2025-10-04 20:00:00,664.8734624283911
2025-10-05 00:00:00,661.0851301538858
2025-10-05 04:00:00,658.4824030536923
2025-10-05 08:00:00,662.6018146093597
2025-10-05 12:00:00,664.7501492407732
2025-10-05 16:00:00,665.409423091613
2025-10-05 20:00:00,662.5578847130797
2025-10-06 00:00:00,661.3662456006537
2025-10-06 04:00:00,662.8650685804008
2025-10-06 08:00:00,660.1677729488063
2025-10-06 12:00:00,657.6133308317817
2025-10-06 16:00:00,656.2755841383946
2025-10-06 20:00:00,658.6471477242386
2025-10-07 00:00:00,659.7886742142415
2025-10-07 04:00:00,661.9057698083004
2025-10-07 08:00:00,659.3998132805034
2025-10-07 12:00:00,667.8893470882812
2025-10-07 16:00:00,668.522913814631
2025-10-07 20:00:00,669.5222376033422
2025-10-08 00:00:00,669.3705981095163
2025-10-08 04:00:00,668.6634894827272
2025-10-08 08:00:00,664.5135786141393
2025-10-08 12:00:00,666.7445665318871
2025-10-08 16:00:00,662.7039922940406
2025-10-08 20:00:00,663.1735540742784
2025-10-09 00:00:00,667.2382084034192
2025-10-09 04:00:00,667.6954047313708
2025-10-09 08:00:00,665.0107999587016
2025-10-09 12:00:00,670.196154752942
2025-10-09 16:00:00,670.7877440228465
2025-10-09 20:00:00,668.569446964024
2025-10-10 00:00:00,670.5820870269281
2025-10-10 04:00:00,670.8251657863443
2025-10-10 08:00:00,668.8496220802989
2025-10-10 12:00:00,677.0755765103964
2025-10-10 16:00:00,684.7551731934259
2025-10-10 20:00:00,684.496037444677
2025-10-11 00:00:00,684.496037444677
2025-10-11 04:00:00,684.496037444677
2025-10-11 08:00:00,684.496037444677
2025-10-11 12:00:00,684.496037444677
2025-10-11 16:00:00,684.496037444677
2025-10-11 20:00:00,684.496037444677
2025-10-12 00:00:00,684.496037444677
2025-10-12 04:00:00,684.496037444677
2025-10-12 08:00:00,684.496037444677
2025-10-12 12:00:00,684.496037444677
2025-10-12 16:00:00,684.496037444677
2025-10-12 20:00:00,684.496037444677
2025-10-13 00:00:00,684.496037444677
2025-10-13 04:00:00,684.496037444677
2025-10-13 08:00:00,684.496037444677
2025-10-13 12:00:00,684.496037444677
2025-10-13 16:00:00,684.496037444677
2025-10-13 20:00:00,684.496037444677
2025-10-14 00:00:00,684.496037444677
2025-10-14 04:00:00,684.496037444677
2025-10-14 08:00:00,684.496037444677
2025-10-14 12:00:00,684.496037444677
2025-10-14 16:00:00,684.496037444677
2025-10-14 20:00:00,684.496037444677
2025-10-15 00:00:00,684.496037444677
2025-10-15 04:00:00,684.496037444677
2025-10-15 08:00:00,684.496037444677
2025-10-15 12:00:00,684.496037444677
2025-10-15 16:00:00,684.496037444677
2025-10-15 20:00:00,684.496037444677
2025-10-16 00:00:00,684.496037444677
2025-10-16 04:00:00,684.496037444677
2025-10-16 08:00:00,684.496037444677
2025-10-16 12:00:00,684.496037444677
2025-10-16 16:00:00,684.496037444677
2025-10-16 20:00:00,684.496037444677
2025-10-17 00:00:00,684.496037444677
2025-10-17 04:00:00,684.496037444677
2025-10-17 08:00:00,684.496037444677
2025-10-17 12:00:00,684.496037444677
2025-10-17 16:00:00,684.496037444677
2025-10-17 20:00:00,684.496037444677
2025-10-18 00:00:00,684.496037444677
2025-10-18 04:00:00,684.496037444677
2025-10-18 08:00:00,684.496037444677
2025-10-18 12:00:00,684.496037444677
2025-10-18 16:00:00,684.496037444677
2025-10-18 20:00:00,684.496037444677
2025-10-19 00:00:00,684.496037444677
2025-10-19 04:00:00,684.496037444677
2025-10-19 08:00:00,684.496037444677
2025-10-19 12:00:00,684.496037444677
2025-10-19 16:00:00,684.496037444677
2025-10-19 20:00:00,684.496037444677
2025-10-20 00:00:00,684.496037444677
2025-10-20 04:00:00,684.496037444677
2025-10-20 08:00:00,684.496037444677
2025-10-20 12:00:00,684.496037444677
2025-10-20 16:00:00,684.496037444677
2025-10-20 20:00:00,684.496037444677
2025-10-21 00:00:00,684.496037444677
2025-10-21 04:00:00,684.496037444677
2025-10-21 08:00:00,684.496037444677
2025-10-21 12:00:00,684.496037444677
2025-10-21 16:00:00,684.496037444677
2025-10-21 20:00:00,684.496037444677
2025-10-22 00:00:00,684.496037444677
2025-10-22 04:00:00,684.496037444677
2025-10-22 08:00:00,684.496037444677
2025-10-22 12:00:00,684.496037444677
2025-10-22 16:00:00,684.496037444677
2025-10-22 20:00:00,684.496037444677
2025-10-23 00:00:00,684.496037444677
2025-10-23 04:00:00,684.496037444677
2025-10-23 08:00:00,684.496037444677
2025-10-23 12:00:00,684.496037444677
2025-10-23 16:00:00,684.496037444677
2025-10-23 20:00:00,684.496037444677
2025-10-24 00:00:00,684.496037444677
2025-10-24 04:00:00,684.496037444677
2025-10-24 08:00:00,684.496037444677
2025-10-24 12:00:00,684.496037444677
2025-10-24 16:00:00,684.496037444677
2025-10-24 20:00:00,684.496037444677
2025-10-25 00:00:00,684.496037444677
2025-10-25 04:00:00,684.496037444677
2025-10-25 08:00:00,684.496037444677
2025-10-25 12:00:00,684.496037444677
2025-10-25 16:00:00,684.496037444677
2025-10-25 20:00:00,684.496037444677
2025-10-26 00:00:00,684.496037444677
2025-10-26 04:00:00,684.496037444677
2025-10-26 08:00:00,684.496037444677
2025-10-26 12:00:00,684.496037444677
2025-10-26 16:00:00,684.496037444677
2025-10-26 20:00:00,684.496037444677
2025-10-27 00:00:00,684.496037444677
2025-10-27 04:00:00,684.496037444677
2025-10-27 08:00:00,684.496037444677
2025-10-27 12:00:00,684.496037444677
2025-10-27 16:00:00,684.496037444677
2025-10-27 20:00:00,684.496037444677
2025-10-28 00:00:00,684.496037444677
2025-10-28 04:00:00,684.496037444677
2025-10-28 08:00:00,684.496037444677
2025-10-28 12:00:00,684.496037444677
2025-10-28 16:00:00,684.496037444677
2025-10-28 20:00:00,684.496037444677
2025-10-29 00:00:00,684.496037444677
2025-10-29 04:00:00,684.496037444677
2025-10-29 08:00:00,684.496037444677
2025-10-29 12:00:00,684.496037444677
2025-10-29 16:00:00,684.496037444677
2025-10-29 20:00:00,684.496037444677
2025-10-30 00:00:00,684.496037444677
2025-10-30 04:00:00,684.496037444677
2025-10-30 08:00:00,684.496037444677
2025-10-30 12:00:00,684.496037444677
2025-10-30 16:00:00,684.496037444677
2025-10-30 20:00:00,684.496037444677
2025-10-31 00:00:00,684.496037444677
2025-10-31 04:00:00,684.496037444677
2025-10-31 08:00:00,684.496037444677
2025-10-31 12:00:00,684.496037444677
2025-10-31 16:00:00,684.496037444677
2025-10-31 20:00:00,684.496037444677
2025-11-01 00:00:00,684.496037444677
2025-11-01 04:00:00,684.496037444677
2025-11-01 08:00:00,684.496037444677
2025-11-01 12:00:00,684.496037444677
2025-11-01 16:00:00,684.496037444677
2025-11-01 20:00:00,684.496037444677
2025-11-02 00:00:00,684.496037444677
2025-11-02 04:00:00,684.496037444677
2025-11-02 08:00:00,684.496037444677
2025-11-02 12:00:00,684.496037444677
2025-11-02 16:00:00,684.496037444677
2025-11-02 20:00:00,684.496037444677
2025-11-03 00:00:00,684.496037444677
2025-11-03 04:00:00,684.496037444677
2025-11-03 08:00:00,684.496037444677
2025-11-03 12:00:00,684.496037444677
2025-11-03 16:00:00,684.496037444677
2025-11-03 20:00:00,684.496037444677
2025-11-04 00:00:00,684.496037444677
2025-11-04 04:00:00,684.496037444677
2025-11-04 08:00:00,684.496037444677
2025-11-04 12:00:00,684.496037444677
2025-11-04 16:00:00,684.496037444677
2025-11-04 20:00:00,684.496037444677
2025-11-05 00:00:00,684.496037444677
2025-11-05 04:00:00,684.496037444677
2025-11-05 08:00:00,684.496037444677
2025-11-05 12:00:00,684.496037444677
2025-11-05 16:00:00,684.496037444677
2025-11-05 20:00:00,684.496037444677
2025-11-06 00:00:00,684.496037444677
2025-11-06 04:00:00,684.496037444677
2025-11-06 08:00:00,684.496037444677
2025-11-06 12:00:00,684.496037444677
2025-11-06 16:00:00,684.496037444677
2025-11-06 20:00:00,684.496037444677
2025-11-07 00:00:00,684.496037444677
2025-11-07 04:00:00,684.496037444677
2025-11-07 08:00:00,684.496037444677
2025-11-07 12:00:00,684.496037444677
2025-11-07 16:00:00,684.496037444677
2025-11-07 20:00:00,684.496037444677
2025-11-08 00:00:00,684.496037444677
2025-11-08 04:00:00,684.496037444677
2025-11-08 08:00:00,684.496037444677
2025-11-08 12:00:00,684.496037444677
2025-11-08 16:00:00,684.496037444677
2025-11-08 20:00:00,684.496037444677
2025-11-09 00:00:00,684.496037444677
2025-11-09 04:00:00,684.496037444677
2025-11-09 08:00:00,684.496037444677
2025-11-09 12:00:00,684.496037444677
2025-11-09 16:00:00,684.496037444677
2025-11-09 20:00:00,684.496037444677
2025-11-10 00:00:00,684.496037444677
2025-11-10 04:00:00,684.496037444677
2025-11-10 08:00:00,684.496037444677
2025-11-10 12:00:00,684.496037444677
2025-11-10 16:00:00,684.496037444677
2025-11-10 20:00:00,684.496037444677
2025-11-11 00:00:00,684.496037444677
2025-11-11 04:00:00,684.496037444677
2025-11-11 08:00:00,684.496037444677
2025-11-11 12:00:00,684.496037444677
2025-11-11 16:00:00,684.496037444677
2025-11-11 20:00:00,684.496037444677
2025-11-12 00:00:00,684.496037444677
2025-11-12 04:00:00,684.496037444677
2025-11-12 08:00:00,684.496037444677
2025-11-12 12:00:00,684.496037444677
2025-11-12 16:00:00,684.496037444677
2025-11-12 20:00:00,684.496037444677
2025-11-13 00:00:00,684.496037444677
2025-11-13 04:00:00,684.496037444677
2025-11-13 08:00:00,684.496037444677
2025-11-13 12:00:00,684.496037444677
2025-11-13 16:00:00,684.496037444677
2025-11-13 20:00:00,684.496037444677
2025-11-14 00:00:00,684.496037444677
2025-11-14 04:00:00,684.496037444677
2025-11-14 08:00:00,684.496037444677
2025-11-14 12:00:00,684.496037444677
2025-11-14 16:00:00,684.496037444677
2025-11-14 20:00:00,684.496037444677
2025-11-15 00:00:00,684.496037444677
2025-11-15 04:00:00,684.496037444677
2025-11-15 08:00:00,684.496037444677
2025-11-15 12:00:00,684.496037444677
2025-11-15 16:00:00,684.496037444677
2025-11-15 20:00:00,684.496037444677
2025-11-16 00:00:00,684.496037444677
2025-11-16 04:00:00,684.496037444677
2025-11-16 08:00:00,684.496037444677
2025-11-16 12:00:00,684.496037444677
2025-11-16 16:00:00,684.496037444677
2025-11-16 20:00:00,684.496037444677
2025-11-17 00:00:00,684.496037444677
2025-11-17 04:00:00,684.496037444677
2025-11-17 08:00:00,684.496037444677
2025-11-17 12:00:00,684.496037444677
2025-11-17 16:00:00,684.496037444677
2025-11-17 20:00:00,684.496037444677
2025-11-18 00:00:00,684.496037444677
2025-11-18 04:00:00,684.496037444677
2025-11-18 08:00:00,684.496037444677
2025-11-18 12:00:00,684.496037444677
2025-11-18 16:00:00,684.496037444677
2025-11-18 20:00:00,684.496037444677
2025-11-19 00:00:00,684.496037444677
2025-11-19 04:00:00,684.496037444677
2025-11-19 08:00:00,684.496037444677
2025-11-19 12:00:00,684.496037444677
2025-11-19 16:00:00,684.496037444677
2025-11-19 20:00:00,684.496037444677
2025-11-20 00:00:00,684.496037444677
2025-11-20 04:00:00,684.496037444677
2025-11-20 08:00:00,684.496037444677
2025-11-20 12:00:00,684.496037444677
2025-11-20 16:00:00,684.496037444677
2025-11-20 20:00:00,684.496037444677
2025-11-21 00:00:00,684.496037444677
2025-11-21 04:00:00,684.496037444677
2025-11-21 08:00:00,684.496037444677
2025-11-21 12:00:00,684.496037444677
2025-11-21 16:00:00,684.496037444677
2025-11-21 20:00:00,684.496037444677
2025-11-22 00:00:00,684.496037444677
2025-11-22 04:00:00,684.496037444677
2025-11-22 08:00:00,684.496037444677
2025-11-22 12:00:00,684.496037444677
2025-11-22 16:00:00,684.496037444677
2025-11-22 20:00:00,684.496037444677
2025-11-23 00:00:00,684.496037444677
2025-11-23 04:00:00,684.496037444677
2025-11-23 08:00:00,684.496037444677
2025-11-23 12:00:00,684.496037444677
2025-11-23 16:00:00,684.496037444677
2025-11-23 20:00:00,684.496037444677
2025-11-24 00:00:00,684.496037444677
2025-11-24 04:00:00,684.496037444677
2025-11-24 08:00:00,684.496037444677
2025-11-24 12:00:00,684.496037444677
2025-11-24 16:00:00,684.496037444677
2025-11-24 20:00:00,684.496037444677
2025-11-25 00:00:00,684.496037444677
2025-11-25 04:00:00,684.496037444677
2025-11-25 08:00:00,684.496037444677
2025-11-25 12:00:00,684.496037444677
2025-11-25 16:00:00,684.496037444677
2025-11-25 20:00:00,684.496037444677
2025-11-26 00:00:00,684.496037444677
2025-11-26 04:00:00,684.496037444677
2025-11-26 08:00:00,684.496037444677
2025-11-26 12:00:00,684.496037444677
2025-11-26 16:00:00,684.496037444677
2025-11-26 20:00:00,684.496037444677
2025-11-27 00:00:00,684.496037444677
2025-11-27 04:00:00,684.496037444677
2025-11-27 08:00:00,684.496037444677
2025-11-27 12:00:00,684.496037444677
2025-11-27 16:00:00,684.496037444677
2025-11-27 20:00:00,684.496037444677
2025-11-28 00:00:00,684.496037444677
2025-11-28 04:00:00,684.496037444677
2025-11-28 08:00:00,684.496037444677
2025-11-28 12:00:00,684.496037444677
2025-11-28 16:00:00,684.496037444677
2025-11-28 20:00:00,684.496037444677
2025-11-29 00:00:00,684.496037444677
2025-11-29 04:00:00,684.496037444677
2025-11-29 08:00:00,684.496037444677
2025-11-29 12:00:00,684.496037444677
2025-11-29 16:00:00,684.496037444677
2025-11-29 20:00:00,684.496037444677
2025-11-30 00:00:00,684.496037444677
2025-11-30 04:00:00,684.496037444677
2025-11-30 08:00:00,684.496037444677
2025-11-30 12:00:00,684.496037444677
2025-11-30 16:00:00,684.496037444677
2025-11-30 20:00:00,684.496037444677
2025-12-01 00:00:00,684.496037444677
2025-12-01 04:00:00,684.496037444677
2025-12-01 08:00:00,684.496037444677
2025-12-01 12:00:00,684.496037444677
2025-12-01 16:00:00,684.496037444677
2025-12-01 20:00:00,684.496037444677
2025-12-02 00:00:00,684.496037444677
2025-12-02 04:00:00,684.496037444677
2025-12-02 08:00:00,684.496037444677
2025-12-02 12:00:00,684.496037444677
2025-12-02 16:00:00,684.496037444677
2025-12-02 20:00:00,684.496037444677
2025-12-03 00:00:00,684.496037444677
2025-12-03 04:00:00,684.496037444677
2025-12-03 08:00:00,684.496037444677
2025-12-03 12:00:00,684.496037444677
2025-12-03 16:00:00,684.496037444677
2025-12-03 20:00:00,684.496037444677
2025-12-04 00:00:00,684.496037444677
2025-12-04 04:00:00,684.496037444677
2025-12-04 08:00:00,684.496037444677
2025-12-04 12:00:00,684.496037444677
2025-12-04 16:00:00,684.496037444677
2025-12-04 20:00:00,684.496037444677
2025-12-05 00:00:00,684.496037444677
2025-12-05 04:00:00,684.496037444677
2025-12-05 08:00:00,684.496037444677
2025-12-05 12:00:00,684.496037444677
2025-12-05 16:00:00,684.496037444677
2025-12-05 20:00:00,684.496037444677
2025-12-06 00:00:00,684.496037444677
2025-12-06 04:00:00,684.496037444677
2025-12-06 08:00:00,684.496037444677
2025-12-06 12:00:00,684.496037444677
2025-12-06 16:00:00,684.496037444677
2025-12-06 20:00:00,684.496037444677
2025-12-07 00:00:00,684.496037444677
2025-12-07 04:00:00,684.496037444677
2025-12-07 08:00:00,684.496037444677
2025-12-07 12:00:00,684.496037444677
2025-12-07 16:00:00,684.496037444677
2025-12-07 20:00:00,684.496037444677
2025-12-08 00:00:00,684.496037444677
2025-12-08 04:00:00,684.496037444677
2025-12-08 08:00:00,684.496037444677
2025-12-08 12:00:00,684.496037444677
2025-12-08 16:00:00,684.496037444677
2025-12-08 20:00:00,684.496037444677
2025-12-09 00:00:00,684.496037444677
2025-12-09 04:00:00,684.496037444677
2025-12-09 08:00:00,684.496037444677
2025-12-09 12:00:00,684.496037444677
2025-12-09 16:00:00,684.496037444677
2025-12-09 20:00:00,684.496037444677
2025-12-10 00:00:00,684.496037444677
2025-12-10 04:00:00,684.496037444677
2025-12-10 08:00:00,684.496037444677
2025-12-10 12:00:00,684.496037444677
2025-12-10 16:00:00,684.496037444677
2025-12-10 20:00:00,684.496037444677
2025-12-11 00:00:00,684.496037444677
2025-12-11 04:00:00,684.496037444677
2025-12-11 08:00:00,684.496037444677
2025-12-11 12:00:00,684.496037444677
2025-12-11 16:00:00,684.496037444677
2025-12-11 20:00:00,684.496037444677
2025-12-12 00:00:00,684.496037444677
2025-12-12 04:00:00,684.496037444677
2025-12-12 08:00:00,684.496037444677
2025-12-12 12:00:00,684.496037444677
2025-12-12 16:00:00,684.496037444677
2025-12-12 20:00:00,684.496037444677
2025-12-13 00:00:00,684.496037444677
2025-12-13 04:00:00,684.496037444677
2025-12-13 08:00:00,684.496037444677
2025-12-13 12:00:00,684.496037444677
2025-12-13 16:00:00,684.496037444677
2025-12-13 20:00:00,684.496037444677
2025-12-14 00:00:00,684.496037444677
2025-12-14 04:00:00,684.496037444677
2025-12-14 08:00:00,684.496037444677
2025-12-14 12:00:00,684.496037444677
2025-12-14 16:00:00,684.496037444677
2025-12-14 20:00:00,684.496037444677
2025-12-15 00:00:00,684.496037444677
2025-12-15 04:00:00,684.496037444677
2025-12-15 08:00:00,684.496037444677
2025-12-15 12:00:00,684.496037444677
2025-12-15 16:00:00,684.496037444677
2025-12-15 20:00:00,684.496037444677
2025-12-16 00:00:00,684.496037444677
2025-12-16 04:00:00,684.496037444677
2025-12-16 08:00:00,684.496037444677
2025-12-16 12:00:00,684.496037444677
2025-12-16 16:00:00,684.496037444677
2025-12-16 20:00:00,684.496037444677
2025-12-17 00:00:00,684.496037444677
2025-12-17 04:00:00,684.496037444677
2025-12-17 08:00:00,684.496037444677
2025-12-17 12:00:00,684.496037444677
2025-12-17 16:00:00,684.496037444677
2025-12-17 20:00:00,684.496037444677
2025-12-18 00:00:00,684.496037444677
2025-12-18 04:00:00,684.496037444677
2025-12-18 08:00:00,684.496037444677
2025-12-18 12:00:00,684.496037444677
2025-12-18 16:00:00,684.496037444677
2025-12-18 20:00:00,684.496037444677
2025-12-19 00:00:00,684.496037444677
2025-12-19 04:00:00,684.496037444677
2025-12-19 08:00:00,684.496037444677
2025-12-19 12:00:00,684.496037444677
2025-12-19 16:00:00,684.496037444677
2025-12-19 20:00:00,684.496037444677
2025-12-20 00:00:00,684.496037444677
2025-12-20 04:00:00,684.496037444677
2025-12-20 08:00:00,684.496037444677
2025-12-20 12:00:00,684.496037444677
2025-12-20 16:00:00,684.496037444677
2025-12-20 20:00:00,684.496037444677
2025-12-21 00:00:00,684.496037444677
2025-12-21 04:00:00,684.496037444677
2025-12-21 08:00:00,684.496037444677
2025-12-21 12:00:00,684.496037444677
2025-12-21 16:00:00,684.496037444677
2025-12-21 20:00:00,684.496037444677
2025-12-22 00:00:00,684.496037444677
2025-12-22 04:00:00,684.496037444677
2025-12-22 08:00:00,684.496037444677
2025-12-22 12:00:00,684.496037444677
2025-12-22 16:00:00,684.496037444677
2025-12-22 20:00:00,684.496037444677
2025-12-23 00:00:00,684.496037444677
2025-12-23 04:00:00,684.496037444677
2025-12-23 08:00:00,684.496037444677
2025-12-23 12:00:00,684.496037444677
2025-12-23 16:00:00,684.496037444677
2025-12-23 20:00:00,684.496037444677
2025-12-24 00:00:00,684.496037444677
2025-12-24 04:00:00,684.496037444677
2025-12-24 08:00:00,684.496037444677
2025-12-24 12:00:00,684.496037444677
2025-12-24 16:00:00,684.496037444677
2025-12-24 20:00:00,684.496037444677
2025-12-25 00:00:00,684.496037444677
2025-12-25 04:00:00,684.496037444677
2025-12-25 08:00:00,684.496037444677
2025-12-25 12:00:00,684.496037444677
2025-12-25 16:00:00,684.496037444677
2025-12-25 20:00:00,684.496037444677
2025-12-26 00:00:00,684.496037444677
2025-12-26 04:00:00,684.496037444677
2025-12-26 08:00:00,684.496037444677
2025-12-26 12:00:00,684.496037444677
2025-12-26 16:00:00,684.496037444677
2025-12-26 20:00:00,684.496037444677
2025-12-27 00:00:00,684.496037444677
2025-12-27 04:00:00,684.496037444677
2025-12-27 08:00:00,684.496037444677
2025-12-27 12:00:00,684.496037444677
2025-12-27 16:00:00,684.496037444677
2025-12-27 20:00:00,684.496037444677
2025-12-28 00:00:00,684.496037444677
2025-12-28 04:00:00,684.496037444677
2025-12-28 08:00:00,684.496037444677
2025-12-28 12:00:00,684.496037444677
2025-12-28 16:00:00,684.496037444677
2025-12-28 20:00:00,684.496037444677
2025-12-29 00:00:00,684.496037444677
2025-12-29 04:00:00,684.496037444677
2025-12-29 08:00:00,684.496037444677
2025-12-29 12:00:00,684.496037444677
2025-12-29 16:00:00,684.496037444677
2025-12-29 20:00:00,684.496037444677
2025-12-30 00:00:00,684.496037444677
2025-12-30 04:00:00,684.496037444677
2025-12-30 08:00:00,684.496037444677
2025-12-30 12:00:00,684.496037444677
2025-12-30 16:00:00,684.496037444677
2025-12-30 20:00:00,684.496037444677
2025-12-31 00:00:00,684.496037444677
2025-12-31 04:00:00,684.496037444677
2025-12-31 08:00:00,684.496037444677
2025-12-31 12:00:00,684.496037444677
2025-12-31 16:00:00,684.496037444677
2025-12-31 20:00:00,684.496037444677
2026-01-01 00:00:00,684.496037444677
2026-01-01 04:00:00,684.496037444677
2026-01-01 08:00:00,684.496037444677
2026-01-01 12:00:00,684.496037444677
2026-01-01 16:00:00,684.496037444677
2026-01-01 20:00:00,684.496037444677
2026-01-02 00:00:00,684.496037444677
2026-01-02 04:00:00,684.496037444677
2026-01-02 08:00:00,684.496037444677
2026-01-02 12:00:00,684.496037444677
2026-01-02 16:00:00,684.496037444677
2026-01-02 20:00:00,684.496037444677
2026-01-03 00:00:00,684.496037444677
2026-01-03 04:00:00,684.496037444677
2026-01-03 08:00:00,684.496037444677
2026-01-03 12:00:00,684.496037444677
2026-01-03 16:00:00,684.496037444677
2026-01-03 20:00:00,684.496037444677
2026-01-04 00:00:00,684.496037444677
2026-01-04 04:00:00,684.496037444677
2026-01-04 08:00:00,684.496037444677
2026-01-04 12:00:00,684.496037444677
2026-01-04 16:00:00,684.496037444677
2026-01-04 20:00:00,684.496037444677
2026-01-05 00:00:00,684.496037444677
2026-01-05 04:00:00,684.496037444677
2026-01-05 08:00:00,684.496037444677
2026-01-05 12:00:00,684.496037444677
2026-01-05 16:00:00,684.496037444677
2026-01-05 20:00:00,684.496037444677
2026-01-06 00:00:00,684.496037444677
2026-01-06 04:00:00,684.496037444677
2026-01-06 08:00:00,684.496037444677
2026-01-06 12:00:00,684.496037444677
2026-01-06 16:00:00,684.496037444677
2026-01-06 20:00:00,684.496037444677
2026-01-07 00:00:00,684.496037444677
2026-01-07 04:00:00,684.496037444677
2026-01-07 08:00:00,684.496037444677
2026-01-07 12:00:00,684.496037444677
2026-01-07 16:00:00,684.496037444677
2026-01-07 20:00:00,684.496037444677
2026-01-08 00:00:00,684.496037444677
2026-01-08 04:00:00,684.496037444677
2026-01-08 08:00:00,684.496037444677
2026-01-08 12:00:00,684.496037444677
2026-01-08 16:00:00,684.496037444677
2026-01-08 20:00:00,684.496037444677
2026-01-09 00:00:00,684.496037444677
2026-01-09 04:00:00,684.496037444677
2026-01-09 08:00:00,684.496037444677
2026-01-09 12:00:00,684.496037444677
2026-01-09 16:00:00,684.496037444677
2026-01-09 20:00:00,684.496037444677
2026-01-10 00:00:00,684.496037444677
2026-01-10 04:00:00,684.496037444677
2026-01-10 08:00:00,684.496037444677
2026-01-10 12:00:00,684.496037444677
2026-01-10 16:00:00,684.496037444677
2026-01-10 20:00:00,684.496037444677
2026-01-11 00:00:00,684.496037444677
2026-01-11 04:00:00,684.496037444677
2026-01-11 08:00:00,684.496037444677
2026-01-11 12:00:00,684.496037444677
2026-01-11 16:00:00,684.496037444677
2026-01-11 20:00:00,684.496037444677
2026-01-12 00:00:00,684.496037444677
2026-01-12 04:00:00,684.496037444677
2026-01-12 08:00:00,684.496037444677
2026-01-12 12:00:00,684.496037444677
2026-01-12 16:00:00,684.496037444677
2026-01-12 20:00:00,684.496037444677
2026-01-13 00:00:00,684.496037444677
2026-01-13 04:00:00,684.496037444677
2026-01-13 08:00:00,684.496037444677
2026-01-13 12:00:00,684.496037444677
2026-01-13 16:00:00,684.496037444677
2026-01-13 20:00:00,684.496037444677
2026-01-14 00:00:00,684.496037444677
2026-01-14 04:00:00,684.496037444677
2026-01-14 08:00:00,684.496037444677
2026-01-14 12:00:00,684.496037444677
2026-01-14 16:00:00,684.496037444677
2026-01-14 20:00:00,684.496037444677
2026-01-15 00:00:00,684.496037444677
2026-01-15 04:00:00,684.496037444677
2026-01-15 08:00:00,684.496037444677
2026-01-15 12:00:00,684.496037444677
2026-01-15 16:00:00,684.496037444677
2026-01-15 20:00:00,684.496037444677
2026-01-16 00:00:00,684.496037444677
2026-01-16 04:00:00,684.496037444677
2026-01-16 08:00:00,684.496037444677
2026-01-16 12:00:00,684.496037444677
2026-01-16 16:00:00,684.496037444677
2026-01-16 20:00:00,684.496037444677
2026-01-17 00:00:00,684.496037444677
2026-01-17 04:00:00,684.496037444677
2026-01-17 08:00:00,684.496037444677
2026-01-17 12:00:00,684.496037444677
2026-01-17 16:00:00,684.496037444677
2026-01-17 20:00:00,684.496037444677
2026-01-18 00:00:00,684.496037444677
2026-01-18 04:00:00,684.496037444677
2026-01-18 08:00:00,684.496037444677
2026-01-18 12:00:00,684.496037444677
2026-01-18 16:00:00,684.496037444677
2026-01-18 20:00:00,684.496037444677
2026-01-19 00:00:00,684.496037444677
2026-01-19 04:00:00,684.496037444677
2026-01-19 08:00:00,684.496037444677
2026-01-19 12:00:00,684.496037444677
2026-01-19 16:00:00,684.496037444677
2026-01-19 20:00:00,684.496037444677
2026-01-20 00:00:00,684.496037444677
2026-01-20 04:00:00,684.496037444677
2026-01-20 08:00:00,684.496037444677
2026-01-20 12:00:00,684.496037444677
2026-01-20 16:00:00,684.496037444677
2026-01-20 20:00:00,684.496037444677
2026-01-21 00:00:00,684.496037444677
2026-01-21 04:00:00,684.496037444677
2026-01-21 08:00:00,684.496037444677
2026-01-21 12:00:00,684.496037444677
2026-01-21 16:00:00,684.496037444677
2026-01-21 20:00:00,684.496037444677
2026-01-22 00:00:00,684.496037444677
2026-01-22 04:00:00,684.496037444677
2026-01-22 08:00:00,684.496037444677
2026-01-22 12:00:00,684.496037444677
2026-01-22 16:00:00,684.496037444677
2026-01-22 20:00:00,684.496037444677
2026-01-23 00:00:00,684.496037444677
2026-01-23 04:00:00,684.496037444677
2026-01-23 08:00:00,684.496037444677
2026-01-23 12:00:00,684.496037444677
2026-01-23 16:00:00,684.496037444677
2026-01-23 20:00:00,684.496037444677
2026-01-24 00:00:00,684.496037444677
2026-01-24 04:00:00,684.496037444677
2026-01-24 08:00:00,684.496037444677
2026-01-24 12:00:00,684.496037444677
2026-01-24 16:00:00,684.496037444677
2026-01-24 20:00:00,684.496037444677
2026-01-25 00:00:00,684.496037444677
2026-01-25 04:00:00,684.496037444677
2026-01-25 08:00:00,684.496037444677
2026-01-25 12:00:00,684.496037444677
2026-01-25 16:00:00,684.496037444677
2026-01-25 20:00:00,684.496037444677
2026-01-26 00:00:00,684.496037444677
2026-01-26 04:00:00,684.496037444677
2026-01-26 08:00:00,684.496037444677
2026-01-26 12:00:00,684.496037444677
2026-01-26 16:00:00,684.496037444677
2026-01-26 20:00:00,684.496037444677
2026-01-27 00:00:00,684.496037444677
2026-01-27 04:00:00,684.496037444677
2026-01-27 08:00:00,684.496037444677
2026-01-27 12:00:00,684.496037444677
2026-01-27 16:00:00,684.496037444677
2026-01-27 20:00:00,684.496037444677
2026-01-28 00:00:00,684.496037444677
2026-01-28 04:00:00,684.496037444677
2026-01-28 08:00:00,684.496037444677
2026-01-28 12:00:00,684.496037444677
2026-01-28 16:00:00,684.496037444677
2026-01-28 20:00:00,684.496037444677
2026-01-29 00:00:00,684.496037444677
2026-01-29 04:00:00,684.496037444677
2026-01-29 08:00:00,684.496037444677
2026-01-29 12:00:00,684.496037444677
2026-01-29 16:00:00,684.496037444677
2026-01-29 20:00:00,684.496037444677
2026-01-30 00:00:00,684.496037444677
2026-01-30 04:00:00,684.496037444677
2026-01-30 08:00:00,684.496037444677
2026-01-30 12:00:00,684.496037444677
2026-01-30 16:00:00,684.496037444677
2026-01-30 20:00:00,684.496037444677
2026-01-31 00:00:00,684.496037444677
2026-01-31 04:00:00,684.496037444677
2026-01-31 08:00:00,684.496037444677
2026-01-31 12:00:00,684.496037444677
2026-01-31 16:00:00,684.496037444677
2026-01-31 20:00:00,684.496037444677
2026-02-01 00:00:00,684.496037444677
2026-02-01 04:00:00,684.496037444677
2026-02-01 08:00:00,684.496037444677
2026-02-01 12:00:00,684.496037444677
2026-02-01 16:00:00,684.496037444677
2026-02-01 20:00:00,684.496037444677
2026-02-02 00:00:00,684.496037444677
2026-02-02 04:00:00,684.496037444677
2026-02-02 08:00:00,684.496037444677
2026-02-02 12:00:00,684.496037444677
2026-02-02 16:00:00,684.496037444677
2026-02-02 20:00:00,684.496037444677
2026-02-03 00:00:00,684.496037444677
2026-02-03 04:00:00,684.496037444677
2026-02-03 08:00:00,684.496037444677
2026-02-03 12:00:00,684.496037444677
2026-02-03 16:00:00,684.496037444677
2026-02-03 20:00:00,684.496037444677
2026-02-04 00:00:00,684.496037444677
2026-02-04 04:00:00,684.496037444677
2026-02-04 08:00:00,684.496037444677
2026-02-04 12:00:00,684.496037444677
2026-02-04 16:00:00,684.496037444677
2026-02-04 20:00:00,684.496037444677
2026-02-05 00:00:00,684.496037444677
2026-02-05 04:00:00,684.496037444677
2026-02-05 08:00:00,684.496037444677
2026-02-05 12:00:00,684.496037444677
2026-02-05 16:00:00,684.496037444677
2026-02-05 20:00:00,684.496037444677
2026-02-06 00:00:00,684.496037444677
2026-02-06 04:00:00,684.496037444677
2026-02-06 08:00:00,684.496037444677
2026-02-06 12:00:00,684.496037444677
2026-02-06 16:00:00,684.496037444677
2026-02-06 20:00:00,684.496037444677
2026-02-07 00:00:00,684.496037444677
2026-02-07 04:00:00,684.496037444677
2026-02-07 08:00:00,684.496037444677
2026-02-07 12:00:00,684.496037444677
2026-02-07 16:00:00,684.496037444677
2026-02-07 20:00:00,684.496037444677
2026-02-08 00:00:00,684.496037444677
2026-02-08 04:00:00,684.496037444677
2026-02-08 08:00:00,684.496037444677
2026-02-08 12:00:00,684.496037444677
2026-02-08 16:00:00,684.496037444677
2026-02-08 20:00:00,684.496037444677
2026-02-09 00:00:00,684.496037444677
2026-02-09 04:00:00,684.496037444677
2026-02-09 08:00:00,684.496037444677
2026-02-09 12:00:00,684.496037444677
2026-02-09 16:00:00,684.496037444677
2026-02-09 20:00:00,684.496037444677
2026-02-10 00:00:00,684.496037444677
2026-02-10 04:00:00,684.496037444677
2026-02-10 08:00:00,684.496037444677
2026-02-10 12:00:00,684.496037444677
2026-02-10 16:00:00,684.496037444677
2026-02-10 20:00:00,684.496037444677
2026-02-11 00:00:00,684.496037444677
2026-02-11 04:00:00,684.496037444677
2026-02-11 08:00:00,684.496037444677
2026-02-11 12:00:00,684.496037444677
2026-02-11 16:00:00,684.496037444677
2026-02-11 20:00:00,684.496037444677
2026-02-12 00:00:00,684.496037444677
2026-02-12 04:00:00,684.496037444677
2026-02-12 08:00:00,684.496037444677
2026-02-12 12:00:00,684.496037444677
2026-02-12 16:00:00,684.496037444677
2026-02-12 20:00:00,684.496037444677
2026-02-13 00:00:00,684.496037444677
2026-02-13 04:00:00,684.496037444677
2026-02-13 08:00:00,684.496037444677
2026-02-13 12:00:00,684.496037444677
2026-02-13 16:00:00,684.496037444677
2026-02-13 20:00:00,684.496037444677
2026-02-14 00:00:00,684.496037444677
2026-02-14 04:00:00,684.496037444677
2026-02-14 08:00:00,684.496037444677
2026-02-14 12:00:00,684.496037444677
2026-02-14 16:00:00,684.496037444677
2026-02-14 20:00:00,684.496037444677
2026-02-15 00:00:00,684.496037444677
2026-02-15 04:00:00,684.496037444677
2026-02-15 08:00:00,684.496037444677
2026-02-15 12:00:00,684.496037444677
2026-02-15 16:00:00,684.496037444677
2026-02-15 20:00:00,684.496037444677
2026-02-16 00:00:00,684.496037444677
2026-02-16 04:00:00,684.496037444677
2026-02-16 08:00:00,684.496037444677
2026-02-16 12:00:00,684.496037444677
2026-02-16 16:00:00,684.496037444677
2026-02-16 20:00:00,684.496037444677
2026-02-17 00:00:00,684.496037444677
2026-02-17 04:00:00,684.496037444677
2026-02-17 08:00:00,684.496037444677
2026-02-17 12:00:00,684.496037444677
2026-02-17 16:00:00,684.496037444677
2026-02-17 20:00:00,684.496037444677
2026-02-18 00:00:00,684.496037444677
2026-02-18 04:00:00,684.496037444677
2026-02-18 08:00:00,684.496037444677
2026-02-18 12:00:00,684.496037444677
2026-02-18 16:00:00,684.496037444677
2026-02-18 20:00:00,684.496037444677
2026-02-19 00:00:00,684.496037444677
2026-02-19 04:00:00,684.496037444677
2026-02-19 08:00:00,684.496037444677
2026-02-19 12:00:00,684.496037444677
2026-02-19 16:00:00,684.496037444677
2026-02-19 20:00:00,684.496037444677
2026-02-20 00:00:00,684.496037444677
2026-02-20 04:00:00,684.496037444677
2026-02-20 08:00:00,684.496037444677
2026-02-20 12:00:00,684.496037444677
2026-02-20 16:00:00,684.496037444677
2026-02-20 20:00:00,684.496037444677
2026-02-21 00:00:00,684.496037444677
2026-02-21 04:00:00,684.496037444677
2026-02-21 08:00:00,684.496037444677
2026-02-21 12:00:00,684.496037444677
2026-02-21 16:00:00,684.496037444677
2026-02-21 20:00:00,684.496037444677
2026-02-22 00:00:00,684.496037444677
2026-02-22 04:00:00,684.496037444677
2026-02-22 08:00:00,684.496037444677
2026-02-22 12:00:00,684.496037444677
2026-02-22 16:00:00,684.496037444677
2026-02-22 20:00:00,684.496037444677
2026-02-23 00:00:00,684.496037444677
2026-02-23 04:00:00,684.496037444677
2026-02-23 08:00:00,684.496037444677
2026-02-23 12:00:00,684.496037444677
2026-02-23 16:00:00,684.496037444677
2026-02-23 20:00:00,684.496037444677
2026-02-24 00:00:00,684.496037444677
2026-02-24 04:00:00,684.496037444677
2026-02-24 08:00:00,684.496037444677
2026-02-24 12:00:00,684.496037444677
2026-02-24 16:00:00,684.496037444677
2026-02-24 20:00:00,684.496037444677
2026-02-25 00:00:00,684.496037444677
2026-02-25 04:00:00,684.496037444677
2026-02-25 08:00:00,684.496037444677
2026-02-25 12:00:00,684.496037444677
2026-02-25 16:00:00,684.496037444677
2026-02-25 20:00:00,684.496037444677
2026-02-26 00:00:00,684.496037444677
2026-02-26 04:00:00,684.496037444677
2026-02-26 08:00:00,684.496037444677
2026-02-26 12:00:00,684.496037444677
2026-02-26 16:00:00,684.496037444677
2026-02-26 20:00:00,684.496037444677
2026-02-27 00:00:00,684.496037444677
2026-02-27 04:00:00,684.496037444677
2026-02-27 08:00:00,684.496037444677
2026-02-27 12:00:00,684.496037444677
2026-02-27 16:00:00,684.496037444677
2026-02-27 20:00:00,684.496037444677
2026-02-28 00:00:00,684.496037444677
2026-02-28 04:00:00,684.496037444677
2026-02-28 08:00:00,684.496037444677
2026-02-28 12:00:00,684.496037444677
2026-02-28 16:00:00,684.496037444677
2026-02-28 20:00:00,684.496037444677
2026-03-01 00:00:00,684.496037444677
2026-03-01 04:00:00,684.496037444677
2026-03-01 08:00:00,684.496037444677
2026-03-01 12:00:00,684.496037444677
2026-03-01 16:00:00,684.496037444677
2026-03-01 20:00:00,684.496037444677
2026-03-02 00:00:00,684.496037444677
2026-03-02 04:00:00,684.496037444677
2026-03-02 08:00:00,684.496037444677
2026-03-02 12:00:00,684.496037444677
2026-03-02 16:00:00,684.496037444677
2026-03-02 20:00:00,684.496037444677
2026-03-03 00:00:00,684.496037444677
2026-03-03 04:00:00,684.496037444677
2026-03-03 08:00:00,684.496037444677
2026-03-03 12:00:00,684.496037444677
2026-03-03 16:00:00,684.496037444677
2026-03-03 20:00:00,684.496037444677
2026-03-04 00:00:00,684.496037444677
2026-03-04 04:00:00,684.496037444677
2026-03-04 08:00:00,684.496037444677
2026-03-04 12:00:00,684.496037444677
2026-03-04 16:00:00,684.496037444677
2026-03-04 20:00:00,684.496037444677
2026-03-05 00:00:00,684.496037444677
2026-03-05 04:00:00,684.496037444677
2026-03-05 08:00:00,684.496037444677
2026-03-05 12:00:00,684.496037444677
2026-03-05 16:00:00,684.496037444677
2026-03-05 20:00:00,684.496037444677
2026-03-06 00:00:00,684.496037444677
2026-03-06 04:00:00,684.496037444677
2026-03-06 08:00:00,684.496037444677
2026-03-06 12:00:00,684.496037444677
2026-03-06 16:00:00,684.496037444677
2026-03-06 20:00:00,684.496037444677
2026-03-07 00:00:00,684.496037444677
2026-03-07 04:00:00,684.496037444677
2026-03-07 08:00:00,684.496037444677
2026-03-07 12:00:00,684.496037444677
2026-03-07 16:00:00,684.496037444677
2026-03-07 20:00:00,684.496037444677
2026-03-08 00:00:00,684.496037444677
2026-03-08 04:00:00,684.496037444677
2026-03-08 08:00:00,684.496037444677
2026-03-08 12:00:00,684.496037444677
2026-03-08 16:00:00,684.496037444677
2026-03-08 20:00:00,684.496037444677
2026-03-09 00:00:00,684.496037444677
2026-03-09 04:00:00,684.496037444677
2026-03-09 08:00:00,684.496037444677
2026-03-09 12:00:00,684.496037444677
2026-03-09 16:00:00,684.496037444677
2026-03-09 20:00:00,684.496037444677
2026-03-10 00:00:00,684.496037444677
2026-03-10 04:00:00,684.496037444677
2026-03-10 08:00:00,684.496037444677
2026-03-10 12:00:00,684.496037444677
2026-03-10 16:00:00,684.496037444677
2026-03-10 20:00:00,684.496037444677
2026-03-11 00:00:00,684.496037444677
2026-03-11 04:00:00,684.496037444677
2026-03-11 08:00:00,684.496037444677
2026-03-11 12:00:00,684.496037444677
2026-03-11 16:00:00,684.496037444677
2026-03-11 20:00:00,684.496037444677
2026-03-12 00:00:00,684.496037444677
2026-03-12 04:00:00,684.496037444677
2026-03-12 08:00:00,684.496037444677
2026-03-12 12:00:00,684.496037444677
2026-03-12 16:00:00,684.496037444677
2026-03-12 20:00:00,684.496037444677
2026-03-13 00:00:00,684.496037444677
2026-03-13 04:00:00,684.496037444677
2026-03-13 08:00:00,684.496037444677
2026-03-13 12:00:00,684.496037444677
2026-03-13 16:00:00,684.496037444677
2026-03-13 20:00:00,684.496037444677
2026-03-14 00:00:00,684.496037444677
2026-03-14 04:00:00,684.496037444677
2026-03-14 08:00:00,684.496037444677
2026-03-14 12:00:00,684.496037444677
2026-03-14 16:00:00,684.496037444677
2026-03-14 20:00:00,684.496037444677
2026-03-15 00:00:00,684.496037444677
2026-03-15 04:00:00,684.496037444677
2026-03-15 08:00:00,684.496037444677
2026-03-15 12:00:00,684.496037444677
2026-03-15 16:00:00,684.496037444677
2026-03-15 20:00:00,684.496037444677
2026-03-16 00:00:00,684.496037444677
2026-03-16 04:00:00,684.496037444677
2026-03-16 08:00:00,684.496037444677
2026-03-16 12:00:00,684.496037444677
2026-03-16 16:00:00,684.496037444677
2026-03-16 20:00:00,684.496037444677
2026-03-17 00:00:00,684.496037444677
2026-03-17 04:00:00,684.496037444677
2026-03-17 08:00:00,684.496037444677
2026-03-17 12:00:00,684.496037444677
2026-03-17 16:00:00,684.496037444677
2026-03-17 20:00:00,684.496037444677
2026-03-18 00:00:00,684.496037444677
2026-03-18 04:00:00,684.496037444677
2026-03-18 08:00:00,684.496037444677
2026-03-18 12:00:00,684.496037444677
2026-03-18 16:00:00,684.496037444677
2026-03-18 20:00:00,684.496037444677
2026-03-19 00:00:00,684.496037444677
2026-03-19 04:00:00,684.496037444677
2026-03-19 08:00:00,684.496037444677
2026-03-19 12:00:00,684.496037444677
2026-03-19 16:00:00,684.496037444677
2026-03-19 20:00:00,684.496037444677
2026-03-20 00:00:00,684.496037444677
2026-03-20 04:00:00,684.496037444677
2026-03-20 08:00:00,684.496037444677
2026-03-20 12:00:00,684.496037444677
2026-03-20 16:00:00,684.496037444677
2026-03-20 20:00:00,684.496037444677
2026-03-21 00:00:00,684.496037444677
2026-03-21 04:00:00,684.496037444677
2026-03-21 08:00:00,684.496037444677
2026-03-21 12:00:00,684.496037444677
2026-03-21 16:00:00,684.496037444677
2026-03-21 20:00:00,684.496037444677
2026-03-22 00:00:00,684.496037444677
2026-03-22 04:00:00,684.496037444677
2026-03-22 08:00:00,684.496037444677
2026-03-22 12:00:00,684.496037444677
2026-03-22 16:00:00,684.496037444677
2026-03-22 20:00:00,684.496037444677
2026-03-23 00:00:00,684.496037444677
2026-03-23 04:00:00,684.496037444677
2026-03-23 08:00:00,684.496037444677
2026-03-23 12:00:00,684.496037444677
2026-03-23 16:00:00,684.496037444677
2026-03-23 20:00:00,684.496037444677
2026-03-24 00:00:00,684.496037444677
2026-03-24 04:00:00,684.496037444677
2026-03-24 08:00:00,684.496037444677
2026-03-24 12:00:00,684.496037444677
2026-03-24 16:00:00,684.496037444677
2026-03-24 20:00:00,684.496037444677
2026-03-25 00:00:00,684.496037444677
2026-03-25 04:00:00,684.496037444677
2026-03-25 08:00:00,684.496037444677
2026-03-25 12:00:00,684.496037444677
2026-03-25 16:00:00,684.496037444677
2026-03-25 20:00:00,684.496037444677
2026-03-26 00:00:00,684.496037444677
2026-03-26 04:00:00,684.496037444677
2026-03-26 08:00:00,684.496037444677
2026-03-26 12:00:00,684.496037444677
2026-03-26 16:00:00,684.496037444677
2026-03-26 20:00:00,684.496037444677
2026-03-27 00:00:00,684.496037444677
2026-03-27 04:00:00,684.496037444677
2026-03-27 08:00:00,684.496037444677
2026-03-27 12:00:00,684.496037444677
2026-03-27 16:00:00,684.496037444677
2026-03-27 20:00:00,684.496037444677
2026-03-28 00:00:00,684.496037444677
2026-03-28 04:00:00,684.496037444677
2026-03-28 08:00:00,684.496037444677
2026-03-28 12:00:00,684.496037444677
2026-03-28 16:00:00,684.496037444677
2026-03-28 20:00:00,684.496037444677
2026-03-29 00:00:00,684.496037444677
2026-03-29 04:00:00,684.496037444677
2026-03-29 08:00:00,684.496037444677
2026-03-29 12:00:00,684.496037444677
2026-03-29 16:00:00,684.496037444677
2026-03-29 20:00:00,684.496037444677
2026-03-30 00:00:00,684.496037444677
2026-03-30 04:00:00,684.496037444677
2026-03-30 08:00:00,684.496037444677
2026-03-30 12:00:00,684.496037444677
2026-03-30 16:00:00,684.496037444677
2026-03-30 20:00:00,684.496037444677
2026-03-31 00:00:00,684.496037444677
2026-03-31 04:00:00,684.496037444677
2026-03-31 08:00:00,684.496037444677
2026-03-31 12:00:00,684.496037444677
2026-03-31 16:00:00,684.496037444677
2026-03-31 20:00:00,684.496037444677
2026-04-01 00:00:00,684.496037444677
2026-04-01 04:00:00,684.496037444677
2026-04-01 08:00:00,684.496037444677
2026-04-01 12:00:00,684.496037444677
2026-04-01 16:00:00,684.496037444677
2026-04-01 20:00:00,684.496037444677
2026-04-02 00:00:00,684.496037444677
2026-04-02 04:00:00,684.496037444677
2026-04-02 08:00:00,684.496037444677
2026-04-02 12:00:00,684.496037444677
2026-04-02 16:00:00,684.496037444677
2026-04-02 20:00:00,684.496037444677
2026-04-03 00:00:00,684.496037444677
2026-04-03 04:00:00,684.496037444677
2026-04-03 08:00:00,684.496037444677
2026-04-03 12:00:00,684.496037444677
2026-04-03 16:00:00,684.496037444677
2026-04-03 20:00:00,684.496037444677
2026-04-04 00:00:00,684.496037444677
2026-04-04 04:00:00,684.496037444677
2026-04-04 08:00:00,684.496037444677
2026-04-04 12:00:00,684.496037444677
2026-04-04 16:00:00,684.496037444677
2026-04-04 20:00:00,684.496037444677
2026-04-05 00:00:00,684.496037444677
2026-04-05 04:00:00,684.496037444677
2026-04-05 08:00:00,684.496037444677
2026-04-05 12:00:00,684.496037444677
2026-04-05 16:00:00,684.496037444677
2026-04-05 20:00:00,684.496037444677
2026-04-06 00:00:00,684.496037444677
2026-04-06 04:00:00,684.496037444677
2026-04-06 08:00:00,684.496037444677
2026-04-06 12:00:00,684.496037444677
2026-04-06 16:00:00,684.496037444677
2026-04-06 20:00:00,684.496037444677
2026-04-07 00:00:00,684.496037444677
2026-04-07 04:00:00,684.496037444677
2026-04-07 08:00:00,684.496037444677
2026-04-07 12:00:00,684.496037444677
2026-04-07 16:00:00,684.496037444677
2026-04-07 20:00:00,684.496037444677
2026-04-08 00:00:00,684.496037444677
2026-04-08 04:00:00,684.496037444677
2026-04-08 08:00:00,684.496037444677
2026-04-08 12:00:00,684.496037444677
2026-04-08 16:00:00,684.496037444677
2026-04-08 20:00:00,684.496037444677
2026-04-09 00:00:00,684.496037444677
2026-04-09 04:00:00,684.496037444677
2026-04-09 08:00:00,684.496037444677
2026-04-09 12:00:00,684.496037444677
2026-04-09 16:00:00,684.496037444677
2026-04-09 20:00:00,684.496037444677
2026-04-10 00:00:00,684.496037444677
2026-04-10 04:00:00,684.496037444677
2026-04-10 08:00:00,684.496037444677
2026-04-10 12:00:00,684.496037444677
2026-04-10 16:00:00,684.496037444677
2026-04-10 20:00:00,684.496037444677
2026-04-11 00:00:00,684.496037444677
2026-04-11 04:00:00,684.496037444677
2026-04-11 08:00:00,684.496037444677
2026-04-11 12:00:00,684.496037444677
2026-04-11 16:00:00,684.496037444677
2026-04-11 20:00:00,684.496037444677
2026-04-12 00:00:00,684.496037444677
2026-04-12 04:00:00,684.496037444677
2026-04-12 08:00:00,684.496037444677
2026-04-12 12:00:00,684.496037444677
2026-04-12 16:00:00,684.496037444677
2026-04-12 20:00:00,684.496037444677
2026-04-13 00:00:00,684.496037444677
2026-04-13 04:00:00,684.496037444677
2026-04-13 08:00:00,684.496037444677
2026-04-13 12:00:00,684.496037444677
2026-04-13 16:00:00,684.496037444677
2026-04-13 20:00:00,684.496037444677
2026-04-14 00:00:00,684.496037444677
2026-04-14 04:00:00,684.496037444677
2026-04-14 08:00:00,684.496037444677
2026-04-14 12:00:00,684.496037444677
2026-04-14 16:00:00,684.496037444677
2026-04-14 20:00:00,684.496037444677
2026-04-15 00:00:00,684.496037444677
2026-04-15 04:00:00,684.496037444677
2026-04-15 08:00:00,684.496037444677
2026-04-15 12:00:00,684.496037444677
2026-04-15 16:00:00,684.496037444677
2026-04-15 20:00:00,684.496037444677
2026-04-16 00:00:00,684.496037444677
2026-04-16 04:00:00,684.496037444677
2026-04-16 08:00:00,684.496037444677
2026-04-16 12:00:00,684.496037444677
2026-04-16 16:00:00,684.496037444677
2026-04-16 20:00:00,684.496037444677
2026-04-17 00:00:00,684.496037444677
2026-04-17 04:00:00,684.496037444677
2026-04-17 08:00:00,684.496037444677
2026-04-17 12:00:00,684.496037444677
2026-04-17 16:00:00,684.496037444677
2026-04-17 20:00:00,684.496037444677
2026-04-18 00:00:00,684.496037444677
2026-04-18 04:00:00,684.496037444677
2026-04-18 08:00:00,684.496037444677
2026-04-18 12:00:00,684.496037444677
2026-04-18 16:00:00,684.496037444677
2026-04-18 20:00:00,684.496037444677
2026-04-19 00:00:00,684.496037444677
2026-04-19 04:00:00,684.496037444677
2026-04-19 08:00:00,684.496037444677
2026-04-19 12:00:00,684.496037444677
2026-04-19 16:00:00,684.496037444677
2026-04-19 20:00:00,684.496037444677
2026-04-20 00:00:00,684.496037444677
2026-04-20 04:00:00,684.496037444677
2026-04-20 08:00:00,684.496037444677
2026-04-20 12:00:00,684.496037444677
2026-04-20 16:00:00,684.496037444677
2026-04-20 20:00:00,684.496037444677
2026-04-21 00:00:00,684.496037444677
2026-04-21 04:00:00,684.496037444677
2026-04-21 08:00:00,684.496037444677
2026-04-21 12:00:00,684.496037444677
2026-04-21 16:00:00,684.496037444677
2026-04-21 20:00:00,684.496037444677
2026-04-22 00:00:00,684.496037444677
2026-04-22 04:00:00,684.496037444677
2026-04-22 08:00:00,684.496037444677
2026-04-22 12:00:00,684.496037444677
2026-04-22 16:00:00,684.496037444677
2026-04-22 20:00:00,684.496037444677
2026-04-23 00:00:00,684.496037444677
2026-04-23 04:00:00,684.496037444677
2026-04-23 08:00:00,684.496037444677
2026-04-23 12:00:00,684.496037444677
2026-04-23 16:00:00,684.496037444677
2026-04-23 20:00:00,684.496037444677
2026-04-24 00:00:00,684.496037444677
2026-04-24 04:00:00,684.496037444677
2026-04-24 08:00:00,684.496037444677
2026-04-24 12:00:00,684.496037444677
2026-04-24 16:00:00,684.496037444677
2026-04-24 20:00:00,684.496037444677
2026-04-25 00:00:00,684.496037444677
2026-04-25 04:00:00,684.496037444677
2026-04-25 08:00:00,684.496037444677
2026-04-25 12:00:00,684.496037444677
2026-04-25 16:00:00,684.496037444677
2026-04-25 20:00:00,684.496037444677
2026-04-26 00:00:00,684.496037444677
2026-04-26 04:00:00,684.496037444677
2026-04-26 08:00:00,684.496037444677
2026-04-26 12:00:00,684.496037444677
2026-04-26 16:00:00,684.496037444677
2026-04-26 20:00:00,684.496037444677
2026-04-27 00:00:00,684.496037444677
2026-04-27 04:00:00,684.496037444677
2026-04-27 08:00:00,684.496037444677
2026-04-27 12:00:00,684.496037444677
2026-04-27 16:00:00,684.496037444677
2026-04-27 20:00:00,684.496037444677
2026-04-28 00:00:00,684.496037444677
2026-04-28 04:00:00,684.496037444677
2026-04-28 08:00:00,684.496037444677
2026-04-28 12:00:00,684.496037444677
2026-04-28 16:00:00,684.496037444677
2026-04-28 20:00:00,684.496037444677
2026-04-29 00:00:00,684.496037444677
2026-04-29 04:00:00,684.496037444677
2026-04-29 08:00:00,684.496037444677
2026-04-29 12:00:00,684.496037444677
2026-04-29 16:00:00,684.496037444677
2026-04-29 20:00:00,684.496037444677
2026-04-30 00:00:00,684.496037444677
2026-04-30 04:00:00,684.496037444677
2026-04-30 08:00:00,684.496037444677
2026-04-30 12:00:00,684.496037444677
2026-04-30 16:00:00,684.496037444677
2026-04-30 20:00:00,684.496037444677
2026-05-01 00:00:00,684.496037444677
2026-05-01 04:00:00,684.496037444677
2026-05-01 08:00:00,684.496037444677
2026-05-01 12:00:00,684.496037444677
2026-05-01 16:00:00,684.496037444677
2026-05-01 20:00:00,684.496037444677
2026-05-02 00:00:00,684.496037444677
2026-05-02 04:00:00,684.496037444677
2026-05-02 08:00:00,684.496037444677
2026-05-02 12:00:00,684.496037444677
2026-05-02 16:00:00,684.496037444677
2026-05-02 20:00:00,684.496037444677
2026-05-03 00:00:00,684.496037444677
2026-05-03 04:00:00,684.496037444677
2026-05-03 08:00:00,684.496037444677
2026-05-03 12:00:00,684.496037444677
2026-05-03 16:00:00,684.496037444677
2026-05-03 20:00:00,684.496037444677
2026-05-04 00:00:00,684.496037444677
2026-05-04 04:00:00,684.496037444677
2026-05-04 08:00:00,684.496037444677
2026-05-04 12:00:00,684.496037444677
2026-05-04 16:00:00,684.496037444677
2026-05-04 20:00:00,684.496037444677
2026-05-05 00:00:00,684.496037444677
2026-05-05 04:00:00,684.496037444677
2026-05-05 08:00:00,684.496037444677
2026-05-05 12:00:00,684.496037444677
2026-05-05 16:00:00,684.496037444677
2026-05-05 20:00:00,684.496037444677
2026-05-06 00:00:00,684.496037444677
2026-05-06 04:00:00,684.496037444677
2026-05-06 08:00:00,684.496037444677
2026-05-06 12:00:00,684.496037444677
2026-05-06 16:00:00,684.496037444677
2026-05-06 20:00:00,684.496037444677
2026-05-07 00:00:00,684.496037444677
2026-05-07 04:00:00,684.496037444677
2026-05-07 08:00:00,684.496037444677
2026-05-07 12:00:00,684.496037444677
2026-05-07 16:00:00,684.496037444677
2026-05-07 20:00:00,684.496037444677
2026-05-08 00:00:00,684.496037444677
2026-05-08 04:00:00,684.496037444677
2026-05-08 08:00:00,684.496037444677
2026-05-08 12:00:00,684.496037444677
2026-05-08 16:00:00,684.496037444677
2026-05-08 20:00:00,684.496037444677
2026-05-09 00:00:00,684.496037444677
2026-05-09 04:00:00,684.496037444677
2026-05-09 08:00:00,684.496037444677
2026-05-09 12:00:00,684.496037444677
2026-05-09 16:00:00,684.496037444677
2026-05-09 20:00:00,684.496037444677
2026-05-10 00:00:00,684.496037444677
2026-05-10 04:00:00,684.496037444677
2026-05-10 08:00:00,684.496037444677
2026-05-10 12:00:00,684.496037444677
2026-05-10 16:00:00,684.496037444677
2026-05-10 20:00:00,684.496037444677
2026-05-11 00:00:00,684.496037444677
2026-05-11 04:00:00,684.496037444677
2026-05-11 08:00:00,684.496037444677
2026-05-11 12:00:00,684.496037444677
2026-05-11 16:00:00,684.496037444677
2026-05-11 20:00:00,684.496037444677
2026-05-12 00:00:00,684.496037444677
2026-05-12 04:00:00,684.496037444677
2026-05-12 08:00:00,684.496037444677
2026-05-12 12:00:00,684.496037444677
2026-05-12 16:00:00,684.496037444677
2026-05-12 20:00:00,684.496037444677
2026-05-13 00:00:00,684.496037444677
2026-05-13 04:00:00,684.496037444677
2026-05-13 08:00:00,684.496037444677
2026-05-13 12:00:00,684.496037444677
2026-05-13 16:00:00,684.496037444677
2026-05-13 20:00:00,684.496037444677
2026-05-14 00:00:00,684.496037444677
2026-05-14 04:00:00,684.496037444677
2026-05-14 08:00:00,684.496037444677
2026-05-14 12:00:00,684.496037444677
2026-05-14 16:00:00,684.496037444677
2026-05-14 20:00:00,684.496037444677
2026-05-15 00:00:00,684.496037444677
2026-05-15 04:00:00,684.496037444677
2026-05-15 08:00:00,684.496037444677
2026-05-15 12:00:00,684.496037444677
2026-05-15 16:00:00,684.496037444677
2026-05-15 20:00:00,684.496037444677
2026-05-16 00:00:00,684.496037444677
2026-05-16 04:00:00,684.496037444677
2026-05-16 08:00:00,684.496037444677
2026-05-16 12:00:00,684.496037444677
2026-05-16 16:00:00,684.496037444677
2026-05-16 20:00:00,684.496037444677
2026-05-17 00:00:00,684.496037444677
2026-05-17 04:00:00,684.496037444677
2026-05-17 08:00:00,684.496037444677
2026-05-17 12:00:00,684.496037444677
2026-05-17 16:00:00,684.496037444677
2026-05-17 20:00:00,684.496037444677
2026-05-18 00:00:00,684.496037444677
2026-05-18 04:00:00,684.496037444677
2026-05-18 08:00:00,684.496037444677
2026-05-18 12:00:00,684.496037444677
2026-05-18 16:00:00,684.496037444677
2026-05-18 20:00:00,684.496037444677
2026-05-19 00:00:00,684.496037444677
2026-05-19 04:00:00,684.496037444677
2026-05-19 08:00:00,684.496037444677
2026-05-19 12:00:00,684.496037444677
2026-05-19 16:00:00,684.496037444677
2026-05-19 20:00:00,684.496037444677
2026-05-20 00:00:00,684.496037444677
2026-05-20 04:00:00,684.496037444677
2026-05-20 08:00:00,684.496037444677
2026-05-20 12:00:00,684.496037444677
2026-05-20 16:00:00,684.496037444677
2026-05-20 20:00:00,684.496037444677
2026-05-21 00:00:00,684.496037444677
2026-05-21 04:00:00,684.496037444677
2026-05-21 08:00:00,684.496037444677
2026-05-21 12:00:00,684.496037444677
2026-05-21 16:00:00,684.496037444677
2026-05-21 20:00:00,684.496037444677
2026-05-22 00:00:00,684.496037444677
2026-05-22 04:00:00,684.496037444677
2026-05-22 08:00:00,684.496037444677
2026-05-22 12:00:00,684.496037444677
2026-05-22 16:00:00,684.496037444677
2026-05-22 20:00:00,684.496037444677
2026-05-23 00:00:00,684.496037444677
2026-05-23 04:00:00,684.496037444677
2026-05-23 08:00:00,684.496037444677
2026-05-23 12:00:00,684.496037444677
2026-05-23 16:00:00,684.496037444677
2026-05-23 20:00:00,684.496037444677
2026-05-24 00:00:00,684.496037444677
2026-05-24 04:00:00,684.496037444677
2026-05-24 08:00:00,684.496037444677
2026-05-24 12:00:00,684.496037444677
2026-05-24 16:00:00,684.496037444677
2026-05-24 20:00:00,684.496037444677
2026-05-25 00:00:00,684.496037444677
2026-05-25 04:00:00,684.496037444677
2026-05-25 08:00:00,684.496037444677
2026-05-25 12:00:00,684.496037444677
2026-05-25 16:00:00,684.496037444677
2026-05-25 20:00:00,684.496037444677
2026-05-26 00:00:00,684.496037444677
2026-05-26 04:00:00,684.496037444677
2026-05-26 08:00:00,684.496037444677
2026-05-26 12:00:00,684.496037444677
2026-05-26 16:00:00,684.496037444677
2026-05-26 20:00:00,684.496037444677
2026-05-27 00:00:00,684.496037444677
2026-05-27 04:00:00,684.496037444677
2026-05-27 08:00:00,684.496037444677
2026-05-27 12:00:00,684.496037444677
2026-05-27 16:00:00,684.496037444677
2026-05-27 20:00:00,684.496037444677
2026-05-28 00:00:00,684.496037444677
2026-05-28 04:00:00,684.496037444677
2026-05-28 08:00:00,684.496037444677
2026-05-28 12:00:00,684.496037444677
2026-05-28 16:00:00,684.496037444677
2026-05-28 20:00:00,684.496037444677
2026-05-29 00:00:00,684.496037444677
2026-05-29 04:00:00,684.496037444677
2026-05-29 08:00:00,684.496037444677
2026-05-29 12:00:00,684.496037444677
2026-05-29 16:00:00,684.496037444677
2026-05-29 20:00:00,684.496037444677
2026-05-30 00:00:00,684.496037444677
2026-05-30 04:00:00,684.496037444677
2026-05-30 08:00:00,684.496037444677
2026-05-30 12:00:00,684.496037444677
2026-05-30 16:00:00,684.496037444677
2026-05-30 20:00:00,684.496037444677
2026-05-31 00:00:00,684.496037444677
2026-05-31 04:00:00,684.496037444677
2026-05-31 08:00:00,684.496037444677
2026-05-31 12:00:00,684.496037444677
2026-05-31 16:00:00,684.496037444677
2026-05-31 20:00:00,684.496037444677
2026-06-01 00:00:00,684.496037444677
2026-06-01 04:00:00,684.496037444677
2026-06-01 08:00:00,684.496037444677
2026-06-01 12:00:00,684.496037444677
2026-06-01 16:00:00,684.496037444677
2026-06-01 20:00:00,684.496037444677
2026-06-02 00:00:00,684.496037444677
2026-06-02 04:00:00,684.496037444677
2026-06-02 08:00:00,684.496037444677
2026-06-02 12:00:00,684.496037444677
2026-06-02 16:00:00,684.496037444677
2026-06-02 20:00:00,684.496037444677
2026-06-03 00:00:00,684.496037444677
2026-06-03 04:00:00,684.496037444677
2026-06-03 08:00:00,684.496037444677
2026-06-03 12:00:00,684.496037444677
2026-06-03 16:00:00,684.496037444677
2026-06-03 20:00:00,684.496037444677
2026-06-04 00:00:00,684.496037444677
2026-06-04 04:00:00,684.496037444677
2026-06-04 08:00:00,684.496037444677
2026-06-04 12:00:00,684.496037444677
2026-06-04 16:00:00,684.496037444677
2026-06-04 20:00:00,684.496037444677
2026-06-05 00:00:00,678.0898563491502
2026-06-05 04:00:00,680.4701941790646
2026-06-05 08:00:00,673.0760119359023
2026-06-05 12:00:00,663.2134463699638
2026-06-05 16:00:00,662.1594093128671
2026-06-05 20:00:00,667.8806689199305
2026-06-06 00:00:00,665.1546703745524
2026-06-06 04:00:00,667.5256974899814
2026-06-06 08:00:00,665.9958313057779
2026-06-06 12:00:00,665.8486850292605
2026-06-06 16:00:00,664.4060447306215
2026-06-06 20:00:00,666.5737976083873
2026-06-07 00:00:00,672.80400129557
2026-06-07 04:00:00,678.0747202415441
2026-06-07 08:00:00,679.8404755597522
2026-06-07 12:00:00,675.8417375710955
2026-06-07 16:00:00,670.0180823592391
2026-06-07 20:00:00,685.147601831875
2026-06-08 00:00:00,683.6541429738202
2026-06-08 04:00:00,684.8548262507633
2026-06-08 08:00:00,686.2974665494023
2026-06-08 12:00:00,688.537275593504
2026-06-08 16:00:00,685.5245693547056
2026-06-08 20:00:00,683.3226846086754
2026-06-09 00:00:00,681.6775285583348
2026-06-09 04:00:00,684.1790152591295
2026-06-09 08:00:00,680.4518152446644
2026-06-09 12:00:00,668.4775973715755
2026-06-09 16:00:00,675.8204999641754
2026-06-09 20:00:00,672.9852794403516
2026-06-10 00:00:00,671.6442762605441
2026-06-10 04:00:00,672.6765756540498
2026-06-10 08:00:00,667.7373150732202
2026-06-10 12:00:00,679.8859847174381
2026-06-10 16:00:00,674.6061639399267
2026-06-10 20:00:00,671.3825986038509
2026-06-11 00:00:00,680.2857068191114
2026-06-11 04:00:00,680.5572447933032
2026-06-11 08:00:00,683.4751402869229
2026-06-11 12:00:00,680.7681038905806
2026-06-11 16:00:00,687.1886875540821
2026-06-11 20:00:00,687.4185088003953
2026-06-12 00:00:00,686.6001024480128
2026-06-12 04:00:00,683.3879144013584
2026-06-12 08:00:00,688.4159178396752
2026-06-12 12:00:00,687.1082880421706
2026-06-12 16:00:00,687.0938768089034
2026-06-12 20:00:00,687.0324394460276
2026-06-13 00:00:00,686.6334758303157
2026-06-13 04:00:00,689.1326870732262
2026-06-13 08:00:00,689.9837083219502
2026-06-13 12:00:00,692.4783686490921
2026-06-13 16:00:00,692.4723007614007
2026-06-13 20:00:00,693.6403691420022
2026-06-14 00:00:00,694.3745835526661
2026-06-14 04:00:00,693.4416458201076
2026-06-14 08:00:00,694.3495535159389
2026-06-14 12:00:00,690.431973525155
2026-06-14 16:00:00,688.7792326151999
2026-06-14 20:00:00,703.3785704007968
2026-06-15 00:00:00,704.8394143625101
2026-06-15 04:00:00,702.9249957958618
2026-06-15 08:00:00,707.0943931258403
2026-06-15 12:00:00,715.107797308344
2026-06-15 16:00:00,714.7963516113066
2026-06-15 20:00:00,714.7963516113066
2026-06-16 00:00:00,714.7963516113066
2026-06-16 04:00:00,714.7963516113066
2026-06-16 08:00:00,714.7963516113066
2026-06-16 12:00:00,714.7963516113066
2026-06-16 16:00:00,714.7963516113066
2026-06-16 20:00:00,714.7963516113066
2026-06-17 00:00:00,714.7963516113066
2026-06-17 04:00:00,714.7963516113066
2026-06-17 08:00:00,714.7963516113066
2026-06-17 12:00:00,714.7963516113066
2026-06-17 16:00:00,714.7963516113066
2026-06-17 20:00:00,714.7963516113066
2026-06-18 00:00:00,714.7963516113066
2026-06-18 04:00:00,714.7963516113066
2026-06-18 08:00:00,714.7963516113066
2026-06-18 12:00:00,714.7963516113066
2026-06-18 16:00:00,714.7963516113066
2026-06-18 20:00:00,714.7963516113066
2026-06-19 00:00:00,714.7963516113066
2026-06-19 04:00:00,714.7963516113066
2026-06-19 08:00:00,714.7963516113066
2026-06-19 12:00:00,714.7963516113066
2026-06-19 16:00:00,714.7963516113066
2026-06-19 20:00:00,714.7963516113066
2026-06-20 00:00:00,714.7963516113066
2026-06-20 04:00:00,714.7963516113066
2026-06-20 08:00:00,714.7963516113066
2026-06-20 12:00:00,714.7963516113066
2026-06-20 16:00:00,714.7963516113066
2026-06-20 20:00:00,714.7963516113066
2026-06-21 00:00:00,714.7963516113066
2026-06-21 04:00:00,714.7963516113066
2026-06-21 08:00:00,714.7963516113066
2026-06-21 12:00:00,714.7963516113066
2026-06-21 16:00:00,714.7963516113066
2026-06-21 20:00:00,714.7963516113066
2026-06-22 00:00:00,714.7963516113066
2026-06-22 04:00:00,714.7963516113066
2026-06-22 08:00:00,714.7963516113066
2026-06-22 12:00:00,714.7963516113066
2026-06-22 16:00:00,714.7963516113066
2026-06-22 20:00:00,714.7963516113066
2026-06-23 00:00:00,714.7963516113066
2026-06-23 04:00:00,714.7963516113066
2026-06-23 08:00:00,714.7963516113066
2026-06-23 12:00:00,714.7963516113066
2026-06-23 16:00:00,714.7963516113066
2026-06-23 20:00:00,714.7963516113066
2026-06-24 00:00:00,714.7963516113066
2026-06-24 04:00:00,714.7963516113066
2026-06-24 08:00:00,714.7963516113066
2026-06-24 12:00:00,714.7963516113066
2026-06-24 16:00:00,714.7963516113066
2026-06-24 20:00:00,714.7963516113066
2026-06-25 00:00:00,714.7963516113066
2026-06-25 04:00:00,714.7963516113066
2026-06-25 08:00:00,714.7963516113066
2026-06-25 12:00:00,714.7963516113066
2026-06-25 16:00:00,714.7963516113066
2026-06-25 20:00:00,714.7963516113066
2026-06-26 00:00:00,714.7963516113066
2026-06-26 04:00:00,714.7963516113066
2026-06-26 08:00:00,714.7963516113066
2026-06-26 12:00:00,714.7963516113066
2026-06-26 16:00:00,714.7963516113066
2026-06-26 20:00:00,714.7963516113066
2026-06-27 00:00:00,714.7963516113066
2026-06-27 04:00:00,714.7963516113066
2026-06-27 08:00:00,714.7963516113066
2026-06-27 12:00:00,714.7963516113066
2026-06-27 16:00:00,714.7963516113066
2026-06-27 20:00:00,714.7963516113066
2026-06-28 00:00:00,714.7963516113066
2026-06-28 04:00:00,714.7963516113066
2026-06-28 08:00:00,714.7963516113066
2026-06-28 12:00:00,714.7963516113066
2026-06-28 16:00:00,714.7963516113066
2026-06-28 20:00:00,714.7963516113066
2026-06-29 00:00:00,714.7963516113066
2026-06-29 04:00:00,714.7963516113066
2026-06-29 08:00:00,714.7963516113066
2026-06-29 12:00:00,714.7963516113066
2026-06-29 16:00:00,714.7963516113066
2026-06-29 20:00:00,714.7963516113066
2026-06-30 00:00:00,714.7963516113066
2026-06-30 04:00:00,714.7963516113066
2026-06-30 08:00:00,714.7963516113066
2026-06-30 12:00:00,714.7963516113066
2026-06-30 16:00:00,714.7963516113066
2026-06-30 20:00:00,714.7963516113066
2026-07-01 00:00:00,714.7963516113066
2026-07-01 04:00:00,714.7963516113066
2026-07-01 08:00:00,714.7963516113066
2026-07-01 12:00:00,714.7963516113066
2026-07-01 16:00:00,714.7963516113066
2026-07-01 20:00:00,714.7963516113066
2026-07-02 00:00:00,714.7963516113066
2026-07-02 04:00:00,714.7963516113066
2026-07-02 08:00:00,714.7963516113066
2026-07-02 12:00:00,714.7963516113066
2026-07-02 16:00:00,714.7963516113066
2026-07-02 20:00:00,714.7963516113066
2026-07-03 00:00:00,714.7963516113066
2026-07-03 04:00:00,714.7963516113066
2026-07-03 08:00:00,714.7963516113066
2026-07-03 12:00:00,714.7963516113066
2026-07-03 16:00:00,714.7963516113066
2026-07-03 20:00:00,714.7963516113066
2026-07-04 00:00:00,714.7963516113066
2026-07-04 04:00:00,714.7963516113066
2026-07-04 08:00:00,714.7963516113066
2026-07-04 12:00:00,714.7963516113066
2026-07-04 16:00:00,714.7963516113066
2026-07-04 20:00:00,714.7963516113066
2026-07-05 00:00:00,714.7963516113066
2026-07-05 04:00:00,714.7963516113066
2026-07-05 08:00:00,714.7963516113066
2026-07-05 12:00:00,714.7963516113066
2026-07-05 16:00:00,714.7963516113066
2026-07-05 20:00:00,714.7963516113066
2026-07-06 00:00:00,714.7963516113066
2026-07-06 04:00:00,714.7963516113066
2026-07-06 08:00:00,714.7963516113066
2026-07-06 12:00:00,714.7963516113066
2026-07-06 16:00:00,714.7963516113066
2026-07-06 20:00:00,714.7963516113066
2026-07-07 00:00:00,714.7963516113066
2026-07-07 04:00:00,714.7963516113066
2026-07-07 08:00:00,714.7963516113066
2026-07-07 12:00:00,714.7963516113066
2026-07-07 16:00:00,714.7963516113066
2026-07-07 20:00:00,714.7963516113066
2026-07-08 00:00:00,714.7963516113066
2026-07-08 04:00:00,714.7963516113066
2026-07-08 08:00:00,714.7963516113066
2026-07-08 12:00:00,714.7963516113066
2026-07-08 16:00:00,714.7963516113066
2026-07-08 20:00:00,714.7963516113066
2026-07-09 00:00:00,714.7963516113066
2026-07-09 04:00:00,714.7963516113066
2026-07-09 08:00:00,714.7963516113066
2026-07-09 12:00:00,714.7963516113066
2026-07-09 16:00:00,714.7963516113066
2026-07-09 20:00:00,714.7963516113066
2026-07-10 00:00:00,714.7963516113066
2026-07-10 04:00:00,714.7963516113066
2026-07-10 08:00:00,714.7963516113066
2026-07-10 12:00:00,714.7963516113066
2026-07-10 16:00:00,714.7963516113066
2026-07-10 20:00:00,714.7963516113066
2026-07-11 00:00:00,714.7963516113066
2026-07-11 04:00:00,714.7963516113066
2026-07-11 08:00:00,714.7963516113066
2026-07-11 12:00:00,714.7963516113066
2026-07-11 16:00:00,714.7963516113066
2026-07-11 20:00:00,714.7963516113066
2026-07-12 00:00:00,714.7963516113066
2026-07-12 04:00:00,714.7963516113066
2026-07-12 08:00:00,714.7963516113066
2026-07-12 12:00:00,714.7963516113066
2026-07-12 16:00:00,714.7963516113066
2026-07-12 20:00:00,714.7963516113066
2026-07-13 00:00:00,714.7963516113066
2026-07-13 04:00:00,714.7963516113066
2026-07-13 08:00:00,714.7963516113066
2026-07-13 12:00:00,714.7963516113066
2026-07-13 16:00:00,714.7963516113066
2026-07-13 20:00:00,714.7963516113066
2026-07-14 00:00:00,714.7963516113066
2026-07-14 04:00:00,714.7963516113066
2026-07-14 08:00:00,714.7963516113066
2026-07-14 12:00:00,714.7963516113066
2026-07-14 16:00:00,714.7963516113066
2026-07-14 20:00:00,714.7963516113066
2026-07-15 00:00:00,714.7963516113066
2026-07-15 04:00:00,714.7963516113066
2026-07-15 08:00:00,714.7963516113066
2026-07-15 12:00:00,714.7963516113066
2026-07-15 16:00:00,714.7963516113066
2026-07-15 20:00:00,714.7963516113066
2026-07-16 00:00:00,714.7963516113066
2026-07-16 04:00:00,714.7963516113066
2026-07-16 08:00:00,714.7963516113066
2026-07-16 12:00:00,714.7963516113066
2026-07-16 16:00:00,714.7963516113066
2026-07-16 20:00:00,714.7963516113066
2026-07-17 00:00:00,714.7963516113066
2026-07-17 04:00:00,714.7963516113066
2026-07-17 08:00:00,714.7963516113066
2026-07-17 12:00:00,714.7963516113066
2026-07-17 16:00:00,714.7963516113066
2026-07-17 20:00:00,714.7963516113066
2026-07-18 00:00:00,714.7963516113066
2026-07-18 04:00:00,714.7963516113066
2026-07-18 08:00:00,714.7963516113066
2026-07-18 12:00:00,714.7963516113066
2026-07-18 16:00:00,714.7963516113066
2026-07-18 20:00:00,714.7963516113066
2026-07-19 00:00:00,714.7963516113066
2026-07-19 04:00:00,714.7963516113066
2026-07-19 08:00:00,714.7963516113066
2026-07-19 12:00:00,714.7963516113066
2026-07-19 16:00:00,714.7963516113066
2026-07-19 20:00:00,714.7963516113066
2026-07-20 00:00:00,714.7963516113066
2026-07-20 04:00:00,714.7963516113066
2026-07-20 08:00:00,714.7963516113066
2026-07-20 12:00:00,714.7963516113066
2026-07-20 16:00:00,714.7963516113066
2026-07-20 20:00:00,714.7963516113066
2026-07-21 00:00:00,714.7963516113066
2026-07-21 04:00:00,714.7963516113066
2026-07-21 08:00:00,714.7963516113066
2026-07-21 12:00:00,714.7963516113066
2026-07-21 16:00:00,714.7963516113066
2026-07-21 20:00:00,714.7963516113066
2026-07-22 00:00:00,714.7963516113066
2026-07-22 04:00:00,714.7963516113066
2026-07-22 08:00:00,714.7963516113066
2026-07-22 12:00:00,714.7963516113066
2026-07-22 16:00:00,714.7963516113066
2026-07-22 20:00:00,714.7963516113066
2026-07-23 00:00:00,714.7963516113066
2026-07-23 04:00:00,714.7963516113066
2026-07-23 08:00:00,714.7963516113066
2026-07-23 12:00:00,714.7963516113066
2026-07-23 16:00:00,714.7963516113066
2026-07-23 20:00:00,714.7963516113066
2026-07-24 00:00:00,714.7963516113066
2026-07-24 04:00:00,714.7963516113066
2026-07-24 08:00:00,714.7963516113066
2026-07-24 12:00:00,714.7963516113066
2026-07-24 16:00:00,714.7963516113066
2026-07-24 20:00:00,714.7963516113066
2026-07-25 00:00:00,714.7963516113066
2026-07-25 04:00:00,714.7963516113066
2026-07-25 08:00:00,714.7963516113066
2026-07-25 12:00:00,714.7963516113066
2026-07-25 16:00:00,714.7963516113066
2026-07-25 20:00:00,714.7963516113066
2026-07-26 00:00:00,714.7963516113066
2026-07-26 04:00:00,714.7963516113066
2026-07-26 08:00:00,714.7963516113066
2026-07-26 12:00:00,714.7963516113066
2026-07-26 16:00:00,714.7963516113066
2026-07-26 20:00:00,714.7963516113066
2026-07-27 00:00:00,714.7963516113066
2026-07-27 04:00:00,714.7963516113066
2026-07-27 08:00:00,714.7963516113066
2026-07-27 12:00:00,714.7963516113066
2026-07-27 16:00:00,714.7963516113066
2026-07-27 20:00:00,714.7963516113066
2026-07-28 00:00:00,714.7963516113066
2026-07-28 04:00:00,714.7963516113066
2026-07-28 08:00:00,714.7963516113066
2026-07-28 12:00:00,714.7963516113066
2026-07-28 16:00:00,714.7963516113066
2026-07-28 20:00:00,714.7963516113066
2026-07-29 00:00:00,714.7963516113066
2026-07-29 04:00:00,714.7963516113066
2026-07-29 08:00:00,714.7963516113066
2026-07-29 12:00:00,714.7963516113066
2026-07-29 16:00:00,714.7963516113066
2026-07-29 20:00:00,714.7963516113066
2026-07-30 00:00:00,714.7963516113066
2026-07-30 04:00:00,714.7963516113066
2026-07-30 08:00:00,714.7963516113066
2026-07-30 12:00:00,714.7963516113066
2026-07-30 16:00:00,714.7963516113066
2026-07-30 20:00:00,714.7963516113066
2026-07-31 00:00:00,714.7963516113066
2026-07-31 04:00:00,714.7963516113066
2026-07-31 08:00:00,714.7963516113066
2026-07-31 12:00:00,714.7963516113066
2026-07-31 16:00:00,714.7963516113066
2026-07-31 20:00:00,714.7963516113066
2026-08-01 00:00:00,714.7963516113066
2026-08-01 04:00:00,714.7963516113066
2026-08-01 08:00:00,714.7963516113066
2026-08-01 12:00:00,714.7963516113066
2026-08-01 16:00:00,714.7963516113066
2026-08-01 20:00:00,714.7963516113066
2026-08-02 00:00:00,714.7963516113066
2026-08-02 04:00:00,714.7963516113066
2026-08-02 08:00:00,714.7963516113066
2026-08-02 12:00:00,714.7963516113066
2026-08-02 16:00:00,714.7963516113066
2026-08-02 20:00:00,714.7963516113066
2026-08-03 00:00:00,714.7963516113066
2026-08-03 04:00:00,714.7963516113066
2026-08-03 08:00:00,714.7963516113066
2026-08-03 12:00:00,714.7963516113066
2026-08-03 16:00:00,714.7963516113066
2026-08-03 20:00:00,714.7963516113066
2026-08-04 00:00:00,714.7963516113066
2026-08-04 04:00:00,714.7963516113066
2026-08-04 08:00:00,714.7963516113066
2026-08-04 12:00:00,714.7963516113066
2026-08-04 16:00:00,714.7963516113066
2026-08-04 20:00:00,714.7963516113066
2026-08-05 00:00:00,714.7963516113066
2026-08-05 04:00:00,714.7963516113066
2026-08-05 08:00:00,714.7963516113066
2026-08-05 12:00:00,714.7963516113066
2026-08-05 16:00:00,714.7963516113066
2026-08-05 20:00:00,714.7963516113066
2026-08-06 00:00:00,714.7963516113066
2026-08-06 04:00:00,714.7963516113066
2026-08-06 08:00:00,714.7963516113066
2026-08-06 12:00:00,714.7963516113066
2026-08-06 16:00:00,714.7963516113066
2026-08-06 20:00:00,714.7963516113066
2026-08-07 00:00:00,714.7963516113066
2026-08-07 04:00:00,714.7963516113066
2026-08-07 08:00:00,714.7963516113066
2026-08-07 12:00:00,714.7963516113066
2026-08-07 16:00:00,714.7963516113066
2026-08-07 20:00:00,714.7963516113066
2026-08-08 00:00:00,714.7963516113066
2026-08-08 04:00:00,714.7963516113066
2026-08-08 08:00:00,714.7963516113066
2026-08-08 12:00:00,714.7963516113066
2026-08-08 16:00:00,714.7963516113066
2026-08-08 20:00:00,714.7963516113066
2026-08-09 00:00:00,714.7963516113066
2026-08-09 04:00:00,714.7963516113066
2026-08-09 08:00:00,714.7963516113066
2026-08-09 12:00:00,714.7963516113066
2026-08-09 16:00:00,714.7963516113066
2026-08-09 20:00:00,714.7963516113066
2026-08-10 00:00:00,714.7963516113066
2026-08-10 04:00:00,714.7963516113066
2026-08-10 08:00:00,714.7963516113066
2026-08-10 12:00:00,714.7963516113066
2026-08-10 16:00:00,714.7963516113066
2026-08-10 20:00:00,714.7963516113066
2026-08-11 00:00:00,714.7963516113066
2026-08-11 04:00:00,714.7963516113066
2026-08-11 08:00:00,714.7963516113066
2026-08-11 12:00:00,714.7963516113066
2026-08-11 16:00:00,714.7963516113066
2026-08-11 20:00:00,714.7963516113066
2026-08-12 00:00:00,714.7963516113066
2026-08-12 04:00:00,714.7963516113066
2026-08-12 08:00:00,714.7963516113066
2026-08-12 12:00:00,714.7963516113066
2026-08-12 16:00:00,714.7963516113066
2026-08-12 20:00:00,714.7963516113066
2026-08-13 00:00:00,714.7963516113066
2026-08-13 04:00:00,714.7963516113066
2026-08-13 08:00:00,714.7963516113066
