日期时间(北京),开盘,最高,最低,收盘
2023-01-01 00:00:00,246.830,247.220,246.010,246.790
2023-01-01 04:00:00,246.790,247.350,245.560,246.110
2023-01-01 08:00:00,246.110,246.590,245.020,245.150
2023-01-01 12:00:00,245.150,245.220,243.300,243.910
2023-01-01 16:00:00,243.910,244.540,243.250,244.300
2023-01-01 20:00:00,244.300,244.670,243.840,244.480
2023-01-02 00:00:00,244.490,245.650,244.260,245.130
2023-01-02 04:00:00,245.130,245.810,243.540,244.360
2023-01-02 08:00:00,244.350,244.480,240.400,243.670
2023-01-02 12:00:00,243.670,247.000,242.820,246.260
2023-01-02 16:00:00,246.260,247.880,246.060,246.720
2023-01-02 20:00:00,246.730,247.470,245.840,246.850
2023-01-03 00:00:00,246.840,247.050,246.040,246.500
2023-01-03 04:00:00,246.510,247.730,244.950,245.070
2023-01-03 08:00:00,245.060,245.970,244.630,245.710
2023-01-03 12:00:00,245.720,246.900,245.100,246.140
2023-01-03 16:00:00,246.140,246.490,245.200,245.480
2023-01-03 20:00:00,245.470,246.260,244.020,245.280
2023-01-04 00:00:00,245.270,245.840,244.300,245.190
2023-01-04 04:00:00,245.180,246.190,245.030,245.970
2023-01-04 08:00:00,245.970,258.710,245.470,257.020
2023-01-04 12:00:00,257.020,257.270,253.590,255.030
2023-01-04 16:00:00,255.020,256.140,253.860,254.750
2023-01-04 20:00:00,254.750,257.300,253.780,256.830
2023-01-05 00:00:00,256.840,260.900,255.820,257.530
2023-01-05 04:00:00,257.540,259.150,254.700,258.540
2023-01-05 08:00:00,258.550,258.870,256.640,257.570
2023-01-05 12:00:00,257.570,258.900,256.240,257.360
2023-01-05 16:00:00,257.360,257.500,255.290,256.920
2023-01-05 20:00:00,256.910,258.000,255.000,256.540
2023-01-06 00:00:00,256.550,258.220,255.930,257.500
2023-01-06 04:00:00,257.500,257.930,255.590,256.440
2023-01-06 08:00:00,256.430,258.660,255.840,257.570
2023-01-06 12:00:00,257.570,257.900,255.100,256.190
2023-01-06 16:00:00,256.190,257.060,255.170,256.230
2023-01-06 20:00:00,256.230,259.700,253.950,258.880
2023-01-07 00:00:00,258.880,260.450,257.850,259.940
2023-01-07 04:00:00,259.930,260.500,258.400,259.690
2023-01-07 08:00:00,259.690,264.000,259.210,261.910
2023-01-07 12:00:00,261.920,262.170,260.390,260.840
2023-01-07 16:00:00,260.850,261.140,260.390,260.540
2023-01-07 20:00:00,260.540,261.000,259.590,260.860
2023-01-08 00:00:00,260.870,261.580,260.300,261.450
2023-01-08 04:00:00,261.440,261.620,260.410,261.110
2023-01-08 08:00:00,261.100,261.690,259.830,260.740
2023-01-08 12:00:00,260.750,261.220,260.540,260.740
2023-01-08 16:00:00,260.750,261.440,260.440,260.790
2023-01-08 20:00:00,260.790,267.830,260.530,266.890
2023-01-09 00:00:00,266.900,268.840,263.560,267.200
2023-01-09 04:00:00,267.210,277.000,266.900,274.700
2023-01-09 08:00:00,274.700,280.990,273.550,278.550
2023-01-09 12:00:00,278.550,279.690,277.360,277.600
2023-01-09 16:00:00,277.590,280.310,276.530,278.170
2023-01-09 20:00:00,278.170,282.990,276.510,280.200
2023-01-10 00:00:00,280.210,283.550,276.500,276.600
2023-01-10 04:00:00,276.600,276.970,271.270,272.440
2023-01-10 08:00:00,272.440,276.200,270.070,273.680
2023-01-10 12:00:00,273.680,275.040,272.860,274.370
2023-01-10 16:00:00,274.370,276.800,273.920,274.820
2023-01-10 20:00:00,274.810,276.500,273.300,275.690
2023-01-11 00:00:00,275.710,276.290,274.100,276.100
2023-01-11 04:00:00,276.100,278.650,275.770,277.020
2023-01-11 08:00:00,277.010,277.820,273.910,274.800
2023-01-11 12:00:00,274.800,277.730,274.020,277.570
2023-01-11 16:00:00,277.570,278.500,276.810,277.670
2023-01-11 20:00:00,277.670,279.000,276.160,276.710
2023-01-12 00:00:00,276.680,279.750,275.360,279.630
2023-01-12 04:00:00,279.630,287.400,278.590,284.740
2023-01-12 08:00:00,284.740,288.200,283.830,286.770
2023-01-12 12:00:00,286.780,287.170,284.200,284.900
2023-01-12 16:00:00,284.900,284.960,281.720,283.180
2023-01-12 20:00:00,283.180,286.300,276.510,281.330
2023-01-13 00:00:00,281.340,287.940,280.740,285.800
2023-01-13 04:00:00,285.800,288.670,285.300,287.520
2023-01-13 08:00:00,287.520,290.510,285.440,288.940
2023-01-13 12:00:00,288.950,291.780,287.180,287.800
2023-01-13 16:00:00,287.800,288.340,285.610,286.900
2023-01-13 20:00:00,286.900,288.910,284.630,288.490
2023-01-14 00:00:00,288.490,288.810,285.770,288.470
2023-01-14 04:00:00,288.480,296.250,287.850,293.670
2023-01-14 08:00:00,293.670,309.580,293.150,307.980
2023-01-14 12:00:00,307.980,315.300,305.600,311.010
2023-01-14 16:00:00,311.000,314.660,299.010,303.970
2023-01-14 20:00:00,303.970,308.230,301.400,304.420
2023-01-15 00:00:00,304.410,305.430,302.310,303.690
2023-01-15 04:00:00,303.660,306.630,303.120,305.250
2023-01-15 08:00:00,305.260,306.240,294.900,298.740
2023-01-15 12:00:00,298.740,299.390,294.180,297.640
2023-01-15 16:00:00,297.640,298.190,292.000,298.070
2023-01-15 20:00:00,298.060,303.730,296.330,302.840
2023-01-16 00:00:00,302.820,303.890,298.000,301.230
2023-01-16 04:00:00,301.230,303.270,300.230,302.200
2023-01-16 08:00:00,302.200,308.190,300.280,304.410
2023-01-16 12:00:00,304.400,306.700,302.550,303.200
2023-01-16 16:00:00,303.190,303.420,295.520,298.240
2023-01-16 20:00:00,298.240,301.780,293.000,297.930
2023-01-17 00:00:00,297.930,302.550,296.700,300.830
2023-01-17 04:00:00,300.830,301.940,298.200,299.020
2023-01-17 08:00:00,299.010,301.340,294.000,300.270
2023-01-17 12:00:00,300.260,301.470,298.120,301.200
2023-01-17 16:00:00,301.200,303.030,299.840,302.800
2023-01-17 20:00:00,302.810,306.000,300.000,302.490
2023-01-18 00:00:00,302.480,303.630,301.190,302.970
2023-01-18 04:00:00,302.980,303.420,298.970,299.280
2023-01-18 08:00:00,299.280,305.480,298.380,303.060
2023-01-18 12:00:00,303.040,303.780,301.170,301.620
2023-01-18 16:00:00,301.620,301.760,299.060,301.090
2023-01-18 20:00:00,301.090,305.000,288.040,294.260
2023-01-19 00:00:00,294.250,298.200,281.100,292.890
2023-01-19 04:00:00,292.890,293.180,286.070,286.440
2023-01-19 08:00:00,286.440,290.570,286.180,289.680
2023-01-19 12:00:00,289.680,291.370,289.240,290.210
2023-01-19 16:00:00,290.200,291.860,288.700,289.260
2023-01-19 20:00:00,289.260,290.980,285.820,289.810
2023-01-20 00:00:00,289.810,293.980,289.220,293.770
2023-01-20 04:00:00,293.760,295.400,292.760,294.400
2023-01-20 08:00:00,294.390,296.340,293.160,294.560
2023-01-20 12:00:00,294.550,295.490,286.690,288.110
2023-01-20 16:00:00,288.110,288.790,286.970,287.000
2023-01-20 20:00:00,287.000,290.210,286.700,289.440
2023-01-21 00:00:00,289.450,294.830,288.900,294.480
2023-01-21 04:00:00,294.480,305.660,294.480,305.240
2023-01-21 08:00:00,305.240,306.780,300.000,302.300
2023-01-21 12:00:00,302.310,306.220,301.780,304.800
2023-01-21 16:00:00,304.800,310.550,299.130,303.480
2023-01-21 20:00:00,303.480,306.090,301.060,302.060
2023-01-22 00:00:00,301.980,305.270,301.790,304.520
2023-01-22 04:00:00,304.520,304.840,298.160,299.120
2023-01-22 08:00:00,299.130,302.150,298.450,300.650
2023-01-22 12:00:00,300.660,302.850,300.260,302.410
2023-01-22 16:00:00,302.400,303.750,301.470,302.800
2023-01-22 20:00:00,302.800,307.660,301.010,303.500
2023-01-23 00:00:00,303.500,312.000,302.100,303.920
2023-01-23 04:00:00,303.920,304.110,298.500,303.190
2023-01-23 08:00:00,303.190,308.240,303.050,304.230
2023-01-23 12:00:00,304.230,306.540,302.860,303.700
2023-01-23 16:00:00,303.700,306.950,303.060,306.760
2023-01-23 20:00:00,306.760,307.200,300.620,303.770
2023-01-24 00:00:00,303.770,306.560,302.750,304.810
2023-01-24 04:00:00,304.810,306.880,304.530,305.360
2023-01-24 08:00:00,305.350,324.080,303.250,322.350
2023-01-24 12:00:00,322.340,322.790,317.760,318.320
2023-01-24 16:00:00,318.310,318.550,312.220,314.480
2023-01-24 20:00:00,314.490,316.650,311.000,316.330
2023-01-25 00:00:00,316.330,316.640,307.810,311.070
2023-01-25 04:00:00,311.080,311.180,299.100,300.320
2023-01-25 08:00:00,300.310,302.290,292.800,300.090
2023-01-25 12:00:00,300.100,303.750,299.780,303.180
2023-01-25 16:00:00,303.180,304.230,298.730,300.420
2023-01-25 20:00:00,300.420,304.140,295.760,300.110
2023-01-26 00:00:00,300.120,302.460,299.160,302.300
2023-01-26 04:00:00,302.300,314.050,302.250,306.840
2023-01-26 08:00:00,306.840,309.490,305.520,305.760
2023-01-26 12:00:00,305.760,309.150,304.750,305.910
2023-01-26 16:00:00,305.920,306.700,302.510,304.290
2023-01-26 20:00:00,304.290,309.270,303.350,303.720
2023-01-27 00:00:00,303.670,305.840,301.300,305.410
2023-01-27 04:00:00,305.410,307.100,303.570,304.680
2023-01-27 08:00:00,304.700,305.470,298.550,302.590
2023-01-27 12:00:00,302.590,306.000,302.010,305.810
2023-01-27 16:00:00,305.810,306.200,304.140,304.960
2023-01-27 20:00:00,304.950,305.930,301.820,303.900
2023-01-28 00:00:00,303.900,309.180,303.760,308.970
2023-01-28 04:00:00,308.970,310.730,305.290,308.070
2023-01-28 08:00:00,308.070,310.580,306.720,308.300
2023-01-28 12:00:00,308.310,313.790,307.160,308.500
2023-01-28 16:00:00,308.500,309.260,306.270,307.450
2023-01-28 20:00:00,307.450,307.600,303.510,306.250
2023-01-29 00:00:00,306.260,307.610,305.310,306.580
2023-01-29 04:00:00,306.580,306.830,304.080,306.080
2023-01-29 08:00:00,306.090,311.330,304.710,307.880
2023-01-29 12:00:00,307.880,308.990,307.400,308.680
2023-01-29 16:00:00,308.670,318.360,308.670,316.990
2023-01-29 20:00:00,316.990,320.480,313.700,318.480
2023-01-30 00:00:00,318.490,320.710,315.900,319.320
2023-01-30 04:00:00,319.340,319.460,315.000,317.120
2023-01-30 08:00:00,317.130,321.260,314.540,315.960
2023-01-30 12:00:00,315.960,316.630,312.250,312.760
2023-01-30 16:00:00,312.760,313.650,304.290,307.000
2023-01-30 20:00:00,306.990,311.500,305.400,308.910
2023-01-31 00:00:00,308.910,310.460,300.880,305.220
2023-01-31 04:00:00,305.220,307.300,302.070,307.180
2023-01-31 08:00:00,307.170,311.900,305.320,311.900
2023-01-31 12:00:00,311.900,314.470,309.830,312.030
2023-01-31 16:00:00,312.030,312.960,308.100,309.720
2023-01-31 20:00:00,309.720,313.690,309.540,312.610
2023-02-01 00:00:00,312.600,314.120,311.370,313.830
2023-02-01 04:00:00,313.830,314.050,308.680,312.150
2023-02-01 08:00:00,312.150,314.900,311.590,312.500
2023-02-01 12:00:00,312.500,312.850,306.270,307.830
2023-02-01 16:00:00,307.820,308.570,305.610,308.170
2023-02-01 20:00:00,308.170,310.830,306.420,307.070
2023-02-02 00:00:00,307.060,315.380,306.570,314.510
2023-02-02 04:00:00,314.520,319.580,313.350,317.200
2023-02-02 08:00:00,317.210,328.250,316.430,327.980
2023-02-02 12:00:00,327.990,334.990,326.540,328.870
2023-02-02 16:00:00,328.880,331.050,328.230,330.140
2023-02-02 20:00:00,330.150,332.440,325.140,328.480
2023-02-03 00:00:00,328.480,332.980,327.400,328.410
2023-02-03 04:00:00,328.450,331.050,321.360,323.720
2023-02-03 08:00:00,323.710,327.540,318.540,321.450
2023-02-03 12:00:00,321.450,324.650,320.880,322.910
2023-02-03 16:00:00,322.910,329.740,321.060,329.450
2023-02-03 20:00:00,329.450,335.820,328.020,331.580
2023-02-04 00:00:00,331.580,334.380,330.000,330.070
2023-02-04 04:00:00,330.070,332.670,328.320,332.380
2023-02-04 08:00:00,332.380,334.340,329.100,329.540
2023-02-04 12:00:00,329.540,329.990,327.100,328.630
2023-02-04 16:00:00,328.610,330.610,327.770,329.510
2023-02-04 20:00:00,329.510,332.940,328.650,331.280
2023-02-05 00:00:00,331.270,333.500,330.120,330.420
2023-02-05 04:00:00,330.430,332.110,329.450,330.410
2023-02-05 08:00:00,330.400,334.730,328.680,329.820
2023-02-05 12:00:00,329.820,333.480,328.760,332.000
2023-02-05 16:00:00,332.010,338.180,332.010,332.790
2023-02-05 20:00:00,332.780,333.580,323.000,326.830
2023-02-06 00:00:00,326.830,328.410,324.160,327.060
2023-02-06 04:00:00,327.060,328.640,324.780,327.940
2023-02-06 08:00:00,327.930,330.250,324.330,325.510
2023-02-06 12:00:00,325.500,327.080,320.600,327.020
2023-02-06 16:00:00,327.030,328.240,324.890,327.730
2023-02-06 20:00:00,327.720,330.240,326.010,330.160
2023-02-07 00:00:00,330.170,331.620,327.780,329.100
2023-02-07 04:00:00,329.100,329.670,324.000,324.570
2023-02-07 08:00:00,324.560,327.780,323.260,326.870
2023-02-07 12:00:00,326.860,329.190,326.450,329.050
2023-02-07 16:00:00,329.060,331.960,328.000,330.170
2023-02-07 20:00:00,330.170,330.710,327.280,327.860
2023-02-08 00:00:00,327.850,332.910,326.070,330.720
2023-02-08 04:00:00,330.720,333.940,329.860,333.150
2023-02-08 08:00:00,333.160,336.010,331.550,331.960
2023-02-08 12:00:00,331.950,332.430,330.760,331.880
2023-02-08 16:00:00,331.890,331.940,329.200,331.760
2023-02-08 20:00:00,331.760,332.740,326.830,327.390
2023-02-09 00:00:00,327.390,329.250,323.490,326.550
2023-02-09 04:00:00,326.550,328.640,325.010,328.280
2023-02-09 08:00:00,328.280,329.250,316.550,319.850
2023-02-09 12:00:00,319.850,322.480,317.190,322.130
2023-02-09 16:00:00,322.120,323.850,320.040,320.650
2023-02-09 20:00:00,320.650,322.600,318.240,318.890
2023-02-10 00:00:00,318.880,319.450,307.590,311.290
2023-02-10 04:00:00,311.290,311.290,301.410,305.910
2023-02-10 08:00:00,305.910,307.680,304.960,306.550
2023-02-10 12:00:00,306.540,307.810,302.050,307.670
2023-02-10 16:00:00,307.670,309.050,305.310,306.270
2023-02-10 20:00:00,306.260,308.170,303.480,305.800
2023-02-11 00:00:00,305.800,308.490,304.710,308.350
2023-02-11 04:00:00,308.350,308.560,304.140,305.520
2023-02-11 08:00:00,305.500,308.330,304.810,307.940
2023-02-11 12:00:00,307.940,308.390,306.380,307.930
2023-02-11 16:00:00,307.940,308.690,306.820,308.220
2023-02-11 20:00:00,308.220,309.980,307.920,308.760
2023-02-12 00:00:00,308.750,309.120,306.700,308.400
2023-02-12 04:00:00,308.400,311.130,307.850,310.220
2023-02-12 08:00:00,310.230,310.560,307.420,307.440
2023-02-12 12:00:00,307.450,307.460,305.200,306.760
2023-02-12 16:00:00,306.760,309.230,306.600,308.420
2023-02-12 20:00:00,308.430,312.940,307.410,312.660
2023-02-13 00:00:00,312.660,320.700,312.560,319.060
2023-02-13 04:00:00,319.060,320.180,311.120,312.260
2023-02-13 08:00:00,312.260,313.350,306.410,311.860
2023-02-13 12:00:00,311.860,315.910,304.390,306.670
2023-02-13 16:00:00,306.660,307.320,287.660,292.320
2023-02-13 20:00:00,292.330,294.590,285.980,286.810
2023-02-14 00:00:00,286.810,289.500,282.380,288.740
2023-02-14 04:00:00,288.730,294.560,287.840,294.040
2023-02-14 08:00:00,294.040,294.120,289.600,290.760
2023-02-14 12:00:00,290.770,293.840,290.290,293.710
2023-02-14 16:00:00,293.710,294.680,290.510,292.490
2023-02-14 20:00:00,292.490,301.530,290.430,297.360
2023-02-15 00:00:00,297.360,298.400,295.000,297.870
2023-02-15 04:00:00,297.860,298.070,295.470,296.060
2023-02-15 08:00:00,296.060,297.190,293.800,296.660
2023-02-15 12:00:00,296.660,298.000,296.000,296.770
2023-02-15 16:00:00,296.770,301.460,296.200,301.370
2023-02-15 20:00:00,301.360,305.490,301.310,303.000
2023-02-16 00:00:00,303.000,307.770,300.870,307.150
2023-02-16 04:00:00,307.140,317.630,306.530,317.260
2023-02-16 08:00:00,317.270,328.100,316.290,321.650
2023-02-16 12:00:00,321.650,325.700,319.020,320.140
2023-02-16 16:00:00,320.130,323.490,318.580,319.470
2023-02-16 20:00:00,319.480,325.020,315.200,324.940
2023-02-17 00:00:00,324.940,326.730,318.000,319.400
2023-02-17 04:00:00,319.390,319.700,303.810,304.070
2023-02-17 08:00:00,304.070,309.800,302.500,309.310
2023-02-17 12:00:00,309.320,310.250,306.010,308.210
2023-02-17 16:00:00,308.200,311.060,307.740,309.510
2023-02-17 20:00:00,309.510,313.300,307.670,309.920
2023-02-18 00:00:00,309.910,315.280,306.960,314.690
2023-02-18 04:00:00,314.690,317.000,309.170,312.940
2023-02-18 08:00:00,312.910,315.710,312.810,314.960
2023-02-18 12:00:00,314.950,318.850,314.560,316.670
2023-02-18 16:00:00,316.660,316.930,313.080,314.650
2023-02-18 20:00:00,314.640,317.250,314.140,316.380
2023-02-19 00:00:00,316.380,316.990,314.490,314.980
2023-02-19 04:00:00,314.960,316.780,313.730,316.210
2023-02-19 08:00:00,316.210,318.650,314.420,315.210
2023-02-19 12:00:00,315.230,316.470,313.850,314.250
2023-02-19 16:00:00,314.250,315.710,313.870,315.620
2023-02-19 20:00:00,315.620,318.390,315.300,316.860
2023-02-20 00:00:00,316.850,318.310,310.550,312.540
2023-02-20 04:00:00,312.540,313.640,310.000,311.250
2023-02-20 08:00:00,311.270,316.630,307.170,316.260
2023-02-20 12:00:00,316.270,317.030,315.110,316.800
2023-02-20 16:00:00,316.790,319.590,315.400,317.950
2023-02-20 20:00:00,317.940,318.490,316.120,317.220
2023-02-21 00:00:00,317.220,317.300,312.930,314.540
2023-02-21 04:00:00,314.550,315.460,313.000,315.280
2023-02-21 08:00:00,315.320,317.200,314.100,315.320
2023-02-21 12:00:00,315.320,316.470,314.200,316.010
2023-02-21 16:00:00,316.000,317.280,311.050,311.540
2023-02-21 20:00:00,311.530,314.490,310.600,312.750
2023-02-22 00:00:00,312.750,313.990,310.750,313.130
2023-02-22 04:00:00,313.140,314.020,309.030,311.400
2023-02-22 08:00:00,311.390,311.640,304.570,308.750
2023-02-22 12:00:00,308.750,308.900,305.270,307.380
2023-02-22 16:00:00,307.380,308.090,303.840,307.710
2023-02-22 20:00:00,307.720,309.310,303.200,304.260
2023-02-23 00:00:00,304.260,308.590,303.340,307.660
2023-02-23 04:00:00,307.660,312.840,306.590,312.390
2023-02-23 08:00:00,312.390,315.000,310.500,313.130
2023-02-23 12:00:00,313.130,314.320,312.000,312.790
2023-02-23 16:00:00,312.790,313.300,305.800,306.870
2023-02-23 20:00:00,306.860,311.230,305.730,309.090
2023-02-24 00:00:00,309.090,309.310,306.580,308.950
2023-02-24 04:00:00,308.950,309.880,306.360,308.200
2023-02-24 08:00:00,308.210,310.730,307.450,309.380
2023-02-24 12:00:00,309.380,311.180,308.660,310.670
2023-02-24 16:00:00,310.670,311.940,308.000,310.150
2023-02-24 20:00:00,310.150,311.320,303.560,303.780
2023-02-25 00:00:00,303.770,304.080,298.190,302.250
2023-02-25 04:00:00,302.260,303.900,299.130,302.110
2023-02-25 08:00:00,302.100,302.820,299.840,300.450
2023-02-25 12:00:00,300.440,301.760,299.640,301.570
2023-02-25 16:00:00,301.560,302.240,299.660,300.370
2023-02-25 20:00:00,300.370,301.870,298.280,301.290
2023-02-26 00:00:00,301.290,302.610,298.850,300.230
2023-02-26 04:00:00,300.230,302.340,295.070,302.180
2023-02-26 08:00:00,302.180,303.410,300.510,303.060
2023-02-26 12:00:00,303.060,303.340,301.850,302.900
2023-02-26 16:00:00,302.900,303.620,302.170,303.230
2023-02-26 20:00:00,303.220,304.340,302.320,304.140
2023-02-27 00:00:00,304.150,308.670,303.710,308.430
2023-02-27 04:00:00,308.430,309.800,306.810,308.420
2023-02-27 08:00:00,308.420,309.320,307.340,307.860
2023-02-27 12:00:00,307.880,308.100,304.920,305.170
2023-02-27 16:00:00,305.170,305.350,303.490,305.020
2023-02-27 20:00:00,305.030,307.990,303.670,304.890
2023-02-28 00:00:00,304.880,304.920,300.240,302.790
2023-02-28 04:00:00,302.790,304.820,301.340,304.500
2023-02-28 08:00:00,304.510,305.580,303.420,304.940
2023-02-28 12:00:00,304.940,305.160,301.420,301.510
2023-02-28 16:00:00,301.510,302.480,301.040,302.150
2023-02-28 20:00:00,302.150,304.540,302.040,304.310
2023-03-01 00:00:00,304.310,304.900,301.200,301.940
2023-03-01 04:00:00,301.940,302.600,299.520,301.180
2023-03-01 08:00:00,301.180,304.180,300.240,304.140
2023-03-01 12:00:00,304.140,306.410,303.350,303.580
2023-03-01 16:00:00,303.590,305.450,302.830,303.320
2023-03-01 20:00:00,303.310,304.480,302.050,303.290
2023-03-02 00:00:00,303.280,303.290,300.460,300.740
2023-03-02 04:00:00,300.740,302.800,300.440,302.480
2023-03-02 08:00:00,302.480,303.730,297.600,299.670
2023-03-02 12:00:00,299.660,300.250,298.050,298.930
2023-03-02 16:00:00,298.930,298.940,296.320,298.680
2023-03-02 20:00:00,298.690,299.340,295.530,297.610
2023-03-03 00:00:00,297.620,300.530,296.000,300.450
2023-03-03 04:00:00,300.430,300.680,299.110,299.790
2023-03-03 08:00:00,299.790,300.000,285.000,289.790
2023-03-03 12:00:00,289.790,291.810,289.010,290.780
2023-03-03 16:00:00,290.770,291.680,289.190,289.470
2023-03-03 20:00:00,289.460,290.150,287.120,288.770
2023-03-04 00:00:00,288.780,290.070,288.160,289.460
2023-03-04 04:00:00,289.450,290.340,287.230,290.340
2023-03-04 08:00:00,290.330,291.380,289.660,290.000
2023-03-04 12:00:00,290.000,290.460,288.840,289.870
2023-03-04 16:00:00,289.870,291.030,289.050,291.020
2023-03-04 20:00:00,291.030,291.100,289.890,289.910
2023-03-05 00:00:00,289.910,290.600,288.200,288.310
2023-03-05 04:00:00,288.300,289.450,285.510,289.450
2023-03-05 08:00:00,289.450,292.630,287.760,290.360
2023-03-05 12:00:00,290.370,291.340,289.790,290.300
2023-03-05 16:00:00,290.300,291.160,289.700,290.960
2023-03-05 20:00:00,290.970,291.930,290.640,290.770
2023-03-06 00:00:00,290.770,291.170,289.170,289.400
2023-03-06 04:00:00,289.400,290.510,287.130,288.580
2023-03-06 08:00:00,288.590,289.590,284.400,286.770
2023-03-06 12:00:00,286.760,287.090,284.730,284.900
2023-03-06 16:00:00,284.900,285.440,283.500,283.920
2023-03-06 20:00:00,283.910,288.000,283.090,287.800
2023-03-07 00:00:00,287.800,288.860,286.580,287.390
2023-03-07 04:00:00,287.390,288.260,286.370,287.630
2023-03-07 08:00:00,287.640,289.530,286.880,288.260
2023-03-07 12:00:00,288.260,288.600,286.510,286.870
2023-03-07 16:00:00,286.870,287.440,285.030,285.300
2023-03-07 20:00:00,285.300,288.420,283.160,287.160
2023-03-08 00:00:00,287.170,290.510,285.530,287.130
2023-03-08 04:00:00,287.110,289.230,285.320,289.140
2023-03-08 08:00:00,289.140,290.600,288.550,289.430
2023-03-08 12:00:00,289.430,289.790,285.000,285.600
2023-03-08 16:00:00,285.610,287.980,285.310,287.740
2023-03-08 20:00:00,287.750,293.320,285.000,292.730
2023-03-09 00:00:00,292.730,294.170,288.800,289.640
2023-03-09 04:00:00,289.650,291.950,285.850,286.900
2023-03-09 08:00:00,286.900,291.280,285.800,289.610
2023-03-09 12:00:00,289.620,290.420,288.600,289.040
2023-03-09 16:00:00,289.040,289.510,287.080,289.420
2023-03-09 20:00:00,289.410,291.100,288.120,289.260
2023-03-10 00:00:00,289.270,289.910,278.480,279.840
2023-03-10 04:00:00,279.850,279.900,270.820,276.890
2023-03-10 08:00:00,276.900,276.940,271.470,273.710
2023-03-10 12:00:00,273.710,274.020,270.340,273.080
2023-03-10 16:00:00,273.090,273.320,264.510,267.350
2023-03-10 20:00:00,267.350,274.990,266.570,274.350
2023-03-11 00:00:00,274.350,277.170,273.240,276.830
2023-03-11 04:00:00,276.840,277.970,274.650,277.040
2023-03-11 08:00:00,277.030,281.680,276.510,278.470
2023-03-11 12:00:00,278.460,279.500,271.430,271.780
2023-03-11 16:00:00,271.780,276.600,270.860,274.500
2023-03-11 20:00:00,274.500,275.700,271.620,272.000
2023-03-12 00:00:00,272.000,273.730,270.040,272.420
2023-03-12 04:00:00,272.420,276.060,272.280,275.820
2023-03-12 08:00:00,275.830,278.000,273.920,276.400
2023-03-12 12:00:00,276.400,278.200,275.200,275.650
2023-03-12 16:00:00,275.650,276.370,274.700,276.130
2023-03-12 20:00:00,276.140,276.270,273.210,273.520
2023-03-13 00:00:00,273.530,282.490,273.090,277.710
2023-03-13 04:00:00,277.730,288.770,277.410,288.040
2023-03-13 08:00:00,288.040,291.910,285.990,286.450
2023-03-13 12:00:00,286.440,310.550,286.100,304.690
2023-03-13 16:00:00,304.690,306.690,293.310,296.940
2023-03-13 20:00:00,296.950,313.500,294.170,309.180
2023-03-14 00:00:00,309.180,310.600,306.030,306.830
2023-03-14 04:00:00,306.830,309.930,305.230,307.930
2023-03-14 08:00:00,307.930,308.410,305.140,306.190
2023-03-14 12:00:00,306.180,308.220,303.640,304.140
2023-03-14 16:00:00,304.140,307.560,302.020,306.130
2023-03-14 20:00:00,306.140,319.750,303.600,317.660
2023-03-15 00:00:00,317.660,318.230,305.990,311.080
2023-03-15 04:00:00,311.070,312.080,304.490,308.670
2023-03-15 08:00:00,308.650,311.520,306.330,309.960
2023-03-15 12:00:00,309.970,312.910,309.120,312.680
2023-03-15 16:00:00,312.690,312.780,303.730,308.130
2023-03-15 20:00:00,308.120,311.620,304.350,305.240
2023-03-16 00:00:00,305.240,306.740,300.040,305.800
2023-03-16 04:00:00,305.790,308.030,304.880,306.430
2023-03-16 08:00:00,306.430,313.740,302.920,309.860
2023-03-16 12:00:00,309.860,322.280,308.350,321.520
2023-03-16 16:00:00,321.520,322.080,314.420,315.900
2023-03-16 20:00:00,315.890,328.680,307.890,326.230
2023-03-17 00:00:00,326.210,330.500,324.490,329.280
2023-03-17 04:00:00,329.270,332.320,325.840,329.050
2023-03-17 08:00:00,329.050,333.170,325.200,330.930
2023-03-17 12:00:00,330.940,333.250,328.890,329.410
2023-03-17 16:00:00,329.410,336.390,329.370,334.110
2023-03-17 20:00:00,334.110,334.960,328.000,330.550
2023-03-18 00:00:00,330.530,334.890,329.750,334.590
2023-03-18 04:00:00,334.610,339.940,332.290,338.630
2023-03-18 08:00:00,338.620,344.760,337.200,343.000
2023-03-18 12:00:00,343.000,345.770,341.610,343.960
2023-03-18 16:00:00,343.960,343.960,339.680,342.750
2023-03-18 20:00:00,342.750,343.650,329.020,332.100
2023-03-19 00:00:00,332.110,336.720,326.000,335.200
2023-03-19 04:00:00,335.200,337.330,329.360,330.820
2023-03-19 08:00:00,330.820,335.610,329.910,333.390
2023-03-19 12:00:00,333.380,335.290,331.340,335.210
2023-03-19 16:00:00,335.220,337.060,332.400,336.320
2023-03-19 20:00:00,336.320,341.430,336.310,338.930
2023-03-20 00:00:00,338.930,340.210,334.960,338.840
2023-03-20 04:00:00,338.830,339.690,334.000,335.810
2023-03-20 08:00:00,335.800,336.600,331.210,332.460
2023-03-20 12:00:00,332.450,335.620,330.440,334.770
2023-03-20 16:00:00,334.760,338.290,333.580,336.480
2023-03-20 20:00:00,336.480,338.740,334.520,337.290
2023-03-21 00:00:00,337.290,338.690,333.450,335.770
2023-03-21 04:00:00,335.800,336.510,331.000,332.080
2023-03-21 08:00:00,332.080,335.350,331.120,333.950
2023-03-21 12:00:00,333.940,334.910,326.190,328.310
2023-03-21 16:00:00,328.300,334.420,327.180,334.090
2023-03-21 20:00:00,334.100,337.590,333.260,337.350
2023-03-22 00:00:00,337.350,339.500,333.580,336.810
2023-03-22 04:00:00,336.830,337.390,334.010,334.520
2023-03-22 08:00:00,334.510,335.640,330.630,334.530
2023-03-22 12:00:00,334.530,338.400,334.350,336.120
2023-03-22 16:00:00,336.140,336.300,323.670,324.240
2023-03-22 20:00:00,324.250,330.870,322.120,327.590
2023-03-23 00:00:00,327.580,330.650,316.070,316.930
2023-03-23 04:00:00,316.930,322.680,316.000,321.060
2023-03-23 08:00:00,321.060,322.230,318.820,320.420
2023-03-23 12:00:00,320.420,324.240,320.160,323.840
2023-03-23 16:00:00,323.830,325.920,323.030,325.000
2023-03-23 20:00:00,325.000,331.130,321.360,330.210
2023-03-24 00:00:00,330.210,331.820,325.260,329.570
2023-03-24 04:00:00,329.570,329.720,327.170,329.080
2023-03-24 08:00:00,329.040,329.700,326.680,327.000
2023-03-24 12:00:00,327.000,327.370,324.570,324.640
2023-03-24 16:00:00,324.630,324.970,318.000,320.500
2023-03-24 20:00:00,320.500,324.080,318.800,320.750
2023-03-25 00:00:00,320.750,322.170,316.550,321.910
2023-03-25 04:00:00,321.910,322.780,318.300,321.800
2023-03-25 08:00:00,321.810,324.650,321.190,323.340
2023-03-25 12:00:00,323.350,324.240,322.170,323.250
2023-03-25 16:00:00,323.250,324.210,322.040,323.790
2023-03-25 20:00:00,323.790,324.820,322.530,323.900
2023-03-26 00:00:00,323.900,324.240,318.860,319.430
2023-03-26 04:00:00,319.420,322.670,319.040,322.110
2023-03-26 08:00:00,322.100,323.860,321.510,323.150
2023-03-26 12:00:00,323.150,324.150,322.920,323.780
2023-03-26 16:00:00,323.790,327.350,323.540,327.150
2023-03-26 20:00:00,327.140,328.360,325.180,326.610
2023-03-27 00:00:00,326.610,327.990,325.460,327.610
2023-03-27 04:00:00,327.620,329.140,326.000,328.280
2023-03-27 08:00:00,328.280,328.940,326.710,327.720
2023-03-27 12:00:00,327.710,328.260,325.350,325.880
2023-03-27 16:00:00,325.880,328.650,325.450,328.340
2023-03-27 20:00:00,328.350,329.650,310.480,313.940
2023-03-28 00:00:00,313.930,315.480,305.510,305.910
2023-03-28 04:00:00,305.920,311.670,305.460,310.200
2023-03-28 08:00:00,310.190,312.400,307.400,307.580
2023-03-28 12:00:00,307.590,311.600,306.620,308.880
2023-03-28 16:00:00,308.860,311.750,307.260,311.230
2023-03-28 20:00:00,311.250,312.300,308.670,311.130
2023-03-29 00:00:00,311.130,315.850,309.720,314.390
2023-03-29 04:00:00,314.390,314.690,311.450,313.170
2023-03-29 08:00:00,313.180,315.240,312.540,313.390
2023-03-29 12:00:00,313.380,316.850,312.290,316.270
2023-03-29 16:00:00,316.260,320.000,316.080,317.640
2023-03-29 20:00:00,317.640,317.800,313.970,316.320
2023-03-30 00:00:00,316.320,316.470,314.800,316.000
2023-03-30 04:00:00,316.010,316.450,312.630,313.620
2023-03-30 08:00:00,313.620,318.310,308.500,312.970
2023-03-30 12:00:00,312.980,321.000,312.000,315.430
2023-03-30 16:00:00,315.430,317.700,313.540,317.080
2023-03-30 20:00:00,317.080,317.550,314.720,315.700
2023-03-31 00:00:00,315.700,316.000,312.870,315.730
2023-03-31 04:00:00,315.760,317.170,315.030,316.050
2023-03-31 08:00:00,316.040,317.930,315.320,316.270
2023-03-31 12:00:00,316.260,316.640,312.500,313.730
2023-03-31 16:00:00,313.720,316.980,313.540,315.760
2023-03-31 20:00:00,315.770,319.800,314.830,316.320
2023-04-01 00:00:00,316.310,317.720,315.960,316.140
2023-04-01 04:00:00,316.130,317.380,314.790,316.740
2023-04-01 08:00:00,316.730,318.310,315.120,315.160
2023-04-01 12:00:00,315.160,316.370,313.640,314.160
2023-04-01 16:00:00,314.150,314.940,314.000,314.180
2023-04-01 20:00:00,314.170,314.700,313.280,313.550
2023-04-02 00:00:00,313.560,314.760,312.600,314.270
2023-04-02 04:00:00,314.260,315.530,313.950,314.720
2023-04-02 08:00:00,314.730,315.570,313.630,315.450
2023-04-02 12:00:00,315.450,315.970,315.000,315.210
2023-04-02 16:00:00,315.210,315.340,314.200,314.650
2023-04-02 20:00:00,314.650,314.780,311.660,313.010
2023-04-03 00:00:00,313.010,313.910,310.360,311.420
2023-04-03 04:00:00,311.410,313.770,311.000,313.570
2023-04-03 08:00:00,313.570,313.880,309.060,309.510
2023-04-03 12:00:00,309.510,311.000,308.600,310.850
2023-04-03 16:00:00,310.860,313.710,310.840,311.850
2023-04-03 20:00:00,311.860,312.760,308.620,310.300
2023-04-04 00:00:00,310.290,312.000,308.100,311.170
2023-04-04 04:00:00,311.170,311.260,297.430,308.470
2023-04-04 08:00:00,308.470,310.180,307.810,309.530
2023-04-04 12:00:00,309.540,311.000,308.820,309.640
2023-04-04 16:00:00,309.640,311.770,309.500,310.980
2023-04-04 20:00:00,310.990,313.210,310.310,311.040
2023-04-05 00:00:00,311.030,311.400,310.320,311.310
2023-04-05 04:00:00,311.310,311.750,310.230,310.730
2023-04-05 08:00:00,310.720,314.820,310.070,314.400
2023-04-05 12:00:00,314.390,315.910,313.660,314.570
2023-04-05 16:00:00,314.570,315.810,313.880,315.710
2023-04-05 20:00:00,315.720,316.920,310.500,312.080
2023-04-06 00:00:00,312.080,313.970,311.050,313.590
2023-04-06 04:00:00,313.590,314.750,313.430,313.850
2023-04-06 08:00:00,313.850,315.330,311.120,314.060
2023-04-06 12:00:00,314.060,314.550,311.460,312.000
2023-04-06 16:00:00,311.990,312.750,310.000,311.960
2023-04-06 20:00:00,311.960,313.220,311.280,313.000
2023-04-07 00:00:00,313.000,313.560,312.040,312.520
2023-04-07 04:00:00,312.510,312.930,311.730,312.040
2023-04-07 08:00:00,312.040,312.600,310.530,311.650
2023-04-07 12:00:00,311.640,311.850,309.120,309.910
2023-04-07 16:00:00,309.910,310.640,309.250,310.210
2023-04-07 20:00:00,310.220,311.140,309.660,310.870
2023-04-08 00:00:00,310.870,311.730,310.220,310.530
2023-04-08 04:00:00,310.530,311.350,309.910,310.270
2023-04-08 08:00:00,310.260,311.950,309.890,311.430
2023-04-08 12:00:00,311.440,312.340,311.250,311.820
2023-04-08 16:00:00,311.820,312.310,311.390,311.610
2023-04-08 20:00:00,311.600,312.150,311.380,312.130
2023-04-09 00:00:00,312.130,312.640,310.000,310.660
2023-04-09 04:00:00,310.670,310.950,310.000,310.370
2023-04-09 08:00:00,310.370,312.000,310.260,311.090
2023-04-09 12:00:00,311.090,311.300,309.400,309.820
2023-04-09 16:00:00,309.820,310.440,309.280,310.380
2023-04-09 20:00:00,310.380,310.810,309.700,310.310
2023-04-10 00:00:00,310.320,312.320,309.980,311.820
2023-04-10 04:00:00,311.820,313.810,311.680,312.600
2023-04-10 08:00:00,312.620,312.900,311.770,312.710
2023-04-10 12:00:00,312.710,313.200,312.320,312.910
2023-04-10 16:00:00,312.910,313.290,312.430,312.610
2023-04-10 20:00:00,312.620,312.680,311.560,312.000
2023-04-11 00:00:00,312.000,315.190,311.800,313.580
2023-04-11 04:00:00,313.580,318.570,312.530,318.500
2023-04-11 08:00:00,318.510,328.500,317.760,327.770
2023-04-11 12:00:00,327.770,333.750,325.900,331.580
2023-04-11 16:00:00,331.580,332.160,329.260,329.600
2023-04-11 20:00:00,329.600,331.370,328.390,329.230
2023-04-12 00:00:00,329.240,329.320,323.850,325.070
2023-04-12 04:00:00,325.080,325.590,322.230,322.570
2023-04-12 08:00:00,322.560,323.600,316.740,317.370
2023-04-12 12:00:00,317.380,319.870,317.170,319.160
2023-04-12 16:00:00,319.150,319.450,317.930,318.400
2023-04-12 20:00:00,318.410,321.880,317.640,319.440
2023-04-13 00:00:00,319.450,320.570,318.000,318.830
2023-04-13 04:00:00,318.880,320.750,318.850,320.020
2023-04-13 08:00:00,320.020,320.460,318.810,319.980
2023-04-13 12:00:00,319.980,320.280,317.810,319.390
2023-04-13 16:00:00,319.390,324.990,319.380,323.880
2023-04-13 20:00:00,323.880,324.860,322.070,323.670
2023-04-14 00:00:00,323.650,324.900,323.140,324.750
2023-04-14 04:00:00,324.750,325.040,323.650,324.840
2023-04-14 08:00:00,324.830,332.770,324.230,331.450
2023-04-14 12:00:00,331.450,336.140,331.450,333.820
2023-04-14 16:00:00,333.820,334.770,332.260,333.680
2023-04-14 20:00:00,333.680,334.770,325.100,325.970
2023-04-15 00:00:00,325.960,329.280,323.190,329.270
2023-04-15 04:00:00,329.270,330.420,328.170,328.820
2023-04-15 08:00:00,328.810,329.900,327.100,329.060
2023-04-15 12:00:00,329.050,331.120,328.290,330.910
2023-04-15 16:00:00,330.920,335.110,330.580,333.730
2023-04-15 20:00:00,333.730,336.830,331.220,334.330
2023-04-16 00:00:00,334.330,334.560,331.290,332.620
2023-04-16 04:00:00,332.620,335.170,331.870,333.330
2023-04-16 08:00:00,333.320,334.330,330.000,332.340
2023-04-16 12:00:00,332.340,334.580,332.190,334.010
2023-04-16 16:00:00,334.020,336.870,332.770,334.750
2023-04-16 20:00:00,334.740,348.640,334.740,346.270
2023-04-17 00:00:00,346.270,351.600,345.680,347.890
2023-04-17 04:00:00,347.890,350.230,346.430,347.850
2023-04-17 08:00:00,347.860,350.600,342.440,349.060
2023-04-17 12:00:00,349.060,349.250,343.830,345.030
2023-04-17 16:00:00,345.020,346.140,339.210,342.240
2023-04-17 20:00:00,342.250,343.380,337.520,339.050
2023-04-18 00:00:00,339.060,343.160,338.390,342.100
2023-04-18 04:00:00,342.090,342.790,339.550,340.250
2023-04-18 08:00:00,340.260,341.000,337.000,340.170
2023-04-18 12:00:00,340.170,345.960,339.750,344.570
2023-04-18 16:00:00,344.570,346.720,343.220,346.140
2023-04-18 20:00:00,346.140,346.660,341.580,342.770
2023-04-19 00:00:00,342.780,343.260,340.350,341.430
2023-04-19 04:00:00,341.390,343.700,340.820,343.270
2023-04-19 08:00:00,343.270,343.990,341.160,341.730
2023-04-19 12:00:00,341.730,341.740,334.860,337.100
2023-04-19 16:00:00,337.100,337.120,324.030,326.970
2023-04-19 20:00:00,326.980,329.910,325.540,326.700
2023-04-20 00:00:00,326.700,328.180,324.330,325.130
2023-04-20 04:00:00,325.130,325.900,319.630,322.370
2023-04-20 08:00:00,322.370,325.990,320.950,324.230
2023-04-20 12:00:00,324.230,326.490,324.130,324.550
2023-04-20 16:00:00,324.550,326.460,323.240,323.280
2023-04-20 20:00:00,323.290,326.820,322.340,322.710
2023-04-21 00:00:00,322.700,323.080,315.140,316.870
2023-04-21 04:00:00,316.860,319.370,315.810,317.990
2023-04-21 08:00:00,317.990,319.730,317.260,319.590
2023-04-21 12:00:00,319.590,337.100,315.380,329.850
2023-04-21 16:00:00,329.850,332.190,324.000,326.480
2023-04-21 20:00:00,326.480,328.800,324.830,327.380
2023-04-22 00:00:00,327.380,327.770,316.660,317.900
2023-04-22 04:00:00,317.890,322.600,316.450,321.080
2023-04-22 08:00:00,321.080,322.400,319.460,322.290
2023-04-22 12:00:00,322.280,323.690,321.620,321.910
2023-04-22 16:00:00,321.900,326.000,321.900,325.690
2023-04-22 20:00:00,325.680,330.000,325.680,327.750
2023-04-23 00:00:00,327.760,331.290,327.640,329.260
2023-04-23 04:00:00,329.270,333.960,329.260,331.820
2023-04-23 08:00:00,331.830,331.970,328.310,330.060
2023-04-23 12:00:00,330.060,331.100,328.570,330.170
2023-04-23 16:00:00,330.170,331.300,329.200,330.790
2023-04-23 20:00:00,330.820,331.780,327.100,328.220
2023-04-24 00:00:00,328.210,330.450,326.800,328.110
2023-04-24 04:00:00,328.120,330.540,327.010,330.380
2023-04-24 08:00:00,330.380,333.490,328.820,331.500
2023-04-24 12:00:00,331.500,332.190,327.660,329.200
2023-04-24 16:00:00,329.190,330.890,327.500,330.820
2023-04-24 20:00:00,330.830,333.360,329.210,329.460
2023-04-25 00:00:00,329.470,331.780,326.210,331.610
2023-04-25 04:00:00,331.610,332.320,330.400,330.750
2023-04-25 08:00:00,330.750,331.880,329.070,330.000
2023-04-25 12:00:00,330.010,331.340,328.180,328.740
2023-04-25 16:00:00,328.740,330.770,327.990,330.370
2023-04-25 20:00:00,330.360,332.280,328.060,331.890
2023-04-26 00:00:00,331.900,333.450,330.800,332.660
2023-04-26 04:00:00,332.650,340.640,332.500,338.040
2023-04-26 08:00:00,338.030,339.340,336.890,337.800
2023-04-26 12:00:00,337.800,339.170,335.700,336.270
2023-04-26 16:00:00,336.260,339.170,336.150,337.840
2023-04-26 20:00:00,337.840,345.070,337.700,341.940
2023-04-27 00:00:00,341.950,342.480,326.520,326.860
2023-04-27 04:00:00,326.860,330.930,321.630,330.400
2023-04-27 08:00:00,330.390,335.990,329.490,331.480
2023-04-27 12:00:00,331.480,334.100,329.660,330.620
2023-04-27 16:00:00,330.630,331.400,329.500,329.760
2023-04-27 20:00:00,329.750,333.410,327.000,331.500
2023-04-28 00:00:00,331.510,335.940,330.350,334.700
2023-04-28 04:00:00,334.690,335.440,330.130,330.400
2023-04-28 08:00:00,330.390,330.390,325.000,326.380
2023-04-28 12:00:00,326.370,327.200,323.280,325.130
2023-04-28 16:00:00,325.140,325.190,317.490,321.890
2023-04-28 20:00:00,321.890,325.000,320.260,321.280
2023-04-29 00:00:00,321.270,323.720,321.160,323.170
2023-04-29 04:00:00,323.160,324.680,323.150,323.810
2023-04-29 08:00:00,323.810,324.220,321.580,323.720
2023-04-29 12:00:00,323.720,324.580,322.260,323.240
2023-04-29 16:00:00,323.250,323.590,322.040,322.470
2023-04-29 20:00:00,322.470,323.780,321.950,322.520
2023-04-30 00:00:00,322.530,323.250,320.560,322.560
2023-04-30 04:00:00,322.560,322.570,321.320,321.740
2023-04-30 08:00:00,321.740,321.750,320.280,320.640
2023-04-30 12:00:00,320.630,322.400,320.370,321.450
2023-04-30 16:00:00,321.460,322.530,321.430,321.530
2023-04-30 20:00:00,321.520,325.460,321.230,323.980
2023-05-01 00:00:00,323.970,336.350,323.970,335.470
2023-05-01 04:00:00,335.480,337.780,332.160,336.840
2023-05-01 08:00:00,336.850,338.340,332.070,333.870
2023-05-01 12:00:00,333.870,335.100,331.000,333.620
2023-05-01 16:00:00,333.610,335.280,332.870,334.260
2023-05-01 20:00:00,334.270,335.220,329.250,330.090
2023-05-02 00:00:00,330.090,330.660,325.340,326.140
2023-05-02 04:00:00,326.140,328.820,325.850,328.190
2023-05-02 08:00:00,328.190,328.190,324.450,325.150
2023-05-02 12:00:00,325.140,325.150,322.360,323.580
2023-05-02 16:00:00,323.580,324.400,322.570,324.150
2023-05-02 20:00:00,324.140,325.610,321.370,324.600
2023-05-03 00:00:00,324.590,325.590,323.350,324.290
2023-05-03 04:00:00,324.280,324.500,320.600,321.590
2023-05-03 08:00:00,321.600,324.650,321.120,323.940
2023-05-03 12:00:00,323.930,324.180,322.320,323.140
2023-05-03 16:00:00,323.130,323.880,321.850,322.020
2023-05-03 20:00:00,322.030,323.280,320.390,322.780
2023-05-04 00:00:00,322.790,325.450,321.930,323.130
2023-05-04 04:00:00,323.130,327.360,322.650,325.740
2023-05-04 08:00:00,325.750,327.300,324.860,326.110
2023-05-04 12:00:00,326.110,326.840,325.200,325.230
2023-05-04 16:00:00,325.250,327.340,325.090,325.680
2023-05-04 20:00:00,325.690,326.600,323.860,324.460
2023-05-05 00:00:00,324.470,325.320,323.230,324.060
2023-05-05 04:00:00,324.060,324.390,323.040,323.690
2023-05-05 08:00:00,323.680,326.500,323.530,324.920
2023-05-05 12:00:00,324.950,325.860,324.080,324.220
2023-05-05 16:00:00,324.230,325.500,324.000,325.330
2023-05-05 20:00:00,325.340,327.230,322.000,326.770
2023-05-06 00:00:00,326.760,328.800,326.340,327.700
2023-05-06 04:00:00,327.710,327.840,324.490,326.330
2023-05-06 08:00:00,326.340,328.280,324.850,325.410
2023-05-06 12:00:00,325.400,325.920,324.530,324.800
2023-05-06 16:00:00,324.810,325.010,323.000,324.940
2023-05-06 20:00:00,324.940,324.990,318.960,319.980
2023-05-07 00:00:00,319.980,323.670,319.490,322.940
2023-05-07 04:00:00,322.950,323.430,321.470,321.750
2023-05-07 08:00:00,321.760,323.540,321.240,322.460
2023-05-07 12:00:00,322.470,323.800,322.460,323.670
2023-05-07 16:00:00,323.660,324.120,322.740,323.200
2023-05-07 20:00:00,323.200,325.150,323.190,324.180
2023-05-08 00:00:00,324.180,324.580,322.620,323.420
2023-05-08 04:00:00,323.420,323.930,320.440,320.970
2023-05-08 08:00:00,320.970,321.960,315.570,318.240
2023-05-08 12:00:00,318.240,318.520,315.000,316.320
2023-05-08 16:00:00,316.310,317.610,313.840,317.340
2023-05-08 20:00:00,317.340,317.790,315.570,317.560
2023-05-09 00:00:00,317.560,317.940,310.000,311.490
2023-05-09 04:00:00,311.500,313.650,311.040,313.550
2023-05-09 08:00:00,313.550,315.250,313.000,313.800
2023-05-09 12:00:00,313.800,315.240,312.380,315.140
2023-05-09 16:00:00,315.130,315.290,313.210,314.240
2023-05-09 20:00:00,314.230,314.930,311.560,312.040
2023-05-10 00:00:00,312.040,314.200,311.360,312.550
2023-05-10 04:00:00,312.540,313.050,311.000,311.910
2023-05-10 08:00:00,311.910,313.860,311.870,312.320
2023-05-10 12:00:00,312.320,313.550,311.060,311.470
2023-05-10 16:00:00,311.470,311.810,310.280,311.570
2023-05-10 20:00:00,311.580,316.400,310.870,314.660
2023-05-11 00:00:00,314.660,315.420,306.400,314.410
2023-05-11 04:00:00,314.400,316.560,313.080,314.160
2023-05-11 08:00:00,314.160,314.260,312.010,312.040
2023-05-11 12:00:00,312.040,312.470,310.560,310.870
2023-05-11 16:00:00,310.870,312.150,309.160,311.710
2023-05-11 20:00:00,311.710,313.510,307.720,309.250
2023-05-12 00:00:00,309.250,309.860,303.990,305.790
2023-05-12 04:00:00,305.800,308.010,305.420,307.270
2023-05-12 08:00:00,307.270,308.920,303.750,304.180
2023-05-12 12:00:00,304.180,306.390,301.000,303.740
2023-05-12 16:00:00,303.750,305.860,303.010,305.180
2023-05-12 20:00:00,305.180,306.910,304.520,305.120
2023-05-13 00:00:00,305.120,306.260,301.200,306.120
2023-05-13 04:00:00,306.130,308.550,305.010,308.320
2023-05-13 08:00:00,308.310,310.250,307.260,309.650
2023-05-13 12:00:00,309.660,310.390,309.220,309.980
2023-05-13 16:00:00,309.990,310.670,309.430,310.550
2023-05-13 20:00:00,310.550,311.120,308.580,309.560
2023-05-14 00:00:00,309.560,310.620,308.830,309.570
2023-05-14 04:00:00,309.570,311.760,309.570,310.620
2023-05-14 08:00:00,310.610,311.460,309.410,311.240
2023-05-14 12:00:00,311.240,313.340,311.220,312.860
2023-05-14 16:00:00,312.850,312.990,311.570,311.800
2023-05-14 20:00:00,311.810,314.840,311.530,313.840
2023-05-15 00:00:00,313.840,314.210,310.650,310.930
2023-05-15 04:00:00,310.920,311.930,310.550,311.920
2023-05-15 08:00:00,311.910,314.440,310.300,313.750
2023-05-15 12:00:00,313.750,315.900,313.330,315.380
2023-05-15 16:00:00,315.390,315.870,314.700,314.770
2023-05-15 20:00:00,314.770,315.840,313.510,314.920
2023-05-16 00:00:00,314.920,316.400,312.900,313.720
2023-05-16 04:00:00,313.730,314.140,313.100,313.250
2023-05-16 08:00:00,313.260,313.860,310.520,312.490
2023-05-16 12:00:00,312.480,313.150,311.460,312.900
2023-05-16 16:00:00,312.900,313.290,310.310,310.440
2023-05-16 20:00:00,310.440,310.790,309.120,310.670
2023-05-17 00:00:00,310.670,311.300,309.770,309.960
2023-05-17 04:00:00,309.950,311.740,309.670,311.230
2023-05-17 08:00:00,311.220,312.890,310.720,312.120
2023-05-17 12:00:00,312.120,312.550,308.740,309.440
2023-05-17 16:00:00,309.440,310.000,307.600,307.960
2023-05-17 20:00:00,307.960,309.270,306.720,308.740
2023-05-18 00:00:00,308.740,314.170,308.380,313.610
2023-05-18 04:00:00,313.620,314.410,312.890,314.290
2023-05-18 08:00:00,314.290,314.820,313.320,314.550
2023-05-18 12:00:00,314.540,314.680,312.190,313.190
2023-05-18 16:00:00,313.190,315.180,312.720,314.190
2023-05-18 20:00:00,314.200,314.380,311.000,311.250
2023-05-19 00:00:00,311.250,311.500,305.940,307.840
2023-05-19 04:00:00,307.850,310.590,307.500,309.140
2023-05-19 08:00:00,309.150,309.250,307.000,309.160
2023-05-19 12:00:00,309.160,310.380,308.600,309.810
2023-05-19 16:00:00,309.820,310.310,308.770,309.050
2023-05-19 20:00:00,309.060,311.420,308.230,309.680
2023-05-20 00:00:00,309.670,309.920,307.820,308.110
2023-05-20 04:00:00,308.120,308.890,307.650,308.740
2023-05-20 08:00:00,308.730,308.830,307.710,308.430
2023-05-20 12:00:00,308.430,308.480,307.690,308.010
2023-05-20 16:00:00,308.010,309.310,308.010,309.060
2023-05-20 20:00:00,309.060,310.160,308.900,310.010
2023-05-21 00:00:00,310.000,312.090,309.830,311.100
2023-05-21 04:00:00,311.110,311.460,310.000,310.700
2023-05-21 08:00:00,310.690,311.600,310.100,310.510
2023-05-21 12:00:00,310.500,311.550,310.230,311.430
2023-05-21 16:00:00,311.430,311.690,309.320,309.500
2023-05-21 20:00:00,309.510,310.480,308.640,309.380
2023-05-22 00:00:00,309.370,309.720,308.520,308.730
2023-05-22 04:00:00,308.730,308.900,305.550,306.360
2023-05-22 08:00:00,306.350,307.130,304.220,305.580
2023-05-22 12:00:00,305.590,307.620,305.500,307.390
2023-05-22 16:00:00,307.390,309.260,307.310,308.800
2023-05-22 20:00:00,308.810,311.430,308.190,309.580
2023-05-23 00:00:00,309.580,310.990,309.560,310.240
2023-05-23 04:00:00,310.240,310.770,309.160,309.170
2023-05-23 08:00:00,309.170,315.640,309.150,314.810
2023-05-23 12:00:00,314.820,315.600,312.500,313.580
2023-05-23 16:00:00,313.590,314.310,313.000,313.950
2023-05-23 20:00:00,313.940,314.770,312.800,314.650
2023-05-24 00:00:00,314.640,314.760,312.320,312.800
2023-05-24 04:00:00,312.810,313.920,312.720,313.500
2023-05-24 08:00:00,313.500,313.620,308.030,309.000
2023-05-24 12:00:00,308.990,309.390,307.500,307.840
2023-05-24 16:00:00,307.850,309.280,307.820,308.780
2023-05-24 20:00:00,308.790,309.150,303.660,306.200
2023-05-25 00:00:00,306.200,306.220,304.910,305.470
2023-05-25 04:00:00,305.470,306.620,305.100,305.900
2023-05-25 08:00:00,305.900,306.380,302.130,304.420
2023-05-25 12:00:00,304.410,306.510,303.930,304.610
2023-05-25 16:00:00,304.620,306.000,304.480,305.760
2023-05-25 20:00:00,305.770,307.030,303.380,304.080
2023-05-26 00:00:00,304.070,305.940,303.430,305.050
2023-05-26 04:00:00,305.050,305.630,304.270,304.710
2023-05-26 08:00:00,304.720,304.910,302.260,303.420
2023-05-26 12:00:00,303.410,307.430,301.250,305.560
2023-05-26 16:00:00,305.560,307.180,305.040,306.370
2023-05-26 20:00:00,306.370,308.540,305.400,307.460
2023-05-27 00:00:00,307.470,307.530,305.540,306.930
2023-05-27 04:00:00,306.940,307.450,306.650,306.810
2023-05-27 08:00:00,306.800,307.430,306.250,307.110
2023-05-27 12:00:00,307.120,307.570,306.140,306.300
2023-05-27 16:00:00,306.300,306.320,305.040,305.190
2023-05-27 20:00:00,305.180,305.570,304.010,304.920
2023-05-28 00:00:00,304.920,305.320,304.200,305.290
2023-05-28 04:00:00,305.300,307.900,305.290,307.550
2023-05-28 08:00:00,307.560,309.750,306.860,308.880
2023-05-28 12:00:00,308.880,309.240,307.770,308.050
2023-05-28 16:00:00,308.060,308.550,307.000,307.760
2023-05-28 20:00:00,307.750,308.160,307.190,308.120
2023-05-29 00:00:00,308.110,310.250,307.770,309.290
2023-05-29 04:00:00,309.290,314.950,308.950,314.360
2023-05-29 08:00:00,314.360,316.520,314.350,315.030
2023-05-29 12:00:00,315.030,316.070,313.750,314.630
2023-05-29 16:00:00,314.640,317.720,313.400,315.410
2023-05-29 20:00:00,315.410,317.180,313.100,313.350
2023-05-30 00:00:00,313.350,313.950,311.760,311.890
2023-05-30 04:00:00,311.890,312.450,310.650,311.980
2023-05-30 08:00:00,311.970,313.470,311.060,312.790
2023-05-30 12:00:00,312.790,313.360,311.600,312.240
2023-05-30 16:00:00,312.230,314.530,311.970,314.090
2023-05-30 20:00:00,314.090,314.130,311.200,312.000
2023-05-31 00:00:00,312.000,313.400,310.870,313.000
2023-05-31 04:00:00,313.010,313.340,311.490,311.540
2023-05-31 08:00:00,311.530,311.950,310.140,310.730
2023-05-31 12:00:00,310.720,310.780,305.500,306.980
2023-05-31 16:00:00,306.990,307.650,306.490,306.700
2023-05-31 20:00:00,306.700,307.540,305.090,305.490
2023-06-01 00:00:00,305.500,306.740,305.240,305.870
2023-06-01 04:00:00,305.870,307.290,305.350,306.900
2023-06-01 08:00:00,306.890,307.860,303.200,304.900
2023-06-01 12:00:00,304.900,305.030,303.470,304.180
2023-06-01 16:00:00,304.180,305.320,303.740,304.830
2023-06-01 20:00:00,304.830,305.380,304.320,305.030
2023-06-02 00:00:00,305.040,306.710,303.520,304.930
2023-06-02 04:00:00,304.930,306.030,304.110,305.120
2023-06-02 08:00:00,305.110,307.250,303.220,306.840
2023-06-02 12:00:00,306.840,308.630,306.690,307.140
2023-06-02 16:00:00,307.150,308.120,307.110,307.490
2023-06-02 20:00:00,307.490,307.580,304.930,306.240
2023-06-03 00:00:00,306.250,308.500,306.050,308.160
2023-06-03 04:00:00,308.150,308.410,307.030,307.390
2023-06-03 08:00:00,307.380,307.440,305.960,306.370
2023-06-03 12:00:00,306.380,306.890,305.100,306.110
2023-06-03 16:00:00,306.110,306.750,305.740,306.520
2023-06-03 20:00:00,306.510,308.120,306.480,308.080
2023-06-04 00:00:00,308.080,308.450,305.880,306.330
2023-06-04 04:00:00,306.330,306.820,305.610,306.730
2023-06-04 08:00:00,306.740,307.000,305.830,306.120
2023-06-04 12:00:00,306.120,307.000,305.900,306.940
2023-06-04 16:00:00,306.940,307.820,306.900,306.900
2023-06-04 20:00:00,306.900,307.790,306.710,306.720
2023-06-05 00:00:00,306.720,306.820,305.910,306.400
2023-06-05 04:00:00,306.400,307.690,304.650,305.230
2023-06-05 08:00:00,305.230,305.230,300.590,301.280
2023-06-05 12:00:00,301.280,301.480,298.240,301.070
2023-06-05 16:00:00,301.070,301.320,300.300,300.900
2023-06-05 20:00:00,300.900,300.900,275.200,275.660
2023-06-06 00:00:00,275.750,283.430,271.510,276.510
2023-06-06 04:00:00,276.510,277.160,271.880,277.000
2023-06-06 08:00:00,277.010,279.430,273.260,276.150
2023-06-06 12:00:00,276.160,277.990,275.800,277.270
2023-06-06 16:00:00,277.270,279.910,276.530,278.000
2023-06-06 20:00:00,278.000,281.260,273.040,278.880
2023-06-07 00:00:00,278.870,285.870,278.700,285.250
2023-06-07 04:00:00,285.260,285.600,280.420,281.180
2023-06-07 08:00:00,281.180,281.810,277.450,278.770
2023-06-07 12:00:00,278.780,279.200,276.460,276.820
2023-06-07 16:00:00,276.820,277.600,267.530,274.460
2023-06-07 20:00:00,274.460,274.660,253.390,258.910
2023-06-08 00:00:00,258.910,264.030,255.030,260.900
2023-06-08 04:00:00,260.900,261.200,257.250,259.220
2023-06-08 08:00:00,259.210,262.990,257.040,258.730
2023-06-08 12:00:00,258.730,262.460,258.360,260.820
2023-06-08 16:00:00,260.820,267.250,260.260,264.870
2023-06-08 20:00:00,264.870,267.750,263.440,265.180
2023-06-09 00:00:00,265.170,265.370,261.050,264.270
2023-06-09 04:00:00,264.260,265.260,261.510,261.960
2023-06-09 08:00:00,261.960,263.000,257.430,260.180
2023-06-09 12:00:00,260.180,261.330,255.470,258.300
2023-06-09 16:00:00,258.300,261.580,257.400,260.730
2023-06-09 20:00:00,260.730,264.770,260.700,261.170
2023-06-10 00:00:00,261.170,262.930,259.160,259.200
2023-06-10 04:00:00,259.210,262.500,259.120,260.780
2023-06-10 08:00:00,260.770,260.930,249.150,249.860
2023-06-10 12:00:00,249.870,249.940,225.000,234.800
2023-06-10 16:00:00,234.810,239.520,234.550,238.750
2023-06-10 20:00:00,238.750,238.750,234.620,235.160
2023-06-11 00:00:00,235.170,242.100,233.050,238.520
2023-06-11 04:00:00,238.520,240.180,236.510,238.740
2023-06-11 08:00:00,238.750,239.110,236.000,236.450
2023-06-11 12:00:00,236.440,237.320,234.240,236.680
2023-06-11 16:00:00,236.680,237.440,234.500,236.470
2023-06-11 20:00:00,236.460,236.620,232.910,234.670
2023-06-12 00:00:00,234.660,238.380,234.400,236.980
2023-06-12 04:00:00,236.980,238.460,233.680,235.190
2023-06-12 08:00:00,235.190,235.630,222.010,226.020
2023-06-12 12:00:00,226.020,229.400,222.000,223.670
2023-06-12 16:00:00,223.670,239.470,220.000,233.350
2023-06-12 20:00:00,233.360,233.730,229.100,230.970
2023-06-13 00:00:00,230.980,234.400,227.050,228.190
2023-06-13 04:00:00,228.180,232.950,228.110,231.230
2023-06-13 08:00:00,231.230,235.850,228.430,233.470
2023-06-13 12:00:00,233.460,235.850,231.680,235.050
2023-06-13 16:00:00,235.050,248.500,234.200,243.390
2023-06-13 20:00:00,243.400,247.050,234.370,234.860
2023-06-14 00:00:00,234.850,239.600,234.110,237.740
2023-06-14 04:00:00,237.760,245.000,236.630,243.920
2023-06-14 08:00:00,243.920,251.910,243.230,250.510
2023-06-14 12:00:00,250.510,252.970,245.100,246.760
2023-06-14 16:00:00,246.760,249.750,246.120,248.110
2023-06-14 20:00:00,248.100,249.420,243.660,246.020
2023-06-15 00:00:00,246.020,247.990,243.000,243.960
2023-06-15 04:00:00,243.960,244.230,232.320,237.780
2023-06-15 08:00:00,237.780,240.750,236.660,237.510
2023-06-15 12:00:00,237.510,237.590,234.290,236.430
2023-06-15 16:00:00,236.420,237.750,230.300,234.060
2023-06-15 20:00:00,234.070,235.080,231.420,232.590
2023-06-16 00:00:00,232.590,237.780,231.100,236.580
2023-06-16 04:00:00,236.580,238.970,234.450,236.330
2023-06-16 08:00:00,236.340,238.460,234.710,237.860
2023-06-16 12:00:00,237.850,239.630,237.290,239.230
2023-06-16 16:00:00,239.240,240.680,231.770,233.650
2023-06-16 20:00:00,233.650,239.160,233.050,238.360
2023-06-17 00:00:00,238.360,244.000,236.870,239.750
2023-06-17 04:00:00,239.760,240.650,238.500,239.170
2023-06-17 08:00:00,239.160,240.480,237.120,239.500
2023-06-17 12:00:00,239.500,249.820,239.200,246.570
2023-06-17 16:00:00,246.580,247.530,244.670,244.970
2023-06-17 20:00:00,244.960,246.290,242.600,243.120
2023-06-18 00:00:00,243.120,246.540,242.250,244.910
2023-06-18 04:00:00,244.900,246.150,244.250,244.440
2023-06-18 08:00:00,244.440,245.570,242.110,244.500
2023-06-18 12:00:00,244.490,247.620,244.040,245.690
2023-06-18 16:00:00,245.700,248.770,245.510,246.590
2023-06-18 20:00:00,246.600,247.620,245.600,247.040
2023-06-19 00:00:00,247.050,247.770,245.510,246.460
2023-06-19 04:00:00,246.450,246.680,242.520,244.010
2023-06-19 08:00:00,244.010,244.660,241.090,243.100
2023-06-19 12:00:00,243.100,244.170,242.410,243.360
2023-06-19 16:00:00,243.360,243.560,241.700,242.960
2023-06-19 20:00:00,242.960,243.900,240.270,241.320
2023-06-20 00:00:00,241.330,245.250,237.350,241.470
2023-06-20 04:00:00,241.480,243.380,241.350,243.020
2023-06-20 08:00:00,243.030,245.100,241.880,241.890
2023-06-20 12:00:00,241.900,243.210,240.430,241.270
2023-06-20 16:00:00,241.270,241.890,239.740,241.660
2023-06-20 20:00:00,241.650,241.970,238.400,240.230
2023-06-21 00:00:00,240.230,244.800,239.750,243.840
2023-06-21 04:00:00,243.840,248.260,243.150,247.930
2023-06-21 08:00:00,247.940,254.950,247.080,251.740
2023-06-21 12:00:00,251.750,252.550,249.000,249.480
2023-06-21 16:00:00,249.490,249.600,245.280,247.630
2023-06-21 20:00:00,247.640,250.950,245.150,249.470
2023-06-22 00:00:00,249.470,253.790,248.010,249.000
2023-06-22 04:00:00,249.000,251.070,247.290,248.940
2023-06-22 08:00:00,248.940,257.190,248.730,254.610
2023-06-22 12:00:00,254.620,254.780,250.090,252.570
2023-06-22 16:00:00,252.580,253.900,246.010,247.050
2023-06-22 20:00:00,247.040,248.840,241.010,243.790
2023-06-23 00:00:00,243.780,245.490,242.770,245.040
2023-06-23 04:00:00,245.040,245.240,239.240,240.910
2023-06-23 08:00:00,240.920,242.640,239.710,241.930
2023-06-23 12:00:00,241.930,244.400,241.920,243.610
2023-06-23 16:00:00,243.620,244.640,242.500,243.860
2023-06-23 20:00:00,243.860,248.750,241.060,247.800
2023-06-24 00:00:00,247.790,250.000,244.410,246.100
2023-06-24 04:00:00,246.100,247.500,243.300,244.530
2023-06-24 08:00:00,244.530,246.720,243.300,246.340
2023-06-24 12:00:00,246.340,248.820,245.360,245.520
2023-06-24 16:00:00,245.520,246.730,244.580,244.870
2023-06-24 20:00:00,244.870,246.190,229.000,232.860
2023-06-25 00:00:00,232.860,237.460,230.080,236.800
2023-06-25 04:00:00,236.790,237.170,233.610,236.330
2023-06-25 08:00:00,236.330,239.330,234.950,239.110
2023-06-25 12:00:00,239.120,241.760,237.190,240.890
2023-06-25 16:00:00,240.890,242.280,238.690,240.280
2023-06-25 20:00:00,240.260,240.490,237.240,239.510
2023-06-26 00:00:00,239.510,240.220,236.510,238.130
2023-06-26 04:00:00,238.140,239.470,236.780,238.970
2023-06-26 08:00:00,238.960,239.550,233.610,236.510
2023-06-26 12:00:00,236.510,238.810,234.870,237.740
2023-06-26 16:00:00,237.740,238.960,235.730,238.100
2023-06-26 20:00:00,238.100,241.500,237.240,238.630
2023-06-27 00:00:00,238.620,238.920,233.680,236.450
2023-06-27 04:00:00,236.440,236.660,233.620,236.150
2023-06-27 08:00:00,236.160,238.430,234.540,237.870
2023-06-27 12:00:00,237.880,239.170,236.630,238.770
2023-06-27 16:00:00,238.770,240.180,237.910,239.290
2023-06-27 20:00:00,239.290,241.100,237.350,238.050
2023-06-28 00:00:00,238.050,239.740,237.840,238.890
2023-06-28 04:00:00,238.900,239.300,236.820,237.450
2023-06-28 08:00:00,237.460,237.580,234.140,235.510
2023-06-28 12:00:00,235.510,236.420,230.290,232.640
2023-06-28 16:00:00,232.650,234.430,231.610,233.360
2023-06-28 20:00:00,233.360,236.560,231.170,235.080
2023-06-29 00:00:00,235.090,235.450,221.200,228.200
2023-06-29 04:00:00,228.210,232.520,227.190,230.520
2023-06-29 08:00:00,230.510,233.800,230.360,233.060
2023-06-29 12:00:00,233.070,234.160,232.100,233.360
2023-06-29 16:00:00,233.350,235.600,232.950,235.400
2023-06-29 20:00:00,235.390,236.840,232.440,233.400
2023-06-30 00:00:00,233.400,234.450,232.650,233.850
2023-06-30 04:00:00,233.840,234.030,232.200,233.120
2023-06-30 08:00:00,233.120,238.400,231.590,236.730
2023-06-30 12:00:00,236.740,240.900,236.340,238.740
2023-06-30 16:00:00,238.750,240.970,237.840,240.680
2023-06-30 20:00:00,240.680,241.880,230.300,235.630
2023-07-01 00:00:00,235.630,241.980,234.910,240.590
2023-07-01 04:00:00,240.590,241.520,240.160,240.450
2023-07-01 08:00:00,240.450,246.300,240.360,241.470
2023-07-01 12:00:00,241.470,242.490,240.210,242.190
2023-07-01 16:00:00,242.200,244.650,242.010,243.620
2023-07-01 20:00:00,243.630,249.060,243.030,247.450
2023-07-02 00:00:00,247.440,248.410,245.740,246.640
2023-07-02 04:00:00,246.640,249.540,246.640,247.990
2023-07-02 08:00:00,248.000,248.750,243.180,243.320
2023-07-02 12:00:00,243.330,246.000,243.080,245.810
2023-07-02 16:00:00,245.820,246.480,244.710,245.890
2023-07-02 20:00:00,245.890,246.730,242.830,246.200
2023-07-03 00:00:00,246.200,246.350,243.160,244.860
2023-07-03 04:00:00,244.850,248.000,244.550,246.770
2023-07-03 08:00:00,246.780,248.950,245.870,248.190
2023-07-03 12:00:00,248.190,250.550,246.480,249.760
2023-07-03 16:00:00,249.760,257.680,248.130,248.690
2023-07-03 20:00:00,248.690,250.150,247.410,249.630
2023-07-04 00:00:00,249.620,249.680,246.000,248.000
2023-07-04 04:00:00,247.990,248.350,245.100,246.620
2023-07-04 08:00:00,246.630,246.970,244.370,245.980
2023-07-04 12:00:00,245.980,246.380,244.830,244.920
2023-07-04 16:00:00,244.910,246.060,244.140,245.990
2023-07-04 20:00:00,245.990,246.090,243.070,243.940
2023-07-05 00:00:00,243.950,244.800,240.150,241.360
2023-07-05 04:00:00,241.360,243.220,241.050,242.530
2023-07-05 08:00:00,242.540,243.850,241.690,243.760
2023-07-05 12:00:00,243.760,244.000,243.060,243.240
2023-07-05 16:00:00,243.240,243.270,235.000,237.940
2023-07-05 20:00:00,237.930,238.870,236.630,237.600
2023-07-06 00:00:00,237.610,240.370,237.360,238.490
2023-07-06 04:00:00,238.500,239.620,237.810,238.850
2023-07-06 08:00:00,238.840,240.140,237.590,240.060
2023-07-06 12:00:00,240.060,241.980,239.340,241.550
2023-07-06 16:00:00,241.560,244.440,239.580,240.500
2023-07-06 20:00:00,240.440,240.640,234.280,238.180
2023-07-07 00:00:00,238.190,239.610,236.750,237.620
2023-07-07 04:00:00,237.620,238.100,231.100,231.920
2023-07-07 08:00:00,231.930,234.270,230.510,234.050
2023-07-07 12:00:00,234.060,235.210,232.250,232.970
2023-07-07 16:00:00,232.960,234.120,232.260,233.140
2023-07-07 20:00:00,233.150,236.130,232.500,235.500
2023-07-08 00:00:00,235.510,236.000,233.280,235.080
2023-07-08 04:00:00,235.090,235.820,234.440,235.430
2023-07-08 08:00:00,235.440,237.470,234.880,235.090
2023-07-08 12:00:00,235.100,236.100,234.750,235.830
2023-07-08 16:00:00,235.830,237.370,235.610,236.190
2023-07-08 20:00:00,236.190,236.880,235.660,236.500
2023-07-09 00:00:00,236.510,236.960,233.530,234.800
2023-07-09 04:00:00,234.810,236.230,234.350,236.130
2023-07-09 08:00:00,236.130,236.990,235.530,236.040
2023-07-09 12:00:00,236.050,236.240,234.170,234.490
2023-07-09 16:00:00,234.480,234.980,234.220,234.690
2023-07-09 20:00:00,234.690,235.370,232.580,234.180
2023-07-10 00:00:00,234.170,234.940,233.830,234.670
2023-07-10 04:00:00,234.670,234.780,233.360,233.910
2023-07-10 08:00:00,233.910,234.480,231.000,233.440
2023-07-10 12:00:00,233.440,234.000,232.200,232.510
2023-07-10 16:00:00,232.500,244.850,231.150,241.920
2023-07-10 20:00:00,241.910,245.990,240.930,245.510
2023-07-11 00:00:00,245.520,246.000,243.860,245.890
2023-07-11 04:00:00,245.890,246.300,242.000,245.970
2023-07-11 08:00:00,245.970,247.720,244.180,246.570
2023-07-11 12:00:00,246.560,247.520,245.550,246.860
2023-07-11 16:00:00,246.870,248.660,245.000,245.290
2023-07-11 20:00:00,245.280,247.330,245.010,247.060
2023-07-12 00:00:00,247.060,248.380,246.410,247.120
2023-07-12 04:00:00,247.120,249.440,246.800,248.340
2023-07-12 08:00:00,248.330,250.070,248.010,249.240
2023-07-12 12:00:00,249.240,249.710,248.610,249.200
2023-07-12 16:00:00,249.200,249.400,247.100,247.920
2023-07-12 20:00:00,247.910,249.080,242.760,243.900
2023-07-13 00:00:00,243.900,244.200,242.120,243.030
2023-07-13 04:00:00,243.040,244.150,242.800,243.700
2023-07-13 08:00:00,243.690,244.190,242.420,243.050
2023-07-13 12:00:00,243.040,244.960,242.410,243.960
2023-07-13 16:00:00,243.950,246.440,243.910,245.740
2023-07-13 20:00:00,245.740,254.250,244.800,251.200
2023-07-14 00:00:00,251.190,259.020,250.210,253.920
2023-07-14 04:00:00,253.890,256.490,250.440,255.990
2023-07-14 08:00:00,255.990,260.500,255.380,259.890
2023-07-14 12:00:00,259.880,261.380,255.190,255.550
2023-07-14 16:00:00,255.550,257.800,253.340,255.030
2023-07-14 20:00:00,255.030,256.900,252.560,256.360
2023-07-15 00:00:00,256.360,257.070,241.040,244.300
2023-07-15 04:00:00,244.290,248.790,243.320,247.890
2023-07-15 08:00:00,247.890,249.040,246.510,248.130
2023-07-15 12:00:00,248.130,250.140,247.680,249.850
2023-07-15 16:00:00,249.840,252.000,249.180,250.560
2023-07-15 20:00:00,250.570,251.100,248.620,250.120
2023-07-16 00:00:00,250.130,251.740,249.060,251.630
2023-07-16 04:00:00,251.620,251.620,249.630,250.790
2023-07-16 08:00:00,250.780,251.700,247.510,247.870
2023-07-16 12:00:00,247.860,248.880,247.300,248.360
2023-07-16 16:00:00,248.370,249.990,248.280,249.690
2023-07-16 20:00:00,249.690,249.920,247.790,248.530
2023-07-17 00:00:00,248.540,248.790,243.000,243.440
2023-07-17 04:00:00,243.450,244.770,241.120,241.910
2023-07-17 08:00:00,241.900,243.780,240.010,243.470
2023-07-17 12:00:00,243.470,243.530,241.540,242.700
2023-07-17 16:00:00,242.710,243.900,238.000,242.640
2023-07-17 20:00:00,242.640,244.980,241.970,243.550
2023-07-18 00:00:00,243.550,244.140,239.890,242.440
2023-07-18 04:00:00,242.440,244.770,241.870,244.030
2023-07-18 08:00:00,244.030,246.500,243.820,244.160
2023-07-18 12:00:00,244.160,244.940,240.580,241.400
2023-07-18 16:00:00,241.400,242.740,239.500,239.620
2023-07-18 20:00:00,239.620,241.450,238.380,240.350
2023-07-19 00:00:00,240.350,241.450,237.000,240.270
2023-07-19 04:00:00,240.260,240.830,239.230,240.480
2023-07-19 08:00:00,240.470,243.780,239.850,243.610
2023-07-19 12:00:00,243.610,244.300,242.080,242.690
2023-07-19 16:00:00,242.690,242.790,240.500,242.290
2023-07-19 20:00:00,242.300,243.270,240.150,241.150
2023-07-20 00:00:00,241.150,243.000,240.020,241.990
2023-07-20 04:00:00,241.990,242.270,240.270,241.050
2023-07-20 08:00:00,241.060,243.060,240.800,241.570
2023-07-20 12:00:00,241.570,244.280,241.330,244.070
2023-07-20 16:00:00,244.080,245.260,243.730,244.220
2023-07-20 20:00:00,244.230,244.730,240.870,241.780
2023-07-21 00:00:00,241.770,242.360,240.490,241.650
2023-07-21 04:00:00,241.650,243.550,240.750,242.930
2023-07-21 08:00:00,242.940,244.940,242.210,244.200
2023-07-21 12:00:00,244.200,244.480,242.900,243.580
2023-07-21 16:00:00,243.580,245.110,243.530,244.710
2023-07-21 20:00:00,244.710,245.660,244.160,244.200
2023-07-22 00:00:00,244.200,245.130,242.800,243.800
2023-07-22 04:00:00,243.810,244.320,243.430,243.880
2023-07-22 08:00:00,243.890,245.080,243.660,244.620
2023-07-22 12:00:00,244.610,244.970,243.300,243.850
2023-07-22 16:00:00,243.840,244.190,242.010,242.830
2023-07-22 20:00:00,242.840,243.070,242.130,242.920
2023-07-23 00:00:00,242.920,243.060,241.720,242.520
2023-07-23 04:00:00,242.520,242.600,240.180,241.230
2023-07-23 08:00:00,241.220,242.360,240.560,241.970
2023-07-23 12:00:00,241.980,242.870,241.970,242.650
2023-07-23 16:00:00,242.650,243.200,242.100,242.280
2023-07-23 20:00:00,242.280,242.800,242.200,242.330
2023-07-24 00:00:00,242.320,244.120,241.970,242.650
2023-07-24 04:00:00,242.650,243.200,241.680,242.540
2023-07-24 08:00:00,242.540,243.280,240.660,240.860
2023-07-24 12:00:00,240.850,242.220,239.130,242.070
2023-07-24 16:00:00,242.070,242.190,235.500,238.730
2023-07-24 20:00:00,238.730,239.070,235.160,237.100
2023-07-25 00:00:00,237.100,238.600,236.080,238.010
2023-07-25 04:00:00,238.020,239.310,237.660,239.020
2023-07-25 08:00:00,239.030,240.000,238.150,238.660
2023-07-25 12:00:00,238.670,238.670,236.860,237.330
2023-07-25 16:00:00,237.340,239.000,237.180,238.150
2023-07-25 20:00:00,238.150,238.420,236.210,237.410
2023-07-26 00:00:00,237.410,238.550,236.870,237.320
2023-07-26 04:00:00,237.320,238.120,236.950,237.860
2023-07-26 08:00:00,237.860,238.880,236.490,238.480
2023-07-26 12:00:00,238.480,238.800,237.550,237.750
2023-07-26 16:00:00,237.750,238.160,236.450,237.040
2023-07-26 20:00:00,237.040,238.740,236.760,238.270
2023-07-27 00:00:00,238.280,239.500,236.680,239.040
2023-07-27 04:00:00,239.040,240.650,238.550,239.050
2023-07-27 08:00:00,239.050,240.470,238.500,239.970
2023-07-27 12:00:00,239.960,244.840,239.960,242.310
2023-07-27 16:00:00,242.310,243.180,241.390,242.120
2023-07-27 20:00:00,242.110,242.140,240.470,240.760
2023-07-28 00:00:00,240.750,241.440,239.460,240.190
2023-07-28 04:00:00,240.200,240.950,240.120,240.880
2023-07-28 08:00:00,240.880,241.380,240.140,240.960
2023-07-28 12:00:00,240.960,241.300,239.840,241.010
2023-07-28 16:00:00,241.020,242.180,240.500,241.090
2023-07-28 20:00:00,241.090,242.890,241.060,241.780
2023-07-29 00:00:00,241.780,243.110,241.110,242.750
2023-07-29 04:00:00,242.740,242.980,241.900,241.930
2023-07-29 08:00:00,241.930,242.600,241.740,241.950
2023-07-29 12:00:00,241.950,242.350,241.490,241.620
2023-07-29 16:00:00,241.630,241.980,241.220,241.560
2023-07-29 20:00:00,241.570,242.280,241.530,241.930
2023-07-30 00:00:00,241.920,242.500,241.750,242.250
2023-07-30 04:00:00,242.250,243.080,242.120,242.640
2023-07-30 08:00:00,242.650,243.040,242.120,242.490
2023-07-30 12:00:00,242.490,242.940,241.800,242.870
2023-07-30 16:00:00,242.860,243.180,242.180,242.390
2023-07-30 20:00:00,242.400,244.030,242.210,243.110
2023-07-31 00:00:00,243.110,244.060,241.310,241.700
2023-07-31 04:00:00,241.700,242.910,240.390,242.720
2023-07-31 08:00:00,242.710,244.710,242.390,243.800
2023-07-31 12:00:00,243.800,244.060,242.860,243.490
2023-07-31 16:00:00,243.490,244.250,243.290,243.510
2023-07-31 20:00:00,243.510,244.240,241.800,242.230
2023-08-01 00:00:00,242.240,242.920,240.790,241.420
2023-08-01 04:00:00,241.420,241.800,240.570,241.040
2023-08-01 08:00:00,241.040,242.300,237.000,239.340
2023-08-01 12:00:00,239.340,248.470,238.760,245.450
2023-08-01 16:00:00,245.460,246.800,244.280,244.740
2023-08-01 20:00:00,244.750,245.920,242.150,245.310
2023-08-02 00:00:00,245.300,247.080,244.500,247.020
2023-08-02 04:00:00,247.020,248.000,245.440,247.870
2023-08-02 08:00:00,247.870,248.830,245.410,245.800
2023-08-02 12:00:00,245.790,246.180,244.350,244.700
2023-08-02 16:00:00,244.710,245.950,244.450,245.880
2023-08-02 20:00:00,245.880,246.210,242.280,243.190
2023-08-03 00:00:00,243.190,243.880,234.800,241.540
2023-08-03 04:00:00,241.550,242.260,240.430,240.640
2023-08-03 08:00:00,240.640,241.360,239.810,240.380
2023-08-03 12:00:00,240.390,241.210,239.200,239.210
2023-08-03 16:00:00,239.220,240.860,238.260,240.770
2023-08-03 20:00:00,240.760,242.000,240.090,241.320
2023-08-04 00:00:00,241.310,241.900,240.520,241.120
2023-08-04 04:00:00,241.130,241.740,240.000,241.010
2023-08-04 08:00:00,241.000,241.850,240.650,241.560
2023-08-04 12:00:00,241.560,243.470,241.050,242.090
2023-08-04 16:00:00,242.090,242.680,241.410,241.840
2023-08-04 20:00:00,241.830,243.400,241.670,243.170
2023-08-05 00:00:00,243.180,243.400,240.740,241.480
2023-08-05 04:00:00,241.490,241.960,240.110,241.730
2023-08-05 08:00:00,241.720,242.260,239.950,240.990
2023-08-05 12:00:00,240.990,241.630,240.400,241.170
2023-08-05 16:00:00,241.160,242.140,241.110,241.530
2023-08-05 20:00:00,241.520,242.230,241.210,242.200
2023-08-06 00:00:00,242.200,242.970,241.830,242.810
2023-08-06 04:00:00,242.810,243.370,242.780,243.340
2023-08-06 08:00:00,243.340,245.400,243.250,244.900
2023-08-06 12:00:00,244.890,245.260,244.230,245.160
2023-08-06 16:00:00,245.160,245.590,244.160,244.440
2023-08-06 20:00:00,244.440,244.700,243.100,243.170
2023-08-07 00:00:00,243.170,244.640,243.050,243.350
2023-08-07 04:00:00,243.350,244.040,242.770,243.260
2023-08-07 08:00:00,243.260,245.090,242.820,243.720
2023-08-07 12:00:00,243.730,244.410,242.400,242.770
2023-08-07 16:00:00,242.770,243.200,240.900,242.560
2023-08-07 20:00:00,242.560,242.740,240.620,240.920
2023-08-08 00:00:00,240.920,242.000,239.370,241.710
2023-08-08 04:00:00,241.720,242.080,241.310,241.960
2023-08-08 08:00:00,241.960,242.470,241.380,242.360
2023-08-08 12:00:00,242.360,243.910,242.130,242.810
2023-08-08 16:00:00,242.810,243.990,242.620,243.890
2023-08-08 20:00:00,243.890,245.280,243.020,244.820
2023-08-09 00:00:00,244.820,248.580,244.620,246.530
2023-08-09 04:00:00,246.530,247.380,245.140,245.240
2023-08-09 08:00:00,245.240,245.580,244.010,244.440
2023-08-09 12:00:00,244.450,245.120,243.990,244.990
2023-08-09 16:00:00,244.980,245.450,243.410,244.160
2023-08-09 20:00:00,244.160,245.410,243.450,243.920
2023-08-10 00:00:00,243.910,243.920,242.710,242.990
2023-08-10 04:00:00,242.980,244.200,242.750,243.900
2023-08-10 08:00:00,243.900,243.990,243.010,243.120
2023-08-10 12:00:00,243.120,243.460,241.500,241.970
2023-08-10 16:00:00,241.970,242.380,241.640,241.870
2023-08-10 20:00:00,241.860,243.500,241.650,242.000
2023-08-11 00:00:00,242.000,242.360,240.340,240.790
2023-08-11 04:00:00,240.790,241.390,240.600,241.330
2023-08-11 08:00:00,241.330,242.000,239.400,240.400
2023-08-11 12:00:00,240.400,240.840,240.150,240.540
2023-08-11 16:00:00,240.540,240.820,240.020,240.810
2023-08-11 20:00:00,240.820,241.060,238.100,238.680
2023-08-12 00:00:00,238.670,239.420,237.950,238.960
2023-08-12 04:00:00,238.960,240.670,238.670,239.760
2023-08-12 08:00:00,239.750,240.560,239.330,240.200
2023-08-12 12:00:00,240.200,240.550,239.610,240.400
2023-08-12 16:00:00,240.400,241.230,240.010,240.650
2023-08-12 20:00:00,240.660,241.020,240.340,240.480
2023-08-13 00:00:00,240.490,240.800,240.230,240.300
2023-08-13 04:00:00,240.300,240.620,239.710,240.180
2023-08-13 08:00:00,240.170,240.480,239.600,240.130
2023-08-13 12:00:00,240.120,240.400,239.840,240.230
2023-08-13 16:00:00,240.230,240.860,240.060,240.620
2023-08-13 20:00:00,240.630,240.720,240.020,240.260
2023-08-14 00:00:00,240.260,241.550,240.080,241.460
2023-08-14 04:00:00,241.470,241.750,239.570,239.920
2023-08-14 08:00:00,239.910,241.020,239.500,240.780
2023-08-14 12:00:00,240.780,241.400,240.350,240.460
2023-08-14 16:00:00,240.470,240.930,240.180,240.410
2023-08-14 20:00:00,240.410,241.310,240.070,240.830
2023-08-15 00:00:00,240.830,241.200,239.680,240.050
2023-08-15 04:00:00,240.060,240.700,239.930,240.350
2023-08-15 08:00:00,240.340,240.670,239.520,239.660
2023-08-15 12:00:00,239.650,239.810,238.740,239.410
2023-08-15 16:00:00,239.420,239.880,238.170,238.620
2023-08-15 20:00:00,238.610,239.640,238.410,238.910
2023-08-16 00:00:00,238.920,239.300,232.210,236.020
2023-08-16 04:00:00,236.010,238.330,235.360,236.730
2023-08-16 08:00:00,236.720,237.310,236.220,236.340
2023-08-16 12:00:00,236.340,236.650,234.280,234.660
2023-08-16 16:00:00,234.660,234.840,233.150,234.590
2023-08-16 20:00:00,234.600,234.760,232.140,233.080
2023-08-17 00:00:00,233.080,235.230,232.670,233.990
2023-08-17 04:00:00,234.020,234.320,230.100,231.960
2023-08-17 08:00:00,231.960,232.320,227.000,231.040
2023-08-17 12:00:00,231.050,231.840,230.520,231.030
2023-08-17 16:00:00,231.030,231.320,230.000,230.640
2023-08-17 20:00:00,230.650,231.620,223.900,224.950
2023-08-18 00:00:00,224.940,226.660,223.000,226.270
2023-08-18 04:00:00,226.260,226.540,204.430,217.890
2023-08-18 08:00:00,217.880,220.240,213.230,215.180
2023-08-18 12:00:00,215.170,219.500,214.160,219.190
2023-08-18 16:00:00,219.200,219.650,217.330,219.380
2023-08-18 20:00:00,219.380,219.590,216.020,216.730
2023-08-19 00:00:00,216.740,217.820,214.800,216.050
2023-08-19 04:00:00,216.050,217.150,215.540,215.970
2023-08-19 08:00:00,215.970,217.060,214.800,215.410
2023-08-19 12:00:00,215.400,215.840,213.140,215.790
2023-08-19 16:00:00,215.790,216.400,215.090,215.120
2023-08-19 20:00:00,215.120,217.420,214.440,217.270
2023-08-20 00:00:00,217.270,219.100,216.520,216.690
2023-08-20 04:00:00,216.680,217.170,215.500,216.800
2023-08-20 08:00:00,216.800,217.490,216.270,216.460
2023-08-20 12:00:00,216.460,216.680,215.230,215.830
2023-08-20 16:00:00,215.840,216.920,215.510,216.650
2023-08-20 20:00:00,216.650,216.950,215.260,216.080
2023-08-21 00:00:00,216.090,217.040,215.310,216.940
2023-08-21 04:00:00,216.950,218.000,216.220,216.410
2023-08-21 08:00:00,216.410,216.670,215.760,215.870
2023-08-21 12:00:00,215.860,216.720,213.500,214.430
2023-08-21 16:00:00,214.430,215.070,207.390,210.380
2023-08-21 20:00:00,210.390,213.160,205.300,208.260
2023-08-22 00:00:00,208.250,211.110,207.140,210.640
2023-08-22 04:00:00,210.650,212.120,209.980,210.220
2023-08-22 08:00:00,210.220,210.720,209.480,209.890
2023-08-22 12:00:00,209.890,209.970,208.020,209.730
2023-08-22 16:00:00,209.740,210.750,208.500,208.860
2023-08-22 20:00:00,208.870,209.850,202.970,205.260
2023-08-23 00:00:00,205.260,211.480,202.640,207.990
2023-08-23 04:00:00,207.990,213.170,204.060,210.840
2023-08-23 08:00:00,210.840,215.650,210.630,212.420
2023-08-23 12:00:00,212.410,216.610,212.260,216.190
2023-08-23 16:00:00,216.190,216.560,214.080,214.660
2023-08-23 20:00:00,214.650,215.600,212.370,215.300
2023-08-24 00:00:00,215.300,218.840,214.920,217.660
2023-08-24 04:00:00,217.660,218.000,214.540,216.530
2023-08-24 08:00:00,216.530,217.220,215.430,217.170
2023-08-24 12:00:00,217.180,221.200,216.600,219.340
2023-08-24 16:00:00,219.340,220.570,218.570,219.500
2023-08-24 20:00:00,219.500,220.030,216.400,216.620
2023-08-25 00:00:00,216.630,218.840,216.380,216.960
2023-08-25 04:00:00,216.950,219.350,215.400,219.060
2023-08-25 08:00:00,219.070,219.630,215.690,217.040
2023-08-25 12:00:00,217.040,217.120,213.440,215.080
2023-08-25 16:00:00,215.080,216.680,215.050,216.170
2023-08-25 20:00:00,216.180,218.800,215.030,216.750
2023-08-26 00:00:00,216.740,218.370,216.300,217.280
2023-08-26 04:00:00,217.290,218.700,217.050,218.360
2023-08-26 08:00:00,218.370,219.410,217.420,217.780
2023-08-26 12:00:00,217.780,217.900,216.810,217.040
2023-08-26 16:00:00,217.040,217.340,216.360,217.310
2023-08-26 20:00:00,217.310,217.460,216.600,217.180
2023-08-27 00:00:00,217.180,217.210,216.110,216.500
2023-08-27 04:00:00,216.500,216.700,216.020,216.340
2023-08-27 08:00:00,216.350,216.680,215.950,216.020
2023-08-27 12:00:00,216.030,217.000,215.790,216.610
2023-08-27 16:00:00,216.600,217.670,216.530,216.910
2023-08-27 20:00:00,216.910,219.300,216.640,218.490
2023-08-28 00:00:00,218.490,219.840,218.130,218.730
2023-08-28 04:00:00,218.730,218.890,217.560,218.350
2023-08-28 08:00:00,218.340,218.450,217.110,217.940
2023-08-28 12:00:00,217.940,218.090,215.610,216.010
2023-08-28 16:00:00,216.010,216.730,215.080,216.660
2023-08-28 20:00:00,216.670,218.980,216.430,218.300
2023-08-29 00:00:00,218.300,219.520,217.280,217.760
2023-08-29 04:00:00,217.770,219.190,217.400,218.750
2023-08-29 08:00:00,218.750,219.500,217.820,218.200
2023-08-29 12:00:00,218.210,218.440,217.450,217.540
2023-08-29 16:00:00,217.540,217.860,216.880,217.390
2023-08-29 20:00:00,217.390,239.000,217.140,228.270
2023-08-30 00:00:00,228.270,231.000,227.040,227.120
2023-08-30 04:00:00,227.120,227.880,225.790,226.870
2023-08-30 08:00:00,226.870,227.220,224.250,225.300
2023-08-30 12:00:00,225.290,225.670,224.300,225.200
2023-08-30 16:00:00,225.220,225.520,224.100,224.210
2023-08-30 20:00:00,224.200,224.980,221.900,223.040
2023-08-31 00:00:00,223.040,223.250,221.640,222.790
2023-08-31 04:00:00,222.780,224.120,222.780,223.830
2023-08-31 08:00:00,223.830,223.840,222.670,222.840
2023-08-31 12:00:00,222.840,224.080,222.670,223.600
2023-08-31 16:00:00,223.600,226.020,223.050,224.750
2023-08-31 20:00:00,224.740,224.790,220.300,221.500
2023-09-01 00:00:00,221.490,221.530,215.730,217.130
2023-09-01 04:00:00,217.120,217.270,213.910,216.580
2023-09-01 08:00:00,216.580,218.400,216.320,216.810
2023-09-01 12:00:00,216.810,216.860,213.600,214.280
2023-09-01 16:00:00,214.270,215.200,213.860,214.860
2023-09-01 20:00:00,214.870,215.800,211.940,213.410
2023-09-02 00:00:00,213.410,214.410,211.110,213.150
2023-09-02 04:00:00,213.150,215.030,212.960,213.650
2023-09-02 08:00:00,213.660,215.700,213.370,214.740
2023-09-02 12:00:00,214.750,215.560,214.070,214.250
2023-09-02 16:00:00,214.260,215.240,213.680,214.800
2023-09-02 20:00:00,214.800,215.970,214.210,214.600
2023-09-03 00:00:00,214.590,214.960,213.000,213.680
2023-09-03 04:00:00,213.680,214.370,213.440,214.330
2023-09-03 08:00:00,214.330,214.460,213.380,214.050
2023-09-03 12:00:00,214.060,214.660,213.520,214.610
2023-09-03 16:00:00,214.610,214.710,214.000,214.560
2023-09-03 20:00:00,214.550,215.180,213.650,213.770
2023-09-04 00:00:00,213.760,214.820,213.130,214.270
2023-09-04 04:00:00,214.270,214.820,213.870,214.350
2023-09-04 08:00:00,214.350,216.690,213.970,215.410
2023-09-04 12:00:00,215.410,215.640,214.120,214.640
2023-09-04 16:00:00,214.640,215.070,213.460,213.560
2023-09-04 20:00:00,213.550,216.500,213.040,215.020
2023-09-05 00:00:00,215.010,215.910,214.860,215.750
2023-09-05 04:00:00,215.740,215.860,213.550,215.190
2023-09-05 08:00:00,215.190,215.320,213.440,214.330
2023-09-05 12:00:00,214.320,215.000,214.160,214.690
2023-09-05 16:00:00,214.700,215.750,214.460,214.960
2023-09-05 20:00:00,214.970,216.060,214.100,215.120
2023-09-06 00:00:00,215.110,215.560,214.440,214.440
2023-09-06 04:00:00,214.440,214.790,214.070,214.510
2023-09-06 08:00:00,214.500,215.540,214.360,214.860
2023-09-06 12:00:00,214.850,215.000,214.030,214.270
2023-09-06 16:00:00,214.260,215.090,214.210,214.910
2023-09-06 20:00:00,214.920,215.200,213.120,213.510
2023-09-07 00:00:00,213.500,219.810,211.580,214.910
2023-09-07 04:00:00,214.910,215.350,214.330,215.220
2023-09-07 08:00:00,215.210,215.820,214.730,215.810
2023-09-07 12:00:00,215.810,216.220,215.200,215.420
2023-09-07 16:00:00,215.410,215.810,213.580,213.840
2023-09-07 20:00:00,213.840,214.950,213.530,214.660
2023-09-08 00:00:00,214.650,215.790,214.370,214.850
2023-09-08 04:00:00,214.840,217.900,214.780,217.110
2023-09-08 08:00:00,217.120,218.900,216.680,217.480
2023-09-08 12:00:00,217.480,218.220,216.570,217.110
2023-09-08 16:00:00,217.110,217.360,213.330,214.440
2023-09-08 20:00:00,214.430,215.050,214.010,214.130
2023-09-09 00:00:00,214.120,214.430,213.400,214.430
2023-09-09 04:00:00,214.420,214.660,213.850,214.620
2023-09-09 08:00:00,214.630,215.020,214.330,214.900
2023-09-09 12:00:00,214.890,215.290,214.600,215.150
2023-09-09 16:00:00,215.150,215.480,214.920,215.260
2023-09-09 20:00:00,215.270,215.380,214.590,215.170
2023-09-10 00:00:00,215.180,215.410,214.610,214.840
2023-09-10 04:00:00,214.830,214.840,214.140,214.200
2023-09-10 08:00:00,214.210,214.240,213.700,213.950
2023-09-10 12:00:00,213.950,213.950,211.320,213.180
2023-09-10 16:00:00,213.180,213.180,212.270,212.770
2023-09-10 20:00:00,212.760,213.560,211.760,212.730
2023-09-11 00:00:00,212.740,212.900,210.810,212.470
2023-09-11 04:00:00,212.480,213.820,212.220,212.280
2023-09-11 08:00:00,212.280,212.660,211.000,211.850
2023-09-11 12:00:00,211.850,212.680,211.200,211.290
2023-09-11 16:00:00,211.300,211.420,206.000,206.900
2023-09-11 20:00:00,206.890,208.420,204.240,206.420
2023-09-12 00:00:00,206.430,207.290,203.750,204.770
2023-09-12 04:00:00,204.770,206.880,203.960,206.080
2023-09-12 08:00:00,206.080,211.000,204.940,209.220
2023-09-12 12:00:00,209.220,210.400,207.820,209.670
2023-09-12 16:00:00,209.660,214.890,208.950,212.480
2023-09-12 20:00:00,212.490,213.450,211.100,212.790
2023-09-13 00:00:00,212.790,214.500,210.480,212.260
2023-09-13 04:00:00,212.260,213.170,210.270,210.730
2023-09-13 08:00:00,210.740,211.920,209.360,209.850
2023-09-13 12:00:00,209.850,212.060,209.280,210.190
2023-09-13 16:00:00,210.190,212.350,209.960,212.140
2023-09-13 20:00:00,212.160,213.180,210.870,212.520
2023-09-14 00:00:00,212.530,213.380,211.160,212.080
2023-09-14 04:00:00,212.090,213.080,212.090,212.630
2023-09-14 08:00:00,212.630,215.490,209.590,211.930
2023-09-14 12:00:00,211.940,212.370,211.030,212.030
2023-09-14 16:00:00,212.020,212.850,211.460,212.520
2023-09-14 20:00:00,212.520,214.240,211.500,213.050
2023-09-15 00:00:00,213.040,213.220,211.600,212.750
2023-09-15 04:00:00,212.760,212.970,211.670,212.040
2023-09-15 08:00:00,212.050,213.000,211.500,212.650
2023-09-15 12:00:00,212.650,213.200,211.680,211.720
2023-09-15 16:00:00,211.720,213.250,211.540,211.970
2023-09-15 20:00:00,211.980,212.530,210.790,212.010
2023-09-16 00:00:00,212.020,212.430,211.600,212.030
2023-09-16 04:00:00,212.040,214.900,211.860,214.000
2023-09-16 08:00:00,214.010,215.830,214.000,214.490
2023-09-16 12:00:00,214.490,215.500,214.240,214.960
2023-09-16 16:00:00,214.950,214.990,213.300,214.150
2023-09-16 20:00:00,214.150,214.320,213.170,213.910
2023-09-17 00:00:00,213.910,214.820,213.740,214.220
2023-09-17 04:00:00,214.220,215.000,214.090,214.740
2023-09-17 08:00:00,214.740,215.000,213.100,214.770
2023-09-17 12:00:00,214.770,214.890,214.100,214.300
2023-09-17 16:00:00,214.310,215.180,214.230,214.560
2023-09-17 20:00:00,214.570,216.910,214.520,216.190
2023-09-18 00:00:00,216.180,216.460,215.000,216.410
2023-09-18 04:00:00,216.420,216.490,214.970,216.310
2023-09-18 08:00:00,216.300,218.800,215.000,217.800
2023-09-18 12:00:00,217.800,218.120,216.690,216.930
2023-09-18 16:00:00,216.940,220.180,216.430,219.850
2023-09-18 20:00:00,219.860,221.460,218.400,219.510
2023-09-19 00:00:00,219.500,219.820,215.150,216.620
2023-09-19 04:00:00,216.620,216.880,215.120,215.990
2023-09-19 08:00:00,215.980,216.910,215.310,216.480
2023-09-19 12:00:00,216.480,217.100,216.090,217.010
2023-09-19 16:00:00,217,219.990,216.990,218.430
2023-09-19 20:00:00,218.420,218.890,216.610,218.460
2023-09-20 00:00:00,218.470,218.700,216.430,217.010
2023-09-20 04:00:00,217.010,217.440,216.240,217.220
2023-09-20 08:00:00,217.210,217.880,216.250,216.400
2023-09-20 12:00:00,216.390,216.770,215.740,216.400
2023-09-20 16:00:00,216.400,217.100,214.690,215.920
2023-09-20 20:00:00,215.930,216.840,215.230,215.920
2023-09-21 00:00:00,215.910,216.970,212.780,214.420
2023-09-21 04:00:00,214.440,219.040,213.490,214.390
2023-09-21 08:00:00,214.400,215.290,213.820,215.200
2023-09-21 12:00:00,215.200,215.250,213.160,213.340
2023-09-21 16:00:00,213.340,213.690,209.200,210.630
2023-09-21 20:00:00,210.630,212.300,209.330,210.700
2023-09-22 00:00:00,210.710,211.370,210.530,210.730
2023-09-22 04:00:00,210.740,211.080,209.930,210.910
2023-09-22 08:00:00,210.900,212.340,209.700,211.960
2023-09-22 12:00:00,211.960,212.040,210.480,211.590
2023-09-22 16:00:00,211.600,211.950,210.730,211.230
2023-09-22 20:00:00,211.220,211.400,210.300,210.730
2023-09-23 00:00:00,210.740,211.290,209.760,210.620
2023-09-23 04:00:00,210.620,211.400,210.180,211.150
2023-09-23 08:00:00,211.160,211.790,210.140,210.200
2023-09-23 12:00:00,210.200,211.060,209.940,211.050
2023-09-23 16:00:00,211.060,211.190,210.610,210.850
2023-09-23 20:00:00,210.850,211,210.260,210.630
2023-09-24 00:00:00,210.640,210.860,210.270,210.740
2023-09-24 04:00:00,210.740,210.880,210.130,210.520
2023-09-24 08:00:00,210.530,210.740,209.960,210.170
2023-09-24 12:00:00,210.180,210.620,209.880,210.460
2023-09-24 16:00:00,210.460,210.990,210.440,210.890
2023-09-24 20:00:00,210.900,211.030,210.480,210.760
2023-09-25 00:00:00,210.760,211.360,209.240,209.560
2023-09-25 04:00:00,209.560,209.860,206,208.340
2023-09-25 08:00:00,208.340,209.480,206.520,208.910
2023-09-25 12:00:00,208.910,210.140,208.340,209.570
2023-09-25 16:00:00,209.570,209.790,207.760,208.260
2023-09-25 20:00:00,208.270,209.650,207.820,209.090
2023-09-26 00:00:00,209.100,210.620,209.100,210.070
2023-09-26 04:00:00,210.070,210.690,209.730,210.060
2023-09-26 08:00:00,210.070,212.450,209.820,211.600
2023-09-26 12:00:00,211.600,212.730,211.190,212.620
2023-09-26 16:00:00,212.630,214,211.900,212.650
2023-09-26 20:00:00,212.650,212.960,210.900,211.020
2023-09-27 00:00:00,211.020,212.390,210.900,212.170
2023-09-27 04:00:00,212.160,212.740,210.730,212.680
2023-09-27 08:00:00,212.670,213.360,212.280,213.230
2023-09-27 12:00:00,213.230,213.680,212.780,213.280
2023-09-27 16:00:00,213.270,216.130,212.470,215.490
2023-09-27 20:00:00,215.480,215.970,211.750,212.440
2023-09-28 00:00:00,212.440,212.970,210.520,211.730
2023-09-28 04:00:00,211.730,212.320,211.190,212.150
2023-09-28 08:00:00,212.140,213.180,211.880,212.120
2023-09-28 12:00:00,212.120,213.380,211.620,213.190
2023-09-28 16:00:00,213.180,214.340,212.770,213.700
2023-09-28 20:00:00,213.700,215.910,213.450,215.700
2023-09-29 00:00:00,215.710,217.200,214.310,215.370
2023-09-29 04:00:00,215.380,215.770,214.490,215.060
2023-09-29 08:00:00,215.070,215.770,214.600,215
2023-09-29 12:00:00,214.990,217.620,214.460,216.960
2023-09-29 16:00:00,216.960,217.020,215.730,216.080
2023-09-29 20:00:00,216.080,216.730,214.500,216.090
2023-09-30 00:00:00,216.090,216.200,214.820,215.750
2023-09-30 04:00:00,215.750,216.120,214.910,215.210
2023-09-30 08:00:00,215.220,215.810,214.100,214.700
2023-09-30 12:00:00,214.690,215.200,214.550,214.590
2023-09-30 16:00:00,214.590,215.210,214.420,214.750
2023-09-30 20:00:00,214.760,216.590,214.530,215.990
2023-10-01 00:00:00,215.990,216.350,215.450,215.860
2023-10-01 04:00:00,215.860,216,214.630,214.690
2023-10-01 08:00:00,214.680,215.510,214.540,215.410
2023-10-01 12:00:00,215.410,215.420,214.890,215.150
2023-10-01 16:00:00,215.160,216.670,214.780,216.260
2023-10-01 20:00:00,216.260,216.390,215.020,215.740
2023-10-02 00:00:00,215.750,215.880,213.130,214.240
2023-10-02 04:00:00,214.240,219.930,213.620,218.290
2023-10-02 08:00:00,218.290,220.300,217.170,219.240
2023-10-02 12:00:00,219.240,220.150,218,219.980
2023-10-02 16:00:00,219.980,221.730,218.810,218.990
2023-10-02 20:00:00,218.990,219.620,215.900,216.390
2023-10-03 00:00:00,216.380,217.110,213.190,215.200
2023-10-03 04:00:00,215.190,215.200,213.230,214.700
2023-10-03 08:00:00,214.700,215.600,214.460,215.470
2023-10-03 12:00:00,215.480,215.920,214.710,215.350
2023-10-03 16:00:00,215.350,215.880,213.520,214
2023-10-03 20:00:00,214,214.940,212.690,213.640
2023-10-04 00:00:00,213.630,214.120,212.910,213.060
2023-10-04 04:00:00,213.060,213.800,212.340,213.460
2023-10-04 08:00:00,213.460,213.500,210.830,212.020
2023-10-04 12:00:00,212.010,212.400,210.790,212.400
2023-10-04 16:00:00,212.400,213,212.250,212.580
2023-10-04 20:00:00,212.580,213.550,211.600,211.960
2023-10-05 00:00:00,211.960,213.720,211.860,212.890
2023-10-05 04:00:00,212.900,213.830,212.580,213.450
2023-10-05 08:00:00,213.450,214.090,212.820,212.850
2023-10-05 12:00:00,212.850,213.140,211.970,212.400
2023-10-05 16:00:00,212.410,213.070,212.280,212.430
2023-10-05 20:00:00,212.430,213.420,210.550,211.180
2023-10-06 00:00:00,211.180,211.650,210.270,211.160
2023-10-06 04:00:00,211.150,211.380,210.510,210.800
2023-10-06 08:00:00,210.790,211.850,210.700,211.700
2023-10-06 12:00:00,211.700,212.720,211.230,212.500
2023-10-06 16:00:00,212.500,212.690,211.850,212.160
2023-10-06 20:00:00,212.160,212.900,210.250,212.680
2023-10-07 00:00:00,212.680,214.350,212.050,213.440
2023-10-07 04:00:00,213.440,214.690,213.250,213.420
2023-10-07 08:00:00,213.430,213.990,213.330,213.400
2023-10-07 12:00:00,213.390,213.810,213.380,213.490
2023-10-07 16:00:00,213.490,213.820,212.570,212.670
2023-10-07 20:00:00,212.670,213.320,212.480,212.690
2023-10-08 00:00:00,212.690,212.690,211.670,211.730
2023-10-08 04:00:00,211.730,212.380,211.630,212.330
2023-10-08 08:00:00,212.340,212.800,211.980,212.800
2023-10-08 12:00:00,212.800,212.860,211.530,211.820
2023-10-08 16:00:00,211.820,211.830,208.730,210.270
2023-10-08 20:00:00,210.270,213,209.920,211.570
2023-10-09 00:00:00,211.580,211.950,211.090,211.790
2023-10-09 04:00:00,211.790,212.140,210.990,211.420
2023-10-09 08:00:00,211.430,212.310,210.620,212.040
2023-10-09 12:00:00,212.050,212.200,210.800,211.140
2023-10-09 16:00:00,211.140,211.430,206.100,207.100
2023-10-09 20:00:00,207.100,208.290,206.210,206.940
2023-10-10 00:00:00,206.940,207.500,201.430,206.060
2023-10-10 04:00:00,206.060,206.700,204.740,205.830
2023-10-10 08:00:00,205.830,207.700,205.560,206.720
2023-10-10 12:00:00,206.720,209.400,206.400,208.610
2023-10-10 16:00:00,208.600,215,206.840,207.030
2023-10-10 20:00:00,207.040,208.810,206.300,207.310
2023-10-11 00:00:00,207.310,209.300,206.730,208.820
2023-10-11 04:00:00,208.820,208.960,207.130,208.590
2023-10-11 08:00:00,208.580,208.880,204.160,205.330
2023-10-11 12:00:00,205.340,206.670,205.270,206.080
2023-10-11 16:00:00,206.090,208.440,205.380,207.680
2023-10-11 20:00:00,207.680,207.980,204.690,205.270
2023-10-12 00:00:00,205.280,206.390,204.420,206.070
2023-10-12 04:00:00,206.070,206.770,205.660,206.610
2023-10-12 08:00:00,206.610,206.810,204.900,205.910
2023-10-12 12:00:00,205.910,206.310,205.220,205.350
2023-10-12 16:00:00,205.360,207.470,202.570,205.930
2023-10-12 20:00:00,205.930,206.580,205.040,205.660
2023-10-13 00:00:00,205.670,206.190,204.070,205.380
2023-10-13 04:00:00,205.380,205.880,204.840,205.290
2023-10-13 08:00:00,205.280,206.860,204.850,205.200
2023-10-13 12:00:00,205.210,206.420,204.400,206.380
2023-10-13 16:00:00,206.380,206.440,205.060,205.650
2023-10-13 20:00:00,205.650,206.780,205.240,205.730
2023-10-14 00:00:00,205.730,206.420,205.250,205.650
2023-10-14 04:00:00,205.640,208.430,205.590,206.050
2023-10-14 08:00:00,206.060,206.960,206,206.650
2023-10-14 12:00:00,206.660,207.140,206.120,206.350
2023-10-14 16:00:00,206.360,206.560,205.760,205.910
2023-10-14 20:00:00,205.910,206.800,205.840,206.800
2023-10-15 00:00:00,206.800,206.900,206.340,206.470
2023-10-15 04:00:00,206.480,206.970,206.140,206.600
2023-10-15 08:00:00,206.600,208.460,206.360,207.140
2023-10-15 12:00:00,207.150,207.560,207,207.490
2023-10-15 16:00:00,207.480,207.900,207.090,207.190
2023-10-15 20:00:00,207.190,212,206.510,209.370
2023-10-16 00:00:00,209.370,210.260,208.790,209.740
2023-10-16 04:00:00,209.740,210.500,209.120,209.870
2023-10-16 08:00:00,209.870,211.340,209.660,210.510
2023-10-16 12:00:00,210.510,214.600,210.420,212.980
2023-10-16 16:00:00,212.980,213.510,212.320,212.860
2023-10-16 20:00:00,212.860,220.140,211.480,212.860
2023-10-17 00:00:00,212.860,215.360,212.860,214.610
2023-10-17 04:00:00,214.620,215.530,213.570,214.750
2023-10-17 08:00:00,214.750,215.140,213.650,213.690
2023-10-17 12:00:00,213.700,213.980,212.750,213.740
2023-10-17 16:00:00,213.740,214.070,212.010,212.600
2023-10-17 20:00:00,212.610,214.140,208.750,212.100
2023-10-18 00:00:00,212.100,212.590,210.680,211.640
2023-10-18 04:00:00,211.630,211.800,210.940,211.550
2023-10-18 08:00:00,211.540,212.670,211.080,212.530
2023-10-18 12:00:00,212.520,214.080,212.420,212.680
2023-10-18 16:00:00,212.680,213.470,212.260,212.790
2023-10-18 20:00:00,212.800,213.130,211.270,211.730
2023-10-19 00:00:00,211.730,212.320,210.270,210.720
2023-10-19 04:00:00,210.720,210.940,210,210.370
2023-10-19 08:00:00,210.370,210.930,208.100,209.220
2023-10-19 12:00:00,209.230,210.270,208.900,210.130
2023-10-19 16:00:00,210.130,211.120,209.540,210.650
2023-10-19 20:00:00,210.640,211.590,210.270,210.430
2023-10-20 00:00:00,210.430,211.100,210.300,210.770
2023-10-20 04:00:00,210.750,211.380,210.140,211.320
2023-10-20 08:00:00,211.330,213.590,210.630,212.930
2023-10-20 12:00:00,212.940,214.130,212.330,212.460
2023-10-20 16:00:00,212.470,216.800,212.460,214.200
2023-10-20 20:00:00,214.190,214.350,212.770,212.980
2023-10-21 00:00:00,212.980,213.360,212.040,212.970
2023-10-21 04:00:00,212.960,213.170,212.100,212.170
2023-10-21 08:00:00,212.170,212.610,211.490,212.260
2023-10-21 12:00:00,212.250,213.100,212.050,212.890
2023-10-21 16:00:00,212.890,213.550,212.560,213.360
2023-10-21 20:00:00,213.370,214.520,212.440,214.440
2023-10-22 00:00:00,214.440,215.990,213.610,215.240
2023-10-22 04:00:00,215.240,215.640,213.860,214.320
2023-10-22 08:00:00,214.330,215.300,213.950,214.330
2023-10-22 12:00:00,214.340,216.880,213.710,214.260
2023-10-22 16:00:00,214.260,214.830,213.680,214.130
2023-10-22 20:00:00,214.120,215.150,214,214.320
2023-10-23 00:00:00,214.330,215.880,214.070,215.180
2023-10-23 04:00:00,215.180,218.820,214.910,217.950
2023-10-23 08:00:00,217.950,223,217.050,222.280
2023-10-23 12:00:00,222.280,222.990,218.760,219.600
2023-10-23 16:00:00,219.600,221.060,218.250,220.290
2023-10-23 20:00:00,220.290,220.690,218.230,219.380
2023-10-24 00:00:00,219.380,222.430,219.070,222.330
2023-10-24 04:00:00,222.330,231.730,221.710,228.800
2023-10-24 08:00:00,228.810,238.460,228.150,230.600
2023-10-24 12:00:00,230.610,232.180,226.850,227.810
2023-10-24 16:00:00,227.810,232.370,226.570,231.900
2023-10-24 20:00:00,231.900,233.510,221.490,224.030
2023-10-25 00:00:00,224.020,226.660,222.810,225.770
2023-10-25 04:00:00,225.750,227.330,223.570,225.320
2023-10-25 08:00:00,225.330,229.320,225.130,227.360
2023-10-25 12:00:00,227.360,228.240,224.020,225.020
2023-10-25 16:00:00,225.010,226.450,223.820,224.620
2023-10-25 20:00:00,224.620,227.940,224.330,227.470
2023-10-26 00:00:00,227.480,228,222.720,223.430
2023-10-26 04:00:00,223.430,223.960,221.630,222.290
2023-10-26 08:00:00,222.280,226.220,221.760,226.190
2023-10-26 12:00:00,226.190,228.330,222.950,226.700
2023-10-26 16:00:00,226.720,228.490,223.230,224.880
2023-10-26 20:00:00,224.890,226.520,218.600,221.150
2023-10-27 00:00:00,221.140,222.830,220,222.610
2023-10-27 04:00:00,222.600,223.960,222.360,223.320
2023-10-27 08:00:00,223.330,223.430,220.010,223.280
2023-10-27 12:00:00,223.270,227,222.550,223.300
2023-10-27 16:00:00,223.300,228.430,223.260,227.880
2023-10-27 20:00:00,227.880,233,223.830,226.020
2023-10-28 00:00:00,226.020,226.680,221,224.510
2023-10-28 04:00:00,224.500,224.980,223.770,224.180
2023-10-28 08:00:00,224.180,227.480,224.130,227.270
2023-10-28 12:00:00,227.270,227.820,226.160,227.380
2023-10-28 16:00:00,227.380,228.710,226.470,226.870
2023-10-28 20:00:00,226.860,227.050,224.910,226.840
2023-10-29 00:00:00,226.840,226.860,225.260,225.510
2023-10-29 04:00:00,225.520,226.500,225.150,225.800
2023-10-29 08:00:00,225.810,226.170,223.600,224.630
2023-10-29 12:00:00,224.640,225.960,224.410,225.870
2023-10-29 16:00:00,225.860,226.360,225.470,226.210
2023-10-29 20:00:00,226.220,227.410,226.130,226.640
2023-10-30 00:00:00,226.640,227.770,225.920,226.900
2023-10-30 04:00:00,226.900,228.290,226.620,227.200
2023-10-30 08:00:00,227.200,228,225.500,225.700
2023-10-30 12:00:00,225.710,226.230,224.610,226.150
2023-10-30 16:00:00,226.150,228.690,225.870,228.420
2023-10-30 20:00:00,228.410,229.390,227.600,228.680
2023-10-31 00:00:00,228.680,228.920,225.550,228.330
2023-10-31 04:00:00,228.320,229.220,227.780,228.100
2023-10-31 08:00:00,228.110,229.490,226.430,226.530
2023-10-31 12:00:00,226.540,227.730,225.700,226.020
2023-10-31 16:00:00,226.020,228.650,225.030,228.210
2023-10-31 20:00:00,228.220,228.700,223.370,224.580
2023-11-01 00:00:00,224.580,226.320,223.960,225.910
2023-11-01 04:00:00,225.910,226.700,225.410,226.350
2023-11-01 08:00:00,226.350,227.170,225.200,225.500
2023-11-01 12:00:00,225.510,225.680,224.150,224.740
2023-11-01 16:00:00,224.750,225.170,223.480,224.580
2023-11-01 20:00:00,224.580,226.880,222.420,223.450
2023-11-02 00:00:00,223.440,228,223.210,226.750
2023-11-02 04:00:00,226.750,230.150,226.750,228.150
2023-11-02 08:00:00,228.150,232.740,227.700,230.860
2023-11-02 12:00:00,230.850,231.160,227.810,229.970
2023-11-02 16:00:00,229.960,232.180,228.500,232.030
2023-11-02 20:00:00,232.020,233.970,228.150,229.570
2023-11-03 00:00:00,229.580,232.730,227.770,232.670
2023-11-03 04:00:00,232.680,233.170,230.530,232.030
2023-11-03 08:00:00,232.020,232.630,227.300,230.030
2023-11-03 12:00:00,230.040,231.440,227.960,229.960
2023-11-03 16:00:00,229.970,230.290,225.540,227.700
2023-11-03 20:00:00,227.690,229.750,226.550,229.590
2023-11-04 00:00:00,229.610,229.820,227.750,229.470
2023-11-04 04:00:00,229.460,230.900,229.170,230.400
2023-11-04 08:00:00,230.390,231.520,229.510,231.400
2023-11-04 12:00:00,231.390,232.240,229.870,231.910
2023-11-04 16:00:00,231.930,236.850,231.580,234.590
2023-11-04 20:00:00,234.580,236.920,234.010,234.920
2023-11-05 00:00:00,234.910,237.540,234.610,236.240
2023-11-05 04:00:00,236.240,238.770,235.810,237.360
2023-11-05 08:00:00,237.350,243.620,236.340,243.040
2023-11-05 12:00:00,243.050,245.340,241.230,244.680
2023-11-05 16:00:00,244.670,244.930,241.130,243.830
2023-11-05 20:00:00,243.840,244.420,238.910,240.830
2023-11-06 00:00:00,240.860,244.390,240.490,243.650
2023-11-06 04:00:00,243.660,245.640,240.620,244
2023-11-06 08:00:00,244,246.350,242.680,243.830
2023-11-06 12:00:00,243.820,244.510,241.580,244.460
2023-11-06 16:00:00,244.460,245.400,243.060,245.400
2023-11-06 20:00:00,245.400,254.570,245.120,251.900
2023-11-07 00:00:00,251.910,254.160,249.720,253.630
2023-11-07 04:00:00,253.630,256,252.690,255.270
2023-11-07 08:00:00,255.280,255.690,250,251.600
2023-11-07 12:00:00,251.590,252.930,250.650,251.360
2023-11-07 16:00:00,251.360,252.610,246.500,247.890
2023-11-07 20:00:00,247.890,248.610,243.160,244.610
2023-11-08 00:00:00,244.620,248.330,242.210,248.080
2023-11-08 04:00:00,248.100,249.880,245.640,246.390
2023-11-08 08:00:00,246.380,247.330,245.430,245.820
2023-11-08 12:00:00,245.830,248.100,244.150,246.050
2023-11-08 16:00:00,246.060,247,244.150,246.580
2023-11-08 20:00:00,246.580,247,244.290,245.910
2023-11-09 00:00:00,245.900,248.510,245.650,247.140
2023-11-09 04:00:00,247.140,249.670,245.130,246.780
2023-11-09 08:00:00,246.780,250.430,245.820,250.170
2023-11-09 12:00:00,250.180,252.200,248.260,248.480
2023-11-09 16:00:00,248.480,251.430,248.370,249.540
2023-11-09 20:00:00,249.530,256.360,247.180,251.970
2023-11-10 00:00:00,251.930,253.390,238.900,244.860
2023-11-10 04:00:00,244.860,251.930,242.830,251.840
2023-11-10 08:00:00,251.850,258.310,251.300,255.700
2023-11-10 12:00:00,255.700,257.200,251.550,251.700
2023-11-10 16:00:00,251.700,253.800,249.530,253.120
2023-11-10 20:00:00,253.130,253.280,248.050,249.050
2023-11-11 00:00:00,249.930,251.760,249.700,250.770
2023-11-11 04:00:00,250.770,252.580,250.060,251.140
2023-11-11 08:00:00,251.130,252.750,247.050,248.290
2023-11-11 12:00:00,248.300,249.520,246.030,248.970
2023-11-11 16:00:00,248.970,250.020,248.350,248.880
2023-11-11 20:00:00,248.890,254.810,248,253.160
2023-11-12 00:00:00,253.160,255.380,252.430,254.080
2023-11-12 04:00:00,254.070,254.140,249.520,251.660
2023-11-12 08:00:00,251.650,252.110,243,248.840
2023-11-12 12:00:00,248.840,251.260,247.330,250.840
2023-11-12 16:00:00,250.830,250.950,248.510,249.310
2023-11-12 20:00:00,249.310,249.680,247.300,248.760
2023-11-13 00:00:00,248.760,249.160,247.430,248.080
2023-11-13 04:00:00,248.080,249.290,246.620,247.680
2023-11-13 08:00:00,247.690,250.370,245.300,245.620
2023-11-13 12:00:00,245.620,246.940,244,245.930
2023-11-13 16:00:00,245.930,247.530,244.040,245.180
2023-11-13 20:00:00,245.180,247.310,243,247.250
2023-11-14 00:00:00,247.250,247.750,243.720,246.230
2023-11-14 04:00:00,246.230,246.330,240.220,241.160
2023-11-14 08:00:00,241.160,242.740,237.770,242.660
2023-11-14 12:00:00,242.660,244.700,241.670,244.550
2023-11-14 16:00:00,244.550,249.770,244,244.760
2023-11-14 20:00:00,244.770,247.180,242.580,244.310
2023-11-15 00:00:00,244.320,245.860,233,240.210
2023-11-15 04:00:00,240.210,243.050,239.420,242.400
2023-11-15 08:00:00,242.400,245.560,242.240,244.060
2023-11-15 12:00:00,244.050,246.900,243.970,245.450
2023-11-15 16:00:00,245.460,247.330,244.740,247.240
2023-11-15 20:00:00,247.230,254.800,247.210,252.580
2023-11-16 00:00:00,252.570,254.700,251.200,253.190
2023-11-16 04:00:00,253.180,254.230,250.880,254.020
2023-11-16 08:00:00,254.020,254.910,252.120,253.450
2023-11-16 12:00:00,253.450,255.880,251.900,255.160
2023-11-16 16:00:00,255.170,256.120,250.750,251.820
2023-11-16 20:00:00,251.830,252.130,244.740,246.500
2023-11-17 00:00:00,246.510,247.950,240.100,243.370
2023-11-17 04:00:00,243.370,243.620,240.450,242.820
2023-11-17 08:00:00,242.810,246.040,242.530,244.710
2023-11-17 12:00:00,244.710,245.900,243.620,244.590
2023-11-17 16:00:00,244.600,245.990,242.640,244.330
2023-11-17 20:00:00,244.330,245.220,238.450,239.050
2023-11-18 00:00:00,239.050,244.520,238.560,243.400
2023-11-18 04:00:00,243.410,245.480,242.830,244.970
2023-11-18 08:00:00,244.960,245,241.560,241.650
2023-11-18 12:00:00,241.650,243.140,238.570,241.950
2023-11-18 16:00:00,241.950,243.880,241.440,243.100
2023-11-18 20:00:00,243.100,244.710,241.360,244.550
2023-11-19 00:00:00,244.550,245.380,243.690,245.240
2023-11-19 04:00:00,245.240,245.290,243.580,244.910
2023-11-19 08:00:00,244.910,244.940,242,244.350
2023-11-19 12:00:00,244.340,244.880,243.830,244.490
2023-11-19 16:00:00,244.490,245.140,242.520,243.360
2023-11-19 20:00:00,243.350,243.860,242.140,243.670
2023-11-20 00:00:00,243.670,246.020,243.550,245.820
2023-11-20 04:00:00,245.830,247.050,244.320,246.550
2023-11-20 08:00:00,246.550,247.990,245.400,246.740
2023-11-20 12:00:00,246.750,247.590,245.770,247.450
2023-11-20 16:00:00,247.450,249.390,247.090,247.690
2023-11-20 20:00:00,247.690,248.550,244.320,248.280
2023-11-21 00:00:00,248.290,269.340,233.460,257.710
2023-11-21 04:00:00,257.710,259.130,250.850,253.270
2023-11-21 08:00:00,253.260,268.400,252.550,262.950
2023-11-21 12:00:00,262.950,264.610,257.190,257.520
2023-11-21 16:00:00,257.520,261.350,257.320,258.970
2023-11-21 20:00:00,258.960,272.420,247.430,264.720
2023-11-22 00:00:00,264.740,266.900,236.330,240.350
2023-11-22 04:00:00,240.380,248.400,224,225.660
2023-11-22 08:00:00,225.660,235.300,224.620,234.370
2023-11-22 12:00:00,234.370,238.490,232.210,233.130
2023-11-22 16:00:00,233.130,237.770,232.680,234.180
2023-11-22 20:00:00,234.170,234.980,230.240,231.780
2023-11-23 00:00:00,231.790,236.730,230.030,235.350
2023-11-23 04:00:00,235.350,238.450,234.360,236.380
2023-11-23 08:00:00,236.390,239.420,235.500,235.530
2023-11-23 12:00:00,235.540,236.490,233.810,235.320
2023-11-23 16:00:00,235.330,237.080,232.250,232.940
2023-11-23 20:00:00,232.940,233.840,230.300,230.980
2023-11-24 00:00:00,230.980,234.330,230.650,233.670
2023-11-24 04:00:00,233.660,234.580,233.270,233.890
2023-11-24 08:00:00,233.880,235.830,233.560,234.890
2023-11-24 12:00:00,234.900,235.990,234.560,235.620
2023-11-24 16:00:00,235.630,237,233.710,235.300
2023-11-24 20:00:00,235.290,236.480,233.820,235.240
2023-11-25 00:00:00,235.230,236.310,232,232.860
2023-11-25 04:00:00,232.860,233.600,231.580,232.860
2023-11-25 08:00:00,232.860,235.550,232.250,234.620
2023-11-25 12:00:00,234.620,235.600,234.020,235.580
2023-11-25 16:00:00,235.590,235.850,232.380,233.250
2023-11-25 20:00:00,233.260,234.040,232.730,233.730
2023-11-26 00:00:00,233.730,234,233.050,233.380
2023-11-26 04:00:00,233.390,234.520,233.140,234.450
2023-11-26 08:00:00,234.440,234.500,232.810,232.930
2023-11-26 12:00:00,232.930,234.280,232.750,233.980
2023-11-26 16:00:00,233.990,234.440,233.510,233.590
2023-11-26 20:00:00,233.580,234.220,231.330,231.540
2023-11-27 00:00:00,231.540,232.120,227.760,231.440
2023-11-27 04:00:00,231.430,232.970,231.240,231.920
2023-11-27 08:00:00,231.910,233.100,228.150,229.180
2023-11-27 12:00:00,229.170,231.570,227.430,229.100
2023-11-27 16:00:00,229.100,229.720,224.840,226.020
2023-11-27 20:00:00,226.030,227.680,222.500,222.970
2023-11-28 00:00:00,222.970,227.750,222.750,224.790
2023-11-28 04:00:00,224.780,227.860,223.530,227.420
2023-11-28 08:00:00,227.410,228.790,225.630,226.850
2023-11-28 12:00:00,226.860,227.280,224.370,225.940
2023-11-28 16:00:00,225.950,229.370,225.290,229.080
2023-11-28 20:00:00,229.080,230.800,228.170,229.890
2023-11-29 00:00:00,229.900,231.950,229.510,230.440
2023-11-29 04:00:00,230.450,231.320,229.160,229.690
2023-11-29 08:00:00,229.700,230.640,228.810,229.530
2023-11-29 12:00:00,229.540,230.810,229.310,230.090
2023-11-29 16:00:00,230.100,231.450,228.260,229.450
2023-11-29 20:00:00,229.450,229.850,226.390,227.710
2023-11-30 00:00:00,227.710,228.160,226.320,227.660
2023-11-30 04:00:00,227.650,227.760,226.680,227.430
2023-11-30 08:00:00,227.430,229.160,226.590,228.930
2023-11-30 12:00:00,228.930,229.370,227.610,227.900
2023-11-30 16:00:00,227.890,229.030,226.950,228.980
2023-11-30 20:00:00,228.980,229.250,226.330,226.900
2023-12-01 00:00:00,226.900,227.800,226.160,227.490
2023-12-01 04:00:00,227.490,228.100,227.150,227.670
2023-12-01 08:00:00,227.660,229.380,227.160,229.240
2023-12-01 12:00:00,229.240,230.080,228.520,228.710
2023-12-01 16:00:00,228.700,230.140,228.500,229.040
2023-12-01 20:00:00,229.040,229.270,227.550,228.470
2023-12-02 00:00:00,228.480,229.560,228.070,228.950
2023-12-02 04:00:00,228.950,229.150,228.250,228.640
2023-12-02 08:00:00,228.640,229.910,228.260,229.390
2023-12-02 12:00:00,229.400,229.720,228.540,228.540
2023-12-02 16:00:00,228.540,228.960,227.160,227.280
2023-12-02 20:00:00,227.280,228.100,226.410,227.330
2023-12-03 00:00:00,227.320,230.570,227.090,229.050
2023-12-03 04:00:00,229.050,230.300,228.820,229.240
2023-12-03 08:00:00,229.230,232.040,228,228.620
2023-12-03 12:00:00,228.630,228.870,227.060,228.280
2023-12-03 16:00:00,228.280,229.360,227.970,228.160
2023-12-03 20:00:00,228.170,228.360,226.490,227.100
2023-12-04 00:00:00,227.110,227.470,226.080,227.170
2023-12-04 04:00:00,227.170,229.280,226.620,228.230
2023-12-04 08:00:00,228.240,230.150,228.130,228.940
2023-12-04 12:00:00,228.940,235,228.140,232.090
2023-12-04 16:00:00,232.090,237.590,223.030,229.790
2023-12-04 20:00:00,229.790,231.770,227.160,230.080
2023-12-05 00:00:00,230.070,232.210,229.590,232.140
2023-12-05 04:00:00,232.140,233.680,230.950,233.660
2023-12-05 08:00:00,233.650,235.190,230.600,232.920
2023-12-05 12:00:00,232.920,233.280,227.960,229.530
2023-12-05 16:00:00,229.520,230.560,228.400,230.260
2023-12-05 20:00:00,230.250,231.860,229.680,231.250
2023-12-06 00:00:00,231.260,233.460,230.630,231.420
2023-12-06 04:00:00,231.430,231.760,230.250,231.430
2023-12-06 08:00:00,231.440,233.040,230.800,231.950
2023-12-06 12:00:00,231.940,233.780,228.560,233.380
2023-12-06 16:00:00,233.380,235.150,228.780,230.420
2023-12-06 20:00:00,230.410,231.330,229.180,230.170
2023-12-07 00:00:00,230.170,231.920,229.600,231.070
2023-12-07 04:00:00,231.080,233.050,229.010,229.600
2023-12-07 08:00:00,229.600,233,229.310,232.960
2023-12-07 12:00:00,232.950,235,232.440,232.690
2023-12-07 16:00:00,232.690,233.160,228.370,230.270
2023-12-07 20:00:00,230.270,233.470,230.210,232.800
2023-12-08 00:00:00,232.810,234.500,230.200,230.920
2023-12-08 04:00:00,230.920,233.280,230.530,232.810
2023-12-08 08:00:00,232.810,236.880,232.550,235.740
2023-12-08 12:00:00,235.730,237.400,232.160,233.040
2023-12-08 16:00:00,233.050,236.150,231,234.880
2023-12-08 20:00:00,234.890,236.500,233.830,235.170
2023-12-09 00:00:00,235.180,238.480,234.720,238.080
2023-12-09 04:00:00,238.080,240.220,238.040,239.100
2023-12-09 08:00:00,239.090,245,239.090,243.940
2023-12-09 12:00:00,243.940,245.920,243,244.160
2023-12-09 16:00:00,244.160,245.480,238.560,242.500
2023-12-09 20:00:00,242.490,243.100,238.250,240.710
2023-12-10 00:00:00,240.710,240.990,237.300,239.880
2023-12-10 04:00:00,239.890,240.300,236.210,237.870
2023-12-10 08:00:00,237.860,240.930,237.560,240.640
2023-12-10 12:00:00,240.640,241.510,239.370,240.740
2023-12-10 16:00:00,240.730,241.080,236.760,238.530
2023-12-10 20:00:00,238.540,241.410,238.290,240.130
2023-12-11 00:00:00,240.120,240.560,238.780,240.230
2023-12-11 04:00:00,240.220,241.080,239.060,239.960
2023-12-11 08:00:00,239.960,241.560,225.580,233.330
2023-12-11 12:00:00,233.330,234.530,231,232.620
2023-12-11 16:00:00,232.610,238.140,231.660,236.230
2023-12-11 20:00:00,236.220,248.410,235.530,244.490
2023-12-12 00:00:00,244.480,247.060,236.880,240.050
2023-12-12 04:00:00,240.070,246.980,239.900,246.630
2023-12-12 08:00:00,246.630,253.910,245.650,253.400
2023-12-12 12:00:00,253.400,254.370,248.330,250.460
2023-12-12 16:00:00,250.460,251.440,248.490,250.150
2023-12-12 20:00:00,250.160,256.180,249.360,253.940
2023-12-13 00:00:00,253.940,257.130,248.530,255.110
2023-12-13 04:00:00,255.110,256.660,252.400,253.640
2023-12-13 08:00:00,253.640,254.190,245.240,246.340
2023-12-13 12:00:00,246.340,248.550,244.160,247.570
2023-12-13 16:00:00,247.570,251.480,247.560,249.050
2023-12-13 20:00:00,249.050,251.370,248.500,251.300
2023-12-14 00:00:00,251.300,253.330,249.800,253.080
2023-12-14 04:00:00,253.080,255.950,251.260,251.860
2023-12-14 08:00:00,251.860,253.050,248.130,248.470
2023-12-14 12:00:00,248.480,250.680,248.200,250.620
2023-12-14 16:00:00,250.620,253.040,250.150,251.810
2023-12-14 20:00:00,251.810,252.490,245.500,250.940
2023-12-15 00:00:00,250.940,254.190,250.490,251.870
2023-12-15 04:00:00,251.870,254,251.130,253.070
2023-12-15 08:00:00,253.080,253.290,250.780,250.950
2023-12-15 12:00:00,250.960,251.300,248.810,248.930
2023-12-15 16:00:00,248.940,250.710,248.170,249.720
2023-12-15 20:00:00,249.720,249.840,244.550,245.800
2023-12-16 00:00:00,245.790,247.790,245.170,246.420
2023-12-16 04:00:00,246.430,247.500,242.100,244.550
2023-12-16 08:00:00,244.550,248.420,242.420,247.510
2023-12-16 12:00:00,247.510,247.730,245.860,246.610
2023-12-16 16:00:00,246.600,247.030,245.810,246.840
2023-12-16 20:00:00,246.840,247,245.420,246.270
2023-12-17 00:00:00,246.280,247.070,243.690,244.970
2023-12-17 04:00:00,244.970,245.560,243.500,244.160
2023-12-17 08:00:00,244.160,244.370,242.310,243
2023-12-17 12:00:00,242.990,243.410,239.260,240.300
2023-12-17 16:00:00,240.310,242.160,239.870,241.520
2023-12-17 20:00:00,241.520,242.190,239.820,242.190
2023-12-18 00:00:00,242.190,243.920,241.690,242.570
2023-12-18 04:00:00,242.580,243.420,238.710,238.970
2023-12-18 08:00:00,238.970,240.290,235.550,237.410
2023-12-18 12:00:00,237.420,238.570,236,236.870
2023-12-18 16:00:00,236.870,238.300,232.010,235.710
2023-12-18 20:00:00,235.700,239.480,234.490,237.170
2023-12-19 00:00:00,237.180,239.200,236.580,238.480
2023-12-19 04:00:00,238.470,241.880,237.750,241.860
2023-12-19 08:00:00,241.850,247.280,241.510,245.290
2023-12-19 12:00:00,245.300,247.760,244.960,245.090
2023-12-19 16:00:00,245.100,253.280,244.820,251.860
2023-12-19 20:00:00,251.870,253.590,249.100,251.190
2023-12-20 00:00:00,251.180,254.000,249.670,253.300
2023-12-20 04:00:00,253.290,254.410,250.710,252.350
2023-12-20 08:00:00,252.350,253.800,250.240,252.080
2023-12-20 12:00:00,252.070,256.200,251.630,256.090
2023-12-20 16:00:00,256.090,257.740,255.030,255.280
2023-12-20 20:00:00,255.270,259.500,255.060,257.860
2023-12-21 00:00:00,257.850,261.450,257.490,259.300
2023-12-21 04:00:00,259.300,260.000,255.000,259.970
2023-12-21 08:00:00,259.970,260.200,256.200,258.230
2023-12-21 12:00:00,258.220,261.480,256.410,260.540
2023-12-21 16:00:00,260.540,271.800,260.540,271.580
2023-12-21 20:00:00,271.580,274.650,269.850,271.350
2023-12-22 00:00:00,271.360,272.980,268.410,269.780
2023-12-22 04:00:00,269.790,271.970,268.790,271.910
2023-12-22 08:00:00,271.910,272.700,269.500,271.360
2023-12-22 12:00:00,271.350,276.030,264.700,265.230
2023-12-22 16:00:00,265.230,271.550,265.110,270.140
2023-12-22 20:00:00,270.150,272.580,266.190,271.430
2023-12-23 00:00:00,271.420,272.000,267.880,269.770
2023-12-23 04:00:00,269.780,272.790,269.740,271.070
2023-12-23 08:00:00,271.070,271.970,265.590,266.060
2023-12-23 12:00:00,266.050,268.220,265.360,266.040
2023-12-23 16:00:00,266.050,268.120,265.870,267.690
2023-12-23 20:00:00,267.700,269.740,267.480,269.500
2023-12-24 00:00:00,269.500,271.220,268.750,269.990
2023-12-24 04:00:00,269.980,271.700,269.820,270.750
2023-12-24 08:00:00,270.760,272.180,269.510,269.760
2023-12-24 12:00:00,269.760,270.750,266.050,269.030
2023-12-24 16:00:00,269.020,269.150,265.890,268.040
2023-12-24 20:00:00,268.050,270.950,267.260,269.080
2023-12-25 00:00:00,269.110,269.440,267.760,268.400
2023-12-25 04:00:00,268.410,268.440,260.530,264.020
2023-12-25 08:00:00,264.000,265.000,261.110,264.500
2023-12-25 12:00:00,264.510,266.790,264.450,264.880
2023-12-25 16:00:00,264.890,266.100,262.680,264.530
2023-12-25 20:00:00,264.520,268.150,263.560,267.110
2023-12-26 00:00:00,267.100,267.390,264.160,265.810
2023-12-26 04:00:00,265.800,267.360,263.720,266.560
2023-12-26 08:00:00,266.560,271.000,264.320,270.980
2023-12-26 12:00:00,270.980,273.710,263.820,272.780
2023-12-26 16:00:00,272.770,289.950,272.490,289.780
2023-12-26 20:00:00,289.780,302.900,287.150,296.080
2023-12-27 00:00:00,296.080,298.590,283.300,295.450
2023-12-27 04:00:00,295.450,298.300,292.930,297.510
2023-12-27 08:00:00,297.500,298.380,285.000,289.880
2023-12-27 12:00:00,289.880,295.720,288.720,292.820
2023-12-27 16:00:00,292.810,310.790,291.600,310.500
2023-12-27 20:00:00,310.490,314.000,306.040,311.400
2023-12-28 00:00:00,311.390,315.540,305.200,311.770
2023-12-28 04:00:00,311.770,324.130,310.130,323.760
2023-12-28 08:00:00,323.750,327.990,319.200,325.390
2023-12-28 12:00:00,325.390,329.940,320.280,323.460
2023-12-28 16:00:00,323.490,335.470,323.050,334.970
2023-12-28 20:00:00,334.980,337.730,323.620,328.650
2023-12-29 00:00:00,328.650,334.400,326.860,330.010
2023-12-29 04:00:00,330.010,330.080,320.700,322.210
2023-12-29 08:00:00,322.200,325.250,314.300,320.540
2023-12-29 12:00:00,320.560,321.680,311.330,313.140
2023-12-29 16:00:00,313.140,319.380,312.120,317.430
2023-12-29 20:00:00,317.420,321.490,308.820,311.250
2023-12-30 00:00:00,311.250,313.780,307.410,313.610
2023-12-30 04:00:00,313.610,313.720,306.460,313.290
2023-12-30 08:00:00,313.290,316.600,311.840,315.530
2023-12-30 12:00:00,315.520,318.990,314.580,317.780
2023-12-30 16:00:00,317.780,318.780,312.420,316.200
2023-12-30 20:00:00,316.200,320.480,314.600,318.140
2023-12-31 00:00:00,318.150,319.440,314.800,315.480
2023-12-31 04:00:00,315.480,317.850,313.000,316.710
2023-12-31 08:00:00,316.690,319.700,315.840,318.900
2023-12-31 12:00:00,318.910,324.790,318.260,322.090
2023-12-31 16:00:00,322.090,322.990,317.040,317.330
2023-12-31 20:00:00,317.330,318.420,314.800,315.280
2024-01-01 00:00:00,315.280,318.130,314.980,315.800
2024-01-01 04:00:00,315.800,315.810,306.380,311.330
2024-01-01 08:00:00,311.330,315.250,308.030,308.640
2024-01-01 12:00:00,308.640,311.210,306.650,310.420
2024-01-01 16:00:00,310.430,312.000,308.800,309.330
2024-01-01 20:00:00,309.310,312.370,308.500,312.190
2024-01-02 00:00:00,312.190,313.120,310.550,311.640
2024-01-02 04:00:00,311.640,315.370,311.020,313.530
2024-01-02 08:00:00,313.530,320.290,312.170,318.710
2024-01-02 12:00:00,318.710,318.880,316.510,317.240
2024-01-02 16:00:00,317.240,320.280,317.120,319.450
2024-01-02 20:00:00,319.450,321.140,304.900,308.230
2024-01-03 00:00:00,308.220,310.890,307.210,310.630
2024-01-03 04:00:00,310.620,312.160,308.910,311.880
2024-01-03 08:00:00,311.880,314.400,311.310,312.300
2024-01-03 12:00:00,312.290,321.660,312.270,316.870
2024-01-03 16:00:00,316.880,334.300,316.880,323.200
2024-01-03 20:00:00,323.200,323.670,285.380,317.020
2024-01-04 00:00:00,317.050,321.770,310.000,313.500
2024-01-04 04:00:00,313.490,318.500,313.150,315.600
2024-01-04 08:00:00,315.600,317.660,310.580,317.020
2024-01-04 12:00:00,317.020,321.940,316.150,318.230
2024-01-04 16:00:00,318.260,324.150,315.620,316.580
2024-01-04 20:00:00,316.600,321.570,314.920,319.490
2024-01-05 00:00:00,319.500,321.000,317.000,317.860
2024-01-05 04:00:00,317.870,323.100,317.790,323.020
2024-01-05 08:00:00,323.020,326.600,316.060,320.850
2024-01-05 12:00:00,320.870,322.870,316.890,317.140
2024-01-05 16:00:00,317.140,321.190,315.710,318.230
2024-01-05 20:00:00,318.220,318.990,310.870,313.360
2024-01-06 00:00:00,313.360,314.220,308.000,313.320
2024-01-06 04:00:00,313.310,317.500,313.310,317.140
2024-01-06 08:00:00,317.130,317.140,303.560,307.230
2024-01-06 12:00:00,307.220,308.210,300.020,303.570
2024-01-06 16:00:00,303.560,307.470,302.090,306.680
2024-01-06 20:00:00,306.670,307.350,303.400,306.560
2024-01-07 00:00:00,306.550,307.690,304.360,305.370
2024-01-07 04:00:00,305.360,307.470,304.150,307.200
2024-01-07 08:00:00,307.200,308.180,304.710,306.150
2024-01-07 12:00:00,306.150,308.950,306.020,308.810
2024-01-07 16:00:00,308.810,309.410,305.140,305.780
2024-01-07 20:00:00,305.780,307.690,303.660,305.180
2024-01-08 00:00:00,305.160,306.300,302.120,306.070
2024-01-08 04:00:00,306.080,306.530,299.200,302.060
2024-01-08 08:00:00,302.060,302.170,289.170,293.440
2024-01-08 12:00:00,293.440,299.910,292.450,298.560
2024-01-08 16:00:00,298.550,300.000,296.400,298.940
2024-01-08 20:00:00,298.970,302.880,298.720,300.940
2024-01-09 00:00:00,300.940,307.810,299.300,307.290
2024-01-09 04:00:00,307.290,307.640,303.820,303.840
2024-01-09 08:00:00,303.850,304.790,297.930,298.570
2024-01-09 12:00:00,298.580,304.700,298.070,304.520
2024-01-09 16:00:00,304.530,306.900,302.220,304.620
2024-01-09 20:00:00,304.620,305.200,296.350,301.280
2024-01-10 00:00:00,301.280,302.500,298.010,299.780
2024-01-10 04:00:00,299.810,302.740,295.850,301.370
2024-01-10 08:00:00,301.370,303.230,300.650,302.020
2024-01-10 12:00:00,302.010,302.820,299.520,299.940
2024-01-10 16:00:00,299.950,301.300,297.940,299.750
2024-01-10 20:00:00,299.760,299.900,289.020,294.820
2024-01-11 00:00:00,294.810,298.350,293.340,298.110
2024-01-11 04:00:00,298.110,310.420,291.000,305.990
2024-01-11 08:00:00,305.990,306.950,301.980,306.820
2024-01-11 12:00:00,306.810,308.860,302.670,307.620
2024-01-11 16:00:00,307.620,316.810,307.410,314.680
2024-01-11 20:00:00,314.690,317.000,305.000,307.520
2024-01-12 00:00:00,307.520,309.560,301.400,309.350
2024-01-12 04:00:00,309.350,310.320,305.940,308.510
2024-01-12 08:00:00,308.500,313.350,305.720,310.900
2024-01-12 12:00:00,310.900,313.130,307.580,308.900
2024-01-12 16:00:00,308.900,311.650,307.140,310.650
2024-01-12 20:00:00,310.650,312.580,305.060,305.740
2024-01-13 00:00:00,305.740,307.100,296.750,301.140
2024-01-13 04:00:00,301.140,302.550,288.480,296.810
2024-01-13 08:00:00,296.820,297.850,290.960,296.370
2024-01-13 12:00:00,296.370,299.730,295.720,299.380
2024-01-13 16:00:00,299.380,300.600,297.140,299.390
2024-01-13 20:00:00,299.380,302.800,298.240,302.430
2024-01-14 00:00:00,302.430,303.270,300.860,301.800
2024-01-14 04:00:00,301.800,303.180,301.280,302.350
2024-01-14 08:00:00,302.360,303.140,300.340,302.420
2024-01-14 12:00:00,302.410,305.630,301.240,304.480
2024-01-14 16:00:00,304.470,305.500,303.120,303.390
2024-01-14 20:00:00,303.400,306.890,303.130,305.510
2024-01-15 00:00:00,305.510,306.770,303.630,304.240
2024-01-15 04:00:00,304.240,305.640,298.890,299.670
2024-01-15 08:00:00,299.670,310.220,299.580,309.790
2024-01-15 12:00:00,309.790,320.160,309.690,315.230
2024-01-15 16:00:00,315.230,317.150,311.380,313.240
2024-01-15 20:00:00,313.250,322.230,312.540,313.940
2024-01-16 00:00:00,313.940,318.590,313.650,318.100
2024-01-16 04:00:00,318.100,318.680,311.690,317.140
2024-01-16 08:00:00,317.140,318.000,313.570,315.380
2024-01-16 12:00:00,315.380,317.500,314.580,315.970
2024-01-16 16:00:00,315.980,318.770,314.910,317.590
2024-01-16 20:00:00,317.590,318.870,312.630,316.930
2024-01-17 00:00:00,316.940,318.100,312.830,314.780
2024-01-17 04:00:00,314.790,316.990,314.770,315.050
2024-01-17 08:00:00,315.040,316.160,312.880,314.320
2024-01-17 12:00:00,314.320,314.650,308.630,308.900
2024-01-17 16:00:00,308.900,315.290,308.000,312.880
2024-01-17 20:00:00,312.880,314.540,310.830,311.920
2024-01-18 00:00:00,311.910,312.190,307.600,308.030
2024-01-18 04:00:00,308.040,310.500,306.170,309.250
2024-01-18 08:00:00,309.250,310.600,305.550,309.640
2024-01-18 12:00:00,309.630,312.330,308.660,311.450
2024-01-18 16:00:00,311.450,312.540,310.010,311.770
2024-01-18 20:00:00,311.760,315.000,309.750,314.850
2024-01-19 00:00:00,314.840,314.850,307.350,308.410
2024-01-19 04:00:00,308.410,314.640,307.510,312.730
2024-01-19 08:00:00,312.730,313.140,307.360,310.470
2024-01-19 12:00:00,310.470,312.280,309.870,311.340
2024-01-19 16:00:00,311.350,314.190,311.020,313.710
2024-01-19 20:00:00,313.710,315.750,310.780,310.980
2024-01-20 00:00:00,310.990,313.330,304.540,313.210
2024-01-20 04:00:00,313.220,314.400,311.430,314.390
2024-01-20 08:00:00,314.400,315.420,312.480,313.060
2024-01-20 12:00:00,313.080,313.890,312.330,313.070
2024-01-20 16:00:00,313.080,314.910,311.880,314.650
2024-01-20 20:00:00,314.650,315.000,312.710,313.740
2024-01-21 00:00:00,313.740,314.780,313.510,314.310
2024-01-21 04:00:00,314.310,317.140,314.100,317.030
2024-01-21 08:00:00,317.030,319.460,316.040,318.190
2024-01-21 12:00:00,318.200,318.600,316.890,317.350
2024-01-21 16:00:00,317.350,319.100,317.000,318.920
2024-01-21 20:00:00,318.930,319.100,317.240,318.430
2024-01-22 00:00:00,318.430,321.580,317.560,320.240
2024-01-22 04:00:00,320.240,321.470,317.820,318.410
2024-01-22 08:00:00,318.410,320.000,314.680,316.260
2024-01-22 12:00:00,316.260,318.260,313.300,317.530
2024-01-22 16:00:00,317.540,317.590,310.260,313.000
2024-01-22 20:00:00,313.010,314.860,307.940,310.800
2024-01-23 00:00:00,310.820,312.190,303.300,306.170
2024-01-23 04:00:00,306.180,309.240,305.000,305.800
2024-01-23 08:00:00,305.800,310.790,305.010,310.000
2024-01-23 12:00:00,310.000,311.200,306.660,307.990
2024-01-23 16:00:00,307.990,308.880,291.390,295.850
2024-01-23 20:00:00,295.860,298.590,290.100,296.640
2024-01-24 00:00:00,296.640,298.800,293.940,293.990
2024-01-24 04:00:00,293.990,298.710,291.990,298.520
2024-01-24 08:00:00,298.530,300.450,297.270,298.030
2024-01-24 12:00:00,298.040,298.250,291.260,293.160
2024-01-24 16:00:00,293.170,296.880,291.810,295.160
2024-01-24 20:00:00,295.170,297.670,292.290,294.040
2024-01-25 00:00:00,294.050,294.480,289.940,292.010
2024-01-25 04:00:00,292.020,293.740,290.630,292.910
2024-01-25 08:00:00,292.920,293.650,287.460,290.500
2024-01-25 12:00:00,290.500,292.500,287.710,292.170
2024-01-25 16:00:00,292.170,295.220,289.310,294.630
2024-01-25 20:00:00,294.640,296.400,291.600,292.510
2024-01-26 00:00:00,292.510,293.260,288.840,291.770
2024-01-26 04:00:00,291.780,292.540,290.610,292.080
2024-01-26 08:00:00,292.090,295.300,290.680,293.810
2024-01-26 12:00:00,293.810,295.160,293.420,294.680
2024-01-26 16:00:00,294.680,303.960,294.490,302.790
2024-01-26 20:00:00,302.790,303.330,300.750,302.690
2024-01-27 00:00:00,302.690,303.740,301.370,301.490
2024-01-27 04:00:00,301.500,302.650,301.130,302.070
2024-01-27 08:00:00,302.080,307.730,301.880,305.710
2024-01-27 12:00:00,305.720,306.650,302.430,303.140
2024-01-27 16:00:00,303.150,304.550,302.440,303.890
2024-01-27 20:00:00,303.890,304.370,303.030,303.710
2024-01-28 00:00:00,303.720,305.780,302.900,305.590
2024-01-28 04:00:00,305.600,306.660,304.890,305.680
2024-01-28 08:00:00,305.680,306.260,304.320,306.040
2024-01-28 12:00:00,306.040,308.750,305.370,305.910
2024-01-28 16:00:00,305.910,308.990,305.610,307.080
2024-01-28 20:00:00,307.070,307.990,304.680,304.960
2024-01-29 00:00:00,304.960,306.270,303.480,303.910
2024-01-29 04:00:00,303.910,305.780,303.110,305.240
2024-01-29 08:00:00,305.250,307.490,304.420,306.100
2024-01-29 12:00:00,306.090,306.780,305.830,306.080
2024-01-29 16:00:00,306.080,309.580,305.360,308.040
2024-01-29 20:00:00,308.040,308.880,305.220,308.400
2024-01-30 00:00:00,308.390,310.430,307.840,309.910
2024-01-30 04:00:00,309.920,311.000,309.630,310.670
2024-01-30 08:00:00,310.680,313.130,309.930,310.760
2024-01-30 12:00:00,310.760,311.750,310.070,310.910
2024-01-30 16:00:00,310.910,311.400,309.880,310.510
2024-01-30 20:00:00,310.520,311.920,307.250,309.150
2024-01-31 00:00:00,309.150,311.110,308.840,309.740
2024-01-31 04:00:00,309.740,310.920,306.330,307.590
2024-01-31 08:00:00,307.590,308.060,305.580,306.930
2024-01-31 12:00:00,306.930,307.340,305.970,306.920
2024-01-31 16:00:00,306.930,307.580,301.160,303.180
2024-01-31 20:00:00,303.170,305.160,300.060,304.690
2024-02-01 00:00:00,304.690,305.740,303.100,304.750
2024-02-01 04:00:00,304.750,304.850,298.460,300.530
2024-02-01 08:00:00,300.530,301.380,296.390,298.480
2024-02-01 12:00:00,298.470,300.080,297.120,298.110
2024-02-01 16:00:00,298.120,300.590,297.400,299.210
2024-02-01 20:00:00,299.210,302.120,298.350,299.850
2024-02-02 00:00:00,299.850,301.660,298.110,300.660
2024-02-02 04:00:00,300.640,301.200,299.080,300.140
2024-02-02 08:00:00,300.140,302.760,299.700,302.270
2024-02-02 12:00:00,302.280,303.720,301.150,303.220
2024-02-02 16:00:00,303.230,305.280,302.100,302.950
2024-02-02 20:00:00,302.960,303.360,299.910,302.340
2024-02-03 00:00:00,302.350,302.770,300.060,300.580
2024-02-03 04:00:00,300.580,301.550,300.020,301.270
2024-02-03 08:00:00,301.280,302.800,300.850,302.340
2024-02-03 12:00:00,302.340,303.740,302.070,302.210
2024-02-03 16:00:00,302.210,302.450,301.400,301.470
2024-02-03 20:00:00,301.480,302.080,299.560,300.370
2024-02-04 00:00:00,300.370,301.810,299.760,300.280
2024-02-04 04:00:00,300.280,300.840,299.520,299.660
2024-02-04 08:00:00,299.670,301.250,298.220,300.490
2024-02-04 12:00:00,300.500,300.530,297.910,299.280
2024-02-04 16:00:00,299.280,300.750,299.270,299.970
2024-02-04 20:00:00,299.980,307.190,299.870,305.970
2024-02-05 00:00:00,305.960,306.600,304.290,305.420
2024-02-05 04:00:00,305.420,307.800,303.960,304.720
2024-02-05 08:00:00,304.720,306.750,302.760,304.420
2024-02-05 12:00:00,304.420,306.940,301.340,304.550
2024-02-05 16:00:00,304.550,305.600,303.060,304.820
2024-02-05 20:00:00,304.820,304.830,300.430,300.790
2024-02-06 00:00:00,300.800,301.730,300.080,301.550
2024-02-06 04:00:00,301.550,301.910,299.340,301.130
2024-02-06 08:00:00,301.130,302.770,300.740,302.170
2024-02-06 12:00:00,302.170,302.680,301.060,301.500
2024-02-06 16:00:00,301.510,303.650,301.170,301.560
2024-02-06 20:00:00,301.570,303.500,301.500,302.710
2024-02-07 00:00:00,302.720,303.500,302.160,303.450
2024-02-07 04:00:00,303.450,303.620,302.560,302.770
2024-02-07 08:00:00,302.770,303.240,300.780,300.920
2024-02-07 12:00:00,300.910,302.940,300.700,302.330
2024-02-07 16:00:00,302.330,304.330,302.090,302.690
2024-02-07 20:00:00,302.690,304.300,302.430,303.320
2024-02-08 00:00:00,303.320,307.790,303.210,306.820
2024-02-08 04:00:00,306.820,308.790,306.810,307.410
2024-02-08 08:00:00,307.410,315.000,307.400,311.130
2024-02-08 12:00:00,311.130,315.000,311.050,314.480
2024-02-08 16:00:00,314.480,316.380,314.440,316.300
2024-02-08 20:00:00,316.290,320.330,315.000,319.660
2024-02-09 00:00:00,319.660,319.760,314.260,317.290
2024-02-09 04:00:00,317.290,319.480,316.940,318.540
2024-02-09 08:00:00,318.540,322.970,317.080,320.650
2024-02-09 12:00:00,320.650,322.500,319.620,320.580
2024-02-09 16:00:00,320.590,325.000,320.130,324.830
2024-02-09 20:00:00,324.840,325.820,320.670,321.910
2024-02-10 00:00:00,321.910,324.800,321.210,322.600
2024-02-10 04:00:00,322.600,324.000,321.870,323.780
2024-02-10 08:00:00,323.780,324.680,322.330,324.190
2024-02-10 12:00:00,324.200,324.800,322.810,323.050
2024-02-10 16:00:00,323.050,323.450,318.490,320.000
2024-02-10 20:00:00,319.990,321.330,319.620,320.740
2024-02-11 00:00:00,320.740,321.960,320.340,321.540
2024-02-11 04:00:00,321.540,323.480,321.420,322.590
2024-02-11 08:00:00,322.580,323.760,321.440,323.610
2024-02-11 12:00:00,323.610,324.220,322.750,323.870
2024-02-11 16:00:00,323.850,324.240,321.280,321.990
2024-02-11 20:00:00,321.990,322.460,319.850,320.700
2024-02-12 00:00:00,320.710,321.870,320.320,321.380
2024-02-12 04:00:00,321.380,321.860,319.610,320.430
2024-02-12 08:00:00,320.430,321.790,317.480,319.220
2024-02-12 12:00:00,319.220,320.050,315.220,317.980
2024-02-12 16:00:00,317.990,318.430,315.350,316.860
2024-02-12 20:00:00,316.870,322.290,316.480,321.920
2024-02-13 00:00:00,321.920,330.540,320.720,324.050
2024-02-13 04:00:00,324.050,328.500,323.940,327.660
2024-02-13 08:00:00,327.660,328.990,326.020,326.360
2024-02-13 12:00:00,326.370,327.220,325.790,325.940
2024-02-13 16:00:00,325.930,327.810,324.320,326.280
2024-02-13 20:00:00,326.280,326.490,317.690,321.930
2024-02-14 00:00:00,321.930,323.050,319.600,322.350
2024-02-14 04:00:00,322.360,324.550,322.100,324.300
2024-02-14 08:00:00,324.300,325.710,323.020,325.490
2024-02-14 12:00:00,325.500,327.930,324.620,327.810
2024-02-14 16:00:00,327.800,333.550,327.350,332.660
2024-02-14 20:00:00,332.650,334.420,330.040,332.270
2024-02-15 00:00:00,332.280,334.050,330.260,332.380
2024-02-15 04:00:00,332.380,334.330,332.010,333.470
2024-02-15 08:00:00,333.470,344.700,332.900,341.770
2024-02-15 12:00:00,341.770,345.150,337.520,345.140
2024-02-15 16:00:00,345.140,347.740,342.590,346.580
2024-02-15 20:00:00,346.580,366.400,344.700,360.470
2024-02-16 00:00:00,360.430,360.750,352.210,355.670
2024-02-16 04:00:00,355.640,355.870,348.910,353.890
2024-02-16 08:00:00,353.900,367.110,352.630,361.700
2024-02-16 12:00:00,361.700,363.630,354.400,356.190
2024-02-16 16:00:00,356.190,357.490,350.650,357.330
2024-02-16 20:00:00,357.330,364.820,355.500,358.230
2024-02-17 00:00:00,358.230,363.000,353.200,354.540
2024-02-17 04:00:00,354.540,361.000,354.060,360.250
2024-02-17 08:00:00,360.240,363.300,357.610,359.870
2024-02-17 12:00:00,359.880,360.870,355.230,359.420
2024-02-17 16:00:00,359.420,359.790,354.530,356.840
2024-02-17 20:00:00,356.840,359.350,348.000,351.450
2024-02-18 00:00:00,351.450,354.860,349.230,353.110
2024-02-18 04:00:00,353.120,354.550,351.500,352.410
2024-02-18 08:00:00,352.420,353.040,348.710,351.300
2024-02-18 12:00:00,351.300,356.490,350.550,355.150
2024-02-18 16:00:00,355.160,357.800,354.150,354.330
2024-02-18 20:00:00,354.320,354.810,351.220,352.340
2024-02-19 00:00:00,352.340,352.870,350.000,351.170
2024-02-19 04:00:00,351.160,353.500,349.320,349.870
2024-02-19 08:00:00,349.870,356.220,349.250,352.560
2024-02-19 12:00:00,352.560,354.990,350.360,354.770
2024-02-19 16:00:00,354.770,355.000,350.500,353.370
2024-02-19 20:00:00,353.390,354.910,350.910,354.450
2024-02-20 00:00:00,354.440,356.500,351.430,352.750
2024-02-20 04:00:00,352.750,355.000,351.310,351.830
2024-02-20 08:00:00,351.830,355.510,350.780,353.140
2024-02-20 12:00:00,353.140,361.690,352.130,357.970
2024-02-20 16:00:00,357.970,359.050,352.000,358.030
2024-02-20 20:00:00,358.020,360.400,348.840,351.410
2024-02-21 00:00:00,351.420,354.400,344.930,354.300
2024-02-21 04:00:00,354.290,357.010,353.390,354.860
2024-02-21 08:00:00,354.870,355.940,352.770,353.630
2024-02-21 12:00:00,353.640,360.710,351.200,360.420
2024-02-21 16:00:00,360.420,365.970,357.080,363.900
2024-02-21 20:00:00,363.910,374.000,361.110,369.470
2024-02-22 00:00:00,369.470,372.060,363.850,370.500
2024-02-22 04:00:00,370.500,378.870,370.210,378.690
2024-02-22 08:00:00,378.680,386.810,373.170,374.660
2024-02-22 12:00:00,374.700,381.610,373.930,381.100
2024-02-22 16:00:00,381.100,383.570,378.100,382.570
2024-02-22 20:00:00,382.560,383.560,375.480,380.700
2024-02-23 00:00:00,380.700,382.360,377.040,381.690
2024-02-23 04:00:00,381.700,387.210,380.100,382.330
2024-02-23 08:00:00,382.330,385.380,377.690,378.310
2024-02-23 12:00:00,378.320,383.050,374.110,374.410
2024-02-23 16:00:00,374.410,379.430,374.220,376.600
2024-02-23 20:00:00,376.610,377.000,370.870,371.260
2024-02-24 00:00:00,371.260,377.720,368.640,377.120
2024-02-24 04:00:00,377.120,377.130,372.410,375.290
2024-02-24 08:00:00,375.290,377.530,371.250,377.360
2024-02-24 12:00:00,377.360,379.900,376.630,379.310
2024-02-24 16:00:00,379.320,381.410,378.630,380.090
2024-02-24 20:00:00,380.090,381.250,378.740,379.180
2024-02-25 00:00:00,379.180,382.770,378.860,382.400
2024-02-25 04:00:00,382.400,382.440,380.910,381.270
2024-02-25 08:00:00,381.270,381.760,378.210,379.110
2024-02-25 12:00:00,379.120,380.970,377.530,380.270
2024-02-25 16:00:00,380.280,388.740,377.880,383.870
2024-02-25 20:00:00,383.860,386.660,383.360,384.760
2024-02-26 00:00:00,384.760,390.230,382.660,388.720
2024-02-26 04:00:00,388.720,391.030,387.080,388.280
2024-02-26 08:00:00,388.280,389.750,381.600,383.730
2024-02-26 12:00:00,383.740,388.880,383.360,386.040
2024-02-26 16:00:00,386.040,392.800,383.610,389.490
2024-02-26 20:00:00,389.500,398.800,386.740,396.310
2024-02-27 00:00:00,396.300,398.790,394.970,397.940
2024-02-27 04:00:00,397.930,405.000,397.550,401.460
2024-02-27 08:00:00,401.460,403.690,397.330,398.900
2024-02-27 12:00:00,398.900,400.450,394.200,395.530
2024-02-27 16:00:00,395.530,399.520,395.440,397.990
2024-02-27 20:00:00,397.980,400.170,391.020,392.410
2024-02-28 00:00:00,392.410,395.450,389.010,394.940
2024-02-28 04:00:00,394.950,396.400,393.760,394.270
2024-02-28 08:00:00,394.270,397.000,393.690,395.350
2024-02-28 12:00:00,395.360,400.780,394.800,400.180
2024-02-28 16:00:00,400.180,417.480,398.330,406.560
2024-02-28 20:00:00,406.570,414.760,405.400,413.110
2024-02-29 00:00:00,413.110,426.920,399.650,408.240
2024-02-29 04:00:00,408.210,416.110,404.700,414.580
2024-02-29 08:00:00,414.590,419.980,411.040,414.380
2024-02-29 12:00:00,414.380,417.900,412.480,415.400
2024-02-29 16:00:00,415.400,418.300,410.010,410.830
2024-02-29 20:00:00,410.820,411.940,407.030,407.800
2024-03-01 00:00:00,407.820,409.240,402.510,406.360
2024-03-01 04:00:00,406.370,407.530,390.930,399.620
2024-03-01 08:00:00,399.620,407.100,399.280,405.990
2024-03-01 12:00:00,406.000,408.350,402.790,404.050
2024-03-01 16:00:00,404.060,408.840,402.780,406.540
2024-03-01 20:00:00,406.540,408.900,402.570,403.150
2024-03-02 00:00:00,403.140,407.520,402.640,406.690
2024-03-02 04:00:00,406.710,408.800,405.670,407.650
2024-03-02 08:00:00,407.660,414.390,406.290,414.320
2024-03-02 12:00:00,414.350,415.600,407.350,409.650
2024-03-02 16:00:00,409.650,410.710,406.350,408.230
2024-03-02 20:00:00,408.240,411.760,407.030,407.990
2024-03-03 00:00:00,408.000,410.100,406.880,409.990
2024-03-03 04:00:00,409.990,411.200,407.440,411.170
2024-03-03 08:00:00,411.170,411.990,408.880,410.770
2024-03-03 12:00:00,410.780,413.830,401.000,407.110
2024-03-03 16:00:00,407.140,413.800,404.690,413.740
2024-03-03 20:00:00,413.740,415.800,411.630,413.450
2024-03-04 00:00:00,413.460,416.850,413.220,413.700
2024-03-04 04:00:00,413.700,417.190,413.270,414.730
2024-03-04 08:00:00,414.730,417.930,411.890,414.840
2024-03-04 12:00:00,414.840,417.870,414.400,417.180
2024-03-04 16:00:00,417.180,424.440,415.750,417.880
2024-03-04 20:00:00,417.880,420.680,414.670,419.040
2024-03-05 00:00:00,419.040,419.560,410.770,416.420
2024-03-05 04:00:00,416.420,421.690,414.280,418.870
2024-03-05 08:00:00,418.870,423.060,415.190,420.930
2024-03-05 12:00:00,420.920,428.060,416.840,418.630
2024-03-05 16:00:00,418.620,421.300,416.560,418.990
2024-03-05 20:00:00,418.990,423.010,414.000,416.260
2024-03-06 00:00:00,416.260,417.300,352.010,376.700
2024-03-06 04:00:00,376.700,396.980,372.090,394.190
2024-03-06 08:00:00,394.190,397.080,385.820,391.550
2024-03-06 12:00:00,391.540,412.050,391.500,410.900
2024-03-06 16:00:00,410.920,434.920,407.730,426.450
2024-03-06 20:00:00,426.450,429.260,413.470,420.000
2024-03-07 00:00:00,420.020,425.840,419.370,424.660
2024-03-07 04:00:00,424.660,429.750,424.360,429.640
2024-03-07 08:00:00,429.640,430.870,425.750,426.890
2024-03-07 12:00:00,426.900,434.900,423.330,434.450
2024-03-07 16:00:00,434.440,438.900,431.070,438.860
2024-03-07 20:00:00,438.860,451.220,438.450,449.270
2024-03-08 00:00:00,449.280,467.960,448.610,467.910
2024-03-08 04:00:00,467.920,477.120,466.010,474.550
2024-03-08 08:00:00,474.550,477.280,463.440,464.640
2024-03-08 12:00:00,464.630,473.000,464.460,468.110
2024-03-08 16:00:00,468.100,474.440,467.190,473.920
2024-03-08 20:00:00,473.930,489.870,462.000,472.400
2024-03-09 00:00:00,472.400,486.990,463.500,484.300
2024-03-09 04:00:00,484.290,487.430,477.870,485.290
2024-03-09 08:00:00,485.300,492.210,481.570,489.030
2024-03-09 12:00:00,489.020,489.450,485.200,487.160
2024-03-09 16:00:00,487.160,494.340,483.340,487.230
2024-03-09 20:00:00,487.220,488.420,482.430,483.960
2024-03-10 00:00:00,483.960,485.470,479.270,481.950
2024-03-10 04:00:00,481.950,489.360,481.950,488.050
2024-03-10 08:00:00,488.060,491.200,484.330,487.990
2024-03-10 12:00:00,488.000,504.890,487.770,503.900
2024-03-10 16:00:00,503.890,538.560,501.230,532.400
2024-03-10 20:00:00,532.410,536.950,518.180,521.350
2024-03-11 00:00:00,521.360,532.490,521.000,530.780
2024-03-11 04:00:00,530.780,532.190,516.710,529.090
2024-03-11 08:00:00,529.090,529.400,504.570,523.280
2024-03-11 12:00:00,523.280,534.480,515.770,528.410
2024-03-11 16:00:00,528.410,533.500,520.650,522.580
2024-03-11 20:00:00,522.580,525.000,515.260,515.970
2024-03-12 00:00:00,515.970,522.360,512.190,518.340
2024-03-12 04:00:00,518.340,524.140,517.520,523.060
2024-03-12 08:00:00,523.060,536.060,522.370,534.900
2024-03-12 12:00:00,534.950,544.350,530.580,539.170
2024-03-12 16:00:00,539.180,539.760,522.300,530.800
2024-03-12 20:00:00,530.780,548.870,520.000,542.280
2024-03-13 00:00:00,542.270,546.320,518.740,542.150
2024-03-13 04:00:00,542.150,543.130,532.650,537.690
2024-03-13 08:00:00,537.700,540.590,532.100,538.850
2024-03-13 12:00:00,538.840,564.900,537.020,561.310
2024-03-13 16:00:00,561.370,600.970,560.880,593.310
2024-03-13 20:00:00,593.330,598.420,578.000,583.050
2024-03-14 00:00:00,583.050,597.790,581.330,597.690
2024-03-14 04:00:00,597.680,634.680,594.100,631.020
2024-03-14 08:00:00,631.010,632.000,611.030,615.830
2024-03-14 12:00:00,615.830,622.150,606.100,607.120
2024-03-14 16:00:00,607.170,614.990,603.260,606.350
2024-03-14 20:00:00,606.350,608.680,586.450,593.330
2024-03-15 00:00:00,593.310,600.340,565.550,579.800
2024-03-15 04:00:00,579.780,609.720,579.300,603.750
2024-03-15 08:00:00,603.760,612.990,565.000,583.420
2024-03-15 12:00:00,583.390,586.630,565.020,582.840
2024-03-15 16:00:00,582.840,584.780,542.000,583.000
2024-03-15 20:00:00,583.030,607.550,569.910,597.050
2024-03-16 00:00:00,597.050,614.930,589.470,597.440
2024-03-16 04:00:00,597.440,636.120,582.100,633.010
2024-03-16 08:00:00,633.020,646.090,612.130,612.610
2024-03-16 12:00:00,612.610,619.730,607.390,615.020
2024-03-16 16:00:00,615.010,624.860,601.410,608.970
2024-03-16 20:00:00,608.970,610.510,590.280,601.700
2024-03-17 00:00:00,601.700,602.450,579.120,584.110
2024-03-17 04:00:00,584.110,592.240,567.060,576.840
2024-03-17 08:00:00,576.840,590.750,570.350,588.010
2024-03-17 12:00:00,588.040,588.150,548.560,559.930
2024-03-17 16:00:00,559.930,579.750,557.100,572.450
2024-03-17 20:00:00,572.460,588.740,560.500,587.920
2024-03-18 00:00:00,587.930,590.750,573.080,582.830
2024-03-18 04:00:00,582.840,584.200,563.370,571.500
2024-03-18 08:00:00,571.500,571.720,550.560,565.750
2024-03-18 12:00:00,565.750,587.630,560.660,577.170
2024-03-18 16:00:00,577.170,577.340,561.430,569.130
2024-03-18 20:00:00,569.140,572.070,545.040,552.790
2024-03-19 00:00:00,552.780,558.710,540.230,548.920
2024-03-19 04:00:00,548.920,558.320,548.880,555.660
2024-03-19 08:00:00,555.660,560.970,523.050,534.400
2024-03-19 12:00:00,534.400,537.000,512.550,529.850
2024-03-19 16:00:00,529.900,529.910,498.000,513.990
2024-03-19 20:00:00,514.000,530.920,509.450,529.780
2024-03-20 00:00:00,529.790,538.750,526.450,532.420
2024-03-20 04:00:00,532.470,533.650,501.600,507.960
2024-03-20 08:00:00,507.970,523.010,506.250,512.620
2024-03-20 12:00:00,512.620,534.300,500.290,532.290
2024-03-20 16:00:00,532.280,536.330,522.500,533.850
2024-03-20 20:00:00,533.840,539.880,515.800,516.950
2024-03-21 00:00:00,516.950,542.890,505.000,541.270
2024-03-21 04:00:00,541.270,559.470,539.970,556.990
2024-03-21 08:00:00,557.000,562.580,549.010,552.930
2024-03-21 12:00:00,552.990,555.380,541.110,550.270
2024-03-21 16:00:00,550.280,571.590,549.950,558.600
2024-03-21 20:00:00,558.610,566.020,553.840,558.730
2024-03-22 00:00:00,558.730,567.240,544.510,552.360
2024-03-22 04:00:00,552.350,558.750,546.740,554.130
2024-03-22 08:00:00,554.140,578.350,552.400,575.940
2024-03-22 12:00:00,575.950,586.990,571.520,584.300
2024-03-22 16:00:00,584.310,587.860,563.810,566.150
2024-03-22 20:00:00,566.140,570.540,542.090,554.340
2024-03-23 00:00:00,554.370,554.750,543.120,550.340
2024-03-23 04:00:00,550.340,554.880,534.500,554.310
2024-03-23 08:00:00,554.320,563.100,543.700,550.650
2024-03-23 12:00:00,550.660,558.820,548.520,555.230
2024-03-23 16:00:00,555.230,559.200,550.680,554.530
2024-03-23 20:00:00,554.530,568.020,553.450,562.580
2024-03-24 00:00:00,562.580,565.490,558.400,559.380
2024-03-24 04:00:00,559.380,562.700,550.910,552.150
2024-03-24 08:00:00,552.150,562.330,550.920,551.060
2024-03-24 12:00:00,551.060,555.600,549.270,553.010
2024-03-24 16:00:00,553.020,557.840,552.060,556.810
2024-03-24 20:00:00,556.800,564.790,556.110,560.830
2024-03-25 00:00:00,560.840,565.320,554.130,564.270
2024-03-25 04:00:00,564.270,573.780,562.730,568.360
2024-03-25 08:00:00,568.360,582.720,565.470,581.730
2024-03-25 12:00:00,581.740,589.880,580.630,584.230
2024-03-25 16:00:00,584.230,587.710,578.320,579.730
2024-03-25 20:00:00,579.730,595.790,574.630,593.400
2024-03-26 00:00:00,593.400,598.590,591.300,594.950
2024-03-26 04:00:00,594.950,595.750,585.060,587.480
2024-03-26 08:00:00,587.470,593.940,586.760,593.220
2024-03-26 12:00:00,593.220,597.630,590.540,591.840
2024-03-26 16:00:00,591.870,597.990,590.210,592.050
2024-03-26 20:00:00,592.050,594.440,572.000,580.150
2024-03-27 00:00:00,580.150,581.900,572.260,575.810
2024-03-27 04:00:00,575.840,581.800,575.830,580.560
2024-03-27 08:00:00,580.570,586.280,578.400,582.470
2024-03-27 12:00:00,582.480,583.280,573.330,574.620
2024-03-27 16:00:00,574.660,580.830,572.170,579.110
2024-03-27 20:00:00,579.100,585.460,562.700,570.410
2024-03-28 00:00:00,570.390,574.800,566.200,569.990
2024-03-28 04:00:00,569.990,576.570,569.400,574.800
2024-03-28 08:00:00,574.810,589.360,574.600,582.270
2024-03-28 12:00:00,582.280,591.460,582.030,590.890
2024-03-28 16:00:00,590.900,592.280,585.610,587.780
2024-03-28 20:00:00,587.790,589.050,580.550,585.480
2024-03-29 00:00:00,585.480,586.350,581.280,582.130
2024-03-29 04:00:00,582.130,586.480,580.030,583.830
2024-03-29 08:00:00,583.830,590.000,582.720,589.120
2024-03-29 12:00:00,589.120,614.270,587.000,607.210
2024-03-29 16:00:00,607.200,620.450,606.500,616.820
2024-03-29 20:00:00,616.830,621.060,602.610,607.560
2024-03-30 00:00:00,607.560,614.710,607.280,613.740
2024-03-30 04:00:00,613.740,618.410,610.500,612.350
2024-03-30 08:00:00,612.340,612.830,603.500,607.250
2024-03-30 12:00:00,607.250,609.910,598.700,598.780
2024-03-30 16:00:00,598.780,605.330,596.230,604.510
2024-03-30 20:00:00,604.510,606.130,601.310,604.770
2024-03-31 00:00:00,604.770,609.070,603.220,604.520
2024-03-31 04:00:00,604.520,606.600,599.000,600.250
2024-03-31 08:00:00,600.260,607.850,600.010,607.730
2024-03-31 12:00:00,607.740,608.000,602.250,606.050
2024-03-31 16:00:00,606.020,606.220,602.140,605.370
2024-03-31 20:00:00,605.370,606.100,601.530,601.770
2024-04-01 00:00:00,601.780,606.100,601.750,605.690
2024-04-01 04:00:00,605.700,608.120,604.610,606.030
2024-04-01 08:00:00,606.040,607.020,596.520,597.750
2024-04-01 12:00:00,597.750,597.830,570.000,586.240
2024-04-01 16:00:00,586.230,587.270,580.010,584.440
2024-04-01 20:00:00,584.440,593.000,572.690,574.170
2024-04-02 00:00:00,574.160,579.500,568.060,578.970
2024-04-02 04:00:00,578.970,581.790,576.000,576.420
2024-04-02 08:00:00,576.410,578.640,550.000,561.560
2024-04-02 12:00:00,561.490,565.930,555.620,559.640
2024-04-02 16:00:00,559.640,563.900,550.960,555.940
2024-04-02 20:00:00,555.920,561.750,546.850,552.720
2024-04-03 00:00:00,552.730,559.680,549.720,558.400
2024-04-03 04:00:00,558.390,560.420,550.500,551.830
2024-04-03 08:00:00,551.840,560.750,539.330,560.730
2024-04-03 12:00:00,560.720,563.920,553.370,559.150
2024-04-03 16:00:00,559.150,568.400,555.300,556.630
2024-04-03 20:00:00,556.630,563.740,552.380,556.980
2024-04-04 00:00:00,556.990,560.440,551.120,558.630
2024-04-04 04:00:00,558.630,565.650,552.280,562.130
2024-04-04 08:00:00,562.130,582.920,561.210,576.560
2024-04-04 12:00:00,576.560,584.370,573.180,582.740
2024-04-04 16:00:00,582.750,588.240,581.850,586.760
2024-04-04 20:00:00,586.760,592.970,585.500,589.990
2024-04-05 00:00:00,589.990,597.190,589.800,594.120
2024-04-05 04:00:00,594.110,594.650,578.900,584.340
2024-04-05 08:00:00,584.310,590.000,573.840,580.950
2024-04-05 12:00:00,580.950,580.990,564.100,574.320
2024-04-05 16:00:00,574.330,580.840,572.040,576.800
2024-04-05 20:00:00,576.810,585.240,572.490,582.940
2024-04-06 00:00:00,582.920,583.900,576.650,581.860
2024-04-06 04:00:00,581.850,582.890,577.320,577.660
2024-04-06 08:00:00,577.660,581.450,574.520,580.350
2024-04-06 12:00:00,580.360,584.220,579.720,582.650
2024-04-06 16:00:00,582.650,583.950,579.580,580.630
2024-04-06 20:00:00,580.640,586.500,579.350,583.450
2024-04-07 00:00:00,583.450,586.240,582.520,582.930
2024-04-07 04:00:00,582.930,590.870,582.320,585.010
2024-04-07 08:00:00,585.010,590.150,584.120,589.240
2024-04-07 12:00:00,589.230,589.460,585.300,586.540
2024-04-07 16:00:00,586.540,587.900,585.580,585.860
2024-04-07 20:00:00,585.860,588.910,583.010,583.950
2024-04-08 00:00:00,583.950,585.650,577.880,578.250
2024-04-08 04:00:00,578.260,584.660,577.440,583.450
2024-04-08 08:00:00,583.450,583.720,577.210,581.370
2024-04-08 12:00:00,581.370,588.490,580.400,588.280
2024-04-08 16:00:00,588.280,601.020,587.430,595.970
2024-04-08 20:00:00,595.980,598.520,586.320,587.880
2024-04-09 00:00:00,587.890,592.140,586.760,589.400
2024-04-09 04:00:00,589.410,591.320,586.680,586.720
2024-04-09 08:00:00,586.730,590.870,582.290,582.800
2024-04-09 12:00:00,582.800,585.010,574.440,574.890
2024-04-09 16:00:00,574.890,585.550,571.500,584.560
2024-04-09 20:00:00,584.560,585.460,574.010,579.520
2024-04-10 00:00:00,579.510,581.400,574.500,580.770
2024-04-10 04:00:00,580.780,583.830,579.560,580.820
2024-04-10 08:00:00,580.820,583.570,573.560,579.300
2024-04-10 12:00:00,579.300,588.910,577.700,587.960
2024-04-10 16:00:00,587.960,592.450,584.700,586.960
2024-04-10 20:00:00,586.970,594.950,574.510,593.660
2024-04-11 00:00:00,593.670,611.470,593.490,606.450
2024-04-11 04:00:00,606.460,610.780,603.330,610.030
2024-04-11 08:00:00,610.040,618.550,604.580,616.950
2024-04-11 12:00:00,616.950,617.320,604.280,605.080
2024-04-11 16:00:00,605.080,606.150,592.300,593.140
2024-04-11 20:00:00,593.140,607.820,592.660,603.270
2024-04-12 00:00:00,603.270,606.480,598.250,605.320
2024-04-12 04:00:00,605.320,607.730,602.870,604.850
2024-04-12 08:00:00,604.850,616.290,604.840,614.030
2024-04-12 12:00:00,614.030,632.000,613.520,621.220
2024-04-12 16:00:00,621.230,625.660,618.000,621.600
2024-04-12 20:00:00,621.600,623.570,606.000,611.770
2024-04-13 00:00:00,611.780,616.180,563.330,586.920
2024-04-13 04:00:00,586.910,598.400,585.410,595.200
2024-04-13 08:00:00,595.190,595.650,564.930,582.500
2024-04-13 12:00:00,582.490,593.590,579.750,593.080
2024-04-13 16:00:00,593.080,599.480,589.390,593.280
2024-04-13 20:00:00,593.280,598.000,587.880,594.210
2024-04-14 00:00:00,594.210,595.510,532.200,544.440
2024-04-14 04:00:00,544.440,564.400,489.000,553.330
2024-04-14 08:00:00,553.340,554.190,535.740,547.520
2024-04-14 12:00:00,547.530,568.920,546.010,565.090
2024-04-14 16:00:00,565.050,565.160,548.200,551.250
2024-04-14 20:00:00,551.240,559.070,544.340,550.130
2024-04-15 00:00:00,550.130,557.370,535.950,551.750
2024-04-15 04:00:00,551.750,569.990,546.140,566.000
2024-04-15 08:00:00,566.010,568.570,558.810,567.350
2024-04-15 12:00:00,567.350,579.230,561.090,574.970
2024-04-15 16:00:00,574.980,585.000,573.210,577.570
2024-04-15 20:00:00,577.580,580.140,554.010,565.060
2024-04-16 00:00:00,565.060,567.130,543.620,554.720
2024-04-16 04:00:00,554.720,558.320,549.450,552.180
2024-04-16 08:00:00,552.190,553.370,540.010,544.340
2024-04-16 12:00:00,544.330,553.290,531.130,550.160
2024-04-16 16:00:00,550.170,550.220,531.050,542.550
2024-04-16 20:00:00,542.540,544.930,523.490,525.080
2024-04-17 00:00:00,525.070,538.280,522.230,534.470
2024-04-17 04:00:00,534.470,544.000,533.680,537.520
2024-04-17 08:00:00,537.510,542.150,534.340,541.670
2024-04-17 12:00:00,541.670,546.150,540.030,543.600
2024-04-17 16:00:00,543.610,547.400,531.730,531.990
2024-04-17 20:00:00,531.990,540.350,516.080,517.320
2024-04-18 00:00:00,517.310,538.920,512.240,533.690
2024-04-18 04:00:00,533.770,540.420,532.660,533.940
2024-04-18 08:00:00,533.950,549.820,526.730,549.600
2024-04-18 12:00:00,549.600,555.550,539.200,543.690
2024-04-18 16:00:00,543.710,553.790,538.890,545.740
2024-04-18 20:00:00,545.740,554.450,537.000,550.590
2024-04-19 00:00:00,550.590,552.700,545.410,549.780
2024-04-19 04:00:00,549.780,553.010,548.150,551.950
2024-04-19 08:00:00,551.950,552.000,523.420,540.440
2024-04-19 12:00:00,540.440,561.290,538.510,554.950
2024-04-19 16:00:00,554.930,562.380,554.020,559.460
2024-04-19 20:00:00,559.470,563.940,554.050,559.830
2024-04-20 00:00:00,559.810,561.280,554.560,560.670
2024-04-20 04:00:00,560.680,561.750,549.230,553.770
2024-04-20 08:00:00,553.770,557.840,548.200,556.390
2024-04-20 12:00:00,556.390,562.220,555.990,560.260
2024-04-20 16:00:00,560.270,560.300,552.800,555.850
2024-04-20 20:00:00,555.860,568.000,555.070,567.790
2024-04-21 00:00:00,567.800,573.400,564.030,572.400
2024-04-21 04:00:00,572.400,574.000,568.060,570.370
2024-04-21 08:00:00,570.370,575.740,565.920,572.010
2024-04-21 12:00:00,572.010,579.750,570.360,579.390
2024-04-21 16:00:00,579.350,582.410,576.930,578.510
2024-04-21 20:00:00,578.520,578.800,571.420,573.600
2024-04-22 00:00:00,573.600,577.580,566.170,574.620
2024-04-22 04:00:00,574.620,581.510,573.430,579.310
2024-04-22 08:00:00,579.310,598.850,578.060,591.860
2024-04-22 12:00:00,591.870,608.690,591.820,602.990
2024-04-22 16:00:00,602.990,607.340,596.740,598.840
2024-04-22 20:00:00,598.810,601.810,590.760,594.720
2024-04-23 00:00:00,594.720,599.990,592.110,596.250
2024-04-23 04:00:00,596.250,606.260,595.060,604.370
2024-04-23 08:00:00,604.370,608.940,599.270,601.590
2024-04-23 12:00:00,601.590,608.000,598.500,600.150
2024-04-23 16:00:00,600.150,619.400,599.600,604.300
2024-04-23 20:00:00,604.300,608.000,601.920,603.740
2024-04-24 00:00:00,603.750,611.260,602.000,608.600
2024-04-24 04:00:00,608.600,609.190,604.480,605.740
2024-04-24 08:00:00,605.740,607.330,600.200,604.260
2024-04-24 12:00:00,604.260,609.600,602.710,607.610
2024-04-24 16:00:00,607.610,617.770,604.390,613.450
2024-04-24 20:00:00,613.480,614.600,595.510,596.880
2024-04-25 00:00:00,596.860,604.690,592.290,604.260
2024-04-25 04:00:00,604.250,612.700,601.520,608.470
2024-04-25 08:00:00,608.460,608.980,600.360,604.750
2024-04-25 12:00:00,604.750,608.790,600.760,608.120
2024-04-25 16:00:00,608.120,613.480,604.030,611.050
2024-04-25 20:00:00,611.060,611.870,600.740,610.660
2024-04-26 00:00:00,610.670,617.000,609.530,616.220
2024-04-26 04:00:00,616.250,617.310,611.990,612.550
2024-04-26 08:00:00,612.570,614.360,605.060,609.180
2024-04-26 12:00:00,609.190,611.900,607.000,607.950
2024-04-26 16:00:00,607.940,609.670,600.820,601.840
2024-04-26 20:00:00,601.850,607.360,596.350,598.830
2024-04-27 00:00:00,598.840,604.240,597.410,600.770
2024-04-27 04:00:00,600.770,603.180,596.120,597.470
2024-04-27 08:00:00,597.480,598.990,583.010,593.870
2024-04-27 12:00:00,593.880,595.900,590.860,593.250
2024-04-27 16:00:00,593.260,594.900,586.710,587.550
2024-04-27 20:00:00,587.550,593.720,585.400,587.040
2024-04-28 00:00:00,587.040,597.310,586.500,594.860
2024-04-28 04:00:00,594.860,596.560,591.880,595.740
2024-04-28 08:00:00,595.740,602.000,595.600,598.680
2024-04-28 12:00:00,598.670,601.070,597.100,600.050
2024-04-28 16:00:00,600.060,604.950,598.150,600.880
2024-04-28 20:00:00,600.880,607.000,599.270,603.490
2024-04-29 00:00:00,603.490,605.590,601.860,603.290
2024-04-29 04:00:00,603.300,606.590,596.530,599.640
2024-04-29 08:00:00,599.650,602.000,589.400,589.770
2024-04-29 12:00:00,589.810,596.400,578.090,587.460
2024-04-29 16:00:00,587.460,589.990,582.660,583.810
2024-04-29 20:00:00,583.790,592.440,583.030,592.360
2024-04-30 00:00:00,592.350,592.850,588.310,590.340
2024-04-30 04:00:00,590.350,596.460,589.180,592.620
2024-04-30 08:00:00,592.610,602.280,588.890,591.340
2024-04-30 12:00:00,591.350,604.280,590.760,598.080
2024-04-30 16:00:00,598.090,598.570,567.780,567.920
2024-04-30 20:00:00,567.890,569.160,558.110,560.240
2024-05-01 00:00:00,560.230,576.800,555.000,566.670
2024-05-01 04:00:00,566.680,581.570,566.490,577.720
2024-05-01 08:00:00,577.720,579.920,567.200,574.380
2024-05-01 12:00:00,574.380,575.410,544.090,545.930
2024-05-01 16:00:00,545.920,551.780,535.910,551.240
2024-05-01 20:00:00,551.240,555.790,543.660,544.630
2024-05-02 00:00:00,544.630,565.900,541.940,549.590
2024-05-02 04:00:00,549.600,563.450,549.600,561.450
2024-05-02 08:00:00,561.460,562.630,541.010,547.100
2024-05-02 12:00:00,547.140,550.280,544.050,549.160
2024-05-02 16:00:00,549.160,561.350,548.270,560.760
2024-05-02 20:00:00,560.770,565.730,555.640,564.320
2024-05-03 00:00:00,564.320,564.860,560.260,562.910
2024-05-03 04:00:00,562.920,564.090,557.910,560.210
2024-05-03 08:00:00,560.210,566.940,558.570,565.900
2024-05-03 12:00:00,565.900,566.970,559.640,560.820
2024-05-03 16:00:00,560.830,568.700,560.150,562.470
2024-05-03 20:00:00,562.470,578.900,560.080,577.270
2024-05-04 00:00:00,577.270,581.290,577.270,580.600
2024-05-04 04:00:00,580.600,589.830,580.380,586.650
2024-05-04 08:00:00,586.660,588.690,582.000,584.010
2024-05-04 12:00:00,584.000,586.700,582.500,583.440
2024-05-04 16:00:00,583.440,593.110,583.010,588.670
2024-05-04 20:00:00,588.680,592.800,587.430,590.610
2024-05-05 00:00:00,590.620,591.100,585.580,589.300
2024-05-05 04:00:00,589.310,591.370,582.710,584.780
2024-05-05 08:00:00,584.790,586.540,577.000,580.570
2024-05-05 12:00:00,580.580,586.590,580.140,584.600
2024-05-05 16:00:00,584.610,588.940,583.740,586.040
2024-05-05 20:00:00,586.040,594.530,584.080,592.760
2024-05-06 00:00:00,592.770,594.820,589.780,592.470
2024-05-06 04:00:00,592.470,593.760,588.010,591.560
2024-05-06 08:00:00,591.570,595.450,589.050,590.460
2024-05-06 12:00:00,590.460,595.230,589.120,595.110
2024-05-06 16:00:00,595.110,602.250,585.500,591.630
2024-05-06 20:00:00,591.640,592.380,582.540,588.630
2024-05-07 00:00:00,588.630,591.340,585.210,589.660
2024-05-07 04:00:00,589.670,593.300,587.270,587.810
2024-05-07 08:00:00,587.820,593.740,581.880,586.310
2024-05-07 12:00:00,586.320,589.470,585.140,588.250
2024-05-07 16:00:00,588.250,600.300,587.620,592.300
2024-05-07 20:00:00,592.310,595.720,587.190,593.940
2024-05-08 00:00:00,593.940,595.260,585.000,585.410
2024-05-08 04:00:00,585.420,587.390,575.330,575.860
2024-05-08 08:00:00,575.870,586.070,573.630,585.150
2024-05-08 12:00:00,585.160,587.360,578.470,579.290
2024-05-08 16:00:00,579.300,587.200,577.990,585.040
2024-05-08 20:00:00,585.060,586.730,578.810,582.160
2024-05-09 00:00:00,582.160,589.200,579.860,588.720
2024-05-09 04:00:00,588.730,589.880,579.060,588.220
2024-05-09 08:00:00,588.220,601.150,586.190,596.870
2024-05-09 12:00:00,596.870,602.550,594.370,600.160
2024-05-09 16:00:00,600.170,602.750,589.000,594.960
2024-05-09 20:00:00,594.970,609.000,590.130,596.170
2024-05-10 00:00:00,596.170,599.100,590.200,595.990
2024-05-10 04:00:00,596.000,599.620,594.000,596.420
2024-05-10 08:00:00,596.430,596.540,590.610,593.150
2024-05-10 12:00:00,593.160,596.420,591.740,594.950
2024-05-10 16:00:00,594.950,595.700,591.630,595.650
2024-05-10 20:00:00,595.660,596.520,581.880,585.670
2024-05-11 00:00:00,585.670,588.570,581.060,585.960
2024-05-11 04:00:00,585.960,587.740,583.140,585.260
2024-05-11 08:00:00,585.270,590.450,581.200,583.280
2024-05-11 12:00:00,583.290,587.590,582.000,586.800
2024-05-11 16:00:00,586.810,590.450,583.780,589.520
2024-05-11 20:00:00,589.520,593.590,588.170,591.170
2024-05-12 00:00:00,591.190,594.430,588.330,593.190
2024-05-12 04:00:00,593.190,594.400,591.010,592.030
2024-05-12 08:00:00,592.030,593.710,589.640,589.920
2024-05-12 12:00:00,589.930,591.690,587.020,588.300
2024-05-12 16:00:00,588.300,593.470,587.280,592.510
2024-05-12 20:00:00,592.520,596.500,591.490,594.920
2024-05-13 00:00:00,594.920,598.740,592.070,597.620
2024-05-13 04:00:00,597.630,598.000,592.690,594.250
2024-05-13 08:00:00,594.260,596.210,584.480,588.890
2024-05-13 12:00:00,588.890,598.150,585.160,595.870
2024-05-13 16:00:00,595.870,598.040,593.380,594.550
2024-05-13 20:00:00,594.560,595.640,592.000,594.890
2024-05-14 00:00:00,594.890,597.410,591.270,594.610
2024-05-14 04:00:00,594.600,595.200,590.750,591.290
2024-05-14 08:00:00,591.300,592.600,587.320,588.460
2024-05-14 12:00:00,588.470,591.490,580.430,587.910
2024-05-14 16:00:00,587.920,587.920,584.540,585.550
2024-05-14 20:00:00,585.560,587.570,559.730,568.550
2024-05-15 00:00:00,568.550,569.260,562.880,567.700
2024-05-15 04:00:00,567.700,568.060,563.320,566.590
2024-05-15 08:00:00,566.580,569.060,560.500,569.060
2024-05-15 12:00:00,569.060,570.430,565.590,568.720
2024-05-15 16:00:00,568.720,570.150,563.810,565.560
2024-05-15 20:00:00,565.570,581.320,563.870,579.520
2024-05-16 00:00:00,579.510,586.400,577.490,585.580
2024-05-16 04:00:00,585.570,586.000,580.050,580.810
2024-05-16 08:00:00,580.820,585.970,580.420,583.820
2024-05-16 12:00:00,583.830,585.500,581.240,584.160
2024-05-16 16:00:00,584.170,584.960,579.010,582.150
2024-05-16 20:00:00,582.120,582.370,565.770,567.650
2024-05-17 00:00:00,567.650,569.790,564.650,567.520
2024-05-17 04:00:00,567.530,569.600,566.050,568.480
2024-05-17 08:00:00,568.480,572.220,567.850,571.270
2024-05-17 12:00:00,571.280,579.960,569.410,578.080
2024-05-17 16:00:00,578.080,579.170,574.320,577.870
2024-05-17 20:00:00,577.880,584.560,575.310,582.390
2024-05-18 00:00:00,582.390,583.310,577.040,579.670
2024-05-18 04:00:00,579.670,580.830,579.000,580.520
2024-05-18 08:00:00,580.530,581.780,577.510,581.470
2024-05-18 12:00:00,581.470,581.760,578.380,578.680
2024-05-18 16:00:00,578.690,581.350,578.420,579.250
2024-05-18 20:00:00,579.260,579.360,574.010,577.490
2024-05-19 00:00:00,577.500,578.700,576.330,577.070
2024-05-19 04:00:00,577.080,580.450,576.500,580.270
2024-05-19 08:00:00,580.270,581.790,579.060,581.240
2024-05-19 12:00:00,581.250,581.360,577.580,579.730
2024-05-19 16:00:00,579.740,580.940,577.240,580.560
2024-05-19 20:00:00,580.560,581.070,574.480,577.560
2024-05-20 00:00:00,577.570,577.770,572.710,573.470
2024-05-20 04:00:00,573.480,575.430,571.000,574.310
2024-05-20 08:00:00,574.320,577.110,570.240,575.650
2024-05-20 12:00:00,575.650,580.820,571.000,575.680
2024-05-20 16:00:00,575.690,576.980,571.260,572.650
2024-05-20 20:00:00,572.660,576.740,568.000,576.600
2024-05-21 00:00:00,576.610,590.690,575.120,589.470
2024-05-21 04:00:00,589.470,602.250,584.860,599.710
2024-05-21 08:00:00,599.720,612.930,595.210,597.980
2024-05-21 12:00:00,597.970,632.890,593.400,630.900
2024-05-21 16:00:00,630.890,631.360,616.230,618.160
2024-05-21 20:00:00,618.200,619.920,610.320,613.280
2024-05-22 00:00:00,613.270,619.870,608.010,609.980
2024-05-22 04:00:00,609.980,620.410,609.660,619.020
2024-05-22 08:00:00,619.020,624.940,617.370,622.590
2024-05-22 12:00:00,622.580,623.630,613.000,621.800
2024-05-22 16:00:00,621.800,626.910,618.090,618.240
2024-05-22 20:00:00,618.240,622.330,610.760,621.400
2024-05-23 00:00:00,621.390,622.400,610.270,612.630
2024-05-23 04:00:00,612.640,617.240,611.540,615.240
2024-05-23 08:00:00,615.240,617.510,613.480,615.550
2024-05-23 12:00:00,615.540,617.680,613.140,615.100
2024-05-23 16:00:00,615.110,615.680,606.800,613.630
2024-05-23 20:00:00,613.630,614.070,585.760,594.530
2024-05-24 00:00:00,594.540,598.200,587.600,590.520
2024-05-24 04:00:00,590.520,601.620,577.730,599.660
2024-05-24 08:00:00,599.670,605.640,597.000,601.820
2024-05-24 12:00:00,601.820,603.090,588.580,593.360
2024-05-24 16:00:00,593.360,597.300,588.610,596.750
2024-05-24 20:00:00,596.760,599.660,595.000,597.150
2024-05-25 00:00:00,597.160,603.400,595.020,602.140
2024-05-25 04:00:00,602.130,602.640,600.270,600.550
2024-05-25 08:00:00,600.550,602.970,599.590,601.610
2024-05-25 12:00:00,601.600,603.960,600.700,601.920
2024-05-25 16:00:00,601.930,607.000,601.380,604.420
2024-05-25 20:00:00,604.430,604.930,600.510,602.070
2024-05-26 00:00:00,602.060,603.180,601.570,602.360
2024-05-26 04:00:00,602.370,602.820,600.700,602.480
2024-05-26 08:00:00,602.470,603.990,600.150,602.600
2024-05-26 12:00:00,602.600,604.520,601.980,604.490
2024-05-26 16:00:00,604.480,605.530,600.710,601.970
2024-05-26 20:00:00,601.970,604.930,599.140,602.640
2024-05-27 00:00:00,602.640,604.190,600.890,601.360
2024-05-27 04:00:00,601.360,601.710,598.200,600.650
2024-05-27 08:00:00,600.650,606.920,599.890,605.340
2024-05-27 12:00:00,605.340,606.380,601.120,603.410
2024-05-27 16:00:00,603.420,605.930,601.200,602.660
2024-05-27 20:00:00,602.660,614.580,601.280,613.460
2024-05-28 00:00:00,613.450,615.290,600.770,602.490
2024-05-28 04:00:00,602.500,606.390,601.210,604.130
2024-05-28 08:00:00,604.130,605.360,596.000,597.950
2024-05-28 12:00:00,597.960,599.970,593.710,597.940
2024-05-28 16:00:00,597.940,606.300,597.220,602.240
2024-05-28 20:00:00,602.230,603.540,596.450,601.440
2024-05-29 00:00:00,601.430,602.610,595.730,601.850
2024-05-29 04:00:00,601.840,603.440,600.730,601.910
2024-05-29 08:00:00,601.910,603.990,601.150,601.820
2024-05-29 12:00:00,601.820,603.770,598.370,598.460
2024-05-29 16:00:00,598.460,600.920,596.080,599.500
2024-05-29 20:00:00,599.500,601.640,595.080,595.730
2024-05-30 00:00:00,595.730,596.910,593.330,594.090
2024-05-30 04:00:00,594.090,597.620,593.860,595.770
2024-05-30 08:00:00,595.760,598.220,594.930,597.670
2024-05-30 12:00:00,597.680,598.560,588.760,589.080
2024-05-30 16:00:00,589.090,595.270,586.500,594.390
2024-05-30 20:00:00,594.390,598.250,594.150,596.920
2024-05-31 00:00:00,596.920,602.890,595.930,597.390
2024-05-31 04:00:00,597.390,597.450,591.510,595.340
2024-05-31 08:00:00,595.350,596.910,593.270,593.870
2024-05-31 12:00:00,593.860,594.700,591.200,592.090
2024-05-31 16:00:00,592.100,596.310,591.650,595.620
2024-05-31 20:00:00,595.620,599.370,591.510,591.540
2024-06-01 00:00:00,591.540,595.710,590.170,594.410
2024-06-01 04:00:00,594.390,596.340,593.070,594.030
2024-06-01 08:00:00,594.030,595.880,593.460,595.710
2024-06-01 12:00:00,595.710,596.730,594.860,595.430
2024-06-01 16:00:00,595.440,596.660,595.000,596.600
2024-06-01 20:00:00,596.610,598.700,595.900,596.510
2024-06-02 00:00:00,596.520,598.250,596.200,598.030
2024-06-02 04:00:00,598.030,609.000,597.900,602.390
2024-06-02 08:00:00,602.400,606.380,601.940,604.350
2024-06-02 12:00:00,604.350,606.060,600.000,600.450
2024-06-02 16:00:00,600.450,602.380,596.590,601.500
2024-06-02 20:00:00,601.500,603.440,599.410,601.800
2024-06-03 00:00:00,601.800,602.320,596.310,599.600
2024-06-03 04:00:00,599.600,604.520,597.870,603.400
2024-06-03 08:00:00,603.400,610.660,601.690,608.550
2024-06-03 12:00:00,608.550,639.600,608.140,626.550
2024-06-03 16:00:00,626.530,634.680,625.810,631.620
2024-06-03 20:00:00,631.630,638.340,622.000,628.300
2024-06-04 00:00:00,628.310,629.050,620.100,625.910
2024-06-04 04:00:00,625.970,629.660,623.020,626.860
2024-06-04 08:00:00,626.860,635.290,625.460,634.940
2024-06-04 12:00:00,634.940,635.910,628.270,629.010
2024-06-04 16:00:00,629.010,649.480,625.180,646.150
2024-06-04 20:00:00,646.140,667.760,644.700,663.280
2024-06-05 00:00:00,663.360,675.200,661.340,671.630
2024-06-05 04:00:00,671.620,689.750,668.070,686.160
2024-06-05 08:00:00,686.150,718.970,685.240,703.660
2024-06-05 12:00:00,703.650,713.080,696.450,706.270
2024-06-05 16:00:00,706.280,714.730,695.000,700.400
2024-06-05 20:00:00,700.400,707.940,696.000,705.100
2024-06-06 00:00:00,705.100,706.870,688.350,691.990
2024-06-06 04:00:00,692.000,700.000,690.420,699.320
2024-06-06 08:00:00,699.330,702.680,696.550,697.370
2024-06-06 12:00:00,697.370,709.000,691.770,704.880
2024-06-06 16:00:00,704.870,710.700,701.850,705.610
2024-06-06 20:00:00,705.610,723.200,702.520,703.830
2024-06-07 00:00:00,703.810,708.650,698.100,706.450
2024-06-07 04:00:00,706.420,712.140,700.370,711.290
2024-06-07 08:00:00,711.280,712.150,700.200,704.350
2024-06-07 12:00:00,704.350,709.530,697.140,697.750
2024-06-07 16:00:00,697.800,705.730,697.630,705.720
2024-06-07 20:00:00,705.720,709.680,696.010,701.060
2024-06-08 00:00:00,701.050,701.980,657.420,681.240
2024-06-08 04:00:00,681.230,685.800,677.630,684.000
2024-06-08 08:00:00,683.990,685.560,679.560,682.190
2024-06-08 12:00:00,682.190,695.120,680.580,694.700
2024-06-08 16:00:00,694.710,694.830,682.500,683.760
2024-06-08 20:00:00,683.750,688.400,677.670,686.520
2024-06-09 00:00:00,686.530,687.260,680.000,685.930
2024-06-09 04:00:00,685.920,687.600,681.240,682.610
2024-06-09 08:00:00,682.600,683.280,670.670,674.900
2024-06-09 12:00:00,674.880,681.500,672.140,679.720
2024-06-09 16:00:00,679.730,683.380,677.600,679.350
2024-06-09 20:00:00,679.360,684.810,676.310,676.600
2024-06-10 00:00:00,676.610,678.770,675.020,675.630
2024-06-10 04:00:00,675.640,675.920,670.150,673.160
2024-06-10 08:00:00,673.170,674.930,668.080,669.360
2024-06-10 12:00:00,669.360,669.800,639.290,640.950
2024-06-10 16:00:00,640.960,649.600,638.610,639.700
2024-06-10 20:00:00,639.710,652.590,635.070,650.540
2024-06-11 00:00:00,650.540,653.280,645.710,648.430
2024-06-11 04:00:00,648.440,648.440,613.480,625.000
2024-06-11 08:00:00,624.990,629.420,615.000,625.550
2024-06-11 12:00:00,625.550,625.840,610.000,613.550
2024-06-11 16:00:00,613.560,617.050,602.560,606.220
2024-06-11 20:00:00,606.220,611.280,594.000,597.640
2024-06-12 00:00:00,597.640,610.000,595.990,608.280
2024-06-12 04:00:00,608.270,608.330,598.610,602.180
2024-06-12 08:00:00,602.180,609.070,590.880,608.180
2024-06-12 12:00:00,608.170,614.750,605.730,614.680
2024-06-12 16:00:00,614.670,617.880,608.630,608.900
2024-06-12 20:00:00,608.910,634.440,608.860,628.000
2024-06-13 00:00:00,628.000,632.970,609.500,612.310
2024-06-13 04:00:00,612.230,622.820,610.550,619.280
2024-06-13 08:00:00,619.290,619.780,602.580,606.980
2024-06-13 12:00:00,606.980,611.580,601.870,607.300
2024-06-13 16:00:00,607.300,609.570,603.000,604.150
2024-06-13 20:00:00,604.150,610.340,595.560,597.070
2024-06-14 00:00:00,597.070,605.720,595.440,602.240
2024-06-14 04:00:00,602.240,603.500,597.000,599.700
2024-06-14 08:00:00,599.710,603.530,594.000,600.640
2024-06-14 12:00:00,600.640,610.000,600.640,608.190
2024-06-14 16:00:00,608.200,610.780,606.330,610.650
2024-06-14 20:00:00,610.650,612.160,601.140,602.490
2024-06-15 00:00:00,602.480,603.260,590.000,596.100
2024-06-15 04:00:00,596.100,604.990,595.210,603.110
2024-06-15 08:00:00,603.100,605.990,601.180,605.480
2024-06-15 12:00:00,605.490,609.000,604.210,606.770
2024-06-15 16:00:00,606.780,608.870,605.800,608.600
2024-06-15 20:00:00,608.610,609.590,604.010,607.260
2024-06-16 00:00:00,607.270,608.060,605.030,606.780
2024-06-16 04:00:00,606.780,609.270,604.020,607.990
2024-06-16 08:00:00,607.990,608.240,603.720,604.450
2024-06-16 12:00:00,604.460,607.370,601.030,606.050
2024-06-16 16:00:00,606.040,607.890,603.700,606.190
2024-06-16 20:00:00,606.190,610.780,605.400,610.330
2024-06-17 00:00:00,610.330,610.530,607.550,609.110
2024-06-17 04:00:00,609.110,611.920,607.740,610.650
2024-06-17 08:00:00,610.660,612.530,604.020,605.110
2024-06-17 12:00:00,605.110,607.700,601.000,603.660
2024-06-17 16:00:00,603.660,605.000,593.550,599.180
2024-06-17 20:00:00,599.180,604.830,596.110,597.320
2024-06-18 00:00:00,597.320,610.240,591.000,608.480
2024-06-18 04:00:00,608.450,608.640,603.400,603.960
2024-06-18 08:00:00,603.970,604.800,574.000,594.170
2024-06-18 12:00:00,594.170,597.610,591.440,593.530
2024-06-18 16:00:00,593.520,593.990,581.420,583.500
2024-06-18 20:00:00,583.500,587.290,574.370,582.280
2024-06-19 00:00:00,582.320,582.580,575.670,580.530
2024-06-19 04:00:00,580.500,589.890,578.490,588.500
2024-06-19 08:00:00,588.510,598.950,586.510,597.910
2024-06-19 12:00:00,597.910,605.950,597.200,603.750
2024-06-19 16:00:00,603.760,604.270,595.000,596.740
2024-06-19 20:00:00,596.740,599.210,591.110,592.150
2024-06-20 00:00:00,592.150,601.190,591.530,599.220
2024-06-20 04:00:00,599.220,602.400,597.000,598.920
2024-06-20 08:00:00,598.920,602.920,595.210,597.860
2024-06-20 12:00:00,597.860,605.940,596.850,605.200
2024-06-20 16:00:00,605.230,607.680,601.000,602.750
2024-06-20 20:00:00,602.750,603.920,592.000,595.710
2024-06-21 00:00:00,595.710,597.020,591.110,593.080
2024-06-21 04:00:00,593.070,593.860,584.010,587.320
2024-06-21 08:00:00,587.310,589.250,582.900,586.120
2024-06-21 12:00:00,586.110,587.500,582.020,583.170
2024-06-21 16:00:00,583.160,587.270,578.010,585.970
2024-06-21 20:00:00,585.960,587.820,577.500,582.830
2024-06-22 00:00:00,582.840,586.300,579.380,585.950
2024-06-22 04:00:00,585.930,587.680,583.710,586.110
2024-06-22 08:00:00,586.120,586.470,580.700,584.160
2024-06-22 12:00:00,584.150,587.790,583.530,586.880
2024-06-22 16:00:00,586.880,587.880,584.760,587.210
2024-06-22 20:00:00,587.220,587.520,585.190,586.650
2024-06-23 00:00:00,586.650,587.700,585.690,587.700
2024-06-23 04:00:00,587.700,591.340,586.630,590.980
2024-06-23 08:00:00,590.980,593.000,587.010,592.670
2024-06-23 12:00:00,592.660,592.900,590.420,592.340
2024-06-23 16:00:00,592.340,592.430,587.540,589.300
2024-06-23 20:00:00,589.310,590.400,584.270,585.100
2024-06-24 00:00:00,585.100,585.780,581.130,585.330
2024-06-24 04:00:00,585.330,585.390,575.520,577.400
2024-06-24 08:00:00,577.410,581.910,570.240,576.070
2024-06-24 12:00:00,576.060,576.400,563.570,570.710
2024-06-24 16:00:00,570.700,575.830,556.200,569.760
2024-06-24 20:00:00,569.760,571.130,560.730,561.560
2024-06-25 00:00:00,561.490,564.260,553.570,557.600
2024-06-25 04:00:00,557.580,568.480,550.550,567.950
2024-06-25 08:00:00,567.950,578.000,566.500,573.130
2024-06-25 12:00:00,573.130,575.660,570.190,571.580
2024-06-25 16:00:00,571.590,573.370,566.740,571.790
2024-06-25 20:00:00,571.780,579.830,570.110,577.400
2024-06-26 00:00:00,577.390,579.930,573.500,577.690
2024-06-26 04:00:00,577.680,578.950,575.100,577.940
2024-06-26 08:00:00,577.940,584.500,575.190,579.970
2024-06-26 12:00:00,579.970,580.720,575.320,578.680
2024-06-26 16:00:00,578.690,579.140,570.000,573.670
2024-06-26 20:00:00,573.670,577.000,570.270,572.460
2024-06-27 00:00:00,572.460,574.650,567.170,574.420
2024-06-27 04:00:00,574.430,576.000,571.530,573.090
2024-06-27 08:00:00,573.090,576.490,570.870,574.000
2024-06-27 12:00:00,573.990,574.910,566.180,569.550
2024-06-27 16:00:00,569.540,575.000,568.800,573.020
2024-06-27 20:00:00,573.010,584.650,572.450,579.490
2024-06-28 00:00:00,579.480,582.470,576.740,579.700
2024-06-28 04:00:00,579.710,581.810,579.130,581.750
2024-06-28 08:00:00,581.750,585.330,578.500,582.960
2024-06-28 12:00:00,582.960,583.210,575.760,576.630
2024-06-28 16:00:00,576.630,579.700,574.220,578.680
2024-06-28 20:00:00,578.680,579.940,570.590,572.360
2024-06-29 00:00:00,572.370,574.500,569.560,571.480
2024-06-29 04:00:00,571.480,572.250,566.010,567.700
2024-06-29 08:00:00,567.700,572.790,567.070,569.670
2024-06-29 12:00:00,569.670,572.840,567.630,570.860
2024-06-29 16:00:00,570.850,574.160,570.070,573.780
2024-06-29 20:00:00,573.770,574.120,570.600,572.800
2024-06-30 00:00:00,572.810,572.890,570.390,572.240
2024-06-30 04:00:00,572.240,572.790,568.710,570.400
2024-06-30 08:00:00,570.390,572.960,568.510,569.650
2024-06-30 12:00:00,569.650,579.250,568.500,576.330
2024-06-30 16:00:00,576.320,578.210,575.060,575.420
2024-06-30 20:00:00,575.420,578.440,574.310,577.820
2024-07-01 00:00:00,577.820,580.190,576.480,579.100
2024-07-01 04:00:00,579.100,585.300,578.010,582.630
2024-07-01 08:00:00,582.640,588.500,580.450,585.730
2024-07-01 12:00:00,585.720,586.960,583.700,585.130
2024-07-01 16:00:00,585.130,585.800,577.200,577.730
2024-07-01 20:00:00,577.730,581.910,576.600,578.140
2024-07-02 00:00:00,578.150,583.490,576.800,581.880
2024-07-02 04:00:00,581.870,582.670,576.650,577.170
2024-07-02 08:00:00,577.180,579.680,574.670,579.090
2024-07-02 12:00:00,579.090,582.130,577.630,578.840
2024-07-02 16:00:00,578.840,581.850,577.750,579.810
2024-07-02 20:00:00,579.800,582.260,575.140,575.990
2024-07-03 00:00:00,575.990,581.710,574.200,578.230
2024-07-03 04:00:00,578.240,580.940,577.570,580.300
2024-07-03 08:00:00,580.310,581.290,566.000,570.280
2024-07-03 12:00:00,570.280,570.280,565.650,566.620
2024-07-03 16:00:00,566.610,568.150,555.250,561.340
2024-07-03 20:00:00,561.340,561.340,552.800,558.310
2024-07-04 00:00:00,558.300,560.350,550.050,552.070
2024-07-04 04:00:00,552.070,558.300,551.930,556.910
2024-07-04 08:00:00,556.920,558.680,527.360,539.890
2024-07-04 12:00:00,539.890,541.750,529.100,530.100
2024-07-04 16:00:00,530.100,533.690,522.210,525.080
2024-07-04 20:00:00,525.090,525.390,511.230,524.990
2024-07-05 00:00:00,524.990,527.240,518.530,523.280
2024-07-05 04:00:00,523.280,529.530,512.020,513.220
2024-07-05 08:00:00,513.210,515.830,460.010,468.640
2024-07-05 12:00:00,468.630,479.220,452.630,472.600
2024-07-05 16:00:00,472.600,487.680,455.600,485.310
2024-07-05 20:00:00,485.300,497.100,480.400,495.200
2024-07-06 00:00:00,495.200,499.820,492.160,496.180
2024-07-06 04:00:00,496.180,499.490,493.780,497.540
2024-07-06 08:00:00,497.530,507.420,495.750,503.210
2024-07-06 12:00:00,503.240,510.420,499.410,507.710
2024-07-06 16:00:00,507.700,513.640,505.110,512.950
2024-07-06 20:00:00,512.940,520.300,508.860,518.300
2024-07-07 00:00:00,518.310,527.460,517.780,526.510
2024-07-07 04:00:00,526.510,530.800,526.000,526.150
2024-07-07 08:00:00,526.150,526.800,516.510,518.400
2024-07-07 12:00:00,518.400,518.970,504.060,509.170
2024-07-07 16:00:00,509.170,512.920,507.330,508.970
2024-07-07 20:00:00,508.970,510.860,493.750,498.020
2024-07-08 00:00:00,498.020,503.870,496.960,500.050
2024-07-08 04:00:00,500.050,502.350,488.300,490.640
2024-07-08 08:00:00,490.640,491.990,470.030,487.910
2024-07-08 12:00:00,487.930,509.700,487.290,501.560
2024-07-08 16:00:00,501.570,524.230,500.470,515.350
2024-07-08 20:00:00,515.360,519.230,490.020,501.260
2024-07-09 00:00:00,501.290,508.350,496.910,507.360
2024-07-09 04:00:00,507.430,512.800,505.130,510.280
2024-07-09 08:00:00,510.280,516.490,506.250,513.830
2024-07-09 12:00:00,513.830,516.300,511.470,512.370
2024-07-09 16:00:00,512.360,519.020,511.270,515.990
2024-07-09 20:00:00,515.990,519.990,511.550,516.960
2024-07-10 00:00:00,516.970,521.160,515.640,516.990
2024-07-10 04:00:00,516.990,518.830,514.480,516.670
2024-07-10 08:00:00,516.670,516.990,511.130,516.500
2024-07-10 12:00:00,516.500,526.370,516.480,522.440
2024-07-10 16:00:00,522.450,529.000,519.130,527.870
2024-07-10 20:00:00,527.870,529.550,520.250,525.010
2024-07-11 00:00:00,525.030,527.840,521.940,523.500
2024-07-11 04:00:00,523.490,525.330,520.850,524.680
2024-07-11 08:00:00,524.690,528.890,520.260,523.020
2024-07-11 12:00:00,523.020,528.800,522.170,527.760
2024-07-11 16:00:00,527.800,537.000,527.470,536.580
2024-07-11 20:00:00,536.570,547.000,523.060,524.310
2024-07-12 00:00:00,524.310,530.970,522.500,525.560
2024-07-12 04:00:00,525.540,526.800,522.680,524.870
2024-07-12 08:00:00,524.860,529.520,516.920,521.500
2024-07-12 12:00:00,521.500,523.630,517.880,521.330
2024-07-12 16:00:00,521.310,524.000,518.020,523.940
2024-07-12 20:00:00,523.950,533.430,522.860,532.740
2024-07-13 00:00:00,532.640,537.600,531.000,531.540
2024-07-13 04:00:00,531.520,534.190,527.190,534.090
2024-07-13 08:00:00,534.090,535.800,532.510,533.710
2024-07-13 12:00:00,533.710,536.480,531.950,536.170
2024-07-13 16:00:00,536.180,539.700,535.110,537.740
2024-07-13 20:00:00,537.750,538.020,529.320,532.070
2024-07-14 00:00:00,532.060,533.090,528.730,530.170
2024-07-14 04:00:00,530.160,535.830,527.270,532.460
2024-07-14 08:00:00,532.450,537.760,531.260,533.560
2024-07-14 12:00:00,533.560,539.020,533.340,537.500
2024-07-14 16:00:00,537.510,540.380,535.020,537.000
2024-07-14 20:00:00,537.000,537.030,531.470,536.210
2024-07-15 00:00:00,536.210,537.290,534.700,536.780
2024-07-15 04:00:00,536.780,547.660,536.550,544.760
2024-07-15 08:00:00,544.740,554.500,543.760,553.560
2024-07-15 12:00:00,553.550,562.200,551.540,558.760
2024-07-15 16:00:00,558.770,563.360,557.200,562.070
2024-07-15 20:00:00,562.060,574.700,561.930,573.590
2024-07-16 00:00:00,573.590,579.590,572.940,576.940
2024-07-16 04:00:00,576.950,586.660,575.400,585.100
2024-07-16 08:00:00,585.100,587.570,577.470,579.470
2024-07-16 12:00:00,579.480,580.650,561.270,562.430
2024-07-16 16:00:00,562.420,571.740,554.650,570.720
2024-07-16 20:00:00,570.730,578.300,565.200,576.730
2024-07-17 00:00:00,576.730,578.950,571.610,578.030
2024-07-17 04:00:00,578.040,578.290,569.590,576.050
2024-07-17 08:00:00,576.050,584.020,575.730,579.240
2024-07-17 12:00:00,579.200,583.630,578.600,579.840
2024-07-17 16:00:00,579.850,581.990,574.030,575.470
2024-07-17 20:00:00,575.520,579.060,572.240,572.660
2024-07-18 00:00:00,572.660,573.660,564.120,572.060
2024-07-18 04:00:00,572.050,573.720,567.770,568.790
2024-07-18 08:00:00,568.800,576.850,568.680,574.050
2024-07-18 12:00:00,574.040,576.140,569.300,572.280
2024-07-18 16:00:00,572.290,575.070,570.450,574.100
2024-07-18 20:00:00,574.100,579.600,564.970,565.590
2024-07-19 00:00:00,565.580,571.870,561.460,567.930
2024-07-19 04:00:00,567.930,573.290,567.030,571.960
2024-07-19 08:00:00,571.960,573.500,565.000,572.870
2024-07-19 12:00:00,572.870,575.000,567.600,568.610
2024-07-19 16:00:00,568.580,573.740,566.140,573.670
2024-07-19 20:00:00,573.670,595.730,572.550,591.920
2024-07-20 00:00:00,591.910,599.330,588.590,595.670
2024-07-20 04:00:00,595.650,596.150,591.350,593.590
2024-07-20 08:00:00,593.580,595.530,586.680,590.800
2024-07-20 12:00:00,590.810,592.510,589.810,590.030
2024-07-20 16:00:00,590.040,593.220,588.160,590.480
2024-07-20 20:00:00,590.490,595.200,587.570,595.110
2024-07-21 00:00:00,595.150,598.220,593.250,595.780
2024-07-21 04:00:00,595.780,597.850,592.700,593.200
2024-07-21 08:00:00,593.200,597.860,593.120,595.840
2024-07-21 12:00:00,595.830,596.380,591.170,592.710
2024-07-21 16:00:00,592.710,595.490,592.530,594.560
2024-07-21 20:00:00,594.560,602.880,592.140,599.350
2024-07-22 00:00:00,599.360,602.880,580.790,597.800
2024-07-22 04:00:00,597.810,603.970,597.090,602.470
2024-07-22 08:00:00,602.470,606.020,599.470,600.970
2024-07-22 12:00:00,600.970,602.620,591.500,593.990
2024-07-22 16:00:00,593.990,600.830,591.210,599.840
2024-07-22 20:00:00,599.840,600.510,589.040,592.240
2024-07-23 00:00:00,592.230,596.200,590.680,595.650
2024-07-23 04:00:00,595.640,596.720,585.760,587.310
2024-07-23 08:00:00,587.310,593.590,586.970,590.510
2024-07-23 12:00:00,590.520,591.280,577.470,579.870
2024-07-23 16:00:00,579.870,589.570,579.020,584.830
2024-07-23 20:00:00,584.820,588.470,578.460,585.150
2024-07-24 00:00:00,585.130,586.030,577.010,581.030
2024-07-24 04:00:00,581.030,584.000,580.250,582.190
2024-07-24 08:00:00,582.190,586.090,580.600,585.260
2024-07-24 12:00:00,585.260,586.210,581.390,586.190
2024-07-24 16:00:00,586.200,589.010,583.650,583.720
2024-07-24 20:00:00,583.720,587.890,582.360,583.390
2024-07-25 00:00:00,583.380,585.990,578.860,579.450
2024-07-25 04:00:00,579.470,581.640,570.000,574.780
2024-07-25 08:00:00,574.780,576.180,553.080,556.700
2024-07-25 12:00:00,556.700,564.650,554.290,561.840
2024-07-25 16:00:00,561.840,567.550,560.500,564.420
2024-07-25 20:00:00,564.410,567.260,556.580,565.210
2024-07-26 00:00:00,565.210,570.560,562.660,566.450
2024-07-26 04:00:00,566.470,573.420,560.890,570.940
2024-07-26 08:00:00,570.930,579.690,570.400,579.010
2024-07-26 12:00:00,579.020,580.940,577.330,579.710
2024-07-26 16:00:00,579.700,580.740,575.430,577.650
2024-07-26 20:00:00,577.670,580.800,574.570,578.670
2024-07-27 00:00:00,578.680,582.440,577.120,580.720
2024-07-27 04:00:00,580.720,583.100,578.760,581.040
2024-07-27 08:00:00,581.040,585.440,577.860,583.330
2024-07-27 12:00:00,583.330,588.250,582.410,587.390
2024-07-27 16:00:00,587.390,589.200,586.080,587.310
2024-07-27 20:00:00,587.310,593.020,582.480,585.710
2024-07-28 00:00:00,585.700,586.520,580.900,584.770
2024-07-28 04:00:00,584.780,585.830,573.040,581.910
2024-07-28 08:00:00,581.920,584.370,577.800,580.840
2024-07-28 12:00:00,580.850,581.520,574.790,579.120
2024-07-28 16:00:00,579.120,582.380,577.500,582.200
2024-07-28 20:00:00,582.190,582.660,579.660,580.740
2024-07-29 00:00:00,580.730,584.950,579.300,584.440
2024-07-29 04:00:00,584.440,585.340,581.320,584.210
2024-07-29 08:00:00,584.210,597.640,583.920,592.690
2024-07-29 12:00:00,592.690,595.740,590.860,594.180
2024-07-29 16:00:00,594.170,595.200,592.270,593.160
2024-07-29 20:00:00,593.160,593.860,580.580,583.260
2024-07-30 00:00:00,583.260,583.960,572.620,577.880
2024-07-30 04:00:00,577.880,580.660,574.000,574.460
2024-07-30 08:00:00,574.460,575.490,566.830,573.010
2024-07-30 12:00:00,573.000,576.360,570.730,574.740
2024-07-30 16:00:00,574.750,574.880,572.070,573.810
2024-07-30 20:00:00,573.810,576.330,571.260,574.170
2024-07-31 00:00:00,574.160,577.710,570.450,574.000
2024-07-31 04:00:00,574.030,588.520,570.080,588.340
2024-07-31 08:00:00,588.320,589.980,582.440,585.430
2024-07-31 12:00:00,585.430,587.960,581.510,586.300
2024-07-31 16:00:00,586.300,589.430,584.560,587.030
2024-07-31 20:00:00,587.030,589.330,584.570,586.900
2024-08-01 00:00:00,586.900,593.340,581.010,582.370
2024-08-01 04:00:00,582.340,582.480,575.170,576.790
2024-08-01 08:00:00,576.790,578.400,568.630,570.000
2024-08-01 12:00:00,569.980,571.670,562.840,569.150
2024-08-01 16:00:00,569.150,573.540,569.010,572.780
2024-08-01 20:00:00,572.780,575.390,556.790,559.170
2024-08-02 00:00:00,559.180,561.740,553.740,561.190
2024-08-02 04:00:00,561.100,577.900,559.900,575.370
2024-08-02 08:00:00,575.380,577.970,564.210,572.270
2024-08-02 12:00:00,572.280,573.490,563.770,570.980
2024-08-02 16:00:00,570.980,575.810,568.500,573.740
2024-08-02 20:00:00,573.750,576.950,547.040,559.000
2024-08-03 00:00:00,558.980,560.480,553.300,555.290
2024-08-03 04:00:00,555.290,558.330,540.710,543.150
2024-08-03 08:00:00,543.150,544.050,526.140,542.250
2024-08-03 12:00:00,542.250,545.500,539.560,541.050
2024-08-03 16:00:00,541.040,541.940,536.820,541.380
2024-08-03 20:00:00,541.390,545.260,531.500,532.160
2024-08-04 00:00:00,532.150,534.190,522.750,523.570
2024-08-04 04:00:00,523.570,530.690,521.360,529.640
2024-08-04 08:00:00,529.700,532.320,527.110,528.470
2024-08-04 12:00:00,528.460,529.820,521.870,523.760
2024-08-04 16:00:00,523.750,528.180,520.770,525.590
2024-08-04 20:00:00,525.590,527.800,501.000,501.930
2024-08-05 00:00:00,501.940,509.990,486.140,507.940
2024-08-05 04:00:00,507.930,511.650,496.160,496.920
2024-08-05 08:00:00,496.920,500.010,425.830,442.030
2024-08-05 12:00:00,441.950,450.550,397.290,438.950
2024-08-05 16:00:00,438.940,449.140,421.040,431.940
2024-08-05 20:00:00,431.920,465.910,408.750,462.010
2024-08-06 00:00:00,461.990,473.790,450.740,457.650
2024-08-06 04:00:00,457.580,471.450,457.150,464.200
2024-08-06 08:00:00,464.210,489.990,463.440,478.630
2024-08-06 12:00:00,478.630,492.750,476.110,491.920
2024-08-06 16:00:00,491.910,491.920,475.550,478.180
2024-08-06 20:00:00,478.170,496.000,469.380,487.810
2024-08-07 00:00:00,487.820,493.000,485.100,487.900
2024-08-07 04:00:00,487.890,492.540,483.260,484.780
2024-08-07 08:00:00,484.770,493.420,478.020,491.680
2024-08-07 12:00:00,491.690,497.430,488.340,491.780
2024-08-07 16:00:00,491.780,497.240,488.090,489.150
2024-08-07 20:00:00,489.160,493.640,471.790,480.720
2024-08-08 00:00:00,480.720,481.560,468.060,472.300
2024-08-08 04:00:00,472.310,478.080,469.160,474.990
2024-08-08 08:00:00,474.990,491.770,467.400,485.310
2024-08-08 12:00:00,485.310,490.160,483.130,485.330
2024-08-08 16:00:00,485.340,490.520,485.180,488.310
2024-08-08 20:00:00,488.320,499.190,483.850,498.900
2024-08-09 00:00:00,498.900,513.690,498.660,502.640
2024-08-09 04:00:00,502.640,521.740,501.960,517.050
2024-08-09 08:00:00,517.040,518.320,511.550,514.840
2024-08-09 12:00:00,514.830,516.050,507.440,509.650
2024-08-09 16:00:00,509.650,510.970,502.160,507.010
2024-08-09 20:00:00,507.020,511.700,498.530,501.610
2024-08-10 00:00:00,501.600,507.660,500.720,506.780
2024-08-10 04:00:00,506.780,509.940,504.270,508.870
2024-08-10 08:00:00,508.880,514.490,507.210,509.600
2024-08-10 12:00:00,509.590,512.190,507.380,512.170
2024-08-10 16:00:00,512.170,516.780,510.780,516.540
2024-08-10 20:00:00,516.540,518.090,512.060,514.700
2024-08-11 00:00:00,514.700,525.710,513.670,523.030
2024-08-11 04:00:00,523.020,524.990,522.130,523.290
2024-08-11 08:00:00,523.300,534.990,523.090,530.680
2024-08-11 12:00:00,530.690,534.500,528.130,533.660
2024-08-11 16:00:00,533.660,536.700,523.120,525.200
2024-08-11 20:00:00,525.190,525.840,517.030,520.390
2024-08-12 00:00:00,520.390,523.000,512.000,512.530
2024-08-12 04:00:00,512.530,512.600,502.300,503.680
2024-08-12 08:00:00,503.670,509.760,500.200,507.670
2024-08-12 12:00:00,507.670,511.610,499.410,509.670
2024-08-12 16:00:00,509.670,518.140,504.540,517.090
2024-08-12 20:00:00,517.090,524.180,500.200,519.600
2024-08-13 00:00:00,519.590,521.440,507.400,512.950
2024-08-13 04:00:00,512.960,522.500,509.560,518.480
2024-08-13 08:00:00,518.490,521.940,514.210,516.280
2024-08-13 12:00:00,516.270,524.250,514.750,523.530
2024-08-13 16:00:00,523.530,524.780,518.600,520.900
2024-08-13 20:00:00,520.900,527.770,513.000,517.220
2024-08-14 00:00:00,517.220,523.440,516.870,521.890
2024-08-14 04:00:00,521.880,526.000,521.060,524.240
2024-08-14 08:00:00,524.240,526.880,521.820,525.620
2024-08-14 12:00:00,525.620,528.490,524.910,526.550
2024-08-14 16:00:00,526.550,531.590,524.330,529.740
2024-08-14 20:00:00,529.750,531.720,515.090,524.840
2024-08-15 00:00:00,524.850,525.940,520.250,524.240
2024-08-15 04:00:00,524.220,525.850,519.450,523.180
2024-08-15 08:00:00,523.190,527.180,520.300,522.440
2024-08-15 12:00:00,522.450,522.790,514.060,517.270
2024-08-15 16:00:00,517.270,524.990,515.380,524.070
2024-08-15 20:00:00,524.070,531.390,522.160,530.760
2024-08-16 00:00:00,530.760,533.970,510.310,513.860
2024-08-16 04:00:00,513.870,521.960,509.880,518.870
2024-08-16 08:00:00,518.860,521.900,514.090,515.230
2024-08-16 12:00:00,515.220,523.990,514.770,523.660
2024-08-16 16:00:00,523.660,524.320,518.610,519.230
2024-08-16 20:00:00,519.230,521.110,509.630,514.660
2024-08-17 00:00:00,514.660,522.960,512.910,522.300
2024-08-17 04:00:00,522.370,522.950,518.230,519.470
2024-08-17 08:00:00,519.470,522.480,518.200,521.380
2024-08-17 12:00:00,521.390,523.800,521.010,523.190
2024-08-17 16:00:00,523.190,529.830,522.300,529.490
2024-08-17 20:00:00,529.480,539.990,528.300,534.270
2024-08-18 00:00:00,534.270,544.990,534.260,544.620
2024-08-18 04:00:00,544.630,547.900,540.070,541.810
2024-08-18 08:00:00,541.810,542.580,536.210,536.550
2024-08-18 12:00:00,536.550,540.890,534.590,540.570
2024-08-18 16:00:00,540.560,540.680,536.480,538.620
2024-08-18 20:00:00,538.620,539.150,535.470,538.930
2024-08-19 00:00:00,538.940,539.850,535.300,538.200
2024-08-19 04:00:00,538.200,538.400,530.860,531.280
2024-08-19 08:00:00,531.270,537.100,529.000,536.950
2024-08-19 12:00:00,536.940,537.580,532.600,533.660
2024-08-19 16:00:00,533.650,538.000,530.640,537.140
2024-08-19 20:00:00,537.140,544.500,535.000,543.510
2024-08-20 00:00:00,543.510,556.230,543.310,553.300
2024-08-20 04:00:00,553.300,561.180,552.080,558.770
2024-08-20 08:00:00,558.760,572.210,558.760,569.400
2024-08-20 12:00:00,569.390,573.800,566.600,569.140
2024-08-20 16:00:00,569.140,569.740,565.630,568.240
2024-08-20 20:00:00,568.240,573.580,560.030,561.650
2024-08-21 00:00:00,561.650,573.580,558.270,572.760
2024-08-21 04:00:00,572.770,574.880,567.900,569.370
2024-08-21 08:00:00,569.380,572.600,561.080,564.280
2024-08-21 12:00:00,564.280,564.280,558.880,560.790
2024-08-21 16:00:00,560.780,561.740,552.770,555.860
2024-08-21 20:00:00,555.870,557.950,545.850,554.210
2024-08-22 00:00:00,554.210,572.000,553.310,571.300
2024-08-22 04:00:00,571.300,574.760,567.280,569.790
2024-08-22 08:00:00,569.790,570.640,559.030,569.580
2024-08-22 12:00:00,569.580,578.150,567.390,576.710
2024-08-22 16:00:00,576.700,584.000,574.250,583.030
2024-08-22 20:00:00,583.030,589.500,577.200,579.550
2024-08-23 00:00:00,579.550,585.080,572.410,584.060
2024-08-23 04:00:00,584.060,586.630,580.770,582.800
2024-08-23 08:00:00,582.800,586.980,579.680,581.660
2024-08-23 12:00:00,581.650,584.690,577.000,579.290
2024-08-23 16:00:00,579.290,580.100,575.000,577.420
2024-08-23 20:00:00,577.420,585.990,573.820,580.360
2024-08-24 00:00:00,580.360,587.000,578.620,586.730
2024-08-24 04:00:00,586.730,597.870,585.670,591.290
2024-08-24 08:00:00,591.280,591.980,578.010,578.710
2024-08-24 12:00:00,578.710,581.290,575.030,578.650
2024-08-24 16:00:00,578.650,583.080,577.110,577.950
2024-08-24 20:00:00,577.950,582.000,577.140,578.160
2024-08-25 00:00:00,578.160,589.150,577.780,588.580
2024-08-25 04:00:00,588.580,591.570,575.330,580.430
2024-08-25 08:00:00,580.430,583.800,575.300,578.740
2024-08-25 12:00:00,578.750,579.560,568.000,570.580
2024-08-25 16:00:00,570.580,575.500,568.470,573.840
2024-08-25 20:00:00,573.850,578.400,572.300,574.970
2024-08-26 00:00:00,574.960,576.980,572.920,575.310
2024-08-26 04:00:00,575.310,578.750,571.480,573.480
2024-08-26 08:00:00,573.490,575.210,567.370,569.910
2024-08-26 12:00:00,569.900,572.580,561.120,561.720
2024-08-26 16:00:00,561.740,566.790,559.000,563.610
2024-08-26 20:00:00,563.610,564.080,555.580,558.330
2024-08-27 00:00:00,558.320,561.560,551.380,552.420
2024-08-27 04:00:00,552.420,554.720,546.410,548.030
2024-08-27 08:00:00,548.030,555.500,547.790,552.600
2024-08-27 12:00:00,552.600,558.210,551.720,555.420
2024-08-27 16:00:00,555.390,556.000,546.520,550.700
2024-08-27 20:00:00,550.670,556.240,547.840,552.190
2024-08-28 00:00:00,552.180,554.230,544.100,550.000
2024-08-28 04:00:00,550.000,551.200,520.520,533.170
2024-08-28 08:00:00,533.170,537.800,526.600,537.680
2024-08-28 12:00:00,537.670,542.740,532.120,532.720
2024-08-28 16:00:00,532.710,546.760,530.250,543.350
2024-08-28 20:00:00,543.340,546.270,530.830,533.510
2024-08-29 00:00:00,533.500,539.280,522.010,534.140
2024-08-29 04:00:00,534.130,540.400,531.810,537.050
2024-08-29 08:00:00,537.050,541.960,536.390,540.590
2024-08-29 12:00:00,540.600,544.900,538.640,541.140
2024-08-29 16:00:00,541.150,545.210,539.880,543.810
2024-08-29 20:00:00,543.810,545.350,537.320,541.340
2024-08-30 00:00:00,541.340,542.900,530.420,535.600
2024-08-30 04:00:00,535.600,537.450,532.080,536.310
2024-08-30 08:00:00,536.300,537.370,528.960,529.940
2024-08-30 12:00:00,529.940,535.380,528.150,533.080
2024-08-30 16:00:00,533.090,540.510,533.030,538.200
2024-08-30 20:00:00,538.210,543.240,521.630,523.360
2024-08-31 00:00:00,523.370,536.960,521.570,531.470
2024-08-31 04:00:00,531.420,536.250,530.820,535.010
2024-08-31 08:00:00,535.010,537.850,534.610,537.120
2024-08-31 12:00:00,537.120,541.220,535.060,535.730
2024-08-31 16:00:00,535.730,537.790,534.130,536.760
2024-08-31 20:00:00,536.750,537.780,535.010,535.780
2024-09-01 00:00:00,535.780,535.880,531.000,533.500
2024-09-01 04:00:00,533.510,534.570,531.600,532.830
2024-09-01 08:00:00,532.840,533.140,524.600,526.670
2024-09-01 12:00:00,526.670,526.960,513.340,521.820
2024-09-01 16:00:00,521.820,522.130,515.730,518.750
2024-09-01 20:00:00,518.750,521.850,510.000,520.410
2024-09-02 00:00:00,520.400,523.960,515.770,520.110
2024-09-02 04:00:00,520.120,523.160,507.000,512.050
2024-09-02 08:00:00,512.060,516.230,511.100,514.740
2024-09-02 12:00:00,514.740,515.600,501.700,503.230
2024-09-02 16:00:00,503.210,525.180,503.030,519.080
2024-09-02 20:00:00,519.070,523.660,515.920,522.200
2024-09-03 00:00:00,522.200,523.990,519.670,522.340
2024-09-03 04:00:00,522.350,530.600,522.030,526.410
2024-09-03 08:00:00,526.420,538.540,525.330,534.100
2024-09-03 12:00:00,534.100,538.380,531.700,535.070
2024-09-03 16:00:00,535.070,536.400,531.590,536.180
2024-09-03 20:00:00,536.180,537.990,521.400,522.190
2024-09-04 00:00:00,522.200,525.840,519.740,524.530
2024-09-04 04:00:00,524.530,526.240,518.000,518.850
2024-09-04 08:00:00,518.850,523.830,501.060,512.850
2024-09-04 12:00:00,512.850,513.800,508.370,510.340
2024-09-04 16:00:00,510.350,512.360,496.510,498.880
2024-09-04 20:00:00,498.880,513.260,495.520,508.850
2024-09-05 00:00:00,508.850,512.990,505.300,509.400
2024-09-05 04:00:00,509.410,513.500,507.060,507.710
2024-09-05 08:00:00,507.720,512.710,503.370,504.120
2024-09-05 12:00:00,504.120,508.190,501.040,506.780
2024-09-05 16:00:00,506.780,507.890,502.660,504.730
2024-09-05 20:00:00,504.730,510.450,499.500,501.470
2024-09-06 00:00:00,501.470,503.760,496.570,499.450
2024-09-06 04:00:00,499.440,502.900,498.270,502.480
2024-09-06 08:00:00,502.490,508.170,500.830,505.560
2024-09-06 12:00:00,505.550,508.480,496.900,501.310
2024-09-06 16:00:00,501.330,506.800,500.800,504.350
2024-09-06 20:00:00,504.360,510.190,488.350,492.440
2024-09-07 00:00:00,492.420,493.510,477.860,482.240
2024-09-07 04:00:00,482.170,487.250,471.000,487.040
2024-09-07 08:00:00,487.050,489.780,482.880,486.310
2024-09-07 12:00:00,486.310,495.720,486.080,495.110
2024-09-07 16:00:00,495.110,496.570,491.740,492.730
2024-09-07 20:00:00,492.730,499.340,492.730,497.660
2024-09-08 00:00:00,497.660,497.970,492.160,495.810
2024-09-08 04:00:00,495.800,495.860,490.330,493.370
2024-09-08 08:00:00,493.360,496.680,490.670,496.500
2024-09-08 12:00:00,496.510,504.900,496.100,503.020
2024-09-08 16:00:00,503.020,506.330,501.000,501.430
2024-09-08 20:00:00,501.500,502.000,491.060,491.770
2024-09-09 00:00:00,491.760,498.840,491.100,495.380
2024-09-09 04:00:00,495.380,507.000,494.720,503.030
2024-09-09 08:00:00,503.020,510.000,502.600,505.160
2024-09-09 12:00:00,505.170,507.140,501.730,506.940
2024-09-09 16:00:00,506.940,510.460,505.220,505.400
2024-09-09 20:00:00,505.390,508.130,502.070,506.190
2024-09-10 00:00:00,506.190,520.800,505.820,520.390
2024-09-10 04:00:00,520.390,527.610,517.460,518.910
2024-09-10 08:00:00,518.910,518.980,513.590,514.630
2024-09-10 12:00:00,514.630,520.560,514.620,520.310
2024-09-10 16:00:00,520.310,522.340,517.910,521.290
2024-09-10 20:00:00,521.290,522.750,514.160,514.280
2024-09-11 00:00:00,514.260,524.460,514.010,521.940
2024-09-11 04:00:00,521.930,522.450,516.860,517.220
2024-09-11 08:00:00,517.230,517.500,510.610,514.710
2024-09-11 12:00:00,514.700,515.300,506.460,514.100
2024-09-11 16:00:00,514.090,515.990,509.850,515.250
2024-09-11 20:00:00,515.250,520.400,508.600,518.120
2024-09-12 00:00:00,518.120,535.920,517.850,533.440
2024-09-12 04:00:00,533.430,534.780,528.060,530.370
2024-09-12 08:00:00,530.320,547.290,530.060,543.140
2024-09-12 12:00:00,543.140,546.000,541.180,542.290
2024-09-12 16:00:00,542.280,545.700,541.800,545.070
2024-09-12 20:00:00,545.070,548.870,534.420,535.740
2024-09-13 00:00:00,535.740,543.920,535.190,541.590
2024-09-13 04:00:00,541.590,545.600,538.550,544.580
2024-09-13 08:00:00,544.570,547.410,542.100,542.700
2024-09-13 12:00:00,542.700,544.220,538.430,542.830
2024-09-13 16:00:00,542.830,550.000,540.540,546.070
2024-09-13 20:00:00,546.070,554.190,542.300,553.530
2024-09-14 00:00:00,553.550,555.830,549.700,554.390
2024-09-14 04:00:00,554.410,559.610,553.520,556.020
2024-09-14 08:00:00,556.030,559.140,554.970,556.040
2024-09-14 12:00:00,556.030,556.260,551.140,553.660
2024-09-14 16:00:00,553.670,554.170,549.500,551.300
2024-09-14 20:00:00,551.310,553.440,550.360,550.800
2024-09-15 00:00:00,550.800,553.080,547.130,550.960
2024-09-15 04:00:00,550.950,553.630,550.740,553.210
2024-09-15 08:00:00,553.220,555.870,552.280,552.730
2024-09-15 12:00:00,552.730,554.950,552.000,554.950
2024-09-15 16:00:00,554.950,555.110,553.000,554.610
2024-09-15 20:00:00,554.600,561.920,554.380,561.310
2024-09-16 00:00:00,561.320,561.630,553.880,556.720
2024-09-16 04:00:00,556.720,560.740,551.480,553.120
2024-09-16 08:00:00,553.110,555.090,540.540,544.820
2024-09-16 12:00:00,544.810,551.110,543.940,550.340
2024-09-16 16:00:00,550.340,552.240,543.690,547.010
2024-09-16 20:00:00,547.010,549.000,534.490,534.780
2024-09-17 00:00:00,534.770,536.650,528.140,532.320
2024-09-17 04:00:00,532.310,534.920,526.500,533.370
2024-09-17 08:00:00,533.370,535.380,528.580,534.720
2024-09-17 12:00:00,534.730,539.850,534.680,538.070
2024-09-17 16:00:00,538.080,544.000,537.330,542.490
2024-09-17 20:00:00,542.500,552.290,539.310,549.730
2024-09-18 00:00:00,549.740,550.600,541.380,544.950
2024-09-18 04:00:00,544.950,547.350,542.940,546.020
2024-09-18 08:00:00,546.020,549.520,541.680,547.050
2024-09-18 12:00:00,547.040,547.340,543.510,545.160
2024-09-18 16:00:00,545.160,545.280,536.400,539.570
2024-09-18 20:00:00,539.580,543.680,536.640,537.890
2024-09-19 00:00:00,537.900,551.970,536.660,544.730
2024-09-19 04:00:00,544.680,559.630,540.860,559.320
2024-09-19 08:00:00,559.320,562.610,554.730,559.810
2024-09-19 12:00:00,559.810,561.830,556.180,556.840
2024-09-19 16:00:00,556.890,558.270,552.770,558.210
2024-09-19 20:00:00,558.210,567.330,558.040,564.800
2024-09-20 00:00:00,564.830,571.740,564.470,565.720
2024-09-20 04:00:00,565.720,567.430,561.500,566.850
2024-09-20 08:00:00,566.850,571.600,558.780,571.480
2024-09-20 12:00:00,571.460,577.000,569.830,573.610
2024-09-20 16:00:00,573.610,574.280,565.690,569.830
2024-09-20 20:00:00,569.840,573.600,564.000,569.830
2024-09-21 00:00:00,569.840,570.750,564.150,566.800
2024-09-21 04:00:00,566.800,570.240,566.130,568.830
2024-09-21 08:00:00,568.830,572.990,566.310,567.490
2024-09-21 12:00:00,567.490,583.880,567.360,582.800
2024-09-21 16:00:00,582.810,587.850,580.030,580.500
2024-09-21 20:00:00,580.510,585.880,579.900,583.770
2024-09-22 00:00:00,583.750,586.090,582.500,585.420
2024-09-22 04:00:00,585.410,590.800,583.670,588.980
2024-09-22 08:00:00,588.980,589.840,581.290,584.400
2024-09-22 12:00:00,584.410,585.600,581.670,584.750
2024-09-22 16:00:00,584.750,585.980,580.010,581.530
2024-09-22 20:00:00,581.530,583.250,577.300,580.670
2024-09-23 00:00:00,580.670,587.850,578.250,586.010
2024-09-23 04:00:00,586.020,595.080,576.070,588.650
2024-09-23 08:00:00,588.650,599.720,583.000,596.990
2024-09-23 12:00:00,597.000,597.680,589.420,591.160
2024-09-23 16:00:00,591.150,593.000,588.000,592.240
2024-09-23 20:00:00,592.240,601.880,591.400,600.850
2024-09-24 00:00:00,600.800,616.690,600.680,612.470
2024-09-24 04:00:00,612.560,615.380,602.110,604.970
2024-09-24 08:00:00,604.970,609.930,600.600,606.770
2024-09-24 12:00:00,606.760,606.900,600.760,602.580
2024-09-24 16:00:00,602.630,606.460,601.150,604.140
2024-09-24 20:00:00,604.130,609.660,598.510,606.580
2024-09-25 00:00:00,606.630,610.630,604.730,609.740
2024-09-25 04:00:00,609.740,613.900,604.740,606.070
2024-09-25 08:00:00,606.060,608.340,602.550,607.020
2024-09-25 12:00:00,606.970,606.980,593.010,596.190
2024-09-25 16:00:00,596.180,598.500,593.120,596.710
2024-09-25 20:00:00,596.720,599.850,592.080,593.400
2024-09-26 00:00:00,593.400,595.560,585.580,586.920
2024-09-26 04:00:00,586.960,589.740,583.980,587.490
2024-09-26 08:00:00,587.490,589.730,581.150,588.350
2024-09-26 12:00:00,588.340,596.990,587.420,596.280
2024-09-26 16:00:00,596.280,599.220,593.600,595.620
2024-09-26 20:00:00,595.620,603.380,592.540,601.960
2024-09-27 00:00:00,601.970,609.500,592.540,593.140
2024-09-27 04:00:00,593.140,598.720,591.330,596.470
2024-09-27 08:00:00,596.460,606.000,596.100,604.830
2024-09-27 12:00:00,604.830,607.750,600.120,604.300
2024-09-27 16:00:00,604.290,609.260,602.510,608.810
2024-09-27 20:00:00,608.800,615.000,605.700,609.340
2024-09-28 00:00:00,609.350,613.410,605.260,605.800
2024-09-28 04:00:00,605.810,611.900,604.310,607.330
2024-09-28 08:00:00,607.330,619.060,605.530,612.700
2024-09-28 12:00:00,612.690,613.000,600.100,602.730
2024-09-28 16:00:00,602.720,603.300,594.810,602.550
2024-09-28 20:00:00,602.550,603.510,597.300,601.170
2024-09-29 00:00:00,601.160,602.120,597.750,600.260
2024-09-29 04:00:00,600.260,602.120,595.760,601.120
2024-09-29 08:00:00,601.120,603.130,598.570,600.810
2024-09-29 12:00:00,600.840,600.870,593.190,593.780
2024-09-29 16:00:00,593.770,598.730,592.670,597.790
2024-09-29 20:00:00,597.810,598.770,593.800,597.340
2024-09-30 00:00:00,597.340,600.110,596.100,600.080
2024-09-30 04:00:00,600.070,601.670,595.020,595.760
2024-09-30 08:00:00,595.770,595.950,572.540,578.240
2024-09-30 12:00:00,578.250,583.540,575.330,582.470
2024-09-30 16:00:00,582.470,582.960,570.810,575.110
2024-09-30 20:00:00,575.120,578.740,571.200,571.310
2024-10-01 00:00:00,571.320,574.420,568.000,573.060
2024-10-01 04:00:00,573.070,575.820,563.400,567.650
2024-10-01 08:00:00,567.650,577.230,565.570,576.960
2024-10-01 12:00:00,576.960,583.200,576.300,581.200
2024-10-01 16:00:00,581.200,581.620,577.420,577.560
2024-10-01 20:00:00,577.550,579.020,547.400,561.350
2024-10-02 00:00:00,561.340,562.500,538.020,548.390
2024-10-02 04:00:00,548.430,549.720,536.110,546.980
2024-10-02 08:00:00,546.970,555.540,545.220,554.320
2024-10-02 12:00:00,554.320,558.150,551.500,556.160
2024-10-02 16:00:00,556.160,557.640,544.240,546.570
2024-10-02 20:00:00,546.560,549.970,536.840,549.250
2024-10-03 00:00:00,549.250,552.880,534.400,538.820
2024-10-03 04:00:00,538.880,545.900,537.500,542.380
2024-10-03 08:00:00,542.380,549.850,541.040,549.640
2024-10-03 12:00:00,549.640,550.550,543.540,545.070
2024-10-03 16:00:00,545.070,545.840,535.640,537.740
2024-10-03 20:00:00,537.730,545.470,533.400,541.050
2024-10-04 00:00:00,541.050,545.710,536.880,545.560
2024-10-04 04:00:00,545.560,546.450,540.990,544.640
2024-10-04 08:00:00,544.640,549.380,541.600,546.650
2024-10-04 12:00:00,546.650,550.560,546.420,550.520
2024-10-04 16:00:00,550.530,554.130,550.160,552.970
2024-10-04 20:00:00,552.960,556.920,545.020,553.360
2024-10-05 00:00:00,553.360,557.970,551.980,557.030
2024-10-05 04:00:00,557.040,557.610,554.520,555.270
2024-10-05 08:00:00,555.280,557.920,551.610,553.560
2024-10-05 12:00:00,553.560,564.640,553.560,561.640
2024-10-05 16:00:00,561.640,565.080,560.790,561.300
2024-10-05 20:00:00,561.310,564.800,560.250,564.120
2024-10-06 00:00:00,564.120,564.880,559.400,560.840
2024-10-06 04:00:00,560.840,564.120,558.000,563.130
2024-10-06 08:00:00,563.140,566.320,561.550,562.050
2024-10-06 12:00:00,562.050,563.940,561.360,562.680
2024-10-06 16:00:00,562.670,563.840,561.060,562.630
2024-10-06 20:00:00,562.630,569.200,561.780,567.290
2024-10-07 00:00:00,567.280,568.180,565.110,565.590
2024-10-07 04:00:00,565.590,571.850,563.250,570.260
2024-10-07 08:00:00,570.260,577.130,567.330,573.210
2024-10-07 12:00:00,573.200,577.420,572.090,575.740
2024-10-07 16:00:00,575.740,577.500,566.500,571.680
2024-10-07 20:00:00,571.690,581.950,570.380,575.670
2024-10-08 00:00:00,575.720,577.700,566.500,572.450
2024-10-08 04:00:00,572.440,574.180,563.320,564.330
2024-10-08 08:00:00,564.340,571.620,563.200,569.780
2024-10-08 12:00:00,569.780,570.930,559.040,563.320
2024-10-08 16:00:00,563.320,576.970,562.130,576.770
2024-10-08 20:00:00,576.770,580.200,572.100,577.640
2024-10-09 00:00:00,577.650,586.800,575.820,585.330
2024-10-09 04:00:00,585.350,586.230,578.410,579.920
2024-10-09 08:00:00,579.910,581.700,572.450,575.930
2024-10-09 12:00:00,575.920,584.910,575.090,581.650
2024-10-09 16:00:00,581.640,584.700,580.550,582.510
2024-10-09 20:00:00,582.500,584.450,576.060,580.730
2024-10-10 00:00:00,580.730,582.000,570.750,571.600
2024-10-10 04:00:00,571.600,572.990,565.850,570.350
2024-10-10 08:00:00,570.350,572.500,566.960,568.960
2024-10-10 12:00:00,568.960,572.490,568.570,569.700
2024-10-10 16:00:00,569.710,570.800,564.450,570.090
2024-10-10 20:00:00,570.080,570.400,562.460,565.130
2024-10-11 00:00:00,565.140,566.870,551.270,559.130
2024-10-11 04:00:00,559.120,563.760,557.270,563.630
2024-10-11 08:00:00,563.620,565.470,560.340,564.130
2024-10-11 12:00:00,564.130,564.980,560.240,560.510
2024-10-11 16:00:00,560.510,568.600,560.290,567.730
2024-10-11 20:00:00,567.720,573.460,566.110,571.900
2024-10-12 00:00:00,571.900,577.480,571.230,574.260
2024-10-12 04:00:00,574.260,574.830,572.230,573.770
2024-10-12 08:00:00,573.760,577.420,573.570,576.890
2024-10-12 12:00:00,576.890,579.040,574.080,575.350
2024-10-12 16:00:00,575.340,579.170,575.010,576.570
2024-10-12 20:00:00,576.570,578.950,575.010,575.960
2024-10-13 00:00:00,575.960,578.330,575.720,577.650
2024-10-13 04:00:00,577.650,578.180,576.210,576.510
2024-10-13 08:00:00,576.510,578.450,572.780,573.330
2024-10-13 12:00:00,573.330,576.310,572.560,574.280
2024-10-13 16:00:00,574.290,575.300,572.240,572.390
2024-10-13 20:00:00,572.390,574.310,564.950,566.770
2024-10-14 00:00:00,566.780,572.000,565.840,570.800
2024-10-14 04:00:00,570.800,573.130,569.550,572.210
2024-10-14 08:00:00,572.210,580.850,569.430,580.370
2024-10-14 12:00:00,580.370,582.710,575.130,580.470
2024-10-14 16:00:00,580.470,581.940,578.010,580.880
2024-10-14 20:00:00,580.870,589.120,579.260,588.190
2024-10-15 00:00:00,588.200,592.310,587.400,588.950
2024-10-15 04:00:00,588.940,592.000,587.440,589.310
2024-10-15 08:00:00,589.310,592.560,584.670,585.220
2024-10-15 12:00:00,585.230,587.520,581.160,585.030
2024-10-15 16:00:00,585.030,591.400,583.850,585.550
2024-10-15 20:00:00,585.640,600.340,577.730,589.600
2024-10-16 00:00:00,589.600,595.850,589.330,594.960
2024-10-16 04:00:00,594.960,595.180,587.320,594.890
2024-10-16 08:00:00,594.890,597.700,592.100,594.250
2024-10-16 12:00:00,594.240,595.540,590.060,591.470
2024-10-16 16:00:00,591.460,600.960,591.000,599.440
2024-10-16 20:00:00,599.430,601.760,593.590,595.460
2024-10-17 00:00:00,595.460,604.800,591.760,601.540
2024-10-17 04:00:00,601.540,605.840,600.220,601.130
2024-10-17 08:00:00,601.120,606.680,600.120,604.330
2024-10-17 12:00:00,604.320,605.860,596.300,597.230
2024-10-17 16:00:00,597.230,598.070,590.440,590.520
2024-10-17 20:00:00,590.510,595.180,589.000,594.120
2024-10-18 00:00:00,594.120,594.330,584.560,588.830
2024-10-18 04:00:00,588.850,592.910,588.570,592.830
2024-10-18 08:00:00,592.840,598.600,591.810,594.100
2024-10-18 12:00:00,594.110,599.290,593.920,597.890
2024-10-18 16:00:00,597.880,598.950,595.000,595.190
2024-10-18 20:00:00,595.200,602.130,594.150,600.690
2024-10-19 00:00:00,600.690,602.540,598.270,599.470
2024-10-19 04:00:00,599.470,600.640,597.750,599.030
2024-10-19 08:00:00,599.030,601.300,598.660,598.950
2024-10-19 12:00:00,598.950,599.640,597.000,597.740
2024-10-19 16:00:00,597.730,598.580,596.910,596.940
2024-10-19 20:00:00,596.950,598.580,596.220,596.790
2024-10-20 00:00:00,596.800,597.750,595.210,597.050
2024-10-20 04:00:00,597.040,598.490,595.950,597.940
2024-10-20 08:00:00,597.930,598.500,593.040,594.700
2024-10-20 12:00:00,594.700,598.350,594.500,597.650
2024-10-20 16:00:00,597.650,598.440,595.930,596.660
2024-10-20 20:00:00,596.670,600.850,595.160,599.210
2024-10-21 00:00:00,599.220,599.830,597.690,598.500
2024-10-21 04:00:00,598.510,607.650,598.410,606.280
2024-10-21 08:00:00,606.290,609.000,601.390,604.780
2024-10-21 12:00:00,604.770,610.510,603.110,609.300
2024-10-21 16:00:00,609.300,612.460,605.010,609.340
2024-10-21 20:00:00,609.350,610.110,593.620,595.980
2024-10-22 00:00:00,595.980,600.580,591.430,599.110
2024-10-22 04:00:00,599.110,601.540,597.300,598.740
2024-10-22 08:00:00,598.730,600.000,592.300,598.470
2024-10-22 12:00:00,598.480,599.900,595.080,595.220
2024-10-22 16:00:00,595.220,597.650,586.850,595.800
2024-10-22 20:00:00,595.790,598.720,590.290,596.700
2024-10-23 00:00:00,596.700,596.740,591.470,594.340
2024-10-23 04:00:00,594.330,596.640,593.070,593.810
2024-10-23 08:00:00,593.820,594.490,589.190,590.420
2024-10-23 12:00:00,590.420,590.770,582.750,584.180
2024-10-23 16:00:00,584.180,585.000,579.590,582.350
2024-10-23 20:00:00,582.360,586.360,578.400,579.600
2024-10-24 00:00:00,579.600,582.490,572.820,582.140
2024-10-24 04:00:00,582.140,585.600,581.160,584.950
2024-10-24 08:00:00,584.940,592.200,583.230,590.160
2024-10-24 12:00:00,590.170,594.390,589.600,590.770
2024-10-24 16:00:00,590.760,592.830,585.570,591.290
2024-10-24 20:00:00,591.290,593.880,589.620,592.490
2024-10-25 00:00:00,592.480,595.000,590.130,594.640
2024-10-25 04:00:00,594.630,598.230,593.210,594.650
2024-10-25 08:00:00,594.640,597.960,592.480,595.350
2024-10-25 12:00:00,595.360,595.470,586.830,588.590
2024-10-25 16:00:00,588.590,593.490,586.190,592.600
2024-10-25 20:00:00,592.590,595.490,587.900,589.780
2024-10-26 00:00:00,589.780,591.650,578.230,585.070
2024-10-26 04:00:00,585.080,586.680,564.740,574.640
2024-10-26 08:00:00,574.640,579.190,570.230,578.490
2024-10-26 12:00:00,578.490,583.760,577.800,579.820
2024-10-26 16:00:00,579.810,584.620,579.380,584.390
2024-10-26 20:00:00,584.390,585.000,578.330,580.940
2024-10-27 00:00:00,580.950,586.200,580.610,585.540
2024-10-27 04:00:00,585.540,587.100,583.190,583.400
2024-10-27 08:00:00,583.390,585.990,581.800,585.820
2024-10-27 12:00:00,585.830,586.180,583.960,584.780
2024-10-27 16:00:00,584.780,585.700,581.740,582.770
2024-10-27 20:00:00,582.760,588.330,582.700,587.400
2024-10-28 00:00:00,587.390,589.680,585.500,587.070
2024-10-28 04:00:00,587.060,590.940,586.260,589.340
2024-10-28 08:00:00,589.320,590.060,586.270,587.100
2024-10-28 12:00:00,587.110,592.810,585.370,591.580
2024-10-28 16:00:00,591.580,594.900,590.880,594.490
2024-10-28 20:00:00,594.480,596.700,590.480,590.590
2024-10-29 00:00:00,590.580,597.150,588.720,596.040
2024-10-29 04:00:00,598.660,605.000,598.400,601.370
2024-10-29 08:00:00,601.370,610.870,600.180,605.880
2024-10-29 12:00:00,605.880,607.600,604.310,604.500
2024-10-29 16:00:00,604.580,607.980,604.430,606.990
2024-10-29 20:00:00,607.000,611.050,604.560,610.490
2024-10-30 00:00:00,610.490,612.780,603.830,604.190
2024-10-30 04:00:00,604.220,607.710,600.690,606.710
2024-10-30 08:00:00,606.700,607.140,598.560,603.170
2024-10-30 12:00:00,603.160,607.200,601.180,602.500
2024-10-30 16:00:00,602.490,605.110,595.910,596.030
2024-10-30 20:00:00,596.040,601.970,594.500,597.320
2024-10-31 00:00:00,597.320,600.620,596.520,597.770
2024-10-31 04:00:00,597.760,600.840,595.020,595.900
2024-10-31 08:00:00,595.900,596.880,592.000,592.980
2024-10-31 12:00:00,592.990,593.390,588.070,588.130
2024-10-31 16:00:00,588.130,588.170,581.750,586.850
2024-10-31 20:00:00,586.850,589.220,575.620,581.000
2024-11-01 00:00:00,581.000,581.010,573.100,573.420
2024-11-01 04:00:00,573.420,578.340,571.140,576.710
2024-11-01 08:00:00,576.700,580.750,570.150,578.960
2024-11-01 12:00:00,578.960,580.350,572.260,574.770
2024-11-01 16:00:00,574.780,579.680,574.690,577.540
2024-11-01 20:00:00,577.540,585.460,568.220,571.720
2024-11-02 00:00:00,571.720,577.280,569.640,571.850
2024-11-02 04:00:00,571.860,573.590,567.520,572.930
2024-11-02 08:00:00,572.930,575.830,572.640,575.220
2024-11-02 12:00:00,575.230,576.940,573.620,576.200
2024-11-02 16:00:00,576.190,576.700,572.780,573.040
2024-11-02 20:00:00,573.050,573.500,562.060,566.470
2024-11-03 00:00:00,566.470,569.620,566.260,569.530
2024-11-03 04:00:00,569.540,570.640,566.760,568.580
2024-11-03 08:00:00,568.590,569.300,556.930,561.890
2024-11-03 12:00:00,561.890,565.220,561.440,563.660
2024-11-03 16:00:00,563.660,563.660,556.950,557.410
2024-11-03 20:00:00,557.400,559.730,546.690,551.750
2024-11-04 00:00:00,551.740,556.940,548.430,556.890
2024-11-04 04:00:00,556.890,560.220,555.680,557.780
2024-11-04 08:00:00,557.790,564.710,553.130,562.450
2024-11-04 12:00:00,562.450,564.050,558.260,558.740
2024-11-04 16:00:00,558.750,562.350,556.180,560.120
2024-11-04 20:00:00,560.130,563.330,556.300,559.530
2024-11-05 00:00:00,559.530,560.520,550.880,552.720
2024-11-05 04:00:00,552.720,553.510,543.220,552.510
2024-11-05 08:00:00,552.500,555.780,550.990,555.450
2024-11-05 12:00:00,555.450,561.030,554.840,560.720
2024-11-05 16:00:00,560.720,561.910,558.220,559.480
2024-11-05 20:00:00,559.480,569.990,558.550,564.560
2024-11-06 00:00:00,564.550,571.970,559.480,560.250
2024-11-06 04:00:00,560.250,567.440,559.030,563.300
2024-11-06 08:00:00,563.290,589.420,563.130,582.020
2024-11-06 12:00:00,582.020,589.860,575.550,584.350
2024-11-06 16:00:00,584.320,585.220,576.140,582.200
2024-11-06 20:00:00,582.200,585.840,579.310,583.460
2024-11-07 00:00:00,583.460,588.750,581.890,588.560
2024-11-07 04:00:00,588.570,595.350,586.550,592.610
2024-11-07 08:00:00,592.610,611.980,591.420,605.420
2024-11-07 12:00:00,605.430,606.820,591.730,596.150
2024-11-07 16:00:00,596.140,598.000,592.510,592.740
2024-11-07 20:00:00,592.750,598.420,587.180,598.160
2024-11-08 00:00:00,598.160,601.740,595.510,599.540
2024-11-08 04:00:00,599.550,603.170,596.040,598.740
2024-11-08 08:00:00,598.740,606.550,593.230,597.120
2024-11-08 12:00:00,597.120,601.350,595.500,599.450
2024-11-08 16:00:00,599.460,599.820,594.590,596.300
2024-11-08 20:00:00,596.290,601.990,595.000,597.720
2024-11-09 00:00:00,597.720,599.290,588.120,597.990
2024-11-09 04:00:00,598.000,598.970,593.130,598.170
2024-11-09 08:00:00,598.180,638.730,597.940,635.850
2024-11-09 12:00:00,635.870,636.660,627.210,629.510
2024-11-09 16:00:00,629.510,634.480,623.570,626.150
2024-11-09 20:00:00,626.140,627.450,616.380,617.220
2024-11-10 00:00:00,617.210,621.800,609.550,616.510
2024-11-10 04:00:00,616.510,628.000,614.630,625.060
2024-11-10 08:00:00,625.070,631.000,622.450,628.130
2024-11-10 12:00:00,628.140,635.520,626.010,629.880
2024-11-10 16:00:00,629.890,644.990,629.570,642.260
2024-11-10 20:00:00,642.190,643.330,631.680,640.540
2024-11-11 00:00:00,640.530,644.570,623.980,629.820
2024-11-11 04:00:00,629.830,632.450,612.020,627.840
2024-11-11 08:00:00,627.840,641.980,626.340,637.980
2024-11-11 12:00:00,637.980,639.500,613.340,616.440
2024-11-11 16:00:00,616.450,630.830,615.160,626.730
2024-11-11 20:00:00,626.720,629.190,614.230,626.470
2024-11-12 00:00:00,626.460,641.660,626.000,636.050
2024-11-12 04:00:00,636.050,666.510,628.510,660.530
2024-11-12 08:00:00,660.530,668.500,633.510,654.670
2024-11-12 12:00:00,654.660,656.320,643.000,649.070
2024-11-12 16:00:00,649.080,658.620,615.010,627.260
2024-11-12 20:00:00,627.260,631.890,612.560,626.020
2024-11-13 00:00:00,626.010,633.090,616.410,628.890
2024-11-13 04:00:00,628.900,635.560,622.830,625.780
2024-11-13 08:00:00,625.850,629.320,606.050,606.530
2024-11-13 12:00:00,606.530,613.890,598.810,608.030
2024-11-13 16:00:00,608.030,613.790,602.820,610.450
2024-11-13 20:00:00,610.500,638.250,605.810,629.540
2024-11-14 00:00:00,629.550,639.220,610.000,612.340
2024-11-14 04:00:00,612.340,622.130,605.000,621.190
2024-11-14 08:00:00,621.190,627.850,610.800,626.940
2024-11-14 12:00:00,626.930,661.300,621.280,660.230
2024-11-14 16:00:00,660.190,660.420,623.500,632.800
2024-11-14 20:00:00,632.790,637.720,618.800,628.720
2024-11-15 00:00:00,628.720,639.260,628.190,637.710
2024-11-15 04:00:00,637.710,637.850,616.280,622.640
2024-11-15 08:00:00,622.640,628.690,616.350,623.840
2024-11-15 12:00:00,623.850,624.120,607.100,615.660
2024-11-15 16:00:00,615.670,625.370,611.080,624.560
2024-11-15 20:00:00,624.560,626.970,603.630,606.890
2024-11-16 00:00:00,606.900,615.330,605.170,613.100
2024-11-16 04:00:00,613.090,620.310,612.940,619.730
2024-11-16 08:00:00,619.730,624.990,617.510,624.890
2024-11-16 12:00:00,624.890,627.910,622.000,623.680
2024-11-16 16:00:00,623.690,631.070,621.270,631.060
2024-11-16 20:00:00,631.050,634.330,619.020,623.770
2024-11-17 00:00:00,623.780,631.330,620.000,630.270
2024-11-17 04:00:00,630.260,630.990,620.600,623.190
2024-11-17 08:00:00,623.190,629.160,605.200,614.520
2024-11-17 12:00:00,614.520,648.300,612.680,639.330
2024-11-17 16:00:00,639.330,646.690,628.440,629.020
2024-11-17 20:00:00,629.020,635.000,622.090,625.080
2024-11-18 00:00:00,625.070,625.710,616.600,620.250
2024-11-18 04:00:00,620.250,622.050,611.330,618.990
2024-11-18 08:00:00,618.990,628.990,617.750,628.330
2024-11-18 12:00:00,628.330,630.420,623.270,627.120
2024-11-18 16:00:00,627.120,628.440,614.430,616.290
2024-11-18 20:00:00,616.290,626.350,612.310,624.750
2024-11-19 00:00:00,624.760,635.000,612.830,616.960
2024-11-19 04:00:00,616.960,622.220,615.070,619.460
2024-11-19 08:00:00,619.460,620.960,617.240,618.900
2024-11-19 12:00:00,618.900,621.530,616.270,618.010
2024-11-19 16:00:00,618.020,618.930,614.000,618.750
2024-11-19 20:00:00,618.760,621.970,612.120,615.600
2024-11-20 00:00:00,615.620,619.810,613.670,616.700
2024-11-20 04:00:00,616.620,617.800,605.470,615.930
2024-11-20 08:00:00,616.000,616.850,606.150,611.460
2024-11-20 12:00:00,611.460,614.630,609.000,613.300
2024-11-20 16:00:00,613.300,615.720,611.000,612.690
2024-11-20 20:00:00,612.700,621.080,608.620,615.620
2024-11-21 00:00:00,615.610,616.300,600.250,604.770
2024-11-21 04:00:00,604.760,613.170,602.550,605.780
2024-11-21 08:00:00,605.840,609.750,593.260,602.330
2024-11-21 12:00:00,602.330,614.470,601.090,612.940
2024-11-21 16:00:00,612.940,613.680,607.440,610.200
2024-11-21 20:00:00,610.200,630.000,610.110,617.200
2024-11-22 00:00:00,617.200,625.770,616.510,625.290
2024-11-22 04:00:00,625.290,626.080,619.730,622.330
2024-11-22 08:00:00,622.320,640.570,622.320,635.870
2024-11-22 12:00:00,635.870,638.780,626.470,627.650
2024-11-22 16:00:00,627.800,633.200,621.180,625.600
2024-11-22 20:00:00,625.610,628.930,615.560,624.970
2024-11-23 00:00:00,624.970,626.320,618.760,622.390
2024-11-23 04:00:00,622.380,633.760,621.520,633.510
2024-11-23 08:00:00,633.510,651.440,631.660,644.990
2024-11-23 12:00:00,645.000,667.900,641.000,664.610
2024-11-23 16:00:00,664.610,677.200,660.400,663.530
2024-11-23 20:00:00,663.530,681.450,661.440,670.240
2024-11-24 00:00:00,670.230,673.070,650.000,653.910
2024-11-24 04:00:00,653.900,658.000,642.650,651.130
2024-11-24 08:00:00,651.130,662.710,649.100,659.870
2024-11-24 12:00:00,659.860,674.040,656.080,673.330
2024-11-24 16:00:00,673.330,688.340,651.100,652.130
2024-11-24 20:00:00,652.140,657.070,637.470,643.000
2024-11-25 00:00:00,642.990,656.100,640.100,651.130
2024-11-25 04:00:00,651.140,664.040,650.030,660.220
2024-11-25 08:00:00,660.220,663.780,646.880,659.230
2024-11-25 12:00:00,659.230,663.840,655.780,661.750
2024-11-25 16:00:00,661.750,677.190,660.000,664.610
2024-11-25 20:00:00,664.610,668.760,632.000,649.180
2024-11-26 00:00:00,649.190,654.210,638.440,643.930
2024-11-26 04:00:00,643.940,647.570,627.000,636.590
2024-11-26 08:00:00,636.590,646.130,633.060,643.370
2024-11-26 12:00:00,643.360,645.500,635.010,641.940
2024-11-26 16:00:00,641.930,642.300,610.570,620.400
2024-11-26 20:00:00,620.390,625.000,608.180,614.420
2024-11-27 00:00:00,614.430,621.430,599.920,610.530
2024-11-27 04:00:00,610.530,617.150,608.660,613.940
2024-11-27 08:00:00,613.940,618.880,608.220,617.000
2024-11-27 12:00:00,617.010,623.060,615.700,622.490
2024-11-27 16:00:00,622.500,629.220,617.410,625.540
2024-11-27 20:00:00,625.540,639.670,619.740,636.970
2024-11-28 00:00:00,636.960,640.000,633.000,639.010
2024-11-28 04:00:00,639.010,647.140,638.130,644.690
2024-11-28 08:00:00,644.690,658.720,640.260,652.590
2024-11-28 12:00:00,652.600,659.710,648.990,650.480
2024-11-28 16:00:00,650.480,661.820,646.550,660.510
2024-11-28 20:00:00,660.500,664.450,645.100,646.790
2024-11-29 00:00:00,646.800,660.000,646.520,658.130
2024-11-29 04:00:00,658.130,660.000,651.520,654.330
2024-11-29 08:00:00,654.320,664.400,652.160,658.180
2024-11-29 12:00:00,658.180,659.390,648.900,650.220
2024-11-29 16:00:00,650.220,656.840,650.000,656.830
2024-11-29 20:00:00,656.830,661.600,654.180,660.240
2024-11-30 00:00:00,660.250,662.320,653.330,654.400
2024-11-30 04:00:00,654.400,655.850,650.390,655.130
2024-11-30 08:00:00,655.120,658.000,648.380,657.460
2024-11-30 12:00:00,657.460,677.890,653.990,673.660
2024-11-30 16:00:00,673.600,675.300,657.900,658.670
2024-11-30 20:00:00,658.660,665.950,653.000,656.640
2024-12-01 00:00:00,656.650,659.430,653.030,655.290
2024-12-01 04:00:00,655.290,658.760,653.830,653.880
2024-12-01 08:00:00,653.870,658.000,645.530,652.330
2024-12-01 12:00:00,652.330,652.800,648.540,651.620
2024-12-01 16:00:00,651.610,659.980,650.530,658.820
2024-12-01 20:00:00,658.820,663.330,656.450,662.780
2024-12-02 00:00:00,662.780,664.910,656.450,658.780
2024-12-02 04:00:00,658.770,659.310,651.910,656.630
2024-12-02 08:00:00,656.590,667.940,650.520,651.360
2024-12-02 12:00:00,651.360,655.270,643.120,647.270
2024-12-02 16:00:00,647.270,647.730,630.420,634.270
2024-12-02 20:00:00,634.270,651.480,631.560,650.290
2024-12-03 00:00:00,650.300,651.690,629.000,639.260
2024-12-03 04:00:00,639.260,648.740,637.810,648.280
2024-12-03 08:00:00,648.280,655.820,646.800,652.430
2024-12-03 12:00:00,652.420,661.680,646.020,648.590
2024-12-03 16:00:00,648.590,654.990,647.210,651.170
2024-12-03 20:00:00,651.200,651.950,622.500,643.180
2024-12-04 00:00:00,643.180,695.400,642.400,690.790
2024-12-04 04:00:00,690.790,749.960,688.240,735.670
2024-12-04 08:00:00,735.660,775.680,735.590,753.980
2024-12-04 12:00:00,753.990,766.470,746.520,765.250
2024-12-04 16:00:00,765.260,794.000,761.720,782.690
2024-12-04 20:00:00,782.680,786.720,753.200,756.980
2024-12-05 00:00:00,756.980,760.000,721.670,740.090
2024-12-05 04:00:00,740.100,747.460,726.820,740.460
2024-12-05 08:00:00,740.460,740.640,690.000,715.350
2024-12-05 12:00:00,715.340,733.880,714.130,729.900
2024-12-05 16:00:00,729.900,739.000,727.420,737.810
2024-12-05 20:00:00,737.810,739.280,718.670,724.890
2024-12-06 00:00:00,724.920,737.200,715.590,716.870
2024-12-06 04:00:00,716.860,721.610,694.480,717.760
2024-12-06 08:00:00,717.770,733.920,714.170,729.860
2024-12-06 12:00:00,729.860,735.180,725.250,726.040
2024-12-06 16:00:00,726.030,729.790,712.180,718.880
2024-12-06 20:00:00,718.880,733.770,705.600,733.160
2024-12-07 00:00:00,733.160,746.760,729.060,738.760
2024-12-07 04:00:00,738.770,744.660,727.000,730.750
2024-12-07 08:00:00,730.830,740.250,730.350,736.030
2024-12-07 12:00:00,736.030,749.760,733.790,739.240
2024-12-07 16:00:00,739.250,749.900,738.210,746.550
2024-12-07 20:00:00,746.560,758.740,739.390,755.800
2024-12-08 00:00:00,755.790,761.300,747.040,760.920
2024-12-08 04:00:00,760.920,761.690,749.060,750.330
2024-12-08 08:00:00,750.340,757.930,748.500,754.550
2024-12-08 12:00:00,754.550,757.160,742.670,747.520
2024-12-08 16:00:00,747.530,748.130,728.000,738.880
2024-12-08 20:00:00,738.870,744.290,735.360,740.650
2024-12-09 00:00:00,740.650,743.310,735.230,740.460
2024-12-09 04:00:00,740.460,744.420,738.930,742.510
2024-12-09 08:00:00,742.510,743.040,716.150,722.010
2024-12-09 12:00:00,722.000,727.820,711.850,721.020
2024-12-09 16:00:00,721.020,722.900,708.060,716.250
2024-12-09 20:00:00,716.250,731.970,711.570,715.800
2024-12-10 00:00:00,715.800,725.080,712.330,717.920
2024-12-10 04:00:00,717.920,719.940,633.000,689.540
2024-12-10 08:00:00,689.540,702.500,670.010,685.890
2024-12-10 12:00:00,685.890,698.830,678.720,693.320
2024-12-10 16:00:00,693.320,705.000,689.000,698.300
2024-12-10 20:00:00,698.300,699.490,656.800,657.730
2024-12-11 00:00:00,657.770,673.980,649.470,673.080
2024-12-11 04:00:00,673.070,680.680,671.110,677.220
2024-12-11 08:00:00,677.220,680.000,659.100,679.560
2024-12-11 12:00:00,679.560,683.250,676.260,677.860
2024-12-11 16:00:00,677.870,691.740,677.600,689.420
2024-12-11 20:00:00,689.420,699.390,686.320,695.480
2024-12-12 00:00:00,695.490,708.300,694.420,707.700
2024-12-12 04:00:00,707.700,713.450,705.080,711.690
2024-12-12 08:00:00,711.700,724.470,709.060,718.880
2024-12-12 12:00:00,718.870,722.240,713.360,715.380
2024-12-12 16:00:00,715.380,726.150,710.920,714.240
2024-12-12 20:00:00,714.210,720.960,710.360,714.870
2024-12-13 00:00:00,714.860,724.300,704.570,704.920
2024-12-13 04:00:00,704.920,711.930,699.680,706.180
2024-12-13 08:00:00,706.190,711.900,697.000,709.860
2024-12-13 12:00:00,709.870,711.630,697.680,702.120
2024-12-13 16:00:00,702.120,721.550,700.580,716.090
2024-12-13 20:00:00,716.090,721.850,708.000,708.730
2024-12-14 00:00:00,708.730,728.330,708.520,727.860
2024-12-14 04:00:00,727.860,730.240,723.290,725.730
2024-12-14 08:00:00,725.730,731.330,724.500,730.600
2024-12-14 12:00:00,730.600,731.920,725.970,728.260
2024-12-14 16:00:00,728.260,729.230,718.950,719.660
2024-12-14 20:00:00,719.660,719.990,707.000,715.010
2024-12-15 00:00:00,715.000,715.650,704.650,710.520
2024-12-15 04:00:00,710.520,716.720,704.910,715.570
2024-12-15 08:00:00,715.580,718.230,710.390,713.340
2024-12-15 12:00:00,713.350,718.660,702.520,706.530
2024-12-15 16:00:00,706.520,714.240,705.590,714.170
2024-12-15 20:00:00,714.180,719.780,712.710,716.830
2024-12-16 00:00:00,716.820,720.740,716.160,719.560
2024-12-16 04:00:00,719.550,724.650,706.150,719.530
2024-12-16 08:00:00,719.530,725.670,708.120,711.680
2024-12-16 12:00:00,711.690,717.400,710.600,715.990
2024-12-16 16:00:00,715.980,716.200,704.510,705.530
2024-12-16 20:00:00,705.530,719.220,704.790,718.960
2024-12-17 00:00:00,718.960,731.000,717.500,727.110
2024-12-17 04:00:00,727.130,728.540,718.740,721.090
2024-12-17 08:00:00,721.100,725.240,712.610,722.590
2024-12-17 12:00:00,722.590,723.800,714.710,716.620
2024-12-17 16:00:00,716.630,725.250,714.640,720.750
2024-12-17 20:00:00,720.750,737.990,718.080,730.690
2024-12-18 00:00:00,730.690,734.110,720.750,724.360
2024-12-18 04:00:00,724.370,737.220,714.000,717.850
2024-12-18 08:00:00,717.850,722.680,710.000,712.400
2024-12-18 12:00:00,712.390,714.340,703.790,713.520
2024-12-18 16:00:00,713.550,719.770,712.740,719.660
2024-12-18 20:00:00,719.660,720.530,708.270,713.260
2024-12-19 00:00:00,713.250,721.100,705.140,705.160
2024-12-19 04:00:00,705.150,706.550,680.000,686.450
2024-12-19 08:00:00,686.510,700.780,668.060,700.530
2024-12-19 12:00:00,700.540,704.330,697.010,701.790
2024-12-19 16:00:00,701.790,704.860,696.300,704.170
2024-12-19 20:00:00,704.170,705.170,681.200,689.710
2024-12-20 00:00:00,689.680,693.230,651.080,658.380
2024-12-20 04:00:00,658.380,676.000,647.590,665.480
2024-12-20 08:00:00,665.490,679.160,662.150,674.390
2024-12-20 12:00:00,674.380,679.650,662.540,672.590
2024-12-20 16:00:00,672.580,672.740,618.620,619.410
2024-12-20 20:00:00,619.480,669.770,617.540,665.950
2024-12-21 00:00:00,665.960,675.000,662.440,672.050
2024-12-21 04:00:00,672.050,679.690,664.480,678.320
2024-12-21 08:00:00,678.320,686.680,676.460,681.270
2024-12-21 12:00:00,681.270,693.500,681.150,689.190
2024-12-21 16:00:00,689.180,689.920,674.820,677.230
2024-12-21 20:00:00,677.230,677.300,653.110,667.690
2024-12-22 00:00:00,667.680,668.440,649.640,659.720
2024-12-22 04:00:00,659.710,670.450,655.220,663.730
2024-12-22 08:00:00,663.740,668.680,656.270,664.380
2024-12-22 12:00:00,664.380,664.930,650.010,658.990
2024-12-22 16:00:00,659.000,669.890,658.700,666.990
2024-12-22 20:00:00,666.980,669.370,652.000,657.050
2024-12-23 00:00:00,657.040,660.840,641.880,644.920
2024-12-23 04:00:00,644.920,653.230,639.200,649.770
2024-12-23 08:00:00,649.780,665.100,638.030,664.130
2024-12-23 12:00:00,664.130,670.060,655.350,662.060
2024-12-23 16:00:00,662.060,677.000,661.600,673.650
2024-12-23 20:00:00,673.660,682.600,670.000,671.150
2024-12-24 00:00:00,671.150,685.880,670.700,684.380
2024-12-24 04:00:00,684.370,698.380,683.300,693.900
2024-12-24 08:00:00,693.890,695.310,684.010,692.180
2024-12-24 12:00:00,692.170,694.080,685.500,692.620
2024-12-24 16:00:00,692.620,693.660,685.270,686.440
2024-12-24 20:00:00,686.440,698.510,682.560,694.860
2024-12-25 00:00:00,694.860,698.350,692.120,692.180
2024-12-25 04:00:00,692.180,699.270,686.090,696.630
2024-12-25 08:00:00,696.630,706.000,695.710,703.400
2024-12-25 12:00:00,703.410,705.840,700.540,702.050
2024-12-25 16:00:00,702.060,713.210,701.570,703.960
2024-12-25 20:00:00,703.960,711.560,703.200,703.350
2024-12-26 00:00:00,703.360,704.770,698.780,704.470
2024-12-26 04:00:00,704.470,704.850,695.510,702.130
2024-12-26 08:00:00,702.130,713.040,700.000,705.920
2024-12-26 12:00:00,705.910,720.240,701.920,706.320
2024-12-26 16:00:00,706.330,709.790,689.370,696.090
2024-12-26 20:00:00,696.080,696.130,681.650,691.080
2024-12-27 00:00:00,691.080,694.800,684.610,691.570
2024-12-27 04:00:00,691.570,694.450,685.040,688.750
2024-12-27 08:00:00,688.760,694.000,685.180,688.860
2024-12-27 12:00:00,688.860,700.470,685.880,692.120
2024-12-27 16:00:00,692.110,710.930,692.110,705.840
2024-12-27 20:00:00,705.840,707.320,685.800,688.550
2024-12-28 00:00:00,688.560,696.570,685.560,694.830
2024-12-28 04:00:00,694.820,695.390,686.930,691.490
2024-12-28 08:00:00,691.490,698.540,690.940,696.940
2024-12-28 12:00:00,696.940,698.680,693.880,695.810
2024-12-28 16:00:00,695.800,704.710,695.760,703.300
2024-12-28 20:00:00,703.310,727.780,703.310,721.030
2024-12-29 00:00:00,721.020,731.250,719.070,730.050
2024-12-29 04:00:00,730.050,730.420,721.110,722.140
2024-12-29 08:00:00,722.140,724.580,713.660,715.620
2024-12-29 12:00:00,715.620,716.300,711.680,715.870
2024-12-29 16:00:00,715.870,717.090,709.300,710.530
2024-12-29 20:00:00,710.520,713.500,706.700,710.290
2024-12-30 00:00:00,710.290,711.420,698.140,700.690
2024-12-30 04:00:00,700.700,700.700,689.670,694.480
2024-12-30 08:00:00,694.480,703.070,691.710,695.920
2024-12-30 12:00:00,695.920,701.760,694.120,697.190
2024-12-30 16:00:00,697.200,700.410,693.230,700.160
2024-12-30 20:00:00,700.160,702.190,687.000,694.370
2024-12-31 00:00:00,694.360,709.900,692.650,709.790
2024-12-31 04:00:00,709.800,712.160,695.040,704.760
2024-12-31 08:00:00,704.750,707.510,700.560,706.550
2024-12-31 12:00:00,706.550,709.760,698.000,700.970
2024-12-31 16:00:00,700.970,708.470,700.050,704.060
2024-12-31 20:00:00,704.060,714.590,704.060,710.330
2025-01-01 00:00:00,710.340,712.670,699.660,703.310
2025-01-01 04:00:00,703.310,704.710,699.110,702.120
2025-01-01 08:00:00,702.130,710.930,701.440,705.540
2025-01-01 12:00:00,705.530,706.570,703.300,703.630
2025-01-01 16:00:00,703.640,709.000,700.020,707.320
2025-01-01 20:00:00,707.310,710.000,705.500,707.810
2025-01-02 00:00:00,707.800,708.080,702.830,707.200
2025-01-02 04:00:00,707.180,708.630,706.120,707.430
2025-01-02 08:00:00,707.420,707.450,698.040,702.030
2025-01-02 12:00:00,702.030,709.610,701.520,706.680
2025-01-02 16:00:00,706.680,715.990,706.440,713.000
2025-01-02 20:00:00,713.000,714.410,703.250,704.580
2025-01-03 00:00:00,704.580,708.880,701.530,704.630
2025-01-03 04:00:00,704.640,706.830,703.140,706.110
2025-01-03 08:00:00,706.110,706.750,701.010,705.080
2025-01-03 12:00:00,705.080,707.000,700.130,700.600
2025-01-03 16:00:00,700.610,705.400,696.460,705.210
2025-01-03 20:00:00,705.210,710.940,703.140,710.070
2025-01-04 00:00:00,710.080,716.320,708.610,713.550
2025-01-04 04:00:00,713.550,715.900,710.090,715.220
2025-01-04 08:00:00,715.230,721.970,714.210,719.660
2025-01-04 12:00:00,719.670,720.710,716.680,718.110
2025-01-04 16:00:00,718.120,718.420,713.040,714.350
2025-01-04 20:00:00,714.340,717.700,707.610,709.350
2025-01-05 00:00:00,709.350,713.200,709.230,711.850
2025-01-05 04:00:00,711.860,714.760,711.800,713.380
2025-01-05 08:00:00,713.380,713.560,709.240,712.420
2025-01-05 12:00:00,712.430,714.000,710.500,712.540
2025-01-05 16:00:00,712.540,712.540,704.610,708.130
2025-01-05 20:00:00,708.130,709.370,702.480,708.210
2025-01-06 00:00:00,708.210,708.900,703.140,705.970
2025-01-06 04:00:00,705.970,710.140,705.530,709.280
2025-01-06 08:00:00,709.280,716.530,706.060,712.610
2025-01-06 12:00:00,712.610,716.410,711.220,714.540
2025-01-06 16:00:00,714.540,719.920,710.830,718.740
2025-01-06 20:00:00,718.740,725.930,713.480,725.930
2025-01-07 00:00:00,725.920,736.210,722.000,732.680
2025-01-07 04:00:00,732.680,746.000,728.730,729.810
2025-01-07 08:00:00,729.820,732.000,725.590,728.960
2025-01-07 12:00:00,728.950,732.980,726.680,729.970
2025-01-07 16:00:00,729.970,731.200,721.600,726.110
2025-01-07 20:00:00,726.120,726.240,698.760,707.760
2025-01-08 00:00:00,707.750,711.110,693.200,695.670
2025-01-08 04:00:00,695.670,697.590,689.500,697.160
2025-01-08 08:00:00,697.160,706.820,694.110,696.790
2025-01-08 12:00:00,696.790,698.410,681.070,693.540
2025-01-08 16:00:00,693.540,702.980,692.800,695.590
2025-01-08 20:00:00,695.600,700.140,690.030,693.160
2025-01-09 00:00:00,693.160,695.350,673.760,689.000
2025-01-09 04:00:00,689.010,696.830,686.010,695.490
2025-01-09 08:00:00,695.490,700.790,693.300,695.810
2025-01-09 12:00:00,695.800,700.550,689.070,690.290
2025-01-09 16:00:00,690.280,701.320,688.200,699.520
2025-01-09 20:00:00,699.520,701.240,680.520,696.580
2025-01-10 00:00:00,696.580,696.690,679.010,679.300
2025-01-10 04:00:00,679.300,688.000,673.700,684.890
2025-01-10 08:00:00,684.890,689.110,682.600,687.280
2025-01-10 12:00:00,687.270,696.500,686.840,695.170
2025-01-10 16:00:00,695.170,698.310,694.280,696.630
2025-01-10 20:00:00,696.630,696.820,685.200,692.880
2025-01-11 00:00:00,692.880,700.840,689.000,694.320
2025-01-11 04:00:00,694.310,694.520,690.190,693.040
2025-01-11 08:00:00,693.030,693.610,690.200,691.510
2025-01-11 12:00:00,691.520,695.040,690.500,695.000
2025-01-11 16:00:00,695.010,697.990,693.110,697.230
2025-01-11 20:00:00,697.220,697.720,694.360,695.150
2025-01-12 00:00:00,695.160,696.890,693.330,696.830
2025-01-12 04:00:00,696.820,701.280,696.300,696.420
2025-01-12 08:00:00,696.420,698.560,694.740,695.750
2025-01-12 12:00:00,695.750,696.850,692.260,693.900
2025-01-12 16:00:00,693.890,694.410,689.460,690.740
2025-01-12 20:00:00,690.740,695.000,689.640,694.750
2025-01-13 00:00:00,694.750,696.600,693.060,695.850
2025-01-13 04:00:00,695.850,697.450,689.710,692.960
2025-01-13 08:00:00,692.960,700.000,683.440,685.280
2025-01-13 12:00:00,685.290,689.420,676.790,682.070
2025-01-13 16:00:00,682.060,682.060,659.940,660.220
2025-01-13 20:00:00,660.210,678.670,656.840,676.680
2025-01-14 00:00:00,676.670,678.680,665.680,672.340
2025-01-14 04:00:00,672.320,688.580,670.710,688.410
2025-01-14 08:00:00,688.400,692.350,686.000,691.820
2025-01-14 12:00:00,691.820,692.850,687.160,688.960
2025-01-14 16:00:00,688.960,697.560,688.950,694.400
2025-01-14 20:00:00,694.400,698.800,691.200,694.910
2025-01-15 00:00:00,694.910,700.000,693.030,698.210
2025-01-15 04:00:00,698.200,700.190,696.000,698.840
2025-01-15 08:00:00,698.880,703.200,696.360,701.200
2025-01-15 12:00:00,701.210,702.710,698.460,699.750
2025-01-15 16:00:00,699.750,701.080,689.550,692.380
2025-01-15 20:00:00,692.380,706.740,688.430,703.950
2025-01-16 00:00:00,703.950,708.710,699.130,708.160
2025-01-16 04:00:00,708.160,714.730,707.330,714.380
2025-01-16 08:00:00,714.370,715.260,706.420,709.000
2025-01-16 12:00:00,709.010,714.330,708.430,711.630
2025-01-16 16:00:00,711.630,713.630,703.240,713.560
2025-01-16 20:00:00,713.550,717.750,700.620,709.710
2025-01-17 00:00:00,709.700,716.100,709.030,714.890
2025-01-17 04:00:00,714.880,716.200,706.920,708.050
2025-01-17 08:00:00,708.060,718.120,708.050,714.820
2025-01-17 12:00:00,714.820,719.000,713.720,714.870
2025-01-17 16:00:00,714.870,726.010,714.800,725.360
2025-01-17 20:00:00,725.360,729.360,719.600,720.590
2025-01-18 00:00:00,720.590,726.630,718.800,722.930
2025-01-18 04:00:00,722.920,730.610,720.270,722.090
2025-01-18 08:00:00,722.090,723.630,706.060,708.000
2025-01-18 12:00:00,708.000,709.420,696.670,700.170
2025-01-18 16:00:00,700.170,703.000,694.880,701.930
2025-01-18 20:00:00,701.930,707.190,699.860,703.830
2025-01-19 00:00:00,703.820,706.170,695.790,705.930
2025-01-19 04:00:00,705.940,711.680,702.280,709.910
2025-01-19 08:00:00,709.910,715.260,709.250,710.670
2025-01-19 12:00:00,710.670,710.960,704.470,705.650
2025-01-19 16:00:00,705.650,705.650,681.660,683.510
2025-01-19 20:00:00,683.520,701.310,682.500,698.210
2025-01-20 00:00:00,698.220,707.980,696.190,707.890
2025-01-20 04:00:00,707.890,708.510,676.010,683.390
2025-01-20 08:00:00,683.390,690.000,674.330,687.280
2025-01-20 12:00:00,687.280,709.990,685.140,699.130
2025-01-20 16:00:00,699.150,702.180,694.230,698.540
2025-01-20 20:00:00,698.550,698.750,686.240,688.750
2025-01-21 00:00:00,688.760,692.510,670.000,686.240
2025-01-21 04:00:00,686.250,686.340,676.650,682.840
2025-01-21 08:00:00,682.830,685.410,675.310,682.950
2025-01-21 12:00:00,682.950,684.180,677.810,682.730
2025-01-21 16:00:00,682.730,691.930,680.920,689.790
2025-01-21 20:00:00,689.800,692.540,683.500,687.690
2025-01-22 00:00:00,687.680,697.660,687.000,695.330
2025-01-22 04:00:00,695.330,696.220,689.950,692.540
2025-01-22 08:00:00,692.550,696.320,690.150,695.980
2025-01-22 12:00:00,695.980,704.230,695.100,697.610
2025-01-22 16:00:00,697.620,701.250,694.730,700.210
2025-01-22 20:00:00,700.210,701.150,692.470,693.380
2025-01-23 00:00:00,693.370,697.360,690.810,696.370
2025-01-23 04:00:00,696.370,699.780,693.190,695.950
2025-01-23 08:00:00,695.960,698.110,687.950,688.970
2025-01-23 12:00:00,688.980,689.370,683.370,687.830
2025-01-23 16:00:00,687.830,688.290,683.090,685.920
2025-01-23 20:00:00,685.920,692.400,681.150,688.700
2025-01-24 00:00:00,688.690,693.230,681.750,682.770
2025-01-24 04:00:00,682.760,691.990,680.200,690.120
2025-01-24 08:00:00,690.130,691.180,679.080,682.780
2025-01-24 12:00:00,682.790,691.740,681.090,687.050
2025-01-24 16:00:00,687.040,690.920,686.170,689.440
2025-01-24 20:00:00,689.440,690.280,683.070,685.650
2025-01-25 00:00:00,685.650,687.860,683.440,684.180
2025-01-25 04:00:00,684.180,684.600,678.660,680.460
2025-01-25 08:00:00,680.460,684.540,677.610,684.320
2025-01-25 12:00:00,684.330,685.100,682.000,682.220
2025-01-25 16:00:00,682.230,685.830,681.330,685.500
2025-01-25 20:00:00,685.510,688.750,684.330,687.770
2025-01-26 00:00:00,687.780,689.100,686.320,688.960
2025-01-26 04:00:00,688.960,690.080,686.240,686.740
2025-01-26 08:00:00,686.740,690.980,686.700,690.140
2025-01-26 12:00:00,690.140,691.360,688.770,689.910
2025-01-26 16:00:00,689.910,690.390,684.750,685.630
2025-01-26 20:00:00,685.640,686.520,683.700,685.150
2025-01-27 00:00:00,685.140,685.750,683.230,684.180
2025-01-27 04:00:00,684.190,684.690,664.140,666.640
2025-01-27 08:00:00,666.640,669.700,654.000,661.490
2025-01-27 12:00:00,661.500,661.500,635.980,646.840
2025-01-27 16:00:00,646.840,654.360,640.600,651.070
2025-01-27 20:00:00,651.070,667.820,651.060,664.540
2025-01-28 00:00:00,664.550,667.800,657.140,665.180
2025-01-28 04:00:00,665.180,680.960,665.150,680.160
2025-01-28 08:00:00,680.170,682.160,676.150,679.630
2025-01-28 12:00:00,679.640,683.250,677.690,677.830
2025-01-28 16:00:00,677.820,678.170,673.440,675.310
2025-01-28 20:00:00,675.320,676.880,669.130,673.100
2025-01-29 00:00:00,673.090,674.550,666.710,670.040
2025-01-29 04:00:00,670.060,670.390,659.130,661.080
2025-01-29 08:00:00,661.070,675.430,661.000,674.540
2025-01-29 12:00:00,674.540,679.350,673.890,674.630
2025-01-29 16:00:00,674.610,675.920,668.910,670.430
2025-01-29 20:00:00,670.430,671.070,663.150,664.530
2025-01-30 00:00:00,664.540,671.500,659.220,668.380
2025-01-30 04:00:00,668.380,674.580,664.400,667.940
2025-01-30 08:00:00,667.930,676.280,665.800,675.730
2025-01-30 12:00:00,675.710,679.930,674.290,677.130
2025-01-30 16:00:00,677.140,679.450,676.200,678.750
2025-01-30 20:00:00,678.750,683.210,677.090,680.690
2025-01-31 00:00:00,680.690,682.280,678.810,680.590
2025-01-31 04:00:00,680.590,681.200,677.500,677.870
2025-01-31 08:00:00,677.880,679.240,673.710,676.030
2025-01-31 12:00:00,676.030,681.100,674.190,677.780
2025-01-31 16:00:00,677.790,683.640,676.890,683.570
2025-01-31 20:00:00,683.580,689.100,682.090,688.970
2025-02-01 00:00:00,688.980,689.530,677.390,679.390
2025-02-01 04:00:00,679.380,679.550,674.000,677.790
2025-02-01 08:00:00,677.790,681.860,676.830,677.640
2025-02-01 12:00:00,677.650,679.260,674.170,674.530
2025-02-01 16:00:00,674.520,675.250,668.730,671.790
2025-02-01 20:00:00,671.800,673.330,666.120,668.460
2025-02-02 00:00:00,668.460,669.750,659.970,661.230
2025-02-02 04:00:00,661.230,662.330,650.430,652.830
2025-02-02 08:00:00,652.830,663.050,648.830,649.690
2025-02-02 12:00:00,649.690,659.330,649.130,653.550
2025-02-02 16:00:00,653.550,658.300,645.950,646.900
2025-02-02 20:00:00,646.900,651.730,640.000,645.720
2025-02-03 00:00:00,645.710,645.830,609.190,624.200
2025-02-03 04:00:00,624.210,629.760,598.710,617.690
2025-02-03 08:00:00,617.690,618.740,499.040,552.830
2025-02-03 12:00:00,552.870,578.340,541.330,577.560
2025-02-03 16:00:00,577.560,582.200,566.120,575.910
2025-02-03 20:00:00,575.920,592.680,557.290,588.390
2025-02-04 00:00:00,588.380,611.320,586.040,610.780
2025-02-04 04:00:00,610.790,618.660,597.960,616.760
2025-02-04 08:00:00,616.760,618.740,600.160,601.670
2025-02-04 12:00:00,601.680,605.520,567.920,568.940
2025-02-04 16:00:00,568.930,586.920,564.240,582.990
2025-02-04 20:00:00,583.000,591.080,574.560,582.270
2025-02-05 00:00:00,582.270,588.070,575.320,575.450
2025-02-05 04:00:00,575.450,578.370,558.050,572.810
2025-02-05 08:00:00,572.810,577.210,567.520,574.830
2025-02-05 12:00:00,574.820,579.900,570.510,573.630
2025-02-05 16:00:00,573.630,575.730,568.120,574.800
2025-02-05 20:00:00,574.800,578.400,569.280,570.160
2025-02-06 00:00:00,570.150,571.610,560.930,570.290
2025-02-06 04:00:00,570.290,572.160,565.000,569.420
2025-02-06 08:00:00,569.420,578.380,568.760,576.100
2025-02-06 12:00:00,576.100,581.830,575.610,578.980
2025-02-06 16:00:00,578.980,581.250,575.140,578.640
2025-02-06 20:00:00,578.640,589.270,568.980,571.920
2025-02-07 00:00:00,571.920,579.620,571.140,574.550
2025-02-07 04:00:00,574.560,581.770,570.290,571.470
2025-02-07 08:00:00,571.500,582.360,570.920,579.220
2025-02-07 12:00:00,579.230,582.970,572.930,581.270
2025-02-07 16:00:00,581.280,587.960,579.810,584.090
2025-02-07 20:00:00,584.080,589.760,579.230,582.610
2025-02-08 00:00:00,582.620,586.450,579.310,581.230
2025-02-08 04:00:00,581.220,581.390,570.060,577.420
2025-02-08 08:00:00,577.420,580.080,573.360,576.590
2025-02-08 12:00:00,576.600,580.850,576.250,579.690
2025-02-08 16:00:00,579.700,582.780,577.330,582.580
2025-02-08 20:00:00,582.580,606.430,582.190,596.360
2025-02-09 00:00:00,596.360,631.800,595.690,624.740
2025-02-09 04:00:00,624.740,633.000,612.000,612.270
2025-02-09 08:00:00,612.270,617.770,610.010,615.740
2025-02-09 12:00:00,615.740,637.000,610.360,636.100
2025-02-09 16:00:00,636.090,646.870,627.620,629.460
2025-02-09 20:00:00,629.480,631.000,617.910,623.860
2025-02-10 00:00:00,623.860,627.920,615.040,617.320
2025-02-10 04:00:00,617.310,620.550,602.250,615.360
2025-02-10 08:00:00,615.360,622.280,596.000,606.430
2025-02-10 12:00:00,606.430,613.020,605.020,607.840
2025-02-10 16:00:00,607.840,610.190,600.310,606.060
2025-02-10 20:00:00,606.050,609.800,601.460,602.950
2025-02-11 00:00:00,602.960,615.800,602.590,611.920
2025-02-11 04:00:00,611.930,618.810,609.700,618.380
2025-02-11 08:00:00,618.390,626.400,614.790,621.870
2025-02-11 12:00:00,621.860,644.760,620.000,636.610
2025-02-11 16:00:00,636.650,646.550,636.610,643.320
2025-02-11 20:00:00,643.320,643.780,628.930,637.540
2025-02-12 00:00:00,637.520,637.540,625.320,627.970
2025-02-12 04:00:00,627.960,646.430,627.140,641.580
2025-02-12 08:00:00,641.570,647.230,631.030,631.610
2025-02-12 12:00:00,631.600,639.490,626.290,636.770
2025-02-12 16:00:00,636.770,653.500,636.310,645.970
2025-02-12 20:00:00,645.960,663.200,632.410,658.530
2025-02-13 00:00:00,658.540,692.440,654.500,691.820
2025-02-13 04:00:00,691.830,706.000,691.390,696.760
2025-02-13 08:00:00,696.770,724.540,694.750,716.680
2025-02-13 12:00:00,716.760,721.530,700.000,705.660
2025-02-13 16:00:00,705.660,711.500,694.520,710.070
2025-02-13 20:00:00,710.090,730.950,683.960,703.780
2025-02-14 00:00:00,703.770,707.190,659.300,667.230
2025-02-14 04:00:00,667.240,679.590,664.190,664.350
2025-02-14 08:00:00,664.350,684.250,660.270,682.590
2025-02-14 12:00:00,682.560,684.370,665.600,668.400
2025-02-14 16:00:00,668.410,678.470,661.380,663.750
2025-02-14 20:00:00,663.750,669.480,659.270,664.630
2025-02-15 00:00:00,664.640,673.800,661.460,668.420
2025-02-15 04:00:00,668.420,669.580,651.050,659.420
2025-02-15 08:00:00,659.410,663.840,653.240,660.790
2025-02-15 12:00:00,660.780,661.970,655.380,657.280
2025-02-15 16:00:00,657.270,660.130,653.350,657.920
2025-02-15 20:00:00,657.910,666.190,656.200,665.950
2025-02-16 00:00:00,665.950,671.230,661.310,661.680
2025-02-16 04:00:00,661.690,663.740,656.590,661.760
2025-02-16 08:00:00,661.770,665.320,655.200,659.680
2025-02-16 12:00:00,659.690,661.930,653.580,654.170
2025-02-16 16:00:00,654.160,670.240,653.010,668.700
2025-02-16 20:00:00,668.710,684.500,662.130,680.670
2025-02-17 00:00:00,680.700,680.740,669.410,675.520
2025-02-17 04:00:00,675.520,680.520,672.560,672.650
2025-02-17 08:00:00,672.650,678.010,668.500,672.160
2025-02-17 12:00:00,672.150,677.500,665.100,669.810
2025-02-17 16:00:00,669.820,673.650,665.430,672.220
2025-02-17 20:00:00,672.190,681.850,667.900,669.850
2025-02-18 00:00:00,669.790,672.760,657.040,662.070
2025-02-18 04:00:00,662.060,670.640,661.570,667.120
2025-02-18 08:00:00,667.120,667.910,662.040,665.230
2025-02-18 12:00:00,665.220,666.130,644.200,650.950
2025-02-18 16:00:00,650.950,656.220,642.530,655.070
2025-02-18 20:00:00,655.070,662.200,646.000,647.830
2025-02-19 00:00:00,647.830,651.600,629.740,640.860
2025-02-19 04:00:00,640.860,648.150,639.000,648.040
2025-02-19 08:00:00,648.060,650.500,637.280,649.910
2025-02-19 12:00:00,649.900,656.620,645.850,654.480
2025-02-19 16:00:00,654.470,659.640,648.350,658.680
2025-02-19 20:00:00,658.680,664.410,648.500,652.040
2025-02-20 00:00:00,652.040,657.140,647.490,650.630
2025-02-20 04:00:00,650.630,654.800,649.000,653.110
2025-02-20 08:00:00,653.110,654.960,648.120,653.450
2025-02-20 12:00:00,653.460,655.110,646.000,648.460
2025-02-20 16:00:00,648.460,650.740,646.730,647.970
2025-02-20 20:00:00,647.970,653.800,645.370,647.590
2025-02-21 00:00:00,647.590,657.520,647.180,656.100
2025-02-21 04:00:00,656.100,658.940,653.310,655.940
2025-02-21 08:00:00,655.950,657.060,650.520,650.970
2025-02-21 12:00:00,650.970,655.260,650.190,655.190
2025-02-21 16:00:00,655.180,664.770,654.420,661.440
2025-02-21 20:00:00,661.450,667.710,648.140,657.270
2025-02-22 00:00:00,657.260,662.330,633.950,638.630
2025-02-22 04:00:00,638.620,647.180,638.050,647.110
2025-02-22 08:00:00,647.100,651.430,644.750,649.800
2025-02-22 12:00:00,649.810,659.740,649.120,654.500
2025-02-22 16:00:00,654.500,658.500,652.970,655.790
2025-02-22 20:00:00,655.790,658.900,654.010,657.960
2025-02-23 00:00:00,657.940,679.720,657.670,675.200
2025-02-23 04:00:00,675.200,678.040,666.670,668.130
2025-02-23 08:00:00,668.130,670.720,665.040,665.440
2025-02-23 12:00:00,665.440,668.130,664.000,666.400
2025-02-23 16:00:00,666.390,666.730,658.250,658.800
2025-02-23 20:00:00,658.810,658.850,648.030,648.260
2025-02-24 00:00:00,648.260,654.070,648.070,653.650
2025-02-24 04:00:00,653.640,658.650,651.710,657.650
2025-02-24 08:00:00,657.650,658.790,642.790,644.410
2025-02-24 12:00:00,644.420,646.210,636.720,644.210
2025-02-24 16:00:00,644.210,644.490,635.510,639.960
2025-02-24 20:00:00,639.950,643.650,630.230,635.090
2025-02-25 00:00:00,635.100,639.640,621.750,627.940
2025-02-25 04:00:00,627.940,634.530,610.000,614.060
2025-02-25 08:00:00,614.060,621.260,604.040,606.640
2025-02-25 12:00:00,606.640,612.710,585.710,599.150
2025-02-25 16:00:00,599.160,613.890,593.760,610.870
2025-02-25 20:00:00,610.870,616.420,600.330,608.650
2025-02-26 00:00:00,608.680,619.810,604.300,619.300
2025-02-26 04:00:00,619.300,627.600,617.350,622.870
2025-02-26 08:00:00,622.870,631.470,622.190,629.760
2025-02-26 12:00:00,629.760,630.440,620.810,623.140
2025-02-26 16:00:00,623.150,630.320,619.040,623.860
2025-02-26 20:00:00,623.870,625.670,609.010,623.540
2025-02-27 00:00:00,623.540,625.010,595.280,601.600
2025-02-27 04:00:00,601.610,617.960,593.790,611.500
2025-02-27 08:00:00,611.510,616.140,605.930,613.070
2025-02-27 12:00:00,613.050,619.460,608.330,617.460
2025-02-27 16:00:00,617.450,618.150,610.520,611.610
2025-02-27 20:00:00,611.620,612.460,600.010,606.180
2025-02-28 00:00:00,606.180,609.310,602.000,604.830
2025-02-28 04:00:00,604.840,606.760,595.300,605.190
2025-02-28 08:00:00,605.190,606.230,571.630,572.810
2025-02-28 12:00:00,572.820,578.100,564.010,566.810
2025-02-28 16:00:00,566.810,578.850,559.560,570.880
2025-02-28 20:00:00,570.880,593.410,567.520,588.180
2025-03-01 00:00:00,588.180,592.470,584.310,587.390
2025-03-01 04:00:00,587.380,588.690,583.560,587.820
2025-03-01 08:00:00,587.830,598.220,586.130,591.740
2025-03-01 12:00:00,591.740,596.780,591.480,595.440
2025-03-01 16:00:00,595.450,596.300,590.640,591.020
2025-03-01 20:00:00,591.030,604.680,590.400,603.860
2025-03-02 00:00:00,603.860,608.510,602.170,604.560
2025-03-02 04:00:00,604.550,608.990,603.460,607.280
2025-03-02 08:00:00,607.270,610.790,605.400,606.770
2025-03-02 12:00:00,606.780,611.490,606.770,610.200
2025-03-02 16:00:00,610.210,611.000,606.600,607.860
2025-03-02 20:00:00,607.870,618.680,601.410,613.030
2025-03-03 00:00:00,613.050,634.500,612.040,625.330
2025-03-03 04:00:00,625.330,627.090,615.260,623.530
2025-03-03 08:00:00,623.540,623.890,607.380,611.050
2025-03-03 12:00:00,611.040,613.620,597.140,607.100
2025-03-03 16:00:00,607.100,607.130,595.220,602.780
2025-03-03 20:00:00,602.780,607.340,586.000,591.400
2025-03-04 00:00:00,591.400,597.510,571.000,572.640
2025-03-04 04:00:00,572.650,579.530,567.000,575.720
2025-03-04 08:00:00,575.730,579.880,545.510,560.240
2025-03-04 12:00:00,560.240,567.590,558.570,564.770
2025-03-04 16:00:00,564.780,571.980,563.250,570.830
2025-03-04 20:00:00,570.830,579.500,561.750,570.640
2025-03-05 00:00:00,570.640,583.490,554.800,583.350
2025-03-05 04:00:00,583.350,588.280,578.140,583.800
2025-03-05 08:00:00,583.800,591.480,580.400,585.480
2025-03-05 12:00:00,585.500,593.580,585.290,592.830
2025-03-05 16:00:00,592.830,605.480,592.640,598.380
2025-03-05 20:00:00,598.390,599.500,589.310,590.910
2025-03-06 00:00:00,590.920,597.160,587.420,594.720
2025-03-06 04:00:00,594.730,598.870,594.220,597.930
2025-03-06 08:00:00,597.920,605.720,596.540,601.630
2025-03-06 12:00:00,601.620,611.820,601.620,604.710
2025-03-06 16:00:00,604.720,605.760,599.510,603.600
2025-03-06 20:00:00,603.610,604.000,594.000,600.110
2025-03-07 00:00:00,600.110,601.020,589.090,593.400
2025-03-07 04:00:00,593.400,601.130,593.000,596.270
2025-03-07 08:00:00,596.280,600.090,577.040,593.840
2025-03-07 12:00:00,593.830,603.260,593.430,599.350
2025-03-07 16:00:00,599.360,602.640,597.970,599.760
2025-03-07 20:00:00,599.760,610.360,597.550,604.080
2025-03-08 00:00:00,604.080,606.000,596.730,599.970
2025-03-08 04:00:00,599.980,601.620,589.790,594.530
2025-03-08 08:00:00,594.530,596.960,589.890,596.240
2025-03-08 12:00:00,596.240,599.910,595.430,596.850
2025-03-08 16:00:00,596.860,598.500,592.440,594.070
2025-03-08 20:00:00,594.060,599.700,593.080,599.570
2025-03-09 00:00:00,599.570,602.480,595.360,598.110
2025-03-09 04:00:00,598.100,598.700,592.780,592.800
2025-03-09 08:00:00,592.800,592.810,586.230,588.140
2025-03-09 12:00:00,588.130,588.450,583.440,585.720
2025-03-09 16:00:00,585.710,586.180,575.020,578.000
2025-03-09 20:00:00,578.000,578.700,565.710,566.470
2025-03-10 00:00:00,566.470,570.360,549.670,560.150
2025-03-10 04:00:00,560.150,563.010,549.840,554.400
2025-03-10 08:00:00,554.410,562.940,549.550,560.460
2025-03-10 12:00:00,560.470,566.690,560.120,564.380
2025-03-10 16:00:00,564.390,573.330,558.620,567.220
2025-03-10 20:00:00,567.230,569.760,541.330,550.070
2025-03-11 00:00:00,550.080,550.890,522.710,537.530
2025-03-11 04:00:00,537.530,541.070,530.560,531.250
2025-03-11 08:00:00,531.290,538.420,506.470,532.970
2025-03-11 12:00:00,532.980,557.820,532.320,557.420
2025-03-11 16:00:00,557.410,565.240,546.480,548.130
2025-03-11 20:00:00,548.140,554.870,537.100,548.960
2025-03-12 00:00:00,548.930,561.140,545.040,555.760
2025-03-12 04:00:00,555.760,557.310,550.890,551.470
2025-03-12 08:00:00,551.480,556.850,546.020,546.610
2025-03-12 12:00:00,546.620,555.940,544.000,555.430
2025-03-12 16:00:00,555.440,560.320,553.980,558.820
2025-03-12 20:00:00,558.830,575.000,548.080,552.330
2025-03-13 00:00:00,552.330,567.600,551.400,566.420
2025-03-13 04:00:00,566.410,574.840,566.040,569.750
2025-03-13 08:00:00,569.760,577.570,567.720,577.150
2025-03-13 12:00:00,577.160,582.080,573.660,578.030
2025-03-13 16:00:00,578.040,582.990,572.850,578.520
2025-03-13 20:00:00,578.520,620.000,575.610,581.080
2025-03-14 00:00:00,581.080,583.290,571.460,577.020
2025-03-14 04:00:00,577.050,579.500,571.040,579.450
2025-03-14 08:00:00,579.450,584.420,577.330,582.470
2025-03-14 12:00:00,582.480,586.780,576.320,576.410
2025-03-14 16:00:00,576.400,580.740,576.400,578.250
2025-03-14 20:00:00,578.250,588.650,577.290,584.310
2025-03-15 00:00:00,584.310,589.160,581.500,587.840
2025-03-15 04:00:00,587.830,589.440,584.650,587.560
2025-03-15 08:00:00,587.550,594.240,587.410,592.810
2025-03-15 12:00:00,592.820,595.000,589.240,590.560
2025-03-15 16:00:00,590.560,597.870,590.560,595.660
2025-03-15 20:00:00,595.670,603.480,595.100,603.110
2025-03-16 00:00:00,603.120,616.460,602.060,611.380
2025-03-16 04:00:00,611.390,619.650,611.370,619.620
2025-03-16 08:00:00,619.610,622.930,606.900,609.560
2025-03-16 12:00:00,609.570,609.780,604.320,604.780
2025-03-16 16:00:00,604.780,608.110,592.900,595.030
2025-03-16 20:00:00,595.030,603.260,594.190,600.470
2025-03-17 00:00:00,600.470,607.080,595.210,598.600
2025-03-17 04:00:00,598.600,603.390,597.060,602.140
2025-03-17 08:00:00,602.140,629.580,602.010,625.680
2025-03-17 12:00:00,625.670,633.990,621.430,629.570
2025-03-17 16:00:00,629.570,643.590,628.420,630.940
2025-03-17 20:00:00,630.930,635.490,624.530,630.000
2025-03-18 00:00:00,629.990,631.570,624.640,627.810
2025-03-18 04:00:00,627.810,632.620,621.690,631.390
2025-03-18 08:00:00,631.380,636.800,619.940,628.130
2025-03-18 12:00:00,628.120,637.380,627.910,633.160
2025-03-18 16:00:00,633.160,643.370,629.000,630.930
2025-03-18 20:00:00,630.930,634.010,621.740,627.080
2025-03-19 00:00:00,627.080,635.390,626.620,631.840
2025-03-19 04:00:00,631.820,632.840,626.280,627.420
2025-03-19 08:00:00,627.410,627.800,612.380,618.260
2025-03-19 12:00:00,618.260,619.580,615.000,615.240
2025-03-19 16:00:00,615.240,621.700,612.310,616.880
2025-03-19 20:00:00,616.870,617.440,604.280,609.500
2025-03-20 00:00:00,609.510,622.220,606.960,615.050
2025-03-20 04:00:00,615.050,620.640,612.000,618.020
2025-03-20 08:00:00,618.020,628.000,616.700,624.420
2025-03-20 12:00:00,624.420,629.400,623.120,623.820
2025-03-20 16:00:00,623.820,637.300,620.100,625.070
2025-03-20 20:00:00,625.080,629.630,621.060,624.040
2025-03-21 00:00:00,624.030,627.980,616.020,626.670
2025-03-21 04:00:00,626.670,632.180,624.610,629.920
2025-03-21 08:00:00,629.910,631.280,626.000,629.140
2025-03-21 12:00:00,629.140,633.830,628.110,628.950
2025-03-21 16:00:00,628.950,635.550,624.090,634.700
2025-03-21 20:00:00,634.700,637.010,629.910,633.770
2025-03-22 00:00:00,633.780,636.860,630.950,634.660
2025-03-22 04:00:00,634.660,635.720,631.060,634.640
2025-03-22 08:00:00,634.630,635.500,628.280,629.880
2025-03-22 12:00:00,629.870,632.960,627.210,630.590
2025-03-22 16:00:00,630.580,632.450,624.970,627.060
2025-03-22 20:00:00,627.060,628.460,623.220,625.220
2025-03-23 00:00:00,625.210,626.500,623.350,625.540
2025-03-23 04:00:00,625.550,628.590,624.030,626.500
2025-03-23 08:00:00,626.500,628.700,622.250,623.390
2025-03-23 12:00:00,623.380,623.870,621.500,622.510
2025-03-23 16:00:00,622.510,623.670,618.310,620.990
2025-03-23 20:00:00,620.990,623.960,620.010,620.990
2025-03-24 00:00:00,620.990,623.500,618.790,622.650
2025-03-24 04:00:00,622.650,623.940,620.000,623.250
2025-03-24 08:00:00,623.250,627.040,617.000,622.740
2025-03-24 12:00:00,622.740,625.500,620.190,622.410
2025-03-24 16:00:00,622.410,631.730,621.640,630.320
2025-03-24 20:00:00,630.330,632.170,624.080,630.610
2025-03-25 00:00:00,630.610,639.230,629.260,635.800
2025-03-25 04:00:00,635.800,638.220,631.680,636.580
2025-03-25 08:00:00,636.580,642.000,632.340,639.740
2025-03-25 12:00:00,639.730,644.670,638.000,640.680
2025-03-25 16:00:00,640.670,642.450,633.380,634.870
2025-03-25 20:00:00,634.870,635.720,631.000,633.660
2025-03-26 00:00:00,633.660,633.720,629.560,630.970
2025-03-26 04:00:00,630.980,632.320,626.750,629.530
2025-03-26 08:00:00,629.530,631.870,627.420,627.920
2025-03-26 12:00:00,627.910,633.860,627.790,633.190
2025-03-26 16:00:00,633.200,633.600,629.670,631.080
2025-03-26 20:00:00,631.070,631.110,622.600,624.360
2025-03-27 00:00:00,624.350,624.790,615.000,618.120
2025-03-27 04:00:00,618.120,620.590,615.470,617.720
2025-03-27 08:00:00,617.730,626.410,616.730,626.260
2025-03-27 12:00:00,626.260,637.000,624.600,635.110
2025-03-27 16:00:00,635.110,642.000,631.380,631.770
2025-03-27 20:00:00,631.770,639.850,626.330,636.910
2025-03-28 00:00:00,636.910,641.000,634.980,639.390
2025-03-28 04:00:00,639.390,640.250,635.800,636.660
2025-03-28 08:00:00,636.660,636.810,631.840,633.060
2025-03-28 12:00:00,633.050,634.700,627.300,628.010
2025-03-28 16:00:00,628.000,634.030,626.220,633.580
2025-03-28 20:00:00,633.580,633.900,623.370,625.090
2025-03-29 00:00:00,625.080,626.500,618.460,618.620
2025-03-29 04:00:00,618.620,620.210,615.310,619.240
2025-03-29 08:00:00,619.230,623.210,608.340,612.510
2025-03-29 12:00:00,612.510,613.730,602.470,607.460
2025-03-29 16:00:00,607.450,610.290,598.700,600.650
2025-03-29 20:00:00,600.650,608.000,599.290,604.240
2025-03-30 00:00:00,604.240,606.780,596.390,605.230
2025-03-30 04:00:00,605.240,605.470,600.270,602.590
2025-03-30 08:00:00,602.600,612.800,599.800,608.460
2025-03-30 12:00:00,608.470,611.840,605.840,606.150
2025-03-30 16:00:00,606.140,609.880,603.260,604.500
2025-03-30 20:00:00,604.500,606.540,600.600,601.800
2025-03-31 00:00:00,601.800,605.540,597.430,603.450
2025-03-31 04:00:00,603.440,603.660,593.010,601.950
2025-03-31 08:00:00,601.960,606.570,595.000,598.770
2025-03-31 12:00:00,598.780,604.370,593.820,595.500
2025-03-31 16:00:00,595.490,597.570,586.480,595.360
2025-03-31 20:00:00,595.350,606.540,593.440,604.010
2025-04-01 00:00:00,604.010,609.000,602.610,605.060
2025-04-01 04:00:00,605.080,607.230,602.940,604.630
2025-04-01 08:00:00,604.620,609.880,604.230,608.870
2025-04-01 12:00:00,608.880,611.220,606.500,610.100
2025-04-01 16:00:00,610.110,618.050,605.870,607.120
2025-04-01 20:00:00,607.120,616.000,607.080,614.050
2025-04-02 00:00:00,614.040,614.880,606.660,608.560
2025-04-02 04:00:00,608.560,615.360,607.570,610.930
2025-04-02 08:00:00,610.940,611.540,600.500,601.260
2025-04-02 12:00:00,601.260,602.200,596.360,600.840
2025-04-02 16:00:00,600.850,606.490,599.170,599.570
2025-04-02 20:00:00,599.570,610.000,597.600,604.150
2025-04-03 00:00:00,604.140,607.730,601.200,605.280
2025-04-03 04:00:00,605.290,612.040,583.980,590.080
2025-04-03 08:00:00,590.090,609.720,587.520,601.290
2025-04-03 12:00:00,601.300,608.830,597.820,599.020
2025-04-03 16:00:00,599.020,601.310,592.430,593.070
2025-04-03 20:00:00,593.060,594.360,578.240,586.150
2025-04-04 00:00:00,586.160,589.940,585.620,588.380
2025-04-04 04:00:00,588.390,593.000,587.540,592.430
2025-04-04 08:00:00,592.420,594.180,588.500,593.100
2025-04-04 12:00:00,593.100,598.910,591.020,598.120
2025-04-04 16:00:00,598.120,599.720,584.800,588.630
2025-04-04 20:00:00,588.630,597.590,585.370,593.690
2025-04-05 00:00:00,593.700,599.660,592.020,597.310
2025-04-05 04:00:00,597.300,600.450,596.260,597.840
2025-04-05 08:00:00,597.850,599.250,595.080,596.000
2025-04-05 12:00:00,595.990,597.200,593.320,595.850
2025-04-05 16:00:00,595.850,598.750,595.500,597.130
2025-04-05 20:00:00,597.130,597.540,590.890,592.000
2025-04-06 00:00:00,592.000,593.960,590.810,591.090
2025-04-06 04:00:00,591.090,594.240,588.880,593.110
2025-04-06 08:00:00,593.110,593.930,590.120,591.810
2025-04-06 12:00:00,591.800,593.470,590.150,590.250
2025-04-06 16:00:00,590.250,590.700,587.100,588.930
2025-04-06 20:00:00,588.930,588.980,579.020,581.010
2025-04-07 00:00:00,581.000,581.000,551.830,558.560
2025-04-07 04:00:00,558.560,560.160,544.000,555.350
2025-04-07 08:00:00,555.350,565.530,546.020,550.080
2025-04-07 12:00:00,550.090,553.750,509.590,529.870
2025-04-07 16:00:00,529.860,548.610,528.860,539.980
2025-04-07 20:00:00,539.980,567.970,539.650,552.030
2025-04-08 00:00:00,552.020,557.210,546.460,553.730
2025-04-08 04:00:00,553.750,559.880,553.680,554.630
2025-04-08 08:00:00,554.630,565.310,552.970,561.600
2025-04-08 12:00:00,561.610,565.400,556.180,559.900
2025-04-08 16:00:00,559.890,563.840,555.140,563.590
2025-04-08 20:00:00,563.580,565.680,556.150,559.550
2025-04-09 00:00:00,559.550,561.450,547.430,552.980
2025-04-09 04:00:00,552.980,558.500,551.630,553.720
2025-04-09 08:00:00,553.730,554.750,534.400,542.760
2025-04-09 12:00:00,542.750,557.730,541.710,556.580
2025-04-09 16:00:00,556.580,559.520,548.870,550.400
2025-04-09 20:00:00,550.400,563.600,548.730,561.160
2025-04-10 00:00:00,561.150,585.860,560.760,579.720
2025-04-10 04:00:00,579.740,584.600,579.100,582.120
2025-04-10 08:00:00,582.130,582.260,571.690,575.050
2025-04-10 12:00:00,575.050,580.000,574.210,579.250
2025-04-10 16:00:00,579.260,583.440,573.510,574.960
2025-04-10 20:00:00,574.960,581.000,566.500,567.870
2025-04-11 00:00:00,567.860,576.610,565.980,574.690
2025-04-11 04:00:00,574.650,578.370,573.900,577.790
2025-04-11 08:00:00,577.800,580.500,575.530,580.140
2025-04-11 12:00:00,580.150,582.200,578.180,581.330
2025-04-11 16:00:00,581.330,584.820,579.120,582.990
2025-04-11 20:00:00,582.990,585.990,580.290,584.910
2025-04-12 00:00:00,584.920,589.900,583.360,587.900
2025-04-12 04:00:00,587.880,589.450,585.540,585.840
2025-04-12 08:00:00,585.840,590.000,584.020,584.650
2025-04-12 12:00:00,584.650,588.760,583.560,588.420
2025-04-12 16:00:00,588.420,591.390,588.130,590.010
2025-04-12 20:00:00,590.000,599.990,589.220,598.850
2025-04-13 00:00:00,598.840,599.770,594.500,596.080
2025-04-13 04:00:00,596.080,599.550,595.980,597.110
2025-04-13 08:00:00,597.110,598.460,592.790,595.510
2025-04-13 12:00:00,595.500,595.600,590.550,593.030
2025-04-13 16:00:00,593.030,594.390,587.110,588.250
2025-04-13 20:00:00,588.250,588.940,582.970,583.820
2025-04-14 00:00:00,583.820,589.200,579.170,582.330
2025-04-14 04:00:00,582.340,585.050,580.260,584.060
2025-04-14 08:00:00,584.060,591.000,583.500,588.050
2025-04-14 12:00:00,588.050,590.570,586.610,590.500
2025-04-14 16:00:00,590.510,592.590,588.190,592.250
2025-04-14 20:00:00,592.250,592.800,585.000,585.360
2025-04-15 00:00:00,585.360,587.800,582.830,587.130
2025-04-15 04:00:00,587.140,587.280,583.760,584.090
2025-04-15 08:00:00,584.090,587.420,582.200,587.320
2025-04-15 12:00:00,587.310,590.130,585.810,589.450
2025-04-15 16:00:00,589.460,591.110,587.300,588.510
2025-04-15 20:00:00,588.510,590.260,583.540,584.300
2025-04-16 00:00:00,584.290,585.210,581.500,583.240
2025-04-16 04:00:00,583.240,583.330,578.950,579.110
2025-04-16 08:00:00,579.110,583.650,575.620,582.980
2025-04-16 12:00:00,582.990,584.080,577.400,577.960
2025-04-16 16:00:00,577.960,582.220,576.690,581.830
2025-04-16 20:00:00,581.840,585.500,578.740,583.330
2025-04-17 00:00:00,583.330,586.530,576.150,584.790
2025-04-17 04:00:00,584.790,585.700,582.460,582.680
2025-04-17 08:00:00,582.680,584.640,580.620,581.670
2025-04-17 12:00:00,581.670,584.740,581.280,583.250
2025-04-17 16:00:00,583.260,586.770,582.050,586.020
2025-04-17 20:00:00,586.010,590.390,583.600,589.790
2025-04-18 00:00:00,589.790,593.000,588.420,590.560
2025-04-18 04:00:00,590.570,592.670,588.870,590.360
2025-04-18 08:00:00,590.360,590.580,587.570,590.190
2025-04-18 12:00:00,590.190,590.250,586.630,588.150
2025-04-18 16:00:00,588.140,591.600,586.140,591.510
2025-04-18 20:00:00,591.500,593.980,590.550,593.520
2025-04-19 00:00:00,593.520,595.500,591.600,592.190
2025-04-19 04:00:00,592.180,594.500,591.420,591.530
2025-04-19 08:00:00,591.520,592.990,590.850,592.980
2025-04-19 12:00:00,592.980,593.970,591.250,592.570
2025-04-19 16:00:00,592.570,592.900,589.260,590.380
2025-04-19 20:00:00,590.390,590.680,587.450,588.870
2025-04-20 00:00:00,588.870,591.160,587.150,590.730
2025-04-20 04:00:00,590.740,593.530,590.380,591.560
2025-04-20 08:00:00,591.570,593.560,591.550,592.340
2025-04-20 12:00:00,592.330,594.850,591.510,593.720
2025-04-20 16:00:00,593.720,595.000,589.120,589.870
2025-04-20 20:00:00,589.870,592.130,587.310,587.790
2025-04-21 00:00:00,587.780,589.500,587.000,589.420
2025-04-21 04:00:00,589.410,592.980,589.080,592.420
2025-04-21 08:00:00,592.430,603.000,592.280,601.940
2025-04-21 12:00:00,601.930,608.490,601.930,604.310
2025-04-21 16:00:00,604.310,606.370,600.030,600.760
2025-04-21 20:00:00,600.760,605.620,600.300,603.940
2025-04-22 00:00:00,603.940,604.460,594.060,597.450
2025-04-22 04:00:00,597.440,597.450,594.620,596.880
2025-04-22 08:00:00,596.880,602.450,594.340,599.410
2025-04-22 12:00:00,599.400,605.040,598.580,603.970
2025-04-22 16:00:00,603.970,606.810,603.900,605.790
2025-04-22 20:00:00,605.800,611.980,605.060,609.650
2025-04-23 00:00:00,609.650,611.100,606.160,607.830
2025-04-23 04:00:00,607.820,620.260,606.590,618.270
2025-04-23 08:00:00,618.270,619.770,612.240,615.150
2025-04-23 12:00:00,615.160,619.940,612.940,617.540
2025-04-23 16:00:00,617.540,617.550,609.120,611.060
2025-04-23 20:00:00,611.060,613.960,602.680,606.680
2025-04-24 00:00:00,606.660,608.680,602.050,602.240
2025-04-24 04:00:00,602.240,607.000,601.120,605.450
2025-04-24 08:00:00,605.450,606.740,601.420,603.900
2025-04-24 12:00:00,603.910,606.790,601.680,602.950
2025-04-24 16:00:00,602.950,604.880,592.520,597.700
2025-04-24 20:00:00,597.690,600.760,595.860,598.260
2025-04-25 00:00:00,598.270,600.600,595.140,598.690
2025-04-25 04:00:00,598.700,602.490,597.510,601.260
2025-04-25 08:00:00,601.260,604.000,596.670,600.500
2025-04-25 12:00:00,600.500,609.610,600.490,605.960
2025-04-25 16:00:00,605.970,609.910,603.720,605.730
2025-04-25 20:00:00,605.740,608.660,601.460,605.530
2025-04-26 00:00:00,605.530,606.740,602.040,604.540
2025-04-26 04:00:00,604.530,604.560,598.230,599.570
2025-04-26 08:00:00,599.560,606.000,598.930,601.860
2025-04-26 12:00:00,601.870,604.900,599.600,602.100
2025-04-26 16:00:00,602.110,606.140,600.590,602.250
2025-04-26 20:00:00,602.260,609.330,601.710,608.220
2025-04-27 00:00:00,608.220,609.560,606.810,608.210
2025-04-27 04:00:00,608.210,609.170,606.390,607.180
2025-04-27 08:00:00,607.170,608.680,599.620,602.450
2025-04-27 12:00:00,602.450,602.450,595.860,599.560
2025-04-27 16:00:00,599.570,600.830,598.350,600.090
2025-04-27 20:00:00,600.090,601.120,596.880,599.150
2025-04-28 00:00:00,599.160,606.280,597.090,605.530
2025-04-28 04:00:00,605.530,607.260,602.810,603.630
2025-04-28 08:00:00,603.620,605.960,598.010,603.870
2025-04-28 12:00:00,603.870,607.030,603.280,605.310
2025-04-28 16:00:00,605.300,608.160,602.800,607.290
2025-04-28 20:00:00,607.290,607.760,598.400,600.580
2025-04-29 00:00:00,600.580,605.320,598.090,604.640
2025-04-29 04:00:00,604.640,606.350,603.080,605.990
2025-04-29 08:00:00,605.980,607.080,603.010,606.270
2025-04-29 12:00:00,606.270,610.800,605.180,609.600
2025-04-29 16:00:00,609.600,610.240,602.340,603.520
2025-04-29 20:00:00,603.520,604.110,600.600,601.180
2025-04-30 00:00:00,601.170,603.840,600.120,602.310
2025-04-30 04:00:00,602.310,602.360,597.530,600.670
2025-04-30 08:00:00,600.670,603.730,599.710,603.690
2025-04-30 12:00:00,603.690,604.420,601.730,602.730
2025-04-30 16:00:00,602.740,602.900,599.720,602.410
2025-04-30 20:00:00,602.420,602.590,591.000,596.500
2025-05-01 00:00:00,596.500,598.730,593.890,597.790
2025-05-01 04:00:00,597.800,599.700,597.600,599.210
2025-05-01 08:00:00,599.210,602.250,598.880,599.060
2025-05-01 12:00:00,599.070,601.330,598.530,599.640
2025-05-01 16:00:00,599.640,605.500,599.630,603.810
2025-05-01 20:00:00,603.810,605.180,601.000,602.550
2025-05-02 00:00:00,602.540,603.810,599.620,600.050
2025-05-02 04:00:00,600.050,600.370,597.640,599.140
2025-05-02 08:00:00,599.140,603.500,598.330,601.200
2025-05-02 12:00:00,601.210,601.990,595.030,595.220
2025-05-02 16:00:00,595.210,600.370,595.000,597.700
2025-05-02 20:00:00,597.700,600.590,596.290,599.410
2025-05-03 00:00:00,599.400,601.550,597.880,598.580
2025-05-03 04:00:00,598.580,601.480,597.860,600.600
2025-05-03 08:00:00,600.610,601.110,598.020,599.290
2025-05-03 12:00:00,599.280,600.190,597.250,597.260
2025-05-03 16:00:00,597.250,597.370,595.000,596.050
2025-05-03 20:00:00,596.040,598.850,596.040,598.350
2025-05-04 00:00:00,598.360,599.670,595.830,599.650
2025-05-04 04:00:00,599.650,599.730,598.060,599.070
2025-05-04 08:00:00,599.070,600.250,597.860,599.350
2025-05-04 12:00:00,599.350,599.910,596.000,596.660
2025-05-04 16:00:00,596.660,596.670,592.200,593.560
2025-05-04 20:00:00,593.570,593.680,587.440,588.800
2025-05-05 00:00:00,588.800,589.270,585.130,587.980
2025-05-05 04:00:00,587.980,589.600,584.160,585.650
2025-05-05 08:00:00,585.650,588.620,583.020,588.110
2025-05-05 12:00:00,588.120,592.160,588.000,591.830
2025-05-05 16:00:00,591.840,597.250,590.250,593.520
2025-05-05 20:00:00,593.520,597.120,592.680,597.070
2025-05-06 00:00:00,597.070,599.630,596.650,598.960
2025-05-06 04:00:00,598.960,599.780,596.250,597.190
2025-05-06 08:00:00,597.180,599.880,595.750,598.670
2025-05-06 12:00:00,598.670,599.200,597.320,598.360
2025-05-06 16:00:00,598.360,598.360,592.950,594.240
2025-05-06 20:00:00,594.250,598.890,593.450,598.360
2025-05-07 00:00:00,598.350,602.610,596.470,599.430
2025-05-07 04:00:00,599.430,603.270,596.650,602.560
2025-05-07 08:00:00,602.560,607.220,601.500,602.000
2025-05-07 12:00:00,601.990,606.620,601.870,606.610
2025-05-07 16:00:00,606.610,607.180,603.980,606.380
2025-05-07 20:00:00,606.390,609.290,600.760,600.920
2025-05-08 00:00:00,600.920,601.950,597.000,598.710
2025-05-08 04:00:00,598.700,603.900,597.500,602.510
2025-05-08 08:00:00,602.510,611.470,600.660,611.270
2025-05-08 12:00:00,611.280,614.990,608.620,613.080
2025-05-08 16:00:00,613.070,618.480,612.900,614.070
2025-05-08 20:00:00,614.060,623.750,613.600,621.270
2025-05-09 00:00:00,621.270,623.350,615.000,619.520
2025-05-09 04:00:00,619.520,629.550,619.210,629.290
2025-05-09 08:00:00,629.290,629.550,622.780,624.520
2025-05-09 12:00:00,624.510,636.210,624.230,631.780
2025-05-09 16:00:00,631.780,641.580,628.870,636.760
2025-05-09 20:00:00,636.760,644.260,631.660,636.070
2025-05-10 00:00:00,636.080,637.000,631.280,635.470
2025-05-10 04:00:00,635.480,671.300,635.190,666.720
2025-05-10 08:00:00,666.720,679.290,659.620,662.180
2025-05-10 12:00:00,662.170,664.300,655.380,661.910
2025-05-10 16:00:00,661.910,663.780,648.670,649.310
2025-05-10 20:00:00,649.310,655.590,648.760,651.960
2025-05-11 00:00:00,651.960,658.770,651.000,652.410
2025-05-11 04:00:00,652.410,664.280,649.290,664.100
2025-05-11 08:00:00,664.100,668.700,656.050,662.770
2025-05-11 12:00:00,662.750,667.990,655.000,656.000
2025-05-11 16:00:00,655.990,660.100,655.020,659.410
2025-05-11 20:00:00,659.410,660.100,650.100,651.930
2025-05-12 00:00:00,651.920,655.620,648.220,653.780
2025-05-12 04:00:00,653.780,653.980,648.970,651.360
2025-05-12 08:00:00,651.370,657.670,647.130,655.940
2025-05-12 12:00:00,655.950,668.500,652.520,661.340
2025-05-12 16:00:00,661.330,693.550,657.720,678.710
2025-05-12 20:00:00,678.720,692.420,660.670,664.150
2025-05-13 00:00:00,664.150,671.160,650.000,660.270
2025-05-13 04:00:00,660.260,664.200,658.350,660.500
2025-05-13 08:00:00,660.500,660.610,640.880,642.110
2025-05-13 12:00:00,642.100,653.140,640.880,649.830
2025-05-13 16:00:00,649.830,654.650,648.180,653.240
2025-05-13 20:00:00,653.250,658.740,650.250,656.030
2025-05-14 00:00:00,656.040,671.840,655.810,667.020
2025-05-14 04:00:00,667.000,667.500,662.720,664.620
2025-05-14 08:00:00,664.620,666.870,658.030,662.080
2025-05-14 12:00:00,662.070,664.720,656.740,658.570
2025-05-14 16:00:00,658.570,661.080,650.800,659.740
2025-05-14 20:00:00,659.730,659.920,650.100,652.410
2025-05-15 00:00:00,652.420,655.160,647.200,653.170
2025-05-15 04:00:00,653.180,653.820,649.800,652.800
2025-05-15 08:00:00,652.790,655.220,645.010,648.050
2025-05-15 12:00:00,648.040,652.750,642.390,644.680
2025-05-15 16:00:00,644.670,654.930,644.590,653.810
2025-05-15 20:00:00,653.820,656.690,643.500,655.860
2025-05-16 00:00:00,655.860,661.570,648.800,652.380
2025-05-16 04:00:00,652.380,655.300,645.710,652.170
2025-05-16 08:00:00,652.170,660.190,646.620,658.180
2025-05-16 12:00:00,658.190,659.680,655.200,655.450
2025-05-16 16:00:00,655.460,657.590,651.490,654.600
2025-05-16 20:00:00,654.610,655.350,650.080,652.100
2025-05-17 00:00:00,652.090,654.500,648.000,649.770
2025-05-17 04:00:00,649.760,650.420,643.570,646.390
2025-05-17 08:00:00,646.390,646.610,634.320,643.100
2025-05-17 12:00:00,643.100,645.560,642.110,643.020
2025-05-17 16:00:00,643.020,644.340,639.520,641.400
2025-05-17 20:00:00,641.410,642.870,636.280,640.440
2025-05-18 00:00:00,640.450,642.680,635.860,640.320
2025-05-18 04:00:00,640.320,642.730,637.710,639.420
2025-05-18 08:00:00,639.420,643.200,638.920,642.250
2025-05-18 12:00:00,642.260,646.150,642.220,645.460
2025-05-18 16:00:00,645.460,648.260,644.700,644.980
2025-05-18 20:00:00,644.980,654.850,643.600,653.970
2025-05-19 00:00:00,653.980,654.970,637.880,637.890
2025-05-19 04:00:00,637.890,652.340,633.820,651.320
2025-05-19 08:00:00,651.320,653.470,637.860,638.420
2025-05-19 12:00:00,638.430,640.600,633.160,638.350
2025-05-19 16:00:00,638.350,640.980,636.680,639.870
2025-05-19 20:00:00,639.870,647.490,635.660,645.280
2025-05-20 00:00:00,645.280,649.700,644.480,648.500
2025-05-20 04:00:00,648.480,652.180,647.450,649.960
2025-05-20 08:00:00,649.960,654.140,648.290,650.670
2025-05-20 12:00:00,650.670,652.610,646.490,647.610
2025-05-20 16:00:00,647.610,648.500,641.650,643.830
2025-05-20 20:00:00,643.830,645.670,640.220,644.660
2025-05-21 00:00:00,644.660,649.170,642.780,648.100
2025-05-21 04:00:00,648.100,652.970,647.190,650.370
2025-05-21 08:00:00,650.370,658.570,648.850,657.000
2025-05-21 12:00:00,657.010,669.710,652.690,653.190
2025-05-21 16:00:00,653.200,655.410,650.250,654.940
2025-05-21 20:00:00,654.940,664.950,652.160,663.570
2025-05-22 00:00:00,663.570,672.800,660.240,671.080
2025-05-22 04:00:00,671.090,678.380,668.480,673.580
2025-05-22 08:00:00,673.590,689.990,673.350,685.430
2025-05-22 12:00:00,685.450,687.740,678.990,683.000
2025-05-22 16:00:00,683.000,688.070,681.590,687.210
2025-05-22 20:00:00,687.220,688.120,681.440,682.200
2025-05-23 00:00:00,682.210,685.490,679.240,681.060
2025-05-23 04:00:00,681.080,686.690,679.020,686.490
2025-05-23 08:00:00,686.490,691.660,683.770,688.110
2025-05-23 12:00:00,688.100,690.150,682.340,682.670
2025-05-23 16:00:00,682.670,687.370,670.310,672.370
2025-05-23 20:00:00,672.370,675.260,660.590,670.780
2025-05-24 00:00:00,670.780,671.290,665.160,665.630
2025-05-24 04:00:00,665.630,665.660,653.600,656.850
2025-05-24 08:00:00,656.850,666.500,655.310,664.630
2025-05-24 12:00:00,664.620,671.720,664.400,668.340
2025-05-24 16:00:00,668.350,677.270,668.340,674.660
2025-05-24 20:00:00,674.670,676.130,671.500,674.160
2025-05-25 00:00:00,674.150,676.850,672.790,676.740
2025-05-25 04:00:00,676.730,676.940,666.000,667.890
2025-05-25 08:00:00,667.890,668.330,659.780,665.610
2025-05-25 12:00:00,665.620,666.200,659.790,661.650
2025-05-25 16:00:00,661.660,662.500,656.490,661.520
2025-05-25 20:00:00,661.520,667.950,660.700,663.030
2025-05-26 00:00:00,663.030,668.280,661.620,667.200
2025-05-26 04:00:00,667.210,671.540,665.500,669.130
2025-05-26 08:00:00,669.120,675.480,667.980,674.050
2025-05-26 12:00:00,674.050,675.420,671.520,674.430
2025-05-26 16:00:00,674.430,675.260,671.940,673.880
2025-05-26 20:00:00,673.880,676.100,670.820,675.090
2025-05-27 00:00:00,675.100,677.500,670.310,672.030
2025-05-27 04:00:00,672.040,674.890,671.060,673.910
2025-05-27 08:00:00,673.920,674.630,666.120,673.910
2025-05-27 12:00:00,673.920,681.800,672.650,680.670
2025-05-27 16:00:00,680.690,684.280,679.560,681.910
2025-05-27 20:00:00,681.920,698.000,681.850,690.760
2025-05-28 00:00:00,690.770,694.350,688.000,689.570
2025-05-28 04:00:00,689.560,689.880,686.000,687.140
2025-05-28 08:00:00,687.140,687.360,681.170,684.150
2025-05-28 12:00:00,684.150,684.640,679.710,681.710
2025-05-28 16:00:00,681.720,686.960,680.730,686.940
2025-05-28 20:00:00,686.950,688.880,680.870,681.690
2025-05-29 00:00:00,681.700,689.050,681.680,683.320
2025-05-29 04:00:00,683.320,688.750,683.240,686.800
2025-05-29 08:00:00,686.790,691.210,685.510,685.980
2025-05-29 12:00:00,685.990,687.300,680.000,684.940
2025-05-29 16:00:00,684.940,689.580,683.910,685.630
2025-05-29 20:00:00,685.630,685.900,678.640,680.890
2025-05-30 00:00:00,680.890,681.070,673.100,674.690
2025-05-30 04:00:00,674.690,685.600,673.230,674.700
2025-05-30 08:00:00,674.700,678.280,665.000,673.020
2025-05-30 12:00:00,673.020,674.620,667.070,667.110
2025-05-30 16:00:00,667.110,671.690,666.000,671.140
2025-05-30 20:00:00,671.150,672.350,666.520,668.550
2025-05-31 00:00:00,668.550,669.620,660.010,666.080
2025-05-31 04:00:00,666.080,666.640,652.740,655.000
2025-05-31 08:00:00,655.000,655.610,645.110,650.290
2025-05-31 12:00:00,650.300,655.070,647.140,653.500
2025-05-31 16:00:00,653.500,656.300,651.670,653.800
2025-05-31 20:00:00,653.810,659.460,653.650,656.280
2025-06-01 00:00:00,656.280,660.410,655.490,658.540
2025-06-01 04:00:00,658.540,661.460,657.660,657.920
2025-06-01 08:00:00,657.920,657.930,652.310,655.310
2025-06-01 12:00:00,655.300,656.790,651.770,653.140
2025-06-01 16:00:00,653.140,653.150,647.790,650.110
2025-06-01 20:00:00,650.100,654.220,647.120,654.190
2025-06-02 00:00:00,654.190,657.490,650.400,654.700
2025-06-02 04:00:00,654.700,662.440,654.630,660.660
2025-06-02 08:00:00,660.650,664.300,656.360,656.720
2025-06-02 12:00:00,656.720,659.250,654.780,657.990
2025-06-02 16:00:00,657.990,658.460,650.100,651.030
2025-06-02 20:00:00,651.030,657.930,649.610,656.930
2025-06-03 00:00:00,656.930,661.920,655.410,661.010
2025-06-03 04:00:00,661.010,667.240,660.240,665.930
2025-06-03 08:00:00,665.930,673.760,665.790,667.820
2025-06-03 12:00:00,667.820,668.660,665.100,665.280
2025-06-03 16:00:00,665.280,667.900,663.800,664.920
2025-06-03 20:00:00,664.930,668.310,661.630,666.850
2025-06-04 00:00:00,666.850,667.640,662.790,664.910
2025-06-04 04:00:00,664.920,665.000,656.660,661.330
2025-06-04 08:00:00,661.330,669.990,660.640,668.410
2025-06-04 12:00:00,668.400,670.990,668.100,670.800
2025-06-04 16:00:00,670.810,671.830,667.500,667.860
2025-06-04 20:00:00,667.860,670.500,665.130,669.420
2025-06-05 00:00:00,669.430,670.000,666.130,667.360
2025-06-05 04:00:00,667.350,667.470,661.520,662.930
2025-06-05 08:00:00,662.930,666.430,662.640,665.590
2025-06-05 12:00:00,665.590,668.500,664.960,668.370
2025-06-05 16:00:00,668.370,670.740,661.940,662.100
2025-06-05 20:00:00,662.110,665.500,656.420,659.040
2025-06-06 00:00:00,659.040,659.040,640.500,644.040
2025-06-06 04:00:00,644.040,644.040,622.050,632.900
2025-06-06 08:00:00,632.900,641.270,628.560,640.880
2025-06-06 12:00:00,640.870,642.000,634.600,640.970
2025-06-06 16:00:00,640.970,646.660,640.360,646.090
2025-06-06 20:00:00,646.090,651.120,645.510,647.490
2025-06-07 00:00:00,647.460,648.490,643.760,644.950
2025-06-07 04:00:00,644.960,646.560,640.790,642.250
2025-06-07 08:00:00,642.260,646.980,639.130,646.780
2025-06-07 12:00:00,646.780,649.580,645.150,648.340
2025-06-07 16:00:00,648.340,648.870,646.010,648.050
2025-06-07 20:00:00,648.040,650.970,647.870,650.400
2025-06-08 00:00:00,650.390,652.530,649.120,651.730
2025-06-08 04:00:00,651.730,653.540,650.080,650.410
2025-06-08 08:00:00,650.410,650.480,648.190,648.980
2025-06-08 12:00:00,648.980,650.340,648.500,648.990
2025-06-08 16:00:00,649.000,650.130,646.210,650.110
2025-06-08 20:00:00,650.110,651.870,649.150,651.580
2025-06-09 00:00:00,651.590,654.740,651.580,654.330
2025-06-09 04:00:00,654.340,656.190,651.210,651.640
2025-06-09 08:00:00,651.650,653.190,648.030,651.250
2025-06-09 12:00:00,651.240,651.240,647.520,648.960
2025-06-09 16:00:00,648.970,656.140,647.850,655.230
2025-06-09 20:00:00,655.230,656.740,652.390,656.160
2025-06-10 00:00:00,656.170,660.760,656.170,659.490
2025-06-10 04:00:00,659.500,667.760,659.500,665.610
2025-06-10 08:00:00,665.610,668.010,663.420,664.020
2025-06-10 12:00:00,664.030,664.370,659.820,660.610
2025-06-10 16:00:00,660.610,665.460,656.770,664.920
2025-06-10 20:00:00,664.910,667.450,657.880,660.960
2025-06-11 00:00:00,660.970,669.090,660.810,667.340
2025-06-11 04:00:00,667.340,674.590,667.250,673.660
2025-06-11 08:00:00,673.670,674.430,667.950,670.720
2025-06-11 12:00:00,670.730,672.380,668.570,670.080
2025-06-11 16:00:00,670.070,672.360,666.020,667.390
2025-06-11 20:00:00,667.390,672.360,665.710,669.590
2025-06-12 00:00:00,669.590,669.790,665.170,667.160
2025-06-12 04:00:00,667.160,669.150,662.060,667.580
2025-06-12 08:00:00,667.590,670.240,664.130,665.880
2025-06-12 12:00:00,665.890,668.720,664.150,667.290
2025-06-12 16:00:00,667.290,669.170,663.400,663.540
2025-06-12 20:00:00,663.540,665.130,659.530,659.810
2025-06-13 00:00:00,659.810,666.800,657.300,658.000
2025-06-13 04:00:00,658.000,658.970,651.420,654.410
2025-06-13 08:00:00,654.410,654.440,637.550,649.040
2025-06-13 12:00:00,649.050,654.900,645.610,654.830
2025-06-13 16:00:00,654.830,659.700,652.160,654.600
2025-06-13 20:00:00,654.600,654.830,649.180,653.470
2025-06-14 00:00:00,653.480,655.340,649.300,650.960
2025-06-14 04:00:00,650.960,655.040,650.040,655.040
2025-06-14 08:00:00,655.030,655.050,650.000,650.870
2025-06-14 12:00:00,650.870,652.170,649.690,651.430
2025-06-14 16:00:00,651.420,651.430,648.690,650.160
2025-06-14 20:00:00,650.170,650.320,643.880,644.940
2025-06-15 00:00:00,644.940,645.720,638.520,640.280
2025-06-15 04:00:00,640.270,645.990,638.370,645.230
2025-06-15 08:00:00,645.230,647.660,644.560,647.240
2025-06-15 12:00:00,647.240,651.760,647.230,648.820
2025-06-15 16:00:00,648.820,649.220,645.660,648.080
2025-06-15 20:00:00,648.070,650.940,646.630,647.510
2025-06-16 00:00:00,647.510,648.850,645.370,646.440
2025-06-16 04:00:00,646.440,648.290,642.360,647.920
2025-06-16 08:00:00,647.930,652.540,646.000,651.490
2025-06-16 12:00:00,651.490,656.920,651.050,655.960
2025-06-16 16:00:00,655.960,656.770,653.120,654.600
2025-06-16 20:00:00,654.610,659.620,653.760,657.580
2025-06-17 00:00:00,657.570,659.250,655.730,659.240
2025-06-17 04:00:00,659.240,659.250,650.060,650.740
2025-06-17 08:00:00,650.740,656.740,647.020,656.580
2025-06-17 12:00:00,656.580,659.250,655.150,657.880
2025-06-17 16:00:00,657.880,658.750,652.560,653.680
2025-06-17 20:00:00,653.690,656.320,645.000,646.360
2025-06-18 00:00:00,646.350,649.800,640.000,648.320
2025-06-18 04:00:00,648.310,648.970,645.420,648.040
2025-06-18 08:00:00,648.040,654.190,647.860,652.140
2025-06-18 12:00:00,652.140,653.900,650.500,651.450
2025-06-18 16:00:00,651.440,652.460,641.220,644.780
2025-06-18 20:00:00,644.780,644.820,636.690,641.640
2025-06-19 00:00:00,641.630,642.620,637.020,639.060
2025-06-19 04:00:00,639.060,645.180,638.170,644.330
2025-06-19 08:00:00,644.330,645.630,641.000,645.160
2025-06-19 12:00:00,645.160,646.430,643.700,644.550
2025-06-19 16:00:00,644.550,645.900,642.270,642.370
2025-06-19 20:00:00,642.380,642.890,639.160,639.480
2025-06-20 00:00:00,639.470,642.680,638.240,642.270
2025-06-20 04:00:00,642.260,644.880,641.550,644.510
2025-06-20 08:00:00,644.520,645.520,643.460,644.670
2025-06-20 12:00:00,644.680,647.460,641.270,647.460
2025-06-20 16:00:00,647.460,649.330,646.120,647.280
2025-06-20 20:00:00,647.280,654.000,642.980,645.500
2025-06-21 00:00:00,645.500,645.710,637.880,642.850
2025-06-21 04:00:00,642.850,645.400,639.830,641.680
2025-06-21 08:00:00,641.690,644.960,640.930,644.340
2025-06-21 12:00:00,644.330,644.500,636.700,641.270
2025-06-21 16:00:00,641.260,642.380,638.900,642.280
2025-06-21 20:00:00,642.270,642.690,633.850,636.110
2025-06-22 00:00:00,636.100,636.630,630.200,630.590
2025-06-22 04:00:00,630.590,632.950,620.910,628.750
2025-06-22 08:00:00,628.750,633.060,626.500,629.260
2025-06-22 12:00:00,629.270,635.410,629.200,632.700
2025-06-22 16:00:00,632.700,633.150,627.330,630.420
2025-06-22 20:00:00,630.430,631.140,606.420,607.450
2025-06-23 00:00:00,607.450,612.400,604.000,605.160
2025-06-23 04:00:00,605.160,616.750,600.910,615.720
2025-06-23 08:00:00,615.720,621.090,614.860,620.000
2025-06-23 12:00:00,620.000,624.540,620.000,623.880
2025-06-23 16:00:00,623.870,624.890,615.950,617.210
2025-06-23 20:00:00,617.210,628.000,615.600,622.400
2025-06-24 00:00:00,622.390,630.860,616.540,629.630
2025-06-24 04:00:00,629.630,642.560,628.300,640.020
2025-06-24 08:00:00,640.020,640.890,635.800,639.190
2025-06-24 12:00:00,639.190,642.390,638.120,638.790
2025-06-24 16:00:00,638.790,641.250,635.750,638.070
2025-06-24 20:00:00,638.080,641.250,637.400,639.070
2025-06-25 00:00:00,639.070,643.700,639.070,642.000
2025-06-25 04:00:00,642.010,643.900,641.730,643.300
2025-06-25 08:00:00,643.290,650.750,642.240,648.190
2025-06-25 12:00:00,648.190,653.090,642.880,644.970
2025-06-25 16:00:00,644.970,648.010,641.410,646.830
2025-06-25 20:00:00,646.830,647.960,642.030,642.370
2025-06-26 00:00:00,642.360,647.770,641.850,647.560
2025-06-26 04:00:00,647.560,648.280,643.890,646.100
2025-06-26 08:00:00,646.100,649.940,645.360,648.380
2025-06-26 12:00:00,648.380,649.280,644.380,647.270
2025-06-26 16:00:00,647.270,648.310,644.450,644.500
2025-06-26 20:00:00,644.490,645.780,640.730,644.840
2025-06-27 00:00:00,644.840,647.490,644.130,645.050
2025-06-27 04:00:00,645.050,646.430,641.060,642.050
2025-06-27 08:00:00,642.050,645.900,638.580,645.760
2025-06-27 12:00:00,645.750,646.670,642.450,643.440
2025-06-27 16:00:00,643.430,645.500,643.000,645.330
2025-06-27 20:00:00,645.320,647.880,643.360,646.560
2025-06-28 00:00:00,646.560,648.450,642.140,645.070
2025-06-28 04:00:00,645.070,646.880,644.780,645.560
2025-06-28 08:00:00,645.570,645.840,644.000,644.180
2025-06-28 12:00:00,644.180,646.980,644.060,646.910
2025-06-28 16:00:00,646.910,647.000,645.080,646.210
2025-06-28 20:00:00,646.200,646.760,645.190,646.380
2025-06-29 00:00:00,646.390,647.500,645.300,647.180
2025-06-29 04:00:00,647.180,648.990,647.050,648.380
2025-06-29 08:00:00,648.370,648.640,646.680,648.410
2025-06-29 12:00:00,648.410,650.230,648.300,649.090
2025-06-29 16:00:00,649.100,651.000,648.960,650.970
2025-06-29 20:00:00,650.970,651.030,648.000,648.790
2025-06-30 00:00:00,648.790,649.150,647.740,648.370
2025-06-30 04:00:00,648.370,656.060,646.460,654.960
2025-06-30 08:00:00,654.960,657.260,653.220,655.410
2025-06-30 12:00:00,655.400,656.720,652.360,654.520
2025-06-30 16:00:00,654.490,655.120,651.600,654.200
2025-06-30 20:00:00,654.210,656.830,651.190,656.600
2025-07-01 00:00:00,656.600,659.470,655.180,659.340
2025-07-01 04:00:00,659.330,660.000,656.630,656.990
2025-07-01 08:00:00,656.990,659.200,655.400,655.900
2025-07-01 12:00:00,655.900,655.920,651.560,653.980
2025-07-01 16:00:00,653.980,653.980,651.500,652.240
2025-07-01 20:00:00,652.240,652.580,645.300,645.740
2025-07-02 00:00:00,645.740,646.810,644.120,645.520
2025-07-02 04:00:00,645.520,647.290,643.650,646.110
2025-07-02 08:00:00,646.120,650.080,643.500,649.590
2025-07-02 12:00:00,649.600,657.820,649.510,657.660
2025-07-02 16:00:00,657.650,659.960,657.060,657.380
2025-07-02 20:00:00,657.380,662.310,655.540,661.750
2025-07-03 00:00:00,661.750,664.710,661.600,663.800
2025-07-03 04:00:00,663.800,664.880,659.430,659.970
2025-07-03 08:00:00,659.960,661.350,658.320,659.460
2025-07-03 12:00:00,659.460,662.890,659.120,662.750
2025-07-03 16:00:00,662.760,664.680,661.080,662.030
2025-07-03 20:00:00,662.030,664.390,656.560,656.960
2025-07-04 00:00:00,656.950,662.020,656.950,661.670
2025-07-04 04:00:00,661.670,665.000,661.670,663.900
2025-07-04 08:00:00,663.900,664.400,660.210,662.080
2025-07-04 12:00:00,662.070,662.080,656.030,656.030
2025-07-04 16:00:00,656.040,659.900,654.600,659.660
2025-07-04 20:00:00,659.660,660.170,652.100,652.770
2025-07-05 00:00:00,652.760,653.280,650.080,651.460
2025-07-05 04:00:00,651.450,653.880,650.350,653.390
2025-07-05 08:00:00,653.380,655.980,652.540,655.820
2025-07-05 12:00:00,655.810,656.760,654.120,654.420
2025-07-05 16:00:00,654.410,655.940,653.720,655.320
2025-07-05 20:00:00,655.330,655.540,653.910,654.140
2025-07-06 00:00:00,654.130,654.660,651.720,653.790
2025-07-06 04:00:00,653.790,656.300,653.560,655.990
2025-07-06 08:00:00,656.000,656.620,654.270,654.700
2025-07-06 12:00:00,654.690,655.820,653.410,654.550
2025-07-06 16:00:00,654.540,656.260,653.220,656.260
2025-07-06 20:00:00,656.260,663.880,655.410,662.960
2025-07-07 00:00:00,662.960,663.740,661.360,663.240
2025-07-07 04:00:00,663.240,664.890,660.490,663.120
2025-07-07 08:00:00,663.120,663.200,660.260,660.710
2025-07-07 12:00:00,660.710,662.500,660.480,662.500
2025-07-07 16:00:00,662.490,663.100,661.240,662.170
2025-07-07 20:00:00,662.170,662.640,658.730,658.810
2025-07-08 00:00:00,658.810,661.820,656.500,661.400
2025-07-08 04:00:00,661.400,661.400,657.800,661.040
2025-07-08 08:00:00,661.050,662.640,657.470,659.920
2025-07-08 12:00:00,659.920,660.500,658.700,659.840
2025-07-08 16:00:00,659.830,661.620,659.180,661.200
2025-07-08 20:00:00,661.210,661.900,657.500,658.040
2025-07-09 00:00:00,658.050,662.070,657.240,660.970
2025-07-09 04:00:00,660.970,660.980,657.540,660.520
2025-07-09 08:00:00,660.520,662.530,659.880,661.780
2025-07-09 12:00:00,661.780,664.600,661.440,662.560
2025-07-09 16:00:00,662.550,662.890,658.410,661.240
2025-07-09 20:00:00,661.230,663.450,660.040,662.530
2025-07-10 00:00:00,662.540,670.270,662.120,669.510
2025-07-10 04:00:00,669.510,671.940,666.280,668.880
2025-07-10 08:00:00,668.890,671.610,668.400,670.490
2025-07-10 12:00:00,670.490,673.370,669.730,671.400
2025-07-10 16:00:00,671.390,673.900,669.330,669.950
2025-07-10 20:00:00,669.950,671.800,667.120,668.140
2025-07-11 00:00:00,668.140,679.240,667.730,676.080
2025-07-11 04:00:00,676.080,688.130,675.680,686.300
2025-07-11 08:00:00,686.300,691.870,684.320,689.650
2025-07-11 12:00:00,689.660,695.400,685.010,685.290
2025-07-11 16:00:00,685.290,690.950,684.440,688.590
2025-07-11 20:00:00,688.580,694.660,686.530,687.700
2025-07-12 00:00:00,687.690,697.780,686.300,694.260
2025-07-12 04:00:00,694.260,694.500,683.010,690.400
2025-07-12 08:00:00,690.400,695.720,688.290,695.630
2025-07-12 12:00:00,695.640,697.380,690.520,694.710
2025-07-12 16:00:00,694.700,695.000,691.460,692.190
2025-07-12 20:00:00,692.190,692.400,679.470,681.290
2025-07-13 00:00:00,681.300,686.780,680.040,684.830
2025-07-13 04:00:00,684.820,686.520,680.400,686.100
2025-07-13 08:00:00,686.100,688.060,685.300,687.080
2025-07-13 12:00:00,687.080,690.440,686.990,690.430
2025-07-13 16:00:00,690.440,691.620,688.320,691.470
2025-07-13 20:00:00,691.470,694.470,690.070,691.560
2025-07-14 00:00:00,691.570,693.860,688.330,691.970
2025-07-14 04:00:00,691.960,693.530,688.290,692.330
2025-07-14 08:00:00,692.330,700.000,690.200,697.610
2025-07-14 12:00:00,697.620,708.000,692.900,706.860
2025-07-14 16:00:00,706.870,707.190,701.000,704.880
2025-07-14 20:00:00,704.870,705.670,690.430,692.900
2025-07-15 00:00:00,692.910,694.510,687.840,690.110
2025-07-15 04:00:00,690.110,692.330,686.010,689.110
2025-07-15 08:00:00,689.100,691.040,675.000,679.850
2025-07-15 12:00:00,679.850,683.720,676.010,679.160
2025-07-15 16:00:00,679.170,681.050,676.390,680.550
2025-07-15 20:00:00,680.550,687.770,676.800,683.150
2025-07-16 00:00:00,683.150,688.980,682.670,684.910
2025-07-16 04:00:00,684.910,693.540,683.600,690.370
2025-07-16 08:00:00,690.370,693.970,686.280,688.200
2025-07-16 12:00:00,688.210,693.880,685.430,692.160
2025-07-16 16:00:00,692.170,695.760,690.950,694.700
2025-07-16 20:00:00,694.690,707.080,691.030,700.680
2025-07-17 00:00:00,700.680,711.470,699.170,706.970
2025-07-17 04:00:00,706.960,715.990,706.910,709.130
2025-07-17 08:00:00,709.130,724.200,708.080,709.750
2025-07-17 12:00:00,709.740,723.840,707.080,721.190
2025-07-17 16:00:00,721.190,722.190,714.400,718.040
2025-07-17 20:00:00,718.050,728.400,712.030,721.690
2025-07-18 00:00:00,721.690,722.400,713.770,715.840
2025-07-18 04:00:00,715.830,726.240,711.000,721.110
2025-07-18 08:00:00,721.100,737.160,720.100,737.050
2025-07-18 12:00:00,737.060,748.740,734.050,740.420
2025-07-18 16:00:00,740.430,743.090,733.180,737.250
2025-07-18 20:00:00,737.250,766.260,731.360,737.930
2025-07-19 00:00:00,737.920,748.810,729.030,732.150
2025-07-19 04:00:00,732.140,735.790,718.910,730.390
2025-07-19 08:00:00,730.390,735.390,718.950,735.250
2025-07-19 12:00:00,735.250,739.760,731.930,732.660
2025-07-19 16:00:00,732.660,738.840,728.280,737.170
2025-07-19 20:00:00,737.170,742.940,727.780,731.150
2025-07-20 00:00:00,731.160,735.630,728.160,734.820
2025-07-20 04:00:00,734.820,736.270,725.150,733.430
2025-07-20 08:00:00,733.430,746.740,731.670,743.400
2025-07-20 12:00:00,743.400,746.000,739.730,744.990
2025-07-20 16:00:00,744.980,751.360,744.980,749.200
2025-07-20 20:00:00,749.200,752.270,745.550,751.410
2025-07-21 00:00:00,751.410,756.900,746.160,753.480
2025-07-21 04:00:00,753.470,762.040,745.250,757.310
2025-07-21 08:00:00,757.320,764.850,746.290,763.710
2025-07-21 12:00:00,763.700,767.530,759.650,760.870
2025-07-21 16:00:00,760.880,780.300,760.340,769.590
2025-07-21 20:00:00,769.600,782.760,766.420,774.620
2025-07-22 00:00:00,774.610,775.650,755.760,757.590
2025-07-22 04:00:00,757.560,767.830,755.000,766.510
2025-07-22 08:00:00,766.520,772.540,753.080,760.490
2025-07-22 12:00:00,760.490,764.550,745.000,758.490
2025-07-22 16:00:00,758.490,766.190,749.500,766.170
2025-07-22 20:00:00,766.180,768.100,755.890,764.440
2025-07-23 00:00:00,764.430,776.670,764.100,772.680
2025-07-23 04:00:00,772.680,789.480,771.810,787.600
2025-07-23 08:00:00,787.600,806.190,785.430,798.040
2025-07-23 12:00:00,798.050,802.420,791.910,794.880
2025-07-23 16:00:00,794.870,809.240,788.200,809.020
2025-07-23 20:00:00,809.010,810.550,775.440,784.900
2025-07-24 00:00:00,784.890,785.010,760.940,771.010
2025-07-24 04:00:00,771.010,777.610,752.500,776.920
2025-07-24 08:00:00,776.880,786.930,773.110,779.760
2025-07-24 12:00:00,779.770,780.430,742.610,759.330
2025-07-24 16:00:00,759.320,772.910,755.800,770.570
2025-07-24 20:00:00,770.570,781.680,761.590,778.830
2025-07-25 00:00:00,778.840,786.240,770.310,779.400
2025-07-25 04:00:00,779.400,782.170,770.000,771.150
2025-07-25 08:00:00,771.160,771.770,753.180,756.990
2025-07-25 12:00:00,756.980,767.240,752.260,761.720
2025-07-25 16:00:00,761.720,773.770,761.560,772.110
2025-07-25 20:00:00,772.110,777.360,761.020,766.220
2025-07-26 00:00:00,766.220,777.930,763.720,774.630
2025-07-26 04:00:00,774.640,786.500,773.930,785.980
2025-07-26 08:00:00,785.980,786.180,778.810,783.920
2025-07-26 12:00:00,783.930,784.550,780.850,782.960
2025-07-26 16:00:00,782.970,785.990,780.590,782.280
2025-07-26 20:00:00,782.290,783.730,779.680,781.730
2025-07-27 00:00:00,781.740,785.550,778.830,785.450
2025-07-27 04:00:00,785.440,799.000,784.040,793.610
2025-07-27 08:00:00,793.570,799.690,791.160,794.780
2025-07-27 12:00:00,794.780,799.280,794.330,796.830
2025-07-27 16:00:00,796.840,799.990,793.250,797.230
2025-07-27 20:00:00,797.230,817.560,793.990,815.970
2025-07-28 00:00:00,815.870,831.930,813.060,830.960
2025-07-28 04:00:00,830.960,848.000,827.840,844.800
2025-07-28 08:00:00,844.710,856.210,840.170,842.240
2025-07-28 12:00:00,842.250,861.480,840.400,856.250
2025-07-28 16:00:00,856.210,861.760,845.620,851.150
2025-07-28 20:00:00,851.160,858.120,831.840,836.750
2025-07-29 00:00:00,836.740,841.620,826.290,832.270
2025-07-29 04:00:00,832.320,833.030,821.000,824.480
2025-07-29 08:00:00,824.480,835.670,813.680,829.610
2025-07-29 12:00:00,829.600,834.590,825.570,825.960
2025-07-29 16:00:00,825.970,834.440,821.410,826.900
2025-07-29 20:00:00,826.900,831.020,802.420,805.730
2025-07-30 00:00:00,805.710,816.080,800.960,804.100
2025-07-30 04:00:00,804.110,809.920,800.610,805.820
2025-07-30 08:00:00,805.820,812.280,796.000,805.150
2025-07-30 12:00:00,805.140,807.240,796.020,800.940
2025-07-30 16:00:00,800.930,806.200,787.120,789.290
2025-07-30 20:00:00,789.290,796.360,779.550,791.190
2025-07-31 00:00:00,791.200,795.270,765.790,785.750
2025-07-31 04:00:00,785.750,794.230,783.510,794.070
2025-07-31 08:00:00,794.080,800.000,791.380,799.330
2025-07-31 12:00:00,799.330,805.800,797.300,804.030
2025-07-31 16:00:00,804.030,815.000,799.320,800.910
2025-07-31 20:00:00,800.910,801.650,787.910,800.030
2025-08-01 00:00:00,800.010,813.910,794.100,796.480
2025-08-01 04:00:00,796.490,799.180,782.010,783.680
2025-08-01 08:00:00,783.670,795.880,775.040,784.510
2025-08-01 12:00:00,784.500,784.850,770.670,773.800
2025-08-01 16:00:00,773.800,773.800,763.490,772.030
2025-08-01 20:00:00,772.030,776.420,757.550,764.460
2025-08-02 00:00:00,764.460,768.390,754.010,761.880
2025-08-02 04:00:00,761.890,763.320,745.000,757.640
2025-08-02 08:00:00,757.640,769.150,755.890,764.640
2025-08-02 12:00:00,764.640,770.470,750.400,759.340
2025-08-02 16:00:00,759.330,759.710,751.000,756.680
2025-08-02 20:00:00,756.670,756.720,741.550,743.430
2025-08-03 00:00:00,743.440,750.270,734.380,737.750
2025-08-03 04:00:00,737.740,745.650,732.820,736.970
2025-08-03 08:00:00,736.970,745.000,730.430,744.310
2025-08-03 12:00:00,744.310,749.220,741.580,748.360
2025-08-03 16:00:00,748.360,753.600,746.640,748.690
2025-08-03 20:00:00,748.680,751.570,745.780,748.860
2025-08-04 00:00:00,748.880,755.680,747.350,753.040
2025-08-04 04:00:00,753.040,754.950,750.600,751.410
2025-08-04 08:00:00,751.400,759.310,750.560,754.250
2025-08-04 12:00:00,754.260,758.300,752.250,757.310
2025-08-04 16:00:00,757.310,760.500,754.740,755.610
2025-08-04 20:00:00,755.610,766.000,755.200,760.760
2025-08-05 00:00:00,760.760,769.960,759.940,761.220
2025-08-05 04:00:00,761.210,770.000,760.360,768.890
2025-08-05 08:00:00,768.890,770.040,760.490,760.960
2025-08-05 12:00:00,760.950,767.350,755.000,757.670
2025-08-05 16:00:00,757.600,766.520,755.840,765.440
2025-08-05 20:00:00,765.450,765.880,746.410,749.390
2025-08-06 00:00:00,749.390,754.720,747.640,748.840
2025-08-06 04:00:00,748.840,756.660,745.410,755.570
2025-08-06 08:00:00,755.560,756.400,746.390,748.980
2025-08-06 12:00:00,749.000,763.670,747.530,763.490
2025-08-06 16:00:00,763.500,765.460,759.120,762.600
2025-08-06 20:00:00,762.600,770.390,758.160,769.710
2025-08-07 00:00:00,769.710,775.390,766.220,773.570
2025-08-07 04:00:00,773.570,773.760,768.340,769.940
2025-08-07 08:00:00,769.940,775.090,765.670,766.810
2025-08-07 12:00:00,766.800,770.000,765.260,768.610
2025-08-07 16:00:00,768.620,780.000,764.780,777.350
2025-08-07 20:00:00,777.360,778.360,771.000,775.950
2025-08-08 00:00:00,775.950,781.000,768.230,780.960
2025-08-08 04:00:00,780.960,788.990,780.470,788.990
2025-08-08 08:00:00,788.990,793.390,781.100,786.760
2025-08-08 12:00:00,786.750,792.160,784.270,790.070
2025-08-08 16:00:00,790.070,791.200,784.400,789.650
2025-08-08 20:00:00,789.640,797.200,782.000,785.210
2025-08-09 00:00:00,785.210,797.000,784.820,795.890
2025-08-09 04:00:00,795.890,799.000,793.100,793.710
2025-08-09 08:00:00,793.720,797.950,792.890,797.390
2025-08-09 12:00:00,797.390,810.660,797.000,810.060
2025-08-09 16:00:00,810.050,819.860,806.370,812.150
2025-08-09 20:00:00,812.150,816.070,805.240,806.890
2025-08-10 00:00:00,806.890,809.370,803.190,805.070
2025-08-10 04:00:00,805.080,808.150,798.270,799.160
2025-08-10 08:00:00,799.170,813.700,799.160,811.740
2025-08-10 12:00:00,811.750,816.040,798.690,799.820
2025-08-10 16:00:00,799.820,805.170,794.020,799.420
2025-08-10 20:00:00,799.410,804.180,796.050,802.360
2025-08-11 00:00:00,802.370,804.990,800.420,803.280
2025-08-11 04:00:00,803.280,807.750,799.220,807.650
2025-08-11 08:00:00,807.650,828.220,806.550,821.730
2025-08-11 12:00:00,821.740,825.160,809.500,812.130
2025-08-11 16:00:00,812.120,816.940,791.100,796.420
2025-08-11 20:00:00,796.420,807.820,792.510,807.590
2025-08-12 00:00:00,807.600,812.450,801.180,806.510
2025-08-12 04:00:00,806.510,811.000,796.480,805.260
2025-08-12 08:00:00,805.250,815.530,803.790,808.560
2025-08-12 12:00:00,808.550,813.670,803.200,808.210
2025-08-12 16:00:00,808.210,809.320,797.700,803.320
2025-08-12 20:00:00,803.310,821.200,800.520,821.150
2025-08-13 00:00:00,821.150,833.380,821.150,832.340
2025-08-13 04:00:00,832.340,840.660,831.120,833.050
2025-08-13 08:00:00,833.050,841.600,828.830,836.730
2025-08-13 12:00:00,836.740,855.440,833.310,847.310
2025-08-13 16:00:00,847.310,859.160,844.960,855.450
2025-08-13 20:00:00,855.450,860.000,839.360,842.280
2025-08-14 00:00:00,842.270,849.150,838.010,845.670
2025-08-14 04:00:00,845.660,850.450,839.050,848.300
2025-08-14 08:00:00,848.290,857.500,844.310,855.640
2025-08-14 12:00:00,855.650,867.490,850.310,858.280
2025-08-14 16:00:00,858.290,870.150,855.830,862.670
2025-08-14 20:00:00,862.670,866.000,821.000,847.370
2025-08-15 00:00:00,847.380,848.520,828.210,838.540
2025-08-15 04:00:00,838.530,843.450,825.180,840.800
2025-08-15 08:00:00,840.770,849.840,834.090,849.080
2025-08-15 12:00:00,849.080,853.990,845.700,848.590
2025-08-15 16:00:00,848.560,853.190,841.000,844.050
2025-08-15 20:00:00,844.040,847.790,815.800,818.900
2025-08-16 00:00:00,818.900,826.310,812.800,821.000
2025-08-16 04:00:00,820.990,832.280,819.400,828.000
2025-08-16 08:00:00,828.000,837.000,826.210,832.180
2025-08-16 12:00:00,832.170,837.410,830.490,835.860
2025-08-16 16:00:00,835.850,836.700,826.720,826.980
2025-08-16 20:00:00,826.990,835.960,825.400,832.130
2025-08-17 00:00:00,832.120,836.810,831.610,834.730
2025-08-17 04:00:00,834.740,839.700,833.740,838.970
2025-08-17 08:00:00,838.980,852.250,838.360,845.170
2025-08-17 12:00:00,845.180,856.480,845.170,854.610
2025-08-17 16:00:00,854.620,864.480,852.040,861.920
2025-08-17 20:00:00,861.930,862.600,855.660,860.440
2025-08-18 00:00:00,860.430,861.860,849.160,851.580
2025-08-18 04:00:00,851.580,859.490,850.920,855.960
2025-08-18 08:00:00,855.950,859.100,831.830,836.030
2025-08-18 12:00:00,836.030,840.040,825.190,830.450
2025-08-18 16:00:00,830.440,837.770,828.600,831.730
2025-08-18 20:00:00,831.720,842.670,830.850,842.120
2025-08-19 00:00:00,842.110,848.570,838.700,845.220
2025-08-19 04:00:00,845.220,856.530,842.970,847.560
2025-08-19 08:00:00,847.560,852.600,840.440,842.370
2025-08-19 12:00:00,842.370,850.440,835.670,838.750
2025-08-19 16:00:00,838.740,848.800,836.130,846.750
2025-08-19 20:00:00,846.760,848.300,830.000,832.590
2025-08-20 00:00:00,832.590,835.520,825.180,833.190
2025-08-20 04:00:00,833.190,837.610,823.250,824.440
2025-08-20 08:00:00,824.450,837.590,818.540,836.820
2025-08-20 12:00:00,836.830,837.870,832.730,834.710
2025-08-20 16:00:00,834.720,835.340,826.370,831.490
2025-08-20 20:00:00,831.490,838.280,819.060,833.530
2025-08-21 00:00:00,833.550,870.990,833.550,869.660
2025-08-21 04:00:00,869.650,882.000,867.140,869.710
2025-08-21 08:00:00,869.720,884.540,866.700,866.770
2025-08-21 12:00:00,866.770,867.190,858.160,862.940
2025-08-21 16:00:00,862.940,864.980,850.000,851.750
2025-08-21 20:00:00,851.750,856.850,841.520,842.460
2025-08-22 00:00:00,842.460,845.160,835.320,836.730
2025-08-22 04:00:00,836.730,843.260,833.720,839.780
2025-08-22 08:00:00,839.790,853.860,839.520,846.020
2025-08-22 12:00:00,846.030,854.940,846.020,851.490
2025-08-22 16:00:00,851.490,855.680,844.570,849.480
2025-08-22 20:00:00,849.480,882.810,843.070,876.990
2025-08-23 00:00:00,877.000,899.330,877.000,895.500
2025-08-23 04:00:00,895.500,901.760,893.400,901.000
2025-08-23 08:00:00,901.010,901.080,876.420,883.520
2025-08-23 12:00:00,883.510,893.830,883.110,888.020
2025-08-23 16:00:00,888.030,900.000,884.680,889.050
2025-08-23 20:00:00,889.050,894.720,886.010,889.170
2025-08-24 00:00:00,889.170,890.490,879.570,883.910
2025-08-24 04:00:00,883.900,884.450,876.980,880.860
2025-08-24 08:00:00,880.870,887.010,875.070,879.180
2025-08-24 12:00:00,879.170,882.910,870.790,870.870
2025-08-24 16:00:00,870.870,872.720,860.930,861.990
2025-08-24 20:00:00,861.990,872.720,860.250,867.730
2025-08-25 00:00:00,867.730,883.890,860.000,870.130
2025-08-25 04:00:00,870.130,880.720,860.680,876.900
2025-08-25 08:00:00,876.910,881.300,866.210,876.690
2025-08-25 12:00:00,876.700,880.000,855.820,858.930
2025-08-25 16:00:00,858.930,864.690,850.850,854.960
2025-08-25 20:00:00,854.910,872.000,854.180,863.790
2025-08-26 00:00:00,863.800,870.680,853.680,854.190
2025-08-26 04:00:00,854.190,857.960,832.580,839.630
2025-08-26 08:00:00,839.630,850.370,830.080,844.970
2025-08-26 12:00:00,844.970,848.200,839.630,843.030
2025-08-26 16:00:00,843.030,845.500,839.840,842.090
2025-08-26 20:00:00,842.100,854.400,839.390,850.050
2025-08-27 00:00:00,850.050,861.570,849.720,861.140
2025-08-27 04:00:00,861.140,868.330,860.230,864.160
2025-08-27 08:00:00,864.170,864.920,857.060,862.550
2025-08-27 12:00:00,862.560,867.240,856.750,857.790
2025-08-27 16:00:00,857.800,860.640,853.410,859.690
2025-08-27 20:00:00,859.690,866.490,856.410,865.200
2025-08-28 00:00:00,865.200,867.500,858.870,861.020
2025-08-28 04:00:00,861.030,866.450,854.610,855.740
2025-08-28 08:00:00,855.750,864.980,851.540,864.850
2025-08-28 12:00:00,864.840,873.520,863.510,869.800
2025-08-28 16:00:00,869.790,874.800,865.760,874.680
2025-08-28 20:00:00,874.680,879.720,867.200,870.230
2025-08-29 00:00:00,870.230,882.210,863.910,869.160
2025-08-29 04:00:00,869.200,877.630,868.290,873.920
2025-08-29 08:00:00,873.920,878.530,872.400,873.690
2025-08-29 12:00:00,873.690,874.230,856.210,857.570
2025-08-29 16:00:00,857.560,861.400,850.560,854.970
2025-08-29 20:00:00,854.970,865.990,852.550,858.610
2025-08-30 00:00:00,858.610,861.300,853.210,858.640
2025-08-30 04:00:00,858.650,864.550,853.600,862.840
2025-08-30 08:00:00,862.850,862.920,852.570,860.950
2025-08-30 12:00:00,860.950,862.440,857.550,861.010
2025-08-30 16:00:00,861.010,861.800,858.850,860.740
2025-08-30 20:00:00,860.740,860.740,851.800,859.490
2025-08-31 00:00:00,859.490,859.620,856.500,859.270
2025-08-31 04:00:00,859.270,864.600,857.370,862.600
2025-08-31 08:00:00,862.600,865.160,859.920,863.620
2025-08-31 12:00:00,863.610,863.720,858.280,859.010
2025-08-31 16:00:00,859.000,861.840,857.320,860.470
2025-08-31 20:00:00,860.470,862.590,859.480,862.340
2025-09-01 00:00:00,862.340,867.750,861.440,865.100
2025-09-01 04:00:00,865.100,868.270,857.550,858.080
2025-09-01 08:00:00,858.090,866.000,854.080,856.840
2025-09-01 12:00:00,856.840,867.890,849.360,865.940
2025-09-01 16:00:00,865.930,869.720,851.230,852.480
2025-09-01 20:00:00,852.480,855.410,844.320,847.520
2025-09-02 00:00:00,847.530,849.770,844.190,849.740
2025-09-02 04:00:00,849.740,849.820,840.010,846.190
2025-09-02 08:00:00,846.180,854.760,843.850,852.860
2025-09-02 12:00:00,852.870,856.160,851.170,855.370
2025-09-02 16:00:00,855.370,857.000,847.340,848.340
2025-09-02 20:00:00,848.340,853.000,841.200,847.250
2025-09-03 00:00:00,847.250,851.820,846.090,850.440
2025-09-03 04:00:00,850.440,854.600,849.880,852.220
2025-09-03 08:00:00,852.220,854.460,849.160,851.840
2025-09-03 12:00:00,851.830,855.000,849.680,854.880
2025-09-03 16:00:00,854.870,855.650,852.490,854.330
2025-09-03 20:00:00,854.340,864.430,852.240,860.630
2025-09-04 00:00:00,860.620,862.770,857.240,857.580
2025-09-04 04:00:00,857.580,857.810,852.830,855.210
2025-09-04 08:00:00,855.210,857.170,848.550,849.080
2025-09-04 12:00:00,849.080,849.970,844.560,847.950
2025-09-04 16:00:00,847.950,850.080,847.120,848.020
2025-09-04 20:00:00,848.020,849.980,843.040,844.570
2025-09-05 00:00:00,844.560,846.910,841.080,843.700
2025-09-05 04:00:00,843.700,850.000,843.250,843.800
2025-09-05 08:00:00,843.800,847.980,842.330,845.930
2025-09-05 12:00:00,845.940,851.350,843.580,850.720
2025-09-05 16:00:00,850.710,851.190,847.730,851.040
2025-09-05 20:00:00,851.040,857.990,845.110,849.070
2025-09-06 00:00:00,849.080,851.980,848.550,851.190
2025-09-06 04:00:00,851.190,852.670,848.700,850.280
2025-09-06 08:00:00,850.280,860.310,849.750,858.680
2025-09-06 12:00:00,858.680,860.580,856.390,859.780
2025-09-06 16:00:00,859.790,862.920,856.940,861.630
2025-09-06 20:00:00,861.620,865.770,859.300,860.010
2025-09-07 00:00:00,860.010,862.250,857.860,858.230
2025-09-07 04:00:00,858.220,863.780,857.000,861.470
2025-09-07 08:00:00,861.470,868.970,861.120,866.650
2025-09-07 12:00:00,866.640,868.500,865.040,868.180
2025-09-07 16:00:00,868.180,874.850,867.780,874.110
2025-09-07 20:00:00,874.110,875.990,870.010,875.120
2025-09-08 00:00:00,875.120,877.400,872.840,875.900
2025-09-08 04:00:00,875.910,884.970,873.690,880.670
2025-09-08 08:00:00,880.680,886.590,878.250,882.500
2025-09-08 12:00:00,882.510,882.920,871.390,874.540
2025-09-08 16:00:00,874.540,879.750,870.010,879.190
2025-09-08 20:00:00,879.180,883.440,877.560,880.580
2025-09-09 00:00:00,880.580,882.500,876.520,878.120
2025-09-09 04:00:00,878.130,882.970,877.600,878.550
2025-09-09 08:00:00,878.540,880.380,872.010,875.550
2025-09-09 12:00:00,875.550,884.920,874.510,881.750
2025-09-09 16:00:00,881.740,885.420,880.600,880.680
2025-09-09 20:00:00,880.690,882.730,871.720,873.720
2025-09-10 00:00:00,873.720,877.870,873.080,877.430
2025-09-10 04:00:00,877.440,884.000,874.830,880.300
2025-09-10 08:00:00,880.290,883.100,877.510,881.010
2025-09-10 12:00:00,881.020,886.380,879.150,884.030
2025-09-10 16:00:00,884.040,885.920,881.790,885.150
2025-09-10 20:00:00,885.140,908.100,884.760,896.040
2025-09-11 00:00:00,896.040,899.960,888.800,891.210
2025-09-11 04:00:00,891.200,895.770,888.570,894.140
2025-09-11 08:00:00,894.140,895.670,888.820,895.000
2025-09-11 12:00:00,895.010,899.080,892.880,896.920
2025-09-11 16:00:00,896.930,902.960,895.200,899.650
2025-09-11 20:00:00,899.660,905.450,884.040,893.570
2025-09-12 00:00:00,893.570,898.320,893.520,897.210
2025-09-12 04:00:00,897.220,903.960,895.670,903.130
2025-09-12 08:00:00,903.130,909.590,902.000,905.250
2025-09-12 12:00:00,905.250,910.300,903.600,903.930
2025-09-12 16:00:00,903.960,909.880,902.860,906.000
2025-09-12 20:00:00,906.000,910.850,904.510,907.440
2025-09-13 00:00:00,907.430,926.700,907.400,924.760
2025-09-13 04:00:00,924.750,930.600,922.650,925.500
2025-09-13 08:00:00,925.500,930.000,924.210,928.330
2025-09-13 12:00:00,928.330,928.550,924.610,925.650
2025-09-13 16:00:00,925.650,944.100,924.900,941.840
2025-09-13 20:00:00,941.840,944.500,932.200,937.170
2025-09-14 00:00:00,937.160,938.560,922.450,930.570
2025-09-14 04:00:00,930.580,934.610,929.020,934.210
2025-09-14 08:00:00,934.220,938.770,929.680,931.680
2025-09-14 12:00:00,931.680,945.980,928.180,938.200
2025-09-14 16:00:00,938.200,941.940,931.480,932.210
2025-09-14 20:00:00,932.200,937.160,923.150,924.870
2025-09-15 00:00:00,924.860,929.610,923.920,928.090
2025-09-15 04:00:00,928.080,934.780,925.560,926.820
2025-09-15 08:00:00,926.820,933.510,922.500,932.740
2025-09-15 12:00:00,932.750,936.130,922.730,923.840
2025-09-15 16:00:00,923.840,923.840,911.000,920.460
2025-09-15 20:00:00,920.450,923.590,912.800,916.950
2025-09-16 00:00:00,916.940,922.560,913.170,919.940
2025-09-16 04:00:00,919.950,922.940,918.660,920.120
2025-09-16 08:00:00,920.110,923.340,917.050,921.760
2025-09-16 12:00:00,921.760,932.990,917.220,931.460
2025-09-16 16:00:00,931.470,934.000,925.100,927.820
2025-09-16 20:00:00,927.830,938.520,922.180,938.000
2025-09-17 00:00:00,938.000,957.940,932.730,955.420
2025-09-17 04:00:00,955.420,960.030,954.320,956.260
2025-09-17 08:00:00,956.260,963.700,954.900,957.600
2025-09-17 12:00:00,957.600,959.830,947.350,955.400
2025-09-17 16:00:00,955.390,957.810,951.800,954.000
2025-09-17 20:00:00,954.000,955.010,947.970,951.780
2025-09-18 00:00:00,951.780,963.500,946.480,957.000
2025-09-18 04:00:00,956.970,996.600,952.590,990.810
2025-09-18 08:00:00,990.810,997.750,979.660,996.320
2025-09-18 12:00:00,996.310,1001.480,987.560,998.820
2025-09-18 16:00:00,998.810,1008.190,991.240,992.410
2025-09-18 20:00:00,992.420,999.500,991.450,994.020
2025-09-19 00:00:00,994.010,995.950,986.220,988.560
2025-09-19 04:00:00,988.560,989.700,980.010,981.780
2025-09-19 08:00:00,981.780,989.200,981.000,985.310
2025-09-19 12:00:00,985.300,998.000,982.430,995.170
2025-09-19 16:00:00,995.170,1004.000,985.450,986.430
2025-09-19 20:00:00,986.430,993.070,974.370,983.230
2025-09-20 00:00:00,983.230,985.260,975.270,978.780
2025-09-20 04:00:00,978.770,985.840,977.630,984.480
2025-09-20 08:00:00,984.480,993.590,983.200,991.990
2025-09-20 12:00:00,991.990,1002.580,991.090,999.860
2025-09-20 16:00:00,999.870,1006.190,994.000,1002.210
2025-09-20 20:00:00,1002.210,1028.450,998.920,1021.670
2025-09-21 00:00:00,1021.630,1029.810,1015.500,1019.530
2025-09-21 04:00:00,1019.530,1050.000,1018.760,1044.270
2025-09-21 08:00:00,1044.280,1084.280,1039.750,1069.990
2025-09-21 12:00:00,1069.990,1082.000,1059.200,1074.570
2025-09-21 16:00:00,1074.570,1075.910,1051.000,1051.640
2025-09-21 20:00:00,1051.650,1058.270,1044.150,1056.730
2025-09-22 00:00:00,1056.730,1058.400,1040.020,1048.200
2025-09-22 04:00:00,1048.200,1054.620,1041.670,1048.250
2025-09-22 08:00:00,1048.250,1051.060,1025.030,1030.580
2025-09-22 12:00:00,1030.570,1038.810,993.000,1024.430
2025-09-22 16:00:00,1024.420,1036.750,1012.990,1019.050
2025-09-22 20:00:00,1019.050,1028.600,994.860,998.330
2025-09-23 00:00:00,998.340,999.170,976.880,981.590
2025-09-23 04:00:00,981.550,994.980,979.290,993.510
2025-09-23 08:00:00,993.510,998.000,963.120,983.110
2025-09-23 12:00:00,983.100,1006.580,976.990,1002.160
2025-09-23 16:00:00,1002.160,1014.570,997.070,1011.080
2025-09-23 20:00:00,1011.070,1027.000,1009.450,1023.100
2025-09-24 00:00:00,1023.110,1028.140,1006.950,1009.820
2025-09-24 04:00:00,1009.800,1021.680,1008.840,1016.870
2025-09-24 08:00:00,1016.860,1027.380,1002.540,1002.960
2025-09-24 12:00:00,1002.960,1019.530,991.180,1018.400
2025-09-24 16:00:00,1018.400,1034.960,1013.100,1016.630
2025-09-24 20:00:00,1016.630,1021.850,1008.000,1009.860
2025-09-25 00:00:00,1009.860,1019.990,1008.260,1016.200
2025-09-25 04:00:00,1016.200,1020.000,1012.540,1018.810
2025-09-25 08:00:00,1018.810,1020.330,996.000,1000.120
2025-09-25 12:00:00,1000.110,1001.000,986.000,992.400
2025-09-25 16:00:00,992.400,996.870,981.570,986.560
2025-09-25 20:00:00,986.550,1001.090,980.000,995.750
2025-09-26 00:00:00,995.750,997.800,950.840,959.340
2025-09-26 04:00:00,959.350,961.670,940.000,946.490
2025-09-26 08:00:00,946.490,960.000,941.380,946.120
2025-09-26 12:00:00,946.110,950.530,936.600,949.990
2025-09-26 16:00:00,950.000,951.400,932.670,937.830
2025-09-26 20:00:00,937.820,952.400,932.800,942.680
2025-09-27 00:00:00,942.690,966.660,941.710,955.010
2025-09-27 04:00:00,955.020,961.280,951.760,961.280
2025-09-27 08:00:00,961.270,967.870,955.820,966.820
2025-09-27 12:00:00,966.820,974.240,965.050,972.560
2025-09-27 16:00:00,972.560,975.700,965.550,970.750
2025-09-27 20:00:00,970.760,986.550,968.880,976.750
2025-09-28 00:00:00,976.750,977.550,965.010,969.990
2025-09-28 04:00:00,969.990,978.140,967.590,968.710
2025-09-28 08:00:00,968.710,975.310,965.620,974.470
2025-09-28 12:00:00,974.460,975.640,968.730,969.860
2025-09-28 16:00:00,969.860,973.510,963.060,973.420
2025-09-28 20:00:00,973.420,979.720,966.440,976.430
2025-09-29 00:00:00,976.440,981.040,975.530,978.300
2025-09-29 04:00:00,978.300,993.580,977.800,993.090
2025-09-29 08:00:00,993.100,1012.000,991.410,1010.960
2025-09-29 12:00:00,1010.960,1014.550,1006.110,1010.490
2025-09-29 16:00:00,1010.500,1013.570,1002.820,1005.640
2025-09-29 20:00:00,1005.640,1023.670,1000.290,1011.150
2025-09-30 00:00:00,1011.160,1021.870,1004.000,1020.560
2025-09-30 04:00:00,1020.570,1036.780,1019.360,1030.430
2025-09-30 08:00:00,1030.430,1034.500,1022.000,1023.960
2025-09-30 12:00:00,1023.970,1028.640,1017.230,1020.630
2025-09-30 16:00:00,1020.630,1022.090,1007.160,1015.070
2025-09-30 20:00:00,1015.070,1015.360,993.200,998.710
2025-10-01 00:00:00,998.700,1009.890,996.930,1007.550
2025-10-01 04:00:00,1007.550,1010.810,1001.470,1008.770
2025-10-01 08:00:00,1008.770,1016.180,1003.440,1005.090
2025-10-01 12:00:00,1005.100,1013.650,1004.820,1010.230
2025-10-01 16:00:00,1010.220,1036.560,1009.680,1023.430
2025-10-01 20:00:00,1023.420,1028.820,1016.290,1019.350
2025-10-02 00:00:00,1019.360,1025.620,1018.020,1019.970
2025-10-02 04:00:00,1019.970,1026.940,1017.610,1026.850
2025-10-02 08:00:00,1026.850,1038.190,1023.080,1031.250
2025-10-02 12:00:00,1031.250,1041.920,1027.530,1036.430
2025-10-02 16:00:00,1036.440,1050.260,1033.760,1047.960
2025-10-02 20:00:00,1047.970,1064.290,1042.000,1056.120
2025-10-03 00:00:00,1056.120,1077.740,1055.880,1074.620
2025-10-03 04:00:00,1074.630,1100.340,1073.790,1090.910
2025-10-03 08:00:00,1090.910,1113.360,1084.780,1108.640
2025-10-03 12:00:00,1108.630,1113.470,1085.310,1087.010
2025-10-03 16:00:00,1087.010,1115.610,1084.500,1107.050
2025-10-03 20:00:00,1107.060,1169.280,1103.050,1165.840
2025-10-04 00:00:00,1165.970,1180.000,1093.780,1171.340
2025-10-04 04:00:00,1171.340,1193.390,1165.520,1190.390
2025-10-04 08:00:00,1190.390,1191.110,1164.490,1170.980
2025-10-04 12:00:00,1170.980,1183.450,1166.000,1167.410
2025-10-04 16:00:00,1167.410,1169.760,1145.680,1152.420
2025-10-04 20:00:00,1152.420,1154.780,1140.500,1145.350
2025-10-05 00:00:00,1145.370,1159.470,1138.000,1147.690
2025-10-05 04:00:00,1147.700,1157.360,1145.320,1151.460
2025-10-05 08:00:00,1151.450,1169.950,1144.000,1163.630
2025-10-05 12:00:00,1163.630,1189.900,1163.510,1178.350
2025-10-05 16:00:00,1178.350,1180.630,1154.300,1168.140
2025-10-05 20:00:00,1168.140,1171.770,1157.110,1158.990
2025-10-06 00:00:00,1159.000,1170.500,1148.680,1150.510
2025-10-06 04:00:00,1150.500,1167.990,1148.340,1167.980
2025-10-06 08:00:00,1167.990,1184.860,1162.270,1183.140
2025-10-06 12:00:00,1183.130,1225.000,1179.120,1199.080
2025-10-06 16:00:00,1199.080,1223.800,1199.000,1223.180
2025-10-06 20:00:00,1223.190,1240.260,1210.240,1222.100
2025-10-07 00:00:00,1222.100,1228.560,1214.290,1225.860
2025-10-07 04:00:00,1225.850,1231.400,1218.490,1223.970
2025-10-07 08:00:00,1223.950,1230.580,1203.330,1223.800
2025-10-07 12:00:00,1223.800,1265.000,1220.830,1250.540
2025-10-07 16:00:00,1250.540,1318.600,1231.360,1314.020
2025-10-07 20:00:00,1314.010,1362.910,1261.450,1281.570
2025-10-08 00:00:00,1281.570,1303.060,1266.380,1297.770
2025-10-08 04:00:00,1297.780,1328.900,1296.360,1305.330
2025-10-08 08:00:00,1305.320,1335.320,1271.390,1276.290
2025-10-08 12:00:00,1276.290,1314.040,1264.280,1312.290
2025-10-08 16:00:00,1312.280,1327.950,1302.010,1313.500
2025-10-08 20:00:00,1313.510,1321.000,1280.000,1293.470
2025-10-09 00:00:00,1293.480,1323.330,1288.610,1316.000
2025-10-09 04:00:00,1316.000,1325.200,1294.570,1306.840
2025-10-09 08:00:00,1306.840,1317.490,1254.030,1279.140
2025-10-09 12:00:00,1279.140,1319.990,1272.000,1308.860
2025-10-09 16:00:00,1308.850,1309.510,1268.000,1281.670
2025-10-09 20:00:00,1281.670,1291.680,1228.150,1240.650
2025-10-10 00:00:00,1240.650,1248.270,1225.550,1242.360
2025-10-10 04:00:00,1242.400,1261.490,1240.620,1256.160
2025-10-10 08:00:00,1256.160,1270.000,1245.000,1260.320
2025-10-10 12:00:00,1260.320,1279.140,1258.610,1264.220
2025-10-10 16:00:00,1264.230,1274.360,1246.120,1271.200
2025-10-10 20:00:00,1271.190,1274.830,1205.960,1216.500
2025-10-11 00:00:00,1216.490,1248.240,1211.000,1236.670
2025-10-11 04:00:00,1236.530,1244.320,823.600,1102.850
2025-10-11 08:00:00,1102.990,1143.870,1075.010,1127.820
2025-10-11 12:00:00,1127.800,1140.250,1085.000,1094.940
2025-10-11 16:00:00,1094.890,1140.940,1090.750,1130.390
2025-10-11 20:00:00,1130.390,1159.200,1109.860,1143.330
2025-10-12 00:00:00,1143.320,1183.130,1135.000,1140.910
2025-10-12 04:00:00,1140.900,1147.250,1106.020,1134.930
2025-10-12 08:00:00,1134.950,1137.640,1107.100,1121.010
2025-10-12 12:00:00,1121.080,1168.250,1117.110,1160.540
2025-10-12 16:00:00,1160.460,1229.700,1154.060,1228.820
2025-10-12 20:00:00,1228.820,1307.510,1219.660,1301.480
2025-10-13 00:00:00,1301.470,1312.870,1274.300,1296.570
2025-10-13 04:00:00,1296.570,1320.970,1275.610,1302.920
2025-10-13 08:00:00,1302.920,1323.000,1290.890,1295.990
2025-10-13 12:00:00,1295.990,1354.000,1282.320,1342.390
2025-10-13 16:00:00,1342.390,1374.610,1266.000,1294.620
2025-10-13 20:00:00,1294.630,1304.880,1250.010,1273.240
2025-10-14 00:00:00,1273.240,1288.000,1260.400,1270.860
2025-10-14 04:00:00,1270.880,1298.170,1270.500,1293.710
2025-10-14 08:00:00,1293.700,1317.020,1270.760,1277.770
2025-10-14 12:00:00,1277.780,1279.920,1179.570,1194.740
2025-10-14 16:00:00,1194.740,1212.070,1163.610,1170.430
2025-10-14 20:00:00,1170.420,1214.000,1142.790,1211.780
2025-10-15 00:00:00,1211.780,1248.810,1190.270,1205.690
2025-10-15 04:00:00,1205.640,1221.690,1202.430,1208.030
2025-10-15 08:00:00,1208.030,1223.090,1199.100,1206.210
2025-10-15 12:00:00,1206.210,1216.380,1176.270,1189.680
2025-10-15 16:00:00,1189.670,1215.270,1176.190,1184.700
2025-10-15 20:00:00,1184.700,1191.280,1164.110,1168.490
2025-10-16 00:00:00,1168.500,1188.000,1156.000,1164.370
2025-10-16 04:00:00,1164.370,1170.720,1148.530,1163.090
2025-10-16 08:00:00,1163.090,1195.590,1158.890,1183.980
2025-10-16 12:00:00,1183.980,1192.460,1173.540,1183.560
2025-10-16 16:00:00,1183.560,1194.280,1169.000,1181.390
2025-10-16 20:00:00,1181.400,1190.780,1131.400,1134.970
2025-10-17 00:00:00,1134.970,1157.290,1121.820,1145.520
2025-10-17 04:00:00,1145.540,1164.960,1140.910,1144.650
2025-10-17 08:00:00,1144.650,1156.690,1137.040,1150.560
2025-10-17 12:00:00,1150.560,1154.240,1059.370,1062.760
2025-10-17 16:00:00,1062.770,1079.100,1021.000,1071.210
2025-10-17 20:00:00,1071.220,1076.340,1046.610,1073.800
2025-10-18 00:00:00,1073.760,1092.850,1062.500,1066.380
2025-10-18 04:00:00,1066.390,1090.180,1063.920,1070.300
2025-10-18 08:00:00,1070.300,1094.210,1068.430,1089.470
2025-10-18 12:00:00,1089.460,1130.980,1079.010,1118.030
2025-10-18 16:00:00,1118.020,1124.320,1095.010,1102.760
2025-10-18 20:00:00,1102.760,1104.880,1082.170,1090.700
2025-10-19 00:00:00,1090.710,1103.160,1080.800,1102.350
2025-10-19 04:00:00,1102.340,1104.790,1083.700,1092.000
2025-10-19 08:00:00,1092.000,1093.800,1075.610,1091.270
2025-10-19 12:00:00,1091.270,1096.930,1081.670,1083.920
2025-10-19 16:00:00,1083.920,1109.650,1067.700,1099.880
2025-10-19 20:00:00,1099.880,1121.980,1091.450,1117.950
2025-10-20 00:00:00,1117.960,1133.000,1114.340,1116.190
2025-10-20 04:00:00,1116.190,1121.280,1106.700,1109.080
2025-10-20 08:00:00,1109.070,1130.420,1086.870,1127.940
2025-10-20 12:00:00,1127.940,1142.740,1120.110,1124.130
2025-10-20 16:00:00,1124.130,1129.200,1109.500,1114.510
2025-10-20 20:00:00,1114.500,1116.570,1098.320,1109.880
2025-10-21 00:00:00,1109.880,1110.020,1087.000,1100.300
2025-10-21 04:00:00,1100.300,1104.190,1091.850,1099.720
2025-10-21 08:00:00,1099.730,1101.760,1077.170,1081.320
2025-10-21 12:00:00,1081.320,1081.700,1061.350,1071.970
2025-10-21 16:00:00,1071.980,1079.710,1065.380,1076.400
2025-10-21 20:00:00,1076.400,1114.650,1068.300,1111.910
2025-10-22 00:00:00,1111.900,1113.300,1080.550,1089.770
2025-10-22 04:00:00,1089.770,1091.110,1051.010,1056.560
2025-10-22 08:00:00,1056.560,1070.340,1052.770,1067.220
2025-10-22 12:00:00,1067.220,1074.040,1060.440,1070.740
2025-10-22 16:00:00,1070.740,1073.830,1057.460,1068.690
2025-10-22 20:00:00,1068.700,1083.640,1064.510,1080.490
2025-10-23 00:00:00,1080.500,1081.730,1062.510,1069.320
2025-10-23 04:00:00,1069.330,1073.520,1052.030,1071.370
2025-10-23 08:00:00,1071.380,1091.540,1071.340,1086.720
2025-10-23 12:00:00,1086.730,1110.500,1082.720,1108.800
2025-10-23 16:00:00,1108.790,1122.000,1092.560,1094.270
2025-10-23 20:00:00,1094.270,1159.840,1076.370,1130.000
2025-10-24 00:00:00,1130.000,1139.940,1104.410,1116.780
2025-10-24 04:00:00,1116.770,1128.850,1110.000,1125.610
2025-10-24 08:00:00,1125.610,1139.510,1125.360,1134.780
2025-10-24 12:00:00,1134.780,1143.920,1122.000,1124.880
2025-10-24 16:00:00,1124.870,1134.720,1119.460,1124.770
2025-10-24 20:00:00,1124.760,1137.530,1101.930,1103.580
2025-10-25 00:00:00,1103.580,1113.610,1096.320,1108.970
2025-10-25 04:00:00,1108.970,1112.910,1106.050,1108.160
2025-10-25 08:00:00,1108.160,1117.650,1100.000,1116.370
2025-10-25 12:00:00,1116.370,1118.420,1110.000,1111.920
2025-10-25 16:00:00,1111.920,1117.690,1108.930,1114.920
2025-10-25 20:00:00,1114.910,1117.500,1105.010,1108.140
2025-10-26 00:00:00,1108.140,1116.830,1107.040,1115.910
2025-10-26 04:00:00,1115.940,1120.900,1112.300,1116.350
2025-10-26 08:00:00,1116.350,1124.220,1114.230,1116.590
2025-10-26 12:00:00,1116.590,1122.220,1115.480,1120.170
2025-10-26 16:00:00,1120.170,1135.800,1120.000,1134.790
2025-10-26 20:00:00,1134.790,1138.740,1126.330,1132.890
2025-10-27 00:00:00,1132.890,1133.420,1122.620,1126.370
2025-10-27 04:00:00,1126.360,1142.990,1122.350,1137.870
2025-10-27 08:00:00,1137.870,1163.610,1136.810,1151.060
2025-10-27 12:00:00,1151.070,1161.700,1140.000,1157.010
2025-10-27 16:00:00,1157.010,1180.230,1147.200,1180.040
2025-10-27 20:00:00,1180.050,1182.760,1129.000,1143.000
2025-10-28 00:00:00,1143.000,1153.000,1141.280,1144.750
2025-10-28 04:00:00,1144.750,1147.090,1132.010,1138.380
2025-10-28 08:00:00,1138.370,1147.330,1130.400,1137.940
2025-10-28 12:00:00,1137.930,1143.240,1120.100,1131.620
2025-10-28 16:00:00,1131.630,1138.440,1129.030,1131.630
2025-10-28 20:00:00,1131.620,1147.170,1126.490,1135.200
2025-10-29 00:00:00,1135.210,1148.900,1125.590,1128.220
2025-10-29 04:00:00,1128.230,1128.770,1070.950,1102.350
2025-10-29 08:00:00,1102.340,1108.130,1098.050,1103.820
2025-10-29 12:00:00,1103.810,1120.240,1103.000,1115.710
2025-10-29 16:00:00,1115.720,1119.500,1110.450,1113.660
2025-10-29 20:00:00,1113.670,1118.540,1096.200,1099.360
2025-10-30 00:00:00,1099.360,1114.130,1081.820,1107.280
2025-10-30 04:00:00,1107.300,1119.570,1103.190,1107.700
2025-10-30 08:00:00,1107.690,1119.610,1104.620,1117.920
2025-10-30 12:00:00,1117.920,1118.460,1088.540,1117.980
2025-10-30 16:00:00,1117.980,1129.870,1107.080,1111.400
2025-10-30 20:00:00,1111.390,1113.990,1073.820,1076.360
2025-10-31 00:00:00,1076.350,1083.500,1058.000,1061.000
2025-10-31 04:00:00,1060.990,1078.740,1040.370,1078.150
2025-10-31 08:00:00,1078.150,1087.950,1074.190,1085.390
2025-10-31 12:00:00,1085.400,1103.460,1084.510,1097.970
2025-10-31 16:00:00,1097.970,1104.340,1077.630,1088.430
2025-10-31 20:00:00,1088.420,1093.100,1077.080,1084.050
2025-11-01 00:00:00,1084.040,1091.380,1071.100,1089.350
2025-11-01 04:00:00,1089.340,1090.000,1083.200,1088.130
2025-11-01 08:00:00,1088.120,1093.530,1081.460,1089.360
2025-11-01 12:00:00,1089.360,1090.920,1084.000,1086.030
2025-11-01 16:00:00,1086.020,1088.880,1085.100,1088.480
2025-11-01 20:00:00,1088.480,1094.840,1081.100,1091.910
2025-11-02 00:00:00,1091.910,1096.000,1089.500,1094.240
2025-11-02 04:00:00,1094.230,1096.750,1089.620,1094.220
2025-11-02 08:00:00,1094.230,1094.590,1087.480,1089.220
2025-11-02 12:00:00,1089.220,1094.640,1087.420,1093.010
2025-11-02 16:00:00,1093.010,1094.000,1079.500,1087.490
2025-11-02 20:00:00,1087.500,1087.670,1078.000,1080.110
2025-11-03 00:00:00,1080.110,1080.170,1071.200,1078.350
2025-11-03 04:00:00,1078.340,1085.750,1076.120,1082.980
2025-11-03 08:00:00,1082.980,1087.290,1040.130,1043.100
2025-11-03 12:00:00,1043.100,1048.680,1023.600,1029.020
2025-11-03 16:00:00,1029.020,1031.600,1007.580,1015.960
2025-11-03 20:00:00,1015.970,1024.710,951.000,979.820
2025-11-04 00:00:00,979.830,1010.000,976.180,995.830
2025-11-04 04:00:00,995.840,997.310,980.560,993.150
2025-11-04 08:00:00,993.150,1000.700,981.810,998.810
2025-11-04 12:00:00,998.820,1001.920,940.210,945.080
2025-11-04 16:00:00,945.070,963.610,940.010,958.240
2025-11-04 20:00:00,958.240,967.810,934.940,950.240
2025-11-05 00:00:00,950.230,953.670,908.440,920.160
2025-11-05 04:00:00,920.150,942.290,878.960,937.160
2025-11-05 08:00:00,937.170,955.790,900.600,949.450
2025-11-05 12:00:00,949.460,957.500,941.110,953.860
2025-11-05 16:00:00,953.860,954.060,936.820,945.440
2025-11-05 20:00:00,945.430,965.310,944.200,965.230
2025-11-06 00:00:00,965.240,967.380,956.660,958.880
2025-11-06 04:00:00,958.870,963.980,951.030,958.810
2025-11-06 08:00:00,958.810,963.730,943.500,962.850
2025-11-06 12:00:00,962.850,965.000,946.310,951.400
2025-11-06 16:00:00,951.390,958.720,948.260,955.220
2025-11-06 20:00:00,955.220,955.520,927.350,933.850
2025-11-07 00:00:00,933.880,955.690,925.290,948.380
2025-11-07 04:00:00,948.390,954.920,944.200,950.750
2025-11-07 08:00:00,950.750,977.000,945.140,967.470
2025-11-07 12:00:00,967.460,972.250,958.100,970.620
2025-11-07 16:00:00,970.620,971.290,936.950,943.010
2025-11-07 20:00:00,943.010,951.000,925.820,945.080
2025-11-08 00:00:00,945.090,986.000,940.110,982.230
2025-11-08 04:00:00,982.220,996.000,974.710,991.210
2025-11-08 08:00:00,991.220,1007.490,980.240,996.360
2025-11-08 12:00:00,996.360,1002.040,985.100,995.490
2025-11-08 16:00:00,995.480,1003.390,986.590,989.280
2025-11-08 20:00:00,989.280,998.360,982.870,990.780
2025-11-09 00:00:00,990.770,1005.990,984.740,996.060
2025-11-09 04:00:00,996.050,999.660,989.230,990.500
2025-11-09 08:00:00,990.500,993.650,975.230,980.740
2025-11-09 12:00:00,980.730,993.270,980.360,989.400
2025-11-09 16:00:00,989.400,995.650,981.810,990.160
2025-11-09 20:00:00,990.160,998.250,975.260,993.750
2025-11-10 00:00:00,993.760,1004.970,990.370,1004.520
2025-11-10 04:00:00,1004.520,1006.990,990.010,996.120
2025-11-10 08:00:00,996.110,1019.150,990.780,1012.530
2025-11-10 12:00:00,1012.540,1014.040,1003.000,1005.380
2025-11-10 16:00:00,1005.380,1005.680,994.690,998.640
2025-11-10 20:00:00,998.640,1003.530,975.500,979.170
2025-11-11 00:00:00,979.170,988.850,975.010,987.100
2025-11-11 04:00:00,987.100,995.860,982.570,991.550
2025-11-11 08:00:00,991.550,1008.840,986.200,1000.920
2025-11-11 12:00:00,1000.920,1003.660,971.000,973.720
2025-11-11 16:00:00,973.710,982.780,972.380,979.980
2025-11-11 20:00:00,979.980,984.650,970.890,975.620
2025-11-12 00:00:00,975.610,977.600,960.500,961.130
2025-11-12 04:00:00,961.130,965.590,955.720,957.890
2025-11-12 08:00:00,957.880,965.570,955.000,960.980
2025-11-12 12:00:00,960.990,962.420,951.160,952.770
2025-11-12 16:00:00,952.770,975.000,952.770,971.120
2025-11-12 20:00:00,971.130,978.790,945.550,948.860
2025-11-13 00:00:00,948.860,954.520,937.200,948.110
2025-11-13 04:00:00,948.110,957.420,946.180,952.510
2025-11-13 08:00:00,952.510,963.680,945.620,959.050
2025-11-13 12:00:00,959.050,970.880,956.760,964.660
2025-11-13 16:00:00,964.660,967.950,959.610,966.980
2025-11-13 20:00:00,966.980,968.090,952.250,957.360
2025-11-14 00:00:00,957.350,959.440,911.020,913.740
2025-11-14 04:00:00,913.750,932.420,906.140,926.670
2025-11-14 08:00:00,926.680,933.300,918.480,923.680
2025-11-14 12:00:00,923.690,926.960,898.000,922.980
2025-11-14 16:00:00,922.950,923.080,904.900,909.510
2025-11-14 20:00:00,909.510,931.970,888.070,926.120
2025-11-15 00:00:00,926.160,933.990,919.030,932.270
2025-11-15 04:00:00,932.280,934.000,908.250,915.690
2025-11-15 08:00:00,915.700,936.640,915.420,932.360
2025-11-15 12:00:00,932.360,937.680,927.550,936.810
2025-11-15 16:00:00,936.820,939.600,929.180,931.000
2025-11-15 20:00:00,931.000,938.560,929.330,936.830
2025-11-16 00:00:00,936.830,945.740,931.200,941.830
2025-11-16 04:00:00,941.820,942.040,926.140,932.790
2025-11-16 08:00:00,932.800,942.100,921.800,941.570
2025-11-16 12:00:00,941.560,948.980,938.180,943.930
2025-11-16 16:00:00,943.940,950.580,930.510,932.130
2025-11-16 20:00:00,932.130,939.620,922.050,923.730
2025-11-17 00:00:00,923.740,930.610,908.570,920.190
2025-11-17 04:00:00,920.190,932.230,910.050,927.150
2025-11-17 08:00:00,927.150,940.540,920.200,935.200
2025-11-17 12:00:00,935.190,938.440,930.710,935.890
2025-11-17 16:00:00,935.890,939.480,931.600,933.880
2025-11-17 20:00:00,933.880,935.180,901.090,911.920
2025-11-18 00:00:00,911.920,922.550,893.020,897.360
2025-11-18 04:00:00,897.370,911.400,891.200,907.320
2025-11-18 08:00:00,907.320,919.300,884.070,903.680
2025-11-18 12:00:00,903.700,914.290,893.220,910.970
2025-11-18 16:00:00,910.960,926.370,910.500,916.100
2025-11-18 20:00:00,916.110,928.200,911.060,926.840
2025-11-19 00:00:00,926.840,939.870,924.750,936.430
2025-11-19 04:00:00,936.430,937.860,929.010,933.350
2025-11-19 08:00:00,933.350,941.850,925.310,932.830
2025-11-19 12:00:00,932.830,933.560,913.450,931.620
2025-11-19 16:00:00,931.620,934.870,919.620,922.070
2025-11-19 20:00:00,922.070,926.000,892.960,894.960
2025-11-20 00:00:00,894.970,899.940,872.030,878.680
2025-11-20 04:00:00,878.690,901.280,876.080,897.660
2025-11-20 08:00:00,897.650,916.000,893.650,910.560
2025-11-20 12:00:00,910.550,915.340,900.090,908.430
2025-11-20 16:00:00,908.430,909.550,897.300,902.940
2025-11-20 20:00:00,902.930,910.380,889.080,890.590
2025-11-21 00:00:00,890.690,891.320,868.500,880.760
2025-11-21 04:00:00,880.760,884.270,865.780,866.910
2025-11-21 08:00:00,866.910,878.060,856.260,863.910
2025-11-21 12:00:00,863.900,867.750,800.000,832.290
2025-11-21 16:00:00,832.300,840.740,805.770,809.720
2025-11-21 20:00:00,809.720,832.080,790.920,814.200
2025-11-22 00:00:00,814.200,837.000,808.350,826.130
2025-11-22 04:00:00,826.120,837.000,814.370,831.160
2025-11-22 08:00:00,831.160,843.420,830.660,837.040
2025-11-22 12:00:00,837.030,838.120,820.130,832.360
2025-11-22 16:00:00,832.360,833.650,814.170,826.160
2025-11-22 20:00:00,826.150,829.500,815.680,823.740
2025-11-23 00:00:00,823.730,834.990,823.240,833.470
2025-11-23 04:00:00,833.480,842.620,826.430,834.280
2025-11-23 08:00:00,834.290,850.590,833.720,847.330
2025-11-23 12:00:00,847.330,855.000,837.200,841.660
2025-11-23 16:00:00,841.670,847.380,839.080,842.990
2025-11-23 20:00:00,842.990,852.450,842.740,850.480
2025-11-24 00:00:00,850.470,853.700,843.660,850.250
2025-11-24 04:00:00,850.240,855.850,842.690,844.050
2025-11-24 08:00:00,844.050,853.710,836.460,850.050
2025-11-24 12:00:00,850.060,859.370,839.040,854.470
2025-11-24 16:00:00,854.470,857.270,841.030,843.120
2025-11-24 20:00:00,843.120,848.990,830.000,844.880
2025-11-25 00:00:00,844.880,871.950,844.600,869.350
2025-11-25 04:00:00,869.350,877.000,863.800,865.260
2025-11-25 08:00:00,865.250,867.580,857.010,861.210
2025-11-25 12:00:00,861.220,865.400,856.020,856.420
2025-11-25 16:00:00,856.410,860.170,847.000,850.910
2025-11-25 20:00:00,850.910,856.190,837.500,846.390
2025-11-26 00:00:00,846.390,862.200,845.510,855.530
2025-11-26 04:00:00,855.520,868.100,851.370,863.110
2025-11-26 08:00:00,863.100,870.340,859.330,860.560
2025-11-26 12:00:00,860.560,863.500,857.790,860.960
2025-11-26 16:00:00,860.960,861.410,853.000,858.150
2025-11-26 20:00:00,858.140,869.070,852.120,865.640
2025-11-27 00:00:00,865.630,897.850,865.490,897.200
2025-11-27 04:00:00,897.190,897.780,889.570,892.080
2025-11-27 08:00:00,892.070,905.120,889.810,895.950
2025-11-27 12:00:00,895.950,899.500,891.050,894.070
2025-11-27 16:00:00,894.060,896.240,890.040,892.780
2025-11-27 20:00:00,892.770,894.680,884.210,893.550
2025-11-28 00:00:00,893.560,899.120,890.500,896.850
2025-11-28 04:00:00,896.850,899.030,891.430,896.120
2025-11-28 08:00:00,896.100,900.410,889.580,893.090
2025-11-28 12:00:00,893.100,898.600,882.000,882.790
2025-11-28 16:00:00,882.780,898.990,882.780,892.190
2025-11-28 20:00:00,892.180,906.990,887.060,902.270
2025-11-29 00:00:00,902.280,902.460,876.160,886.370
2025-11-29 04:00:00,886.360,890.690,883.160,887.540
2025-11-29 08:00:00,887.550,889.410,883.680,884.430
2025-11-29 12:00:00,884.440,885.180,876.340,879.470
2025-11-29 16:00:00,879.480,882.750,877.910,878.910
2025-11-29 20:00:00,878.910,882.160,875.280,881.250
2025-11-30 00:00:00,881.250,882.130,868.550,873.420
2025-11-30 04:00:00,873.430,876.120,870.900,873.260
2025-11-30 08:00:00,873.270,879.140,869.650,875.930
2025-11-30 12:00:00,875.940,877.180,870.510,875.010
2025-11-30 16:00:00,875.000,879.940,874.570,877.010
2025-11-30 20:00:00,877.020,898.430,876.090,894.370
2025-12-01 00:00:00,894.360,900.350,893.210,895.350
2025-12-01 04:00:00,895.360,897.450,874.160,875.210
2025-12-01 08:00:00,875.210,877.230,827.080,829.160
2025-12-01 12:00:00,829.150,832.780,820.660,832.100
2025-12-01 16:00:00,832.100,833.000,822.910,824.480
2025-12-01 20:00:00,824.490,826.010,801.400,811.880
2025-12-02 00:00:00,811.900,818.830,808.460,814.720
2025-12-02 04:00:00,814.720,832.470,814.560,826.470
2025-12-02 08:00:00,826.460,833.950,820.200,828.120
2025-12-02 12:00:00,828.110,832.860,827.750,830.570
2025-12-02 16:00:00,830.560,845.200,824.980,843.200
2025-12-02 20:00:00,843.210,875.000,839.360,871.190
2025-12-03 00:00:00,871.200,885.500,865.690,882.880
2025-12-03 04:00:00,882.880,883.210,873.090,877.180
2025-12-03 08:00:00,877.180,889.920,874.000,888.120
2025-12-03 12:00:00,888.110,911.390,887.670,897.190
2025-12-03 16:00:00,897.180,902.110,894.130,899.440
2025-12-03 20:00:00,899.440,906.700,888.420,897.720
2025-12-04 00:00:00,897.720,908.740,893.380,907.640
2025-12-04 04:00:00,907.630,923.120,905.520,921.190
2025-12-04 08:00:00,921.190,928.880,915.410,917.270
2025-12-04 12:00:00,917.260,919.700,907.050,911.260
2025-12-04 16:00:00,911.270,913.590,907.500,909.370
2025-12-04 20:00:00,909.370,916.700,902.320,911.430
2025-12-05 00:00:00,911.430,912.930,887.060,899.040
2025-12-05 04:00:00,899.040,904.760,896.440,900.480
2025-12-05 08:00:00,900.470,907.620,899.860,902.320
2025-12-05 12:00:00,902.320,908.680,899.000,902.330
2025-12-05 16:00:00,902.330,902.940,890.010,894.580
2025-12-05 20:00:00,894.580,900.970,885.190,889.300
2025-12-06 00:00:00,889.300,890.030,870.520,884.180
2025-12-06 04:00:00,884.180,885.750,878.780,883.970
2025-12-06 08:00:00,883.980,888.730,881.590,887.910
2025-12-06 12:00:00,887.910,888.470,882.200,885.050
2025-12-06 16:00:00,885.050,885.480,878.220,883.840
2025-12-06 20:00:00,883.840,897.680,883.430,890.590
2025-12-07 00:00:00,890.600,898.280,888.190,889.670
2025-12-07 04:00:00,889.670,896.120,889.520,890.620
2025-12-07 08:00:00,890.610,898.430,890.150,898.240
2025-12-07 12:00:00,898.240,898.350,891.280,891.770
2025-12-07 16:00:00,891.770,893.700,887.130,888.260
2025-12-07 20:00:00,888.260,894.350,870.560,890.710
2025-12-08 00:00:00,890.720,906.380,887.090,904.380
2025-12-08 04:00:00,904.370,905.750,881.290,894.800
2025-12-08 08:00:00,894.810,910.500,891.660,902.640
2025-12-08 12:00:00,902.640,906.440,900.950,903.560
2025-12-08 16:00:00,903.560,913.250,903.050,906.480
2025-12-08 20:00:00,906.480,913.790,896.670,897.130
2025-12-09 00:00:00,897.120,901.220,889.130,895.130
2025-12-09 04:00:00,895.120,905.420,895.080,897.350
2025-12-09 08:00:00,897.360,900.000,888.230,894.450
2025-12-09 12:00:00,894.460,896.120,884.750,889.510
2025-12-09 16:00:00,889.510,889.570,884.000,887.400
2025-12-09 20:00:00,887.400,909.430,881.820,907.980
2025-12-10 00:00:00,907.980,928.550,907.920,914.890
2025-12-10 04:00:00,914.880,915.080,894.290,897.620
2025-12-10 08:00:00,897.620,899.230,887.540,890.560
2025-12-10 12:00:00,890.560,896.580,889.250,894.280
2025-12-10 16:00:00,894.270,896.180,884.260,886.550
2025-12-10 20:00:00,886.560,892.580,884.160,891.480
2025-12-11 00:00:00,891.480,905.670,889.810,902.540
2025-12-11 04:00:00,902.530,915.730,890.820,893.880
2025-12-11 08:00:00,893.880,895.210,861.690,868.290
2025-12-11 12:00:00,868.290,873.770,864.930,866.920
2025-12-11 16:00:00,866.920,868.880,862.260,866.390
2025-12-11 20:00:00,866.390,871.000,859.200,865.730
2025-12-12 00:00:00,865.720,881.510,860.970,876.080
2025-12-12 04:00:00,876.080,891.840,875.880,886.290
2025-12-12 08:00:00,886.290,896.510,880.330,892.780
2025-12-12 12:00:00,892.780,894.440,886.570,889.580
2025-12-12 16:00:00,889.570,889.630,883.920,886.290
2025-12-12 20:00:00,886.290,892.540,872.290,874.440
2025-12-13 00:00:00,874.440,882.350,870.730,877.470
2025-12-13 04:00:00,877.470,882.920,875.400,881.860
2025-12-13 08:00:00,881.870,887.960,880.610,887.900
2025-12-13 12:00:00,887.900,889.790,884.250,886.780
2025-12-13 16:00:00,886.780,894.600,886.250,892.700
2025-12-13 20:00:00,892.700,900.660,887.210,899.610
2025-12-14 00:00:00,899.600,904.920,891.640,894.110
2025-12-14 04:00:00,894.110,897.970,889.840,897.490
2025-12-14 08:00:00,897.490,900.210,894.600,896.080
2025-12-14 12:00:00,896.080,897.200,892.620,896.640
2025-12-14 16:00:00,896.640,899.010,884.450,889.240
2025-12-14 20:00:00,889.240,895.460,883.560,887.120
2025-12-15 00:00:00,887.100,889.160,881.130,883.610
2025-12-15 04:00:00,883.610,885.320,870.210,877.610
2025-12-15 08:00:00,877.600,896.050,876.550,889.620
2025-12-15 12:00:00,889.610,892.200,887.300,889.870
2025-12-15 16:00:00,889.880,893.920,887.570,888.230
2025-12-15 20:00:00,888.240,890.870,851.700,859.200
2025-12-16 00:00:00,859.190,860.000,840.760,850.030
2025-12-16 04:00:00,850.040,859.260,844.630,858.510
2025-12-16 08:00:00,858.510,858.700,850.540,855.570
2025-12-16 12:00:00,855.570,866.340,846.540,860.010
2025-12-16 16:00:00,860.010,866.540,857.440,866.090
2025-12-16 20:00:00,866.090,878.970,858.700,877.070
2025-12-17 00:00:00,877.080,877.200,866.660,870.770
2025-12-17 04:00:00,870.760,876.180,869.500,876.090
2025-12-17 08:00:00,876.090,876.340,862.340,863.810
2025-12-17 12:00:00,863.810,871.440,855.530,868.250
2025-12-17 16:00:00,868.250,868.250,855.710,860.180
2025-12-17 20:00:00,860.190,876.960,853.070,854.170
2025-12-18 00:00:00,854.150,858.320,833.400,840.930
2025-12-18 04:00:00,840.930,845.080,836.720,843.000
2025-12-18 08:00:00,843.000,846.770,833.080,836.760
2025-12-18 12:00:00,836.750,839.510,830.000,833.630
2025-12-18 16:00:00,833.620,841.720,832.660,839.640
2025-12-18 20:00:00,839.640,853.660,837.140,848.280
2025-12-19 00:00:00,848.280,848.950,818.270,820.430
2025-12-19 04:00:00,820.420,832.010,820.060,830.250
2025-12-19 08:00:00,830.250,842.070,822.420,837.770
2025-12-19 12:00:00,837.770,850.370,835.600,843.290
2025-12-19 16:00:00,843.280,849.760,842.330,849.340
2025-12-19 20:00:00,849.350,855.590,843.910,846.890
2025-12-20 00:00:00,846.890,858.360,843.860,856.640
2025-12-20 04:00:00,856.640,862.940,854.790,856.540
2025-12-20 08:00:00,856.540,860.080,852.780,858.760
2025-12-20 12:00:00,858.750,859.000,852.710,854.270
2025-12-20 16:00:00,854.280,856.880,851.420,854.020
2025-12-20 20:00:00,854.010,854.510,851.270,854.400
2025-12-21 00:00:00,854.410,855.090,852.980,853.420
2025-12-21 04:00:00,853.430,855.640,851.330,854.560
2025-12-21 08:00:00,854.550,855.720,847.110,850.710
2025-12-21 12:00:00,850.710,851.220,848.640,850.310
2025-12-21 16:00:00,850.310,860.290,849.400,857.360
2025-12-21 20:00:00,857.350,860.100,845.860,848.990
2025-12-22 00:00:00,848.990,857.140,846.710,856.170
2025-12-22 04:00:00,856.160,860.320,851.510,859.130
2025-12-22 08:00:00,859.130,868.610,851.160,856.410
2025-12-22 12:00:00,856.410,861.500,855.500,859.070
2025-12-22 16:00:00,859.080,868.780,858.860,866.010
2025-12-22 20:00:00,866.010,871.700,862.220,868.360
2025-12-23 00:00:00,868.370,869.770,857.380,858.040
2025-12-23 04:00:00,858.040,861.440,853.890,859.120
2025-12-23 08:00:00,859.130,861.860,852.600,857.480
2025-12-23 12:00:00,857.480,858.120,847.290,849.000
2025-12-23 16:00:00,848.990,853.520,848.200,853.220
2025-12-23 20:00:00,853.220,853.230,837.930,844.200
2025-12-24 00:00:00,844.200,850.440,839.020,841.480
2025-12-24 04:00:00,841.470,847.730,840.260,844.290
2025-12-24 08:00:00,844.290,847.750,836.320,840.950
2025-12-24 12:00:00,840.950,842.680,836.240,838.100
2025-12-24 16:00:00,838.110,839.670,835.350,838.080
2025-12-24 20:00:00,838.090,843.340,835.690,841.200
2025-12-25 00:00:00,841.200,849.680,840.120,848.110
2025-12-25 04:00:00,848.110,850.340,846.760,846.900
2025-12-25 08:00:00,846.890,848.310,844.250,845.350
2025-12-25 12:00:00,845.350,845.660,842.330,843.520
2025-12-25 16:00:00,843.520,844.800,835.350,837.730
2025-12-25 20:00:00,837.730,844.970,835.230,842.560
2025-12-26 00:00:00,842.560,843.170,839.840,841.530
2025-12-26 04:00:00,841.530,843.780,826.560,829.460
2025-12-26 08:00:00,829.460,844.970,828.100,840.990
2025-12-26 12:00:00,840.990,847.500,837.510,841.240
2025-12-26 16:00:00,841.230,843.690,839.050,839.500
2025-12-26 20:00:00,839.510,843.820,821.010,828.940
2025-12-27 00:00:00,828.950,834.810,827.970,832.950
2025-12-27 04:00:00,832.960,838.370,832.560,834.850
2025-12-27 08:00:00,834.860,836.750,834.410,836.490
2025-12-27 12:00:00,836.480,843.510,834.420,840.780
2025-12-27 16:00:00,840.780,844.000,837.480,841.470
2025-12-27 20:00:00,841.480,842.170,838.950,841.540
2025-12-28 00:00:00,841.540,842.330,839.880,841.370
2025-12-28 04:00:00,841.370,847.200,840.100,845.710
2025-12-28 08:00:00,845.700,846.320,838.920,842.020
2025-12-28 12:00:00,842.020,844.660,841.810,844.350
2025-12-28 16:00:00,844.350,857.690,844.350,855.210
2025-12-28 20:00:00,855.210,864.240,855.210,861.090
2025-12-29 00:00:00,861.080,867.840,859.390,860.270
2025-12-29 04:00:00,860.270,862.950,857.300,859.920
2025-12-29 08:00:00,859.920,872.750,859.250,869.520
2025-12-29 12:00:00,869.520,872.050,859.280,861.060
2025-12-29 16:00:00,861.050,862.400,847.720,853.380
2025-12-29 20:00:00,853.380,855.850,846.220,853.870
2025-12-30 00:00:00,853.870,855.810,850.200,853.470
2025-12-30 04:00:00,853.470,855.470,851.820,852.850
2025-12-30 08:00:00,852.850,853.960,849.170,853.050
2025-12-30 12:00:00,853.050,855.390,850.830,854.240
2025-12-30 16:00:00,854.250,860.320,854.240,855.380
2025-12-30 20:00:00,855.390,864.670,855.120,863.240
2025-12-31 00:00:00,863.250,863.640,858.000,860.440
2025-12-31 04:00:00,860.430,863.580,858.930,862.140
2025-12-31 08:00:00,862.140,863.630,858.100,859.660
2025-12-31 12:00:00,859.670,868.450,859.330,868.450
2025-12-31 16:00:00,868.450,869.850,865.530,869.580
2025-12-31 20:00:00,869.580,878.290,860.720,863.850
2026-01-01 00:00:00,863.840,865.180,858.000,864.680
2026-01-01 04:00:00,864.680,867.040,861.300,864.710
2026-01-01 08:00:00,864.710,875.000,864.230,869.670
2026-01-01 12:00:00,869.670,869.750,859.650,859.910
2026-01-01 16:00:00,859.910,862.490,859.180,861.890
2026-01-01 20:00:00,861.890,861.890,856.240,859.710
2026-01-02 00:00:00,859.710,861.810,857.410,861.810
2026-01-02 04:00:00,861.810,864.960,860.390,864.620
2026-01-02 08:00:00,864.620,867.640,859.780,866.200
2026-01-02 12:00:00,866.200,868.160,863.260,865.190
2026-01-02 16:00:00,865.190,874.940,865.180,869.940
2026-01-02 20:00:00,869.940,883.140,865.590,878.750
2026-01-03 00:00:00,878.760,891.800,878.160,881.200
2026-01-03 04:00:00,881.210,886.220,879.070,881.800
2026-01-03 08:00:00,881.790,884.910,875.500,879.670
2026-01-03 12:00:00,879.670,880.520,869.050,873.570
2026-01-03 16:00:00,873.570,876.200,872.150,874.620
2026-01-03 20:00:00,874.620,877.940,872.280,873.890
2026-01-04 00:00:00,873.880,877.730,873.800,876.890
2026-01-04 04:00:00,876.880,880.500,875.930,879.070
2026-01-04 08:00:00,879.080,884.300,878.920,883.630
2026-01-04 12:00:00,883.620,891.580,883.260,885.110
2026-01-04 16:00:00,885.110,888.110,882.840,885.390
2026-01-04 20:00:00,885.360,890.660,884.430,889.790
2026-01-05 00:00:00,889.790,903.770,889.780,893.260
2026-01-05 04:00:00,893.260,898.420,892.850,895.990
2026-01-05 08:00:00,895.980,907.650,895.200,900.490
2026-01-05 12:00:00,900.500,901.180,890.740,899.740
2026-01-05 16:00:00,899.740,909.800,896.050,909.590
2026-01-05 20:00:00,909.600,909.650,900.830,906.820
2026-01-06 00:00:00,906.810,914.860,901.700,911.640
2026-01-06 04:00:00,911.650,917.530,909.460,910.900
2026-01-06 08:00:00,910.900,912.200,905.230,908.570
2026-01-06 12:00:00,908.560,910.720,903.310,905.260
2026-01-06 16:00:00,905.270,915.650,904.900,913.660
2026-01-06 20:00:00,913.660,924.840,912.000,919.800
2026-01-07 00:00:00,919.800,921.440,892.030,901.580
2026-01-07 04:00:00,901.580,920.850,901.300,918.400
2026-01-07 08:00:00,918.400,919.780,905.060,910.320
2026-01-07 12:00:00,910.320,919.420,909.430,919.200
2026-01-07 16:00:00,919.200,920.970,908.710,911.050
2026-01-07 20:00:00,911.040,911.610,895.420,899.880
2026-01-08 00:00:00,899.890,902.480,892.720,897.610
2026-01-08 04:00:00,897.600,901.780,894.360,900.860
2026-01-08 08:00:00,900.850,905.360,892.810,894.020
2026-01-08 12:00:00,894.030,897.990,875.000,885.020
2026-01-08 16:00:00,885.030,888.000,879.240,886.740
2026-01-08 20:00:00,886.740,889.510,877.740,889.040
2026-01-09 00:00:00,889.040,891.930,885.840,888.540
2026-01-09 04:00:00,888.550,894.800,885.380,892.580
2026-01-09 08:00:00,892.580,896.800,888.120,896.010
2026-01-09 12:00:00,896.010,899.300,894.000,894.010
2026-01-09 16:00:00,894.010,894.800,886.280,889.830
2026-01-09 20:00:00,889.830,900.800,885.350,895.180
2026-01-10 00:00:00,895.170,901.600,891.330,893.780
2026-01-10 04:00:00,893.770,898.790,892.360,897.360
2026-01-10 08:00:00,897.350,908.800,897.220,907.960
2026-01-10 12:00:00,907.960,911.230,903.760,905.970
2026-01-10 16:00:00,905.970,907.040,899.330,900.940
2026-01-10 20:00:00,900.950,911.420,899.500,909.270
2026-01-11 00:00:00,909.270,916.410,907.310,914.660
2026-01-11 04:00:00,914.660,916.700,902.760,908.440
2026-01-11 08:00:00,908.450,914.600,904.790,913.870
2026-01-11 12:00:00,913.870,917.010,911.150,914.100
2026-01-11 16:00:00,914.110,918.000,912.200,912.640
2026-01-11 20:00:00,912.650,916.000,906.540,909.220
2026-01-12 00:00:00,909.210,911.720,903.710,904.900
2026-01-12 04:00:00,904.900,905.840,899.030,904.750
2026-01-12 08:00:00,904.750,910.930,897.060,905.500
2026-01-12 12:00:00,905.510,910.480,904.150,905.100
2026-01-12 16:00:00,905.100,908.750,898.660,901.750
2026-01-12 20:00:00,901.750,905.800,894.060,904.750
2026-01-13 00:00:00,904.750,909.780,900.410,908.320
2026-01-13 04:00:00,908.320,908.980,901.590,906.320
2026-01-13 08:00:00,906.320,908.480,902.690,906.990
2026-01-13 12:00:00,907.000,915.680,906.990,910.160
2026-01-13 16:00:00,910.170,912.140,907.940,908.410
2026-01-13 20:00:00,908.410,917.290,906.790,917.080
2026-01-14 00:00:00,917.080,946.420,917.020,942.270
2026-01-14 04:00:00,942.270,955.000,940.710,944.240
2026-01-14 08:00:00,944.250,955.650,944.040,950.770
2026-01-14 12:00:00,950.770,953.070,935.800,937.910
2026-01-14 16:00:00,937.920,939.470,928.880,929.370
2026-01-14 20:00:00,929.360,946.750,928.970,942.650
2026-01-15 00:00:00,942.640,948.280,938.570,944.510
2026-01-15 04:00:00,944.510,950.800,943.790,949.060
2026-01-15 08:00:00,949.060,949.460,929.470,932.410
2026-01-15 12:00:00,932.410,940.590,931.880,939.590
2026-01-15 16:00:00,939.600,943.670,938.200,938.740
2026-01-15 20:00:00,938.740,946.220,930.650,938.120
2026-01-16 00:00:00,938.110,943.140,925.270,928.470
2026-01-16 04:00:00,928.470,933.920,923.950,931.530
2026-01-16 08:00:00,931.530,934.210,929.530,929.800
2026-01-16 12:00:00,929.800,936.540,927.380,934.510
2026-01-16 16:00:00,934.510,938.960,932.390,935.740
2026-01-16 20:00:00,935.740,938.000,923.820,927.280
2026-01-17 00:00:00,927.270,932.750,926.700,931.700
2026-01-17 04:00:00,931.690,939.860,929.060,938.520
2026-01-17 08:00:00,938.540,939.530,935.840,938.070
2026-01-17 12:00:00,938.060,939.500,935.880,936.280
2026-01-17 16:00:00,936.270,945.140,936.050,943.280
2026-01-17 20:00:00,943.280,960.500,942.000,956.030
2026-01-18 00:00:00,956.020,956.790,949.600,953.070
2026-01-18 04:00:00,953.070,954.740,945.460,947.570
2026-01-18 08:00:00,947.570,951.560,943.500,950.970
2026-01-18 12:00:00,950.970,950.970,945.110,945.110
2026-01-18 16:00:00,945.110,947.750,944.110,947.110
2026-01-18 20:00:00,947.120,951.290,944.650,950.470
2026-01-19 00:00:00,950.470,953.830,949.060,950.080
2026-01-19 04:00:00,950.080,953.680,931.760,932.720
2026-01-19 08:00:00,932.730,932.730,900.670,925.170
2026-01-19 12:00:00,925.180,928.000,922.830,927.330
2026-01-19 16:00:00,927.340,929.980,924.440,928.150
2026-01-19 20:00:00,928.150,929.850,923.570,925.790
2026-01-20 00:00:00,925.780,929.620,925.380,927.100
2026-01-20 04:00:00,927.100,928.250,919.720,924.130
2026-01-20 08:00:00,924.120,933.600,923.880,927.880
2026-01-20 12:00:00,927.880,928.920,914.440,918.130
2026-01-20 16:00:00,918.130,918.230,909.020,913.190
2026-01-20 20:00:00,913.190,916.490,896.940,905.840
2026-01-21 00:00:00,905.840,908.920,887.010,896.110
2026-01-21 04:00:00,896.110,898.500,884.440,884.710
2026-01-21 08:00:00,884.710,884.710,867.570,881.990
2026-01-21 12:00:00,881.990,886.630,874.710,875.670
2026-01-21 16:00:00,875.660,876.360,870.000,870.810
2026-01-21 20:00:00,870.810,894.060,864.500,892.780
2026-01-22 00:00:00,892.780,893.040,865.860,890.070
2026-01-22 04:00:00,890.080,892.780,882.570,883.680
2026-01-22 08:00:00,883.690,894.630,883.680,891.600
2026-01-22 12:00:00,891.590,893.380,887.890,888.960
2026-01-22 16:00:00,888.960,897.780,888.960,893.160
2026-01-22 20:00:00,893.160,895.490,878.520,883.320
2026-01-23 00:00:00,883.320,889.320,882.190,888.730
2026-01-23 04:00:00,888.730,892.500,885.740,888.450
2026-01-23 08:00:00,888.450,892.670,888.000,891.970
2026-01-23 12:00:00,891.980,893.820,889.500,891.700
2026-01-23 16:00:00,891.710,892.170,886.100,887.890
2026-01-23 20:00:00,887.880,893.080,883.470,892.580
2026-01-24 00:00:00,892.580,905.780,891.000,894.420
2026-01-24 04:00:00,894.440,895.670,889.090,892.100
2026-01-24 08:00:00,892.090,894.680,889.780,893.360
2026-01-24 12:00:00,893.350,894.660,891.850,892.520
2026-01-24 16:00:00,892.520,894.460,891.690,893.110
2026-01-24 20:00:00,893.100,893.270,889.170,889.210
2026-01-25 00:00:00,889.200,890.840,886.910,888.580
2026-01-25 04:00:00,888.590,890.110,887.370,887.650
2026-01-25 08:00:00,887.650,888.080,880.350,881.630
2026-01-25 12:00:00,881.630,884.080,879.760,880.000
2026-01-25 16:00:00,880.000,883.780,877.540,880.930
2026-01-25 20:00:00,880.930,882.000,877.020,878.050
2026-01-26 00:00:00,878.050,878.110,856.030,859.280
2026-01-26 04:00:00,859.280,867.250,856.140,866.630
2026-01-26 08:00:00,866.640,876.520,865.450,868.700
2026-01-26 12:00:00,868.700,875.310,868.490,875.080
2026-01-26 16:00:00,875.090,878.500,869.780,873.510
2026-01-26 20:00:00,873.510,878.880,870.010,872.520
2026-01-27 00:00:00,872.530,879.740,869.000,874.850
2026-01-27 04:00:00,874.850,882.000,872.140,879.940
2026-01-27 08:00:00,879.940,886.390,876.690,885.170
2026-01-27 12:00:00,885.180,888.550,882.630,884.010
2026-01-27 16:00:00,884.010,885.640,877.230,880.800
2026-01-27 20:00:00,880.790,886.690,879.790,886.190
2026-01-28 00:00:00,886.190,898.440,885.200,892.510
2026-01-28 04:00:00,892.510,901.800,892.110,898.860
2026-01-28 08:00:00,898.850,901.580,895.000,897.410
2026-01-28 12:00:00,897.400,905.300,895.800,903.780
2026-01-28 16:00:00,903.780,909.980,902.790,908.170
2026-01-28 20:00:00,908.170,908.750,897.450,903.250
2026-01-29 00:00:00,903.250,907.720,898.350,904.570
2026-01-29 04:00:00,904.570,908.100,900.330,903.460
2026-01-29 08:00:00,903.460,905.370,893.710,897.090
2026-01-29 12:00:00,897.090,907.110,895.730,905.140
2026-01-29 16:00:00,905.130,905.950,893.750,894.730
2026-01-29 20:00:00,894.730,895.050,857.010,864.340
2026-01-30 00:00:00,864.350,870.650,853.110,860.520
2026-01-30 04:00:00,860.530,869.620,859.700,868.900
2026-01-30 08:00:00,868.910,869.980,835.260,845.790
2026-01-30 12:00:00,845.780,854.590,836.250,847.490
2026-01-30 16:00:00,847.500,848.180,833.010,842.840
2026-01-30 20:00:00,842.830,856.240,836.300,850.180
2026-01-31 00:00:00,850.170,856.190,832.000,854.520
2026-01-31 04:00:00,854.530,862.570,846.570,859.110
2026-01-31 08:00:00,859.110,861.110,852.050,853.320
2026-01-31 12:00:00,853.320,854.800,845.990,847.970
2026-01-31 16:00:00,847.980,848.000,832.800,837.040
2026-01-31 20:00:00,837.030,837.690,801.720,803.190
2026-02-01 00:00:00,803.200,810.380,749.210,771.150
2026-02-01 04:00:00,771.150,785.890,766.010,781.330
2026-02-01 08:00:00,781.330,789.670,779.010,783.640
2026-02-01 12:00:00,783.640,785.180,774.000,778.320
2026-02-01 16:00:00,778.310,782.940,768.400,774.230
2026-02-01 20:00:00,774.230,774.290,742.530,749.990
2026-02-02 00:00:00,749.980,766.830,745.760,757.150
2026-02-02 04:00:00,757.150,766.450,739.630,758.690
2026-02-02 08:00:00,758.700,770.750,728.540,751.930
2026-02-02 12:00:00,751.970,760.830,728.530,752.720
2026-02-02 16:00:00,752.710,767.720,752.670,762.760
2026-02-02 20:00:00,762.760,781.220,761.700,777.830
2026-02-03 00:00:00,777.830,781.690,769.880,770.410
2026-02-03 04:00:00,770.400,777.120,767.570,774.220
2026-02-03 08:00:00,774.220,775.370,762.690,772.470
2026-02-03 12:00:00,772.470,783.780,770.920,782.200
2026-02-03 16:00:00,782.200,782.960,765.290,768.840
2026-02-03 20:00:00,768.850,778.560,764.000,776.960
2026-02-04 00:00:00,776.960,777.000,736.280,758.190
2026-02-04 04:00:00,758.180,775.970,752.440,755.160
2026-02-04 08:00:00,755.160,764.710,751.860,762.130
2026-02-04 12:00:00,762.130,765.900,754.560,764.660
2026-02-04 16:00:00,764.650,764.680,747.520,750.750
2026-02-04 20:00:00,750.760,752.780,727.160,733.940
2026-02-05 00:00:00,733.950,736.590,707.060,718.280
2026-02-05 04:00:00,718.280,719.230,687.210,697.490
2026-02-05 08:00:00,697.480,703.250,691.100,694.270
2026-02-05 12:00:00,694.270,700.400,685.820,691.540
2026-02-05 16:00:00,691.550,700.490,674.510,683.610
2026-02-05 20:00:00,683.620,688.800,646.580,658.720
2026-02-06 00:00:00,658.730,674.350,634.040,641.620
2026-02-06 04:00:00,641.630,645.550,602.300,608.550
2026-02-06 08:00:00,608.540,636.080,572.000,615.580
2026-02-06 12:00:00,615.580,642.720,613.520,623.140
2026-02-06 16:00:00,623.130,638.690,616.860,636.100
2026-02-06 20:00:00,636.100,654.790,632.380,651.320
2026-02-07 00:00:00,651.280,669.510,648.700,658.630
2026-02-07 04:00:00,658.620,668.490,654.850,657.000
2026-02-07 08:00:00,656.990,661.750,650.000,659.120
2026-02-07 12:00:00,659.120,663.910,632.150,638.580
2026-02-07 16:00:00,638.570,641.610,631.000,635.740
2026-02-07 20:00:00,635.740,647.110,633.820,642.290
2026-02-08 00:00:00,642.300,655.530,639.100,650.370
2026-02-08 04:00:00,650.380,654.100,644.000,647.070
2026-02-08 08:00:00,647.080,651.340,642.460,642.830
2026-02-08 12:00:00,642.830,644.910,639.000,643.040
2026-02-08 16:00:00,643.040,650.910,637.270,645.520
2026-02-08 20:00:00,645.520,648.230,640.820,643.590
2026-02-09 00:00:00,643.580,649.670,631.950,648.510
2026-02-09 04:00:00,648.520,653.130,636.170,639.860
2026-02-09 08:00:00,639.850,646.310,633.540,645.000
2026-02-09 12:00:00,644.990,645.390,630.850,631.850
2026-02-09 16:00:00,631.850,633.510,615.970,621.780
2026-02-09 20:00:00,621.780,632.570,621.560,630.960
2026-02-10 00:00:00,630.950,643.500,627.020,642.570
2026-02-10 04:00:00,642.560,644.130,633.300,636.420
2026-02-10 08:00:00,636.430,641.890,630.000,633.180
2026-02-10 12:00:00,633.180,639.630,628.030,631.640
2026-02-10 16:00:00,631.640,635.240,625.000,626.110
2026-02-10 20:00:00,626.110,628.650,613.350,619.000
2026-02-11 00:00:00,619.000,625.330,613.500,616.810
2026-02-11 04:00:00,616.810,620.250,614.000,619.480
2026-02-11 08:00:00,619.470,624.000,615.120,617.360
2026-02-11 12:00:00,617.350,618.490,597.210,600.420
2026-02-11 16:00:00,600.430,601.900,587.030,592.590
2026-02-11 20:00:00,592.580,611.680,588.350,593.480
2026-02-12 00:00:00,593.480,613.650,591.860,610.500
2026-02-12 04:00:00,610.490,618.120,604.370,608.190
2026-02-12 08:00:00,608.190,617.350,608.190,616.660
2026-02-12 12:00:00,616.670,618.320,611.380,615.290
2026-02-12 16:00:00,615.300,620.790,610.530,617.590
2026-02-12 20:00:00,617.600,618.200,607.460,608.930
2026-02-13 00:00:00,608.940,612.320,600.420,608.040
2026-02-13 04:00:00,608.040,615.710,603.720,614.360
2026-02-13 08:00:00,614.360,616.670,607.640,609.010
2026-02-13 12:00:00,609.010,609.670,592.300,598.090
2026-02-13 16:00:00,598.090,604.300,597.600,601.480
2026-02-13 20:00:00,601.480,615.490,595.230,610.160
2026-02-14 00:00:00,610.150,621.310,608.950,618.080
2026-02-14 04:00:00,618.080,622.990,615.560,618.990
2026-02-14 08:00:00,619.000,625.660,616.910,617.800
2026-02-14 12:00:00,617.800,622.570,615.760,622.370
2026-02-14 16:00:00,622.380,633.820,622.150,633.450
2026-02-14 20:00:00,633.450,637.560,626.750,634.840
2026-02-15 00:00:00,634.830,634.840,629.330,633.040
2026-02-15 04:00:00,633.030,634.830,628.500,632.880
2026-02-15 08:00:00,632.880,634.140,627.140,633.730
2026-02-15 12:00:00,633.720,642.700,633.720,639.950
2026-02-15 16:00:00,639.960,641.340,626.070,629.280
2026-02-15 20:00:00,629.290,630.050,615.510,621.570
2026-02-16 00:00:00,621.570,621.570,608.770,611.760
2026-02-16 04:00:00,611.750,617.410,609.850,615.160
2026-02-16 08:00:00,615.170,618.310,611.180,613.290
2026-02-16 12:00:00,613.290,618.750,610.050,613.160
2026-02-16 16:00:00,613.170,619.870,612.490,618.520
2026-02-16 20:00:00,618.510,631.290,604.200,607.310
2026-02-17 00:00:00,607.310,618.270,607.000,616.600
2026-02-17 04:00:00,616.600,628.380,615.810,627.150
2026-02-17 08:00:00,627.160,632.000,621.310,627.130
2026-02-17 12:00:00,627.130,628.440,620.380,622.990
2026-02-17 16:00:00,622.990,624.100,615.230,618.410
2026-02-17 20:00:00,618.410,626.310,609.210,615.270
2026-02-18 00:00:00,615.260,624.370,612.160,620.200
2026-02-18 04:00:00,620.190,620.960,615.880,617.730
2026-02-18 08:00:00,617.740,619.640,613.180,618.840
2026-02-18 12:00:00,618.840,621.380,614.720,620.900
2026-02-18 16:00:00,620.900,626.880,613.500,614.170
2026-02-18 20:00:00,614.170,623.200,607.530,618.160
2026-02-19 00:00:00,618.170,620.580,600.880,602.840
2026-02-19 04:00:00,602.850,606.180,601.540,604.430
2026-02-19 08:00:00,604.430,607.870,602.460,607.540
2026-02-19 12:00:00,607.550,614.620,606.300,610.590
2026-02-19 16:00:00,610.590,610.680,603.290,603.870
2026-02-19 20:00:00,603.860,606.120,595.260,600.000
2026-02-20 00:00:00,600.000,606.700,595.790,604.360
2026-02-20 04:00:00,604.370,609.180,602.800,607.560
2026-02-20 08:00:00,607.570,610.450,606.000,607.750
2026-02-20 12:00:00,607.750,613.850,605.050,611.950
2026-02-20 16:00:00,611.960,615.350,607.620,608.500
2026-02-20 20:00:00,608.510,618.370,601.000,616.930
2026-02-21 00:00:00,616.930,628.520,616.080,626.390
2026-02-21 04:00:00,626.390,629.950,625.070,626.090
2026-02-21 08:00:00,626.080,628.960,624.260,625.500
2026-02-21 12:00:00,625.490,628.290,625.000,626.120
2026-02-21 16:00:00,626.120,631.820,625.940,630.420
2026-02-21 20:00:00,630.420,635.120,627.630,627.950
2026-02-22 00:00:00,627.950,629.810,624.280,627.220
2026-02-22 04:00:00,627.210,627.890,624.380,625.820
2026-02-22 08:00:00,625.830,627.200,621.000,621.570
2026-02-22 12:00:00,621.570,623.870,618.850,622.600
2026-02-22 16:00:00,622.610,625.000,621.280,624.670
2026-02-22 20:00:00,624.680,624.740,613.660,616.060
2026-02-23 00:00:00,616.060,616.340,610.100,612.620
2026-02-23 04:00:00,612.620,616.360,611.030,614.970
2026-02-23 08:00:00,614.970,616.160,582.770,589.770
2026-02-23 12:00:00,589.770,599.560,585.760,598.910
2026-02-23 16:00:00,598.900,610.500,596.130,606.440
2026-02-23 20:00:00,606.450,612.450,604.370,604.700
2026-02-24 00:00:00,604.690,606.340,591.450,592.190
2026-02-24 04:00:00,592.180,598.610,590.090,596.220
2026-02-24 08:00:00,596.220,602.750,589.530,593.150
2026-02-24 12:00:00,593.150,594.000,585.860,589.470
2026-02-24 16:00:00,589.480,592.710,585.650,586.790
2026-02-24 20:00:00,586.790,588.180,576.610,585.800
2026-02-25 00:00:00,585.790,590.000,583.510,588.370
2026-02-25 04:00:00,588.380,590.210,582.180,583.400
2026-02-25 08:00:00,583.410,601.990,581.200,593.880
2026-02-25 12:00:00,593.890,596.440,589.550,595.900
2026-02-25 16:00:00,595.910,605.350,595.550,604.940
2026-02-25 20:00:00,604.930,623.480,604.510,621.540
2026-02-26 00:00:00,621.540,634.530,621.140,632.450
2026-02-26 04:00:00,632.450,641.120,624.570,629.810
2026-02-26 08:00:00,629.810,634.270,625.770,628.250
2026-02-26 12:00:00,628.250,632.860,625.630,625.980
2026-02-26 16:00:00,625.990,630.660,623.080,623.210
2026-02-26 20:00:00,623.210,628.820,618.910,623.570
2026-02-27 00:00:00,623.560,625.650,614.430,624.750
2026-02-27 04:00:00,624.740,627.190,621.050,626.030
2026-02-27 08:00:00,626.020,630.590,622.680,629.430
2026-02-27 12:00:00,629.440,634.000,625.110,627.350
2026-02-27 16:00:00,627.350,630.210,613.180,614.860
2026-02-27 20:00:00,614.860,617.060,609.450,614.390
2026-02-28 00:00:00,614.390,614.730,606.710,609.780
2026-02-28 04:00:00,609.780,614.400,605.340,614.030
2026-02-28 08:00:00,614.030,615.660,612.180,614.890
2026-02-28 12:00:00,614.890,615.350,590.510,597.290
2026-02-28 16:00:00,597.290,598.360,588.390,594.380
2026-02-28 20:00:00,594.390,605.670,593.840,603.860
2026-03-01 00:00:00,603.860,614.680,601.000,613.060
2026-03-01 04:00:00,613.060,621.600,611.850,617.140
2026-03-01 08:00:00,617.130,632.340,614.560,628.760
2026-03-01 12:00:00,628.770,631.610,623.280,625.680
2026-03-01 16:00:00,625.670,626.720,619.050,623.160
2026-03-01 20:00:00,623.150,630.200,620.080,626.960
2026-03-02 00:00:00,626.980,629.930,617.500,619.990
2026-03-02 04:00:00,619.980,621.180,611.130,618.200
2026-03-02 08:00:00,618.200,625.970,614.650,624.740
2026-03-02 12:00:00,624.740,625.950,613.180,616.750
2026-03-02 16:00:00,616.760,623.250,613.020,622.270
2026-03-02 20:00:00,622.270,650.090,619.000,646.650
2026-03-03 00:00:00,646.650,653.440,636.310,636.770
2026-03-03 04:00:00,636.770,640.860,632.610,637.810
2026-03-03 08:00:00,637.800,642.410,633.380,635.490
2026-03-03 12:00:00,635.490,638.320,628.600,633.390
2026-03-03 16:00:00,633.390,634.220,620.660,626.210
2026-03-03 20:00:00,626.210,631.650,620.600,630.200
2026-03-04 00:00:00,630.200,638.710,628.400,632.860
2026-03-04 04:00:00,632.860,636.850,628.200,633.450
2026-03-04 08:00:00,633.450,636.620,626.000,629.140
2026-03-04 12:00:00,629.140,641.000,627.080,640.020
2026-03-04 16:00:00,640.020,655.000,638.860,650.510
2026-03-04 20:00:00,650.500,662.420,646.120,661.380
2026-03-05 00:00:00,661.380,666.430,655.310,662.690
2026-03-05 04:00:00,662.700,663.200,656.750,658.080
2026-03-05 08:00:00,658.090,661.140,652.340,654.400
2026-03-05 12:00:00,654.410,657.630,648.690,650.450
2026-03-05 16:00:00,650.450,665.640,649.680,659.300
2026-03-05 20:00:00,659.310,661.040,648.260,653.080
2026-03-06 00:00:00,653.070,654.680,646.270,648.700
2026-03-06 04:00:00,648.700,652.440,646.490,648.010
2026-03-06 08:00:00,648.010,651.780,645.530,649.810
2026-03-06 12:00:00,649.810,650.000,641.120,646.780
2026-03-06 16:00:00,646.790,646.990,637.060,637.310
2026-03-06 20:00:00,637.300,640.690,624.510,627.700
2026-03-07 00:00:00,627.690,632.830,625.800,630.550
2026-03-07 04:00:00,630.560,631.400,626.850,627.240
2026-03-07 08:00:00,627.240,629.650,626.210,626.950
2026-03-07 12:00:00,626.940,628.460,624.550,627.600
2026-03-07 16:00:00,627.600,629.970,626.250,627.680
2026-03-07 20:00:00,627.680,628.100,623.430,625.020
2026-03-08 00:00:00,625.030,625.050,618.110,619.680
2026-03-08 04:00:00,619.680,622.410,617.600,620.240
2026-03-08 08:00:00,620.250,621.960,615.200,616.830
2026-03-08 12:00:00,616.840,622.230,614.040,619.770
2026-03-08 16:00:00,619.770,624.070,617.750,620.130
2026-03-08 20:00:00,620.130,621.050,612.810,615.900
2026-03-09 00:00:00,615.890,619.730,611.490,618.870
2026-03-09 04:00:00,618.870,619.930,607.560,611.700
2026-03-09 08:00:00,611.710,628.270,610.760,623.340
2026-03-09 12:00:00,623.350,630.070,618.200,621.780
2026-03-09 16:00:00,621.800,630.430,621.580,627.420
2026-03-09 20:00:00,627.420,640.400,627.420,639.300
2026-03-10 00:00:00,639.300,643.400,634.170,638.260
2026-03-10 04:00:00,638.260,640.830,633.600,634.520
2026-03-10 08:00:00,634.510,646.000,634.360,639.690
2026-03-10 12:00:00,639.700,646.940,639.350,644.410
2026-03-10 16:00:00,644.410,648.930,643.960,645.390
2026-03-10 20:00:00,645.390,652.240,638.110,649.270
2026-03-11 00:00:00,649.270,652.440,639.850,641.700
2026-03-11 04:00:00,641.690,645.210,639.410,641.890
2026-03-11 08:00:00,641.890,644.290,638.580,639.730
2026-03-11 12:00:00,639.740,644.840,637.560,640.430
2026-03-11 16:00:00,640.430,643.950,634.200,638.100
2026-03-11 20:00:00,638.100,652.290,636.710,645.930
2026-03-12 00:00:00,645.930,655.910,645.290,653.230
2026-03-12 04:00:00,653.230,656.660,650.450,651.730
2026-03-12 08:00:00,651.730,652.470,642.090,643.300
2026-03-12 12:00:00,643.310,646.920,641.690,645.700
2026-03-12 16:00:00,645.690,654.090,645.510,652.340
2026-03-12 20:00:00,652.330,657.930,645.560,650.300
2026-03-13 00:00:00,650.300,652.740,646.570,651.170
2026-03-13 04:00:00,651.170,655.220,649.160,651.970
2026-03-13 08:00:00,651.960,664.070,650.620,661.730
2026-03-13 12:00:00,661.730,664.560,658.810,661.380
2026-03-13 16:00:00,661.380,668.750,660.710,666.760
2026-03-13 20:00:00,666.770,679.590,661.440,662.390
2026-03-14 00:00:00,662.390,664.700,652.910,657.340
2026-03-14 04:00:00,657.350,658.850,653.630,655.750
2026-03-14 08:00:00,655.740,657.220,652.550,656.880
2026-03-14 12:00:00,656.880,658.390,650.890,652.220
2026-03-14 16:00:00,652.230,653.890,649.970,653.460
2026-03-14 20:00:00,653.460,654.900,651.750,653.300
2026-03-15 00:00:00,653.300,654.520,652.130,653.570
2026-03-15 04:00:00,653.580,657.950,652.980,657.610
2026-03-15 08:00:00,657.610,661.240,654.320,658.900
2026-03-15 12:00:00,658.910,660.980,657.630,659.940
2026-03-15 16:00:00,659.940,666.630,659.660,661.630
2026-03-15 20:00:00,661.640,662.570,656.640,659.680
2026-03-16 00:00:00,659.670,663.180,658.030,660.380
2026-03-16 04:00:00,660.370,679.550,659.620,674.120
2026-03-16 08:00:00,674.120,686.420,670.500,680.740
2026-03-16 12:00:00,680.750,687.860,677.330,678.480
2026-03-16 16:00:00,678.490,681.360,674.000,677.370
2026-03-16 20:00:00,677.370,683.700,670.170,671.720
2026-03-17 00:00:00,671.720,681.510,671.320,678.510
2026-03-17 04:00:00,678.500,684.780,673.710,679.700
2026-03-17 08:00:00,679.700,686.600,675.050,676.130
2026-03-17 12:00:00,676.130,677.460,671.900,674.190
2026-03-17 16:00:00,674.190,677.040,667.300,667.570
2026-03-17 20:00:00,667.580,673.170,663.200,668.350
2026-03-18 00:00:00,668.350,674.640,667.570,671.710
2026-03-18 04:00:00,671.710,674.290,667.810,668.510
2026-03-18 08:00:00,668.510,675.130,665.450,673.180
2026-03-18 12:00:00,673.180,674.870,669.770,673.730
2026-03-18 16:00:00,673.720,676.280,661.250,662.670
2026-03-18 20:00:00,662.660,662.660,644.460,648.210
2026-03-19 00:00:00,648.200,652.620,644.900,647.660
2026-03-19 04:00:00,647.670,652.610,643.780,651.870
2026-03-19 08:00:00,651.860,656.180,648.560,652.230
2026-03-19 12:00:00,652.220,652.430,640.390,644.910
2026-03-19 16:00:00,644.900,648.630,643.330,643.830
2026-03-19 20:00:00,643.820,643.820,634.170,637.600
2026-03-20 00:00:00,637.610,642.140,633.000,639.790
2026-03-20 04:00:00,639.790,643.670,637.910,638.820
2026-03-20 08:00:00,638.830,644.680,638.140,643.920
2026-03-20 12:00:00,643.910,645.590,639.310,643.690
2026-03-20 16:00:00,643.680,647.330,640.010,641.320
2026-03-20 20:00:00,641.330,643.020,636.310,640.170
2026-03-21 00:00:00,640.160,641.680,636.100,640.080
2026-03-21 04:00:00,640.080,644.410,637.460,642.000
2026-03-21 08:00:00,642.000,643.090,640.020,642.150
2026-03-21 12:00:00,642.150,644.210,641.660,642.980
2026-03-21 16:00:00,642.970,644.270,641.990,643.650
2026-03-21 20:00:00,643.650,646.350,641.230,642.790
2026-03-22 00:00:00,642.780,643.320,640.530,641.430
2026-03-22 04:00:00,641.430,642.610,627.320,630.290
2026-03-22 08:00:00,630.290,637.510,622.000,634.520
2026-03-22 12:00:00,634.520,636.310,631.550,631.770
2026-03-22 16:00:00,631.780,631.840,627.130,627.500
2026-03-22 20:00:00,627.500,631.410,627.490,629.400
2026-03-23 00:00:00,629.390,631.890,626.100,627.140
2026-03-23 04:00:00,627.140,631.010,621.560,626.080
2026-03-23 08:00:00,626.080,630.540,621.750,626.240
2026-03-23 12:00:00,626.250,631.790,620.000,623.950
2026-03-23 16:00:00,623.960,650.680,621.070,638.170
2026-03-23 20:00:00,638.160,649.430,635.520,637.350
2026-03-24 00:00:00,637.350,640.930,632.840,637.860
2026-03-24 04:00:00,637.850,641.420,636.400,639.300
2026-03-24 08:00:00,639.300,640.390,632.010,632.700
2026-03-24 12:00:00,632.700,638.570,627.130,637.920
2026-03-24 16:00:00,637.900,639.930,633.920,638.870
2026-03-24 20:00:00,638.860,639.350,627.100,630.860
2026-03-25 00:00:00,630.850,632.380,626.660,630.110
2026-03-25 04:00:00,630.100,639.870,629.630,638.310
2026-03-25 08:00:00,638.310,643.020,637.390,642.210
2026-03-25 12:00:00,642.200,647.200,641.500,643.700
2026-03-25 16:00:00,643.700,651.240,643.610,648.570
2026-03-25 20:00:00,648.570,653.180,642.000,645.790
2026-03-26 00:00:00,645.790,651.360,644.260,646.270
2026-03-26 04:00:00,646.280,650.440,644.280,647.850
2026-03-26 08:00:00,647.840,648.750,641.430,643.080
2026-03-26 12:00:00,643.100,643.430,633.370,635.390
2026-03-26 16:00:00,635.390,635.440,628.000,629.090
2026-03-26 20:00:00,629.090,632.580,625.000,626.790
2026-03-27 00:00:00,626.780,628.760,622.630,625.350
2026-03-27 04:00:00,625.350,631.340,625.000,628.750
2026-03-27 08:00:00,628.750,631.850,627.260,628.290
2026-03-27 12:00:00,628.280,629.880,624.730,628.320
2026-03-27 16:00:00,628.330,628.960,606.690,610.660
2026-03-27 20:00:00,610.660,613.780,605.480,610.330
2026-03-28 00:00:00,610.330,611.670,606.370,609.800
2026-03-28 04:00:00,609.800,614.160,608.420,613.720
2026-03-28 08:00:00,613.720,613.910,609.730,611.060
2026-03-28 12:00:00,611.060,614.280,610.330,613.810
2026-03-28 16:00:00,613.820,614.120,610.300,612.670
2026-03-28 20:00:00,612.660,618.800,611.390,617.040
2026-03-29 00:00:00,617.040,617.450,615.230,616.490
2026-03-29 04:00:00,616.490,617.990,610.270,610.900
2026-03-29 08:00:00,610.900,615.100,609.630,613.790
2026-03-29 12:00:00,613.800,614.490,611.680,613.350
2026-03-29 16:00:00,613.350,614.460,610.880,613.370
2026-03-29 20:00:00,613.370,613.510,607.280,609.400
2026-03-30 00:00:00,609.410,610.940,607.420,609.020
2026-03-30 04:00:00,609.010,612.110,596.010,605.860
2026-03-30 08:00:00,605.880,619.080,604.810,615.620
2026-03-30 12:00:00,615.630,619.160,615.250,618.240
2026-03-30 16:00:00,618.230,621.750,616.430,618.030
2026-03-30 20:00:00,618.030,621.210,613.620,618.720
2026-03-31 00:00:00,618.720,618.950,608.260,610.740
2026-03-31 04:00:00,610.740,613.900,607.220,609.420
2026-03-31 08:00:00,609.420,619.900,608.340,613.690
2026-03-31 12:00:00,613.690,614.670,609.310,611.140
2026-03-31 16:00:00,611.140,611.320,598.600,605.140
2026-03-31 20:00:00,605.150,616.040,604.110,608.020
2026-04-01 00:00:00,608.020,620.000,607.940,616.030
2026-04-01 04:00:00,616.030,620.030,615.280,617.640
2026-04-01 08:00:00,617.640,620.200,614.070,617.140
2026-04-01 12:00:00,617.150,622.660,615.300,616.710
2026-04-01 16:00:00,616.700,618.040,614.140,615.760
2026-04-01 20:00:00,615.760,618.480,610.210,615.250
2026-04-02 00:00:00,615.260,619.980,611.820,614.230
2026-04-02 04:00:00,614.220,616.400,609.620,611.180
2026-04-02 08:00:00,611.180,613.980,591.990,592.300
2026-04-02 12:00:00,592.300,592.880,587.560,592.060
2026-04-02 16:00:00,592.070,592.070,577.400,581.440
2026-04-02 20:00:00,581.440,581.670,570.710,574.350
2026-04-03 00:00:00,574.350,583.980,574.010,583.670
2026-04-03 04:00:00,583.670,585.250,581.540,583.800
2026-04-03 08:00:00,583.810,587.430,582.070,586.110
2026-04-03 12:00:00,586.120,589.270,585.080,586.640
2026-04-03 16:00:00,586.640,588.520,583.240,587.420
2026-04-03 20:00:00,587.420,590.470,584.100,587.160
2026-04-04 00:00:00,587.170,589.420,586.690,588.740
2026-04-04 04:00:00,588.740,589.410,587.050,588.400
2026-04-04 08:00:00,588.400,589.380,587.310,589.250
2026-04-04 12:00:00,589.250,592.390,588.370,590.270
2026-04-04 16:00:00,590.270,591.880,589.220,589.650
2026-04-04 20:00:00,589.650,592.170,588.100,591.370
2026-04-05 00:00:00,591.370,596.890,590.680,593.680
2026-04-05 04:00:00,593.670,595.410,592.870,593.620
2026-04-05 08:00:00,593.620,594.270,591.460,593.750
2026-04-05 12:00:00,593.750,594.290,587.830,590.610
2026-04-05 16:00:00,590.610,595.540,590.280,594.240
2026-04-05 20:00:00,594.240,596.690,587.270,593.380
2026-04-06 00:00:00,593.380,593.930,591.800,592.650
2026-04-06 04:00:00,592.640,604.290,590.700,601.810
2026-04-06 08:00:00,601.820,608.140,600.390,600.900
2026-04-06 12:00:00,600.910,604.690,598.860,604.040
2026-04-06 16:00:00,604.040,610.800,604.030,605.810
2026-04-06 20:00:00,605.820,609.130,604.540,608.800
2026-04-07 00:00:00,608.800,609.370,603.270,607.130
2026-04-07 04:00:00,607.140,608.390,596.330,600.450
2026-04-07 08:00:00,600.450,601.690,596.690,599.270
2026-04-07 12:00:00,599.280,602.110,596.930,599.380
2026-04-07 16:00:00,599.370,606.690,596.530,597.230
2026-04-07 20:00:00,597.240,600.270,592.220,598.740
2026-04-08 00:00:00,598.740,609.340,598.720,608.770
2026-04-08 04:00:00,608.780,625.380,607.590,620.610
2026-04-08 08:00:00,620.610,622.000,613.240,613.770
2026-04-08 12:00:00,613.770,617.780,612.430,613.720
2026-04-08 16:00:00,613.710,614.890,611.210,613.190
2026-04-08 20:00:00,613.190,616.260,601.460,605.630
2026-04-09 00:00:00,605.640,608.090,603.120,604.630
2026-04-09 04:00:00,604.630,607.760,600.020,601.410
2026-04-09 08:00:00,601.450,603.370,597.140,600.470
2026-04-09 12:00:00,600.470,601.540,599.000,600.340
2026-04-09 16:00:00,600.350,603.490,599.590,602.840
2026-04-09 20:00:00,602.840,607.800,598.600,606.490
2026-04-10 00:00:00,606.490,609.830,603.970,609.000
2026-04-10 04:00:00,609.010,612.650,602.330,603.390
2026-04-10 08:00:00,603.390,605.770,600.100,601.510
2026-04-10 12:00:00,601.510,603.000,599.350,599.610
2026-04-10 16:00:00,599.620,603.700,597.780,602.770
2026-04-10 20:00:00,602.770,609.200,601.370,603.820
2026-04-11 00:00:00,603.830,610.420,603.750,609.980
2026-04-11 04:00:00,609.980,610.750,605.700,605.950
2026-04-11 08:00:00,605.950,608.170,603.720,607.150
2026-04-11 12:00:00,607.140,607.950,604.680,606.370
2026-04-11 16:00:00,606.380,607.630,604.740,605.760
2026-04-11 20:00:00,605.760,607.280,604.100,606.000
2026-04-12 00:00:00,606.010,614.570,605.960,613.360
2026-04-12 04:00:00,613.360,613.440,606.190,607.520
2026-04-12 08:00:00,607.520,607.890,590.230,595.760
2026-04-12 12:00:00,595.760,596.200,593.090,594.310
2026-04-12 16:00:00,594.310,595.730,593.000,595.490
2026-04-12 20:00:00,595.490,596.000,589.170,591.810
2026-04-13 00:00:00,591.800,593.600,591.080,592.570
2026-04-13 04:00:00,592.570,597.280,591.180,592.420
2026-04-13 08:00:00,592.410,598.280,591.750,594.990
2026-04-13 12:00:00,595.000,600.150,594.880,597.580
2026-04-13 16:00:00,597.570,598.990,595.420,597.340
2026-04-13 20:00:00,597.340,605.410,595.780,603.800
2026-04-14 00:00:00,603.800,609.630,602.480,608.960
2026-04-14 04:00:00,608.960,618.400,607.550,615.190
2026-04-14 08:00:00,615.190,616.500,610.810,616.440
2026-04-14 12:00:00,616.450,616.500,612.170,613.980
2026-04-14 16:00:00,613.990,619.800,613.810,616.850
2026-04-14 20:00:00,616.840,625.740,615.510,623.900
2026-04-15 00:00:00,623.900,625.670,612.130,614.370
2026-04-15 04:00:00,614.380,617.580,613.480,614.160
2026-04-15 08:00:00,614.170,620.360,614.160,616.500
2026-04-15 12:00:00,616.500,617.580,611.020,611.920
2026-04-15 16:00:00,611.930,621.210,610.840,620.150
2026-04-15 20:00:00,620.160,620.840,616.260,619.450
2026-04-16 00:00:00,619.440,628.190,618.950,625.850
2026-04-16 04:00:00,625.840,627.330,621.820,623.080
2026-04-16 08:00:00,623.080,626.680,621.020,624.610
2026-04-16 12:00:00,624.600,626.440,622.140,622.980
2026-04-16 16:00:00,622.980,624.170,619.090,621.230
2026-04-16 20:00:00,621.230,626.830,615.090,625.130
2026-04-17 00:00:00,625.140,638.020,623.860,636.920
2026-04-17 04:00:00,636.930,637.890,632.190,636.150
2026-04-17 08:00:00,636.150,636.940,628.610,629.640
2026-04-17 12:00:00,629.650,630.560,627.020,627.650
2026-04-17 16:00:00,627.650,635.360,627.180,632.790
2026-04-17 20:00:00,632.790,646.000,632.000,643.690
2026-04-18 00:00:00,643.700,645.980,639.030,641.830
2026-04-18 04:00:00,641.840,645.190,639.630,643.520
2026-04-18 08:00:00,643.520,647.400,640.500,640.630
2026-04-18 12:00:00,640.630,649.190,640.440,643.750
2026-04-18 16:00:00,643.760,643.990,631.690,633.630
2026-04-18 20:00:00,633.630,635.210,631.430,633.630
2026-04-19 00:00:00,633.620,634.640,628.460,630.700
2026-04-19 04:00:00,630.700,632.230,630.000,630.220
2026-04-19 08:00:00,630.230,630.720,621.340,623.520
2026-04-19 12:00:00,623.530,624.940,618.280,620.590
2026-04-19 16:00:00,620.590,623.530,618.190,622.600
2026-04-19 20:00:00,622.610,628.620,622.270,626.270
2026-04-20 00:00:00,626.280,626.920,619.540,623.190
2026-04-20 04:00:00,623.180,623.540,615.140,616.380
2026-04-20 08:00:00,616.390,623.160,616.240,622.100
2026-04-20 12:00:00,622.100,629.870,617.300,625.030
2026-04-20 16:00:00,625.040,628.580,622.960,625.840
2026-04-20 20:00:00,625.830,628.710,621.160,628.690
2026-04-21 00:00:00,628.700,632.200,627.040,630.910
2026-04-21 04:00:00,630.920,632.460,628.290,629.560
2026-04-21 08:00:00,629.570,632.990,628.320,630.290
2026-04-21 12:00:00,630.290,634.170,629.160,633.080
2026-04-21 16:00:00,633.070,640.780,632.480,634.530
2026-04-21 20:00:00,634.530,635.550,629.650,632.110
2026-04-22 00:00:00,632.120,634.000,625.120,626.980
2026-04-22 04:00:00,626.970,632.750,625.790,631.970
2026-04-22 08:00:00,631.970,641.850,631.450,640.010
2026-04-22 12:00:00,640.010,645.320,639.010,642.410
2026-04-22 16:00:00,642.410,644.240,641.410,643.120
2026-04-22 20:00:00,643.120,654.890,642.420,649.490
2026-04-23 00:00:00,649.490,651.510,643.260,644.400
2026-04-23 04:00:00,644.400,644.560,637.610,637.810
2026-04-23 08:00:00,637.810,639.810,633.540,635.810
2026-04-23 12:00:00,635.810,638.960,635.210,635.860
2026-04-23 16:00:00,635.860,636.450,631.220,633.710
2026-04-23 20:00:00,633.710,640.350,632.280,639.960
2026-04-24 00:00:00,639.940,640.700,631.300,636.220
2026-04-24 04:00:00,636.210,640.200,635.920,638.840
2026-04-24 08:00:00,638.840,640.680,633.820,634.880
2026-04-24 12:00:00,634.890,637.420,632.260,635.380
2026-04-24 16:00:00,635.380,639.140,633.660,638.460
2026-04-24 20:00:00,638.470,640.880,636.230,639.930
2026-04-25 00:00:00,639.930,640.350,635.600,638.680
2026-04-25 04:00:00,638.670,638.810,635.760,636.490
2026-04-25 08:00:00,636.490,638.030,635.760,637.840
2026-04-25 12:00:00,637.830,638.500,636.500,637.150
2026-04-25 16:00:00,637.150,638.790,634.510,635.070
2026-04-25 20:00:00,635.070,635.500,629.300,630.190
2026-04-26 00:00:00,630.190,630.810,627.320,629.010
2026-04-26 04:00:00,629.020,630.780,628.670,628.900
2026-04-26 08:00:00,628.900,630.750,627.150,628.950
2026-04-26 12:00:00,628.960,633.180,628.580,632.860
2026-04-26 16:00:00,632.850,633.090,630.350,632.800
2026-04-26 20:00:00,632.800,633.420,630.830,632.600
2026-04-27 00:00:00,632.590,637.170,630.820,636.190
2026-04-27 04:00:00,636.200,638.500,633.400,636.180
2026-04-27 08:00:00,636.180,640.380,634.220,638.740
2026-04-27 12:00:00,638.750,639.090,625.330,626.140
2026-04-27 16:00:00,626.120,629.190,625.620,627.660
2026-04-27 20:00:00,627.650,628.970,618.760,621.220
2026-04-28 00:00:00,621.220,624.340,620.620,623.790
2026-04-28 04:00:00,623.800,627.720,623.390,627.180
2026-04-28 08:00:00,627.170,627.980,623.620,624.870
2026-04-28 12:00:00,624.870,626.950,622.000,624.570
2026-04-28 16:00:00,624.560,625.720,621.520,622.200
2026-04-28 20:00:00,622.200,623.980,619.300,623.150
2026-04-29 00:00:00,623.150,624.700,622.130,624.560
2026-04-29 04:00:00,624.560,625.120,623.020,624.880
2026-04-29 08:00:00,624.880,627.200,622.840,626.370
2026-04-29 12:00:00,626.380,628.810,625.160,625.290
2026-04-29 16:00:00,625.290,629.900,624.650,626.340
2026-04-29 20:00:00,626.340,626.360,615.650,616.740
2026-04-30 00:00:00,616.750,620.550,610.290,613.570
2026-04-30 04:00:00,613.580,618.920,613.300,617.630
2026-04-30 08:00:00,617.640,620.900,616.230,618.190
2026-04-30 12:00:00,618.190,618.590,613.690,617.900
2026-04-30 16:00:00,617.890,619.170,614.790,616.020
2026-04-30 20:00:00,616.030,618.480,613.780,617.300
2026-05-01 00:00:00,617.300,619.290,616.060,618.860
2026-05-01 04:00:00,618.850,619.000,615.010,615.610
2026-05-01 08:00:00,615.610,621.740,615.520,618.790
2026-05-01 12:00:00,618.800,619.410,616.330,617.690
2026-05-01 16:00:00,617.700,619.870,616.270,619.180
2026-05-01 20:00:00,619.190,623.170,618.850,621.210
2026-05-02 00:00:00,621.200,622.170,619.260,619.570
2026-05-02 04:00:00,619.580,619.790,614.000,615.720
2026-05-02 08:00:00,615.710,617.560,615.130,616.460
2026-05-02 12:00:00,616.470,616.700,614.390,616.130
2026-05-02 16:00:00,616.130,616.500,615.000,615.970
2026-05-02 20:00:00,615.980,618.610,615.700,618.610
2026-05-03 00:00:00,618.610,619.770,618.020,619.250
2026-05-03 04:00:00,619.250,622.210,618.010,618.330
2026-05-03 08:00:00,618.330,618.880,615.320,616.480
2026-05-03 12:00:00,616.480,618.650,615.700,617.360
2026-05-03 16:00:00,617.370,620.000,617.110,619.290
2026-05-03 20:00:00,619.290,620.980,618.490,620.300
2026-05-04 00:00:00,620.290,621.170,619.200,619.760
2026-05-04 04:00:00,619.760,622.740,617.200,617.580
2026-05-04 08:00:00,617.590,627.100,615.810,627.000
2026-05-04 12:00:00,627.000,639.560,627.000,628.850
2026-05-04 16:00:00,628.840,631.440,620.280,623.250
2026-05-04 20:00:00,623.240,628.840,621.520,625.800
2026-05-05 00:00:00,625.810,629.270,623.910,625.320
2026-05-05 04:00:00,625.330,626.340,622.920,623.030
2026-05-05 08:00:00,623.040,628.670,622.880,628.060
2026-05-05 12:00:00,628.060,629.280,626.000,627.890
2026-05-05 16:00:00,627.890,629.680,626.340,629.100
2026-05-05 20:00:00,629.100,634.390,628.510,631.370
2026-05-06 00:00:00,631.380,632.840,628.120,632.110
2026-05-06 04:00:00,632.100,635.480,630.040,630.750
2026-05-06 08:00:00,630.750,636.190,629.020,635.570
2026-05-06 12:00:00,635.570,640.990,633.200,638.430
2026-05-06 16:00:00,638.420,653.070,638.380,652.840
2026-05-06 20:00:00,652.850,664.720,643.920,648.900
2026-05-07 00:00:00,648.900,651.420,646.680,650.930
2026-05-07 04:00:00,650.920,651.980,644.660,648.120
2026-05-07 08:00:00,648.120,650.300,641.900,642.910
2026-05-07 12:00:00,642.920,653.950,642.440,652.430
2026-05-07 16:00:00,652.430,653.620,646.530,648.330
2026-05-07 20:00:00,648.330,651.480,639.660,642.870
2026-05-08 00:00:00,642.860,645.190,639.500,644.080
2026-05-08 04:00:00,644.080,645.580,633.790,637.310
2026-05-08 08:00:00,637.320,640.880,635.700,639.790
2026-05-08 12:00:00,639.780,641.320,634.800,637.030
2026-05-08 16:00:00,637.040,641.700,636.090,641.300
2026-05-08 20:00:00,641.310,644.460,637.700,644.360
2026-05-09 00:00:00,644.350,650.040,642.800,648.480
2026-05-09 04:00:00,648.500,652.000,646.320,649.780
2026-05-09 08:00:00,649.770,656.350,649.440,654.030
2026-05-09 12:00:00,654.040,656.630,649.320,650.180
2026-05-09 16:00:00,650.190,651.460,648.810,650.370
2026-05-09 20:00:00,650.370,651.070,646.660,648.040
2026-05-10 00:00:00,648.050,652.300,647.400,651.420
2026-05-10 04:00:00,651.430,652.710,649.930,650.080
2026-05-10 08:00:00,650.070,650.880,645.200,648.020
2026-05-10 12:00:00,648.010,649.670,647.640,648.690
2026-05-10 16:00:00,648.700,652.210,647.880,649.950
2026-05-10 20:00:00,649.950,656.700,648.660,655.920
2026-05-11 00:00:00,655.930,662.940,654.630,661.620
2026-05-11 04:00:00,661.610,667.260,648.870,664.130
2026-05-11 08:00:00,664.130,665.340,650.320,651.980
2026-05-11 12:00:00,651.980,654.460,650.320,651.000
2026-05-11 16:00:00,651.000,656.160,649.690,656.140
2026-05-11 20:00:00,656.140,661.960,651.770,661.950
2026-05-12 00:00:00,661.940,664.000,659.750,663.700
2026-05-12 04:00:00,663.690,673.590,661.380,670.980
2026-05-12 08:00:00,670.960,671.890,659.250,662.370
2026-05-12 12:00:00,662.380,664.870,658.130,658.860
2026-05-12 16:00:00,658.870,663.910,657.680,663.870
2026-05-12 20:00:00,663.870,665.280,650.390,652.610
2026-05-13 00:00:00,652.620,663.800,650.990,663.480
2026-05-13 04:00:00,663.470,668.500,663.470,665.230
2026-05-13 08:00:00,665.240,683.450,664.740,681.650
2026-05-13 12:00:00,681.650,682.640,676.270,679.370
2026-05-13 16:00:00,679.370,686.140,677.670,678.770
2026-05-13 20:00:00,678.770,680.750,664.110,664.580
2026-05-14 00:00:00,664.580,674.970,664.540,671.580
2026-05-14 04:00:00,671.590,674.150,668.370,671.900
2026-05-14 08:00:00,671.890,677.760,665.620,666.180
2026-05-14 12:00:00,666.170,672.490,665.700,669.560
2026-05-14 16:00:00,669.570,674.430,668.890,671.160
2026-05-14 20:00:00,671.160,680.950,670.960,680.190
2026-05-15 00:00:00,680.200,688.400,678.690,680.710
2026-05-15 04:00:00,680.720,682.400,677.360,678.760
2026-05-15 08:00:00,678.760,686.400,677.540,682.240
2026-05-15 12:00:00,682.250,689.720,674.000,684.870
2026-05-15 16:00:00,684.880,690.550,682.070,686.780
2026-05-15 20:00:00,686.770,687.080,669.420,671.910
2026-05-16 00:00:00,671.910,677.080,671.380,674.310
2026-05-16 04:00:00,674.310,674.880,671.500,672.630
2026-05-16 08:00:00,672.620,675.200,665.250,665.500
2026-05-16 12:00:00,665.500,665.500,656.330,660.950
2026-05-16 16:00:00,660.960,662.380,651.010,654.590
2026-05-16 20:00:00,654.590,660.580,651.390,655.480
2026-05-17 00:00:00,655.480,658.840,655.190,656.480
2026-05-17 04:00:00,656.490,657.970,656.040,656.520
2026-05-17 08:00:00,656.520,657.620,650.280,653.000
2026-05-17 12:00:00,653.000,656.660,652.620,655.580
2026-05-17 16:00:00,655.590,655.850,650.660,655.370
2026-05-17 20:00:00,655.370,657.830,650.790,652.630
2026-05-18 00:00:00,652.630,656.650,650.400,656.350
2026-05-18 04:00:00,656.360,657.890,640.000,649.750
2026-05-18 08:00:00,649.760,649.980,642.460,643.830
2026-05-18 12:00:00,643.830,644.930,637.130,642.160
2026-05-18 16:00:00,642.170,644.000,637.590,642.030
2026-05-18 20:00:00,642.030,645.760,634.430,637.240
2026-05-19 00:00:00,637.240,645.230,635.970,645.140
2026-05-19 04:00:00,645.150,646.750,642.140,643.850
2026-05-19 08:00:00,643.850,647.470,641.260,643.240
2026-05-19 12:00:00,643.230,646.650,641.090,646.100
2026-05-19 16:00:00,646.110,646.230,638.260,640.140
2026-05-19 20:00:00,640.140,642.490,636.460,639.120
2026-05-20 00:00:00,639.120,642.300,638.260,640.350
2026-05-20 04:00:00,640.350,642.150,638.240,640.350
2026-05-20 08:00:00,640.340,641.250,637.850,640.490
2026-05-20 12:00:00,640.490,645.480,638.800,643.720
2026-05-20 16:00:00,643.720,645.740,642.670,643.700
2026-05-20 20:00:00,643.700,650.360,641.620,649.150
2026-05-21 00:00:00,649.160,651.690,646.290,650.950
2026-05-21 04:00:00,650.950,652.240,647.400,649.800
2026-05-21 08:00:00,649.800,655.900,649.520,655.110
2026-05-21 12:00:00,655.110,655.750,650.530,653.260
2026-05-21 16:00:00,653.260,656.470,647.310,648.050
2026-05-21 20:00:00,648.060,653.540,646.640,652.750
2026-05-22 00:00:00,652.760,660.000,650.650,658.340
2026-05-22 04:00:00,658.340,659.350,656.430,658.820
2026-05-22 08:00:00,658.820,661.810,656.270,659.980
2026-05-22 12:00:00,659.980,660.920,655.740,659.870
2026-05-22 16:00:00,659.860,661.450,655.180,658.340
2026-05-22 20:00:00,658.330,664.950,656.580,658.670
2026-05-23 00:00:00,658.680,661.960,648.710,652.800
2026-05-23 04:00:00,652.810,654.480,649.040,650.840
2026-05-23 08:00:00,650.840,653.450,648.500,652.740
2026-05-23 12:00:00,652.740,653.310,635.000,636.970
2026-05-23 16:00:00,636.990,641.590,635.850,640.460
2026-05-23 20:00:00,640.470,649.200,639.570,647.870
2026-05-24 00:00:00,647.870,653.480,646.700,652.750
2026-05-24 04:00:00,652.760,664.400,652.110,656.620
2026-05-24 08:00:00,656.630,659.410,655.790,657.600
2026-05-24 12:00:00,657.610,658.590,654.300,656.990
2026-05-24 16:00:00,657.000,663.260,656.530,661.770
2026-05-24 20:00:00,661.780,661.780,652.480,655.900
2026-05-25 00:00:00,655.910,658.200,655.090,656.450
2026-05-25 04:00:00,656.450,658.100,650.000,656.870
2026-05-25 08:00:00,656.880,660.300,656.060,657.380
2026-05-25 12:00:00,657.390,662.500,656.770,662.320
2026-05-25 16:00:00,662.330,663.840,660.950,662.690
2026-05-25 20:00:00,662.700,673.510,662.520,668.080
2026-05-26 00:00:00,668.090,668.670,661.260,662.780
2026-05-26 04:00:00,662.780,663.740,660.640,663.470
2026-05-26 08:00:00,663.470,664.220,656.340,658.300
2026-05-26 12:00:00,658.300,660.230,655.600,658.000
2026-05-26 16:00:00,658.000,664.980,656.590,662.820
2026-05-26 20:00:00,662.810,668.500,657.630,660.590
2026-05-27 00:00:00,660.590,661.420,653.760,657.550
2026-05-27 04:00:00,657.560,658.300,655.470,656.780
2026-05-27 08:00:00,656.790,659.680,654.010,654.760
2026-05-27 12:00:00,654.760,655.150,650.970,653.780
2026-05-27 16:00:00,653.780,656.130,652.670,654.290
2026-05-27 20:00:00,654.290,658.810,650.500,658.200
2026-05-28 00:00:00,658.200,660.440,650.610,653.850
2026-05-28 04:00:00,653.860,655.420,646.860,649.100
2026-05-28 08:00:00,649.090,649.870,637.010,638.010
2026-05-28 12:00:00,638.010,638.150,631.520,635.120
2026-05-28 16:00:00,635.130,635.510,631.690,633.050
2026-05-28 20:00:00,633.050,636.940,628.420,635.010
2026-05-29 00:00:00,635.010,642.960,633.670,640.080
2026-05-29 04:00:00,640.080,642.990,638.040,638.660
2026-05-29 08:00:00,638.650,640.000,634.150,635.900
2026-05-29 12:00:00,635.890,639.790,634.800,637.230
2026-05-29 16:00:00,637.230,641.500,635.350,637.410
2026-05-29 20:00:00,637.410,643.630,631.150,640.220
2026-05-30 00:00:00,640.220,645.340,637.710,641.780
2026-05-30 04:00:00,641.770,644.180,641.740,643.500
2026-05-30 08:00:00,643.510,661.500,643.020,658.610
2026-05-30 12:00:00,658.610,674.770,656.800,673.450
2026-05-30 16:00:00,673.450,677.680,669.760,674.190
2026-05-30 20:00:00,674.200,695.730,671.200,694.990
2026-05-31 00:00:00,694.990,726.000,694.820,721.560
2026-05-31 04:00:00,721.560,729.990,706.170,719.010
2026-05-31 08:00:00,719.010,746.590,719.010,740.200
2026-05-31 12:00:00,740.200,742.510,717.040,720.200
2026-05-31 16:00:00,720.200,725.940,717.530,723.350
2026-05-31 20:00:00,723.340,734.330,717.230,721.250
2026-06-01 00:00:00,721.260,722.520,702.100,709.010
2026-06-01 04:00:00,709.020,715.210,706.650,710.910
2026-06-01 08:00:00,710.910,717.410,693.200,704.110
2026-06-01 12:00:00,704.110,706.050,685.210,686.580
2026-06-01 16:00:00,686.580,731.400,685.720,697.500
2026-06-01 20:00:00,697.500,698.940,674.610,677.910
2026-06-02 00:00:00,677.920,696.530,674.150,696.380
2026-06-02 04:00:00,696.380,702.000,688.670,693.450
2026-06-02 08:00:00,693.460,696.000,681.550,694.100
2026-06-02 12:00:00,694.100,694.690,680.720,682.340
2026-06-02 16:00:00,682.330,685.490,675.870,678.560
2026-06-02 20:00:00,678.550,680.640,658.530,663.670
2026-06-03 00:00:00,663.680,672.000,652.160,660.620
2026-06-03 04:00:00,660.610,663.730,642.490,651.070
2026-06-03 08:00:00,651.080,657.900,631.010,634.290
2026-06-03 12:00:00,634.290,647.150,633.210,644.330
2026-06-03 16:00:00,644.330,646.500,637.440,637.730
2026-06-03 20:00:00,637.740,639.670,630.300,633.400
2026-06-04 00:00:00,633.400,633.980,620.270,623.060
2026-06-04 04:00:00,623.060,630.420,616.330,620.980
2026-06-04 08:00:00,620.970,624.940,590.260,619.280
2026-06-04 12:00:00,619.290,621.730,599.440,600.480
2026-06-04 16:00:00,600.490,604.040,588.330,595.610
2026-06-04 20:00:00,595.600,609.970,594.190,606.680
2026-06-05 00:00:00,606.690,610.840,599.560,606.750
2026-06-05 04:00:00,606.750,607.980,598.090,604.850
2026-06-05 08:00:00,604.840,608.350,591.610,595.980
2026-06-05 12:00:00,595.990,603.250,570.320,593.400
2026-06-05 16:00:00,593.400,597.390,585.720,590.450
2026-06-05 20:00:00,590.450,596.750,575.040,579.150
2026-06-06 00:00:00,579.140,583.640,556.880,567.690
2026-06-06 04:00:00,567.680,579.930,563.550,572.440
2026-06-06 08:00:00,572.450,580.300,570.850,573.420
2026-06-06 12:00:00,573.420,582.330,560.000,579.370
2026-06-06 16:00:00,579.370,584.780,570.780,574.240
2026-06-06 20:00:00,574.250,577.730,571.240,576.040
2026-06-07 00:00:00,576.050,578.000,571.470,573.950
2026-06-07 04:00:00,573.960,577.150,571.120,574.720
2026-06-07 08:00:00,574.730,582.000,573.680,581.230
2026-06-07 12:00:00,581.230,590.370,578.190,589.980
2026-06-07 16:00:00,589.980,599.860,587.600,593.670
2026-06-07 20:00:00,593.670,594.290,585.810,591.840
2026-06-08 00:00:00,591.830,598.030,587.010,589.000
2026-06-08 04:00:00,588.990,611.190,588.010,604.810
2026-06-08 08:00:00,604.820,608.810,599.330,603.640
2026-06-08 12:00:00,603.640,604.040,591.800,596.600
2026-06-08 16:00:00,596.600,604.520,593.630,602.540
2026-06-08 20:00:00,602.550,606.430,597.930,604.550
2026-06-09 00:00:00,604.540,610.300,602.570,607.920
2026-06-09 04:00:00,607.920,610.790,601.360,602.130
2026-06-09 08:00:00,602.120,603.130,593.210,599.250
2026-06-09 12:00:00,599.250,605.810,596.620,604.330
2026-06-09 16:00:00,604.330,604.810,596.330,597.130
2026-06-09 20:00:00,597.120,600.650,583.990,587.230
2026-06-10 00:00:00,587.230,597.330,584.020,597.050
2026-06-10 04:00:00,597.050,599.070,591.200,593.830
2026-06-10 08:00:00,593.830,595.240,586.810,588.220
2026-06-10 12:00:00,588.220,589.850,583.730,588.920
2026-06-10 16:00:00,588.920,588.920,580.900,583.210
2026-06-10 20:00:00,583.210,598.870,582.640,597.200
2026-06-11 00:00:00,597.210,597.520,587.240,588.250
2026-06-11 04:00:00,588.250,589.460,582.320,586.750
2026-06-11 08:00:00,586.760,599.880,586.760,596.710
2026-06-11 12:00:00,596.710,598.590,594.020,598.590
2026-06-11 16:00:00,598.580,603.880,598.530,601.060
2026-06-11 20:00:00,601.070,603.490,597.300,598.970
2026-06-12 00:00:00,598.970,607.990,596.400,604.780
2026-06-12 04:00:00,604.780,606.680,601.060,606.080
2026-06-12 08:00:00,606.090,606.540,601.510,602.590
2026-06-12 12:00:00,602.590,605.310,596.780,600.170
2026-06-12 16:00:00,600.170,609.120,600.120,607.010
2026-06-12 20:00:00,607.000,613.900,603.750,605.660
2026-06-13 00:00:00,605.660,609.820,603.010,603.790
2026-06-13 04:00:00,603.790,604.990,602.300,604.080
2026-06-13 08:00:00,604.080,606.570,600.660,600.670
2026-06-13 12:00:00,600.660,604.330,599.700,603.500
2026-06-13 16:00:00,603.510,607.950,603.000,607.000
2026-06-13 20:00:00,607.000,611.500,606.510,610.770
2026-06-14 00:00:00,610.770,610.910,607.070,608.810
2026-06-14 04:00:00,608.810,612.710,608.000,609.900
2026-06-14 08:00:00,609.900,611.290,608.730,610.320
2026-06-14 12:00:00,610.320,612.430,608.100,610.530
2026-06-14 16:00:00,610.540,613.440,609.840,612.600
2026-06-14 20:00:00,612.600,612.860,605.480,608.320
2026-06-15 00:00:00,608.320,609.000,603.050,603.520
2026-06-15 04:00:00,603.520,617.630,603.000,617.170
2026-06-15 08:00:00,617.180,618.700,612.960,618.280
2026-06-15 12:00:00,618.290,619.400,615.750,615.830
2026-06-15 16:00:00,615.840,623.400,612.850,621.090
2026-06-15 20:00:00,621.090,633.160,619.850,629.350
2026-06-16 00:00:00,629.360,630.000,618.680,621.140
2026-06-16 04:00:00,621.130,622.000,615.440,618.150
2026-06-16 08:00:00,618.150,619.440,611.210,615.390
2026-06-16 12:00:00,615.390,619.580,611.870,616.160
2026-06-16 16:00:00,616.160,619.980,613.550,614.680
2026-06-16 20:00:00,614.680,618.360,600.770,606.640
2026-06-17 00:00:00,606.640,611.200,604.260,607.480
2026-06-17 04:00:00,607.470,609.360,604.930,605.380
2026-06-17 08:00:00,605.380,608.800,603.560,605.180
2026-06-17 12:00:00,605.180,610.180,604.650,606.980
2026-06-17 16:00:00,606.990,607.070,601.150,604.320
2026-06-17 20:00:00,604.330,612.900,601.310,605.960
2026-06-18 00:00:00,605.970,610.170,597.370,599.020
2026-06-18 04:00:00,599.030,602.650,595.330,601.930
2026-06-18 08:00:00,601.930,604.540,596.570,596.880
2026-06-18 12:00:00,596.870,597.360,587.570,589.760
2026-06-18 16:00:00,589.770,593.000,588.660,589.820
2026-06-18 20:00:00,589.820,592.800,573.160,573.810
2026-06-19 00:00:00,573.800,579.870,573.580,578.960
2026-06-19 04:00:00,578.970,581.320,577.030,578.560
2026-06-19 08:00:00,578.550,583.430,575.110,578.290
2026-06-19 12:00:00,578.290,579.040,570.690,574.970
2026-06-19 16:00:00,574.970,575.280,571.020,573.360
2026-06-19 20:00:00,573.360,579.840,572.210,578.810
2026-06-20 00:00:00,578.810,582.080,577.160,579.960
2026-06-20 04:00:00,579.970,582.650,579.000,581.590
2026-06-20 08:00:00,581.590,582.990,580.330,580.940
2026-06-20 12:00:00,580.930,589.920,580.420,588.120
2026-06-20 16:00:00,588.110,588.460,585.660,586.680
2026-06-20 20:00:00,586.690,589.310,582.350,587.550
2026-06-21 00:00:00,587.560,587.730,584.350,586.220
2026-06-21 04:00:00,586.230,588.850,585.240,588.350
2026-06-21 08:00:00,588.350,591.400,587.230,590.740
2026-06-21 12:00:00,590.730,592.270,589.100,591.310
2026-06-21 16:00:00,591.310,592.160,587.740,588.820
2026-06-21 20:00:00,588.820,590.950,585.580,590.320
2026-06-22 00:00:00,590.310,592.860,588.870,592.250
2026-06-22 04:00:00,592.260,592.290,583.850,584.550
2026-06-22 08:00:00,584.540,595.940,584.280,590.360
2026-06-22 12:00:00,590.360,595.460,589.600,594.250
2026-06-22 16:00:00,594.250,598.470,591.530,597.580
2026-06-22 20:00:00,597.580,602.790,595.700,596.500
2026-06-23 00:00:00,596.500,597.240,590.420,592.460
2026-06-23 04:00:00,592.470,593.380,588.000,590.430
2026-06-23 08:00:00,590.420,593.170,588.240,592.230
2026-06-23 12:00:00,592.230,592.570,577.290,581.080
2026-06-23 16:00:00,581.080,581.660,570.650,574.020
2026-06-23 20:00:00,574.030,577.170,571.210,574.650
2026-06-24 00:00:00,574.660,577.420,572.660,576.170
2026-06-24 04:00:00,576.180,579.330,575.510,578.190
2026-06-24 08:00:00,578.180,581.750,575.410,577.950
2026-06-24 12:00:00,577.950,581.540,574.270,577.090
2026-06-24 16:00:00,577.090,582.340,573.960,579.970
2026-06-24 20:00:00,579.980,580.450,561.040,561.510
2026-06-25 00:00:00,561.500,563.780,546.320,555.260
2026-06-25 04:00:00,555.270,566.180,554.380,564.540
2026-06-25 08:00:00,564.550,567.130,563.110,565.870
2026-06-25 12:00:00,565.870,572.710,563.810,570.480
2026-06-25 16:00:00,570.480,570.650,560.980,562.870
2026-06-25 20:00:00,562.870,568.820,540.500,554.100
2026-06-26 00:00:00,554.110,560.440,552.430,554.440
2026-06-26 04:00:00,554.440,563.240,554.440,560.900
2026-06-26 08:00:00,560.910,564.660,550.530,563.240
2026-06-26 12:00:00,563.240,570.740,559.350,569.800
2026-06-26 16:00:00,569.800,570.310,558.710,559.050
2026-06-26 20:00:00,559.040,567.640,552.210,565.720
2026-06-27 00:00:00,565.720,569.360,563.280,566.220
2026-06-27 04:00:00,566.220,569.060,564.800,567.980
2026-06-27 08:00:00,567.990,568.990,565.620,567.210
2026-06-27 12:00:00,567.210,568.310,564.170,565.860
2026-06-27 16:00:00,565.870,566.090,562.690,563.460
2026-06-27 20:00:00,563.460,567.510,562.710,565.860
2026-06-28 00:00:00,565.860,567.170,558.070,559.420
2026-06-28 04:00:00,559.420,565.030,554.600,557.440
2026-06-28 08:00:00,557.430,559.050,556.710,558.960
2026-06-28 12:00:00,558.970,558.980,554.270,556.690
2026-06-28 16:00:00,556.690,559.090,554.460,557.460
2026-06-28 20:00:00,557.470,558.260,553.870,554.820
2026-06-29 00:00:00,554.820,555.070,547.520,548.730
2026-06-29 04:00:00,548.720,555.570,545.780,551.430
2026-06-29 08:00:00,551.420,557.070,546.980,555.580
2026-06-29 12:00:00,555.580,555.830,548.580,553.880
2026-06-29 16:00:00,553.880,556.080,550.740,552.120
2026-06-29 20:00:00,552.120,558.910,546.450,552.230
2026-06-30 00:00:00,552.240,563.260,550.560,562.090
2026-06-30 04:00:00,562.100,562.600,559.430,559.820
2026-06-30 08:00:00,559.830,560.820,554.010,554.030
2026-06-30 12:00:00,554.040,555.040,551.730,552.610
2026-06-30 16:00:00,552.620,553.340,547.230,548.010
2026-06-30 20:00:00,548.010,551.910,543.930,545.220
2026-07-01 00:00:00,545.220,549.150,545.130,547.810
2026-07-01 04:00:00,547.790,548.060,544.450,546.840
2026-07-01 08:00:00,546.840,553.360,540.050,551.890
2026-07-01 12:00:00,551.900,553.040,545.330,547.150
2026-07-01 16:00:00,547.150,548.150,537.310,542.820
2026-07-01 20:00:00,542.820,556.220,541.540,554.840
2026-07-02 00:00:00,554.830,555.330,550.550,551.610
2026-07-02 04:00:00,551.620,560.010,550.340,550.810
2026-07-02 08:00:00,550.810,559.700,546.520,557.220
2026-07-02 12:00:00,557.210,557.260,549.050,549.750
2026-07-02 16:00:00,549.750,562.280,549.600,560.290
2026-07-02 20:00:00,560.280,567.770,559.590,562.880
2026-07-03 00:00:00,562.890,564.590,558.300,558.460
2026-07-03 04:00:00,558.460,559.950,556.450,559.180
2026-07-03 08:00:00,559.180,562.500,557.420,561.330
2026-07-03 12:00:00,561.340,564.310,560.420,562.060
2026-07-03 16:00:00,562.070,567.980,561.800,567.190
2026-07-03 20:00:00,567.200,568.900,563.690,566.140
2026-07-04 00:00:00,566.140,571.850,565.000,570.100
2026-07-04 04:00:00,570.090,575.630,569.880,574.230
2026-07-04 08:00:00,574.230,576.160,571.370,572.660
2026-07-04 12:00:00,572.660,573.650,569.040,570.150
2026-07-04 16:00:00,570.140,576.700,569.610,572.250
2026-07-04 20:00:00,572.250,578.700,572.220,577.130
2026-07-05 00:00:00,577.120,579.240,574.810,575.810
2026-07-05 04:00:00,575.800,578.600,572.820,575.760
2026-07-05 08:00:00,575.760,575.860,568.580,570.760
2026-07-05 12:00:00,570.770,576.250,570.210,576.060
2026-07-05 16:00:00,576.050,579.500,573.080,577.380
2026-07-05 20:00:00,577.370,590.310,576.500,587.720
2026-07-06 00:00:00,587.710,592.430,583.830,589.840
2026-07-06 04:00:00,589.840,593.830,585.880,590.320
2026-07-06 08:00:00,590.310,593.580,583.300,585.790
2026-07-06 12:00:00,585.790,586.090,581.290,582.460
2026-07-06 16:00:00,582.460,583.220,576.350,578.120
2026-07-06 20:00:00,578.120,585.330,570.480,585.080
2026-07-07 00:00:00,585.080,586.940,583.170,585.590
2026-07-07 04:00:00,585.590,592.600,583.860,586.380
2026-07-07 08:00:00,586.380,588.190,578.500,579.500
2026-07-07 12:00:00,579.500,581.070,576.680,578.630
2026-07-07 16:00:00,578.630,580.860,576.910,580.660
2026-07-07 20:00:00,580.660,586.000,575.570,585.070
2026-07-08 00:00:00,585.070,587.470,580.440,583.730
2026-07-08 04:00:00,583.720,584.150,576.670,577.110
2026-07-08 08:00:00,577.110,579.330,567.500,569.380
2026-07-08 12:00:00,569.380,570.730,565.510,568.180
2026-07-08 16:00:00,568.180,569.100,560.580,566.400
2026-07-08 20:00:00,566.390,567.710,561.210,562.680
2026-07-09 00:00:00,562.680,568.330,561.950,567.320
2026-07-09 04:00:00,567.330,569.290,565.110,568.980
2026-07-09 08:00:00,568.970,573.200,565.710,568.630
2026-07-09 12:00:00,568.640,577.000,568.000,573.180
2026-07-09 16:00:00,573.180,573.890,569.300,570.120
2026-07-09 20:00:00,570.120,573.470,568.350,571.420
2026-07-10 00:00:00,571.420,574.070,569.610,570.620
2026-07-10 04:00:00,570.620,571.530,568.990,569.050
2026-07-10 08:00:00,569.050,577.030,568.400,575.920
2026-07-10 12:00:00,575.930,578.650,574.210,574.410
2026-07-10 16:00:00,574.420,578.040,574.280,575.990
2026-07-10 20:00:00,576.000,577.390,569.960,574.210
2026-07-11 00:00:00,574.200,578.810,574.160,576.310
2026-07-11 04:00:00,576.320,577.410,574.990,575.720
2026-07-11 08:00:00,575.730,576.420,573.380,575.290
2026-07-11 12:00:00,575.280,578.080,574.760,577.270
2026-07-11 16:00:00,577.260,580.300,576.970,579.740
2026-07-11 20:00:00,579.740,583.420,578.290,580.210
2026-07-12 00:00:00,580.220,581.860,579.580,580.950
2026-07-12 04:00:00,580.940,582.470,574.910,574.910
2026-07-12 08:00:00,574.910,576.180,570.520,575.640
2026-07-12 12:00:00,575.630,576.190,570.240,572.600
2026-07-12 16:00:00,572.600,580.870,572.480,580.470
2026-07-12 20:00:00,580.480,585.070,579.750,581.470
2026-07-13 00:00:00,581.460,582.500,579.060,580.190
2026-07-13 04:00:00,580.190,580.290,573.120,574.140
2026-07-13 08:00:00,574.130,580.200,566.870,569.310
2026-07-13 12:00:00,569.310,570.910,566.510,570.290
2026-07-13 16:00:00,570.300,571.410,568.680,570.040
2026-07-13 20:00:00,570.040,572.160,565.730,568.940
2026-07-14 00:00:00,568.940,569.170,562.520,566.470
2026-07-14 04:00:00,566.470,567.850,563.530,567.850
2026-07-14 08:00:00,567.850,570.860,567.010,570.390
2026-07-14 12:00:00,570.380,572.060,569.180,570.360
2026-07-14 16:00:00,570.360,572.000,569.420,571.200
2026-07-14 20:00:00,571.210,585.000,570.500,583.330
2026-07-15 00:00:00,583.330,583.870,579.500,581.000
2026-07-15 04:00:00,581.000,583.370,579.670,582.220
2026-07-15 08:00:00,582.230,583.560,579.570,581.140
2026-07-15 12:00:00,581.130,582.710,576.800,576.840
2026-07-15 16:00:00,576.850,579.410,576.190,579.300
2026-07-15 20:00:00,579.300,585.770,577.510,582.080
2026-07-16 00:00:00,582.090,582.350,576.900,579.940
2026-07-16 04:00:00,579.930,582.400,579.670,581.030
2026-07-16 08:00:00,581.030,582.870,578.200,581.800
2026-07-16 12:00:00,581.800,586.340,579.350,580.250
2026-07-16 16:00:00,580.250,580.500,574.860,578.450
2026-07-16 20:00:00,578.450,581.640,576.000,579.940
2026-07-17 00:00:00,579.930,579.950,574.490,576.090
2026-07-17 04:00:00,576.100,577.370,572.000,572.790
2026-07-17 08:00:00,572.790,575.180,570.610,572.750
2026-07-17 12:00:00,572.750,573.080,566.310,566.340
2026-07-17 16:00:00,566.350,566.350,563.140,565.190
2026-07-17 20:00:00,565.190,565.560,555.690,563.250
2026-07-18 00:00:00,563.250,568.390,562.490,568.360
2026-07-18 04:00:00,568.360,569.500,566.900,568.420
2026-07-18 08:00:00,568.420,569.520,566.690,568.770
2026-07-18 12:00:00,568.770,568.810,566.700,568.200
2026-07-18 16:00:00,568.190,570.890,567.950,570.120
2026-07-18 20:00:00,570.120,572.430,569.220,571.150
2026-07-19 00:00:00,571.140,573.100,570.340,570.980
2026-07-19 04:00:00,570.980,572.870,570.000,570.990
2026-07-19 08:00:00,570.990,572.950,569.070,569.470
2026-07-19 12:00:00,569.460,570.000,567.620,569.330
2026-07-19 16:00:00,569.330,570.440,567.510,568.410
2026-07-19 20:00:00,568.420,571.300,567.300,570.510
2026-07-20 00:00:00,570.510,570.790,566.580,568.410
2026-07-20 04:00:00,568.420,572.110,568.210,571.430
2026-07-20 08:00:00,571.430,574.410,568.500,570.460
2026-07-20 12:00:00,570.460,570.530,563.010,567.020
2026-07-20 16:00:00,567.020,571.840,564.650,571.500
2026-07-20 20:00:00,571.490,575.150,565.300,574.340
2026-07-21 00:00:00,574.330,575.680,571.410,571.680
2026-07-21 04:00:00,571.680,573.370,570.140,571.570
2026-07-21 08:00:00,571.580,575.730,571.070,575.590
2026-07-21 12:00:00,575.600,577.380,574.050,577.220
2026-07-21 16:00:00,577.230,580.200,576.600,577.100
2026-07-21 20:00:00,577.110,578.460,574.790,575.530
2026-07-22 00:00:00,575.520,576.050,572.630,573.170
2026-07-22 04:00:00,573.160,574.570,572.050,574.370
2026-07-22 08:00:00,574.360,576.020,571.280,571.430
2026-07-22 12:00:00,571.430,572.950,567.360,568.530
2026-07-22 16:00:00,568.530,572.160,568.450,571.340
2026-07-22 20:00:00,571.340,575.560,569.650,572.880
2026-07-23 00:00:00,572.880,575.830,569.200,570.450
2026-07-23 04:00:00,570.450,572.480,569.720,571.390
2026-07-23 08:00:00,571.390,572.550,570.000,570.640
2026-07-23 12:00:00,570.630,570.910,568.500,570.120
2026-07-23 16:00:00,570.120,571.860,569.540,570.400
2026-07-23 20:00:00,570.390,570.700,563.930,567.900
2026-07-24 00:00:00,567.900,568.050,565.370,566.950
2026-07-24 04:00:00,566.950,569.170,566.400,567.710
2026-07-24 08:00:00,567.700,570.770,566.160,569.490
2026-07-24 12:00:00,569.480,571.620,567.100,569.730
2026-07-24 16:00:00,569.740,569.870,565.390,567.180
2026-07-24 20:00:00,567.180,567.180,556.120,561.630
2026-07-25 00:00:00,561.630,566.770,560.080,565.480
2026-07-25 04:00:00,565.480,565.990,563.770,565.260
2026-07-25 08:00:00,565.250,566.840,564.580,565.700
2026-07-25 12:00:00,565.700,566.300,564.150,565.060
2026-07-25 16:00:00,565.060,566.450,564.630,566.050
2026-07-25 20:00:00,566.040,569.800,565.310,567.680
2026-07-26 00:00:00,567.670,569.500,566.950,569.040
2026-07-26 04:00:00,569.040,570.400,568.530,569.320
2026-07-26 08:00:00,569.330,571.240,569.320,570.770
2026-07-26 12:00:00,570.760,573.320,570.220,571.970
2026-07-26 16:00:00,571.970,572.840,570.800,571.060
2026-07-26 20:00:00,571.060,574.370,570.410,574.190
2026-07-27 00:00:00,574.200,575.200,572.480,573.990
2026-07-27 04:00:00,573.980,576.900,573.160,575.610
2026-07-27 08:00:00,575.620,576.030,571.710,573.900
2026-07-27 12:00:00,573.910,577.600,573.360,574.980
2026-07-27 16:00:00,574.990,575.480,572.040,573.260
2026-07-27 20:00:00,573.260,577.350,565.970,568.870
2026-07-28 00:00:00,568.870,576.400,568.280,575.900
2026-07-28 04:00:00,575.900,576.170,565.590,566.550
2026-07-28 08:00:00,566.560,567.550,562.490,566.840
2026-07-28 12:00:00,566.850,567.120,564.860,566.130
2026-07-28 16:00:00,566.130,567.740,565.200,567.130
2026-07-28 20:00:00,567.140,576.100,563.570,573.700
2026-07-29 00:00:00,573.710,574.410,567.380,571.260
2026-07-29 04:00:00,571.270,572.390,568.600,571.600
2026-07-29 08:00:00,571.600,573.860,567.340,567.750
2026-07-29 12:00:00,567.750,572.500,566.300,572.270
2026-07-29 16:00:00,572.270,573.630,570.400,571.060
2026-07-29 20:00:00,571.060,571.130,567.710,568.920
2026-07-30 00:00:00,568.930,574.000,567.670,568.850
2026-07-30 04:00:00,568.850,573.000,565.520,572.410
2026-07-30 08:00:00,572.410,577.950,571.380,573.840
2026-07-30 12:00:00,573.840,576.450,571.910,575.080
2026-07-30 16:00:00,575.080,591.850,574.790,589.440
2026-07-30 20:00:00,589.430,591.520,585.820,591.500
2026-07-31 00:00:00,591.500,596.600,591.440,595.020
2026-07-31 04:00:00,595.020,595.650,591.140,592.380
2026-07-31 08:00:00,592.380,594.760,586.010,589.740
2026-07-31 12:00:00,589.740,593.260,588.750,590.190
2026-07-31 16:00:00,590.200,594.320,588.500,592.390
2026-07-31 20:00:00,592.390,595.860,584.370,585.800
2026-08-01 00:00:00,585.790,590.430,585.630,588.530
2026-08-01 04:00:00,588.530,589.340,586.680,587.320
2026-08-01 08:00:00,587.320,591.850,587.320,589.690
2026-08-01 12:00:00,589.700,593.250,589.150,590.560
2026-08-01 16:00:00,590.560,590.970,580.000,580.650
2026-08-01 20:00:00,580.650,580.830,576.690,576.830
2026-08-02 00:00:00,576.840,579.070,573.700,576.110
2026-08-02 04:00:00,576.120,576.930,575.140,575.460
2026-08-02 08:00:00,575.470,583.440,574.280,582.640
2026-08-02 12:00:00,582.640,586.480,582.640,585.790
2026-08-02 16:00:00,585.790,585.970,581.830,582.440
2026-08-02 20:00:00,582.440,587.980,581.590,586.680
2026-08-03 00:00:00,586.690,591.590,586.240,589.810
2026-08-03 04:00:00,589.810,591.200,588.080,588.860
2026-08-03 08:00:00,588.860,588.900,583.270,583.490
2026-08-03 12:00:00,583.490,584.760,582.120,584.010
2026-08-03 16:00:00,584.010,588.190,581.430,586.180
2026-08-03 20:00:00,586.180,594.190,584.820,592.970
2026-08-04 00:00:00,592.970,594.770,591.560,591.820
2026-08-04 04:00:00,591.820,592.890,589.410,589.720
2026-08-04 08:00:00,589.720,593.000,589.200,591.230
2026-08-04 12:00:00,591.220,593.490,589.710,591.000
2026-08-04 16:00:00,591.000,592.410,588.240,592.110
2026-08-04 20:00:00,592.110,595.200,589.070,593.590
2026-08-05 00:00:00,593.590,595.400,592.510,594.130
2026-08-05 04:00:00,594.130,595.140,592.860,593.580
2026-08-05 08:00:00,593.570,606.080,592.590,599.180
2026-08-05 12:00:00,599.180,603.240,598.290,600.470
2026-08-05 16:00:00,600.480,601.340,595.490,597.000
2026-08-05 20:00:00,597.000,604.230,596.650,600.230
2026-08-06 00:00:00,600.240,602.870,597.360,600.060
2026-08-06 04:00:00,600.060,600.420,592.090,594.150
2026-08-06 08:00:00,594.150,597.240,592.210,594.870
2026-08-06 12:00:00,594.880,598.730,594.350,595.650
2026-08-06 16:00:00,595.650,596.580,592.710,594.360
2026-08-06 20:00:00,594.360,594.780,591.010,592.700
2026-08-07 00:00:00,592.710,594.000,590.110,590.700
2026-08-07 04:00:00,590.700,592.920,590.530,592.600
2026-08-07 08:00:00,592.600,594.930,592.240,593.150
2026-08-07 12:00:00,593.150,593.210,585.600,585.830
2026-08-07 16:00:00,585.820,592.370,585.640,591.780
2026-08-07 20:00:00,591.770,593.830,590.700,592.710
2026-08-08 00:00:00,592.710,594.850,591.450,593.730
2026-08-08 04:00:00,593.730,594.100,592.530,592.810
2026-08-08 08:00:00,592.820,594.150,591.080,593.780
2026-08-08 12:00:00,593.770,595.650,593.030,594.910
2026-08-08 16:00:00,594.920,596.880,594.100,596.810
2026-08-08 20:00:00,596.800,612.460,595.650,605.530
2026-08-09 00:00:00,605.540,607.920,603.000,603.660
2026-08-09 04:00:00,603.660,603.660,599.340,601.000
2026-08-09 08:00:00,601.000,604.770,600.490,600.760
2026-08-09 12:00:00,600.760,604.120,600.690,603.480
2026-08-09 16:00:00,603.490,605.050,601.450,604.340
2026-08-09 20:00:00,604.340,612.090,603.500,608.970
2026-08-10 00:00:00,608.970,609.810,607.870,608.120
2026-08-10 04:00:00,608.120,611.950,602.070,602.500
2026-08-10 08:00:00,602.510,607.200,601.600,602.870
2026-08-10 12:00:00,602.880,605.300,601.220,604.350
2026-08-10 16:00:00,604.350,607.090,603.910,605.580
2026-08-10 20:00:00,605.580,606.000,600.000,601.440
2026-08-11 00:00:00,601.450,602.900,597.610,601.040
2026-08-11 04:00:00,601.040,601.860,598.640,599.540
2026-08-11 08:00:00,599.550,601.330,599.390,600.680
2026-08-11 12:00:00,600.680,602.870,598.750,602.850
2026-08-11 16:00:00,602.850,608.920,602.730,608.750
2026-08-11 20:00:00,608.750,615.500,605.820,608.790
2026-08-12 00:00:00,608.780,612.200,608.130,612.050
2026-08-12 04:00:00,612.060,618.110,611.480,616.950
2026-08-12 08:00:00,616.960,620.880,613.420,613.620
2026-08-12 12:00:00,613.610,616.190,609.170,612.670
2026-08-12 16:00:00,612.670,615.170,610.370,615.090
2026-08-12 20:00:00,615.080,615.940,608.900,611.160
2026-08-13 00:00:00,611.150,612.000,609.250,609.970
2026-08-13 04:00:00,609.980,612.500,609.090,610.700
2026-08-13 08:00:00,610.700,612.740,610.130,612.520
2026-08-13 12:00:00,612.520,615.230,611.010,613.880
2026-08-13 16:00:00,613.870,614.640,608.020,609.170
