日期时间(北京),开盘,最高,最低,收盘
2023-01-01 00:00:00,16586.10,16609.30,16562.00,16564.30
2023-01-01 04:00:00,16564.30,16569.70,16461.80,16537.60
2023-01-01 08:00:00,16537.50,16557.10,16504.00,16529.30
2023-01-01 12:00:00,16529.20,16545.70,16488.00,16519.60
2023-01-01 16:00:00,16519.50,16549.80,16496.80,16549.80
2023-01-01 20:00:00,16549.80,16565.90,16524.60,16553.10
2023-01-02 00:00:00,16553.00,16615.80,16552.60,16596.10
2023-01-02 04:00:00,16596.10,16618.80,16579.10,16610.30
2023-01-02 08:00:00,16610.40,16700.70,16541.20,16654.60
2023-01-02 12:00:00,16654.70,16767.80,16612.80,16712.50
2023-01-02 16:00:00,16712.60,16764.00,16696.00,16728.50
2023-01-02 20:00:00,16728.40,16744.80,16665.00,16729.20
2023-01-03 00:00:00,16729.20,16732.90,16702.60,16730.50
2023-01-03 04:00:00,16730.50,16799.00,16650.00,16666.00
2023-01-03 08:00:00,16665.90,16699.70,16639.50,16684.50
2023-01-03 12:00:00,16684.40,16774.00,16675.20,16723.10
2023-01-03 16:00:00,16723.10,16750.50,16691.70,16714.20
2023-01-03 20:00:00,16714.20,16764.90,16610.00,16670.80
2023-01-04 00:00:00,16670.90,16680.10,16600.30,16637.70
2023-01-04 04:00:00,16637.60,16688.20,16636.00,16667.20
2023-01-04 08:00:00,16667.30,16870.00,16645.70,16855.90
2023-01-04 12:00:00,16855.90,16904.40,16832.30,16862.50
2023-01-04 16:00:00,16862.50,16913.60,16824.50,16826.80
2023-01-04 20:00:00,16826.70,16852.10,16759.30,16846.50
2023-01-05 00:00:00,16846.50,16984.60,16777.70,16835.90
2023-01-05 04:00:00,16835.90,16860.90,16766.00,16842.10
2023-01-05 08:00:00,16842.20,16869.00,16800.00,16819.00
2023-01-05 12:00:00,16819.00,16840.70,16782.40,16816.10
2023-01-05 16:00:00,16816.10,16830.00,16775.10,16827.00
2023-01-05 20:00:00,16827.00,16872.80,16740.40,16836.60
2023-01-06 00:00:00,16836.70,16867.80,16794.00,16856.40
2023-01-06 04:00:00,16856.30,16863.40,16810.00,16823.80
2023-01-06 08:00:00,16823.80,16865.00,16795.60,16825.10
2023-01-06 12:00:00,16825.00,16828.00,16773.00,16785.60
2023-01-06 16:00:00,16785.60,16805.30,16685.20,16731.40
2023-01-06 20:00:00,16731.50,16843.00,16664.80,16834.20
2023-01-07 00:00:00,16834.10,16960.00,16801.60,16932.60
2023-01-07 04:00:00,16932.70,17030.00,16881.00,16943.80
2023-01-07 08:00:00,16943.90,16973.60,16924.80,16944.40
2023-01-07 12:00:00,16944.30,16945.00,16915.80,16939.80
2023-01-07 16:00:00,16939.80,16946.40,16903.00,16912.30
2023-01-07 20:00:00,16912.30,16944.00,16900.10,16934.50
2023-01-08 00:00:00,16934.50,16939.60,16910.40,16937.30
2023-01-08 04:00:00,16937.30,16945.80,16922.90,16936.50
2023-01-08 08:00:00,16936.50,16949.30,16905.00,16939.00
2023-01-08 12:00:00,16938.90,16947.50,16927.50,16945.50
2023-01-08 16:00:00,16945.50,16960.00,16917.80,16918.60
2023-01-08 20:00:00,16918.50,17015.60,16912.70,16991.00
2023-01-09 00:00:00,16990.90,17015.10,16910.20,16920.30
2023-01-09 04:00:00,16920.30,17181.10,16916.50,17124.70
2023-01-09 08:00:00,17124.60,17245.10,17098.20,17188.10
2023-01-09 12:00:00,17188.10,17248.00,17171.70,17189.70
2023-01-09 16:00:00,17189.80,17277.70,17180.00,17232.20
2023-01-09 20:00:00,17232.20,17325.00,17181.90,17260.40
2023-01-10 00:00:00,17260.40,17387.80,17259.60,17285.70
2023-01-10 04:00:00,17285.60,17302.30,17118.30,17169.70
2023-01-10 08:00:00,17169.60,17227.70,17140.40,17199.90
2023-01-10 12:00:00,17199.90,17228.00,17181.80,17194.70
2023-01-10 16:00:00,17194.60,17278.00,17181.20,17244.40
2023-01-10 20:00:00,17244.30,17368.70,17204.40,17317.50
2023-01-11 00:00:00,17317.60,17448.00,17273.30,17424.10
2023-01-11 04:00:00,17424.10,17485.40,17393.30,17428.80
2023-01-11 08:00:00,17428.80,17500.00,17360.00,17407.70
2023-01-11 12:00:00,17407.70,17456.00,17380.00,17437.10
2023-01-11 16:00:00,17437.10,17464.00,17399.50,17428.70
2023-01-11 20:00:00,17428.60,17429.70,17306.40,17325.30
2023-01-12 00:00:00,17325.20,17550.90,17320.30,17540.60
2023-01-12 04:00:00,17540.70,18013.20,17501.40,17935.70
2023-01-12 08:00:00,17935.60,18400.00,17902.40,18217.20
2023-01-12 12:00:00,18217.10,18233.00,18070.00,18129.30
2023-01-12 16:00:00,18129.20,18220.00,18062.00,18194.50
2023-01-12 20:00:00,18194.40,18377.40,17907.30,18077.70
2023-01-13 00:00:00,18077.60,19062.50,18045.70,18877.20
2023-01-13 04:00:00,18877.30,19120.00,18758.50,18838.00
2023-01-13 08:00:00,18838.10,18881.70,18711.00,18871.60
2023-01-13 12:00:00,18871.50,18875.40,18770.50,18817.70
2023-01-13 16:00:00,18817.70,19050.00,18803.90,18911.70
2023-01-13 20:00:00,18911.70,19299.20,18801.40,19252.50
2023-01-14 00:00:00,19252.60,19398.00,19053.00,19354.20
2023-01-14 04:00:00,19354.10,19997.80,19307.40,19924.20
2023-01-14 08:00:00,19924.30,21544.00,19882.60,20996.30
2023-01-14 12:00:00,20996.20,21060.00,20801.30,20913.10
2023-01-14 16:00:00,20913.00,21045.00,20257.30,20733.40
2023-01-14 20:00:00,20733.30,21240.00,20544.00,20796.90
2023-01-15 00:00:00,20796.90,20930.50,20670.70,20796.80
2023-01-15 04:00:00,20796.80,21092.00,20773.90,20962.80
2023-01-15 08:00:00,20962.80,21012.00,20556.00,20736.50
2023-01-15 12:00:00,20736.50,20798.00,20673.90,20750.00
2023-01-15 16:00:00,20750.10,20780.00,20581.40,20737.40
2023-01-15 20:00:00,20737.40,21028.00,20661.10,20925.00
2023-01-16 00:00:00,20925.00,21073.80,20670.00,20877.20
2023-01-16 04:00:00,20877.30,20970.00,20750.00,20882.70
2023-01-16 08:00:00,20882.70,21449.30,20780.20,21084.30
2023-01-16 12:00:00,21084.30,21276.00,21048.00,21116.00
2023-01-16 16:00:00,21116.00,21121.70,20619.00,20821.70
2023-01-16 20:00:00,20821.80,21079.90,20606.60,21000.60
2023-01-17 00:00:00,21000.60,21431.00,20921.00,21314.40
2023-01-17 04:00:00,21314.50,21498.00,21056.00,21188.30
2023-01-17 08:00:00,21188.20,21308.90,20827.80,21129.60
2023-01-17 12:00:00,21129.60,21237.00,21062.10,21134.70
2023-01-17 16:00:00,21134.80,21252.00,21077.70,21218.60
2023-01-17 20:00:00,21218.60,21640.00,21024.30,21175.60
2023-01-18 00:00:00,21175.70,21426.00,21080.30,21337.20
2023-01-18 04:00:00,21337.30,21410.80,21123.10,21130.90
2023-01-18 08:00:00,21130.80,21376.30,21103.60,21254.10
2023-01-18 12:00:00,21254.10,21317.90,21226.60,21307.70
2023-01-18 16:00:00,21307.80,21318.10,21132.10,21201.60
2023-01-18 20:00:00,21201.70,21672.00,20810.00,21035.50
2023-01-19 00:00:00,21035.50,21138.00,20386.00,20905.10
2023-01-19 04:00:00,20905.00,20937.80,20621.10,20680.00
2023-01-19 08:00:00,20680.10,20822.00,20659.90,20748.90
2023-01-19 12:00:00,20748.90,20882.00,20745.10,20818.20
2023-01-19 16:00:00,20818.20,20848.00,20707.40,20741.30
2023-01-19 20:00:00,20741.30,20962.70,20661.00,20870.70
2023-01-20 00:00:00,20870.80,21140.00,20786.80,21090.00
2023-01-20 04:00:00,21090.10,21183.90,20913.40,21068.30
2023-01-20 08:00:00,21068.30,21223.20,21011.40,21086.20
2023-01-20 12:00:00,21086.20,21125.00,20856.40,20954.20
2023-01-20 16:00:00,20954.10,20991.90,20895.40,20957.60
2023-01-20 20:00:00,20957.50,21250.00,20952.20,21139.70
2023-01-21 00:00:00,21139.70,21535.00,21136.10,21494.20
2023-01-21 04:00:00,21494.10,22750.00,21493.80,22661.10
2023-01-21 08:00:00,22661.00,22812.40,22422.00,22541.70
2023-01-21 12:00:00,22541.80,22678.60,22511.20,22631.50
2023-01-21 16:00:00,22631.60,23330.00,22555.00,22903.50
2023-01-21 20:00:00,22903.50,23288.00,22847.80,22996.20
2023-01-22 00:00:00,22996.20,23390.00,22980.00,23271.90
2023-01-22 04:00:00,23271.90,23298.20,22670.00,22781.90
2023-01-22 08:00:00,22781.80,22974.30,22600.20,22766.10
2023-01-22 12:00:00,22766.00,22967.00,22720.00,22893.20
2023-01-22 16:00:00,22893.20,22934.10,22733.00,22785.50
2023-01-22 20:00:00,22785.60,23080.20,22631.10,22792.90
2023-01-23 00:00:00,22793.00,22962.80,22681.00,22720.00
2023-01-23 04:00:00,22720.00,22770.00,22287.00,22704.60
2023-01-23 08:00:00,22704.70,22825.90,22645.60,22657.60
2023-01-23 12:00:00,22657.60,22793.30,22596.80,22692.40
2023-01-23 16:00:00,22692.40,22960.00,22661.90,22906.50
2023-01-23 20:00:00,22906.40,23160.00,22500.00,22852.00
2023-01-24 00:00:00,22852.10,23193.10,22653.00,22789.60
2023-01-24 04:00:00,22789.60,23043.90,22756.10,22913.10
2023-01-24 08:00:00,22913.30,23142.00,22863.30,23078.20
2023-01-24 12:00:00,23078.20,23158.70,23000.00,23052.30
2023-01-24 16:00:00,23052.30,23086.40,22760.00,22912.00
2023-01-24 20:00:00,22912.10,23036.00,22677.90,22924.00
2023-01-25 00:00:00,22924.00,23085.10,22782.00,23015.00
2023-01-25 04:00:00,23015.10,23073.60,22450.00,22627.40
2023-01-25 08:00:00,22627.50,22699.00,22310.50,22641.00
2023-01-25 12:00:00,22641.10,22766.70,22600.00,22703.90
2023-01-25 16:00:00,22703.90,22730.00,22460.80,22595.90
2023-01-25 20:00:00,22595.80,22747.10,22327.20,22573.30
2023-01-26 00:00:00,22573.40,22757.00,22508.10,22743.40
2023-01-26 04:00:00,22743.40,23837.40,22743.40,23060.60
2023-01-26 08:00:00,23060.60,23278.70,23040.10,23129.40
2023-01-26 12:00:00,23129.50,23189.30,22885.70,22961.30
2023-01-26 16:00:00,22961.30,23041.10,22843.80,22985.40
2023-01-26 20:00:00,22985.40,23241.90,22856.00,22947.30
2023-01-27 00:00:00,22947.20,23099.10,22850.00,23063.40
2023-01-27 04:00:00,23063.40,23161.00,22955.00,23001.90
2023-01-27 08:00:00,23001.90,23068.70,22516.60,22762.20
2023-01-27 12:00:00,22762.20,23098.00,22750.00,23068.10
2023-01-27 16:00:00,23068.10,23080.00,22900.10,22964.50
2023-01-27 20:00:00,22964.40,23145.30,22830.00,22928.80
2023-01-28 00:00:00,22928.80,23280.20,22919.00,23246.70
2023-01-28 04:00:00,23246.80,23500.00,22940.00,23068.00
2023-01-28 08:00:00,23068.10,23185.00,23033.90,23109.00
2023-01-28 12:00:00,23108.90,23124.30,22942.90,22984.30
2023-01-28 16:00:00,22984.30,23011.40,22880.00,22973.40
2023-01-28 20:00:00,22973.40,23038.00,22870.80,23004.70
2023-01-29 00:00:00,23004.60,23050.60,22968.10,23033.10
2023-01-29 04:00:00,23033.20,23036.20,22935.10,23015.90
2023-01-29 08:00:00,23016.00,23520.00,22961.50,23190.00
2023-01-29 12:00:00,23190.00,23266.00,23143.10,23200.40
2023-01-29 16:00:00,23200.40,23680.00,23151.00,23430.00
2023-01-29 20:00:00,23430.00,23675.80,23351.60,23522.70
2023-01-30 00:00:00,23522.70,23962.70,23473.70,23896.60
2023-01-30 04:00:00,23896.50,23910.10,23600.00,23740.30
2023-01-30 08:00:00,23740.20,23804.60,23568.00,23700.80
2023-01-30 12:00:00,23700.80,23767.00,23600.00,23648.10
2023-01-30 16:00:00,23648.00,23678.60,23001.00,23075.20
2023-01-30 20:00:00,23075.20,23295.80,22930.00,23178.60
2023-01-31 00:00:00,23178.60,23247.00,22600.00,22783.70
2023-01-31 04:00:00,22783.60,22837.00,22484.20,22819.90
2023-01-31 08:00:00,22819.90,22913.60,22715.30,22826.70
2023-01-31 12:00:00,22826.60,22980.00,22735.50,22967.70
2023-01-31 16:00:00,22967.70,22986.80,22803.00,22856.90
2023-01-31 20:00:00,22857.00,23200.00,22843.40,23113.90
2023-02-01 00:00:00,23114.00,23221.60,23072.80,23154.60
2023-02-01 04:00:00,23154.60,23330.00,22804.00,23119.40
2023-02-01 08:00:00,23119.50,23177.70,22988.00,23127.30
2023-02-01 12:00:00,23127.40,23160.40,23011.50,23071.00
2023-02-01 16:00:00,23070.90,23100.00,22911.30,23076.10
2023-02-01 20:00:00,23076.10,23143.60,22935.30,22975.70
2023-02-02 00:00:00,22975.60,23495.00,22747.00,23379.90
2023-02-02 04:00:00,23379.80,23852.40,23320.00,23730.00
2023-02-02 08:00:00,23730.10,24281.40,23694.50,23852.20
2023-02-02 12:00:00,23852.10,23927.50,23660.00,23787.00
2023-02-02 16:00:00,23787.00,23860.00,23750.40,23827.00
2023-02-02 20:00:00,23827.00,23950.00,23520.00,23843.30
2023-02-03 00:00:00,23843.40,24149.00,23723.50,23804.90
2023-02-03 04:00:00,23804.80,23933.50,23365.00,23493.10
2023-02-03 08:00:00,23493.00,23592.00,23412.00,23534.90
2023-02-03 12:00:00,23535.00,23568.50,23450.00,23457.10
2023-02-03 16:00:00,23457.10,23540.00,23328.80,23532.90
2023-02-03 20:00:00,23532.90,23712.70,23222.00,23601.10
2023-02-04 00:00:00,23601.10,23719.90,23296.40,23308.20
2023-02-04 04:00:00,23308.20,23465.40,23201.00,23424.70
2023-02-04 08:00:00,23424.70,23464.00,23330.10,23340.80
2023-02-04 12:00:00,23340.80,23358.20,23250.00,23322.40
2023-02-04 16:00:00,23322.40,23376.80,23288.30,23359.20
2023-02-04 20:00:00,23359.20,23591.40,23335.40,23420.10
2023-02-05 00:00:00,23420.10,23474.40,23355.00,23427.30
2023-02-05 04:00:00,23427.40,23450.00,23258.00,23322.60
2023-02-05 08:00:00,23322.60,23367.50,23211.00,23343.40
2023-02-05 12:00:00,23343.30,23436.00,23327.50,23377.00
2023-02-05 16:00:00,23377.00,23418.70,23344.60,23354.10
2023-02-05 20:00:00,23354.20,23373.60,23000.00,23094.20
2023-02-06 00:00:00,23094.20,23155.50,22741.00,22889.50
2023-02-06 04:00:00,22889.60,23025.00,22787.80,22929.20
2023-02-06 08:00:00,22929.30,23094.00,22817.10,22891.90
2023-02-06 12:00:00,22892.00,22924.00,22600.00,22873.00
2023-02-06 16:00:00,22873.10,22935.00,22733.90,22876.10
2023-02-06 20:00:00,22876.10,23054.90,22735.00,23040.50
2023-02-07 00:00:00,23040.50,23159.40,22922.20,23026.20
2023-02-07 04:00:00,23026.30,23026.30,22622.10,22757.70
2023-02-07 08:00:00,22757.80,22897.20,22742.40,22870.90
2023-02-07 12:00:00,22870.90,22977.80,22854.80,22905.60
2023-02-07 16:00:00,22905.50,23061.00,22854.80,22970.40
2023-02-07 20:00:00,22970.40,23032.10,22869.00,22898.80
2023-02-08 00:00:00,22898.90,23368.60,22762.00,23086.10
2023-02-08 04:00:00,23086.10,23300.00,23024.30,23234.10
2023-02-08 08:00:00,23234.10,23450.00,23220.30,23250.60
2023-02-08 12:00:00,23250.50,23283.50,23173.70,23226.90
2023-02-08 16:00:00,23227.00,23232.20,23123.10,23152.80
2023-02-08 20:00:00,23152.80,23194.30,22849.90,22862.40
2023-02-09 00:00:00,22862.40,23029.90,22662.90,22867.30
2023-02-09 04:00:00,22867.40,22977.00,22766.40,22955.90
2023-02-09 08:00:00,22955.90,23007.80,22407.50,22511.60
2023-02-09 12:00:00,22511.60,22731.80,22341.10,22668.70
2023-02-09 16:00:00,22668.80,22766.00,22648.10,22677.40
2023-02-09 20:00:00,22677.50,22840.00,22550.00,22603.80
2023-02-10 00:00:00,22603.80,22614.70,21862.10,22027.30
2023-02-10 04:00:00,22027.30,22074.50,21684.70,21793.40
2023-02-10 08:00:00,21793.30,21933.80,21751.10,21817.50
2023-02-10 12:00:00,21817.50,21914.00,21595.80,21901.90
2023-02-10 16:00:00,21902.00,21917.80,21707.20,21726.60
2023-02-10 20:00:00,21726.70,21897.00,21484.00,21649.00
2023-02-11 00:00:00,21648.90,21794.40,21550.10,21764.00
2023-02-11 04:00:00,21764.00,21785.40,21405.00,21618.60
2023-02-11 08:00:00,21618.60,21718.80,21594.40,21668.80
2023-02-11 12:00:00,21668.80,21704.90,21630.60,21681.90
2023-02-11 16:00:00,21681.90,21696.20,21646.60,21689.20
2023-02-11 20:00:00,21689.20,21770.00,21651.10,21727.00
2023-02-12 00:00:00,21726.90,21728.70,21600.00,21652.60
2023-02-12 04:00:00,21652.60,21891.90,21635.50,21851.30
2023-02-12 08:00:00,21851.20,21874.70,21752.90,21772.10
2023-02-12 12:00:00,21772.10,21806.90,21754.00,21788.20
2023-02-12 16:00:00,21788.20,21959.00,21788.10,21877.60
2023-02-12 20:00:00,21877.60,22000.50,21750.00,21931.40
2023-02-13 00:00:00,21931.40,22080.90,21901.00,21983.10
2023-02-13 04:00:00,21983.10,22018.50,21618.00,21771.10
2023-02-13 08:00:00,21771.00,21865.40,21606.00,21800.90
2023-02-13 12:00:00,21800.90,21888.00,21781.50,21857.20
2023-02-13 16:00:00,21857.10,21865.10,21410.00,21595.90
2023-02-13 20:00:00,21595.90,21688.00,21544.80,21553.30
2023-02-14 00:00:00,21553.30,21668.00,21338.00,21597.80
2023-02-14 04:00:00,21597.90,21840.00,21552.50,21766.20
2023-02-14 08:00:00,21766.10,21806.50,21670.80,21691.80
2023-02-14 12:00:00,21691.80,21780.00,21676.50,21759.90
2023-02-14 16:00:00,21760.00,21880.00,21659.10,21798.90
2023-02-14 20:00:00,21798.90,22320.00,21485.20,22033.30
2023-02-15 00:00:00,22033.40,22230.80,21910.20,22196.70
2023-02-15 04:00:00,22196.80,22275.00,22110.40,22187.40
2023-02-15 08:00:00,22187.40,22190.80,22038.50,22088.90
2023-02-15 12:00:00,22088.90,22164.40,22061.20,22097.50
2023-02-15 16:00:00,22097.40,22500.00,22075.90,22433.00
2023-02-15 20:00:00,22433.00,22924.90,22432.90,22798.10
2023-02-16 00:00:00,22798.00,23345.70,22730.10,23310.60
2023-02-16 04:00:00,23310.60,24420.00,23285.90,24332.60
2023-02-16 08:00:00,24332.70,24934.10,24287.00,24741.00
2023-02-16 12:00:00,24741.00,24764.60,24427.00,24630.80
2023-02-16 16:00:00,24630.80,24678.00,24520.90,24580.00
2023-02-16 20:00:00,24580.00,25104.80,24312.00,25090.20
2023-02-17 00:00:00,25090.20,25290.00,24620.00,24879.00
2023-02-17 04:00:00,24879.10,24884.10,23518.00,23526.60
2023-02-17 08:00:00,23526.60,23924.70,23350.00,23839.10
2023-02-17 12:00:00,23839.00,23885.70,23612.00,23636.00
2023-02-17 16:00:00,23635.90,23870.00,23520.00,23792.60
2023-02-17 20:00:00,23792.60,24293.60,23701.10,24131.40
2023-02-18 00:00:00,24131.30,24562.90,23916.00,24526.70
2023-02-18 04:00:00,24526.80,25043.20,24031.10,24581.50
2023-02-18 08:00:00,24581.30,24799.20,24502.60,24619.90
2023-02-18 12:00:00,24619.90,24684.80,24430.60,24522.80
2023-02-18 16:00:00,24522.70,24614.00,24436.40,24525.60
2023-02-18 20:00:00,24525.70,24750.00,24494.40,24670.00
2023-02-19 00:00:00,24670.00,24887.50,24564.00,24610.10
2023-02-19 04:00:00,24610.00,24673.40,24516.70,24636.90
2023-02-19 08:00:00,24636.80,24777.00,24626.50,24687.00
2023-02-19 12:00:00,24687.00,24867.60,24553.60,24576.70
2023-02-19 16:00:00,24576.60,24710.40,24556.90,24665.40
2023-02-19 20:00:00,24665.30,25073.50,24655.70,24929.70
2023-02-20 00:00:00,24929.70,25200.00,24259.20,24512.50
2023-02-20 04:00:00,24512.50,24578.40,24179.40,24265.90
2023-02-20 08:00:00,24265.90,24471.10,23827.00,24414.90
2023-02-20 12:00:00,24414.90,24555.50,24398.70,24500.10
2023-02-20 16:00:00,24500.10,24990.00,24361.20,24895.90
2023-02-20 20:00:00,24896.00,25140.00,24720.20,24944.60
2023-02-21 00:00:00,24944.70,24955.10,24585.10,24878.50
2023-02-21 04:00:00,24878.40,24891.50,24651.20,24849.90
2023-02-21 08:00:00,24849.90,25120.00,24787.20,24926.20
2023-02-21 12:00:00,24926.20,25053.90,24855.20,25004.60
2023-02-21 16:00:00,25004.60,25347.60,24525.00,24572.60
2023-02-21 20:00:00,24572.60,24786.60,24388.00,24554.00
2023-02-22 00:00:00,24554.00,24745.00,24267.20,24607.70
2023-02-22 04:00:00,24607.70,24640.20,24150.00,24443.40
2023-02-22 08:00:00,24443.30,24468.50,23851.50,24198.80
2023-02-22 12:00:00,24198.70,24220.20,23925.50,24059.60
2023-02-22 16:00:00,24059.50,24215.90,23855.30,24156.40
2023-02-22 20:00:00,24156.40,24231.70,23621.00,23707.80
2023-02-23 00:00:00,23707.50,23970.00,23572.00,23781.70
2023-02-23 04:00:00,23781.70,24209.60,23730.00,24171.30
2023-02-23 08:00:00,24171.30,24588.00,24115.00,24444.30
2023-02-23 12:00:00,24444.30,24516.00,24301.10,24365.30
2023-02-23 16:00:00,24365.20,24483.00,23630.00,23767.60
2023-02-23 20:00:00,23767.60,24215.00,23590.00,23940.00
2023-02-24 00:00:00,23940.00,24047.40,23711.50,23962.20
2023-02-24 04:00:00,23962.30,24061.60,23750.00,23928.80
2023-02-24 08:00:00,23928.70,24138.60,23879.00,23945.10
2023-02-24 12:00:00,23945.10,23974.60,23754.00,23821.50
2023-02-24 16:00:00,23821.60,23970.00,23741.50,23876.40
2023-02-24 20:00:00,23876.30,24029.30,23310.50,23337.20
2023-02-25 00:00:00,23337.10,23339.30,22800.00,23172.30
2023-02-25 04:00:00,23172.30,23333.00,22966.00,23175.60
2023-02-25 08:00:00,23175.50,23210.50,23032.00,23064.90
2023-02-25 12:00:00,23064.90,23119.10,23010.10,23108.70
2023-02-25 16:00:00,23108.70,23147.60,22897.40,22974.00
2023-02-25 20:00:00,22973.90,23075.00,22845.60,22996.40
2023-02-26 00:00:00,22996.40,23078.70,22905.00,22975.70
2023-02-26 04:00:00,22975.70,23176.10,22700.00,23146.20
2023-02-26 08:00:00,23146.20,23243.20,23050.00,23201.80
2023-02-26 12:00:00,23201.80,23217.80,23077.20,23142.70
2023-02-26 16:00:00,23142.80,23286.50,23102.80,23244.20
2023-02-26 20:00:00,23244.20,23332.40,23115.40,23239.70
2023-02-27 00:00:00,23239.80,23533.00,23130.00,23491.00
2023-02-27 04:00:00,23491.00,23675.00,23310.00,23545.30
2023-02-27 08:00:00,23545.20,23634.90,23424.40,23541.00
2023-02-27 12:00:00,23541.00,23547.00,23331.00,23411.10
2023-02-27 16:00:00,23411.10,23445.90,23320.00,23420.00
2023-02-27 20:00:00,23419.90,23888.00,23369.10,23546.50
2023-02-28 00:00:00,23546.50,23603.90,23140.00,23262.50
2023-02-28 04:00:00,23262.50,23580.00,23088.00,23480.00
2023-02-28 08:00:00,23480.00,23539.00,23336.00,23454.30
2023-02-28 12:00:00,23454.30,23456.20,23210.00,23223.30
2023-02-28 16:00:00,23223.40,23420.00,23190.20,23381.60
2023-02-28 20:00:00,23381.50,23571.10,23300.50,23511.20
2023-03-01 00:00:00,23511.10,23592.80,23195.10,23251.00
2023-03-01 04:00:00,23251.10,23333.40,23010.00,23129.60
2023-03-01 08:00:00,23129.70,23488.20,23008.40,23431.60
2023-03-01 12:00:00,23431.60,23852.60,23414.80,23709.60
2023-03-01 16:00:00,23709.60,24022.70,23670.30,23736.80
2023-03-01 20:00:00,23736.90,23880.00,23558.00,23702.80
2023-03-02 00:00:00,23702.90,23739.00,23316.30,23342.90
2023-03-02 04:00:00,23342.80,23667.50,23281.60,23619.80
2023-03-02 08:00:00,23619.80,23790.50,23414.10,23487.10
2023-03-02 12:00:00,23487.10,23535.90,23325.00,23381.90
2023-03-02 16:00:00,23381.80,23460.00,23326.30,23405.60
2023-03-02 20:00:00,23405.70,23422.80,23183.00,23350.30
2023-03-03 00:00:00,23350.30,23497.00,23222.10,23456.60
2023-03-03 04:00:00,23456.70,23560.00,23372.20,23457.10
2023-03-03 08:00:00,23457.10,23468.50,21883.20,22306.30
2023-03-03 12:00:00,22306.40,22399.00,22234.00,22347.80
2023-03-03 16:00:00,22347.80,22474.00,22300.00,22333.90
2023-03-03 20:00:00,22333.90,22495.20,22120.10,22323.90
2023-03-04 00:00:00,22324.00,22437.90,22217.20,22348.30
2023-03-04 04:00:00,22348.30,22366.00,22126.00,22342.80
2023-03-04 08:00:00,22342.80,22379.20,22312.10,22339.40
2023-03-04 12:00:00,22339.40,22400.00,22262.20,22346.60
2023-03-04 16:00:00,22346.60,22367.40,22311.00,22338.10
2023-03-04 20:00:00,22338.00,22390.00,22292.90,22306.30
2023-03-05 00:00:00,22306.20,22335.50,22204.00,22238.70
2023-03-05 04:00:00,22238.70,22358.50,22147.50,22335.70
2023-03-05 08:00:00,22335.80,22650.00,22174.90,22374.20
2023-03-05 12:00:00,22374.20,22461.80,22354.20,22365.20
2023-03-05 16:00:00,22365.20,22439.60,22302.00,22380.10
2023-03-05 20:00:00,22380.10,22480.00,22380.10,22424.40
2023-03-06 00:00:00,22424.50,22450.60,22357.00,22394.00
2023-03-06 04:00:00,22394.00,22555.00,22310.00,22419.40
2023-03-06 08:00:00,22419.30,22499.40,22240.10,22378.00
2023-03-06 12:00:00,22378.00,22429.60,22306.00,22380.90
2023-03-06 16:00:00,22380.90,22443.90,22345.30,22370.00
2023-03-06 20:00:00,22369.90,22594.50,22348.00,22543.60
2023-03-07 00:00:00,22543.60,22576.10,22350.00,22382.80
2023-03-07 04:00:00,22382.90,22437.50,22307.90,22397.10
2023-03-07 08:00:00,22397.10,22550.00,22364.20,22449.10
2023-03-07 12:00:00,22449.10,22467.80,22402.50,22408.40
2023-03-07 16:00:00,22408.50,22419.70,22303.30,22339.80
2023-03-07 20:00:00,22339.80,22482.60,21908.00,22307.50
2023-03-08 00:00:00,22307.60,22387.60,22039.00,22118.60
2023-03-08 04:00:00,22118.50,22223.40,21929.00,22187.10
2023-03-08 08:00:00,22187.10,22276.40,22073.30,22141.80
2023-03-08 12:00:00,22141.80,22155.50,21800.00,21962.20
2023-03-08 16:00:00,21962.20,22135.00,21932.80,22061.20
2023-03-08 20:00:00,22061.10,22222.00,21880.00,22129.50
2023-03-09 00:00:00,22129.60,22209.20,21936.00,21993.70
2023-03-09 04:00:00,21993.80,22127.40,21540.50,21695.40
2023-03-09 08:00:00,21695.30,21798.00,21616.50,21762.60
2023-03-09 12:00:00,21762.60,21766.00,21660.00,21680.90
2023-03-09 16:00:00,21680.90,21694.50,21511.10,21664.40
2023-03-09 20:00:00,21664.40,21823.00,21550.00,21637.40
2023-03-10 00:00:00,21637.40,21666.40,20750.00,20845.60
2023-03-10 04:00:00,20845.60,20858.40,20003.50,20348.30
2023-03-10 08:00:00,20348.40,20351.80,19752.00,20042.10
2023-03-10 12:00:00,20042.10,20052.00,19757.00,19942.90
2023-03-10 16:00:00,19943.00,19967.60,19521.60,19750.00
2023-03-10 20:00:00,19749.90,20293.00,19650.00,19995.00
2023-03-11 00:00:00,19995.00,20298.00,19815.60,20015.30
2023-03-11 04:00:00,20014.50,20232.50,19835.00,20140.30
2023-03-11 08:00:00,20140.30,20674.50,20124.80,20381.20
2023-03-11 12:00:00,20381.30,20424.70,19812.20,19844.30
2023-03-11 16:00:00,19844.40,20200.00,19752.50,20077.60
2023-03-11 20:00:00,20077.50,20195.00,20017.30,20052.30
2023-03-12 00:00:00,20052.30,20348.30,19968.30,20210.00
2023-03-12 04:00:00,20209.90,20531.00,20206.70,20447.30
2023-03-12 08:00:00,20447.30,20490.00,20298.30,20367.40
2023-03-12 12:00:00,20367.70,20429.70,20262.20,20335.60
2023-03-12 16:00:00,20335.60,20488.50,20326.80,20435.00
2023-03-12 20:00:00,20434.90,20452.30,20270.00,20347.90
2023-03-13 00:00:00,20347.80,21350.00,20332.50,20770.50
2023-03-13 04:00:00,20770.60,22184.00,20750.80,21986.20
2023-03-13 08:00:00,21986.20,22598.00,21856.00,22221.70
2023-03-13 12:00:00,22221.80,22500.00,22213.80,22451.60
2023-03-13 16:00:00,22451.50,22542.00,21804.00,22092.60
2023-03-13 20:00:00,22092.60,24517.20,21945.00,24009.00
2023-03-14 00:00:00,24009.00,24437.90,23777.00,24314.60
2023-03-14 04:00:00,24314.60,24350.00,23935.70,24119.50
2023-03-14 08:00:00,24119.50,24507.00,23990.00,24379.90
2023-03-14 12:00:00,24379.90,24850.00,24148.00,24251.90
2023-03-14 16:00:00,24252.30,24844.40,24121.70,24747.30
2023-03-14 20:00:00,24747.40,26489.90,24405.00,25911.30
2023-03-15 00:00:00,25911.30,26025.70,24222.00,25065.50
2023-03-15 04:00:00,25066.40,25184.00,23951.00,24682.50
2023-03-15 08:00:00,24682.50,25088.00,24318.00,24741.60
2023-03-15 12:00:00,24741.60,24940.00,24609.40,24892.00
2023-03-15 16:00:00,24892.00,24937.70,24266.00,24782.60
2023-03-15 20:00:00,24782.60,25200.00,24364.70,24480.10
2023-03-16 00:00:00,24480.00,24534.40,23888.00,24379.80
2023-03-16 04:00:00,24379.80,24645.40,24222.60,24288.00
2023-03-16 08:00:00,24287.90,24440.00,24120.50,24271.90
2023-03-16 12:00:00,24271.90,24694.90,24178.00,24614.50
2023-03-16 16:00:00,24614.50,25060.00,24370.00,24821.40
2023-03-16 20:00:00,24821.40,25030.00,24516.00,24880.60
2023-03-17 00:00:00,24880.70,25167.90,24590.90,24945.90
2023-03-17 04:00:00,24945.90,25097.80,24602.50,24990.40
2023-03-17 08:00:00,24990.50,25896.50,24875.30,25769.90
2023-03-17 12:00:00,25769.90,26200.00,25638.80,26046.90
2023-03-17 16:00:00,26046.90,26980.00,25912.50,26914.10
2023-03-17 20:00:00,26914.10,26930.00,26120.00,26412.60
2023-03-18 00:00:00,26412.70,26850.00,26250.00,26830.00
2023-03-18 04:00:00,26830.00,27763.40,26571.20,27384.00
2023-03-18 08:00:00,27383.90,27726.40,27050.00,27293.30
2023-03-18 12:00:00,27293.40,27600.00,27205.00,27351.90
2023-03-18 16:00:00,27351.90,27500.00,27050.00,27440.00
2023-03-18 20:00:00,27439.90,27658.40,27037.00,27218.90
2023-03-19 00:00:00,27218.90,27490.00,26555.50,27322.90
2023-03-19 04:00:00,27322.80,27453.30,26790.00,26907.00
2023-03-19 08:00:00,26907.00,27269.10,26901.60,27194.70
2023-03-19 12:00:00,27194.80,27282.70,26815.90,26963.40
2023-03-19 16:00:00,26963.40,27192.00,26868.70,27152.20
2023-03-19 20:00:00,27152.20,27799.90,27090.00,27534.30
2023-03-20 00:00:00,27533.70,28383.60,27456.00,28245.30
2023-03-20 04:00:00,28245.40,28397.00,27722.40,27955.70
2023-03-20 08:00:00,27955.80,28048.00,27120.60,27264.30
2023-03-20 12:00:00,27264.30,28261.90,27140.00,28168.50
2023-03-20 16:00:00,28168.50,28483.20,27881.20,28176.80
2023-03-20 20:00:00,28176.80,28254.30,27570.00,27679.70
2023-03-21 00:00:00,27679.70,28031.00,27445.00,27769.50
2023-03-21 04:00:00,27769.60,28180.80,27566.80,27704.10
2023-03-21 08:00:00,27704.10,27940.00,27653.70,27773.00
2023-03-21 12:00:00,27773.10,27960.70,27288.00,27490.90
2023-03-21 16:00:00,27490.90,28172.50,27382.50,28026.10
2023-03-21 20:00:00,28026.10,28252.50,27706.00,28028.70
2023-03-22 00:00:00,28028.70,28460.00,27921.50,28111.30
2023-03-22 04:00:00,28111.20,28200.00,27902.00,28091.10
2023-03-22 08:00:00,28091.10,28286.30,27930.00,28137.70
2023-03-22 12:00:00,28137.60,28280.00,28002.60,28088.20
2023-03-22 16:00:00,28088.20,28213.70,27962.10,28113.50
2023-03-22 20:00:00,28113.50,28758.10,28090.40,28586.20
2023-03-23 00:00:00,28586.10,28881.00,26620.00,26654.10
2023-03-23 04:00:00,26653.30,27425.30,26590.00,27233.80
2023-03-23 08:00:00,27233.80,27421.80,27101.00,27343.70
2023-03-23 12:00:00,27343.70,27680.00,27231.30,27616.40
2023-03-23 16:00:00,27616.30,27735.00,27420.00,27573.40
2023-03-23 20:00:00,27573.50,28777.00,27267.00,28574.50
2023-03-24 00:00:00,28574.60,28645.20,27757.10,28362.50
2023-03-24 04:00:00,28362.50,28439.00,27945.80,28284.10
2023-03-24 08:00:00,28284.00,28369.10,28120.00,28211.30
2023-03-24 12:00:00,28211.30,28334.00,28078.40,28269.90
2023-03-24 16:00:00,28270.00,28289.10,27312.50,27558.40
2023-03-24 20:00:00,27558.40,28260.00,27523.00,27997.20
2023-03-25 00:00:00,27997.20,28040.00,27501.00,27811.30
2023-03-25 04:00:00,27811.40,27854.40,26960.00,27438.90
2023-03-25 08:00:00,27439.00,27648.40,27400.00,27568.60
2023-03-25 12:00:00,27568.60,27598.00,27360.00,27473.50
2023-03-25 16:00:00,27473.50,27524.70,27302.00,27445.60
2023-03-25 20:00:00,27445.70,27788.00,27340.00,27631.40
2023-03-26 00:00:00,27631.40,27721.00,27131.80,27179.50
2023-03-26 04:00:00,27179.40,27522.00,27139.70,27447.30
2023-03-26 08:00:00,27447.20,27640.00,27400.00,27517.30
2023-03-26 12:00:00,27517.20,27560.00,27444.70,27492.40
2023-03-26 16:00:00,27492.40,27991.50,27460.90,27852.10
2023-03-26 20:00:00,27852.00,28186.90,27677.30,27790.10
2023-03-27 00:00:00,27790.10,27934.70,27590.60,27814.10
2023-03-27 04:00:00,27814.00,28138.30,27655.70,27954.30
2023-03-27 08:00:00,27954.30,28019.40,27757.40,27878.40
2023-03-27 12:00:00,27878.40,27929.20,27650.00,27794.50
2023-03-27 16:00:00,27794.50,27986.80,27760.10,27879.90
2023-03-27 20:00:00,27879.90,27917.40,26480.00,26887.30
2023-03-28 00:00:00,26887.30,27300.00,26838.80,26956.80
2023-03-28 04:00:00,26956.90,27246.90,26860.00,27112.00
2023-03-28 08:00:00,27112.00,27162.50,26800.00,26955.50
2023-03-28 12:00:00,26955.60,27132.00,26864.00,26947.20
2023-03-28 16:00:00,26947.30,27150.00,26610.00,27046.70
2023-03-28 20:00:00,27046.80,27200.00,26820.10,26984.90
2023-03-29 00:00:00,26984.80,27500.00,26720.30,27412.10
2023-03-29 04:00:00,27412.10,27482.50,27080.00,27249.70
2023-03-29 08:00:00,27249.70,27465.70,27223.60,27354.10
2023-03-29 12:00:00,27354.10,28210.70,27333.70,28077.70
2023-03-29 16:00:00,28077.80,28649.90,28025.50,28347.50
2023-03-29 20:00:00,28347.50,28589.50,28211.50,28426.30
2023-03-30 00:00:00,28426.40,28444.00,28119.50,28406.10
2023-03-30 04:00:00,28406.20,28500.00,28200.00,28338.50
2023-03-30 08:00:00,28338.60,29184.80,28066.00,28470.50
2023-03-30 12:00:00,28470.40,28760.00,28425.00,28706.60
2023-03-30 16:00:00,28706.50,28734.20,28469.00,28630.10
2023-03-30 20:00:00,28630.00,28683.50,28146.40,28282.80
2023-03-31 00:00:00,28282.80,28285.10,27654.10,27971.30
2023-03-31 04:00:00,27971.40,28187.70,27762.30,28015.00
2023-03-31 08:00:00,28015.00,28367.90,27900.00,28152.30
2023-03-31 12:00:00,28152.20,28214.80,27500.00,27733.30
2023-03-31 16:00:00,27733.30,27978.30,27670.00,27916.00
2023-03-31 20:00:00,27916.00,28675.30,27860.20,28488.50
2023-04-01 00:00:00,28488.60,28533.90,28250.10,28459.00
2023-04-01 04:00:00,28458.90,28632.50,28322.00,28454.90
2023-04-01 08:00:00,28454.80,28845.30,28400.00,28532.00
2023-04-01 12:00:00,28532.10,28617.80,28328.00,28416.10
2023-04-01 16:00:00,28416.10,28476.90,28350.00,28365.50
2023-04-01 20:00:00,28365.40,28430.00,28180.00,28387.20
2023-04-02 00:00:00,28387.20,28430.00,28259.20,28368.30
2023-04-02 04:00:00,28368.40,28575.00,28365.00,28443.80
2023-04-02 08:00:00,28443.70,28516.50,28340.00,28463.00
2023-04-02 12:00:00,28463.00,28483.70,28366.00,28401.30
2023-04-02 16:00:00,28401.30,28432.90,28287.00,28344.90
2023-04-02 20:00:00,28344.90,28352.50,28022.00,28110.20
2023-04-03 00:00:00,28110.10,28218.20,27820.00,27933.70
2023-04-03 04:00:00,27933.70,28197.60,27825.20,28161.20
2023-04-03 08:00:00,28161.30,28171.30,27552.40,27738.10
2023-04-03 12:00:00,27738.10,27951.90,27559.20,27946.50
2023-04-03 16:00:00,27946.50,28540.00,27944.00,28243.40
2023-04-03 20:00:00,28243.30,28370.00,27933.00,28032.50
2023-04-04 00:00:00,28034.10,28230.00,27863.00,28071.80
2023-04-04 04:00:00,28071.80,28084.00,27166.00,27786.10
2023-04-04 08:00:00,27786.10,27950.00,27650.20,27843.70
2023-04-04 12:00:00,27843.60,28141.60,27753.20,28013.20
2023-04-04 16:00:00,28013.20,28450.00,27909.30,28274.60
2023-04-04 20:00:00,28274.70,28392.50,27935.20,28011.70
2023-04-05 00:00:00,28011.70,28250.00,27952.80,28171.10
2023-04-05 04:00:00,28171.00,28300.00,28061.50,28155.20
2023-04-05 08:00:00,28155.10,28800.00,28085.80,28536.10
2023-04-05 12:00:00,28536.10,28615.00,28433.40,28515.70
2023-04-05 16:00:00,28515.70,28593.00,28432.40,28544.00
2023-04-05 20:00:00,28543.90,28741.00,27830.10,28014.90
2023-04-06 00:00:00,28015.00,28300.00,27775.00,28229.10
2023-04-06 04:00:00,28229.20,28290.00,28110.00,28154.00
2023-04-06 08:00:00,28154.00,28166.70,27855.00,28117.40
2023-04-06 12:00:00,28117.40,28117.50,27889.00,27896.80
2023-04-06 16:00:00,27896.70,28024.60,27684.20,27934.90
2023-04-06 20:00:00,27935.00,28175.00,27724.00,28079.30
2023-04-07 00:00:00,28079.30,28156.20,27931.30,28005.00
2023-04-07 04:00:00,28005.00,28112.00,27873.50,28022.80
2023-04-07 08:00:00,28022.90,28096.00,27911.00,28022.20
2023-04-07 12:00:00,28022.20,28052.20,27755.00,27822.00
2023-04-07 16:00:00,27822.10,27954.00,27772.60,27830.00
2023-04-07 20:00:00,27829.90,27981.10,27776.50,27930.20
2023-04-08 00:00:00,27930.20,27940.60,27842.20,27886.40
2023-04-08 04:00:00,27886.30,27975.00,27822.90,27890.70
2023-04-08 08:00:00,27890.70,28069.90,27850.10,28005.90
2023-04-08 12:00:00,28005.90,28153.60,27954.00,28073.80
2023-04-08 16:00:00,28073.80,28107.70,27975.50,27997.70
2023-04-08 20:00:00,27997.70,28047.90,27925.10,28004.30
2023-04-09 00:00:00,28004.30,28010.50,27855.00,27909.10
2023-04-09 04:00:00,27909.20,27977.10,27866.40,27924.90
2023-04-09 08:00:00,27924.90,28078.10,27907.70,28012.00
2023-04-09 12:00:00,28011.90,28055.00,27820.00,27888.20
2023-04-09 16:00:00,27888.20,27927.00,27762.80,27919.30
2023-04-09 20:00:00,27919.30,27960.00,27777.00,27873.60
2023-04-10 00:00:00,27873.60,28290.60,27860.30,28132.40
2023-04-10 04:00:00,28132.40,28539.10,28077.10,28309.40
2023-04-10 08:00:00,28309.40,28420.00,28230.00,28269.80
2023-04-10 12:00:00,28269.80,28308.00,28180.00,28278.20
2023-04-10 16:00:00,28278.30,28383.00,28258.70,28294.30
2023-04-10 20:00:00,28294.30,28590.00,28153.60,28427.70
2023-04-11 00:00:00,28427.70,29300.00,28368.90,29164.90
2023-04-11 04:00:00,29164.90,29840.00,29058.00,29623.10
2023-04-11 08:00:00,29623.10,30491.00,29573.90,30105.80
2023-04-11 12:00:00,30105.70,30160.00,29752.10,30095.30
2023-04-11 16:00:00,30095.30,30140.00,29966.00,30045.00
2023-04-11 20:00:00,30045.10,30280.00,29938.90,30179.40
2023-04-12 00:00:00,30179.50,30564.00,30017.80,30121.90
2023-04-12 04:00:00,30122.00,30269.90,29896.00,30185.10
2023-04-12 08:00:00,30185.10,30350.00,29811.00,29914.80
2023-04-12 12:00:00,29914.80,30063.00,29829.50,29979.40
2023-04-12 16:00:00,29979.50,30041.20,29881.40,30003.70
2023-04-12 20:00:00,30003.70,30480.00,29620.00,29948.00
2023-04-13 00:00:00,29948.00,30087.70,29736.00,29789.50
2023-04-13 04:00:00,29789.50,29970.00,29761.90,29875.00
2023-04-13 08:00:00,29874.90,30270.00,29836.70,30057.30
2023-04-13 12:00:00,30057.20,30120.00,29980.10,30054.10
2023-04-13 16:00:00,30054.00,30369.00,30025.70,30149.20
2023-04-13 20:00:00,30149.10,30648.90,30116.50,30422.50
2023-04-14 00:00:00,30422.60,30539.70,30242.10,30323.10
2023-04-14 04:00:00,30323.00,30385.20,30185.00,30362.70
2023-04-14 08:00:00,30362.70,30950.00,30293.00,30684.60
2023-04-14 12:00:00,30684.50,31059.00,30665.90,30739.90
2023-04-14 16:00:00,30739.90,30819.30,30647.00,30790.00
2023-04-14 20:00:00,30789.90,30840.00,30080.10,30226.70
2023-04-15 00:00:00,30226.70,30340.80,29925.00,30311.20
2023-04-15 04:00:00,30311.10,30500.00,30260.00,30453.10
2023-04-15 08:00:00,30453.00,30599.90,30270.00,30367.10
2023-04-15 12:00:00,30367.00,30464.00,30327.40,30416.60
2023-04-15 16:00:00,30416.60,30460.00,30340.60,30371.00
2023-04-15 20:00:00,30370.90,30432.10,30270.70,30319.90
2023-04-16 00:00:00,30319.90,30333.00,30186.00,30318.80
2023-04-16 04:00:00,30318.90,30350.00,30220.40,30280.40
2023-04-16 08:00:00,30280.40,30311.00,30102.00,30249.00
2023-04-16 12:00:00,30249.00,30397.40,30240.50,30330.80
2023-04-16 16:00:00,30330.80,30345.10,30210.00,30220.10
2023-04-16 20:00:00,30220.10,30363.20,30142.50,30324.70
2023-04-17 00:00:00,30324.70,30560.00,30252.30,30306.00
2023-04-17 04:00:00,30306.00,30399.90,30170.90,30286.60
2023-04-17 08:00:00,30286.60,30307.40,29714.10,29966.50
2023-04-17 12:00:00,29966.50,29994.60,29822.00,29831.10
2023-04-17 16:00:00,29831.20,29913.60,29283.80,29558.10
2023-04-17 20:00:00,29558.10,29589.40,29219.90,29346.50
2023-04-18 00:00:00,29346.50,29565.00,29316.30,29459.60
2023-04-18 04:00:00,29459.60,29524.00,29370.00,29420.00
2023-04-18 08:00:00,29420.10,29485.00,29078.10,29431.70
2023-04-18 12:00:00,29431.60,29790.00,29426.60,29756.80
2023-04-18 16:00:00,29756.80,30378.00,29678.20,30369.70
2023-04-18 20:00:00,30369.70,30480.00,30082.80,30170.20
2023-04-19 00:00:00,30170.10,30269.70,29927.60,30205.80
2023-04-19 04:00:00,30205.80,30450.00,30132.90,30365.80
2023-04-19 08:00:00,30365.80,30410.00,30107.20,30199.90
2023-04-19 12:00:00,30199.90,30326.90,29960.00,30064.80
2023-04-19 16:00:00,30064.70,30067.10,28800.00,29299.90
2023-04-19 20:00:00,29300.00,29490.00,29015.00,29247.90
2023-04-20 00:00:00,29248.00,29357.20,29033.00,29210.60
2023-04-20 04:00:00,29210.50,29309.70,28557.30,28795.10
2023-04-20 08:00:00,28795.00,28994.40,28520.20,28850.10
2023-04-20 12:00:00,28850.00,29078.00,28803.50,28857.70
2023-04-20 16:00:00,28857.70,28938.00,28575.60,28601.60
2023-04-20 20:00:00,28601.50,28940.00,28300.00,28492.30
2023-04-21 00:00:00,28492.40,28650.00,27983.00,28091.20
2023-04-21 04:00:00,28091.20,28358.40,27995.10,28229.90
2023-04-21 08:00:00,28229.90,28368.90,28076.10,28309.10
2023-04-21 12:00:00,28309.20,28332.30,27800.00,28142.30
2023-04-21 16:00:00,28142.40,28225.80,27904.40,28054.50
2023-04-21 20:00:00,28054.50,28300.00,27954.40,28032.80
2023-04-22 00:00:00,28032.80,28086.40,27188.00,27273.60
2023-04-22 04:00:00,27273.60,27400.00,27100.00,27252.50
2023-04-22 08:00:00,27252.60,27360.00,27126.00,27309.90
2023-04-22 12:00:00,27309.90,27387.80,27204.50,27268.40
2023-04-22 16:00:00,27268.40,27310.00,27166.00,27276.10
2023-04-22 20:00:00,27276.10,27556.10,27219.50,27477.10
2023-04-23 00:00:00,27477.10,27780.00,27470.50,27604.70
2023-04-23 04:00:00,27604.60,27888.00,27554.60,27807.20
2023-04-23 08:00:00,27807.20,27807.30,27390.30,27545.20
2023-04-23 12:00:00,27545.20,27738.50,27519.20,27704.60
2023-04-23 16:00:00,27704.70,27760.00,27463.40,27632.80
2023-04-23 20:00:00,27632.80,27729.00,27279.70,27460.20
2023-04-24 00:00:00,27460.20,27679.60,27307.00,27453.30
2023-04-24 04:00:00,27453.30,27642.60,27388.30,27576.00
2023-04-24 08:00:00,27575.90,28000.00,27410.00,27780.00
2023-04-24 12:00:00,27780.10,27782.30,27331.00,27440.80
2023-04-24 16:00:00,27440.90,27544.00,27140.00,27540.00
2023-04-24 20:00:00,27539.90,27700.00,27208.00,27256.00
2023-04-25 00:00:00,27255.90,27577.00,26919.30,27373.80
2023-04-25 04:00:00,27373.80,27547.10,27305.20,27497.50
2023-04-25 08:00:00,27497.40,27583.60,27305.30,27337.60
2023-04-25 12:00:00,27337.60,27452.80,27222.70,27252.30
2023-04-25 16:00:00,27252.40,27430.00,27176.60,27382.10
2023-04-25 20:00:00,27382.20,27466.00,27200.00,27329.50
2023-04-26 00:00:00,27329.50,27787.50,27302.40,27596.10
2023-04-26 04:00:00,27596.20,28379.90,27596.20,28286.70
2023-04-26 08:00:00,28286.70,28473.00,28232.80,28296.20
2023-04-26 12:00:00,28296.10,28588.00,28285.90,28365.00
2023-04-26 16:00:00,28364.90,29146.40,28357.10,28940.70
2023-04-26 20:00:00,28940.70,30048.20,28940.60,29803.00
2023-04-27 00:00:00,29803.10,29899.00,27644.20,27871.90
2023-04-27 04:00:00,27871.90,28729.10,27200.00,28395.90
2023-04-27 08:00:00,28396.00,29480.00,28365.30,28876.60
2023-04-27 12:00:00,28876.60,29272.60,28612.70,28880.00
2023-04-27 16:00:00,28880.10,29139.20,28768.00,28921.20
2023-04-27 20:00:00,28921.20,29600.00,28650.00,29136.70
2023-04-28 00:00:00,29136.60,29898.00,29001.00,29659.90
2023-04-28 04:00:00,29659.90,29781.70,29239.20,29459.00
2023-04-28 08:00:00,29459.00,29591.10,29314.90,29412.80
2023-04-28 12:00:00,29412.80,29560.90,29382.90,29473.90
2023-04-28 16:00:00,29473.80,29493.70,29110.40,29226.00
2023-04-28 20:00:00,29225.90,29463.30,28870.00,29133.90
2023-04-29 00:00:00,29134.00,29433.40,29080.30,29317.60
2023-04-29 04:00:00,29317.60,29417.90,29250.00,29300.00
2023-04-29 08:00:00,29300.00,29387.70,29180.00,29328.80
2023-04-29 12:00:00,29328.80,29443.90,29275.00,29333.90
2023-04-29 16:00:00,29333.80,29349.90,29225.00,29323.40
2023-04-29 20:00:00,29323.40,29385.00,29200.20,29258.10
2023-04-30 00:00:00,29258.00,29300.00,29000.40,29222.00
2023-04-30 04:00:00,29222.10,29258.60,29115.60,29212.70
2023-04-30 08:00:00,29212.70,29217.70,29067.40,29168.00
2023-04-30 12:00:00,29168.00,29287.50,29158.60,29252.00
2023-04-30 16:00:00,29251.90,29349.90,29150.00,29184.60
2023-04-30 20:00:00,29184.60,29950.00,29169.90,29644.20
2023-05-01 00:00:00,29644.40,29860.00,29200.00,29346.00
2023-05-01 04:00:00,29346.00,29471.00,29145.30,29223.00
2023-05-01 08:00:00,29223.00,29325.50,28333.00,28545.60
2023-05-01 12:00:00,28545.60,28700.00,28200.00,28610.00
2023-05-01 16:00:00,28609.90,28659.20,28464.60,28510.60
2023-05-01 20:00:00,28510.60,28618.00,28052.10,28158.30
2023-05-02 00:00:00,28158.50,28402.30,27780.00,27833.90
2023-05-02 04:00:00,27833.90,28143.00,27650.00,28054.40
2023-05-02 08:00:00,28054.50,28131.90,27899.70,28031.90
2023-05-02 12:00:00,28031.90,28158.00,27854.00,28045.00
2023-05-02 16:00:00,28045.10,28121.80,27921.60,28076.10
2023-05-02 20:00:00,28076.20,28778.00,27900.00,28521.10
2023-05-03 00:00:00,28521.00,28888.00,28412.00,28676.40
2023-05-03 04:00:00,28676.50,28820.00,28600.60,28656.50
2023-05-03 08:00:00,28656.40,28682.10,28324.40,28505.40
2023-05-03 12:00:00,28505.50,28674.00,28407.30,28638.30
2023-05-03 16:00:00,28638.40,28758.90,28515.00,28535.10
2023-05-03 20:00:00,28535.00,28567.00,28080.00,28292.70
2023-05-04 00:00:00,28292.60,28800.00,28200.00,28308.80
2023-05-04 04:00:00,28308.80,29258.40,28267.30,29018.40
2023-05-04 08:00:00,29018.40,29176.60,28938.50,29084.70
2023-05-04 12:00:00,29084.70,29228.10,29022.40,29048.60
2023-05-04 16:00:00,29048.70,29380.00,28967.40,29145.00
2023-05-04 20:00:00,29145.00,29221.50,28660.00,28850.00
2023-05-05 00:00:00,28850.00,28966.00,28660.00,28883.20
2023-05-05 04:00:00,28883.20,28913.30,28731.20,28826.00
2023-05-05 08:00:00,28826.00,29551.00,28802.80,29187.00
2023-05-05 12:00:00,29187.00,29264.30,29025.00,29059.00
2023-05-05 16:00:00,29058.90,29185.60,29010.00,29137.50
2023-05-05 20:00:00,29137.60,29437.50,28618.30,29347.40
2023-05-06 00:00:00,29347.50,29693.00,29304.00,29548.70
2023-05-06 04:00:00,29548.70,29650.00,29440.00,29491.50
2023-05-06 08:00:00,29491.50,29840.00,29335.00,29360.10
2023-05-06 12:00:00,29360.00,29430.00,29225.30,29350.20
2023-05-06 16:00:00,29350.20,29359.20,29108.00,29264.50
2023-05-06 20:00:00,29264.50,29266.70,28333.00,28557.90
2023-05-07 00:00:00,28557.90,28963.90,28519.40,28831.90
2023-05-07 04:00:00,28831.90,28869.90,28620.20,28837.80
2023-05-07 08:00:00,28837.90,29137.00,28730.20,28790.80
2023-05-07 12:00:00,28790.80,28943.00,28771.90,28891.90
2023-05-07 16:00:00,28891.80,28950.00,28691.20,28826.50
2023-05-07 20:00:00,28826.50,29088.30,28825.00,28933.10
2023-05-08 00:00:00,28933.10,29019.90,28753.60,28894.00
2023-05-08 04:00:00,28894.00,28947.70,28370.00,28419.40
2023-05-08 08:00:00,28419.50,28624.60,28000.00,28188.00
2023-05-08 12:00:00,28188.10,28249.00,27800.00,27957.80
2023-05-08 16:00:00,27957.70,27977.60,27550.00,27922.20
2023-05-08 20:00:00,27922.20,28074.90,27651.50,27874.10
2023-05-09 00:00:00,27874.20,27918.00,27260.90,27329.10
2023-05-09 04:00:00,27329.00,27686.50,27250.00,27659.80
2023-05-09 08:00:00,27659.80,27747.90,27528.20,27612.50
2023-05-09 12:00:00,27612.40,27661.70,27423.90,27649.30
2023-05-09 16:00:00,27649.30,27719.00,27502.30,27663.90
2023-05-09 20:00:00,27663.90,27815.60,27316.80,27385.80
2023-05-10 00:00:00,27385.80,27739.60,27334.60,27704.70
2023-05-10 04:00:00,27704.70,27769.40,27501.30,27610.20
2023-05-10 08:00:00,27610.20,27848.70,27605.00,27668.80
2023-05-10 12:00:00,27668.90,27712.00,27507.00,27532.40
2023-05-10 16:00:00,27532.30,27669.80,27457.80,27660.70
2023-05-10 20:00:00,27660.60,28297.00,27623.40,28141.20
2023-05-11 00:00:00,28141.20,28290.00,26666.60,27683.60
2023-05-11 04:00:00,27683.60,27979.80,27177.00,27582.90
2023-05-11 08:00:00,27583.00,27611.50,27352.30,27435.10
2023-05-11 12:00:00,27435.10,27544.10,27382.40,27437.50
2023-05-11 16:00:00,27437.50,27478.60,27220.00,27393.20
2023-05-11 20:00:00,27393.20,27630.00,26924.00,27166.30
2023-05-12 00:00:00,27166.30,27214.40,26688.80,26831.40
2023-05-12 04:00:00,26831.50,27050.80,26787.30,26956.40
2023-05-12 08:00:00,26956.40,27090.00,26515.00,26574.80
2023-05-12 12:00:00,26574.70,26699.20,26100.10,26294.10
2023-05-12 16:00:00,26294.00,26425.80,26220.00,26333.00
2023-05-12 20:00:00,26332.90,26599.40,26254.20,26307.70
2023-05-13 00:00:00,26307.60,26480.00,25751.00,26445.20
2023-05-13 04:00:00,26445.10,26882.80,26347.50,26785.10
2023-05-13 08:00:00,26785.20,26974.10,26678.50,26794.60
2023-05-13 12:00:00,26794.60,26862.90,26674.90,26759.30
2023-05-13 16:00:00,26759.20,26864.80,26727.30,26814.30
2023-05-13 20:00:00,26814.40,26897.00,26722.80,26802.00
2023-05-14 00:00:00,26802.00,27051.50,26755.00,26822.60
2023-05-14 04:00:00,26822.60,26928.60,26730.00,26762.70
2023-05-14 08:00:00,26762.80,26865.40,26557.00,26853.60
2023-05-14 12:00:00,26853.60,26888.70,26778.20,26839.90
2023-05-14 16:00:00,26839.90,26879.20,26780.00,26794.80
2023-05-14 20:00:00,26794.80,27200.00,26730.00,27071.40
2023-05-15 00:00:00,27071.40,27115.10,26809.00,26865.00
2023-05-15 04:00:00,26865.00,26947.20,26826.60,26901.90
2023-05-15 08:00:00,26901.90,27279.00,26694.40,27216.30
2023-05-15 12:00:00,27216.40,27550.00,27165.10,27398.60
2023-05-15 16:00:00,27398.60,27472.50,27288.00,27323.20
2023-05-15 20:00:00,27323.20,27525.00,27200.00,27383.00
2023-05-16 00:00:00,27383.00,27650.00,27300.60,27410.10
2023-05-16 04:00:00,27410.10,27410.10,27100.00,27152.50
2023-05-16 08:00:00,27152.50,27284.70,26832.00,27118.70
2023-05-16 12:00:00,27118.70,27243.60,26971.00,27240.60
2023-05-16 16:00:00,27240.60,27274.20,26978.60,27049.30
2023-05-16 20:00:00,27049.30,27127.40,26880.10,27027.90
2023-05-17 00:00:00,27027.90,27144.00,26862.00,26917.90
2023-05-17 04:00:00,26917.90,27046.20,26881.20,27024.80
2023-05-17 08:00:00,27024.70,27238.50,26969.70,27052.10
2023-05-17 12:00:00,27052.10,27092.40,26700.00,26831.90
2023-05-17 16:00:00,26831.80,26907.50,26558.00,26626.50
2023-05-17 20:00:00,26626.40,26830.00,26527.50,26788.00
2023-05-18 00:00:00,26788.10,27441.70,26730.00,27377.10
2023-05-18 04:00:00,27377.00,27500.00,27259.50,27395.80
2023-05-18 08:00:00,27395.70,27482.70,27280.00,27357.30
2023-05-18 12:00:00,27357.20,27445.90,27139.00,27375.10
2023-05-18 16:00:00,27375.10,27429.20,27320.30,27391.90
2023-05-18 20:00:00,27391.80,27471.50,27007.10,27075.20
2023-05-19 00:00:00,27075.20,27100.00,26335.30,26719.30
2023-05-19 04:00:00,26719.30,27060.00,26671.10,26809.30
2023-05-19 08:00:00,26809.40,26922.50,26733.40,26825.00
2023-05-19 12:00:00,26825.00,26950.00,26801.50,26841.90
2023-05-19 16:00:00,26842.00,26918.60,26773.00,26843.80
2023-05-19 20:00:00,26843.80,27180.00,26611.20,26869.90
2023-05-20 00:00:00,26870.00,26966.80,26763.20,26826.40
2023-05-20 04:00:00,26826.50,26913.70,26791.00,26870.10
2023-05-20 08:00:00,26870.10,26902.00,26813.50,26849.20
2023-05-20 12:00:00,26849.20,26862.10,26824.80,26841.80
2023-05-20 16:00:00,26841.90,26911.00,26841.80,26868.60
2023-05-20 20:00:00,26868.50,26969.80,26857.10,26936.00
2023-05-21 00:00:00,26936.00,27144.40,26900.10,27054.30
2023-05-21 04:00:00,27054.30,27129.90,26952.80,27089.50
2023-05-21 08:00:00,27089.60,27288.00,27050.00,27166.50
2023-05-21 12:00:00,27166.40,27166.50,27031.00,27044.50
2023-05-21 16:00:00,27044.60,27077.70,26750.00,26818.10
2023-05-21 20:00:00,26818.00,26969.60,26788.00,26885.00
2023-05-22 00:00:00,26885.10,26928.00,26817.00,26889.20
2023-05-22 04:00:00,26889.10,26915.00,26642.00,26732.80
2023-05-22 08:00:00,26732.80,26772.40,26500.00,26637.70
2023-05-22 12:00:00,26637.70,26898.90,26630.40,26830.70
2023-05-22 16:00:00,26830.80,26892.40,26750.00,26819.90
2023-05-22 20:00:00,26819.90,27097.80,26690.00,26863.20
2023-05-23 00:00:00,26863.30,26927.60,26765.00,26857.00
2023-05-23 04:00:00,26857.00,26955.90,26818.00,26840.20
2023-05-23 08:00:00,26840.20,27430.00,26782.60,27354.60
2023-05-23 12:00:00,27354.70,27527.50,27202.20,27295.80
2023-05-23 16:00:00,27295.80,27344.00,27243.20,27326.90
2023-05-23 20:00:00,27327.00,27383.00,27159.30,27310.70
2023-05-24 00:00:00,27310.80,27319.40,27080.00,27171.60
2023-05-24 04:00:00,27171.70,27244.00,27139.00,27209.90
2023-05-24 08:00:00,27209.90,27212.90,26644.20,26770.00
2023-05-24 12:00:00,26770.00,26810.00,26566.50,26664.20
2023-05-24 16:00:00,26664.20,26834.00,26650.00,26731.70
2023-05-24 20:00:00,26731.70,26731.70,26060.00,26306.90
2023-05-25 00:00:00,26306.90,26387.30,26145.40,26241.60
2023-05-25 04:00:00,26241.60,26476.00,26228.20,26313.80
2023-05-25 08:00:00,26313.90,26384.50,25850.00,26171.00
2023-05-25 12:00:00,26171.10,26289.00,26111.00,26118.90
2023-05-25 16:00:00,26118.90,26345.30,26107.80,26282.50
2023-05-25 20:00:00,26282.50,26489.50,26151.40,26216.90
2023-05-26 00:00:00,26216.90,26644.00,26193.50,26457.90
2023-05-26 04:00:00,26458.00,26545.80,26420.60,26461.80
2023-05-26 08:00:00,26461.70,26532.00,26324.20,26425.70
2023-05-26 12:00:00,26425.70,26527.80,26313.90,26491.30
2023-05-26 16:00:00,26491.20,26547.30,26411.00,26451.90
2023-05-26 20:00:00,26451.80,26925.00,26342.90,26737.50
2023-05-27 00:00:00,26737.50,26829.00,26601.00,26755.20
2023-05-27 04:00:00,26755.30,26796.60,26670.00,26689.90
2023-05-27 08:00:00,26689.80,26775.80,26621.00,26739.50
2023-05-27 12:00:00,26739.60,26776.40,26695.20,26715.30
2023-05-27 16:00:00,26715.20,26726.20,26655.10,26687.70
2023-05-27 20:00:00,26687.60,26774.90,26528.60,26682.10
2023-05-28 00:00:00,26682.20,26845.80,26605.00,26721.60
2023-05-28 04:00:00,26721.70,26890.00,26714.50,26841.60
2023-05-28 08:00:00,26841.60,27240.50,26746.00,27174.40
2023-05-28 12:00:00,27174.50,27279.00,27113.40,27218.90
2023-05-28 16:00:00,27219.00,27387.00,27127.80,27146.00
2023-05-28 20:00:00,27145.90,27266.00,27081.70,27264.10
2023-05-29 00:00:00,27264.10,27780.00,27200.10,27518.40
2023-05-29 04:00:00,27518.50,28252.80,27515.10,28055.70
2023-05-29 08:00:00,28055.80,28442.00,27904.00,27947.90
2023-05-29 12:00:00,27948.00,28040.00,27822.70,27895.00
2023-05-29 16:00:00,27895.00,27966.70,27730.00,27908.10
2023-05-29 20:00:00,27908.10,27945.40,27570.60,27622.10
2023-05-30 00:00:00,27622.00,27734.40,27513.50,27624.00
2023-05-30 04:00:00,27624.10,27803.50,27533.80,27722.00
2023-05-30 08:00:00,27722.10,27933.00,27569.30,27815.00
2023-05-30 12:00:00,27815.00,27839.30,27659.30,27721.00
2023-05-30 16:00:00,27721.10,28038.60,27697.10,28005.90
2023-05-30 20:00:00,28005.80,28014.90,27602.00,27665.00
2023-05-31 00:00:00,27665.00,27849.80,27530.00,27836.40
2023-05-31 04:00:00,27836.40,27846.00,27636.00,27680.10
2023-05-31 08:00:00,27680.00,27825.00,27550.00,27646.50
2023-05-31 12:00:00,27646.50,27668.70,26942.00,27150.40
2023-05-31 16:00:00,27150.40,27198.00,26980.00,27087.90
2023-05-31 20:00:00,27087.90,27219.60,26835.50,26900.10
2023-06-01 00:00:00,26900.00,27121.10,26826.00,26999.50
2023-06-01 04:00:00,26999.50,27290.00,26992.00,27201.10
2023-06-01 08:00:00,27201.10,27347.90,26600.00,26768.60
2023-06-01 12:00:00,26768.60,26876.60,26742.00,26790.20
2023-06-01 16:00:00,26790.10,26945.40,26776.70,26881.70
2023-06-01 20:00:00,26881.60,26974.00,26773.20,26884.20
2023-06-02 00:00:00,26884.20,27180.00,26635.00,26851.60
2023-06-02 04:00:00,26851.60,26934.00,26697.10,26805.30
2023-06-02 08:00:00,26805.30,27015.50,26477.60,26985.10
2023-06-02 12:00:00,26985.20,27200.00,26937.30,27038.30
2023-06-02 16:00:00,27038.30,27181.10,27038.30,27118.50
2023-06-02 20:00:00,27118.50,27249.30,26840.50,27081.30
2023-06-03 00:00:00,27081.30,27279.00,26985.10,27231.60
2023-06-03 04:00:00,27231.50,27290.00,27132.00,27227.80
2023-06-03 08:00:00,27227.80,27230.40,27077.00,27130.90
2023-06-03 12:00:00,27130.90,27209.20,27098.00,27161.30
2023-06-03 16:00:00,27161.40,27173.80,27100.00,27121.00
2023-06-03 20:00:00,27121.00,27340.20,27110.00,27292.70
2023-06-04 00:00:00,27292.80,27312.00,27000.00,27084.90
2023-06-04 04:00:00,27084.90,27119.50,26900.00,27054.90
2023-06-04 08:00:00,27054.90,27098.70,26935.30,27048.40
2023-06-04 12:00:00,27048.30,27154.00,27015.00,27141.00
2023-06-04 16:00:00,27141.00,27245.00,27110.00,27190.90
2023-06-04 20:00:00,27190.80,27290.00,27150.00,27166.90
2023-06-05 00:00:00,27167.00,27218.00,27150.00,27205.00
2023-06-05 04:00:00,27205.00,27460.00,27026.00,27102.40
2023-06-05 08:00:00,27102.40,27125.00,26755.00,26835.90
2023-06-05 12:00:00,26835.80,26861.40,26719.90,26819.20
2023-06-05 16:00:00,26819.20,26831.20,26647.00,26760.10
2023-06-05 20:00:00,26760.20,26809.90,25971.00,25991.90
2023-06-06 00:00:00,25991.90,26072.20,25360.10,25618.50
2023-06-06 04:00:00,25618.40,25850.00,25496.20,25714.70
2023-06-06 08:00:00,25714.60,25783.20,25585.40,25719.80
2023-06-06 12:00:00,25719.80,25809.90,25685.30,25706.40
2023-06-06 16:00:00,25706.30,25786.30,25624.10,25676.00
2023-06-06 20:00:00,25676.00,26139.00,25321.60,26051.20
2023-06-07 00:00:00,26051.20,27238.90,26051.20,27073.20
2023-06-07 04:00:00,27073.30,27358.10,26884.00,27221.50
2023-06-07 08:00:00,27221.50,27394.40,26714.30,26897.00
2023-06-07 12:00:00,26896.90,26973.90,26741.00,26786.70
2023-06-07 16:00:00,26786.80,26968.00,26330.80,26888.30
2023-06-07 20:00:00,26888.40,26900.00,26230.00,26333.90
2023-06-08 00:00:00,26333.90,26548.00,26220.00,26469.20
2023-06-08 04:00:00,26469.20,26483.50,26111.00,26325.90
2023-06-08 08:00:00,26325.90,26459.50,26195.40,26332.00
2023-06-08 12:00:00,26332.00,26516.30,26270.60,26431.50
2023-06-08 16:00:00,26431.60,26494.10,26352.30,26421.40
2023-06-08 20:00:00,26421.50,26800.00,26283.40,26705.90
2023-06-09 00:00:00,26705.80,26720.70,26387.90,26526.30
2023-06-09 04:00:00,26526.30,26645.70,26472.10,26485.90
2023-06-09 08:00:00,26486.00,26589.90,26236.00,26469.50
2023-06-09 12:00:00,26469.60,26575.50,26411.40,26482.70
2023-06-09 16:00:00,26482.70,26679.50,26476.80,26599.80
2023-06-09 20:00:00,26599.90,26775.00,26436.80,26465.10
2023-06-10 00:00:00,26465.20,26521.10,26371.00,26400.00
2023-06-10 04:00:00,26399.90,26490.00,26385.00,26468.10
2023-06-10 08:00:00,26468.20,26525.00,26250.00,26312.60
2023-06-10 12:00:00,26312.60,26340.10,25445.00,25637.20
2023-06-10 16:00:00,25637.30,25743.90,25556.40,25718.70
2023-06-10 20:00:00,25718.70,25718.70,25559.50,25620.00
2023-06-11 00:00:00,25619.90,26144.00,25300.00,25738.20
2023-06-11 04:00:00,25738.20,25919.50,25666.70,25826.60
2023-06-11 08:00:00,25826.60,25850.00,25674.30,25714.70
2023-06-11 12:00:00,25714.70,25820.10,25621.30,25728.00
2023-06-11 16:00:00,25728.00,25839.00,25682.70,25784.90
2023-06-11 20:00:00,25784.90,25795.40,25661.00,25741.20
2023-06-12 00:00:00,25741.10,26100.00,25726.70,26021.00
2023-06-12 04:00:00,26021.10,26199.00,25726.20,25909.90
2023-06-12 08:00:00,25910.00,26025.10,25600.00,25779.60
2023-06-12 12:00:00,25779.60,25896.00,25729.90,25793.30
2023-06-12 16:00:00,25793.20,26097.70,25768.80,25975.70
2023-06-12 20:00:00,25975.70,25983.20,25722.00,25809.30
2023-06-13 00:00:00,25809.30,25962.50,25640.00,25816.80
2023-06-13 04:00:00,25816.70,25961.00,25795.10,25894.80
2023-06-13 08:00:00,25894.80,26155.50,25806.00,26054.60
2023-06-13 12:00:00,26054.70,26125.00,25963.70,26060.20
2023-06-13 16:00:00,26060.30,26284.70,26044.90,26178.10
2023-06-13 20:00:00,26178.10,26430.50,25708.00,25750.90
2023-06-14 00:00:00,25750.90,25973.00,25727.00,25891.20
2023-06-14 04:00:00,25891.20,25949.70,25790.60,25918.00
2023-06-14 08:00:00,25918.00,26045.80,25897.60,25970.70
2023-06-14 12:00:00,25970.70,25996.40,25820.00,25884.10
2023-06-14 16:00:00,25884.10,26022.00,25872.50,25967.20
2023-06-14 20:00:00,25967.30,26077.00,25915.60,25976.40
2023-06-15 00:00:00,25976.40,26099.30,25750.00,25860.50
2023-06-15 04:00:00,25860.50,25872.90,24796.80,25115.90
2023-06-15 08:00:00,25115.90,25198.80,25015.20,25054.80
2023-06-15 12:00:00,25054.80,25063.40,24856.00,24974.60
2023-06-15 16:00:00,24974.60,25042.50,24777.00,25007.00
2023-06-15 20:00:00,25007.00,25100.00,24910.90,24948.40
2023-06-16 00:00:00,24948.40,25516.40,24918.20,25443.00
2023-06-16 04:00:00,25443.10,25750.00,25205.00,25586.10
2023-06-16 08:00:00,25586.00,25596.00,25420.10,25545.70
2023-06-16 12:00:00,25545.70,25620.00,25461.00,25526.10
2023-06-16 16:00:00,25526.10,25610.00,25453.00,25462.80
2023-06-16 20:00:00,25462.90,25896.00,25142.10,25832.40
2023-06-17 00:00:00,25832.40,26526.90,25756.00,26371.20
2023-06-17 04:00:00,26371.10,26450.00,26273.70,26336.00
2023-06-17 08:00:00,26335.90,26362.20,26170.80,26253.40
2023-06-17 12:00:00,26253.40,26900.00,26230.00,26587.60
2023-06-17 16:00:00,26587.70,26649.00,26455.00,26497.50
2023-06-17 20:00:00,26497.50,26579.10,26288.50,26399.90
2023-06-18 00:00:00,26399.90,26528.40,26364.30,26466.20
2023-06-18 04:00:00,26466.10,26590.00,26452.20,26508.90
2023-06-18 08:00:00,26508.80,26540.80,26367.80,26538.40
2023-06-18 12:00:00,26538.40,26675.10,26457.20,26572.00
2023-06-18 16:00:00,26572.00,26587.90,26443.50,26488.50
2023-06-18 20:00:00,26488.50,26566.00,26425.80,26547.50
2023-06-19 00:00:00,26547.50,26649.60,26511.20,26641.60
2023-06-19 04:00:00,26641.60,26709.40,26230.90,26329.70
2023-06-19 08:00:00,26329.60,26459.00,26241.20,26393.50
2023-06-19 12:00:00,26393.40,26468.50,26354.80,26415.30
2023-06-19 16:00:00,26415.20,26448.70,26350.20,26438.60
2023-06-19 20:00:00,26438.50,26569.70,26328.00,26431.10
2023-06-20 00:00:00,26431.10,27077.00,26290.30,26672.80
2023-06-20 04:00:00,26672.80,26852.80,26638.90,26828.50
2023-06-20 08:00:00,26828.60,27177.30,26782.60,26880.70
2023-06-20 12:00:00,26880.70,27024.20,26733.60,26820.40
2023-06-20 16:00:00,26820.50,26898.60,26688.20,26895.20
2023-06-20 20:00:00,26895.20,27125.50,26633.90,27054.20
2023-06-21 00:00:00,27054.30,28145.00,26983.30,27973.80
2023-06-21 04:00:00,27973.70,28397.80,27855.60,28290.60
2023-06-21 08:00:00,28290.70,29086.60,28236.40,28704.60
2023-06-21 12:00:00,28704.60,29000.00,28668.50,28860.40
2023-06-21 16:00:00,28860.40,29223.60,28783.00,28913.50
2023-06-21 20:00:00,28913.50,30018.30,28858.20,29837.00
2023-06-22 00:00:00,29836.90,30822.00,29745.50,30105.50
2023-06-22 04:00:00,30105.60,30195.80,29766.00,29988.50
2023-06-22 08:00:00,29988.50,30488.00,29880.00,30283.70
2023-06-22 12:00:00,30283.70,30341.50,30000.00,30094.50
2023-06-22 16:00:00,30094.50,30244.50,29800.00,29919.30
2023-06-22 20:00:00,29919.40,30353.90,29500.10,29837.30
2023-06-23 00:00:00,29837.30,30236.00,29811.90,30208.80
2023-06-23 04:00:00,30208.70,30260.00,29858.40,29875.00
2023-06-23 08:00:00,29875.00,30049.00,29792.00,30002.40
2023-06-23 12:00:00,30002.40,30079.90,29910.00,29927.00
2023-06-23 16:00:00,29926.90,30195.70,29899.90,30125.30
2023-06-23 20:00:00,30125.20,31500.00,29901.10,31232.90
2023-06-24 00:00:00,31232.90,31440.50,30601.00,30873.70
2023-06-24 04:00:00,30873.70,30943.40,30441.10,30673.40
2023-06-24 08:00:00,30673.50,30790.00,30388.60,30719.50
2023-06-24 12:00:00,30719.50,30750.00,30550.00,30563.40
2023-06-24 16:00:00,30563.30,30739.60,30542.40,30674.90
2023-06-24 20:00:00,30674.80,30796.50,30262.00,30390.90
2023-06-25 00:00:00,30390.80,30688.90,30222.00,30622.20
2023-06-25 04:00:00,30622.20,30622.30,30395.00,30524.20
2023-06-25 08:00:00,30524.20,30780.00,30456.90,30742.00
2023-06-25 12:00:00,30742.00,31053.20,30652.80,30714.00
2023-06-25 16:00:00,30714.00,30754.20,30565.20,30710.00
2023-06-25 20:00:00,30710.00,30732.90,30425.00,30574.10
2023-06-26 00:00:00,30574.10,30649.60,30311.00,30420.00
2023-06-26 04:00:00,30420.00,30564.00,30252.60,30458.00
2023-06-26 08:00:00,30458.00,30542.40,29920.00,30285.00
2023-06-26 12:00:00,30284.90,30580.00,30153.60,30395.60
2023-06-26 16:00:00,30395.50,30420.60,30115.10,30315.10
2023-06-26 20:00:00,30315.10,30667.30,30241.30,30400.50
2023-06-27 00:00:00,30400.70,30425.70,29890.10,30233.90
2023-06-27 04:00:00,30233.90,30283.80,30086.10,30260.10
2023-06-27 08:00:00,30260.10,30488.00,30213.00,30360.00
2023-06-27 12:00:00,30360.00,30470.00,30222.50,30404.50
2023-06-27 16:00:00,30404.50,30800.00,30322.20,30720.10
2023-06-27 20:00:00,30720.10,30998.50,30351.00,30487.40
2023-06-28 00:00:00,30487.40,30762.40,30435.90,30638.40
2023-06-28 04:00:00,30638.40,30738.80,30533.10,30683.20
2023-06-28 08:00:00,30683.20,30701.80,30306.40,30441.80
2023-06-28 12:00:00,30441.80,30479.50,30127.00,30176.00
2023-06-28 16:00:00,30176.00,30377.00,30126.60,30294.30
2023-06-28 20:00:00,30294.40,30485.00,29992.50,30399.80
2023-06-29 00:00:00,30399.80,30457.00,29804.60,30080.40
2023-06-29 04:00:00,30080.50,30209.60,29929.20,30066.30
2023-06-29 08:00:00,30066.30,30234.80,30036.10,30162.30
2023-06-29 12:00:00,30162.30,30420.00,30125.40,30333.90
2023-06-29 16:00:00,30333.90,30744.40,30320.30,30660.60
2023-06-29 20:00:00,30660.70,30837.00,30380.00,30468.30
2023-06-30 00:00:00,30468.20,30661.90,30405.60,30571.50
2023-06-30 04:00:00,30571.50,30630.00,30222.00,30439.90
2023-06-30 08:00:00,30439.90,30876.40,30337.40,30734.30
2023-06-30 12:00:00,30734.40,31300.00,30604.00,30759.10
2023-06-30 16:00:00,30759.20,30940.00,30709.90,30897.70
2023-06-30 20:00:00,30897.70,31127.30,29500.00,30052.00
2023-07-01 00:00:00,30052.00,30729.50,29908.30,30360.30
2023-07-01 04:00:00,30360.20,30537.30,30324.40,30460.20
2023-07-01 08:00:00,30460.20,30527.20,30362.00,30391.20
2023-07-01 12:00:00,30391.20,30462.80,30311.30,30448.10
2023-07-01 16:00:00,30448.10,30589.80,30405.00,30508.50
2023-07-01 20:00:00,30508.50,30668.20,30490.80,30561.50
2023-07-02 00:00:00,30561.50,30626.00,30533.80,30600.50
2023-07-02 04:00:00,30600.50,30605.10,30534.30,30573.60
2023-07-02 08:00:00,30573.60,30650.00,30458.00,30505.20
2023-07-02 12:00:00,30505.30,30553.20,30462.10,30504.70
2023-07-02 16:00:00,30504.70,30553.90,30477.00,30537.20
2023-07-02 20:00:00,30537.20,30626.20,30149.90,30491.40
2023-07-03 00:00:00,30491.40,30709.20,30358.30,30552.80
2023-07-03 04:00:00,30552.70,30800.00,30425.00,30612.70
2023-07-03 08:00:00,30612.70,30798.30,30575.30,30747.90
2023-07-03 12:00:00,30748.00,30785.30,30601.70,30662.80
2023-07-03 16:00:00,30662.90,30693.70,30577.50,30619.60
2023-07-03 20:00:00,30619.70,31179.00,30559.40,31068.00
2023-07-04 00:00:00,31068.00,31395.20,30810.20,31254.10
2023-07-04 04:00:00,31254.00,31300.50,30875.20,31149.00
2023-07-04 08:00:00,31149.00,31319.40,31083.60,31189.80
2023-07-04 12:00:00,31189.80,31210.70,30860.00,30902.30
2023-07-04 16:00:00,30902.20,31078.50,30856.00,31056.50
2023-07-04 20:00:00,31056.40,31080.00,30869.10,30959.30
2023-07-05 00:00:00,30959.30,31145.00,30600.00,30685.30
2023-07-05 04:00:00,30685.20,30840.00,30655.70,30756.10
2023-07-05 08:00:00,30756.10,30875.20,30737.80,30857.30
2023-07-05 12:00:00,30857.30,30862.60,30742.90,30765.90
2023-07-05 16:00:00,30765.90,30797.40,30326.00,30395.00
2023-07-05 20:00:00,30395.00,30438.10,30175.80,30345.00
2023-07-06 00:00:00,30345.10,30579.60,30321.20,30420.00
2023-07-06 04:00:00,30420.00,30525.10,30369.60,30488.40
2023-07-06 08:00:00,30488.40,30555.60,30305.00,30477.70
2023-07-06 12:00:00,30477.60,30846.80,30420.60,30792.30
2023-07-06 16:00:00,30792.20,31568.00,30686.00,30833.00
2023-07-06 20:00:00,30833.00,30866.40,29865.00,30390.30
2023-07-07 00:00:00,30390.30,30450.70,30140.00,30294.60
2023-07-07 04:00:00,30294.60,30336.30,29818.00,29874.40
2023-07-07 08:00:00,29874.30,30154.90,29680.00,30122.10
2023-07-07 12:00:00,30122.10,30297.30,29904.40,29992.90
2023-07-07 16:00:00,29992.90,30188.80,29957.60,30104.00
2023-07-07 20:00:00,30103.90,30430.00,30012.10,30375.40
2023-07-08 00:00:00,30375.50,30443.60,30100.00,30227.90
2023-07-08 04:00:00,30227.80,30337.00,30197.10,30327.90
2023-07-08 08:00:00,30328.00,30380.00,30240.00,30260.00
2023-07-08 12:00:00,30260.00,30269.20,30122.00,30174.80
2023-07-08 16:00:00,30174.80,30315.00,30135.30,30185.30
2023-07-08 20:00:00,30185.30,30224.50,30132.50,30196.70
2023-07-09 00:00:00,30196.80,30313.00,30026.80,30100.00
2023-07-09 04:00:00,30100.00,30280.00,30037.50,30269.30
2023-07-09 08:00:00,30269.20,30397.00,30232.10,30277.60
2023-07-09 12:00:00,30277.60,30289.10,30218.20,30250.00
2023-07-09 16:00:00,30250.00,30300.00,30219.10,30257.30
2023-07-09 20:00:00,30257.20,30443.40,30163.60,30336.80
2023-07-10 00:00:00,30336.90,30336.90,30180.00,30227.70
2023-07-10 04:00:00,30227.70,30238.30,30042.00,30147.80
2023-07-10 08:00:00,30147.80,30235.00,29928.80,30144.90
2023-07-10 12:00:00,30145.00,30151.00,30034.20,30100.00
2023-07-10 16:00:00,30100.00,30233.10,29966.60,30221.50
2023-07-10 20:00:00,30221.60,30359.70,30131.00,30297.60
2023-07-11 00:00:00,30297.50,30830.00,30223.50,30824.50
2023-07-11 04:00:00,30824.50,31040.00,30100.00,30396.90
2023-07-11 08:00:00,30396.90,30599.00,30348.70,30461.00
2023-07-11 12:00:00,30460.90,30660.00,30416.40,30528.50
2023-07-11 16:00:00,30528.60,30557.80,30325.00,30391.30
2023-07-11 20:00:00,30391.40,30804.90,30261.40,30585.50
2023-07-12 00:00:00,30585.50,30684.60,30383.90,30565.50
2023-07-12 04:00:00,30565.50,30640.00,30492.80,30608.40
2023-07-12 08:00:00,30608.30,30672.00,30485.00,30581.30
2023-07-12 12:00:00,30581.30,30849.20,30555.00,30730.80
2023-07-12 16:00:00,30730.70,30807.50,30639.10,30765.30
2023-07-12 20:00:00,30765.40,30980.50,30447.00,30510.20
2023-07-13 00:00:00,30510.10,30529.00,30186.00,30268.10
2023-07-13 04:00:00,30268.10,30408.80,30220.50,30368.90
2023-07-13 08:00:00,30368.90,30423.00,30257.10,30283.70
2023-07-13 12:00:00,30283.60,30414.00,30233.00,30355.10
2023-07-13 16:00:00,30355.10,30624.00,30328.20,30530.60
2023-07-13 20:00:00,30530.60,31205.30,30446.40,30915.40
2023-07-14 00:00:00,30915.50,31850.00,30700.00,31600.60
2023-07-14 04:00:00,31600.50,31693.70,30993.80,31441.70
2023-07-14 08:00:00,31441.60,31640.00,31321.40,31445.40
2023-07-14 12:00:00,31445.40,31457.70,31068.50,31096.00
2023-07-14 16:00:00,31095.90,31284.90,31076.50,31206.40
2023-07-14 20:00:00,31206.40,31364.90,31037.40,31236.50
2023-07-15 00:00:00,31236.60,31272.70,29876.60,30099.90
2023-07-15 04:00:00,30099.90,30299.90,29965.00,30293.30
2023-07-15 08:00:00,30293.30,30380.00,30220.20,30276.00
2023-07-15 12:00:00,30276.00,30349.70,30241.00,30317.60
2023-07-15 16:00:00,30317.70,30360.00,30258.90,30298.50
2023-07-15 20:00:00,30298.50,30348.40,30237.00,30290.50
2023-07-16 00:00:00,30290.40,30341.50,30238.10,30309.70
2023-07-16 04:00:00,30309.70,30309.80,30251.00,30276.40
2023-07-16 08:00:00,30276.50,30325.00,30050.00,30174.10
2023-07-16 12:00:00,30174.10,30300.90,30120.00,30253.00
2023-07-16 16:00:00,30253.00,30338.50,30250.00,30293.60
2023-07-16 20:00:00,30293.60,30441.60,30254.10,30366.00
2023-07-17 00:00:00,30365.90,30391.80,30179.00,30239.50
2023-07-17 04:00:00,30239.60,30349.60,30110.60,30216.80
2023-07-17 08:00:00,30216.90,30329.70,30161.00,30295.90
2023-07-17 12:00:00,30295.90,30313.90,30220.20,30265.30
2023-07-17 16:00:00,30265.20,30309.40,29910.00,30145.00
2023-07-17 20:00:00,30145.00,30300.00,30015.90,30163.40
2023-07-18 00:00:00,30163.40,30224.40,29630.00,29870.00
2023-07-18 04:00:00,29869.90,30282.90,29864.60,30126.10
2023-07-18 08:00:00,30126.00,30227.50,30061.30,30063.80
2023-07-18 12:00:00,30063.80,30110.90,29908.10,29951.90
2023-07-18 16:00:00,29952.00,30098.50,29784.00,29871.90
2023-07-18 20:00:00,29872.00,30028.60,29657.10,29895.10
2023-07-19 00:00:00,29895.10,29954.30,29400.00,29708.10
2023-07-19 04:00:00,29708.20,29859.00,29678.00,29845.60
2023-07-19 08:00:00,29845.70,30067.70,29826.70,30048.00
2023-07-19 12:00:00,30048.00,30178.50,29950.10,29984.00
2023-07-19 16:00:00,29984.10,30038.40,29852.20,30004.70
2023-07-19 20:00:00,30004.70,30130.00,29745.00,29939.80
2023-07-20 00:00:00,29939.70,30088.10,29855.50,30032.40
2023-07-20 04:00:00,30032.40,30042.00,29811.00,29895.50
2023-07-20 08:00:00,29895.50,30037.90,29866.00,29937.00
2023-07-20 12:00:00,29937.00,30240.20,29912.10,30195.50
2023-07-20 16:00:00,30195.60,30420.00,30151.60,30274.00
2023-07-20 20:00:00,30274.00,30302.90,29600.00,29792.80
2023-07-21 00:00:00,29792.90,29863.00,29468.80,29744.40
2023-07-21 04:00:00,29744.50,29880.20,29652.70,29791.00
2023-07-21 08:00:00,29791.00,29949.50,29705.90,29884.30
2023-07-21 12:00:00,29884.30,29893.30,29729.60,29757.80
2023-07-21 16:00:00,29757.80,29838.80,29710.30,29764.80
2023-07-21 20:00:00,29764.80,29904.70,29764.70,29852.00
2023-07-22 00:00:00,29852.00,30056.20,29762.00,29865.10
2023-07-22 04:00:00,29865.10,29942.70,29819.40,29891.40
2023-07-22 08:00:00,29891.50,29985.30,29873.60,29886.60
2023-07-22 12:00:00,29886.70,29986.00,29822.00,29933.00
2023-07-22 16:00:00,29932.90,29969.60,29847.90,29874.10
2023-07-22 20:00:00,29874.10,29895.00,29806.60,29883.90
2023-07-23 00:00:00,29883.90,29892.50,29783.60,29820.60
2023-07-23 04:00:00,29820.50,29831.30,29602.20,29783.50
2023-07-23 08:00:00,29783.50,29884.00,29718.90,29832.50
2023-07-23 12:00:00,29832.50,29974.60,29832.50,29900.90
2023-07-23 16:00:00,29900.90,29950.00,29870.90,29881.50
2023-07-23 20:00:00,29881.50,29922.70,29836.20,29886.00
2023-07-24 00:00:00,29885.90,30368.20,29885.90,30083.10
2023-07-24 04:00:00,30083.10,30135.00,29909.00,30070.80
2023-07-24 08:00:00,30070.90,30091.70,29650.20,29705.60
2023-07-24 12:00:00,29705.70,29862.90,29639.70,29816.40
2023-07-24 16:00:00,29816.40,29820.90,28904.40,29259.60
2023-07-24 20:00:00,29259.70,29262.60,28830.00,29085.80
2023-07-25 00:00:00,29085.90,29147.00,28982.50,29106.90
2023-07-25 04:00:00,29106.80,29200.00,29075.50,29163.80
2023-07-25 08:00:00,29163.80,29174.50,29033.00,29099.60
2023-07-25 12:00:00,29099.60,29155.40,29060.00,29132.30
2023-07-25 16:00:00,29132.30,29277.60,29106.30,29117.60
2023-07-25 20:00:00,29117.60,29333.00,29058.00,29167.00
2023-07-26 00:00:00,29167.00,29379.50,29165.50,29189.00
2023-07-26 04:00:00,29189.00,29247.90,29171.30,29216.30
2023-07-26 08:00:00,29216.20,29414.60,29083.00,29228.00
2023-07-26 12:00:00,29228.10,29315.00,29100.00,29205.30
2023-07-26 16:00:00,29205.40,29229.30,29145.20,29163.90
2023-07-26 20:00:00,29163.90,29349.30,29152.40,29307.20
2023-07-27 00:00:00,29307.30,29500.00,29172.00,29390.30
2023-07-27 04:00:00,29390.30,29670.50,29260.00,29336.00
2023-07-27 08:00:00,29336.00,29436.70,29286.20,29388.10
2023-07-27 12:00:00,29388.10,29485.90,29366.00,29396.90
2023-07-27 16:00:00,29396.90,29558.40,29380.00,29493.90
2023-07-27 20:00:00,29494.00,29495.10,29218.10,29278.00
2023-07-28 00:00:00,29278.00,29324.50,29065.50,29152.60
2023-07-28 04:00:00,29152.60,29225.00,29117.70,29209.70
2023-07-28 08:00:00,29209.80,29299.90,29171.30,29239.80
2023-07-28 12:00:00,29239.80,29255.50,29125.50,29126.90
2023-07-28 16:00:00,29126.90,29239.40,29112.80,29195.30
2023-07-28 20:00:00,29195.40,29535.70,29192.50,29379.00
2023-07-29 00:00:00,29379.00,29391.60,29180.60,29303.40
2023-07-29 04:00:00,29303.50,29358.00,29267.30,29299.90
2023-07-29 08:00:00,29300.00,29381.40,29280.60,29355.70
2023-07-29 12:00:00,29355.60,29397.90,29271.70,29283.00
2023-07-29 16:00:00,29283.00,29321.10,29237.50,29253.20
2023-07-29 20:00:00,29253.20,29334.40,29246.20,29284.80
2023-07-30 00:00:00,29284.80,29340.00,29276.00,29328.00
2023-07-30 04:00:00,29328.00,29368.80,29328.00,29339.10
2023-07-30 08:00:00,29339.10,29345.90,29292.00,29300.20
2023-07-30 12:00:00,29300.10,29317.50,29251.90,29280.00
2023-07-30 16:00:00,29280.10,29318.10,29211.20,29301.30
2023-07-30 20:00:00,29301.30,29442.50,29260.00,29337.10
2023-07-31 00:00:00,29337.20,29399.50,29100.00,29187.20
2023-07-31 04:00:00,29187.20,29274.00,29006.00,29271.10
2023-07-31 08:00:00,29271.20,29525.80,29250.00,29411.80
2023-07-31 12:00:00,29411.80,29434.50,29343.00,29363.70
2023-07-31 16:00:00,29363.80,29411.50,29317.40,29395.90
2023-07-31 20:00:00,29395.80,29461.40,29208.90,29231.30
2023-08-01 00:00:00,29231.30,29263.00,29100.00,29146.50
2023-08-01 04:00:00,29146.40,29285.30,29102.30,29220.80
2023-08-01 08:00:00,29220.80,29337.30,28684.70,28820.10
2023-08-01 12:00:00,28820.10,28959.00,28785.30,28921.20
2023-08-01 16:00:00,28921.20,28986.50,28850.10,28853.00
2023-08-01 20:00:00,28852.90,28973.60,28550.00,28942.90
2023-08-02 00:00:00,28943.00,29330.00,28850.20,29263.60
2023-08-02 04:00:00,29263.50,29735.00,29170.00,29701.20
2023-08-02 08:00:00,29701.20,30059.90,29607.60,29622.50
2023-08-02 12:00:00,29622.50,29719.50,29550.00,29570.10
2023-08-02 16:00:00,29570.20,29571.00,29360.00,29552.90
2023-08-02 20:00:00,29552.80,29599.00,29156.00,29312.60
2023-08-03 00:00:00,29312.50,29357.00,28906.30,29141.80
2023-08-03 04:00:00,29141.80,29229.10,29050.30,29170.10
2023-08-03 08:00:00,29170.20,29273.10,29110.00,29170.10
2023-08-03 12:00:00,29170.10,29185.20,29005.00,29034.00
2023-08-03 16:00:00,29034.00,29193.50,28955.40,29134.20
2023-08-03 20:00:00,29134.10,29440.00,29068.00,29244.40
2023-08-04 00:00:00,29244.40,29359.90,29119.30,29265.70
2023-08-04 04:00:00,29265.60,29352.40,29150.00,29180.20
2023-08-04 08:00:00,29180.10,29244.40,29079.60,29152.60
2023-08-04 12:00:00,29152.60,29243.90,29120.30,29201.60
2023-08-04 16:00:00,29201.60,29250.00,29121.30,29157.20
2023-08-04 20:00:00,29157.20,29323.80,29116.00,29258.80
2023-08-05 00:00:00,29258.80,29273.60,28919.90,29021.00
2023-08-05 04:00:00,29021.00,29115.00,28780.00,29101.10
2023-08-05 08:00:00,29101.10,29145.00,29051.10,29082.60
2023-08-05 12:00:00,29082.60,29089.20,29020.50,29037.90
2023-08-05 16:00:00,29037.90,29083.00,29030.10,29040.60
2023-08-05 20:00:00,29040.60,29072.90,28960.00,29032.40
2023-08-06 00:00:00,29032.50,29092.10,28997.40,29056.90
2023-08-06 04:00:00,29056.90,29084.30,29041.50,29057.70
2023-08-06 08:00:00,29057.70,29070.30,29023.40,29053.50
2023-08-06 12:00:00,29053.50,29100.00,29028.00,29081.40
2023-08-06 16:00:00,29081.30,29132.00,29036.00,29067.00
2023-08-06 20:00:00,29067.00,29067.70,28978.50,29001.00
2023-08-07 00:00:00,29001.10,29095.00,28983.70,29076.90
2023-08-07 04:00:00,29077.00,29199.00,29025.00,29075.90
2023-08-07 08:00:00,29075.90,29220.70,29005.50,29148.90
2023-08-07 12:00:00,29148.80,29186.60,29036.50,29084.70
2023-08-07 16:00:00,29084.70,29146.20,29031.00,29085.80
2023-08-07 20:00:00,29085.90,29148.80,28771.00,28853.20
2023-08-08 00:00:00,28853.20,29177.00,28682.30,29144.90
2023-08-08 04:00:00,29144.90,29274.50,29107.70,29202.70
2023-08-08 08:00:00,29202.70,29255.00,29132.40,29182.80
2023-08-08 12:00:00,29182.80,29330.00,29170.20,29177.00
2023-08-08 16:00:00,29177.00,29439.00,29160.00,29428.00
2023-08-08 20:00:00,29428.10,29666.00,29336.60,29517.50
2023-08-09 00:00:00,29517.50,29944.80,29516.10,29866.40
2023-08-09 04:00:00,29866.40,30250.00,29674.10,29759.00
2023-08-09 08:00:00,29758.90,29874.50,29628.00,29710.00
2023-08-09 12:00:00,29710.00,29809.80,29650.00,29807.90
2023-08-09 16:00:00,29807.80,29905.80,29715.60,29877.10
2023-08-09 20:00:00,29877.10,30149.70,29663.00,29749.40
2023-08-10 00:00:00,29749.30,29764.90,29366.00,29404.20
2023-08-10 04:00:00,29404.30,29619.70,29362.00,29572.80
2023-08-10 08:00:00,29572.90,29650.00,29550.40,29568.90
2023-08-10 12:00:00,29568.90,29613.20,29477.20,29504.00
2023-08-10 16:00:00,29504.00,29553.00,29461.40,29490.00
2023-08-10 20:00:00,29490.00,29729.80,29380.00,29452.80
2023-08-11 00:00:00,29452.90,29472.60,29303.70,29435.50
2023-08-11 04:00:00,29435.40,29480.00,29413.70,29443.70
2023-08-11 08:00:00,29443.70,29489.50,29336.00,29400.70
2023-08-11 12:00:00,29400.70,29481.90,29367.30,29406.70
2023-08-11 16:00:00,29406.80,29441.60,29333.90,29435.00
2023-08-11 20:00:00,29435.00,29565.10,29339.90,29383.00
2023-08-12 00:00:00,29382.90,29420.00,29220.00,29387.80
2023-08-12 04:00:00,29387.80,29437.20,29382.90,29415.50
2023-08-12 08:00:00,29415.50,29450.00,29360.00,29388.00
2023-08-12 12:00:00,29388.00,29417.20,29375.70,29410.20
2023-08-12 16:00:00,29410.20,29424.90,29378.60,29416.70
2023-08-12 20:00:00,29416.70,29445.30,29395.70,29426.00
2023-08-13 00:00:00,29426.00,29470.00,29401.20,29407.50
2023-08-13 04:00:00,29407.60,29422.70,29385.10,29420.70
2023-08-13 08:00:00,29420.80,29447.40,29380.10,29401.80
2023-08-13 12:00:00,29401.80,29401.90,29343.80,29385.50
2023-08-13 16:00:00,29385.60,29400.70,29362.00,29374.00
2023-08-13 20:00:00,29374.00,29382.60,29349.00,29362.80
2023-08-14 00:00:00,29362.80,29463.00,29316.20,29426.10
2023-08-14 04:00:00,29426.00,29434.90,29256.60,29293.30
2023-08-14 08:00:00,29293.30,29415.00,29070.00,29390.00
2023-08-14 12:00:00,29390.00,29466.30,29379.40,29410.50
2023-08-14 16:00:00,29410.40,29486.00,29371.40,29399.80
2023-08-14 20:00:00,29399.80,29665.00,29319.90,29592.90
2023-08-15 00:00:00,29592.80,29686.70,29233.00,29353.80
2023-08-15 04:00:00,29353.70,29465.80,29323.20,29419.50
2023-08-15 08:00:00,29419.50,29446.50,29355.90,29386.90
2023-08-15 12:00:00,29386.90,29422.90,29338.90,29396.90
2023-08-15 16:00:00,29396.90,29446.50,29340.20,29357.10
2023-08-15 20:00:00,29357.10,29492.10,29294.90,29315.20
2023-08-16 00:00:00,29315.10,29358.90,29050.00,29172.40
2023-08-16 04:00:00,29172.40,29234.60,29125.80,29188.80
2023-08-16 08:00:00,29188.90,29257.40,29174.60,29216.70
2023-08-16 12:00:00,29216.70,29223.50,29100.00,29187.00
2023-08-16 16:00:00,29187.00,29209.00,29086.00,29154.90
2023-08-16 20:00:00,29154.90,29206.60,29030.00,29098.00
2023-08-17 00:00:00,29097.90,29229.60,28940.00,29105.50
2023-08-17 04:00:00,29105.40,29132.40,28705.10,28714.40
2023-08-17 08:00:00,28714.40,28775.90,28288.60,28643.50
2023-08-17 12:00:00,28643.50,28694.90,28590.20,28613.00
2023-08-17 16:00:00,28613.10,28627.80,28469.20,28540.00
2023-08-17 20:00:00,28540.00,28569.30,27855.00,27920.90
2023-08-18 00:00:00,27920.90,28078.00,27700.00,27889.40
2023-08-18 04:00:00,27889.40,27915.80,24581.00,26609.70
2023-08-18 08:00:00,26609.70,26818.00,26307.10,26385.90
2023-08-18 12:00:00,26386.00,26597.70,26150.00,26413.80
2023-08-18 16:00:00,26413.80,26595.20,26365.00,26479.50
2023-08-18 20:00:00,26479.50,26489.60,25918.20,25993.10
2023-08-19 00:00:00,25993.10,26300.00,25600.00,26053.40
2023-08-19 04:00:00,26053.40,26235.00,25989.50,26042.10
2023-08-19 08:00:00,26042.00,26147.60,25910.00,25958.70
2023-08-19 12:00:00,25958.60,25998.00,25783.40,25906.80
2023-08-19 16:00:00,25906.70,25992.80,25871.00,25885.20
2023-08-19 20:00:00,25885.30,26216.40,25858.00,26201.00
2023-08-20 00:00:00,26201.00,26269.40,26012.30,26112.60
2023-08-20 04:00:00,26112.60,26143.70,26016.60,26088.30
2023-08-20 08:00:00,26088.40,26197.00,26027.90,26090.90
2023-08-20 12:00:00,26090.90,26153.40,26029.20,26073.60
2023-08-20 16:00:00,26073.60,26187.80,26041.40,26163.90
2023-08-20 20:00:00,26163.80,26209.60,25948.50,26095.00
2023-08-21 00:00:00,26095.00,26149.00,25982.30,26122.10
2023-08-21 04:00:00,26122.10,26285.00,26122.00,26175.90
2023-08-21 08:00:00,26175.90,26183.20,26052.50,26076.70
2023-08-21 12:00:00,26076.80,26174.40,25985.00,26012.00
2023-08-21 16:00:00,26011.90,26079.80,25861.00,26020.70
2023-08-21 20:00:00,26020.80,26193.60,25800.00,25925.10
2023-08-22 00:00:00,25925.10,26159.90,25921.10,26086.20
2023-08-22 04:00:00,26086.20,26280.00,26067.50,26115.40
2023-08-22 08:00:00,26115.40,26128.20,26010.30,26042.20
2023-08-22 12:00:00,26042.20,26108.70,25981.60,26091.60
2023-08-22 16:00:00,26091.70,26100.00,26014.60,26039.00
2023-08-22 20:00:00,26039.00,26087.20,25900.00,25923.00
2023-08-23 00:00:00,25923.00,26048.00,25693.60,25767.20
2023-08-23 04:00:00,25767.10,26060.00,25280.00,26044.40
2023-08-23 08:00:00,26044.50,26177.00,25974.10,25992.10
2023-08-23 12:00:00,25992.00,26170.00,25967.10,26045.30
2023-08-23 16:00:00,26045.30,26085.60,25887.40,25928.10
2023-08-23 20:00:00,25928.10,26187.00,25800.00,26134.30
2023-08-24 00:00:00,26134.30,26806.00,26113.70,26615.20
2023-08-24 04:00:00,26615.20,26714.80,26201.00,26419.20
2023-08-24 08:00:00,26419.20,26535.90,26334.00,26430.00
2023-08-24 12:00:00,26430.00,26509.60,26370.10,26460.70
2023-08-24 16:00:00,26460.80,26568.30,26395.00,26433.80
2023-08-24 20:00:00,26433.80,26433.90,25972.50,25987.30
2023-08-25 00:00:00,25987.30,26148.00,25835.00,26025.90
2023-08-25 04:00:00,26026.00,26200.00,25918.50,26164.60
2023-08-25 08:00:00,26164.60,26177.00,26000.00,26095.20
2023-08-25 12:00:00,26095.20,26102.90,25960.00,25969.30
2023-08-25 16:00:00,25969.40,26118.70,25968.90,26087.70
2023-08-25 20:00:00,26087.70,26300.00,25754.40,25917.40
2023-08-26 00:00:00,25917.30,26059.80,25820.00,25961.90
2023-08-26 04:00:00,25961.80,26078.00,25944.40,26051.70
2023-08-26 08:00:00,26051.70,26129.40,26018.10,26076.40
2023-08-26 12:00:00,26076.40,26079.20,26033.70,26039.70
2023-08-26 16:00:00,26039.80,26048.70,25985.00,26035.90
2023-08-26 20:00:00,26036.00,26070.00,25969.00,26040.20
2023-08-27 00:00:00,26040.20,26048.50,25990.20,26023.00
2023-08-27 04:00:00,26023.10,26038.70,25975.50,26004.30
2023-08-27 08:00:00,26004.30,26021.60,25955.60,26009.60
2023-08-27 12:00:00,26009.70,26041.90,26009.60,26028.50
2023-08-27 16:00:00,26028.50,26087.70,26018.90,26049.00
2023-08-27 20:00:00,26049.00,26173.60,26040.20,26110.80
2023-08-28 00:00:00,26110.90,26169.80,26020.00,26112.10
2023-08-28 04:00:00,26112.20,26123.80,26025.20,26087.70
2023-08-28 08:00:00,26087.60,26092.10,25970.30,26002.00
2023-08-28 12:00:00,26002.00,26024.70,25850.40,25923.00
2023-08-28 16:00:00,25923.10,25994.80,25853.50,25992.80
2023-08-28 20:00:00,25992.80,26244.60,25980.00,26093.30
2023-08-29 00:00:00,26093.40,26182.80,25902.20,25981.60
2023-08-29 04:00:00,25981.70,26170.00,25931.80,26106.50
2023-08-29 08:00:00,26106.50,26200.00,26050.10,26068.30
2023-08-29 12:00:00,26068.40,26080.40,25974.10,25992.00
2023-08-29 16:00:00,25992.10,26038.30,25905.20,25962.20
2023-08-29 20:00:00,25962.20,27690.00,25951.70,27411.40
2023-08-30 00:00:00,27411.40,28168.00,27337.60,27820.00
2023-08-30 04:00:00,27820.00,27875.00,27517.50,27700.10
2023-08-30 08:00:00,27700.10,27758.20,27265.00,27379.30
2023-08-30 12:00:00,27379.20,27464.00,27360.00,27427.20
2023-08-30 16:00:00,27427.10,27493.60,27290.70,27323.50
2023-08-30 20:00:00,27323.40,27450.00,26950.00,27192.00
2023-08-31 00:00:00,27191.90,27277.70,27053.00,27167.30
2023-08-31 04:00:00,27167.40,27335.60,27165.50,27290.40
2023-08-31 08:00:00,27290.40,27290.50,27166.00,27207.80
2023-08-31 12:00:00,27207.80,27285.00,27200.80,27249.10
2023-08-31 16:00:00,27249.20,27674.30,27175.80,27291.80
2023-08-31 20:00:00,27291.80,27305.10,26733.80,26909.50
2023-09-01 00:00:00,26909.40,26913.90,25876.60,26148.70
2023-09-01 04:00:00,26148.70,26180.00,25617.80,25928.00
2023-09-01 08:00:00,25928.00,26094.10,25918.90,26071.50
2023-09-01 12:00:00,26071.40,26086.20,25962.10,25975.20
2023-09-01 16:00:00,25975.30,26068.30,25941.70,26033.70
2023-09-01 20:00:00,26033.60,26151.60,25555.00,25798.00
2023-09-02 00:00:00,25798.00,25958.10,25312.00,25637.10
2023-09-02 04:00:00,25637.20,25928.50,25557.30,25795.60
2023-09-02 08:00:00,25795.60,25829.90,25740.60,25786.10
2023-09-02 12:00:00,25786.10,25841.40,25754.70,25783.90
2023-09-02 16:00:00,25783.90,25848.00,25760.40,25800.10
2023-09-02 20:00:00,25800.10,25975.00,25771.10,25880.00
2023-09-03 00:00:00,25880.10,25926.50,25750.90,25821.60
2023-09-03 04:00:00,25821.60,25899.30,25805.40,25855.80
2023-09-03 08:00:00,25855.80,25899.90,25810.80,25850.00
2023-09-03 12:00:00,25850.00,25943.60,25849.90,25941.40
2023-09-03 16:00:00,25941.50,25943.70,25862.50,25930.40
2023-09-03 20:00:00,25930.50,26115.00,25802.80,25858.20
2023-09-04 00:00:00,25858.20,26033.30,25777.00,25997.60
2023-09-04 04:00:00,25997.50,26135.20,25915.00,25962.10
2023-09-04 08:00:00,25962.10,26099.30,25864.00,25974.10
2023-09-04 12:00:00,25974.10,26005.70,25896.00,25953.80
2023-09-04 16:00:00,25953.80,26000.00,25845.20,25878.00
2023-09-04 20:00:00,25877.90,25961.50,25707.50,25803.90
2023-09-05 00:00:00,25803.90,25936.90,25794.90,25881.00
2023-09-05 04:00:00,25881.10,25911.20,25610.00,25814.00
2023-09-05 08:00:00,25814.00,25833.10,25531.20,25681.80
2023-09-05 12:00:00,25681.70,25747.80,25660.80,25724.70
2023-09-05 16:00:00,25724.70,25800.00,25639.00,25771.20
2023-09-05 20:00:00,25771.30,25900.00,25610.00,25747.90
2023-09-06 00:00:00,25747.90,25837.70,25668.00,25670.40
2023-09-06 04:00:00,25670.40,25792.40,25660.00,25779.70
2023-09-06 08:00:00,25779.70,25858.50,25758.10,25770.10
2023-09-06 12:00:00,25770.10,25780.90,25711.00,25715.00
2023-09-06 16:00:00,25715.10,25766.60,25701.00,25722.10
2023-09-06 20:00:00,25722.00,25769.30,25530.00,25576.30
2023-09-07 00:00:00,25576.30,26052.00,25326.00,25679.40
2023-09-07 04:00:00,25679.50,25776.00,25641.60,25747.40
2023-09-07 08:00:00,25747.40,25830.60,25710.30,25824.70
2023-09-07 12:00:00,25824.60,25838.00,25735.20,25750.90
2023-09-07 16:00:00,25751.00,25751.00,25680.00,25695.50
2023-09-07 20:00:00,25695.50,25824.70,25602.30,25766.70
2023-09-08 00:00:00,25766.70,25971.70,25760.00,25867.10
2023-09-08 04:00:00,25867.10,26451.00,25843.30,26240.70
2023-09-08 08:00:00,26240.70,26437.50,26181.60,26235.60
2023-09-08 12:00:00,26235.60,26378.40,26171.00,26244.10
2023-09-08 16:00:00,26244.00,26257.90,25630.00,25828.90
2023-09-08 20:00:00,25828.90,25945.70,25777.40,25829.80
2023-09-09 00:00:00,25829.90,25885.00,25707.00,25883.70
2023-09-09 04:00:00,25883.60,25923.10,25834.50,25899.80
2023-09-09 08:00:00,25899.90,25900.10,25835.00,25866.20
2023-09-09 12:00:00,25866.20,25886.60,25820.00,25871.00
2023-09-09 16:00:00,25871.00,25896.10,25834.30,25850.80
2023-09-09 20:00:00,25850.70,25921.50,25781.50,25881.90
2023-09-10 00:00:00,25881.90,25940.60,25834.30,25858.00
2023-09-10 04:00:00,25858.00,25908.50,25843.70,25892.60
2023-09-10 08:00:00,25892.60,25893.90,25816.60,25851.10
2023-09-10 12:00:00,25851.10,25864.20,25727.80,25843.00
2023-09-10 16:00:00,25843.10,25856.10,25780.00,25782.90
2023-09-10 20:00:00,25783.00,25827.00,25702.00,25764.10
2023-09-11 00:00:00,25764.10,25854.50,25508.70,25786.70
2023-09-11 04:00:00,25786.70,26037.30,25758.00,25828.40
2023-09-11 08:00:00,25828.40,25864.90,25639.80,25727.40
2023-09-11 12:00:00,25727.40,25895.00,25707.90,25801.30
2023-09-11 16:00:00,25801.40,25817.90,25555.00,25591.90
2023-09-11 20:00:00,25591.80,25749.70,24915.00,25102.50
2023-09-12 00:00:00,25102.40,25240.60,24975.00,25008.30
2023-09-12 04:00:00,25008.20,25210.00,24888.00,25150.40
2023-09-12 08:00:00,25150.40,25949.00,25116.40,25788.20
2023-09-12 12:00:00,25788.20,25989.60,25600.80,25810.20
2023-09-12 16:00:00,25810.20,26330.90,25720.00,26087.20
2023-09-12 20:00:00,26087.20,26397.00,26021.00,26192.40
2023-09-13 00:00:00,26192.30,26580.00,25868.00,26052.00
2023-09-13 04:00:00,26052.10,26150.00,25762.00,25825.80
2023-09-13 08:00:00,25825.80,25974.00,25750.00,25868.40
2023-09-13 12:00:00,25868.30,26099.50,25835.00,25865.70
2023-09-13 16:00:00,25865.70,26246.20,25850.80,26184.70
2023-09-13 20:00:00,26184.80,26382.00,26007.90,26229.10
2023-09-14 00:00:00,26229.20,26400.00,26038.00,26129.50
2023-09-14 04:00:00,26129.40,26294.00,26129.40,26209.90
2023-09-14 08:00:00,26209.90,26536.70,26106.60,26253.80
2023-09-14 12:00:00,26253.80,26380.00,26150.00,26332.30
2023-09-14 16:00:00,26332.20,26483.50,26253.00,26431.50
2023-09-14 20:00:00,26431.60,26790.00,26326.00,26679.90
2023-09-15 00:00:00,26680.00,26880.00,26530.20,26662.00
2023-09-15 04:00:00,26662.00,26713.20,26461.00,26510.30
2023-09-15 08:00:00,26510.30,26617.80,26428.60,26602.60
2023-09-15 12:00:00,26602.70,26647.00,26535.00,26554.40
2023-09-15 16:00:00,26554.40,26691.50,26353.70,26415.30
2023-09-15 20:00:00,26415.30,26520.00,26206.60,26311.10
2023-09-16 00:00:00,26311.10,26435.60,26301.90,26386.90
2023-09-16 04:00:00,26386.90,26890.00,26357.30,26591.10
2023-09-16 08:00:00,26591.10,26763.50,26558.30,26602.40
2023-09-16 12:00:00,26602.40,26608.80,26453.30,26486.00
2023-09-16 16:00:00,26486.00,26574.30,26430.00,26510.70
2023-09-16 20:00:00,26510.60,26566.40,26470.30,26493.60
2023-09-17 00:00:00,26493.60,26610.00,26483.50,26524.20
2023-09-17 04:00:00,26524.10,26570.00,26492.00,26546.90
2023-09-17 08:00:00,26547.00,26548.30,26400.00,26511.10
2023-09-17 12:00:00,26511.10,26560.70,26476.00,26482.60
2023-09-17 16:00:00,26482.60,26614.30,26480.30,26553.90
2023-09-17 20:00:00,26553.90,26598.70,26507.90,26537.00
2023-09-18 00:00:00,26536.90,26539.00,26454.40,26491.30
2023-09-18 04:00:00,26491.20,26526.00,26377.40,26514.20
2023-09-18 08:00:00,26514.20,26740.70,26358.60,26646.20
2023-09-18 12:00:00,26646.20,26796.00,26550.10,26701.70
2023-09-18 16:00:00,26701.80,27235.00,26666.40,27184.70
2023-09-18 20:00:00,27184.60,27397.00,27115.00,27258.80
2023-09-19 00:00:00,27258.80,27296.80,26611.20,26803.20
2023-09-19 04:00:00,26803.20,26869.20,26713.30,26749.90
2023-09-19 08:00:00,26749.90,26828.50,26653.20,26805.10
2023-09-19 12:00:00,26805.10,26860,26740,26836.10
2023-09-19 16:00:00,26836,27470,26834.30,27224.30
2023-09-19 20:00:00,27224.40,27480,26868,27413.40
2023-09-20 00:00:00,27413.30,27472.50,27051.50,27172.10
2023-09-20 04:00:00,27172.10,27213,26970,27196
2023-09-20 08:00:00,27195.90,27381,27070.20,27106.40
2023-09-20 12:00:00,27106.40,27149.80,26923.30,27089.50
2023-09-20 16:00:00,27089.50,27182,26930.30,27085.40
2023-09-20 20:00:00,27085.50,27228.80,26980.20,27168.70
2023-09-21 00:00:00,27168.70,27297.90,26740,26916.60
2023-09-21 04:00:00,26916.50,27235,26901.50,27107.70
2023-09-21 08:00:00,27107.70,27149,26917.40,27027
2023-09-21 12:00:00,27026.90,27092.40,26966.10,26978.40
2023-09-21 16:00:00,26978.40,27008,26612.50,26722.70
2023-09-21 20:00:00,26722.80,26769.80,26360.10,26567.70
2023-09-22 00:00:00,26567.60,26685.70,26530.80,26589.10
2023-09-22 04:00:00,26589.10,26611.20,26484,26552.60
2023-09-22 08:00:00,26552.60,26655.90,26452.90,26616.80
2023-09-22 12:00:00,26616.90,26697.50,26559.40,26660.90
2023-09-22 16:00:00,26660.90,26737.70,26573,26630
2023-09-22 20:00:00,26630.10,26688.20,26540.60,26619.90
2023-09-23 00:00:00,26619.90,26632.50,26514,26525.10
2023-09-23 04:00:00,26525,26588,26468.50,26566.70
2023-09-23 08:00:00,26566.70,26606.20,26510.30,26519.10
2023-09-23 12:00:00,26519,26575,26492.20,26572
2023-09-23 16:00:00,26571.90,26583.70,26540.90,26562.50
2023-09-23 20:00:00,26562.50,26580,26530.10,26567.50
2023-09-24 00:00:00,26567.40,26620.60,26545.40,26594.40
2023-09-24 04:00:00,26594.40,26600,26542,26563.10
2023-09-24 08:00:00,26563,26581,26545,26559.90
2023-09-24 12:00:00,26559.90,26563.70,26529.60,26552.40
2023-09-24 16:00:00,26552.40,26604.10,26552.40,26587.60
2023-09-24 20:00:00,26587.50,26618.70,26547.40,26566
2023-09-25 00:00:00,26566,26739.90,26300,26432.50
2023-09-25 04:00:00,26432.50,26512,26081,26232.40
2023-09-25 08:00:00,26232.40,26327.20,25965,26148.60
2023-09-25 12:00:00,26148.50,26186,26025,26176.80
2023-09-25 16:00:00,26176.70,26223,26010,26064.60
2023-09-25 20:00:00,26064.50,26289.90,25977,26230.90
2023-09-26 00:00:00,26231,26419.40,26205.20,26318.60
2023-09-26 04:00:00,26318.60,26440,26247.60,26290.50
2023-09-26 08:00:00,26290.50,26388,26221,26338.80
2023-09-26 12:00:00,26338.80,26353.30,26241.40,26256.30
2023-09-26 16:00:00,26256.30,26322.40,26170.10,26262.40
2023-09-26 20:00:00,26262.40,26296.60,26073.80,26114.80
2023-09-27 00:00:00,26114.80,26289.90,26100.80,26235.80
2023-09-27 04:00:00,26235.80,26280.90,26080,26208.80
2023-09-27 08:00:00,26208.70,26281.50,26189.10,26266.90
2023-09-27 12:00:00,26266.90,26280.10,26220.90,26233.40
2023-09-27 16:00:00,26233.40,26840,26209,26755.80
2023-09-27 20:00:00,26755.70,26849.90,26050,26293.40
2023-09-28 00:00:00,26293.40,26303.70,26100,26258.60
2023-09-28 04:00:00,26258.60,26374.90,26211.60,26359.60
2023-09-28 08:00:00,26359.60,26549.90,26325.20,26363.80
2023-09-28 12:00:00,26363.90,26496.70,26331.30,26445.70
2023-09-28 16:00:00,26445.70,26620,26373.80,26464.40
2023-09-28 20:00:00,26464.30,27075,26450,27012.30
2023-09-29 00:00:00,27012.30,27308.70,26837.30,27088.50
2023-09-29 04:00:00,27088.50,27157.20,26880,27011.80
2023-09-29 08:00:00,27011.70,27130.20,26850,26944.60
2023-09-29 12:00:00,26944.60,27231.50,26878.60,27168
2023-09-29 16:00:00,27167.90,27168,26943,26958.30
2023-09-29 20:00:00,26958.30,27098,26625,26874.80
2023-09-30 00:00:00,26874.90,26944.60,26731,26912.70
2023-09-30 04:00:00,26912.60,26979,26850.10,26890.90
2023-09-30 08:00:00,26890.90,26934.90,26870.40,26904.10
2023-09-30 12:00:00,26904.10,26949.50,26895.80,26915.90
2023-09-30 16:00:00,26915.90,26987.60,26906,26924.30
2023-09-30 20:00:00,26924.30,27085,26890.40,26986.20
2023-10-01 00:00:00,26986.20,27032.70,26958,27011.20
2023-10-01 04:00:00,27011.20,27070.40,26929.80,26950.90
2023-10-01 08:00:00,26951,27039.70,26939,27033
2023-10-01 12:00:00,27032.90,27148,27004.20,27092.10
2023-10-01 16:00:00,27092.10,27279.50,27070.50,27174.20
2023-10-01 20:00:00,27174.20,27219.70,27067.40,27135.80
2023-10-02 00:00:00,27135.80,27142.50,27021.40,27091.10
2023-10-02 04:00:00,27091,28365.20,27015,27981.40
2023-10-02 08:00:00,27981.40,28231,27811.60,28114.80
2023-10-02 12:00:00,28114.90,28428.20,27880,28299.10
2023-10-02 16:00:00,28299.20,28477,28177,28183.20
2023-10-02 20:00:00,28183.10,28613,27971,28015
2023-10-03 00:00:00,28015,28115,27614.60,27955.30
2023-10-03 04:00:00,27955.30,27955.40,27255,27477.60
2023-10-03 08:00:00,27477.70,27627.90,27366.10,27585.80
2023-10-03 12:00:00,27585.80,27665,27510.10,27528.10
2023-10-03 16:00:00,27528,27630,27458.30,27549.10
2023-10-03 20:00:00,27549.10,27569.20,27212.30,27332
2023-10-04 00:00:00,27332.10,27479.50,27230,27263.80
2023-10-04 04:00:00,27263.80,27459.70,27123,27412
2023-10-04 08:00:00,27412,27500,27163.90,27416.30
2023-10-04 12:00:00,27416.30,27442,27335.80,27442
2023-10-04 16:00:00,27442,27627.60,27420.50,27559.90
2023-10-04 20:00:00,27560,27619.40,27317.10,27388.30
2023-10-05 00:00:00,27388.30,27830,27385.80,27606
2023-10-05 04:00:00,27606.30,27824,27550,27759.80
2023-10-05 08:00:00,27759.70,27890,27631,27638.10
2023-10-05 12:00:00,27638,27688.40,27533.10,27595.30
2023-10-05 16:00:00,27595.40,27764.90,27578.10,27710.70
2023-10-05 20:00:00,27710.60,28110,27380,27540
2023-10-06 00:00:00,27540,27609.90,27333.50,27457.10
2023-10-06 04:00:00,27457.10,27497.20,27368.50,27398.40
2023-10-06 08:00:00,27398.30,27582.80,27382.60,27544.80
2023-10-06 12:00:00,27544.80,27644,27450,27626.80
2023-10-06 16:00:00,27626.80,27785,27571.10,27750
2023-10-06 20:00:00,27750,28035.60,27156,27926.50
2023-10-07 00:00:00,27926.60,28030,27773,27939.10
2023-10-07 04:00:00,27939.10,28450,27861,27916.30
2023-10-07 08:00:00,27916.30,27944.60,27822.10,27890.90
2023-10-07 12:00:00,27891,27933,27858.40,27878.20
2023-10-07 16:00:00,27878.10,28018.70,27865.40,27929.40
2023-10-07 20:00:00,27929.40,27974.80,27882.60,27926.40
2023-10-08 00:00:00,27926.50,27952.60,27831.80,27849.70
2023-10-08 04:00:00,27849.70,27947.80,27838.50,27943
2023-10-08 08:00:00,27943,28082,27924.90,28049.90
2023-10-08 12:00:00,28050,28061.50,27864.60,27892.40
2023-10-08 16:00:00,27892.40,27927,27758.90,27799.20
2023-10-08 20:00:00,27799.20,27989.80,27671,27883.50
2023-10-09 00:00:00,27883.50,27937.10,27791,27880.40
2023-10-09 04:00:00,27880.30,27968.70,27780.40,27901.20
2023-10-09 08:00:00,27901.20,27977,27780.30,27911.90
2023-10-09 12:00:00,27911.90,27934,27800,27804.60
2023-10-09 16:00:00,27804.60,27834.80,27392,27455.90
2023-10-09 20:00:00,27456,27567.20,27358.20,27433
2023-10-10 00:00:00,27433.10,27739.60,27250,27607.60
2023-10-10 04:00:00,27607.70,27644,27542.30,27578.30
2023-10-10 08:00:00,27578.40,27695.10,27482,27621.60
2023-10-10 12:00:00,27621.50,27694.90,27565.20,27634.90
2023-10-10 16:00:00,27634.90,27727.30,27486.50,27494.10
2023-10-10 20:00:00,27494,27622.90,27318.20,27395.50
2023-10-11 00:00:00,27395.60,27503.70,27281,27386.40
2023-10-11 04:00:00,27386.30,27458.20,27308.10,27381.20
2023-10-11 08:00:00,27381.30,27467.60,27000,27000.70
2023-10-11 12:00:00,27000.70,27131.10,26951.70,27012.80
2023-10-11 16:00:00,27012.70,27320,27002.90,27185
2023-10-11 20:00:00,27185,27252.60,26700,26769.10
2023-10-12 00:00:00,26769.20,26788,26525,26753.70
2023-10-12 04:00:00,26753.80,26879.70,26666,26864.50
2023-10-12 08:00:00,26864.50,26939,26722.40,26836.10
2023-10-12 12:00:00,26836,26909.90,26768.80,26799.40
2023-10-12 16:00:00,26799.30,26856.50,26650,26827.40
2023-10-12 20:00:00,26827.40,26853.90,26606.20,26665.40
2023-10-13 00:00:00,26665.40,26800,26534.80,26700.30
2023-10-13 04:00:00,26700.20,26767.20,26692,26744
2023-10-13 08:00:00,26744,26869.70,26733.90,26769.50
2023-10-13 12:00:00,26769.50,26929,26765.30,26857.80
2023-10-13 16:00:00,26857.90,26892.30,26722.20,26809.90
2023-10-13 20:00:00,26810,26972.80,26670.10,26693
2023-10-14 00:00:00,26692.90,26797.90,26675,26768.90
2023-10-14 04:00:00,26769,27120.80,26733.30,26849.80
2023-10-14 08:00:00,26849.70,26986.40,26828.50,26918.20
2023-10-14 12:00:00,26918.20,26926.40,26828.40,26860.50
2023-10-14 16:00:00,26860.40,26892.70,26835,26860.10
2023-10-14 20:00:00,26860.10,26930,26837.60,26927.90
2023-10-15 00:00:00,26927.90,26937.90,26835.10,26851.50
2023-10-15 04:00:00,26851.50,26869.60,26773.10,26836.30
2023-10-15 08:00:00,26836.40,26896.30,26801,26871.40
2023-10-15 12:00:00,26871.40,26879.70,26858.70,26872.70
2023-10-15 16:00:00,26872.70,26909.60,26830.10,26840.40
2023-10-15 20:00:00,26840.50,26958,26790.40,26885.60
2023-10-16 00:00:00,26885.70,27073,26880,27030.10
2023-10-16 04:00:00,27030.10,27456.10,27000.90,27139.80
2023-10-16 08:00:00,27139.80,27274.80,27095.40,27221.40
2023-10-16 12:00:00,27221.40,28168.60,27176.50,27837.20
2023-10-16 16:00:00,27837.20,27890.20,27627.40,27737
2023-10-16 20:00:00,27737,30720,27695,28054
2023-10-17 00:00:00,28054.10,28797.90,28050,28457.90
2023-10-17 04:00:00,28457.90,28633.30,28220.70,28486.30
2023-10-17 08:00:00,28486.30,28534.40,28220,28259.90
2023-10-17 12:00:00,28259.90,28452.80,28055,28408.20
2023-10-17 16:00:00,28408.10,28605,28339,28408.80
2023-10-17 20:00:00,28408.80,28567.70,28117,28445.80
2023-10-18 00:00:00,28445.70,28596,28290,28499
2023-10-18 04:00:00,28499,28544.30,28360,28381.90
2023-10-18 08:00:00,28382,28500,28307.60,28498
2023-10-18 12:00:00,28498.10,29100,28428.30,28485.10
2023-10-18 16:00:00,28485.10,28584.90,28204.80,28327.30
2023-10-18 20:00:00,28327.30,28393.20,28126.60,28235.30
2023-10-19 00:00:00,28235.40,28423.40,28215.40,28233.30
2023-10-19 04:00:00,28233.20,28363.10,28169.40,28307.10
2023-10-19 08:00:00,28307.20,28404.60,28076,28247.20
2023-10-19 12:00:00,28247.10,28337,28214.60,28315
2023-10-19 16:00:00,28314.90,28498.20,28267.40,28436
2023-10-19 20:00:00,28436.10,28801.60,28402.20,28659.50
2023-10-20 00:00:00,28659.50,28933.40,28436.80,28734.70
2023-10-20 04:00:00,28734.60,28883.70,28579.10,28696.90
2023-10-20 08:00:00,28697,29400,28560,29222.80
2023-10-20 12:00:00,29222.90,29405.40,29110,29228.50
2023-10-20 16:00:00,29228.60,30243,29214.40,29829.90
2023-10-20 20:00:00,29829.90,29900,29358.50,29538.70
2023-10-21 00:00:00,29538.70,29578.60,29304,29549.80
2023-10-21 04:00:00,29549.80,29784.50,29493.90,29653
2023-10-21 08:00:00,29653,29678.60,29443.50,29591
2023-10-21 12:00:00,29591,29725.80,29524.40,29681
2023-10-21 16:00:00,29681.10,29871,29614.10,29794.70
2023-10-21 20:00:00,29794.60,29973.90,29651,29916.50
2023-10-22 00:00:00,29916.40,30374.60,29827.90,30128.70
2023-10-22 04:00:00,30128.70,30145.10,29828.50,29895.40
2023-10-22 08:00:00,29895.40,30069.40,29830,29897.10
2023-10-22 12:00:00,29897,30229.70,29606.60,29800.50
2023-10-22 16:00:00,29800.40,29981.80,29761.80,29895.90
2023-10-22 20:00:00,29895.90,29962.60,29760.60,29815.30
2023-10-23 00:00:00,29815.30,29936.90,29789.20,29830
2023-10-23 04:00:00,29830,30060.20,29698,29981.50
2023-10-23 08:00:00,29981.40,30818,29869.40,30724
2023-10-23 12:00:00,30723.90,30990,30414.60,30508
2023-10-23 16:00:00,30508,30777,30333,30644.40
2023-10-23 20:00:00,30644.40,30963.20,30378.50,30864.10
2023-10-24 00:00:00,30864.10,31430.90,30356.30,31339.90
2023-10-24 04:00:00,31340.30,35981.90,31302.20,33074
2023-10-24 08:00:00,33074,35300,32833.50,34071.10
2023-10-24 12:00:00,34071.10,34597.90,33710,34025.90
2023-10-24 16:00:00,34025.80,34888,33966,34550
2023-10-24 20:00:00,34549.90,34849.40,33244,33674
2023-10-25 00:00:00,33673.90,34398.90,33379.20,33792
2023-10-25 04:00:00,33792,34307.50,33485.30,33917
2023-10-25 08:00:00,33917,34388,33768.60,34003.60
2023-10-25 12:00:00,34003.70,34209.40,33660.60,33853.40
2023-10-25 16:00:00,33853.40,34479,33773.30,34195.50
2023-10-25 20:00:00,34195.50,35035,34191.80,34841.40
2023-10-26 00:00:00,34841.50,35154.30,34364.60,34732.10
2023-10-26 04:00:00,34732,34847,34203.50,34487.70
2023-10-26 08:00:00,34487.80,34828.70,34407.20,34783.30
2023-10-26 12:00:00,34783.40,34809.40,34401.70,34648.70
2023-10-26 16:00:00,34648.60,34745,33963,34104.20
2023-10-26 20:00:00,34104.10,34368.10,33830,34050
2023-10-27 00:00:00,34050.10,34150,33750,34052.10
2023-10-27 04:00:00,34052.20,34287.50,34026.60,34154
2023-10-27 08:00:00,34154,34179.60,33774,34124
2023-10-27 12:00:00,34124.10,34253.30,33929.30,33954
2023-10-27 16:00:00,33954,34185.30,33950,34055.30
2023-10-27 20:00:00,34055.10,34220,33826.50,34010.90
2023-10-28 00:00:00,34010.80,34042.20,33350,33705.50
2023-10-28 04:00:00,33705.60,33948.90,33686,33893.10
2023-10-28 08:00:00,33893.20,34188.80,33867.40,34068.50
2023-10-28 12:00:00,34068.50,34199.50,34026,34057.20
2023-10-28 16:00:00,34057.20,34535.80,34038,34182.50
2023-10-28 20:00:00,34182.50,34248,33930,34199.90
2023-10-29 00:00:00,34200,34230.70,34082,34118.30
2023-10-29 04:00:00,34118.30,34200,34063,34086.60
2023-10-29 08:00:00,34086.70,34110.50,33956.10,33981
2023-10-29 12:00:00,33981,34147.70,33933,34086
2023-10-29 16:00:00,34086.10,34349.40,34082,34272.60
2023-10-29 20:00:00,34272.60,34579.70,34272.30,34462.50
2023-10-30 00:00:00,34462.60,34773.80,34382,34571.50
2023-10-30 04:00:00,34571.60,34746.70,34400,34528.60
2023-10-30 08:00:00,34528.60,34578.80,34179,34276.50
2023-10-30 12:00:00,34276.60,34358.70,34104,34191.70
2023-10-30 16:00:00,34191.80,34700,34161.70,34627.90
2023-10-30 20:00:00,34627.80,34888.20,34474,34664.50
2023-10-31 00:00:00,34664.50,34664.50,34050,34440
2023-10-31 04:00:00,34440,34593.10,34320.10,34483.80
2023-10-31 08:00:00,34483.80,34620.70,34206.10,34219.90
2023-10-31 12:00:00,34219.90,34360,34080,34151.90
2023-10-31 16:00:00,34151.90,34563.60,34016.80,34504
2023-10-31 20:00:00,34504.10,34533.10,34133.70,34290.20
2023-11-01 00:00:00,34290.30,34632,34240,34553.50
2023-11-01 04:00:00,34553.60,34744.70,34439.50,34651.40
2023-11-01 08:00:00,34651.40,34684,34406.40,34430
2023-11-01 12:00:00,34429.90,34520,34330.40,34463.90
2023-11-01 16:00:00,34464,34515.10,34354,34442.90
2023-11-01 20:00:00,34442.90,35249,34076,34296.90
2023-11-02 00:00:00,34296.90,34750,34288.80,34564.30
2023-11-02 04:00:00,34564.10,35734,34538.60,35437.40
2023-11-02 08:00:00,35437.50,35999.90,35378.30,35578
2023-11-02 12:00:00,35577.90,35613,35050,35280.70
2023-11-02 16:00:00,35280.60,35487,35095.10,35377.50
2023-11-02 20:00:00,35377.60,35468,34533.10,34645.20
2023-11-03 00:00:00,34645.10,35021,34300,34998.20
2023-11-03 04:00:00,34998.20,35099,34705,34940.10
2023-11-03 08:00:00,34940.10,34944.90,34364.10,34680
2023-11-03 12:00:00,34680.10,34700,34300.10,34470
2023-11-03 16:00:00,34469.90,34618,34123,34265.50
2023-11-03 20:00:00,34265.50,34850,34155.40,34759.50
2023-11-04 00:00:00,34759.50,34825,34304.10,34518.10
2023-11-04 04:00:00,34518.10,34738,34469.40,34700.40
2023-11-04 08:00:00,34700.50,34774,34620.10,34699.90
2023-11-04 12:00:00,34700,35111,34571.60,34759.10
2023-11-04 16:00:00,34759.20,34880,34668.70,34706.20
2023-11-04 20:00:00,34706.20,34799,34632.50,34709.80
2023-11-05 00:00:00,34709.90,34792,34685.10,34721.20
2023-11-05 04:00:00,34721.10,35270,34700,35069.70
2023-11-05 08:00:00,35069.70,35350,34933.30,35292.10
2023-11-05 12:00:00,35292.40,35328,35052.80,35175.40
2023-11-05 16:00:00,35175.50,35210.40,35023.10,35103.50
2023-11-05 20:00:00,35103.60,35187,34758,34893.90
2023-11-06 00:00:00,34893.90,35298,34878,35001.30
2023-11-06 04:00:00,35001.20,35455.20,34356,35025.50
2023-11-06 08:00:00,35025.50,35137.90,34840.60,34992.90
2023-11-06 12:00:00,34992.90,35044,34743.20,34918.50
2023-11-06 16:00:00,34918.50,35299.90,34836.40,35253.10
2023-11-06 20:00:00,35253.10,35281.50,34911,35094.50
2023-11-07 00:00:00,35094.50,35129.40,34821,35076.70
2023-11-07 04:00:00,35076.70,35172.90,34905,35057.40
2023-11-07 08:00:00,35057.50,35066,34808,34932
2023-11-07 12:00:00,34931.90,34988,34835.50,34947.30
2023-11-07 16:00:00,34947.30,34988,34552.20,34633.30
2023-11-07 20:00:00,34633.30,34849.40,34520.30,34728.40
2023-11-08 00:00:00,34728.50,35609.40,34560,35473.40
2023-11-08 04:00:00,35473.50,35921.70,35211,35406.50
2023-11-08 08:00:00,35406.50,35436.10,35241.10,35287.80
2023-11-08 12:00:00,35287.80,35378.90,35172.70,35239.60
2023-11-08 16:00:00,35239.50,35449.90,35192.10,35336.70
2023-11-08 20:00:00,35336.70,35485,35073,35231.30
2023-11-09 00:00:00,35231.40,35791.90,35194.30,35630.90
2023-11-09 04:00:00,35630.80,36150,35390,35626.70
2023-11-09 08:00:00,35626.70,36888,35538.80,36455.50
2023-11-09 12:00:00,36455.50,36884,36422,36550.60
2023-11-09 16:00:00,36550.60,37018.10,36550.60,36816.90
2023-11-09 20:00:00,36816.90,38499.90,36768,37141.50
2023-11-10 00:00:00,37141.50,37277.10,35304,36399.50
2023-11-10 04:00:00,36399.40,36798,36150.60,36719.50
2023-11-10 08:00:00,36719.60,36940.60,36461.80,36754.90
2023-11-10 12:00:00,36754.90,36836.80,36465.40,36480.20
2023-11-10 16:00:00,36480.30,37165.30,36350,37098.90
2023-11-10 20:00:00,37098.90,37276,36821.20,37118.40
2023-11-11 00:00:00,37092.60,37474,37092.50,37253.50
2023-11-11 04:00:00,37253.60,37570,37080,37330.40
2023-11-11 08:00:00,37330.30,37422.20,36921.10,37064.20
2023-11-11 12:00:00,37064.20,37159.70,36942,37030.50
2023-11-11 16:00:00,37030.50,37087,36935.10,37014.10
2023-11-11 20:00:00,37014.10,37297.90,36977.60,37071.50
2023-11-12 00:00:00,37071.50,37211.80,37051,37177.90
2023-11-12 04:00:00,37177.80,37190,36588,37162.10
2023-11-12 08:00:00,37162.10,37222.90,36753.60,37016.50
2023-11-12 12:00:00,37016.40,37200,36932.20,37154.10
2023-11-12 16:00:00,37154.10,37167,37057.10,37087.70
2023-11-12 20:00:00,37087.60,37258.40,36955,37178.30
2023-11-13 00:00:00,37178.30,37247.70,37080.10,37134
2023-11-13 04:00:00,37134,37244.40,36960,37085.50
2023-11-13 08:00:00,37085.60,37464.80,36870.10,36941.30
2023-11-13 12:00:00,36941.20,37069.90,36760,36982.50
2023-11-13 16:00:00,36982.50,37065.90,36710,36838.30
2023-11-13 20:00:00,36837.50,36975.60,36546.50,36871.70
2023-11-14 00:00:00,36871.70,37074.30,36624.80,36877.60
2023-11-14 04:00:00,36877.60,36910.80,36350,36486.20
2023-11-14 08:00:00,36486.20,36514.20,36220.40,36473
2023-11-14 12:00:00,36473.10,36740.80,36404.80,36705.50
2023-11-14 16:00:00,36705.50,36779.90,36258.20,36288.80
2023-11-14 20:00:00,36288.90,36720,35665.20,36168.70
2023-11-15 00:00:00,36168.80,36449,34446.30,35305.90
2023-11-15 04:00:00,35306,35689,35230,35559
2023-11-15 08:00:00,35559.10,35685,35388,35408.40
2023-11-15 12:00:00,35408.50,35683.80,35401.20,35597.40
2023-11-15 16:00:00,35597.80,36296.40,35593,36254.40
2023-11-15 20:00:00,36254.50,36430,36018.30,36412.10
2023-11-16 00:00:00,36412.20,37845,36256,37527.40
2023-11-16 04:00:00,37527.40,38000,37319.30,37885.60
2023-11-16 08:00:00,37885.50,37956.50,37353.80,37479.90
2023-11-16 12:00:00,37479.80,37645.90,37351,37460.70
2023-11-16 16:00:00,37460.60,37574.90,37150,37272.10
2023-11-16 20:00:00,37272,37352.50,36251,36423.10
2023-11-17 00:00:00,36423.30,36658.20,35486.10,35936.50
2023-11-17 04:00:00,35936.40,36284,35671.20,36176
2023-11-17 08:00:00,36176,36687.40,36108.30,36496
2023-11-17 12:00:00,36495.90,36537.10,36143.80,36252
2023-11-17 16:00:00,36251.90,36480.50,36129.40,36383.80
2023-11-17 20:00:00,36383.90,36636.70,35868.30,36059
2023-11-18 00:00:00,36059.10,37020.50,35917.10,36336.20
2023-11-18 04:00:00,36336.30,36762.60,36320.30,36621.90
2023-11-18 08:00:00,36621.90,36625.70,36364.10,36384.90
2023-11-18 12:00:00,36385,36443.30,36196,36429
2023-11-18 16:00:00,36429,36550,36389.30,36417
2023-11-18 20:00:00,36417,36693,36364.80,36671.90
2023-11-19 00:00:00,36672,36900,36605,36688.40
2023-11-19 04:00:00,36688.40,36720,36450,36580.90
2023-11-19 08:00:00,36580.90,36584,36400,36527.70
2023-11-19 12:00:00,36527.60,36684.90,36492.30,36624
2023-11-19 16:00:00,36624,36720.90,36380,36459.10
2023-11-19 20:00:00,36459,36580,36383,36575.10
2023-11-20 00:00:00,36575.10,37000,36515.50,36961.90
2023-11-20 04:00:00,36962,37528.20,36816.50,37375.90
2023-11-20 08:00:00,37375.80,37397.20,37050,37131.90
2023-11-20 12:00:00,37132,37280,37055,37261.10
2023-11-20 16:00:00,37261,37445.50,37070.10,37161
2023-11-20 20:00:00,37160.90,37525,36600,37475.10
2023-11-21 00:00:00,37475,37784.70,36780,37584.50
2023-11-21 04:00:00,37584.50,37631.10,37284.90,37462.50
2023-11-21 08:00:00,37462.60,37675,37321.10,37485.40
2023-11-21 12:00:00,37485.40,37503.70,37250.40,37297.10
2023-11-21 16:00:00,37297.10,37439.50,37156,37189.50
2023-11-21 20:00:00,37189.60,37245.70,36212.20,36975.90
2023-11-22 00:00:00,36975.80,37531,36600,36989.90
2023-11-22 04:00:00,36989.90,37190,35720,35737
2023-11-22 08:00:00,35737,36387.40,35610.70,36378.80
2023-11-22 12:00:00,36378.80,36560,36320.50,36430.70
2023-11-22 16:00:00,36430.70,36779,36385.40,36465.90
2023-11-22 20:00:00,36465.80,36654.80,36240,36480.50
2023-11-23 00:00:00,36480.60,37448,36371.20,37297
2023-11-23 04:00:00,37296.90,37880,37219.20,37413.40
2023-11-23 08:00:00,37413.50,37548,37263,37311
2023-11-23 12:00:00,37311,37425,37275,37378.50
2023-11-23 16:00:00,37378.50,37650,37135.80,37378.20
2023-11-23 20:00:00,37378.10,37544.90,36856.30,36954.10
2023-11-24 00:00:00,36954.10,37378,36921.60,37282.30
2023-11-24 04:00:00,37282.40,37391.50,37209,37294.30
2023-11-24 08:00:00,37294.40,37487,37257.30,37314
2023-11-24 12:00:00,37314,37587,37300.10,37531.10
2023-11-24 16:00:00,37531.10,38200,37427.30,37749.70
2023-11-24 20:00:00,37749.80,38425,37600,38217.30
2023-11-25 00:00:00,38217.30,38351.20,37551,37758.50
2023-11-25 04:00:00,37758.50,37940.80,37560.80,37706.30
2023-11-25 08:00:00,37706.30,37840,37671.40,37790.90
2023-11-25 12:00:00,37791,37830.50,37708.10,37795
2023-11-25 16:00:00,37795,37827,37570.90,37645
2023-11-25 20:00:00,37645,37732.40,37607.60,37697.80
2023-11-26 00:00:00,37697.70,37833,37697.70,37805.90
2023-11-26 04:00:00,37806,37886.50,37693.20,37766.60
2023-11-26 08:00:00,37766.70,37775.70,37650,37721
2023-11-26 12:00:00,37721.10,37788.50,37685.60,37773.50
2023-11-26 16:00:00,37773.50,37807.60,37650.20,37663
2023-11-26 20:00:00,37662.90,37669.80,37248,37418
2023-11-27 00:00:00,37418,37492.70,37126,37360
2023-11-27 04:00:00,37360.10,37744.90,37306.50,37437.90
2023-11-27 08:00:00,37437.90,37560,37174.20,37295.80
2023-11-27 12:00:00,37295.80,37416,37005,37272.10
2023-11-27 16:00:00,37272,37457,36829.80,37023.30
2023-11-27 20:00:00,37023.30,37094.90,36725.10,36743.20
2023-11-28 00:00:00,36743.30,37145.40,36700,36868.60
2023-11-28 04:00:00,36868.50,37279,36776,37234.30
2023-11-28 08:00:00,37234.40,37338,37088.80,37119.90
2023-11-28 12:00:00,37119.90,37135,36856,37087.20
2023-11-28 16:00:00,37087.20,37259.60,36917.40,37250.10
2023-11-28 20:00:00,37250,37568.60,37140,37502.20
2023-11-29 00:00:00,37502.10,38395,37502.10,38105
2023-11-29 04:00:00,38104.70,38270,37655.20,37812.10
2023-11-29 08:00:00,37812,38091.90,37663.20,37938.10
2023-11-29 12:00:00,37938.10,38238,37862.30,38095.70
2023-11-29 16:00:00,38095.70,38500,37895.20,38098.60
2023-11-29 20:00:00,38098.60,38285,37551.80,37817.60
2023-11-30 00:00:00,37817.60,37924.50,37641,37861.10
2023-11-30 04:00:00,37861,37871.70,37564.20,37837.10
2023-11-30 08:00:00,37837.20,38035,37673,38034.50
2023-11-30 12:00:00,38034.40,38132,37755.80,37783.20
2023-11-30 16:00:00,37783.10,37895,37570.90,37867.10
2023-11-30 20:00:00,37867.10,37964.60,37442.90,37614
2023-12-01 00:00:00,37613.90,37807,37520,37745.30
2023-12-01 04:00:00,37745.40,37805,37585,37716.80
2023-12-01 08:00:00,37716.90,38070,37600,38030.20
2023-12-01 12:00:00,38030.10,38344.80,38005.90,38234.90
2023-12-01 16:00:00,38234.90,38844,38205.20,38578
2023-12-01 20:00:00,38578,38629.90,38209.60,38401.50
2023-12-02 00:00:00,38401.40,38989,38383,38750.10
2023-12-02 04:00:00,38750,38888,38622.30,38660
2023-12-02 08:00:00,38659.90,38788,38613.50,38767.50
2023-12-02 12:00:00,38767.40,38815.50,38680,38683.90
2023-12-02 16:00:00,38683.90,38775.90,38620,38722.80
2023-12-02 20:00:00,38722.80,38859.50,38688,38787
2023-12-03 00:00:00,38786.90,39900,38688.10,39416.40
2023-12-03 04:00:00,39416.40,39725,39270.80,39435
2023-12-03 08:00:00,39435.10,39549,39255.20,39376
2023-12-03 12:00:00,39376,39488,39307.70,39474.10
2023-12-03 16:00:00,39474.10,39539.30,39386.30,39471.40
2023-12-03 20:00:00,39471.30,39820,39367,39758.50
2023-12-04 00:00:00,39758.50,39847,39420.80,39555.10
2023-12-04 04:00:00,39555.20,40410.10,39541.40,39979.70
2023-12-04 08:00:00,39979.80,40915.30,39970.40,40720.70
2023-12-04 12:00:00,40720.60,41792,40693.50,41471.90
2023-12-04 16:00:00,41471.90,42179,41336.10,41605.90
2023-12-04 20:00:00,41605.90,41920,41120.10,41280.80
2023-12-05 00:00:00,41280.90,42091.10,41186.80,42001
2023-12-05 04:00:00,42000.90,42440,41722.80,41993.10
2023-12-05 08:00:00,41993.10,41993.10,41630,41832
2023-12-05 12:00:00,41832,41922.80,41393.50,41534.20
2023-12-05 16:00:00,41534.30,41763.10,41422,41730.90
2023-12-05 20:00:00,41730.90,42542,41694,42266.70
2023-12-06 00:00:00,42266.80,44191.60,42124.60,43834
2023-12-06 04:00:00,43834,44528.10,43420.60,44081.70
2023-12-06 08:00:00,44081.70,44160.10,43569.20,43757.70
2023-12-06 12:00:00,43757.60,43879.60,43451,43697.10
2023-12-06 16:00:00,43697.10,44349.80,43377,43853.30
2023-12-06 20:00:00,43853.40,44305.10,43730,43795.30
2023-12-07 00:00:00,43795.30,44173.70,43750,44008.80
2023-12-07 04:00:00,44008.80,44086,43607.30,43774.80
2023-12-07 08:00:00,43775.10,44020,43720.90,43941.30
2023-12-07 12:00:00,43941.40,44066.70,43835.70,43899.40
2023-12-07 16:00:00,43899.40,43911.50,42815,43206.40
2023-12-07 20:00:00,43206.40,43959.10,42964.70,43679.80
2023-12-08 00:00:00,43680,43786.90,43091.50,43239.20
2023-12-08 04:00:00,43239.20,43490,43122.20,43296
2023-12-08 08:00:00,43296,43559,43286.80,43402.80
2023-12-08 12:00:00,43402.70,43586.50,43108.80,43184.50
2023-12-08 16:00:00,43184.60,43780,43100,43687.30
2023-12-08 20:00:00,43687.30,44081.60,43501.70,43778.50
2023-12-09 00:00:00,43778.60,44003.50,43650,43967.60
2023-12-09 04:00:00,43967.70,44779.30,43967.70,44209.50
2023-12-09 08:00:00,44209.60,44324.70,44071.20,44175
2023-12-09 12:00:00,44175,44389.20,44150,44220.60
2023-12-09 16:00:00,44220.70,44238,43749.10,43838.30
2023-12-09 20:00:00,43838.20,44180.80,43762.10,44088
2023-12-10 00:00:00,44088,44131,43903.60,43954.80
2023-12-10 04:00:00,43954.80,44140,43555,43734.30
2023-12-10 08:00:00,43734.20,43893.40,43694,43870.70
2023-12-10 12:00:00,43870.80,44042.80,43849.90,43995.80
2023-12-10 16:00:00,43995.80,44075.50,43624,43760.10
2023-12-10 20:00:00,43760.10,44039.70,43750,43945.40
2023-12-11 00:00:00,43945.30,43976.30,43753.80,43819.50
2023-12-11 04:00:00,43819.50,44099.20,43552.50,43810
2023-12-11 08:00:00,43810.10,43833.40,40272.10,42312.80
2023-12-11 12:00:00,42312.70,42330,41622.30,42128
2023-12-11 16:00:00,42128.10,42490.50,41979.10,42346.60
2023-12-11 20:00:00,42346.60,42398.30,41682.20,41824.70
2023-12-12 00:00:00,41824.60,41892.60,40228.30,40799.40
2023-12-12 04:00:00,40799.30,41375.40,40571,41271
2023-12-12 08:00:00,41271.10,41963,41202.10,41760.30
2023-12-12 12:00:00,41760.30,42095.30,41401,41930.10
2023-12-12 16:00:00,41930,42125,41570.80,41606.70
2023-12-12 20:00:00,41606.70,42085.90,41171.20,41376.60
2023-12-13 00:00:00,41376.70,41488,40711,41169.60
2023-12-13 04:00:00,41169.70,41577,41060.50,41515
2023-12-13 08:00:00,41514.90,41524.20,40556,40858.50
2023-12-13 12:00:00,40858.60,41275.70,40650,41146.30
2023-12-13 16:00:00,41146.30,41315.40,40976.90,41035.20
2023-12-13 20:00:00,41035.30,41979,41010.60,41960
2023-12-14 00:00:00,41960,42921.90,41735.60,42746.80
2023-12-14 04:00:00,42746.70,43517.60,42580,42875
2023-12-14 08:00:00,42875,42950,42670.50,42726.90
2023-12-14 12:00:00,42726.80,43126.20,42682.10,42910.10
2023-12-14 16:00:00,42910.20,43336.70,42684.40,43269.90
2023-12-14 20:00:00,43269.90,43379.30,41140,42454.10
2023-12-15 00:00:00,42454.10,43450.10,42454.10,43105
2023-12-15 04:00:00,43105,43193.90,42851.30,43032.40
2023-12-15 08:00:00,43032.30,43098,42410.50,42813.50
2023-12-15 12:00:00,42813.50,42905.10,42518.70,42724.80
2023-12-15 16:00:00,42724.80,43054,42645.90,42800
2023-12-15 20:00:00,42800,42809.60,41668,41930.30
2023-12-16 00:00:00,41930.40,42222.70,41715,42124.90
2023-12-16 04:00:00,42124.90,42280,41915.70,41968
2023-12-16 08:00:00,41968,42448.40,41638.10,42354.50
2023-12-16 12:00:00,42354.50,42380.90,42162.10,42243.10
2023-12-16 16:00:00,42243,42368.90,42114.70,42349.90
2023-12-16 20:00:00,42350,42640.80,42255.60,42631.70
2023-12-17 00:00:00,42631.60,42756.70,42340,42367.90
2023-12-17 04:00:00,42367.90,42434.30,42117.10,42287.40
2023-12-17 08:00:00,42287.40,42322.20,41880,41947.20
2023-12-17 12:00:00,41947.10,42086.50,41773.20,41894.60
2023-12-17 16:00:00,41894.60,42036.60,41671.20,41979.70
2023-12-17 20:00:00,41979.80,42033.20,41496,41828.50
2023-12-18 00:00:00,41828.50,42476,41707.20,42136.50
2023-12-18 04:00:00,42136.50,42226.80,41248.30,41396.50
2023-12-18 08:00:00,41396.60,41487.50,40810.60,41107
2023-12-18 12:00:00,41107,41338.70,41022.50,41159.90
2023-12-18 16:00:00,41160,41285.30,40553.80,41137.30
2023-12-18 20:00:00,41137.20,41780.00,40916.80,41288.00
2023-12-19 00:00:00,41288.00,41750.00,41170.00,41715.40
2023-12-19 04:00:00,41714.70,42795.30,41590.00,42671.70
2023-12-19 08:00:00,42671.80,43550.00,42595.10,43100.10
2023-12-19 12:00:00,43100.10,43159.70,42840.20,43062.00
2023-12-19 16:00:00,43062.10,43297.10,42962.00,43003.90
2023-12-19 20:00:00,43004.00,43068.50,42238.70,42512.80
2023-12-20 00:00:00,42512.90,42675.00,41835.40,42379.00
2023-12-20 04:00:00,42379.70,42556.80,42152.60,42298.30
2023-12-20 08:00:00,42298.20,42519.50,42218.30,42451.70
2023-12-20 12:00:00,42451.70,43056.90,42393.80,42950.00
2023-12-20 16:00:00,42950.00,43037.20,42693.60,42891.40
2023-12-20 20:00:00,42891.20,44384.60,42780.10,44079.00
2023-12-21 00:00:00,44078.90,44290.00,43511.80,43760.10
2023-12-21 04:00:00,43760.10,43846.00,43260.10,43708.90
2023-12-21 08:00:00,43708.90,43775.60,43317.20,43678.60
2023-12-21 12:00:00,43678.60,43920.00,43480.00,43794.80
2023-12-21 16:00:00,43794.90,44172.20,43610.00,43969.70
2023-12-21 20:00:00,43969.80,44287.20,43386.20,43857.70
2023-12-22 00:00:00,43857.70,43957.00,43390.00,43623.10
2023-12-22 04:00:00,43623.00,44175.00,43583.60,43896.30
2023-12-22 08:00:00,43896.40,44332.80,43750.20,44044.30
2023-12-22 12:00:00,44044.40,44484.00,43566.10,43614.10
2023-12-22 16:00:00,43614.00,43877.50,43480.50,43783.00
2023-12-22 20:00:00,43783.20,43849.60,43430.40,43699.90
2023-12-23 00:00:00,43699.90,44047.60,43503.40,43666.40
2023-12-23 04:00:00,43666.50,44086.00,43650.00,43999.20
2023-12-23 08:00:00,43999.20,44023.00,43464.80,43543.20
2023-12-23 12:00:00,43543.20,43670.00,43304.20,43582.00
2023-12-23 16:00:00,43582.10,43709.90,43513.40,43583.00
2023-12-23 20:00:00,43583.00,43899.80,43575.70,43782.00
2023-12-24 00:00:00,43782.00,43880.10,43720.00,43729.10
2023-12-24 04:00:00,43729.20,43864.70,43656.80,43725.20
2023-12-24 08:00:00,43725.20,43952.30,43625.10,43867.80
2023-12-24 12:00:00,43867.80,43994.80,43454.10,43678.60
2023-12-24 16:00:00,43678.70,43733.00,43421.00,43666.60
2023-12-24 20:00:00,43666.60,43908.30,43582.90,43707.00
2023-12-25 00:00:00,43707.10,43750.60,43568.30,43645.30
2023-12-25 04:00:00,43645.40,43652.20,42550.00,43008.40
2023-12-25 08:00:00,43008.40,43188.50,42755.40,43182.50
2023-12-25 12:00:00,43182.60,43360.40,43121.80,43233.20
2023-12-25 16:00:00,43233.30,43320.00,43083.20,43200.30
2023-12-25 20:00:00,43200.40,43850.00,43118.30,43661.00
2023-12-26 00:00:00,43661.00,43761.90,43383.20,43515.80
2023-12-26 04:00:00,43515.70,43772.10,43354.30,43611.90
2023-12-26 08:00:00,43611.90,43635.10,43400.00,43487.90
2023-12-26 12:00:00,43488.00,43509.90,42552.30,42798.70
2023-12-26 16:00:00,42798.70,42830.90,42109.00,42719.90
2023-12-26 20:00:00,42720.00,42870.00,42253.70,42423.10
2023-12-27 00:00:00,42423.10,42470.60,41597.00,42149.20
2023-12-27 04:00:00,42149.20,42630.40,42086.90,42538.50
2023-12-27 08:00:00,42538.60,42580.00,42145.70,42274.70
2023-12-27 12:00:00,42274.70,42595.50,42248.50,42495.90
2023-12-27 16:00:00,42496.00,43277.10,42443.00,43059.30
2023-12-27 20:00:00,43059.30,43191.10,42726.60,43009.60
2023-12-28 00:00:00,43010.00,43264.00,42890.30,43183.90
2023-12-28 04:00:00,43183.80,43700.00,43146.20,43453.80
2023-12-28 08:00:00,43453.80,43850.00,43333.10,43444.80
2023-12-28 12:00:00,43444.80,43669.40,42821.00,43087.20
2023-12-28 16:00:00,43087.30,43233.00,42900.00,43112.10
2023-12-28 20:00:00,43112.00,43181.10,42439.60,42485.80
2023-12-29 00:00:00,42485.90,42783.00,42320.50,42655.90
2023-12-29 04:00:00,42656.00,42788.70,42369.70,42600.10
2023-12-29 08:00:00,42600.10,42839.10,42123.10,42738.10
2023-12-29 12:00:00,42738.20,42812.90,42253.20,42314.50
2023-12-29 16:00:00,42314.50,42996.30,42306.80,42908.90
2023-12-29 20:00:00,42908.80,43171.90,42160.00,42301.60
2023-12-30 00:00:00,42301.60,42389.00,41680.00,42152.80
2023-12-30 04:00:00,42152.90,42288.30,41283.20,42095.10
2023-12-30 08:00:00,42095.10,42250.00,41854.40,42014.70
2023-12-30 12:00:00,42014.70,42205.20,41960.00,41987.10
2023-12-30 16:00:00,41987.10,42032.70,41550.00,41933.60
2023-12-30 20:00:00,41933.60,42473.40,41915.10,42410.30
2023-12-31 00:00:00,42410.40,42654.60,42278.70,42395.00
2023-12-31 04:00:00,42395.00,42431.90,42106.50,42174.20
2023-12-31 08:00:00,42174.30,42478.90,42001.00,42209.40
2023-12-31 12:00:00,42209.40,42729.20,42189.90,42567.00
2023-12-31 16:00:00,42567.00,42951.00,42400.20,42561.80
2023-12-31 20:00:00,42561.80,42694.00,42381.00,42489.60
2024-01-01 00:00:00,42489.60,42766.70,42465.40,42659.90
2024-01-01 04:00:00,42659.90,42724.50,42083.10,42314.00
2024-01-01 08:00:00,42314.00,42832.00,42270.00,42369.80
2024-01-01 12:00:00,42369.80,42536.00,42207.90,42527.00
2024-01-01 16:00:00,42527.10,42800.00,42489.40,42727.60
2024-01-01 20:00:00,42727.70,42887.50,42614.50,42818.00
2024-01-02 00:00:00,42818.00,43593.20,42693.10,43556.20
2024-01-02 04:00:00,43556.20,44266.00,43426.00,44230.20
2024-01-02 08:00:00,44230.30,45565.00,44200.90,45435.00
2024-01-02 12:00:00,45434.90,45832.80,45153.00,45495.50
2024-01-02 16:00:00,45495.60,45950.00,45258.00,45486.80
2024-01-02 20:00:00,45486.80,45850.00,44868.10,45215.00
2024-01-03 00:00:00,45215.00,45449.20,44783.30,45073.20
2024-01-03 04:00:00,45073.30,45338.90,44598.00,44979.80
2024-01-03 08:00:00,44979.70,45463.50,44895.80,45297.80
2024-01-03 12:00:00,45297.80,45423.00,44960.00,45030.40
2024-01-03 16:00:00,45030.50,45582.30,43500.00,43728.90
2024-01-03 20:00:00,43728.90,43738.80,40333.00,43014.00
2024-01-04 00:00:00,43014.00,43595.90,41920.00,42600.40
2024-01-04 04:00:00,42600.40,42974.50,42517.60,42849.50
2024-01-04 08:00:00,42849.50,43236.00,42625.00,43119.60
2024-01-04 12:00:00,43119.60,43290.00,42765.00,42775.00
2024-01-04 16:00:00,42775.10,43255.00,42645.10,43188.20
2024-01-04 20:00:00,43188.20,44343.10,43107.40,44050.40
2024-01-05 00:00:00,44050.40,44437.50,43773.40,43950.00
2024-01-05 04:00:00,43950.00,44840.80,43887.20,44143.80
2024-01-05 08:00:00,44143.80,44284.00,42300.00,43469.10
2024-01-05 12:00:00,43469.50,43951.70,43193.50,43769.60
2024-01-05 16:00:00,43769.60,44332.40,43459.00,43769.90
2024-01-05 20:00:00,43769.90,44119.10,43000.00,43495.20
2024-01-06 00:00:00,43495.10,43825.20,43090.00,43599.00
2024-01-06 04:00:00,43599.00,44500.00,43559.00,44145.40
2024-01-06 08:00:00,44145.30,44214.60,43809.50,43925.80
2024-01-06 12:00:00,43925.80,43972.00,43391.30,43645.30
2024-01-06 16:00:00,43645.40,43777.50,43550.00,43669.20
2024-01-06 20:00:00,43669.20,43925.00,43527.20,43863.60
2024-01-07 00:00:00,43863.60,44149.90,43817.40,43903.60
2024-01-07 04:00:00,43903.60,43980.00,43645.00,43956.70
2024-01-07 08:00:00,43956.60,44267.90,43824.20,43937.20
2024-01-07 12:00:00,43937.10,44099.60,43830.00,44071.50
2024-01-07 16:00:00,44071.60,44161.50,43862.80,44054.00
2024-01-07 20:00:00,44054.00,44486.90,43922.70,44035.00
2024-01-08 00:00:00,44034.90,44262.30,43686.90,44238.80
2024-01-08 04:00:00,44238.80,44262.90,43557.50,43916.90
2024-01-08 08:00:00,43916.90,43975.00,43158.10,43501.90
2024-01-08 12:00:00,43502.00,44431.10,43417.80,43970.00
2024-01-08 16:00:00,43969.90,44748.50,43629.70,44637.20
2024-01-08 20:00:00,44637.20,45440.00,44350.00,44969.60
2024-01-09 00:00:00,44969.70,47312.00,44783.80,47006.70
2024-01-09 04:00:00,47007.10,47240.30,46666.10,46972.70
2024-01-09 08:00:00,46972.60,47173.50,46253.70,46932.80
2024-01-09 12:00:00,46932.70,46950.30,46600.20,46841.00
2024-01-09 16:00:00,46841.00,46891.30,46372.00,46624.40
2024-01-09 20:00:00,46624.40,47100.00,45400.00,46868.80
2024-01-10 00:00:00,46868.90,46977.00,46500.00,46873.50
2024-01-10 04:00:00,46873.50,48100.00,44417.20,46114.00
2024-01-10 08:00:00,46113.90,46252.50,45629.60,46133.60
2024-01-10 12:00:00,46133.50,46200.00,45728.90,45766.40
2024-01-10 16:00:00,45766.30,45876.70,44800.00,45530.20
2024-01-10 20:00:00,45530.10,45680.00,44291.50,45569.00
2024-01-11 00:00:00,45569.40,46768.00,45189.40,46498.90
2024-01-11 04:00:00,46498.80,47699.30,44720.00,46662.90
2024-01-11 08:00:00,46663.00,46758.00,46146.50,46502.40
2024-01-11 12:00:00,46502.30,46511.40,45610.10,46096.10
2024-01-11 16:00:00,46096.10,47171.00,46051.60,47068.50
2024-01-11 20:00:00,47068.50,49027.50,46488.10,46813.40
2024-01-12 00:00:00,46813.40,47065.80,45600.00,46698.40
2024-01-12 04:00:00,46698.40,46973.80,46080.60,46337.80
2024-01-12 08:00:00,46337.90,46536.20,45900.90,45997.00
2024-01-12 12:00:00,45997.30,46380.00,45714.20,46002.60
2024-01-12 16:00:00,46002.60,46280.00,45527.50,45958.00
2024-01-12 20:00:00,45958.00,46120.00,44360.80,44495.10
2024-01-13 00:00:00,44495.10,44719.70,43221.10,43497.50
2024-01-13 04:00:00,43497.40,44000.00,41370.00,42788.90
2024-01-13 08:00:00,42789.00,42997.00,42445.70,42625.60
2024-01-13 12:00:00,42625.60,43265.10,42565.90,43102.10
2024-01-13 16:00:00,43102.10,43255.00,42513.00,42631.90
2024-01-13 20:00:00,42631.80,43273.40,42509.80,43159.70
2024-01-14 00:00:00,43159.90,43193.90,42711.50,42791.10
2024-01-14 04:00:00,42791.10,43067.70,42703.20,42846.40
2024-01-14 08:00:00,42846.40,42896.90,42651.00,42691.20
2024-01-14 12:00:00,42691.10,43064.40,42553.00,43012.80
2024-01-14 16:00:00,43012.80,43096.10,42759.20,42836.80
2024-01-14 20:00:00,42836.70,43014.30,42710.30,42908.40
2024-01-15 00:00:00,42908.40,43019.10,42633.20,42665.80
2024-01-15 04:00:00,42665.80,42755.00,41713.50,41734.90
2024-01-15 08:00:00,41734.90,42650.00,41720.00,42571.80
2024-01-15 12:00:00,42572.80,42829.80,42501.60,42713.10
2024-01-15 16:00:00,42713.10,42784.30,42535.80,42699.90
2024-01-15 20:00:00,42700.00,42969.00,42156.00,42278.70
2024-01-16 00:00:00,42278.70,43376.00,42249.10,42989.60
2024-01-16 04:00:00,42989.60,43114.70,42341.30,42515.00
2024-01-16 08:00:00,42515.00,42942.00,42466.10,42919.50
2024-01-16 12:00:00,42919.30,42945.00,42600.50,42788.10
2024-01-16 16:00:00,42788.50,43164.90,42718.80,42894.90
2024-01-16 20:00:00,42894.60,43333.00,42050.00,43251.70
2024-01-17 00:00:00,43251.00,43450.00,42825.50,43164.80
2024-01-17 04:00:00,43164.80,43589.00,43061.70,43133.00
2024-01-17 08:00:00,43133.00,43198.00,42838.80,42842.10
2024-01-17 12:00:00,42842.00,42933.00,42616.00,42654.00
2024-01-17 16:00:00,42654.00,42855.80,42555.80,42681.00
2024-01-17 20:00:00,42681.00,42934.90,42355.50,42478.30
2024-01-18 00:00:00,42478.20,42757.60,42200.00,42617.50
2024-01-18 04:00:00,42617.60,42869.30,42444.00,42783.40
2024-01-18 08:00:00,42783.30,42797.00,42515.00,42594.00
2024-01-18 12:00:00,42594.00,42930.10,42590.00,42918.30
2024-01-18 16:00:00,42918.30,42932.30,42382.50,42540.00
2024-01-18 20:00:00,42540.10,42821.40,42351.00,42618.90
2024-01-19 00:00:00,42619.00,42619.00,40805.20,41014.20
2024-01-19 04:00:00,41014.20,41366.40,40673.60,41323.10
2024-01-19 08:00:00,41323.20,41372.00,40739.60,41049.80
2024-01-19 12:00:00,41049.80,41578.30,41031.30,41282.00
2024-01-19 16:00:00,41281.90,41518.40,41132.50,41471.70
2024-01-19 20:00:00,41471.70,41493.00,40718.50,40897.00
2024-01-20 00:00:00,40897.10,42000.00,40300.00,41818.50
2024-01-20 04:00:00,41818.60,42197.00,41530.10,41662.20
2024-01-20 08:00:00,41662.10,41712.00,41458.50,41638.00
2024-01-20 12:00:00,41638.10,41781.40,41566.30,41652.40
2024-01-20 16:00:00,41652.40,41672.70,41453.60,41583.60
2024-01-20 20:00:00,41583.50,41706.50,41480.00,41570.30
2024-01-21 00:00:00,41570.20,41685.00,41522.00,41638.40
2024-01-21 04:00:00,41638.40,41883.50,41615.00,41691.80
2024-01-21 08:00:00,41691.80,41735.00,41624.60,41677.40
2024-01-21 12:00:00,41677.40,41699.90,41544.00,41648.60
2024-01-21 16:00:00,41648.50,41826.50,41648.50,41720.90
2024-01-21 20:00:00,41720.80,41880.90,41600.00,41652.80
2024-01-22 00:00:00,41652.70,41733.00,41516.00,41721.20
2024-01-22 04:00:00,41721.20,41820.00,41500.00,41580.00
2024-01-22 08:00:00,41579.90,41692.30,41050.50,41199.60
2024-01-22 12:00:00,41199.50,41334.90,40666.00,41042.60
2024-01-22 16:00:00,41042.70,41050.00,40353.70,40809.40
2024-01-22 20:00:00,40809.50,41253.70,40333.00,40774.70
2024-01-23 00:00:00,40775.00,40880.10,39402.00,39812.50
2024-01-23 04:00:00,39812.60,40360.00,39450.00,39567.00
2024-01-23 08:00:00,39567.10,40121.20,39508.00,40000.10
2024-01-23 12:00:00,40000.10,40172.70,39656.80,39773.90
2024-01-23 16:00:00,39773.90,39862.90,38652.30,38850.10
2024-01-23 20:00:00,38850.20,39479.20,38545.00,39197.40
2024-01-24 00:00:00,39197.50,39654.20,38925.60,39140.10
2024-01-24 04:00:00,39140.10,39898.00,39031.30,39890.00
2024-01-24 08:00:00,39889.90,40247.00,39563.80,39611.20
2024-01-24 12:00:00,39611.30,40179.70,39550.00,39979.40
2024-01-24 16:00:00,39979.50,40560.60,39844.70,40195.20
2024-01-24 20:00:00,40195.10,40287.80,39754.40,40046.70
2024-01-25 00:00:00,40046.70,40208.40,39602.00,39797.40
2024-01-25 04:00:00,39797.40,40171.30,39493.30,40078.70
2024-01-25 08:00:00,40078.80,40170.00,39901.00,40002.80
2024-01-25 12:00:00,40002.80,40131.90,39778.30,40119.60
2024-01-25 16:00:00,40119.60,40300.00,39950.00,40165.50
2024-01-25 20:00:00,40165.50,40280.00,39605.00,39793.60
2024-01-26 00:00:00,39793.60,40053.60,39535.30,39982.90
2024-01-26 04:00:00,39982.90,39987.20,39630.00,39953.30
2024-01-26 08:00:00,39953.30,40250.00,39813.10,40057.00
2024-01-26 12:00:00,40057.10,40216.70,39880.90,39956.00
2024-01-26 16:00:00,39956.00,41350.00,39944.70,41272.00
2024-01-26 20:00:00,41271.90,41587.30,40890.00,41399.80
2024-01-27 00:00:00,41399.80,42187.10,41383.80,42046.00
2024-01-27 04:00:00,42046.10,42239.30,41779.20,41806.40
2024-01-27 08:00:00,41806.40,41924.00,41681.80,41805.20
2024-01-27 12:00:00,41805.10,41880.50,41594.00,41699.10
2024-01-27 16:00:00,41699.00,41786.00,41360.10,41744.70
2024-01-27 20:00:00,41744.70,41880.00,41689.30,41797.40
2024-01-28 00:00:00,41797.50,41977.00,41727.00,41896.40
2024-01-28 04:00:00,41896.50,42187.10,41896.40,42102.20
2024-01-28 08:00:00,42102.20,42236.90,41908.20,42210.00
2024-01-28 12:00:00,42210.10,42836.00,42204.00,42369.90
2024-01-28 16:00:00,42370.00,42688.00,42301.10,42456.60
2024-01-28 20:00:00,42456.50,42525.00,42130.00,42244.50
2024-01-29 00:00:00,42244.50,42340.00,41700.00,41770.60
2024-01-29 04:00:00,41770.60,42067.50,41600.00,42021.20
2024-01-29 08:00:00,42021.20,42493.00,41865.40,42306.40
2024-01-29 12:00:00,42306.50,42326.90,41966.20,42040.00
2024-01-29 16:00:00,42040.00,42368.70,41932.90,42233.30
2024-01-29 20:00:00,42233.20,42636.00,41768.30,42623.20
2024-01-30 00:00:00,42623.10,43298.00,42495.70,42986.70
2024-01-30 04:00:00,42986.80,43340.80,42966.50,43287.70
2024-01-30 08:00:00,43287.60,43798.20,43111.30,43502.90
2024-01-30 12:00:00,43502.80,43554.10,43238.00,43346.60
2024-01-30 16:00:00,43346.70,43548.00,43200.40,43513.40
2024-01-30 20:00:00,43513.30,43888.00,43092.00,43355.50
2024-01-31 00:00:00,43355.40,43584.10,43197.70,43525.10
2024-01-31 04:00:00,43525.10,43750.00,42665.60,42918.30
2024-01-31 08:00:00,42918.30,43090.00,42634.30,42918.00
2024-01-31 12:00:00,42918.10,43075.70,42854.70,43031.60
2024-01-31 16:00:00,43031.50,43077.00,42341.00,42630.20
2024-01-31 20:00:00,42630.20,43460.00,42503.30,43341.80
2024-02-01 00:00:00,43341.90,43748.60,43022.30,43316.40
2024-02-01 04:00:00,43316.30,43348.90,42257.60,42560.50
2024-02-01 08:00:00,42560.50,42674.90,41866.80,41998.00
2024-02-01 12:00:00,41998.00,42292.10,41877.00,42182.20
2024-02-01 16:00:00,42182.30,42323.60,42028.80,42075.90
2024-02-01 20:00:00,42075.80,42936.60,41926.30,42500.10
2024-02-02 00:00:00,42500.00,43288.00,42350.00,43206.30
2024-02-02 04:00:00,43206.30,43278.40,42856.10,43072.60
2024-02-02 08:00:00,43072.60,43430.00,43005.60,43018.10
2024-02-02 12:00:00,43018.00,43262.90,42926.40,43076.00
2024-02-02 16:00:00,43076.00,43191.00,42923.10,43136.80
2024-02-02 20:00:00,43136.90,43250.00,42512.70,43222.90
2024-02-03 00:00:00,43222.90,43480.00,42756.10,43044.10
2024-02-03 04:00:00,43044.20,43221.00,42877.00,43182.00
2024-02-03 08:00:00,43182.00,43372.20,43119.20,43155.30
2024-02-03 12:00:00,43155.30,43207.00,43017.00,43037.10
2024-02-03 16:00:00,43037.10,43110.30,42950.60,42978.00
2024-02-03 20:00:00,42977.90,43181.30,42858.30,43097.40
2024-02-04 00:00:00,43097.50,43264.30,43000.00,43046.80
2024-02-04 04:00:00,43046.80,43088.00,42925.90,42992.40
2024-02-04 08:00:00,42992.40,43055.00,42871.50,43015.70
2024-02-04 12:00:00,43015.70,43018.70,42702.40,42822.90
2024-02-04 16:00:00,42822.80,43112.10,42721.80,43041.60
2024-02-04 20:00:00,43041.60,43104.90,42820.10,42926.70
2024-02-05 00:00:00,42926.70,42960.00,42550.00,42623.90
2024-02-05 04:00:00,42623.90,42977.20,42176.70,42570.30
2024-02-05 08:00:00,42570.30,42722.00,42235.10,42708.00
2024-02-05 12:00:00,42707.90,43168.40,42622.80,43059.00
2024-02-05 16:00:00,43058.90,43264.20,42936.00,43180.80
2024-02-05 20:00:00,43180.80,43580.00,42580.00,42629.70
2024-02-06 00:00:00,42629.70,42873.20,42470.20,42757.40
2024-02-06 04:00:00,42757.40,42789.10,42311.20,42692.90
2024-02-06 08:00:00,42692.90,42941.10,42559.80,42829.80
2024-02-06 12:00:00,42829.90,42911.00,42634.10,42870.00
2024-02-06 16:00:00,42870.00,43110.00,42650.70,42814.30
2024-02-06 20:00:00,42814.30,43266.40,42631.00,43232.00
2024-02-07 00:00:00,43232.00,43378.80,42980.80,43261.70
2024-02-07 04:00:00,43261.70,43312.30,43000.20,43079.10
2024-02-07 08:00:00,43079.10,43179.60,42763.40,42783.00
2024-02-07 12:00:00,42783.10,43035.70,42775.00,42904.80
2024-02-07 16:00:00,42904.90,43191.20,42813.60,42917.40
2024-02-07 20:00:00,42917.30,43314.90,42864.80,43057.80
2024-02-08 00:00:00,43057.70,43708.20,42992.20,43596.10
2024-02-08 04:00:00,43596.20,44388.00,43596.10,44326.20
2024-02-08 08:00:00,44326.30,44795.10,44306.80,44523.60
2024-02-08 12:00:00,44523.50,44618.80,44405.00,44500.80
2024-02-08 16:00:00,44500.80,44884.30,44496.50,44677.90
2024-02-08 20:00:00,44677.90,45450.00,44580.40,45406.30
2024-02-09 00:00:00,45406.40,45488.00,44878.00,45260.10
2024-02-09 04:00:00,45260.20,45600.00,45200.00,45269.10
2024-02-09 08:00:00,45269.20,46444.00,45218.10,46046.50
2024-02-09 12:00:00,46046.50,46424.40,45830.10,46185.10
2024-02-09 16:00:00,46185.10,47290.00,46183.40,47155.90
2024-02-09 20:00:00,47155.90,47699.50,46638.60,47136.90
2024-02-10 00:00:00,47137.00,48230.30,47110.30,47486.20
2024-02-10 04:00:00,47486.30,47671.70,47020.10,47116.10
2024-02-10 08:00:00,47116.10,47489.90,47025.60,47366.90
2024-02-10 12:00:00,47366.90,47418.30,47125.00,47130.50
2024-02-10 16:00:00,47130.60,47258.30,46836.40,47172.80
2024-02-10 20:00:00,47172.70,47377.00,47083.80,47332.00
2024-02-11 00:00:00,47331.90,47650.00,47139.00,47511.20
2024-02-11 04:00:00,47511.30,48189.60,47436.90,47732.60
2024-02-11 08:00:00,47732.60,48571.40,47539.40,48517.10
2024-02-11 12:00:00,48517.60,48600.00,48048.20,48169.60
2024-02-11 16:00:00,48169.50,48439.50,47912.10,48403.70
2024-02-11 20:00:00,48403.70,48469.30,47914.10,48140.80
2024-02-12 00:00:00,48140.70,48401.10,47938.00,48282.40
2024-02-12 04:00:00,48282.30,48379.90,47961.00,48303.40
2024-02-12 08:00:00,48303.40,48846.00,48001.00,48138.60
2024-02-12 12:00:00,48138.70,48389.60,47702.00,48213.00
2024-02-12 16:00:00,48213.00,48323.10,47711.00,47906.00
2024-02-12 20:00:00,47905.90,49965.30,47841.60,49925.40
2024-02-13 00:00:00,49925.50,50413.20,49411.60,49545.90
2024-02-13 04:00:00,49545.90,50293.90,49545.80,49943.60
2024-02-13 08:00:00,49943.60,50428.80,49754.40,49813.80
2024-02-13 12:00:00,49813.90,50143.60,49810.00,50019.90
2024-02-13 16:00:00,50019.80,50290.00,49651.00,50004.00
2024-02-13 20:00:00,50003.90,50009.30,48356.00,48753.10
2024-02-14 00:00:00,48753.20,49279.30,48301.00,49044.90
2024-02-14 04:00:00,49045.00,49783.50,49016.20,49696.40
2024-02-14 08:00:00,49696.40,49717.30,49320.90,49524.40
2024-02-14 12:00:00,49524.50,49900.00,49215.70,49845.00
2024-02-14 16:00:00,49844.90,51829.10,49742.40,51601.20
2024-02-14 20:00:00,51601.10,52100.00,51302.00,51616.40
2024-02-15 00:00:00,51616.50,51777.00,51217.70,51707.50
2024-02-15 04:00:00,51707.50,51924.70,51483.00,51823.20
2024-02-15 08:00:00,51823.10,52568.30,51732.60,52379.90
2024-02-15 12:00:00,52379.90,52400.10,51651.00,51802.40
2024-02-15 16:00:00,51802.50,52549.50,51666.00,52359.10
2024-02-15 20:00:00,52359.00,52859.00,51750.00,51968.70
2024-02-16 00:00:00,51968.60,52419.10,51658.00,52022.00
2024-02-16 04:00:00,52022.10,52035.30,51334.90,51898.50
2024-02-16 08:00:00,51898.40,52376.10,51824.50,52309.90
2024-02-16 12:00:00,52309.80,52372.60,51758.00,51786.40
2024-02-16 16:00:00,51786.40,52470.60,51611.70,52241.10
2024-02-16 20:00:00,52241.20,52623.00,51623.20,51909.30
2024-02-17 00:00:00,51909.20,52284.30,51665.40,51780.20
2024-02-17 04:00:00,51780.20,52245.10,51697.30,52148.60
2024-02-17 08:00:00,52148.70,52192.80,51870.00,51993.60
2024-02-17 12:00:00,51993.60,52093.20,51811.00,51933.90
2024-02-17 16:00:00,51933.90,51934.00,51521.40,51723.70
2024-02-17 20:00:00,51723.70,51777.00,50647.50,51013.40
2024-02-18 00:00:00,51013.40,51482.40,50770.80,51428.80
2024-02-18 04:00:00,51428.20,52109.00,51331.00,51679.40
2024-02-18 08:00:00,51679.50,51841.40,51178.00,51518.00
2024-02-18 12:00:00,51518.00,51785.20,51435.10,51703.70
2024-02-18 16:00:00,51703.70,52107.30,51677.50,51861.10
2024-02-18 20:00:00,51861.10,51985.90,51563.30,51808.90
2024-02-19 00:00:00,51809.00,52013.50,51670.10,51791.50
2024-02-19 04:00:00,51791.60,52450.00,51616.50,52175.90
2024-02-19 08:00:00,52175.90,52490.00,51933.10,52104.00
2024-02-19 12:00:00,52104.00,52532.90,52023.40,52423.90
2024-02-19 16:00:00,52424.00,52495.00,52088.70,52375.90
2024-02-19 20:00:00,52375.90,52509.10,52051.00,52157.50
2024-02-20 00:00:00,52157.50,52270.00,51688.80,51851.60
2024-02-20 04:00:00,51851.60,52148.60,51722.00,51813.80
2024-02-20 08:00:00,51813.70,51872.20,51330.50,51608.90
2024-02-20 12:00:00,51608.80,52077.00,51533.10,51869.20
2024-02-20 16:00:00,51869.20,52443.70,51584.90,52325.80
2024-02-20 20:00:00,52325.90,53090.90,51367.60,51712.70
2024-02-21 00:00:00,51712.70,52166.20,50788.00,52131.30
2024-02-21 04:00:00,52131.20,52561.80,51918.00,52297.40
2024-02-21 08:00:00,52297.30,52402.30,52021.00,52042.50
2024-02-21 12:00:00,52042.40,52155.10,51510.00,51599.90
2024-02-21 16:00:00,51599.90,51835.60,50826.20,50988.10
2024-02-21 20:00:00,50988.20,51468.00,50528.40,51183.70
2024-02-22 00:00:00,51183.60,51459.50,50663.00,51082.00
2024-02-22 04:00:00,51081.90,51991.20,50884.30,51877.80
2024-02-22 08:00:00,51877.90,51911.60,51176.80,51612.10
2024-02-22 12:00:00,51612.10,51949.10,51376.70,51860.60
2024-02-22 16:00:00,51860.60,52078.00,51555.70,51659.20
2024-02-22 20:00:00,51659.10,51766.00,50967.50,51630.00
2024-02-23 00:00:00,51630.00,51785.80,51424.00,51547.00
2024-02-23 04:00:00,51546.90,52130.80,51203.70,51316.90
2024-02-23 08:00:00,51316.90,51576.30,50989.90,51129.70
2024-02-23 12:00:00,51129.80,51352.60,50900.20,50952.30
2024-02-23 16:00:00,50952.30,51300.00,50862.30,51254.10
2024-02-23 20:00:00,51254.10,51372.30,50804.40,50938.10
2024-02-24 00:00:00,50938.20,51228.60,50652.90,51131.00
2024-02-24 04:00:00,51130.90,51187.60,50512.70,50771.90
2024-02-24 08:00:00,50771.90,50934.90,50611.40,50878.20
2024-02-24 12:00:00,50878.20,51133.30,50856.10,51099.80
2024-02-24 16:00:00,51099.80,51195.00,50965.00,51151.90
2024-02-24 20:00:00,51151.80,51204.20,51053.30,51124.60
2024-02-25 00:00:00,51124.70,51736.60,51117.10,51590.00
2024-02-25 04:00:00,51589.90,51712.50,51474.40,51602.10
2024-02-25 08:00:00,51602.10,51949.80,51465.50,51654.20
2024-02-25 12:00:00,51654.10,51853.20,51530.30,51756.80
2024-02-25 16:00:00,51756.90,51817.00,51550.00,51672.30
2024-02-25 20:00:00,51672.30,51828.40,51465.00,51547.80
2024-02-26 00:00:00,51547.90,51780.00,51300.40,51708.00
2024-02-26 04:00:00,51707.90,52050.00,51681.30,51764.90
2024-02-26 08:00:00,51764.90,51846.10,51431.00,51596.10
2024-02-26 12:00:00,51596.10,51645.00,51320.00,51327.50
2024-02-26 16:00:00,51327.50,51429.10,50922.50,51126.40
2024-02-26 20:00:00,51126.30,52885.50,50990.00,52872.30
2024-02-27 00:00:00,52872.20,54599.90,52777.20,54531.30
2024-02-27 04:00:00,54531.20,54991.80,54321.00,54511.60
2024-02-27 08:00:00,54511.70,57780.00,54495.00,55774.30
2024-02-27 12:00:00,55773.10,56497.00,55655.00,56100.00
2024-02-27 16:00:00,56100.10,56879.90,56075.60,56581.40
2024-02-27 20:00:00,56581.40,57494.30,56501.90,56775.00
2024-02-28 00:00:00,56775.10,57679.50,56231.00,57390.70
2024-02-28 04:00:00,57390.70,57415.40,56625.30,57074.50
2024-02-28 08:00:00,57074.50,57150.40,56730.10,56963.30
2024-02-28 12:00:00,56963.30,58472.80,56932.20,58300.00
2024-02-28 16:00:00,58299.90,59589.00,58226.90,58997.40
2024-02-28 20:00:00,58997.40,61437.40,58940.80,61000.00
2024-02-29 00:00:00,61000.00,64300.00,59000.00,61032.80
2024-02-29 04:00:00,61032.80,62710.00,59840.50,62487.90
2024-02-29 08:00:00,62487.90,62508.40,61105.20,61638.60
2024-02-29 12:00:00,61638.60,63762.80,61408.30,62761.50
2024-02-29 16:00:00,62761.60,63460.80,62151.10,63019.80
2024-02-29 20:00:00,63019.80,63599.90,62050.00,62809.10
2024-03-01 00:00:00,62809.10,62952.40,60452.00,61681.80
2024-03-01 04:00:00,61681.70,62345.70,60619.70,61203.30
2024-03-01 08:00:00,61203.30,61842.20,60844.80,61183.40
2024-03-01 12:00:00,61183.40,61856.70,61135.00,61485.80
2024-03-01 16:00:00,61485.90,62332.00,61385.50,61927.70
2024-03-01 20:00:00,61927.70,62750.00,61200.00,61335.30
2024-03-02 00:00:00,61335.40,62556.30,61312.10,62270.50
2024-03-02 04:00:00,62270.50,63199.00,62270.50,62430.60
2024-03-02 08:00:00,62430.60,62513.10,62004.00,62374.30
2024-03-02 12:00:00,62374.40,62380.00,61820.00,62071.90
2024-03-02 16:00:00,62071.90,62217.70,61711.50,61900.00
2024-03-02 20:00:00,61900.00,62248.20,61605.00,61834.50
2024-03-03 00:00:00,61834.50,62189.60,61700.00,62185.30
2024-03-03 04:00:00,62185.30,62276.60,61720.00,62039.90
2024-03-03 08:00:00,62039.90,62072.40,61700.00,61997.10
2024-03-03 12:00:00,61997.10,62181.20,61339.50,61641.00
2024-03-03 16:00:00,61641.00,61963.00,61452.30,61900.00
2024-03-03 20:00:00,61900.00,62720.00,61885.60,62210.70
2024-03-04 00:00:00,62210.80,63079.00,62141.00,62797.10
2024-03-04 04:00:00,62797.10,63330.90,62639.00,63178.50
2024-03-04 08:00:00,63178.50,64429.30,62299.00,63523.90
2024-03-04 12:00:00,63524.00,64390.20,63249.10,64120.60
2024-03-04 16:00:00,64120.60,65717.40,64078.20,65314.00
2024-03-04 20:00:00,65313.90,66666.60,64566.30,66505.40
2024-03-05 00:00:00,66505.40,67648.60,66100.00,67483.20
2024-03-05 04:00:00,67483.20,68600.00,66813.10,68296.40
2024-03-05 08:00:00,68296.50,68824.70,67616.20,68203.80
2024-03-05 12:00:00,68203.70,68484.50,65021.10,66223.80
2024-03-05 16:00:00,66223.80,67290.30,65600.00,66749.00
2024-03-05 20:00:00,66749.10,69350.00,66484.00,66841.30
2024-03-06 00:00:00,66839.80,67096.50,59112.00,61510.20
2024-03-06 04:00:00,61497.30,64393.90,61202.30,63747.40
2024-03-06 08:00:00,63747.50,64186.00,62829.30,63323.60
2024-03-06 12:00:00,63323.60,66846.60,63313.30,66759.40
2024-03-06 16:00:00,66759.30,67729.50,66117.40,67383.90
2024-03-06 20:00:00,67383.90,67689.80,64615.50,66541.30
2024-03-07 00:00:00,66541.30,67570.00,66275.00,66803.50
2024-03-07 04:00:00,66803.50,67425.20,65750.60,66128.10
2024-03-07 08:00:00,66128.00,66539.00,65609.30,65914.90
2024-03-07 12:00:00,65915.00,66536.10,65702.80,66447.80
2024-03-07 16:00:00,66447.80,67350.00,66404.20,66974.90
2024-03-07 20:00:00,66975.00,67994.00,66588.00,67317.10
2024-03-08 00:00:00,67317.20,68101.30,67068.50,67559.30
2024-03-08 04:00:00,67559.40,67974.80,66852.10,66870.00
2024-03-08 08:00:00,66870.00,67339.60,66800.00,67219.90
2024-03-08 12:00:00,67220.00,67719.30,66818.10,67308.50
2024-03-08 16:00:00,67308.50,67838.00,67093.00,67822.00
2024-03-08 20:00:00,67821.50,70330.80,67219.40,67685.80
2024-03-09 00:00:00,67685.80,68922.00,66120.00,68922.00
2024-03-09 04:00:00,68921.90,69447.00,67820.00,68180.20
2024-03-09 08:00:00,68180.20,68343.90,67908.70,68297.10
2024-03-09 12:00:00,68297.20,68608.70,68179.30,68336.30
2024-03-09 16:00:00,68336.30,68530.50,67996.00,68360.30
2024-03-09 20:00:00,68360.30,68580.00,68125.40,68341.60
2024-03-10 00:00:00,68341.50,68391.80,68050.00,68255.00
2024-03-10 04:00:00,68255.00,68497.80,68254.90,68360.10
2024-03-10 08:00:00,68360.20,69344.00,68262.50,69208.10
2024-03-10 12:00:00,69208.00,69780.00,69099.10,69430.00
2024-03-10 16:00:00,69429.90,69999.80,69227.30,69639.50
2024-03-10 20:00:00,69639.60,69937.70,68672.90,69254.70
2024-03-11 00:00:00,69254.60,69845.90,69168.90,69465.00
2024-03-11 04:00:00,69465.10,69522.70,68155.00,69001.80
2024-03-11 08:00:00,69001.80,69016.30,67000.00,68657.40
2024-03-11 12:00:00,68657.40,71537.70,68502.40,71223.80
2024-03-11 16:00:00,71223.90,72346.30,71211.50,71558.60
2024-03-11 20:00:00,71558.60,72772.50,71405.20,72061.40
2024-03-12 00:00:00,72061.30,72890.00,71800.00,72041.30
2024-03-12 04:00:00,72041.30,72850.00,71884.70,72153.80
2024-03-12 08:00:00,72153.90,72571.00,71300.00,71673.40
2024-03-12 12:00:00,71673.30,72425.00,71342.00,72175.50
2024-03-12 16:00:00,72175.60,72461.40,71438.50,72098.70
2024-03-12 20:00:00,72098.70,73370.00,70777.70,71779.20
2024-03-13 00:00:00,71779.20,71910.00,68600.00,71403.10
2024-03-13 04:00:00,71403.00,71623.30,70623.80,71503.20
2024-03-13 08:00:00,71503.30,72300.00,71388.10,72135.80
2024-03-13 12:00:00,72135.80,73311.70,71990.00,72964.00
2024-03-13 16:00:00,72964.10,73755.00,72934.10,73149.90
2024-03-13 20:00:00,73149.80,73276.90,71671.10,72670.20
2024-03-14 00:00:00,72670.20,73421.60,72410.60,73399.90
2024-03-14 04:00:00,73399.90,73485.10,72883.20,73127.60
2024-03-14 08:00:00,73127.60,73385.00,72540.50,73333.30
2024-03-14 12:00:00,73333.30,73881.40,72720.00,73280.70
2024-03-14 16:00:00,73280.70,73598.00,72678.00,72939.40
2024-03-14 20:00:00,72939.40,73115.50,70563.00,70904.50
2024-03-15 00:00:00,70904.50,71548.00,68600.00,69500.40
2024-03-15 04:00:00,69500.40,71785.00,69392.10,71455.50
2024-03-15 08:00:00,71455.60,72500.00,66660.10,68266.00
2024-03-15 12:00:00,68266.00,68910.50,66905.00,68487.40
2024-03-15 16:00:00,68487.40,68665.50,65580.00,67818.30
2024-03-15 20:00:00,67818.30,68777.00,67444.90,68199.20
2024-03-16 00:00:00,68199.20,70715.90,67568.00,69003.00
2024-03-16 04:00:00,69002.90,69813.60,67420.00,69552.20
2024-03-16 08:00:00,69552.10,70097.60,68967.10,69247.60
2024-03-16 12:00:00,69247.60,69527.60,68646.00,69490.20
2024-03-16 16:00:00,69490.20,69490.20,67739.60,68300.10
2024-03-16 20:00:00,68300.00,68557.60,67576.00,68431.80
2024-03-17 00:00:00,68431.90,68477.00,66700.00,66969.10
2024-03-17 04:00:00,66969.10,67600.00,64750.00,65351.00
2024-03-17 08:00:00,65351.00,66630.70,65166.60,66574.40
2024-03-17 12:00:00,66574.50,66600.00,64559.80,65681.20
2024-03-17 16:00:00,65681.10,67600.00,65333.00,67015.00
2024-03-17 20:00:00,67014.90,68199.00,66500.00,68009.80
2024-03-18 00:00:00,68009.90,68757.10,67812.20,68575.50
2024-03-18 04:00:00,68575.50,68972.40,68001.60,68447.90
2024-03-18 08:00:00,68447.90,68486.60,66814.60,68038.10
2024-03-18 12:00:00,68038.10,69044.40,67760.10,68262.90
2024-03-18 16:00:00,68262.90,68557.90,67350.60,68307.70
2024-03-18 20:00:00,68307.60,68685.30,66658.00,67509.20
2024-03-19 00:00:00,67509.20,68140.00,66601.60,66985.70
2024-03-19 04:00:00,66985.80,68054.90,66985.80,67660.00
2024-03-19 08:00:00,67660.00,68178.60,64893.10,65930.50
2024-03-19 12:00:00,65930.40,66044.00,63625.00,64742.10
2024-03-19 16:00:00,64742.10,64750.00,62545.00,63137.10
2024-03-19 20:00:00,63137.10,64198.70,62412.10,64084.00
2024-03-20 00:00:00,64084.10,65802.80,64003.00,64435.00
2024-03-20 04:00:00,64435.00,64549.20,61582.80,61974.10
2024-03-20 08:00:00,61974.10,63544.10,61661.70,61894.80
2024-03-20 12:00:00,61896.30,63248.80,60800.00,62995.10
2024-03-20 16:00:00,62995.10,64010.00,62676.60,63432.00
2024-03-20 20:00:00,63432.00,64450.00,63113.60,63649.00
2024-03-21 00:00:00,63648.90,66062.40,62057.70,65821.60
2024-03-21 04:00:00,65821.60,68140.00,65692.30,67876.40
2024-03-21 08:00:00,67876.40,68293.90,66400.40,66707.80
2024-03-21 12:00:00,66707.80,67384.60,66129.00,67031.80
2024-03-21 16:00:00,67031.80,67716.60,66695.60,67082.30
2024-03-21 20:00:00,67082.30,67774.30,66105.80,66601.60
2024-03-22 00:00:00,66601.60,67066.60,64924.60,65276.00
2024-03-22 04:00:00,65274.30,66000.00,64550.10,65539.90
2024-03-22 08:00:00,65539.90,66200.00,65163.00,66017.80
2024-03-22 12:00:00,66017.80,66691.90,65801.40,66223.40
2024-03-22 16:00:00,66223.30,66413.00,64102.00,64268.00
2024-03-22 20:00:00,64268.10,64729.10,62614.50,63920.00
2024-03-23 00:00:00,63920.00,64168.00,62794.60,63907.20
2024-03-23 04:00:00,63907.40,64017.10,62294.00,63826.00
2024-03-23 08:00:00,63826.10,64418.00,63020.20,63592.00
2024-03-23 12:00:00,63592.00,64887.60,63537.80,64606.50
2024-03-23 16:00:00,64606.60,64875.20,64221.30,64674.90
2024-03-23 20:00:00,64674.80,65473.80,64320.00,65147.50
2024-03-24 00:00:00,65147.40,66050.00,64823.50,64917.90
2024-03-24 04:00:00,64918.00,65245.30,63861.90,64020.30
2024-03-24 08:00:00,64020.40,64770.30,63951.70,64007.60
2024-03-24 12:00:00,64008.10,64633.60,63822.00,64624.60
2024-03-24 16:00:00,64624.60,65432.90,64511.90,65371.90
2024-03-24 20:00:00,65371.90,65974.70,65224.70,65718.60
2024-03-25 00:00:00,65718.60,66127.00,64635.00,65886.80
2024-03-25 04:00:00,65886.80,67700.00,65777.30,67260.90
2024-03-25 08:00:00,67260.90,67409.60,66427.60,67407.80
2024-03-25 12:00:00,67407.80,67780.00,66744.00,66866.60
2024-03-25 16:00:00,66866.50,67388.30,66784.20,66855.90
2024-03-25 20:00:00,66855.10,70108.10,66825.50,69844.60
2024-03-26 00:00:00,69844.50,71063.60,69505.80,71019.60
2024-03-26 04:00:00,71019.60,71228.30,69608.90,69920.50
2024-03-26 08:00:00,69920.60,70679.00,69782.20,70473.80
2024-03-26 12:00:00,70473.70,71649.00,70302.40,70535.00
2024-03-26 16:00:00,70535.00,71340.80,70295.90,70734.20
2024-03-26 20:00:00,70734.10,71200.00,69320.00,70307.10
2024-03-27 00:00:00,70307.00,70580.00,69465.20,69523.30
2024-03-27 04:00:00,69523.20,70368.00,69420.00,70044.10
2024-03-27 08:00:00,70044.20,70799.30,69888.00,70445.10
2024-03-27 12:00:00,70445.20,70650.00,69690.10,69798.80
2024-03-27 16:00:00,69797.50,70436.60,69466.40,70290.30
2024-03-27 20:00:00,70290.20,71888.00,68551.00,68922.00
2024-03-28 00:00:00,68922.10,69487.80,68364.80,68707.80
2024-03-28 04:00:00,68707.70,69703.70,68677.20,69532.60
2024-03-28 08:00:00,69532.60,70081.90,68941.00,69349.30
2024-03-28 12:00:00,69349.30,70564.00,69333.00,70456.80
2024-03-28 16:00:00,70457.00,71050.00,70344.90,70707.70
2024-03-28 20:00:00,70707.70,71636.20,70411.00,71335.10
2024-03-29 00:00:00,71335.20,71381.40,70455.60,70837.10
2024-03-29 04:00:00,70837.10,71138.00,70592.30,70838.70
2024-03-29 08:00:00,70838.80,70976.90,70335.10,70491.80
2024-03-29 12:00:00,70491.70,70598.50,69801.90,69855.60
2024-03-29 16:00:00,69855.60,70379.90,69612.80,70182.90
2024-03-29 20:00:00,70183.00,70704.80,69000.00,69240.10
2024-03-30 00:00:00,69240.40,69734.60,69125.40,69720.60
2024-03-30 04:00:00,69720.50,69970.10,69327.00,69903.60
2024-03-30 08:00:00,69903.60,70245.00,69753.30,69836.80
2024-03-30 12:00:00,69836.80,70388.00,69805.10,69900.10
2024-03-30 16:00:00,69900.20,70254.70,69872.30,70237.10
2024-03-30 20:00:00,70237.10,70328.00,69961.30,70064.90
2024-03-31 00:00:00,70065.00,70373.80,69712.30,69944.70
2024-03-31 04:00:00,69944.70,69959.00,69577.20,69642.10
2024-03-31 08:00:00,69642.00,70224.20,69608.00,69980.80
2024-03-31 12:00:00,69980.90,70555.60,69928.00,70366.50
2024-03-31 16:00:00,70367.50,70549.50,70200.00,70442.60
2024-03-31 20:00:00,70442.60,70824.00,70329.60,70446.20
2024-04-01 00:00:00,70446.20,71383.20,70387.80,71135.10
2024-04-01 04:00:00,71135.10,71495.50,70711.00,71363.00
2024-04-01 08:00:00,71363.00,71388.00,70588.00,70650.10
2024-04-01 12:00:00,70650.00,70727.20,68895.50,69637.00
2024-04-01 16:00:00,69637.00,69868.90,69222.00,69520.40
2024-04-01 20:00:00,69520.40,70145.00,68210.00,68281.00
2024-04-02 00:00:00,68280.90,69866.10,68103.30,69682.10
2024-04-02 04:00:00,69682.20,69949.00,69361.00,69700.00
2024-04-02 08:00:00,69700.00,69731.60,65600.00,66734.10
2024-04-02 12:00:00,66734.10,67157.00,66150.00,66503.30
2024-04-02 16:00:00,66503.40,66748.00,65108.00,65684.20
2024-04-02 20:00:00,65684.20,66289.00,64650.00,64928.30
2024-04-03 00:00:00,64928.20,66225.20,64603.20,65946.80
2024-04-03 04:00:00,65946.80,66147.10,65223.30,65505.30
2024-04-03 08:00:00,65502.40,66341.80,64500.00,66252.20
2024-04-03 12:00:00,66252.20,66550.00,65955.00,66181.10
2024-04-03 16:00:00,66181.20,66696.50,65555.00,66094.30
2024-04-03 20:00:00,66094.20,66940.00,65661.00,65873.90
2024-04-04 00:00:00,65873.90,66624.00,65451.10,65798.80
2024-04-04 04:00:00,65798.80,66324.00,65500.10,65971.90
2024-04-04 08:00:00,65971.80,66375.80,65451.30,65637.20
2024-04-04 12:00:00,65637.20,66307.00,65100.00,66104.80
2024-04-04 16:00:00,66104.70,66500.00,66036.00,66361.50
2024-04-04 20:00:00,66361.50,67916.00,66336.60,67631.80
2024-04-05 00:00:00,67631.70,69329.70,67514.70,68484.00
2024-04-05 04:00:00,68483.90,68581.00,67291.30,68489.90
2024-04-05 08:00:00,68489.80,68787.10,67420.20,67885.40
2024-04-05 12:00:00,67885.50,68051.40,66376.00,66937.40
2024-04-05 16:00:00,66937.40,67700.00,66388.40,66502.80
2024-04-05 20:00:00,66502.80,68585.90,65966.00,68201.50
2024-04-06 00:00:00,68200.00,68388.10,67326.60,67400.00
2024-04-06 04:00:00,67400.00,67977.00,67333.30,67825.70
2024-04-06 08:00:00,67825.80,68074.80,67450.00,67793.30
2024-04-06 12:00:00,67793.40,68240.10,67601.00,67985.10
2024-04-06 16:00:00,67985.10,68129.00,67610.00,67655.00
2024-04-06 20:00:00,67654.90,68320.00,67525.00,68094.00
2024-04-07 00:00:00,68094.00,68490.10,67923.40,68259.50
2024-04-07 04:00:00,68259.40,69708.00,68158.50,68901.60
2024-04-07 08:00:00,68901.50,69800.00,68820.60,69402.10
2024-04-07 12:00:00,69402.20,69499.50,69055.10,69367.40
2024-04-07 16:00:00,69367.30,69579.20,69198.30,69366.10
2024-04-07 20:00:00,69366.20,69921.30,69215.10,69567.90
2024-04-08 00:00:00,69567.90,70395.00,68881.30,69089.90
2024-04-08 04:00:00,69090.00,69492.90,68900.90,69362.70
2024-04-08 08:00:00,69362.70,69898.00,69040.40,69484.90
2024-04-08 12:00:00,69485.00,70917.00,69296.60,70745.40
2024-04-08 16:00:00,70745.40,72753.60,70677.60,72472.60
2024-04-08 20:00:00,72472.60,72890.40,71276.00,71815.70
2024-04-09 00:00:00,71815.70,72171.60,71338.30,71807.20
2024-04-09 04:00:00,71807.30,72077.30,71552.50,71678.40
2024-04-09 08:00:00,71678.30,71820.60,70900.00,71339.00
2024-04-09 12:00:00,71339.00,71399.90,70160.00,70444.00
2024-04-09 16:00:00,70444.10,70961.00,69536.80,70858.30
2024-04-09 20:00:00,70858.20,71048.30,68538.00,69322.80
2024-04-10 00:00:00,69322.80,69369.90,68216.00,69049.70
2024-04-10 04:00:00,69049.60,69473.40,68913.20,69189.30
2024-04-10 08:00:00,69189.20,69650.00,68514.00,69193.10
2024-04-10 12:00:00,69193.20,69564.00,69049.00,69381.60
2024-04-10 16:00:00,69381.60,69381.60,68662.70,69094.70
2024-04-10 20:00:00,69094.80,69275.10,67546.20,68687.90
2024-04-11 00:00:00,68688.00,70130.00,68585.00,70121.00
2024-04-11 04:00:00,70120.30,71412.20,69613.40,70681.70
2024-04-11 08:00:00,70681.80,71128.80,70340.00,70900.50
2024-04-11 12:00:00,70900.50,71387.40,70421.00,70789.10
2024-04-11 16:00:00,70789.10,71337.80,69921.10,70043.30
2024-04-11 20:00:00,70043.40,71160.00,69592.60,70045.90
2024-04-12 00:00:00,70045.90,70577.70,69608.10,70491.40
2024-04-12 04:00:00,70491.30,70806.40,69800.00,70055.70
2024-04-12 08:00:00,70055.60,71071.40,70044.40,71034.30
2024-04-12 12:00:00,71034.30,71297.00,70633.60,70825.90
2024-04-12 16:00:00,70825.90,71038.90,70552.90,70950.90
2024-04-12 20:00:00,70950.90,71028.00,69267.00,69374.10
2024-04-13 00:00:00,69374.00,69626.70,65102.00,66867.50
2024-04-13 04:00:00,66867.60,67498.70,66695.10,67136.40
2024-04-13 08:00:00,67136.40,67200.00,65754.60,67188.40
2024-04-13 12:00:00,67188.50,67975.40,67039.30,67466.10
2024-04-13 16:00:00,67466.10,67842.90,67116.90,67377.00
2024-04-13 20:00:00,67377.10,67954.00,67175.00,67683.20
2024-04-14 00:00:00,67683.20,67770.00,63530.00,64779.10
2024-04-14 04:00:00,64779.10,65667.70,59652.50,63939.70
2024-04-14 08:00:00,63939.70,64297.10,62139.30,63428.70
2024-04-14 12:00:00,63428.50,64869.00,63383.30,64449.90
2024-04-14 16:00:00,64449.90,64891.60,63850.00,64150.20
2024-04-14 20:00:00,64150.20,64846.10,63428.60,64163.30
2024-04-15 00:00:00,64163.30,64733.00,62550.00,64146.00
2024-04-15 04:00:00,64146.00,65822.10,63300.00,65615.90
2024-04-15 08:00:00,65615.90,65842.80,64903.10,65107.90
2024-04-15 12:00:00,65108.00,66550.00,64649.20,66224.80
2024-04-15 16:00:00,66224.90,66874.90,65801.00,65848.60
2024-04-15 20:00:00,65848.60,66369.70,63800.00,64552.80
2024-04-16 00:00:00,64552.60,64848.80,62242.50,63269.90
2024-04-16 04:00:00,63269.90,63610.30,62606.00,63392.70
2024-04-16 08:00:00,63392.80,63879.60,62711.00,62937.60
2024-04-16 12:00:00,62937.60,63786.30,61651.80,63487.90
2024-04-16 16:00:00,63488.00,63646.90,61521.00,63064.60
2024-04-16 20:00:00,63064.60,63399.70,61704.70,61749.20
2024-04-17 00:00:00,61749.20,63277.10,61680.00,62691.00
2024-04-17 04:00:00,62690.90,64356.30,62519.30,63765.00
2024-04-17 08:00:00,63764.90,64283.30,63541.70,63806.00
2024-04-17 12:00:00,63806.10,64483.30,63170.50,63260.80
2024-04-17 16:00:00,63260.70,63562.70,62490.00,62576.90
2024-04-17 20:00:00,62576.80,62957.20,59713.20,60272.00
2024-04-18 00:00:00,60274.00,61938.00,59625.00,60997.20
2024-04-18 04:00:00,60997.10,61743.70,60741.30,61254.50
2024-04-18 08:00:00,61254.50,62194.80,60900.00,61953.50
2024-04-18 12:00:00,61953.60,62048.00,60763.80,61154.70
2024-04-18 16:00:00,61154.60,63049.90,60824.20,62563.00
2024-04-18 20:00:00,62563.00,64100.00,61558.00,63474.00
2024-04-19 00:00:00,63473.90,63857.50,62268.40,63438.00
2024-04-19 04:00:00,63437.30,63815.60,63123.30,63445.00
2024-04-19 08:00:00,63445.00,63449.90,59541.00,61757.10
2024-04-19 12:00:00,61757.10,65189.00,61701.30,64519.60
2024-04-19 16:00:00,64519.50,65480.00,64088.10,64839.80
2024-04-19 20:00:00,64839.80,65420.50,63779.70,64417.70
2024-04-20 00:00:00,64417.60,64823.60,63477.50,64307.20
2024-04-20 04:00:00,64307.20,64478.80,62910.00,63787.40
2024-04-20 08:00:00,63787.40,64236.20,63045.10,63931.80
2024-04-20 12:00:00,63931.80,64244.00,63779.90,63937.90
2024-04-20 16:00:00,63938.00,63967.20,63244.00,63688.70
2024-04-20 20:00:00,63688.70,64940.00,63537.30,64771.00
2024-04-21 00:00:00,64771.00,65400.00,64421.80,64834.70
2024-04-21 04:00:00,64834.80,65013.00,64513.10,64897.20
2024-04-21 08:00:00,64897.20,65678.70,64570.50,65131.20
2024-04-21 12:00:00,65131.30,65216.30,64803.10,65109.80
2024-04-21 16:00:00,65109.80,65425.00,64728.30,65203.50
2024-04-21 20:00:00,65203.50,65362.30,64743.70,65015.00
2024-04-22 00:00:00,65014.90,65068.70,64214.20,64506.90
2024-04-22 04:00:00,64507.00,65242.00,64322.70,64912.60
2024-04-22 08:00:00,64912.70,66101.00,64470.50,65677.60
2024-04-22 12:00:00,65677.50,66449.00,65466.60,65943.70
2024-04-22 16:00:00,65943.80,66180.00,65664.60,65856.20
2024-04-22 20:00:00,65856.10,66449.00,65600.70,65966.80
2024-04-23 00:00:00,65966.80,66819.60,65866.80,66495.60
2024-04-23 04:00:00,66495.60,67222.00,66300.10,66778.00
2024-04-23 08:00:00,66777.90,67158.90,66383.50,66410.10
2024-04-23 12:00:00,66410.00,66627.60,65988.00,66079.90
2024-04-23 16:00:00,66079.90,66297.00,65812.00,66023.50
2024-04-23 20:00:00,66023.50,67099.70,65750.00,66393.20
2024-04-24 00:00:00,66393.20,66887.00,66311.40,66456.00
2024-04-24 04:00:00,66455.90,66457.10,65924.70,66386.30
2024-04-24 08:00:00,66386.20,66869.80,66347.20,66585.70
2024-04-24 12:00:00,66585.80,67068.20,66520.80,66588.90
2024-04-24 16:00:00,66588.90,66721.70,66172.00,66550.70
2024-04-24 20:00:00,66550.70,66711.90,64489.70,64594.00
2024-04-25 00:00:00,64593.50,65122.00,63695.00,63960.90
2024-04-25 04:00:00,63960.80,64426.60,63575.00,64250.00
2024-04-25 08:00:00,64250.00,64713.60,63823.20,64260.00
2024-04-25 12:00:00,64259.90,64377.10,63800.00,63996.10
2024-04-25 16:00:00,63996.20,64180.00,63300.00,63826.90
2024-04-25 20:00:00,63827.00,64316.50,62721.30,64091.70
2024-04-26 00:00:00,64091.60,64995.70,63934.00,64721.50
2024-04-26 04:00:00,64721.60,65270.60,64413.40,64478.80
2024-04-26 08:00:00,64478.80,64649.70,63844.00,64359.70
2024-04-26 12:00:00,64359.60,64590.30,63992.60,64236.60
2024-04-26 16:00:00,64236.70,64544.80,64031.50,64213.60
2024-04-26 20:00:00,64213.60,64783.10,63325.00,63481.30
2024-04-27 00:00:00,63481.20,64156.00,63291.50,63723.60
2024-04-27 04:00:00,63723.60,64097.40,63648.60,63748.80
2024-04-27 08:00:00,63748.70,63901.40,62332.80,63047.20
2024-04-27 12:00:00,63047.20,63157.60,62760.70,62944.30
2024-04-27 16:00:00,62944.30,63044.60,62650.00,62834.50
2024-04-27 20:00:00,62834.40,63390.80,62780.30,62928.40
2024-04-28 00:00:00,62928.30,63624.40,62700.20,63329.80
2024-04-28 04:00:00,63329.90,63532.60,63115.00,63421.00
2024-04-28 08:00:00,63420.90,64350.00,63420.90,63989.80
2024-04-28 12:00:00,63989.90,64041.40,63760.90,63883.10
2024-04-28 16:00:00,63883.20,63954.60,63230.70,63459.10
2024-04-28 20:00:00,63459.00,63832.00,63385.10,63508.60
2024-04-29 00:00:00,63508.50,63973.90,63446.20,63688.90
2024-04-29 04:00:00,63688.90,63716.90,62700.00,63088.30
2024-04-29 08:00:00,63088.40,63337.80,62056.10,62259.90
2024-04-29 12:00:00,62259.90,62632.10,61888.00,62362.00
2024-04-29 16:00:00,62362.10,62658.70,62150.00,62222.90
2024-04-29 20:00:00,62222.60,63085.00,61726.20,63012.20
2024-04-30 00:00:00,63012.20,63227.30,62511.10,62953.40
2024-04-30 04:00:00,62953.40,64200.00,62787.60,63842.40
2024-04-30 08:00:00,63842.40,64700.00,63075.90,63627.10
2024-04-30 12:00:00,63627.10,63691.30,63050.00,63123.80
2024-04-30 16:00:00,63123.70,63220.40,61000.00,61182.30
2024-04-30 20:00:00,61182.30,61576.10,60517.60,60764.90
2024-05-01 00:00:00,60764.90,60887.90,59150.00,59276.20
2024-05-01 04:00:00,59276.10,61063.20,59256.60,60651.20
2024-05-01 08:00:00,60651.20,60816.70,59555.00,60214.00
2024-05-01 12:00:00,60214.00,60331.80,57030.00,57482.00
2024-05-01 16:00:00,57482.00,57881.00,56537.70,57862.10
2024-05-01 20:00:00,57862.20,58257.80,56651.20,56865.20
2024-05-02 00:00:00,56865.30,59438.20,56600.00,56935.70
2024-05-02 04:00:00,56935.70,58550.80,56729.00,58307.60
2024-05-02 08:00:00,58307.70,58571.10,56951.60,57407.60
2024-05-02 12:00:00,57407.70,57933.10,57175.40,57645.00
2024-05-02 16:00:00,57645.00,58696.60,57542.40,58538.40
2024-05-02 20:00:00,58538.50,59441.60,58186.70,59230.70
2024-05-03 00:00:00,59230.80,59557.40,58895.60,59324.40
2024-05-03 04:00:00,59324.50,59637.30,58594.40,59036.70
2024-05-03 08:00:00,59036.70,59976.90,58781.30,59687.90
2024-05-03 12:00:00,59687.90,59810.00,59031.50,59158.10
2024-05-03 16:00:00,59158.10,59562.90,58818.20,59269.30
2024-05-03 20:00:00,59269.40,62239.60,58970.50,61662.10
2024-05-04 00:00:00,61662.20,62181.00,61497.60,62031.90
2024-05-04 04:00:00,62031.90,63333.00,61931.10,62853.70
2024-05-04 08:00:00,62853.70,63555.50,62520.00,62698.10
2024-05-04 12:00:00,62698.00,63430.00,62652.50,62931.30
2024-05-04 16:00:00,62931.40,64547.90,62888.00,63850.00
2024-05-04 20:00:00,63850.00,64137.80,63424.00,63590.00
2024-05-05 00:00:00,63590.10,64000.00,63278.10,63885.20
2024-05-05 04:00:00,63885.20,64198.90,63503.10,63864.20
2024-05-05 08:00:00,63864.30,64170.60,62833.00,63209.80
2024-05-05 12:00:00,63209.80,63932.40,63067.30,63697.10
2024-05-05 16:00:00,63697.10,63907.90,63505.70,63838.00
2024-05-05 20:00:00,63838.10,64644.30,63588.70,64398.00
2024-05-06 00:00:00,64398.10,64531.90,63756.00,63846.00
2024-05-06 04:00:00,63846.00,64217.40,63520.30,63988.00
2024-05-06 08:00:00,63987.90,64443.30,63666.00,63830.10
2024-05-06 12:00:00,63830.00,64564.50,63738.90,64509.60
2024-05-06 16:00:00,64509.50,65500.00,63779.10,64178.10
2024-05-06 20:00:00,64178.10,64295.10,62900.00,63599.80
2024-05-07 00:00:00,63599.90,63731.30,62655.30,63200.00
2024-05-07 04:00:00,63199.90,63598.70,63025.00,63142.80
2024-05-07 08:00:00,63142.70,63950.00,62805.60,63204.10
2024-05-07 12:00:00,63204.10,63830.00,63056.80,63648.90
2024-05-07 16:00:00,63648.90,64392.20,63313.20,63472.40
2024-05-07 20:00:00,63472.40,64320.00,63001.00,63710.00
2024-05-08 00:00:00,63710.10,63875.00,62758.10,63034.70
2024-05-08 04:00:00,63034.70,63177.30,62203.60,62296.00
2024-05-08 08:00:00,62296.00,62949.20,62055.00,62864.00
2024-05-08 12:00:00,62864.00,62994.90,62036.10,62186.70
2024-05-08 16:00:00,62186.70,62517.60,62005.80,62224.90
2024-05-08 20:00:00,62224.90,62800.00,61736.70,62251.80
2024-05-09 00:00:00,62251.90,62743.90,61902.80,62148.70
2024-05-09 04:00:00,62148.60,62224.50,60843.60,61157.90
2024-05-09 08:00:00,61157.90,61779.00,61113.00,61647.40
2024-05-09 12:00:00,61647.50,61753.20,61087.00,61222.50
2024-05-09 16:00:00,61222.50,61429.20,60550.00,61033.00
2024-05-09 20:00:00,61033.00,62262.10,60846.70,62122.50
2024-05-10 00:00:00,62122.50,62637.30,61707.80,62420.60
2024-05-10 04:00:00,62420.60,63447.20,62312.30,63050.10
2024-05-10 08:00:00,63050.00,63070.20,62633.20,62880.00
2024-05-10 12:00:00,62880.00,63365.50,62638.30,63053.90
2024-05-10 16:00:00,63053.80,63299.00,62758.70,63276.50
2024-05-10 20:00:00,63276.50,63446.50,60645.30,60893.80
2024-05-11 00:00:00,60893.70,61262.70,60117.40,60682.40
2024-05-11 04:00:00,60682.40,60985.80,60416.60,60778.10
2024-05-11 08:00:00,60778.00,61079.40,60617.00,60706.00
2024-05-11 12:00:00,60706.00,61055.50,60680.40,60988.90
2024-05-11 16:00:00,60989.00,61028.00,60432.60,60654.50
2024-05-11 20:00:00,60654.60,61491.40,60602.60,61146.10
2024-05-12 00:00:00,61146.10,61390.00,60976.80,61112.90
2024-05-12 04:00:00,61113.00,61129.90,60720.30,60809.20
2024-05-12 08:00:00,60809.20,61081.30,60778.00,60902.50
2024-05-12 12:00:00,60902.60,61097.00,60557.30,60803.80
2024-05-12 16:00:00,60803.80,61361.90,60757.70,61120.00
2024-05-12 20:00:00,61120.10,61598.80,61050.00,61395.90
2024-05-13 00:00:00,61395.90,61849.40,61158.30,61393.50
2024-05-13 04:00:00,61393.40,61527.50,60870.00,61455.80
2024-05-13 08:00:00,61455.70,61787.60,60750.00,61130.00
2024-05-13 12:00:00,61130.00,62426.00,60757.60,62296.60
2024-05-13 16:00:00,62296.50,63289.30,62296.50,62700.00
2024-05-13 20:00:00,62699.90,63183.00,62400.00,62980.50
2024-05-14 00:00:00,62981.20,63440.00,62540.20,63140.50
2024-05-14 04:00:00,63139.60,63162.10,62683.50,62912.10
2024-05-14 08:00:00,62912.20,63099.60,62377.20,62464.80
2024-05-14 12:00:00,62464.80,62749.90,61373.20,62002.10
2024-05-14 16:00:00,62002.00,62015.70,61492.80,61770.20
2024-05-14 20:00:00,61770.20,62295.90,60950.00,61749.90
2024-05-15 00:00:00,61750.00,61793.00,61116.60,61563.60
2024-05-15 04:00:00,61563.60,61768.90,61444.60,61550.50
2024-05-15 08:00:00,61550.50,61998.00,61316.10,61923.20
2024-05-15 12:00:00,61923.20,62245.10,61783.20,62157.40
2024-05-15 16:00:00,62157.50,62972.70,61886.80,62447.40
2024-05-15 20:00:00,62447.30,65055.00,62371.50,64685.50
2024-05-16 00:00:00,64685.40,66382.30,64681.50,65959.60
2024-05-16 04:00:00,65959.60,66440.00,65687.20,66175.40
2024-05-16 08:00:00,66175.40,66644.00,65735.90,65946.90
2024-05-16 12:00:00,65946.80,66232.80,65633.00,66100.00
2024-05-16 16:00:00,66100.00,66573.00,65962.20,66483.80
2024-05-16 20:00:00,66483.80,66800.00,65339.00,65800.10
2024-05-17 00:00:00,65800.00,65809.60,64567.00,65152.20
2024-05-17 04:00:00,65152.30,65480.00,65018.70,65217.70
2024-05-17 08:00:00,65217.70,65850.00,65061.20,65545.20
2024-05-17 12:00:00,65545.10,66478.50,65327.70,66350.60
2024-05-17 16:00:00,66350.50,66550.00,66037.30,66182.70
2024-05-17 20:00:00,66182.60,67400.60,65773.80,67170.00
2024-05-18 00:00:00,67169.90,67277.80,66158.40,67007.50
2024-05-18 04:00:00,67007.50,67027.70,66636.00,66980.00
2024-05-18 08:00:00,66980.00,67059.80,66696.10,66918.90
2024-05-18 12:00:00,66919.00,67233.60,66700.10,66854.10
2024-05-18 16:00:00,66854.10,67340.50,66808.40,67152.40
2024-05-18 20:00:00,67152.50,67198.70,66503.20,66781.40
2024-05-19 00:00:00,66781.30,66965.00,66682.60,66881.70
2024-05-19 04:00:00,66881.80,67035.10,66761.10,66884.90
2024-05-19 08:00:00,66884.90,67279.00,66810.00,67133.00
2024-05-19 12:00:00,67133.10,67313.80,66895.00,67295.00
2024-05-19 16:00:00,67295.10,67750.00,66921.90,67303.30
2024-05-19 20:00:00,67303.40,67303.40,66619.40,66863.00
2024-05-20 00:00:00,66863.00,66964.70,65835.80,66002.90
2024-05-20 04:00:00,66002.90,66438.00,65958.20,66239.40
2024-05-20 08:00:00,66239.40,66748.00,66010.00,66643.10
2024-05-20 12:00:00,66643.00,67270.00,66236.90,66788.90
2024-05-20 16:00:00,66788.90,67341.40,66720.90,66974.00
2024-05-20 20:00:00,66974.00,67499.90,66716.30,67382.10
2024-05-21 00:00:00,67382.10,70120.00,67344.90,69996.40
2024-05-21 04:00:00,69996.50,71674.60,68900.00,71466.50
2024-05-21 08:00:00,71466.50,72132.80,70740.80,71323.80
2024-05-21 12:00:00,71323.70,71462.00,70858.40,70926.40
2024-05-21 16:00:00,70926.30,71498.60,70900.20,71163.00
2024-05-21 20:00:00,71163.00,71487.60,69722.00,69874.90
2024-05-22 00:00:00,69874.80,70300.00,69165.60,69317.70
2024-05-22 04:00:00,69319.20,70393.20,69269.10,70168.80
2024-05-22 08:00:00,70168.70,70423.20,69868.10,70002.00
2024-05-22 12:00:00,70001.90,70137.70,69242.00,69759.60
2024-05-22 16:00:00,69759.60,70321.80,69680.00,69770.30
2024-05-22 20:00:00,69770.30,70642.80,69466.70,70485.70
2024-05-23 00:00:00,70485.70,70715.40,69241.50,69668.00
2024-05-23 04:00:00,69668.00,69999.00,68736.80,69219.10
2024-05-23 08:00:00,69219.20,69670.10,69219.10,69483.20
2024-05-23 12:00:00,69483.20,69900.00,69371.60,69770.60
2024-05-23 16:00:00,69770.60,70100.00,69561.80,70019.50
2024-05-23 20:00:00,70019.40,70133.30,67612.80,68103.00
2024-05-24 00:00:00,68102.90,68199.00,66763.90,67239.00
2024-05-24 04:00:00,67239.10,68388.00,66156.60,67999.90
2024-05-24 08:00:00,67999.90,68042.90,67651.70,67905.80
2024-05-24 12:00:00,67905.80,67944.20,66850.00,67191.20
2024-05-24 16:00:00,67191.20,67540.50,66639.00,67383.40
2024-05-24 20:00:00,67383.30,68445.00,66952.60,68340.20
2024-05-25 00:00:00,68340.30,69273.50,67950.00,69127.40
2024-05-25 04:00:00,69127.30,69222.20,68535.60,68584.10
2024-05-25 08:00:00,68584.00,68935.70,68523.70,68772.50
2024-05-25 12:00:00,68772.60,68854.70,68633.10,68775.00
2024-05-25 16:00:00,68775.10,69622.80,68767.00,69112.50
2024-05-25 20:00:00,69112.40,69323.90,68844.10,68949.10
2024-05-26 00:00:00,68949.00,69287.60,68870.60,69167.00
2024-05-26 04:00:00,69166.90,69394.60,69061.50,69314.40
2024-05-26 08:00:00,69314.50,69339.60,68830.00,69093.20
2024-05-26 12:00:00,69093.20,69468.90,68934.00,69359.20
2024-05-26 16:00:00,69359.20,69590.30,68980.60,69160.30
2024-05-26 20:00:00,69160.30,69425.20,68678.50,68864.60
2024-05-27 00:00:00,68864.70,68987.90,68697.20,68925.40
2024-05-27 04:00:00,68925.50,68937.50,68155.00,68524.30
2024-05-27 08:00:00,68524.40,69331.60,68490.10,68900.60
2024-05-27 12:00:00,68900.50,68935.10,68327.30,68661.10
2024-05-27 16:00:00,68661.00,68958.60,68268.70,68462.90
2024-05-27 20:00:00,68463.00,70584.90,68401.20,70421.50
2024-05-28 00:00:00,70421.40,70750.00,69100.00,69298.00
2024-05-28 04:00:00,69297.90,69950.00,69211.80,69461.60
2024-05-28 08:00:00,69461.50,69628.00,67760.00,68070.00
2024-05-28 12:00:00,68070.00,68153.80,67500.00,67712.00
2024-05-28 16:00:00,67712.10,68921.60,67602.80,68411.30
2024-05-28 20:00:00,68411.30,68583.70,67550.00,68399.70
2024-05-29 00:00:00,68399.80,68657.00,67273.00,68466.50
2024-05-29 04:00:00,68466.40,68710.00,68162.20,68440.50
2024-05-29 08:00:00,68440.40,68983.00,68302.80,68862.10
2024-05-29 12:00:00,68862.00,68976.40,67975.50,67993.60
2024-05-29 16:00:00,67993.70,68085.20,67631.00,67816.90
2024-05-29 20:00:00,67816.80,68330.60,67321.70,67421.00
2024-05-30 00:00:00,67421.00,67790.00,67129.00,67315.90
2024-05-30 04:00:00,67316.00,67882.20,67179.40,67686.70
2024-05-30 08:00:00,67686.80,68250.00,67501.70,68156.00
2024-05-30 12:00:00,68156.00,68479.00,67555.00,67627.80
2024-05-30 16:00:00,67627.90,68154.10,67167.00,67855.70
2024-05-30 20:00:00,67855.80,68869.90,67792.40,68566.40
2024-05-31 00:00:00,68566.40,69568.90,68412.00,68705.00
2024-05-31 04:00:00,68705.00,68712.00,68068.80,68402.50
2024-05-31 08:00:00,68402.60,68782.00,68316.00,68574.00
2024-05-31 12:00:00,68574.00,68694.00,68124.00,68226.10
2024-05-31 16:00:00,68226.20,68500.00,67908.40,68387.80
2024-05-31 20:00:00,68387.90,69080.00,67234.00,67252.70
2024-06-01 00:00:00,67252.60,68059.40,66700.50,67719.90
2024-06-01 04:00:00,67720.00,67834.40,67259.70,67577.90
2024-06-01 08:00:00,67577.90,67800.70,67480.00,67749.90
2024-06-01 12:00:00,67750.00,67857.50,67608.60,67677.90
2024-06-01 16:00:00,67677.80,67800.00,67649.80,67704.00
2024-06-01 20:00:00,67704.00,67936.00,67681.40,67728.20
2024-06-02 00:00:00,67728.20,67867.30,67590.00,67779.70
2024-06-02 04:00:00,67779.70,67921.30,67729.60,67799.20
2024-06-02 08:00:00,67799.20,67951.70,67661.90,67826.10
2024-06-02 12:00:00,67826.00,67910.00,67738.00,67743.00
2024-06-02 16:00:00,67743.00,68367.90,67410.00,68284.10
2024-06-02 20:00:00,68284.00,68545.90,67824.10,68189.80
2024-06-03 00:00:00,68189.80,68252.00,67296.30,67765.30
2024-06-03 04:00:00,67765.40,68038.70,67606.40,67805.90
2024-06-03 08:00:00,67805.90,68848.00,67642.60,68435.90
2024-06-03 12:00:00,68435.90,69255.00,68333.30,68949.90
2024-06-03 16:00:00,68950.00,69385.00,68872.10,69125.50
2024-06-03 20:00:00,69125.50,70372.90,68554.70,69650.00
2024-06-04 00:00:00,69650.00,69752.00,68838.00,69257.20
2024-06-04 04:00:00,69257.20,69553.80,68764.00,68851.40
2024-06-04 08:00:00,68851.30,69408.20,68659.00,69199.10
2024-06-04 12:00:00,69199.10,69318.40,68787.20,69054.70
2024-06-04 16:00:00,69054.60,69246.70,68595.50,68992.80
2024-06-04 20:00:00,68992.80,70560.30,68882.40,70492.00
2024-06-05 00:00:00,70492.10,71146.40,70117.80,70459.00
2024-06-05 04:00:00,70459.10,70776.30,70207.20,70580.00
2024-06-05 08:00:00,70580.00,71389.80,70462.80,70994.00
2024-06-05 12:00:00,70994.00,71430.00,70872.40,71244.10
2024-06-05 16:00:00,71244.00,71282.20,70737.40,71008.40
2024-06-05 20:00:00,71008.40,71792.00,70423.60,71625.10
2024-06-06 00:00:00,71625.20,71824.40,70909.20,71314.80
2024-06-06 04:00:00,71314.80,71390.50,70711.30,71133.30
2024-06-06 08:00:00,71133.30,71280.00,70922.50,71087.80
2024-06-06 12:00:00,71087.70,71144.00,70850.00,71077.30
2024-06-06 16:00:00,71077.20,71259.80,70912.90,71219.20
2024-06-06 20:00:00,71219.30,71714.80,71025.10,71334.30
2024-06-07 00:00:00,71334.30,71421.60,70489.20,70526.10
2024-06-07 04:00:00,70526.00,70988.00,70101.90,70830.00
2024-06-07 08:00:00,70830.00,71063.80,70700.00,71032.90
2024-06-07 12:00:00,71032.80,71476.00,71029.00,71147.90
2024-06-07 16:00:00,71147.90,71773.30,71085.00,71750.00
2024-06-07 20:00:00,71749.90,72144.00,70668.00,71150.00
2024-06-08 00:00:00,71150.10,71254.70,68405.00,69287.20
2024-06-08 04:00:00,69287.20,69663.40,69000.40,69377.00
2024-06-08 08:00:00,69377.00,69550.00,69314.20,69454.60
2024-06-08 12:00:00,69454.60,69612.50,69257.90,69612.50
2024-06-08 16:00:00,69612.50,69613.60,69351.80,69404.50
2024-06-08 20:00:00,69404.50,69540.00,69192.30,69462.10
2024-06-09 00:00:00,69462.00,69533.00,69334.50,69486.60
2024-06-09 04:00:00,69486.60,69514.00,69325.00,69346.50
2024-06-09 08:00:00,69346.60,69386.50,69160.00,69300.90
2024-06-09 12:00:00,69300.90,69461.90,69263.00,69331.90
2024-06-09 16:00:00,69331.90,69443.50,69314.80,69400.60
2024-06-09 20:00:00,69400.60,69821.10,69284.80,69530.10
2024-06-10 00:00:00,69530.10,69879.00,69517.00,69742.60
2024-06-10 04:00:00,69742.50,69862.00,69606.40,69667.10
2024-06-10 08:00:00,69667.10,69833.00,69450.10,69637.30
2024-06-10 12:00:00,69637.40,69712.10,69265.00,69325.30
2024-06-10 16:00:00,69325.30,69592.60,69201.20,69506.70
2024-06-10 20:00:00,69506.60,70222.70,69255.10,70090.90
2024-06-11 00:00:00,70090.90,70166.10,69420.00,69524.20
2024-06-11 04:00:00,69524.30,69734.50,69360.40,69558.70
2024-06-11 08:00:00,69558.80,69600.00,67881.90,68472.30
2024-06-11 12:00:00,68472.20,68472.20,67300.00,67582.00
2024-06-11 16:00:00,67582.10,67690.80,66689.50,66919.60
2024-06-11 20:00:00,66919.60,67288.00,66000.00,66266.00
2024-06-12 00:00:00,66266.00,67591.30,66177.90,67420.60
2024-06-12 04:00:00,67420.50,67605.00,67180.40,67320.70
2024-06-12 08:00:00,67320.60,67624.20,66920.00,67413.00
2024-06-12 12:00:00,67413.00,67621.00,67200.00,67449.40
2024-06-12 16:00:00,67449.50,68065.30,67346.60,67789.90
2024-06-12 20:00:00,67790.00,70028.00,67740.90,69738.00
2024-06-13 00:00:00,69738.00,69864.20,67215.20,67523.20
2024-06-13 04:00:00,67523.10,68692.60,67409.80,68270.30
2024-06-13 08:00:00,68270.30,68400.00,66957.00,67471.10
2024-06-13 12:00:00,67471.10,67728.40,67300.00,67724.90
2024-06-13 16:00:00,67724.90,67964.10,67170.40,67744.60
2024-06-13 20:00:00,67744.60,68607.70,66337.00,66464.40
2024-06-14 00:00:00,66464.30,67080.50,66251.10,66620.80
2024-06-14 04:00:00,66620.90,66991.10,66533.10,66786.90
2024-06-14 08:00:00,66786.80,67038.00,66471.30,66749.70
2024-06-14 12:00:00,66749.80,67228.20,66710.80,66906.20
2024-06-14 16:00:00,66906.30,67250.00,66755.80,67034.20
2024-06-14 20:00:00,67034.10,67366.50,66334.50,66380.00
2024-06-15 00:00:00,66380.00,66522.00,65052.40,65514.90
2024-06-15 04:00:00,65514.90,66648.80,65471.60,66039.70
2024-06-15 08:00:00,66039.70,66280.00,65979.60,66266.00
2024-06-15 12:00:00,66265.90,66421.50,66060.00,66082.60
2024-06-15 16:00:00,66082.50,66334.80,66054.20,66305.20
2024-06-15 20:00:00,66305.20,66482.60,66157.50,66311.90
2024-06-16 00:00:00,66311.80,66360.80,66057.00,66144.20
2024-06-16 04:00:00,66144.10,66282.50,65801.00,66213.70
2024-06-16 08:00:00,66213.70,66256.90,66054.10,66129.60
2024-06-16 12:00:00,66129.60,66350.00,66012.10,66249.40
2024-06-16 16:00:00,66249.30,66780.00,66169.40,66471.40
2024-06-16 20:00:00,66471.40,66778.10,66455.60,66690.40
2024-06-17 00:00:00,66690.40,66733.30,66496.00,66542.50
2024-06-17 04:00:00,66542.40,66960.30,66432.90,66653.60
2024-06-17 08:00:00,66653.50,66915.40,66116.00,66200.00
2024-06-17 12:00:00,66199.90,66548.90,65907.50,66147.30
2024-06-17 16:00:00,66147.30,66295.80,65511.60,65791.80
2024-06-17 20:00:00,65791.90,65813.20,65094.90,65341.90
2024-06-18 00:00:00,65341.80,67280.60,65130.00,66661.40
2024-06-18 04:00:00,66661.40,66746.20,66122.30,66472.10
2024-06-18 08:00:00,66472.10,66558.90,64565.00,65474.90
2024-06-18 12:00:00,65474.90,65831.10,65314.60,65646.40
2024-06-18 16:00:00,65646.30,65724.60,65080.90,65339.20
2024-06-18 20:00:00,65339.20,65410.10,64212.00,64676.80
2024-06-19 00:00:00,64676.70,64887.40,64009.80,64400.00
2024-06-19 04:00:00,64399.70,65281.60,64168.90,65150.00
2024-06-19 08:00:00,65149.90,65596.90,64777.10,65377.10
2024-06-19 12:00:00,65377.00,65711.90,65143.00,65295.00
2024-06-19 16:00:00,65294.90,65519.60,64955.90,65181.90
2024-06-19 20:00:00,65182.00,65279.90,64708.20,64895.00
2024-06-20 00:00:00,64895.00,65269.50,64757.20,64851.30
2024-06-20 04:00:00,64851.40,65060.40,64600.00,64933.60
2024-06-20 08:00:00,64933.60,65378.00,64804.70,65156.00
2024-06-20 12:00:00,65156.00,65977.00,65051.70,65831.40
2024-06-20 16:00:00,65831.30,66467.00,65552.60,66150.00
2024-06-20 20:00:00,66150.00,66289.40,64625.20,64794.40
2024-06-21 00:00:00,64794.30,65198.50,64526.00,65032.90
2024-06-21 04:00:00,65032.90,65164.10,64831.00,64854.00
2024-06-21 08:00:00,64854.00,65055.50,64306.50,64473.40
2024-06-21 12:00:00,64473.40,64715.90,64167.10,64179.40
2024-06-21 16:00:00,64179.50,64350.00,63485.00,63745.50
2024-06-21 20:00:00,63745.10,64342.10,63361.20,63716.90
2024-06-22 00:00:00,63717.00,64243.70,63444.60,64207.50
2024-06-22 04:00:00,64207.60,64448.90,63801.00,64124.00
2024-06-22 08:00:00,64124.10,64315.20,63915.80,64297.20
2024-06-22 12:00:00,64297.20,64520.00,64218.80,64490.10
2024-06-22 16:00:00,64490.00,64512.00,64184.80,64245.00
2024-06-22 20:00:00,64244.90,64390.30,64222.00,64283.40
2024-06-23 00:00:00,64283.30,64340.60,64200.20,64270.90
2024-06-23 04:00:00,64270.90,64307.00,64215.90,64240.00
2024-06-23 08:00:00,64240.10,64500.00,64240.00,64389.00
2024-06-23 12:00:00,64389.00,64409.00,64311.90,64390.00
2024-06-23 16:00:00,64390.00,64414.00,64211.70,64310.70
2024-06-23 20:00:00,64310.70,64409.10,64034.20,64071.80
2024-06-24 00:00:00,64071.80,64166.40,63888.00,64128.70
2024-06-24 04:00:00,64128.70,64132.70,63137.90,63194.90
2024-06-24 08:00:00,63194.90,63357.00,62638.00,62840.10
2024-06-24 12:00:00,62840.00,62931.70,62125.40,62433.60
2024-06-24 16:00:00,62433.60,62955.30,60500.00,61257.30
2024-06-24 20:00:00,61257.30,61677.00,60650.00,60823.20
2024-06-25 00:00:00,60823.30,61018.60,59001.00,59294.70
2024-06-25 04:00:00,59292.80,60431.80,58218.00,60273.60
2024-06-25 08:00:00,60273.50,61566.00,60230.50,61271.10
2024-06-25 12:00:00,61271.10,61392.50,60600.50,60660.80
2024-06-25 16:00:00,60660.90,61587.40,60641.20,61170.70
2024-06-25 20:00:00,61170.70,62145.50,60941.90,61776.00
2024-06-26 00:00:00,61775.90,62448.10,61100.00,61957.90
2024-06-26 04:00:00,61957.10,62141.40,61641.40,61777.80
2024-06-26 08:00:00,61777.90,62465.10,61605.70,61910.40
2024-06-26 12:00:00,61910.40,61969.20,61500.60,61705.30
2024-06-26 16:00:00,61705.30,61741.30,61150.00,61427.20
2024-06-26 20:00:00,61427.30,61959.40,61140.20,61453.20
2024-06-27 00:00:00,61453.30,61532.50,60700.00,60991.00
2024-06-27 04:00:00,60990.90,61144.70,60696.00,60860.10
2024-06-27 08:00:00,60860.10,61327.90,60752.20,61027.10
2024-06-27 12:00:00,61027.00,61191.40,60605.00,60786.40
2024-06-27 16:00:00,60786.40,61500.00,60730.00,61188.50
2024-06-27 20:00:00,61188.50,62379.70,61137.70,61570.50
2024-06-28 00:00:00,61570.60,61997.20,61396.40,61445.90
2024-06-28 04:00:00,61445.90,61696.10,61340.00,61682.00
2024-06-28 08:00:00,61682.10,62204.00,61458.10,61803.00
2024-06-28 12:00:00,61803.00,61812.90,61186.40,61317.90
2024-06-28 16:00:00,61318.00,61779.00,61181.90,61671.50
2024-06-28 20:00:00,61671.50,61868.10,60721.20,61039.90
2024-06-29 00:00:00,61039.90,61106.00,60077.20,60132.20
2024-06-29 04:00:00,60132.20,60465.00,60038.00,60429.80
2024-06-29 08:00:00,60429.80,61023.00,60400.10,60760.10
2024-06-29 12:00:00,60760.00,61128.10,60706.50,61049.80
2024-06-29 16:00:00,61049.80,61232.00,60895.50,61111.00
2024-06-29 20:00:00,61110.90,61188.60,60951.10,61107.90
2024-06-30 00:00:00,61107.80,61130.00,60918.60,61056.50
2024-06-30 04:00:00,61056.40,61097.00,60883.10,60982.40
2024-06-30 08:00:00,60982.50,61081.40,60750.60,60898.20
2024-06-30 12:00:00,60898.20,61798.20,60705.00,61533.60
2024-06-30 16:00:00,61533.60,61720.00,61400.00,61555.60
2024-06-30 20:00:00,61555.60,61871.80,61325.00,61722.40
2024-07-01 00:00:00,61722.50,62100.00,61579.30,62016.80
2024-07-01 04:00:00,62016.80,63058.40,61825.40,62766.00
2024-07-01 08:00:00,62766.10,63800.00,62562.00,63416.40
2024-07-01 12:00:00,63416.50,63453.70,63200.00,63265.50
2024-07-01 16:00:00,63265.50,63302.70,62580.00,62657.90
2024-07-01 20:00:00,62657.90,63182.50,62502.20,63119.90
2024-07-02 00:00:00,63120.00,63849.00,62947.40,63207.60
2024-07-02 04:00:00,63207.20,63421.60,62780.00,62883.60
2024-07-02 08:00:00,62883.70,63284.00,62765.70,63115.70
2024-07-02 12:00:00,63118.00,63227.00,62566.00,62617.90
2024-07-02 16:00:00,62617.90,62861.10,62387.00,62823.30
2024-07-02 20:00:00,62823.30,63167.40,61840.00,61945.00
2024-07-03 00:00:00,61945.00,62362.80,61800.00,61944.00
2024-07-03 04:00:00,61944.00,62176.40,61870.80,62123.60
2024-07-03 08:00:00,62123.50,62278.20,60600.00,60983.50
2024-07-03 12:00:00,60983.40,61179.40,60802.00,60859.90
2024-07-03 16:00:00,60859.80,60987.30,59515.10,60384.90
2024-07-03 20:00:00,60384.90,60700.00,59756.50,60176.10
2024-07-04 00:00:00,60176.10,60653.00,59645.60,59661.20
2024-07-04 04:00:00,59661.20,60361.70,59299.30,60208.00
2024-07-04 08:00:00,60208.00,60500.00,57611.00,59092.40
2024-07-04 12:00:00,59092.40,59131.70,58086.40,58214.00
2024-07-04 16:00:00,58214.00,58484.50,56917.50,57748.40
2024-07-04 20:00:00,57748.40,58350.00,56750.00,58137.60
2024-07-05 00:00:00,58137.50,58653.40,57735.70,58267.00
2024-07-05 04:00:00,58266.90,58800.00,56560.00,57045.90
2024-07-05 08:00:00,57045.90,57533.40,54918.30,55214.60
2024-07-05 12:00:00,55214.70,55350.00,53329.50,54389.40
2024-07-05 16:00:00,54389.40,55629.70,53870.40,55458.90
2024-07-05 20:00:00,55459.00,56663.50,54822.90,56637.50
2024-07-06 00:00:00,56637.50,57000.00,55781.80,56446.20
2024-07-06 04:00:00,56446.10,56847.00,56300.00,56604.90
2024-07-06 08:00:00,56604.90,56975.00,56157.30,56388.30
2024-07-06 12:00:00,56388.40,56660.00,56000.00,56571.10
2024-07-06 16:00:00,56571.10,56850.00,56412.50,56713.20
2024-07-06 20:00:00,56713.20,57420.00,56475.70,57285.40
2024-07-07 00:00:00,57285.40,58089.90,57150.00,57834.80
2024-07-07 04:00:00,57834.90,58472.00,57792.20,58216.00
2024-07-07 08:00:00,58216.00,58443.00,57820.00,57943.90
2024-07-07 12:00:00,57944.00,57990.30,57041.70,57344.40
2024-07-07 16:00:00,57344.50,57899.90,57331.20,57436.90
2024-07-07 20:00:00,57436.90,57600.00,56555.10,56806.20
2024-07-08 00:00:00,56806.20,57372.20,56723.00,57133.90
2024-07-08 04:00:00,57133.90,57301.80,55688.00,55830.90
2024-07-08 08:00:00,55831.00,55999.00,54243.10,55136.60
2024-07-08 12:00:00,55136.60,55878.00,54935.30,55828.40
2024-07-08 16:00:00,55828.40,58200.00,55715.20,57137.30
2024-07-08 20:00:00,57137.30,57629.30,54890.00,55736.80
2024-07-09 00:00:00,55736.80,56550.00,55400.50,56462.30
2024-07-09 04:00:00,56462.90,56955.00,56175.40,56686.40
2024-07-09 08:00:00,56686.40,57350.00,56256.20,57139.50
2024-07-09 12:00:00,57139.50,57744.80,57000.00,57102.50
2024-07-09 16:00:00,57102.50,57899.90,57000.00,57407.10
2024-07-09 20:00:00,57407.10,58159.60,56862.90,57445.30
2024-07-10 00:00:00,57445.30,58290.60,57318.30,57837.70
2024-07-10 04:00:00,57837.70,58256.00,57684.60,58023.20
2024-07-10 08:00:00,58023.10,58190.00,57315.90,58157.70
2024-07-10 12:00:00,58157.60,59449.60,58153.30,58948.10
2024-07-10 16:00:00,58948.00,59013.90,58288.00,58469.40
2024-07-10 20:00:00,58469.40,58544.50,57416.50,57658.00
2024-07-11 00:00:00,57658.10,57995.00,57333.00,57374.10
2024-07-11 04:00:00,57374.80,57860.80,57125.00,57707.00
2024-07-11 08:00:00,57707.00,58380.00,57030.00,57540.50
2024-07-11 12:00:00,57540.40,58288.60,57464.20,58168.10
2024-07-11 16:00:00,58168.20,58887.00,58024.00,58754.10
2024-07-11 20:00:00,58754.00,59780.00,57242.00,57382.80
2024-07-12 00:00:00,57382.80,57969.60,57152.00,57354.70
2024-07-12 04:00:00,57354.80,57593.20,57118.00,57315.50
2024-07-12 08:00:00,57315.70,57554.40,56500.10,56887.60
2024-07-12 12:00:00,56887.60,57378.00,56690.00,57071.40
2024-07-12 16:00:00,57071.40,57325.20,56740.60,57188.80
2024-07-12 20:00:00,57188.70,58255.40,57066.00,58188.90
2024-07-13 00:00:00,58188.90,58500.00,57446.10,57546.10
2024-07-13 04:00:00,57546.20,57887.60,57107.70,57870.00
2024-07-13 08:00:00,57870.00,57962.80,57730.20,57792.40
2024-07-13 12:00:00,57792.50,58195.70,57728.60,58140.00
2024-07-13 16:00:00,58140.00,58900.00,57882.30,58513.90
2024-07-13 20:00:00,58514.00,58873.10,58408.10,58808.50
2024-07-14 00:00:00,58808.50,58950.00,58538.90,58596.60
2024-07-14 04:00:00,58596.70,59850.00,58254.50,59174.00
2024-07-14 08:00:00,59173.90,59816.50,59164.00,59435.00
2024-07-14 12:00:00,59435.00,60299.00,59387.40,60031.30
2024-07-14 16:00:00,60031.20,60397.20,59879.30,60079.00
2024-07-14 20:00:00,60079.00,60220.00,59438.00,60053.30
2024-07-15 00:00:00,60053.30,60154.60,59858.00,59886.30
2024-07-15 04:00:00,59886.30,61412.40,59850.00,60766.00
2024-07-15 08:00:00,60766.00,62777.00,60622.60,62617.30
2024-07-15 12:00:00,62617.30,63075.80,62400.00,62816.00
2024-07-15 16:00:00,62816.10,63239.20,62266.00,62431.90
2024-07-15 20:00:00,62432.00,63299.80,62419.50,62985.90
2024-07-16 00:00:00,62986.00,63777.00,62812.80,63309.90
2024-07-16 04:00:00,63309.90,64870.70,63216.20,64680.60
2024-07-16 08:00:00,64680.60,64936.10,64405.00,64725.10
2024-07-16 12:00:00,64725.10,64988.80,62672.40,62881.80
2024-07-16 16:00:00,62881.80,63839.00,62350.00,63719.80
2024-07-16 20:00:00,63719.80,64942.00,63031.50,64833.90
2024-07-17 00:00:00,64833.90,65177.00,64070.40,65125.20
2024-07-17 04:00:00,65125.20,65388.00,64058.00,65010.00
2024-07-17 08:00:00,65010.00,66100.00,64885.30,65662.80
2024-07-17 12:00:00,65662.80,65968.50,65167.60,65226.20
2024-07-17 16:00:00,65226.20,65479.50,64531.00,64700.00
2024-07-17 20:00:00,64699.90,65379.80,64489.50,64695.80
2024-07-18 00:00:00,64696.00,64745.60,63823.00,64550.60
2024-07-18 04:00:00,64550.70,64654.40,64020.00,64055.70
2024-07-18 08:00:00,64055.80,65173.80,63871.20,64827.80
2024-07-18 12:00:00,64827.90,65038.50,64355.10,64644.80
2024-07-18 16:00:00,64644.80,64930.70,64413.00,64728.90
2024-07-18 20:00:00,64729.00,65098.90,63359.10,63500.10
2024-07-19 00:00:00,63500.10,63933.30,63206.40,63535.60
2024-07-19 04:00:00,63535.50,64096.30,63413.10,63959.90
2024-07-19 08:00:00,63960.00,64348.20,63266.20,64298.00
2024-07-19 12:00:00,64297.90,64469.30,63565.00,63673.90
2024-07-19 16:00:00,63673.90,64165.80,63371.40,64095.20
2024-07-19 20:00:00,64095.60,65870.00,64010.10,65791.50
2024-07-20 00:00:00,65791.50,67362.80,65784.00,67107.80
2024-07-20 04:00:00,67107.80,67320.90,66590.90,66627.90
2024-07-20 08:00:00,66627.90,66797.00,66159.10,66568.70
2024-07-20 12:00:00,66568.70,66729.00,66401.00,66526.30
2024-07-20 16:00:00,66526.40,66700.00,66422.90,66445.90
2024-07-20 20:00:00,66446.00,66799.90,66241.40,66797.00
2024-07-21 00:00:00,66797.00,67648.70,66632.00,67195.00
2024-07-21 04:00:00,67195.00,67412.40,66737.70,67095.60
2024-07-21 08:00:00,67095.60,67400.00,66918.40,67145.80
2024-07-21 12:00:00,67145.80,67194.30,66560.00,66670.00
2024-07-21 16:00:00,66669.90,67040.40,66645.60,66845.40
2024-07-21 20:00:00,66845.40,67498.00,66571.30,67130.90
2024-07-22 00:00:00,67130.90,67719.80,65750.00,67391.40
2024-07-22 04:00:00,67391.50,68351.20,67239.90,68138.00
2024-07-22 08:00:00,68138.00,68459.70,67700.00,67847.30
2024-07-22 12:00:00,67847.30,67966.00,67100.00,67210.30
2024-07-22 16:00:00,67210.40,67571.40,66904.20,67479.10
2024-07-22 20:00:00,67479.10,67932.20,66538.60,67044.30
2024-07-23 00:00:00,67044.30,68228.60,66784.10,68193.50
2024-07-23 04:00:00,68193.60,68221.50,67202.10,67499.20
2024-07-23 08:00:00,67499.20,67729.30,67175.60,67437.30
2024-07-23 12:00:00,67437.30,67493.30,66216.10,66550.00
2024-07-23 16:00:00,66549.90,67135.50,66413.00,66641.00
2024-07-23 20:00:00,66641.00,67338.00,65921.70,66552.80
2024-07-24 00:00:00,66552.80,66745.10,65416.50,65516.10
2024-07-24 04:00:00,65516.20,66040.00,65453.40,65916.40
2024-07-24 08:00:00,65916.30,66135.50,65450.80,66027.50
2024-07-24 12:00:00,66027.40,66056.00,65577.50,66049.00
2024-07-24 16:00:00,66049.00,66590.00,65974.90,66345.70
2024-07-24 20:00:00,66345.70,67087.30,66066.00,66155.70
2024-07-25 00:00:00,66155.80,66687.90,65537.00,65631.80
2024-07-25 04:00:00,65631.80,66059.70,65040.50,65350.80
2024-07-25 08:00:00,65350.70,65606.30,63823.30,64074.00
2024-07-25 12:00:00,64073.90,64378.00,63800.00,64115.10
2024-07-25 16:00:00,64115.00,64474.20,63857.20,64082.60
2024-07-25 20:00:00,64082.60,64993.60,63456.70,64773.30
2024-07-26 00:00:00,64773.30,65170.00,64357.50,64669.50
2024-07-26 04:00:00,64669.50,66144.00,64390.80,65773.00
2024-07-26 08:00:00,65773.00,67470.40,65688.20,67014.00
2024-07-26 12:00:00,67014.00,67168.20,66839.50,66873.80
2024-07-26 16:00:00,66873.70,67466.00,66873.70,67293.90
2024-07-26 20:00:00,67293.90,67982.40,66865.70,67528.00
2024-07-27 00:00:00,67527.90,68143.00,67277.00,67957.20
2024-07-27 04:00:00,67957.20,68200.00,67365.00,67882.50
2024-07-27 08:00:00,67882.50,68055.60,67588.30,67766.20
2024-07-27 12:00:00,67766.20,68278.80,67752.10,68013.60
2024-07-27 16:00:00,68013.50,68244.60,67864.80,68184.70
2024-07-27 20:00:00,68184.70,69381.70,68162.90,68822.00
2024-07-28 00:00:00,68821.90,68976.40,67538.40,68209.20
2024-07-28 04:00:00,68209.30,69200.00,66624.50,67873.80
2024-07-28 08:00:00,67873.70,68246.60,67222.70,67910.90
2024-07-28 12:00:00,67910.90,68003.50,67037.00,67517.70
2024-07-28 16:00:00,67517.60,67969.10,67178.90,67800.00
2024-07-28 20:00:00,67800.10,68093.40,67527.40,67624.30
2024-07-29 00:00:00,67624.20,68300.00,67588.40,68090.00
2024-07-29 04:00:00,68090.00,68254.70,67771.60,68215.50
2024-07-29 08:00:00,68215.50,69782.20,68130.10,69323.10
2024-07-29 12:00:00,69323.10,69872.60,69240.00,69510.60
2024-07-29 16:00:00,69510.50,69841.20,69345.00,69549.90
2024-07-29 20:00:00,69549.80,70081.00,67650.00,68067.20
2024-07-30 00:00:00,68067.30,68093.10,66365.80,67276.60
2024-07-30 04:00:00,67276.70,67521.00,66547.10,66750.00
2024-07-30 08:00:00,66750.10,66865.30,65820.00,66585.60
2024-07-30 12:00:00,66585.70,66966.60,66288.00,66914.00
2024-07-30 16:00:00,66914.00,66956.60,66358.90,66532.50
2024-07-30 20:00:00,66532.60,66923.80,65500.00,66198.00
2024-07-31 00:00:00,66198.00,66526.10,65501.10,65899.40
2024-07-31 04:00:00,65900.00,66319.00,65254.50,66159.30
2024-07-31 08:00:00,66159.30,66380.00,65825.90,66028.90
2024-07-31 12:00:00,66028.10,66540.80,65459.40,66196.40
2024-07-31 16:00:00,66196.40,66360.40,65906.70,66062.60
2024-07-31 20:00:00,66062.70,66826.30,65939.70,66354.50
2024-08-01 00:00:00,66354.40,66820.00,64894.00,65229.80
2024-08-01 04:00:00,65228.10,65399.00,64500.40,64601.80
2024-08-01 08:00:00,64601.80,64824.40,63722.00,63912.80
2024-08-01 12:00:00,63912.70,64468.60,63559.50,64297.40
2024-08-01 16:00:00,64297.50,64681.90,64280.00,64645.30
2024-08-01 20:00:00,64645.20,64927.20,62646.70,62892.60
2024-08-02 00:00:00,62892.60,63480.00,62271.20,63403.00
2024-08-02 04:00:00,63403.00,65650.00,63312.00,65328.90
2024-08-02 08:00:00,65329.00,65577.00,63630.60,64600.10
2024-08-02 12:00:00,64600.10,64640.00,63800.00,64146.00
2024-08-02 16:00:00,64146.00,64957.40,64026.50,64640.00
2024-08-02 20:00:00,64640.00,65534.30,62350.00,63393.50
2024-08-03 00:00:00,63393.50,63600.00,62478.00,62619.70
2024-08-03 04:00:00,62619.60,63181.00,61200.20,61483.70
2024-08-03 08:00:00,61483.70,61956.40,60473.30,61862.20
2024-08-03 12:00:00,61862.20,61945.00,61380.80,61636.00
2024-08-03 16:00:00,61636.00,61986.30,61420.20,61884.80
2024-08-03 20:00:00,61884.70,62166.00,60800.00,60857.70
2024-08-04 00:00:00,60857.80,61262.50,59888.00,60216.70
2024-08-04 04:00:00,60216.80,60842.20,59800.00,60684.60
2024-08-04 08:00:00,60684.50,61089.50,60290.90,60705.30
2024-08-04 12:00:00,60705.30,60915.10,60228.00,60346.00
2024-08-04 16:00:00,60344.60,60986.20,60080.50,60880.10
2024-08-04 20:00:00,60880.10,61064.60,58926.10,59070.00
2024-08-05 00:00:00,59069.90,59475.00,57040.00,59234.00
2024-08-05 04:00:00,59233.90,59569.20,57975.40,58144.50
2024-08-05 08:00:00,58144.50,58286.90,52222.00,53864.10
2024-08-05 12:00:00,53864.00,54538.00,48888.00,52645.60
2024-08-05 16:00:00,52645.60,53200.00,50590.10,51316.80
2024-08-05 20:00:00,51316.70,54952.30,49501.00,54289.80
2024-08-06 00:00:00,54289.70,55523.00,52520.40,53450.40
2024-08-06 04:00:00,53450.30,55192.20,53439.90,54003.10
2024-08-06 08:00:00,54003.50,56254.80,53925.30,55638.10
2024-08-06 12:00:00,55638.10,56152.00,55220.00,55979.10
2024-08-06 16:00:00,55979.00,56090.00,54531.60,55188.00
2024-08-06 20:00:00,55188.00,56599.00,54288.00,56370.00
2024-08-07 00:00:00,56370.00,56999.90,56205.10,56737.00
2024-08-07 04:00:00,56737.00,56919.80,55792.00,55991.20
2024-08-07 08:00:00,55991.30,57249.00,55516.30,56826.80
2024-08-07 12:00:00,56826.90,57219.40,56510.00,56898.70
2024-08-07 16:00:00,56898.80,57699.00,56838.00,56938.00
2024-08-07 20:00:00,56938.00,57454.00,55620.50,56067.50
2024-08-08 00:00:00,56067.40,56279.80,54650.00,54739.90
2024-08-08 04:00:00,54739.90,55550.00,54519.80,55102.90
2024-08-08 08:00:00,55102.90,57688.80,54672.40,57031.70
2024-08-08 12:00:00,57031.80,57399.20,56636.90,57166.40
2024-08-08 16:00:00,57166.40,57650.00,56943.70,57292.30
2024-08-08 20:00:00,57292.40,59493.00,56645.00,59391.30
2024-08-09 00:00:00,59391.90,59839.70,59213.60,59389.10
2024-08-09 04:00:00,59389.00,62737.20,59273.50,61659.80
2024-08-09 08:00:00,61659.80,61726.00,60728.70,61327.00
2024-08-09 12:00:00,61327.00,61361.90,60555.00,60844.00
2024-08-09 16:00:00,60844.10,61184.90,60150.00,60633.50
2024-08-09 20:00:00,60633.50,61089.70,59500.00,59786.40
2024-08-10 00:00:00,59786.40,60729.50,59705.90,60649.50
2024-08-10 04:00:00,60649.60,60961.50,59862.60,60808.60
2024-08-10 08:00:00,60808.60,61450.00,60231.60,60410.00
2024-08-10 12:00:00,60410.00,60823.70,60208.50,60809.50
2024-08-10 16:00:00,60809.60,61082.00,60582.40,60892.40
2024-08-10 20:00:00,60892.30,60926.00,60375.00,60480.50
2024-08-11 00:00:00,60480.50,61200.00,60360.00,60989.10
2024-08-11 04:00:00,60989.10,61136.30,60721.00,60889.90
2024-08-11 08:00:00,60889.80,61350.00,60857.00,61054.80
2024-08-11 12:00:00,61054.80,61233.00,60838.50,61224.90
2024-08-11 16:00:00,61225.00,62000.00,60380.10,60637.60
2024-08-11 20:00:00,60637.50,60736.60,59911.00,60100.00
2024-08-12 00:00:00,60099.90,60330.60,59512.20,59598.00
2024-08-12 04:00:00,59598.10,59657.50,58255.40,58693.10
2024-08-12 08:00:00,58693.10,59055.00,58078.80,58488.60
2024-08-12 12:00:00,58488.60,58958.10,57615.00,58640.10
2024-08-12 16:00:00,58640.10,59937.80,58086.10,59809.20
2024-08-12 20:00:00,59809.20,60666.00,57774.00,60171.20
2024-08-13 00:00:00,60171.30,60390.80,58403.90,59025.90
2024-08-13 04:00:00,59026.00,59721.00,58520.70,59323.60
2024-08-13 08:00:00,59323.70,59895.00,58840.20,59014.00
2024-08-13 12:00:00,59014.00,59442.50,58803.00,59209.00
2024-08-13 16:00:00,59209.10,59302.50,58360.00,58803.00
2024-08-13 20:00:00,58803.00,59748.80,58668.00,59438.40
2024-08-14 00:00:00,59438.40,61545.00,59402.60,60792.10
2024-08-14 04:00:00,60794.50,61120.80,60355.00,60550.50
2024-08-14 08:00:00,60550.40,61277.00,60390.00,60920.00
2024-08-14 12:00:00,60920.10,61131.20,60588.80,60887.20
2024-08-14 16:00:00,60887.30,61419.20,60600.00,61260.70
2024-08-14 20:00:00,61260.60,61839.70,58773.30,59396.90
2024-08-15 00:00:00,59396.90,59436.20,58500.00,58854.00
2024-08-15 04:00:00,58853.80,59151.60,58367.20,58648.10
2024-08-15 08:00:00,58648.10,59021.00,57971.20,58420.00
2024-08-15 12:00:00,58420.00,58622.00,57679.60,58031.90
2024-08-15 16:00:00,58031.90,58836.50,57937.70,58712.10
2024-08-15 20:00:00,58712.00,59749.20,58508.10,59643.70
2024-08-16 00:00:00,59643.30,59820.00,56633.00,57002.40
2024-08-16 04:00:00,57002.50,57850.00,55969.00,57511.00
2024-08-16 08:00:00,57511.10,58494.90,57062.10,57858.10
2024-08-16 12:00:00,57858.10,58619.90,57766.30,58423.40
2024-08-16 16:00:00,58423.40,58656.20,58175.90,58369.30
2024-08-16 20:00:00,58369.40,58908.50,57500.00,58035.60
2024-08-17 00:00:00,58035.10,59780.20,57965.40,59649.20
2024-08-17 04:00:00,59649.30,59678.20,58711.40,58854.90
2024-08-17 08:00:00,58854.90,59363.00,58769.40,59128.20
2024-08-17 12:00:00,59128.20,59238.00,59024.60,59222.00
2024-08-17 16:00:00,59221.90,59450.10,59026.00,59106.50
2024-08-17 20:00:00,59106.50,59638.80,59065.60,59357.60
2024-08-18 00:00:00,59357.70,59690.20,59265.30,59446.30
2024-08-18 04:00:00,59446.20,59474.40,59122.10,59468.50
2024-08-18 08:00:00,59468.50,60249.80,59258.50,59308.50
2024-08-18 12:00:00,59308.50,59666.00,59214.00,59545.40
2024-08-18 16:00:00,59545.50,60177.40,59401.10,59991.30
2024-08-18 20:00:00,59991.30,60250.00,59629.30,59828.80
2024-08-19 00:00:00,59828.80,59916.00,59327.80,59671.90
2024-08-19 04:00:00,59672.00,59847.50,58352.00,58390.00
2024-08-19 08:00:00,58390.10,58736.60,58173.20,58696.60
2024-08-19 12:00:00,58696.70,58724.80,58339.80,58475.50
2024-08-19 16:00:00,58475.50,58648.70,57750.00,58360.90
2024-08-19 20:00:00,58360.80,58945.40,58019.40,58505.00
2024-08-20 00:00:00,58504.50,59262.90,58332.00,58933.00
2024-08-20 04:00:00,58935.70,59585.40,58879.30,59398.50
2024-08-20 08:00:00,59398.40,60887.00,59324.20,60588.60
2024-08-20 12:00:00,60588.50,61386.00,60539.00,60899.90
2024-08-20 16:00:00,60899.90,60949.70,60386.70,60494.90
2024-08-20 20:00:00,60494.90,60920.50,58663.40,58783.70
2024-08-21 00:00:00,58783.70,59574.00,58501.10,59482.50
2024-08-21 04:00:00,59482.50,59689.50,58831.10,58982.90
2024-08-21 08:00:00,58982.70,59489.00,58728.90,59290.30
2024-08-21 12:00:00,59290.30,59721.20,59164.70,59689.20
2024-08-21 16:00:00,59689.20,59893.00,59058.00,59332.40
2024-08-21 20:00:00,59332.30,60192.30,58801.10,59486.00
2024-08-22 00:00:00,59485.90,61600.00,59339.90,61538.10
2024-08-22 04:00:00,61538.10,61793.90,60865.20,61120.00
2024-08-22 08:00:00,61120.00,61184.70,59677.60,60514.90
2024-08-22 12:00:00,60515.00,61128.80,60422.40,60946.00
2024-08-22 16:00:00,60946.00,61392.00,60761.20,61297.00
2024-08-22 20:00:00,61296.90,61364.00,60060.30,60370.90
2024-08-23 00:00:00,60370.90,60554.90,60100.00,60272.70
2024-08-23 04:00:00,60272.80,60673.10,60250.00,60349.90
2024-08-23 08:00:00,60349.90,60990.00,60301.50,60565.10
2024-08-23 12:00:00,60565.00,61370.00,60548.80,61045.00
2024-08-23 16:00:00,61045.00,61317.70,60651.60,60710.20
2024-08-23 20:00:00,60710.10,62307.60,60710.10,61499.00
2024-08-24 00:00:00,61498.60,63794.00,61300.00,63577.20
2024-08-24 04:00:00,63577.40,65000.00,63435.10,64019.90
2024-08-24 08:00:00,64020.00,64168.00,63600.00,63800.10
2024-08-24 12:00:00,63800.00,64298.90,63790.20,64269.30
2024-08-24 16:00:00,64269.30,64472.50,63836.60,63881.70
2024-08-24 20:00:00,63881.70,64222.00,63828.00,63943.30
2024-08-25 00:00:00,63943.40,64414.20,63897.60,64170.00
2024-08-25 04:00:00,64170.10,64306.20,63522.70,64116.50
2024-08-25 08:00:00,64116.60,64549.00,63962.90,64065.00
2024-08-25 12:00:00,64065.00,64164.30,63751.00,63835.40
2024-08-25 16:00:00,63835.50,63990.00,63731.30,63851.70
2024-08-25 20:00:00,63851.70,64270.00,63777.00,64099.90
2024-08-26 00:00:00,64099.90,64226.20,63950.00,64152.20
2024-08-26 04:00:00,64152.30,65175.40,64098.60,64190.20
2024-08-26 08:00:00,64190.10,64455.80,63711.20,64089.50
2024-08-26 12:00:00,64089.50,64183.20,63541.90,63603.20
2024-08-26 16:00:00,63603.30,64022.20,63074.50,63816.60
2024-08-26 20:00:00,63816.60,63934.70,63032.00,63493.00
2024-08-27 00:00:00,63493.00,63859.20,63138.40,63305.00
2024-08-27 04:00:00,63305.00,63536.10,62750.20,62807.60
2024-08-27 08:00:00,62807.70,63196.00,62618.00,62947.20
2024-08-27 12:00:00,62947.10,63178.70,62688.50,62882.00
2024-08-27 16:00:00,62881.90,62987.10,62200.20,62392.50
2024-08-27 20:00:00,62392.40,62485.20,61426.10,61673.30
2024-08-28 00:00:00,61673.40,62165.00,61484.30,62071.80
2024-08-28 04:00:00,62071.80,62075.00,57928.20,59384.50
2024-08-28 08:00:00,59384.40,59625.00,58872.30,59597.30
2024-08-28 12:00:00,59597.30,59640.00,58475.20,58579.00
2024-08-28 16:00:00,58579.00,60197.80,58510.00,59900.10
2024-08-28 20:00:00,59900.20,60131.00,58400.00,58963.40
2024-08-29 00:00:00,58963.40,59794.70,57820.00,58871.10
2024-08-29 04:00:00,58871.00,59579.80,58602.60,59010.00
2024-08-29 08:00:00,59010.00,59300.00,58834.00,59113.00
2024-08-29 12:00:00,59113.40,59734.10,59040.80,59548.90
2024-08-29 16:00:00,59548.90,60450.00,59340.00,60040.00
2024-08-29 20:00:00,60040.00,61144.90,59956.30,60750.90
2024-08-30 00:00:00,60750.90,60930.00,58876.80,59237.00
2024-08-30 04:00:00,59236.90,59614.50,58655.00,59323.20
2024-08-30 08:00:00,59323.30,59468.00,58862.20,59001.00
2024-08-30 12:00:00,59001.10,59558.00,58650.00,59235.90
2024-08-30 16:00:00,59236.00,59637.40,59235.90,59367.00
2024-08-30 20:00:00,59367.00,59914.90,57901.20,58073.10
2024-08-31 00:00:00,58073.70,59345.80,57525.00,58670.10
2024-08-31 04:00:00,58670.00,59283.10,58668.80,59096.30
2024-08-31 08:00:00,59096.40,59436.00,59028.00,59199.90
2024-08-31 12:00:00,59200.00,59321.80,59044.00,59060.80
2024-08-31 16:00:00,59060.80,59153.00,58795.40,59093.10
2024-08-31 20:00:00,59093.10,59215.80,58860.00,58983.70
2024-09-01 00:00:00,58983.80,59108.30,58700.00,58834.20
2024-09-01 04:00:00,58834.30,59107.50,58756.00,58941.90
2024-09-01 08:00:00,58941.90,59052.70,58250.00,58501.60
2024-09-01 12:00:00,58501.60,58575.70,57728.60,58444.10
2024-09-01 16:00:00,58444.10,58469.90,57800.00,58208.00
2024-09-01 20:00:00,58208.10,58345.30,57123.00,58184.10
2024-09-02 00:00:00,58184.10,58787.20,57834.00,58480.80
2024-09-02 04:00:00,58480.80,58626.30,57161.10,57268.10
2024-09-02 08:00:00,57268.10,57735.00,57093.00,57708.70
2024-09-02 12:00:00,57708.60,57966.90,57316.60,57523.20
2024-09-02 16:00:00,57523.30,58639.00,57487.70,58396.00
2024-09-02 20:00:00,58395.90,58783.00,58075.00,58508.00
2024-09-03 00:00:00,58508.00,58645.40,58267.40,58418.80
2024-09-03 04:00:00,58418.80,59412.30,58354.80,59112.10
2024-09-03 08:00:00,59112.20,59790.00,59000.00,59087.90
2024-09-03 12:00:00,59087.90,59236.70,58838.10,59078.00
2024-09-03 16:00:00,59078.00,59174.80,58668.50,59038.60
2024-09-03 20:00:00,59038.50,59332.90,57530.10,57695.10
2024-09-04 00:00:00,57695.10,58250.00,57560.70,58020.90
2024-09-04 04:00:00,58021.00,58217.60,57320.00,57451.90
2024-09-04 08:00:00,57452.00,57920.00,55555.00,56632.90
2024-09-04 12:00:00,56632.90,56847.20,56107.90,56717.00
2024-09-04 16:00:00,56717.10,56871.50,56411.60,56536.20
2024-09-04 20:00:00,56536.10,58137.70,56154.00,58096.20
2024-09-05 00:00:00,58096.00,58500.00,57615.90,58029.80
2024-09-05 04:00:00,58029.80,58371.70,57781.30,57944.80
2024-09-05 08:00:00,57944.80,58318.90,56869.40,57104.10
2024-09-05 12:00:00,57104.10,57265.00,56500.80,57127.00
2024-09-05 16:00:00,57126.90,57217.50,56591.00,56666.10
2024-09-05 20:00:00,56666.10,57300.00,55779.10,55947.00
2024-09-06 00:00:00,55947.00,56688.90,55760.00,56026.00
2024-09-06 04:00:00,56025.20,56232.80,55600.00,56145.70
2024-09-06 08:00:00,56145.70,56836.70,55955.10,56553.70
2024-09-06 12:00:00,56553.70,56717.80,55250.00,55766.30
2024-09-06 16:00:00,55766.30,56244.10,55607.30,55972.10
2024-09-06 20:00:00,55972.10,57000.00,53780.90,54022.10
2024-09-07 00:00:00,54022.10,54414.00,53235.70,53515.30
2024-09-07 04:00:00,53515.30,53938.90,52510.80,53927.70
2024-09-07 08:00:00,53927.70,54082.20,53725.00,53789.20
2024-09-07 12:00:00,53789.30,54369.70,53780.10,54258.10
2024-09-07 16:00:00,54258.00,54472.80,54143.50,54298.90
2024-09-07 20:00:00,54299.00,54800.00,54298.90,54746.60
2024-09-08 00:00:00,54746.70,54820.20,53969.00,54375.00
2024-09-08 04:00:00,54375.10,54415.40,53778.10,54134.90
2024-09-08 08:00:00,54134.90,54478.90,53937.00,54371.50
2024-09-08 12:00:00,54371.50,54544.80,54232.10,54411.50
2024-09-08 16:00:00,54411.50,54700.00,54322.90,54528.60
2024-09-08 20:00:00,54528.70,54544.00,53610.00,53663.60
2024-09-09 00:00:00,53663.40,54497.40,53596.50,54301.30
2024-09-09 04:00:00,54301.30,55300.00,54130.30,54839.60
2024-09-09 08:00:00,54839.60,55351.40,54650.20,55084.90
2024-09-09 12:00:00,55085.00,55118.30,54557.00,54939.10
2024-09-09 16:00:00,54939.00,55549.00,54920.70,55236.80
2024-09-09 20:00:00,55236.70,55774.90,54755.00,55360.30
2024-09-10 00:00:00,55360.30,57148.60,55319.40,57060.10
2024-09-10 04:00:00,57060.10,58153.20,56770.40,57010.00
2024-09-10 08:00:00,57010.10,57041.90,56493.00,56500.10
2024-09-10 12:00:00,56500.00,57266.60,56361.00,57183.20
2024-09-10 16:00:00,57183.20,57366.00,56851.10,57190.10
2024-09-10 20:00:00,57190.10,57439.00,56485.00,56561.00
2024-09-11 00:00:00,56553.90,58033.20,56525.00,57923.60
2024-09-11 04:00:00,57923.90,57945.40,57416.30,57609.10
2024-09-11 08:00:00,57609.20,57729.00,56643.00,56793.50
2024-09-11 12:00:00,56793.60,56794.90,56050.00,56675.10
2024-09-11 16:00:00,56675.10,56850.00,56311.00,56768.90
2024-09-11 20:00:00,56768.90,57138.00,55515.20,56676.10
2024-09-12 00:00:00,56676.00,57954.40,56618.00,57560.90
2024-09-12 04:00:00,57560.90,57648.00,57171.00,57306.00
2024-09-12 08:00:00,57305.60,58465.40,57283.10,58197.90
2024-09-12 12:00:00,58197.90,58397.50,57810.00,58101.80
2024-09-12 16:00:00,58101.70,58317.50,57867.00,58031.70
2024-09-12 20:00:00,58031.70,58606.60,57310.00,57472.10
2024-09-13 00:00:00,57472.20,58425.70,57454.40,58366.30
2024-09-13 04:00:00,58366.30,58366.80,57734.90,58097.00
2024-09-13 08:00:00,58097.10,58226.80,57800.80,57827.00
2024-09-13 12:00:00,57827.00,58108.80,57708.00,58079.80
2024-09-13 16:00:00,58079.70,58321.90,57792.50,57852.60
2024-09-13 20:00:00,57852.60,59706.10,57594.00,59623.50
2024-09-14 00:00:00,59623.60,59979.20,59278.90,59703.10
2024-09-14 04:00:00,59703.10,60597.00,59588.00,60456.20
2024-09-14 08:00:00,60456.20,60572.90,60255.40,60290.50
2024-09-14 12:00:00,60290.50,60318.80,59866.00,60110.40
2024-09-14 16:00:00,60110.30,60130.00,59577.70,59680.00
2024-09-14 20:00:00,59680.10,59988.90,59610.00,59840.10
2024-09-15 00:00:00,59840.10,59953.00,59360.10,59778.40
2024-09-15 04:00:00,59778.40,60135.80,59740.00,59964.00
2024-09-15 08:00:00,59963.90,60247.90,59950.00,60130.20
2024-09-15 12:00:00,60130.20,60193.60,60047.90,60166.80
2024-09-15 16:00:00,60166.70,60178.00,59848.60,59977.00
2024-09-15 20:00:00,59977.00,60369.40,59823.00,60304.60
2024-09-16 00:00:00,60304.60,60323.10,59663.00,59847.70
2024-09-16 04:00:00,59847.70,59910.20,58654.00,59100.50
2024-09-16 08:00:00,59100.50,59182.20,58079.70,58546.50
2024-09-16 12:00:00,58546.40,58935.00,58279.20,58874.60
2024-09-16 16:00:00,58874.60,59159.10,58463.60,58630.00
2024-09-16 20:00:00,58630.10,58766.00,57550.00,57860.70
2024-09-17 00:00:00,57860.70,58250.00,57446.30,57915.40
2024-09-17 04:00:00,57915.50,58397.90,57576.10,58187.00
2024-09-17 08:00:00,58187.00,58320.00,57588.80,58035.20
2024-09-17 12:00:00,58035.20,58762.00,57993.00,58668.10
2024-09-17 16:00:00,58668.10,59274.40,58600.00,59055.10
2024-09-17 20:00:00,59055.00,61345.00,58850.00,61103.00
2024-09-18 00:00:00,61111.00,61240.60,59600.00,59946.00
2024-09-18 04:00:00,59945.90,60398.20,59696.00,60281.00
2024-09-18 08:00:00,60281.00,60747.70,59838.00,60490.00
2024-09-18 12:00:00,60490.10,60664.90,60166.70,60403.70
2024-09-18 16:00:00,60403.60,60403.70,59360.10,59824.60
2024-09-18 20:00:00,59824.50,60130.00,59261.90,59400.10
2024-09-19 00:00:00,59400.10,61320.70,59138.00,60024.60
2024-09-19 04:00:00,60024.60,61765.00,59430.00,61735.30
2024-09-19 08:00:00,61735.30,62555.00,61534.00,62086.50
2024-09-19 12:00:00,62086.60,62155.00,61779.90,62071.00
2024-09-19 16:00:00,62071.00,62697.00,61851.30,62604.50
2024-09-19 20:00:00,62604.50,63483.80,62540.30,63129.00
2024-09-20 00:00:00,63129.00,63830.10,62905.60,63229.40
2024-09-20 04:00:00,63229.40,63229.50,62623.40,62926.90
2024-09-20 08:00:00,62926.90,63728.20,62579.20,63723.30
2024-09-20 12:00:00,63723.20,64126.70,63363.70,63494.40
2024-09-20 16:00:00,63494.50,63673.80,63080.10,63417.10
2024-09-20 20:00:00,63417.20,63528.70,62535.00,63120.20
2024-09-21 00:00:00,63120.20,63257.60,62320.00,62772.10
2024-09-21 04:00:00,62772.00,63280.00,62669.20,63175.70
2024-09-21 08:00:00,63175.80,63282.00,62790.00,62865.10
2024-09-21 12:00:00,62865.00,63114.60,62714.20,63060.00
2024-09-21 16:00:00,63060.10,63120.00,62936.80,63058.00
2024-09-21 20:00:00,63058.00,63286.90,62995.20,63146.60
2024-09-22 00:00:00,63146.60,63378.80,63054.00,63174.20
2024-09-22 04:00:00,63174.10,63546.90,63025.00,63320.60
2024-09-22 08:00:00,63320.60,63423.70,62801.20,63088.90
2024-09-22 12:00:00,63088.80,63182.40,62808.00,62909.30
2024-09-22 16:00:00,62909.20,63010.50,62520.20,62751.40
2024-09-22 20:00:00,62751.40,62915.70,62435.00,62624.20
2024-09-23 00:00:00,62624.10,63200.00,62443.20,63132.10
2024-09-23 04:00:00,63132.20,64000.00,62339.00,63558.40
2024-09-23 08:00:00,63558.50,64724.80,62534.40,64320.10
2024-09-23 12:00:00,64320.10,64427.90,63356.80,63519.90
2024-09-23 16:00:00,63519.90,63668.40,63279.50,63399.00
2024-09-23 20:00:00,63398.90,63778.70,63033.90,63589.60
2024-09-24 00:00:00,63589.60,63790.00,63077.60,63272.60
2024-09-24 04:00:00,63272.70,63467.10,63050.00,63302.00
2024-09-24 08:00:00,63302.10,63377.40,62688.20,63097.60
2024-09-24 12:00:00,63097.60,63542.90,62913.60,63527.80
2024-09-24 16:00:00,63527.70,63925.50,63350.00,63446.30
2024-09-24 20:00:00,63446.30,63744.40,62695.00,63128.80
2024-09-25 00:00:00,63128.80,64357.70,63056.00,64270.00
2024-09-25 04:00:00,64270.00,64666.00,63939.20,64243.10
2024-09-25 08:00:00,64243.20,64800.00,63955.90,64422.40
2024-09-25 12:00:00,64422.50,64430.00,63612.30,63814.90
2024-09-25 16:00:00,63814.90,63888.30,63376.00,63808.10
2024-09-25 20:00:00,63808.10,63971.00,63243.20,63470.10
2024-09-26 00:00:00,63470.10,63642.40,62963.20,63151.60
2024-09-26 04:00:00,63151.00,63533.30,62910.00,63118.40
2024-09-26 08:00:00,63118.30,63518.90,62634.40,63482.90
2024-09-26 12:00:00,63483.00,63843.10,63311.80,63823.40
2024-09-26 16:00:00,63823.40,64500.00,63567.00,64373.00
2024-09-26 20:00:00,64372.90,65549.50,64127.10,65200.00
2024-09-27 00:00:00,65200.00,65800.00,64656.10,64677.80
2024-09-27 04:00:00,64677.80,65214.20,64601.60,65139.20
2024-09-27 08:00:00,65139.10,65412.00,64788.00,65338.00
2024-09-27 12:00:00,65338.00,65534.60,65071.00,65438.90
2024-09-27 16:00:00,65438.80,65968.10,65307.00,65408.20
2024-09-27 20:00:00,65408.30,66450.00,65287.60,65974.00
2024-09-28 00:00:00,65974.10,66329.00,65477.70,65612.80
2024-09-28 04:00:00,65612.90,65950.00,65587.20,65749.60
2024-09-28 08:00:00,65749.50,66237.00,65692.30,66041.00
2024-09-28 12:00:00,66041.00,66060.10,65706.10,65790.00
2024-09-28 16:00:00,65790.00,65790.10,65392.70,65761.50
2024-09-28 20:00:00,65761.50,65796.80,65368.10,65593.70
2024-09-29 00:00:00,65593.60,65798.70,65460.00,65699.60
2024-09-29 04:00:00,65699.70,65980.00,65380.00,65822.60
2024-09-29 08:00:00,65822.70,65954.50,65599.80,65781.60
2024-09-29 12:00:00,65781.50,65781.60,65400.00,65436.90
2024-09-29 16:00:00,65436.90,65702.70,65401.00,65670.40
2024-09-29 20:00:00,65670.40,65832.90,65480.00,65720.00
2024-09-30 00:00:00,65720.00,65947.40,65623.80,65926.30
2024-09-30 04:00:00,65926.20,66059.30,65491.40,65568.10
2024-09-30 08:00:00,65568.20,65588.80,64150.00,64539.90
2024-09-30 12:00:00,64539.90,64686.00,64300.00,64539.10
2024-09-30 16:00:00,64539.00,64552.90,63222.00,63794.40
2024-09-30 20:00:00,63794.40,64130.80,63490.20,63535.60
2024-10-01 00:00:00,63535.70,63722.40,63036.20,63472.80
2024-10-01 04:00:00,63472.90,63845.00,62825.00,63309.10
2024-10-01 08:00:00,63309.00,63732.00,63000.00,63707.20
2024-10-01 12:00:00,63707.20,64092.60,63627.60,64017.00
2024-10-01 16:00:00,64016.90,64075.50,63683.10,63699.90
2024-10-01 20:00:00,63700.00,63784.00,61801.60,62613.80
2024-10-02 00:00:00,62613.80,62760.00,61100.00,61739.70
2024-10-02 04:00:00,61739.80,61750.20,60128.20,60776.80
2024-10-02 08:00:00,60776.70,61858.20,60703.30,61718.00
2024-10-02 12:00:00,61718.10,61926.70,61325.00,61702.50
2024-10-02 16:00:00,61702.50,61888.20,60856.80,61140.80
2024-10-02 20:00:00,61140.80,61902.60,60495.00,61833.90
2024-10-03 00:00:00,61833.90,62355.00,59934.90,60155.00
2024-10-03 04:00:00,60155.00,60972.90,60091.30,60622.60
2024-10-03 08:00:00,60622.70,61445.10,60508.70,61434.30
2024-10-03 12:00:00,61434.40,61452.60,60789.20,60898.60
2024-10-03 16:00:00,60898.50,61047.30,60101.50,60733.00
2024-10-03 20:00:00,60732.90,60909.10,59815.00,60606.50
2024-10-04 00:00:00,60606.40,61024.10,59888.00,60998.00
2024-10-04 04:00:00,60998.00,61073.70,60580.00,60727.20
2024-10-04 08:00:00,60727.10,61247.40,60434.10,60928.70
2024-10-04 12:00:00,60928.70,61476.10,60896.30,61403.90
2024-10-04 16:00:00,61403.90,61616.00,61236.00,61423.00
2024-10-04 20:00:00,61423.00,61985.00,60700.50,61843.10
2024-10-05 00:00:00,61843.20,62442.80,61611.00,62337.00
2024-10-05 04:00:00,62337.20,62457.10,61934.00,62054.40
2024-10-05 08:00:00,62054.30,62169.30,61648.00,61835.50
2024-10-05 12:00:00,61835.50,62242.40,61790.30,62043.00
2024-10-05 16:00:00,62043.00,62298.20,62043.00,62149.10
2024-10-05 20:00:00,62149.10,62344.00,62058.90,62131.40
2024-10-06 00:00:00,62131.50,62159.40,61740.40,61822.40
2024-10-06 04:00:00,61822.40,62076.90,61671.90,62023.10
2024-10-06 08:00:00,62023.10,62132.40,61840.50,61852.40
2024-10-06 12:00:00,61852.50,61987.70,61778.90,61919.80
2024-10-06 16:00:00,61919.80,62139.80,61890.00,62067.10
2024-10-06 20:00:00,62067.00,62750.00,62027.00,62690.40
2024-10-07 00:00:00,62690.40,62961.50,62511.00,62601.50
2024-10-07 04:00:00,62601.40,62888.00,62265.00,62789.30
2024-10-07 08:00:00,62789.20,63950.00,62620.10,63494.60
2024-10-07 12:00:00,63494.50,63689.80,63281.60,63509.90
2024-10-07 16:00:00,63509.90,63680.00,62621.90,63114.10
2024-10-07 20:00:00,63114.10,64448.20,62800.00,63620.00
2024-10-08 00:00:00,63620.10,63885.00,62700.00,63349.40
2024-10-08 04:00:00,63349.40,63379.90,62091.80,62190.70
2024-10-08 08:00:00,62190.60,62794.00,62126.30,62602.40
2024-10-08 12:00:00,62602.30,62753.30,61941.00,62291.40
2024-10-08 16:00:00,62291.40,62637.00,62159.80,62595.70
2024-10-08 20:00:00,62595.80,63178.70,61836.00,62259.90
2024-10-09 00:00:00,62259.90,62571.80,61843.60,62228.30
2024-10-09 04:00:00,62228.50,62544.60,62000.00,62131.70
2024-10-09 08:00:00,62131.80,62478.60,61962.80,62365.00
2024-10-09 12:00:00,62365.00,62520.90,62164.70,62243.00
2024-10-09 16:00:00,62243.00,62261.70,62025.00,62177.80
2024-10-09 20:00:00,62177.70,62386.00,61600.10,62285.40
2024-10-10 00:00:00,62285.40,62320.00,60800.20,61013.70
2024-10-10 04:00:00,61013.60,61092.50,60251.90,60606.40
2024-10-10 08:00:00,60606.30,60930.00,60309.00,60838.70
2024-10-10 12:00:00,60838.70,61128.10,60782.50,60871.00
2024-10-10 16:00:00,60871.10,61297.00,60600.00,61235.90
2024-10-10 20:00:00,61235.90,61294.70,60414.00,60769.90
2024-10-11 00:00:00,60770.00,61020.00,58900.00,59696.90
2024-10-11 04:00:00,59696.90,60295.70,59550.00,60293.20
2024-10-11 08:00:00,60293.30,60749.90,60057.80,60572.60
2024-10-11 12:00:00,60572.60,60893.40,60541.60,60643.30
2024-10-11 16:00:00,60643.20,61228.90,60618.40,61140.00
2024-10-11 20:00:00,61140.10,62432.60,61091.80,62218.00
2024-10-12 00:00:00,62218.00,63400.00,62080.10,63042.40
2024-10-12 04:00:00,63042.30,63144.00,62328.00,62509.00
2024-10-12 08:00:00,62509.00,63055.90,62458.00,62537.00
2024-10-12 12:00:00,62537.10,62770.00,62537.00,62734.10
2024-10-12 16:00:00,62734.00,63248.00,62645.50,62900.30
2024-10-12 20:00:00,62900.40,63462.60,62781.00,63124.80
2024-10-13 00:00:00,63124.90,63366.80,62862.00,62966.30
2024-10-13 04:00:00,62966.20,63345.20,62966.20,63176.00
2024-10-13 08:00:00,63176.00,63260.00,62615.40,62686.20
2024-10-13 12:00:00,62686.20,62960.00,62675.40,62819.00
2024-10-13 16:00:00,62819.00,62938.10,62486.10,62528.50
2024-10-13 20:00:00,62528.40,62811.00,62020.00,62195.30
2024-10-14 00:00:00,62195.20,62864.80,62141.10,62699.30
2024-10-14 04:00:00,62699.20,63118.30,62574.10,62839.80
2024-10-14 08:00:00,62839.70,64377.60,62420.00,64281.60
2024-10-14 12:00:00,64280.80,64676.70,63752.80,64599.60
2024-10-14 16:00:00,64599.50,65221.60,64306.90,64899.40
2024-10-14 20:00:00,64899.50,66288.00,64630.00,65850.90
2024-10-15 00:00:00,65850.90,66066.00,65520.00,65901.00
2024-10-15 04:00:00,65900.90,66533.00,65710.00,66064.90
2024-10-15 08:00:00,66064.90,66312.40,65300.00,65382.10
2024-10-15 12:00:00,65382.20,65830.00,65200.10,65638.40
2024-10-15 16:00:00,65638.40,65838.90,65255.00,65385.30
2024-10-15 20:00:00,65385.30,67953.70,64771.70,65994.60
2024-10-16 00:00:00,65994.70,67372.90,65952.60,66937.10
2024-10-16 04:00:00,66937.00,67136.00,66095.80,67044.10
2024-10-16 08:00:00,67044.00,67548.60,66724.20,67064.50
2024-10-16 12:00:00,67064.50,67335.90,66732.70,66948.80
2024-10-16 16:00:00,66948.80,68400.00,66888.00,67872.30
2024-10-16 20:00:00,67872.30,68299.90,67076.00,67726.00
2024-10-17 00:00:00,67725.90,68087.90,67447.10,67692.40
2024-10-17 04:00:00,67692.40,67945.00,67468.10,67592.00
2024-10-17 08:00:00,67592.00,67925.90,67369.30,67570.00
2024-10-17 12:00:00,67570.10,67570.10,67054.20,67280.80
2024-10-17 16:00:00,67280.80,67516.70,66766.00,66853.60
2024-10-17 20:00:00,66853.50,67673.90,66600.00,67561.90
2024-10-18 00:00:00,67561.90,67570.00,66682.30,66821.10
2024-10-18 04:00:00,66821.10,67473.50,66802.60,67401.50
2024-10-18 08:00:00,67401.50,68268.00,67165.00,67532.30
2024-10-18 12:00:00,67532.30,68371.00,67520.10,67955.00
2024-10-18 16:00:00,67955.10,68044.80,67656.60,67692.70
2024-10-18 20:00:00,67692.70,68870.70,67629.00,68710.00
2024-10-19 00:00:00,68710.00,69000.00,68338.00,68582.30
2024-10-19 04:00:00,68582.30,68669.60,68173.40,68407.80
2024-10-19 08:00:00,68407.80,68684.90,68278.80,68428.40
2024-10-19 12:00:00,68428.40,68544.60,68270.80,68328.90
2024-10-19 16:00:00,68328.90,68456.00,68042.50,68071.60
2024-10-19 20:00:00,68071.60,68347.20,68063.50,68206.90
2024-10-20 00:00:00,68206.90,68228.90,68000.00,68162.50
2024-10-20 04:00:00,68162.50,68401.60,68145.20,68357.10
2024-10-20 08:00:00,68357.10,68435.60,68069.80,68161.10
2024-10-20 12:00:00,68161.10,68423.00,68151.30,68347.00
2024-10-20 16:00:00,68347.00,68498.00,68330.00,68396.30
2024-10-20 20:00:00,68396.40,68749.00,68176.70,68605.00
2024-10-21 00:00:00,68605.00,68649.00,68384.30,68484.90
2024-10-21 04:00:00,68484.90,69425.80,68431.90,69020.10
2024-10-21 08:00:00,69020.20,69566.00,68590.00,68938.00
2024-10-21 12:00:00,68937.90,69200.00,68468.00,68519.30
2024-10-21 16:00:00,68519.30,68675.00,68136.00,68250.90
2024-10-21 20:00:00,68250.80,68350.80,66865.90,67354.30
2024-10-22 00:00:00,67354.20,67949.00,66920.00,67755.40
2024-10-22 04:00:00,67755.60,67928.40,67341.40,67368.80
2024-10-22 08:00:00,67368.70,67688.00,66536.50,67390.30
2024-10-22 12:00:00,67390.30,67784.90,67278.00,67387.30
2024-10-22 16:00:00,67387.20,67524.60,66740.00,67280.60
2024-10-22 20:00:00,67280.60,67718.00,66613.00,67266.80
2024-10-23 00:00:00,67266.80,67630.00,66902.10,67466.80
2024-10-23 04:00:00,67466.20,67825.00,67266.60,67406.40
2024-10-23 08:00:00,67406.50,67449.00,66856.70,67057.80
2024-10-23 12:00:00,67057.80,67290.00,66779.50,66838.00
2024-10-23 16:00:00,66838.00,67046.80,66150.00,66406.10
2024-10-23 20:00:00,66406.10,66921.70,65900.00,66201.60
2024-10-24 00:00:00,66201.70,66566.00,65222.30,66465.20
2024-10-24 04:00:00,66465.30,66806.20,66300.00,66647.20
2024-10-24 08:00:00,66647.30,67615.30,66482.00,67192.70
2024-10-24 12:00:00,67192.70,67457.00,67050.00,67104.40
2024-10-24 16:00:00,67104.50,67327.20,66700.00,67276.30
2024-10-24 20:00:00,67276.30,68000.00,67243.30,67672.70
2024-10-25 00:00:00,67672.70,68296.00,67329.20,68279.70
2024-10-25 04:00:00,68279.70,68842.50,67890.00,68173.80
2024-10-25 08:00:00,68173.80,68256.50,67800.00,67983.10
2024-10-25 12:00:00,67983.20,68019.30,67222.40,67503.60
2024-10-25 16:00:00,67503.60,68158.00,67289.50,68081.60
2024-10-25 20:00:00,68081.60,68748.00,67397.10,67660.60
2024-10-26 00:00:00,67660.60,67895.50,65950.30,66825.80
2024-10-26 04:00:00,66825.70,67376.90,65557.20,66662.80
2024-10-26 08:00:00,66662.70,67016.10,66414.10,66885.70
2024-10-26 12:00:00,66885.80,67211.20,66730.10,66982.00
2024-10-26 16:00:00,66982.00,67250.00,66939.50,67110.10
2024-10-26 20:00:00,67110.20,67156.00,66708.00,66864.20
2024-10-27 00:00:00,66864.30,67160.00,66760.50,67154.50
2024-10-27 04:00:00,67154.40,67450.00,67056.50,67071.80
2024-10-27 08:00:00,67071.90,67297.20,66909.40,67261.80
2024-10-27 12:00:00,67261.90,67291.80,67081.60,67174.70
2024-10-27 16:00:00,67174.70,67246.00,67011.10,67101.10
2024-10-27 20:00:00,67101.00,67835.10,67095.00,67759.90
2024-10-28 00:00:00,67759.90,67994.20,67513.00,67816.80
2024-10-28 04:00:00,67816.80,68306.10,67600.00,67992.60
2024-10-28 08:00:00,67992.70,68094.60,67651.00,67698.10
2024-10-28 12:00:00,67698.10,68666.00,67584.20,68395.20
2024-10-28 16:00:00,68395.30,68820.90,68207.40,68731.10
2024-10-28 20:00:00,68731.10,69272.10,68390.60,68459.10
2024-10-29 00:00:00,68459.10,69902.40,68424.00,69566.10
2024-10-29 04:00:00,69650.00,70331.00,69480.30,69940.00
2024-10-29 08:00:00,69939.90,71607.00,69733.00,70927.50
2024-10-29 12:00:00,70927.40,71343.90,70803.00,71004.20
2024-10-29 16:00:00,71004.10,71580.00,70960.00,71440.10
2024-10-29 20:00:00,71440.00,72490.00,70900.00,72374.90
2024-10-30 00:00:00,72374.90,73660.00,72328.60,72528.60
2024-10-30 04:00:00,72534.60,72999.00,71871.10,72739.50
2024-10-30 08:00:00,72739.50,72797.40,72018.00,72249.90
2024-10-30 12:00:00,72249.90,72628.50,72112.60,72244.80
2024-10-30 16:00:00,72244.80,72620.00,71931.10,71995.00
2024-10-30 20:00:00,71994.90,72484.50,71444.20,72058.80
2024-10-31 00:00:00,72058.80,72207.10,71655.00,71826.10
2024-10-31 04:00:00,71826.00,72984.90,71631.60,72349.00
2024-10-31 08:00:00,72349.00,72598.50,72030.50,72359.90
2024-10-31 12:00:00,72360.00,72488.90,72144.80,72417.80
2024-10-31 16:00:00,72417.80,72720.30,72150.00,72213.30
2024-10-31 20:00:00,72213.40,72270.00,70453.10,70638.70
2024-11-01 00:00:00,70638.60,70922.40,70050.00,70128.10
2024-11-01 04:00:00,70128.00,70669.70,69705.00,70321.90
2024-11-01 08:00:00,70321.90,70500.00,68870.40,69397.70
2024-11-01 12:00:00,69397.70,69721.80,69100.90,69301.00
2024-11-01 16:00:00,69301.00,70248.60,69270.00,70024.80
2024-11-01 20:00:00,70024.70,71650.00,69036.00,69381.00
2024-11-02 00:00:00,69381.10,70543.30,68822.50,69278.60
2024-11-02 04:00:00,69278.60,69634.90,68856.30,69495.50
2024-11-02 08:00:00,69495.40,69913.10,69480.80,69599.90
2024-11-02 12:00:00,69599.90,69822.50,69450.00,69813.10
2024-11-02 16:00:00,69813.00,69846.20,69413.00,69602.50
2024-11-02 20:00:00,69602.60,69700.00,69022.80,69394.00
2024-11-03 00:00:00,69393.90,69610.90,69221.60,69502.60
2024-11-03 04:00:00,69502.50,69570.00,69150.10,69366.60
2024-11-03 08:00:00,69366.60,69393.70,67846.00,68367.50
2024-11-03 12:00:00,68367.60,68772.80,68287.60,68395.60
2024-11-03 16:00:00,68395.50,68605.50,68183.80,68345.40
2024-11-03 20:00:00,68345.40,68549.70,67446.60,68076.00
2024-11-04 00:00:00,68075.60,68691.40,67660.00,68670.00
2024-11-04 04:00:00,68670.00,69348.00,68483.10,68762.50
2024-11-04 08:00:00,68762.50,69495.30,68220.00,69034.00
2024-11-04 12:00:00,69034.00,69397.20,68600.90,68601.00
2024-11-04 16:00:00,68601.00,69029.80,68456.30,68778.00
2024-11-04 20:00:00,68778.10,69243.80,68173.30,68614.70
2024-11-05 00:00:00,68614.80,68808.60,67205.00,67845.70
2024-11-05 04:00:00,67845.60,68093.00,66810.00,67834.30
2024-11-05 08:00:00,67834.40,68264.30,67454.20,68226.30
2024-11-05 12:00:00,68226.20,68967.00,68200.00,68876.00
2024-11-05 16:00:00,68875.90,69100.00,68588.20,68788.40
2024-11-05 20:00:00,68788.50,70300.00,68642.10,69615.30
2024-11-06 00:00:00,69615.20,70537.40,68650.00,68955.90
2024-11-06 04:00:00,68955.90,69875.10,68786.40,69353.10
2024-11-06 08:00:00,69353.10,75656.10,69272.70,74367.10
2024-11-06 12:00:00,74367.10,75486.40,73112.00,73435.90
2024-11-06 16:00:00,73435.80,74488.10,72721.50,74291.60
2024-11-06 20:00:00,74291.70,74801.10,73500.00,74289.60
2024-11-07 00:00:00,74289.70,75896.50,74134.50,75817.90
2024-11-07 04:00:00,75817.90,76420.00,75500.00,75579.90
2024-11-07 08:00:00,75579.90,76072.50,75000.00,75062.90
2024-11-07 12:00:00,75062.80,75083.00,74450.00,74800.00
2024-11-07 16:00:00,74800.00,75195.00,74719.30,74776.90
2024-11-07 20:00:00,74776.90,76094.60,74508.00,76081.60
2024-11-08 00:00:00,76081.50,76750.40,75577.80,76533.30
2024-11-08 04:00:00,76533.20,76900.00,75471.10,75859.40
2024-11-08 08:00:00,75859.40,76350.20,75576.30,75900.40
2024-11-08 12:00:00,75900.40,76247.00,75696.10,76171.00
2024-11-08 16:00:00,76171.00,76350.00,75775.80,75951.90
2024-11-08 20:00:00,75952.00,76627.80,75620.10,76423.30
2024-11-09 00:00:00,76423.30,77182.90,75820.00,76894.40
2024-11-09 04:00:00,76894.40,77080.40,76278.50,76482.20
2024-11-09 08:00:00,76482.20,76618.30,76122.40,76330.00
2024-11-09 12:00:00,76330.10,76800.00,76285.70,76523.90
2024-11-09 16:00:00,76523.90,76735.00,76358.80,76478.60
2024-11-09 20:00:00,76478.60,76552.10,76255.00,76305.70
2024-11-10 00:00:00,76305.60,76700.00,75683.20,76195.20
2024-11-10 04:00:00,76195.20,76920.00,76158.80,76675.10
2024-11-10 08:00:00,76675.10,77543.10,76501.10,77204.00
2024-11-10 12:00:00,77204.00,79882.80,77133.30,78858.20
2024-11-10 16:00:00,78858.20,80178.00,78858.10,79926.70
2024-11-10 20:00:00,79926.70,80200.00,79200.00,79735.10
2024-11-11 00:00:00,79735.10,81199.00,79386.00,79793.40
2024-11-11 04:00:00,79793.40,81699.80,78549.20,80410.00
2024-11-11 08:00:00,80409.90,81944.60,80261.20,81662.40
2024-11-11 12:00:00,81662.30,81783.50,80467.00,81147.90
2024-11-11 16:00:00,81147.80,82431.40,81051.60,82168.70
2024-11-11 20:00:00,82168.70,84359.70,81467.50,84114.20
2024-11-12 00:00:00,84114.10,86971.00,83897.20,86181.00
2024-11-12 04:00:00,86180.90,89800.00,86123.10,88728.90
2024-11-12 08:00:00,88729.00,89589.20,86657.40,88145.10
2024-11-12 12:00:00,88145.00,90070.10,87769.00,89095.40
2024-11-12 16:00:00,89095.50,89590.20,85500.00,87229.50
2024-11-12 20:00:00,87229.50,87933.30,85159.90,86659.90
2024-11-13 00:00:00,86660.00,89830.00,85792.50,88762.80
2024-11-13 04:00:00,88762.90,89920.00,87384.60,87972.00
2024-11-13 08:00:00,87972.00,88619.00,87061.60,87198.20
2024-11-13 12:00:00,87198.30,87755.00,86180.00,87402.90
2024-11-13 16:00:00,87402.90,88154.30,87132.40,87710.70
2024-11-13 20:00:00,87710.70,92808.00,87551.00,92608.10
2024-11-14 00:00:00,92608.00,93421.10,90005.80,90218.80
2024-11-14 04:00:00,90218.80,91233.00,88005.10,90413.30
2024-11-14 08:00:00,90413.30,90642.50,89531.70,89988.00
2024-11-14 12:00:00,89988.10,90900.00,89095.50,90818.90
2024-11-14 16:00:00,90818.90,91726.10,90370.00,91536.70
2024-11-14 20:00:00,91536.80,91846.10,87855.00,88000.00
2024-11-15 00:00:00,87999.90,89763.90,87555.00,89502.70
2024-11-15 04:00:00,89502.60,89502.60,86714.00,87382.70
2024-11-15 08:00:00,87382.60,88544.50,87302.40,88253.10
2024-11-15 12:00:00,88253.20,88450.00,87111.00,87693.90
2024-11-15 16:00:00,87693.90,89831.10,87418.40,89782.90
2024-11-15 20:00:00,89783.00,90780.00,87815.00,88485.40
2024-11-16 00:00:00,88485.50,90898.00,88428.90,90418.40
2024-11-16 04:00:00,90418.50,91921.50,90371.10,91074.60
2024-11-16 08:00:00,91074.60,91745.00,90900.00,91286.80
2024-11-16 12:00:00,91286.90,91849.80,91107.40,91173.30
2024-11-16 16:00:00,91173.30,91650.10,91050.00,91240.10
2024-11-16 20:00:00,91240.10,91384.40,90120.00,90578.00
2024-11-17 00:00:00,90577.90,91443.50,90250.00,91176.90
2024-11-17 04:00:00,91176.90,91253.70,90350.30,90643.30
2024-11-17 08:00:00,90643.20,90954.90,89400.10,90294.90
2024-11-17 12:00:00,90294.90,90949.90,90194.20,90600.00
2024-11-17 16:00:00,90600.00,91539.60,90523.30,90743.40
2024-11-17 20:00:00,90743.30,91250.00,89935.70,90305.10
2024-11-18 00:00:00,90305.20,90701.00,89713.70,90099.50
2024-11-18 04:00:00,90099.60,90276.30,88736.10,89899.90
2024-11-18 08:00:00,89900.00,91000.00,89666.90,90728.60
2024-11-18 12:00:00,90728.60,92414.90,90502.10,91795.90
2024-11-18 16:00:00,91795.90,92338.90,90077.70,90338.70
2024-11-18 20:00:00,90338.70,92700.00,89422.10,92407.80
2024-11-19 00:00:00,92407.80,92675.90,89706.20,90657.80
2024-11-19 04:00:00,90657.70,92084.70,90280.00,90507.40
2024-11-19 08:00:00,90507.40,91634.20,90405.60,91499.90
2024-11-19 12:00:00,91500.00,92123.70,91292.50,91696.00
2024-11-19 16:00:00,91696.10,92029.20,91250.00,91717.60
2024-11-19 20:00:00,91717.60,92885.00,91015.60,92453.30
2024-11-20 00:00:00,92455.50,93985.90,92105.90,93271.40
2024-11-20 04:00:00,93271.60,93633.10,91334.40,92335.90
2024-11-20 08:00:00,92335.90,92459.20,91500.00,92072.10
2024-11-20 12:00:00,92072.00,92866.60,91882.40,92856.60
2024-11-20 16:00:00,92856.60,93712.50,92730.20,93485.10
2024-11-20 20:00:00,93485.20,94849.00,93328.60,94737.60
2024-11-21 00:00:00,94737.60,94840.00,93093.30,93999.90
2024-11-21 04:00:00,93999.90,94626.80,93750.30,94288.00
2024-11-21 08:00:00,94288.00,95991.40,94008.70,95790.20
2024-11-21 12:00:00,95790.10,97899.90,95790.10,96950.00
2024-11-21 16:00:00,96950.00,98438.90,96757.60,98014.00
2024-11-21 20:00:00,98014.00,98289.30,95625.00,96684.00
2024-11-22 00:00:00,96684.10,99100.00,96311.00,97891.50
2024-11-22 04:00:00,97891.50,98767.00,97531.70,98366.80
2024-11-22 08:00:00,98366.80,99414.00,97860.10,98888.90
2024-11-22 12:00:00,98888.90,99537.60,98550.00,99252.60
2024-11-22 16:00:00,99252.60,99340.00,98300.00,98929.90
2024-11-22 20:00:00,98930.00,99019.20,97199.90,98696.50
2024-11-23 00:00:00,98696.60,99660.00,98264.20,99112.60
2024-11-23 04:00:00,99112.60,99500.00,98508.10,98921.40
2024-11-23 08:00:00,98921.50,98937.30,98309.90,98702.60
2024-11-23 12:00:00,98702.60,98842.80,98314.40,98600.60
2024-11-23 16:00:00,98600.50,98666.00,98355.00,98470.80
2024-11-23 20:00:00,98470.80,98916.80,98412.80,98426.00
2024-11-24 00:00:00,98426.10,98504.40,97368.00,97562.40
2024-11-24 04:00:00,97562.50,98088.40,97173.50,97725.50
2024-11-24 08:00:00,97725.60,98666.00,97670.90,98260.80
2024-11-24 12:00:00,98260.90,98490.80,97947.40,98490.10
2024-11-24 16:00:00,98490.10,98578.90,97286.00,97337.60
2024-11-24 20:00:00,97337.60,97680.00,95976.00,95986.40
2024-11-25 00:00:00,95986.30,96846.40,95822.10,96396.80
2024-11-25 04:00:00,96396.80,98429.70,96265.10,97960.40
2024-11-25 08:00:00,97960.50,98106.90,96929.90,97935.90
2024-11-25 12:00:00,97935.80,98421.60,97600.00,98112.90
2024-11-25 16:00:00,98113.00,98999.00,97911.10,98268.00
2024-11-25 20:00:00,98268.10,98390.00,94665.40,96040.40
2024-11-26 00:00:00,96040.40,96562.70,94467.40,94723.60
2024-11-26 04:00:00,94723.70,95366.80,92666.00,93064.00
2024-11-26 08:00:00,93064.00,94981.80,92800.10,94537.80
2024-11-26 12:00:00,94537.70,95064.00,93533.90,93842.10
2024-11-26 16:00:00,93842.10,93846.10,91553.00,92420.00
2024-11-26 20:00:00,92420.00,93639.50,91809.90,92877.40
2024-11-27 00:00:00,92877.40,94745.20,91650.60,91760.00
2024-11-27 04:00:00,91760.00,92443.20,90866.40,92021.40
2024-11-27 08:00:00,92021.50,93133.00,91864.00,92645.30
2024-11-27 12:00:00,92645.20,93721.80,92413.20,93651.30
2024-11-27 16:00:00,93651.30,93939.00,93167.20,93423.80
2024-11-27 20:00:00,93423.80,95908.00,92903.40,95610.50
2024-11-28 00:00:00,95610.40,96687.40,95238.70,96670.00
2024-11-28 04:00:00,96670.10,97250.00,95776.60,95905.20
2024-11-28 08:00:00,95905.20,96627.60,94878.20,95523.10
2024-11-28 12:00:00,95523.10,95985.10,95135.80,95371.60
2024-11-28 16:00:00,95371.50,95862.00,94700.10,95509.90
2024-11-28 20:00:00,95509.90,96284.00,94950.00,95067.30
2024-11-29 00:00:00,95067.30,95521.50,94863.80,95196.30
2024-11-29 04:00:00,95196.40,96082.70,94768.00,95694.40
2024-11-29 08:00:00,95694.40,96932.90,95404.50,96646.40
2024-11-29 12:00:00,96646.50,96684.40,95669.40,95690.20
2024-11-29 16:00:00,95690.20,97437.10,95690.10,97302.20
2024-11-29 20:00:00,97302.20,98713.30,96822.00,98076.20
2024-11-30 00:00:00,98076.30,98514.90,96903.20,97380.00
2024-11-30 04:00:00,97380.00,97687.40,97036.90,97516.30
2024-11-30 08:00:00,97516.20,97522.10,96400.00,96708.10
2024-11-30 12:00:00,96708.10,97300.00,96599.80,96843.30
2024-11-30 16:00:00,96843.30,97047.20,96150.00,96321.30
2024-11-30 20:00:00,96321.30,96800.00,96300.00,96707.40
2024-12-01 00:00:00,96707.40,97128.40,96581.90,97072.50
2024-12-01 04:00:00,97072.60,97109.10,96380.00,96475.10
2024-12-01 08:00:00,96475.20,96746.30,95736.50,96404.00
2024-12-01 12:00:00,96404.00,96585.00,96249.10,96525.40
2024-12-01 16:00:00,96525.40,97250.00,96480.00,97163.70
2024-12-01 20:00:00,97163.70,97481.30,96705.30,97081.40
2024-12-02 00:00:00,97081.50,97632.80,97029.50,97242.00
2024-12-02 04:00:00,97242.10,97933.00,96852.70,97265.10
2024-12-02 08:00:00,97265.00,98266.00,96402.50,96549.80
2024-12-02 12:00:00,96549.90,97000.00,95788.40,96053.60
2024-12-02 16:00:00,96053.50,96177.90,94887.00,95191.30
2024-12-02 20:00:00,95191.40,97286.20,94826.00,97106.50
2024-12-03 00:00:00,97106.60,97435.00,94400.00,95873.90
2024-12-03 04:00:00,95873.90,96389.90,95171.50,95890.50
2024-12-03 08:00:00,95890.60,96375.00,95463.60,96136.80
2024-12-03 12:00:00,96136.80,96324.90,95336.30,95608.80
2024-12-03 16:00:00,95608.80,95739.80,94661.30,95045.80
2024-12-03 20:00:00,95045.90,96315.50,93605.00,95743.70
2024-12-04 00:00:00,95744.70,96236.30,94925.80,95512.70
2024-12-04 04:00:00,95512.60,96200.00,95337.20,95913.30
2024-12-04 08:00:00,95913.30,96740.00,95271.60,95852.00
2024-12-04 12:00:00,95852.10,96799.90,95783.50,96652.10
2024-12-04 16:00:00,96652.20,97041.10,96239.70,96270.00
2024-12-04 20:00:00,96270.10,96634.60,95398.10,95813.00
2024-12-05 00:00:00,95813.00,97310.30,94650.80,97283.40
2024-12-05 04:00:00,97283.40,99099.90,97189.30,98669.80
2024-12-05 08:00:00,98669.80,104630.40,97970.50,103084.80
2024-12-05 12:00:00,103084.70,103696.70,101359.80,102292.10
2024-12-05 16:00:00,102292.10,103228.90,102290.30,102668.20
2024-12-05 20:00:00,102668.20,103661.70,100932.60,101350.10
2024-12-06 00:00:00,101350.10,102063.80,98704.60,99111.60
2024-12-06 04:00:00,99111.50,99542.90,90200.00,97001.50
2024-12-06 08:00:00,97001.60,98858.60,96429.50,97802.70
2024-12-06 12:00:00,97802.70,98356.60,97422.80,98209.60
2024-12-06 16:00:00,98209.70,98765.40,97705.20,98127.40
2024-12-06 20:00:00,98127.40,99592.10,97550.00,99358.50
2024-12-07 00:00:00,99358.50,101900.00,98800.00,101532.60
2024-12-07 04:00:00,101532.60,101988.80,99111.00,99802.50
2024-12-07 08:00:00,99802.50,100499.00,99361.00,99383.00
2024-12-07 12:00:00,99383.00,99741.00,98876.90,99442.60
2024-12-07 16:00:00,99442.60,99895.30,99314.80,99660.40
2024-12-07 20:00:00,99660.30,99890.00,99101.70,99811.40
2024-12-08 00:00:00,99811.50,100336.80,99528.00,100140.60
2024-12-08 04:00:00,100140.70,100497.50,99655.00,99899.20
2024-12-08 08:00:00,99899.20,100415.00,99686.40,99996.70
2024-12-08 12:00:00,99996.70,100100.00,99388.50,99741.50
2024-12-08 16:00:00,99741.60,99898.00,98709.40,99755.30
2024-12-08 20:00:00,99755.20,100597.50,99409.30,99975.00
2024-12-09 00:00:00,99974.90,100272.20,99538.40,100182.30
2024-12-09 04:00:00,100182.40,101457.90,99800.00,101200.00
2024-12-09 08:00:00,101200.10,101300.00,98500.10,99180.00
2024-12-09 12:00:00,99179.90,99798.10,98374.30,99637.10
2024-12-09 16:00:00,99637.20,99757.50,98112.00,98157.40
2024-12-09 20:00:00,98157.50,100481.30,97555.00,97856.00
2024-12-10 00:00:00,97856.10,98448.50,97029.50,97126.80
2024-12-10 04:00:00,97126.80,97627.30,94039.70,97349.10
2024-12-10 08:00:00,97349.10,98197.80,95591.90,96958.00
2024-12-10 12:00:00,96957.90,97540.80,95923.80,97217.70
2024-12-10 16:00:00,97217.70,97948.00,96961.10,97745.80
2024-12-10 20:00:00,97745.70,98320.60,95639.50,95687.90
2024-12-11 00:00:00,95674.80,96566.80,94265.50,95862.90
2024-12-11 04:00:00,95862.90,97238.90,95621.10,96602.40
2024-12-11 08:00:00,96602.30,97643.00,95650.00,97406.80
2024-12-11 12:00:00,97406.90,97800.00,97185.70,97337.90
2024-12-11 16:00:00,97337.90,98499.90,97310.60,98289.70
2024-12-11 20:00:00,98289.70,100798.60,98047.50,100352.70
2024-12-12 00:00:00,100352.70,101136.60,99583.40,101094.10
2024-12-12 04:00:00,101094.20,101880.00,100844.60,101115.30
2024-12-12 08:00:00,101115.30,101812.30,100309.80,101000.00
2024-12-12 12:00:00,101000.00,101162.10,100359.60,100481.60
2024-12-12 16:00:00,100481.50,101122.40,100150.00,100339.80
2024-12-12 20:00:00,100339.80,101850.00,100336.30,101775.10
2024-12-13 00:00:00,101775.10,102538.40,99280.20,99455.10
2024-12-13 04:00:00,99455.10,100461.50,99428.60,99982.40
2024-12-13 08:00:00,99982.30,100333.00,99149.60,99690.60
2024-12-13 12:00:00,99690.60,100215.00,99446.40,100100.00
2024-12-13 16:00:00,100099.90,100770.00,99863.50,100331.30
2024-12-13 20:00:00,100331.30,101339.00,99653.60,99831.00
2024-12-14 00:00:00,99831.00,101869.50,99750.00,101416.00
2024-12-14 04:00:00,101416.10,101822.40,101028.70,101371.90
2024-12-14 08:00:00,101371.90,102638.00,101106.10,102040.70
2024-12-14 12:00:00,102040.70,102113.60,101557.80,101787.00
2024-12-14 16:00:00,101787.00,101840.20,101298.40,101562.70
2024-12-14 20:00:00,101562.60,101729.20,100777.00,101601.90
2024-12-15 00:00:00,101601.90,101716.30,100806.00,101293.00
2024-12-15 04:00:00,101293.10,101450.00,100559.80,101381.00
2024-12-15 08:00:00,101381.00,102165.40,101200.10,101700.10
2024-12-15 12:00:00,101700.00,102900.00,101460.80,101671.90
2024-12-15 16:00:00,101671.80,102666.00,101525.20,102623.10
2024-12-15 20:00:00,102623.00,103362.30,102438.00,102668.50
2024-12-16 00:00:00,102668.50,103498.90,102556.30,103227.70
2024-12-16 04:00:00,103227.80,105374.60,102592.40,104460.40
2024-12-16 08:00:00,104460.50,106665.80,104245.20,104560.00
2024-12-16 12:00:00,104560.00,105390.00,104439.30,104949.90
2024-12-16 16:00:00,104950.00,104991.70,103585.20,103717.80
2024-12-16 20:00:00,103717.90,106466.90,103264.60,106281.20
2024-12-17 00:00:00,106281.10,107777.00,105769.00,106546.00
2024-12-17 04:00:00,106546.10,106618.20,105424.00,106023.20
2024-12-17 08:00:00,106023.20,106980.00,105623.00,106824.40
2024-12-17 12:00:00,106824.40,107113.90,106331.60,106784.00
2024-12-17 16:00:00,106784.00,107493.90,106671.70,106777.20
2024-12-17 20:00:00,106777.10,108366.80,105674.00,106429.90
2024-12-18 00:00:00,106429.90,107596.00,106104.60,106450.50
2024-12-18 04:00:00,106450.40,106877.30,105252.00,106074.60
2024-12-18 08:00:00,106074.60,106484.60,104527.60,104716.80
2024-12-18 12:00:00,104716.80,104716.90,103065.60,104200.10
2024-12-18 16:00:00,104200.10,104993.70,103683.90,104978.60
2024-12-18 20:00:00,104978.60,105343.80,103611.70,104395.10
2024-12-19 00:00:00,104395.20,104959.40,102777.10,102782.10
2024-12-19 04:00:00,102781.80,102954.80,99951.10,100181.10
2024-12-19 08:00:00,100181.20,101305.10,98744.00,101163.30
2024-12-19 12:00:00,101163.40,101694.90,100613.20,101615.20
2024-12-19 16:00:00,101615.10,102600.00,101338.80,102419.90
2024-12-19 20:00:00,102420.00,102756.70,99455.00,100631.10
2024-12-20 00:00:00,100631.10,101162.50,96233.70,97172.10
2024-12-20 04:00:00,97172.20,98391.40,95681.20,97434.40
2024-12-20 08:00:00,97434.30,97795.50,95946.90,97083.20
2024-12-20 12:00:00,97083.20,98243.00,96350.10,97826.10
2024-12-20 16:00:00,97826.10,97867.50,92613.70,92715.10
2024-12-20 20:00:00,92715.10,97555.00,92272.60,96961.30
2024-12-21 00:00:00,96961.40,97721.00,96254.00,97079.60
2024-12-21 04:00:00,97079.60,97777.00,95393.80,97764.40
2024-12-21 08:00:00,97764.50,97773.10,97142.00,97444.90
2024-12-21 12:00:00,97444.90,99485.00,97330.00,98988.10
2024-12-21 16:00:00,98988.00,99137.50,97757.80,98225.30
2024-12-21 20:00:00,98225.40,98253.50,96375.00,97486.50
2024-12-22 00:00:00,97486.60,97695.00,96800.00,97242.20
2024-12-22 04:00:00,97242.30,98084.90,96520.00,97261.80
2024-12-22 08:00:00,97261.70,97437.90,96532.00,96965.10
2024-12-22 12:00:00,96965.10,97057.00,95867.30,96192.10
2024-12-22 16:00:00,96192.10,97322.10,96172.10,97054.80
2024-12-22 20:00:00,97054.70,97266.60,95085.00,95341.00
2024-12-23 00:00:00,95341.00,96426.70,94642.40,94795.40
2024-12-23 04:00:00,94795.40,95787.70,94200.00,95153.50
2024-12-23 08:00:00,95153.40,96019.80,93655.30,95989.90
2024-12-23 12:00:00,95989.80,96488.80,94639.50,95360.50
2024-12-23 16:00:00,95360.50,96499.00,94974.20,95899.40
2024-12-23 20:00:00,95899.40,96377.20,93060.30,93217.60
2024-12-24 00:00:00,93217.70,94249.30,92634.70,92997.70
2024-12-24 04:00:00,92997.70,95480.40,92464.40,94861.10
2024-12-24 08:00:00,94861.00,94861.10,93525.60,94330.10
2024-12-24 12:00:00,94330.10,94638.60,93774.40,94200.00
2024-12-24 16:00:00,94199.90,94618.00,93800.00,94369.00
2024-12-24 20:00:00,94368.30,98274.90,94039.80,98243.50
2024-12-25 00:00:00,98243.50,99450.00,97522.50,97558.50
2024-12-25 04:00:00,97558.40,99074.80,97226.20,98627.20
2024-12-25 08:00:00,98626.90,98848.40,97681.30,98000.00
2024-12-25 12:00:00,98000.10,98539.50,97807.50,98049.70
2024-12-25 16:00:00,98049.80,99323.30,97709.90,97889.30
2024-12-25 20:00:00,97888.40,98797.90,97570.00,98493.30
2024-12-26 00:00:00,98493.30,99258.00,98100.00,98981.30
2024-12-26 04:00:00,98981.30,99580.70,98331.50,99379.70
2024-12-26 08:00:00,99379.60,99950.00,98400.10,98957.70
2024-12-26 12:00:00,98957.70,98957.70,97647.20,97669.60
2024-12-26 16:00:00,97669.50,97721.80,95153.00,95662.70
2024-12-26 20:00:00,95662.60,96227.40,95200.10,95993.50
2024-12-27 00:00:00,95993.10,96580.00,95400.00,96064.80
2024-12-27 04:00:00,96064.80,96079.90,95276.40,95751.00
2024-12-27 08:00:00,95750.90,96419.00,95350.10,96377.80
2024-12-27 12:00:00,96377.80,96580.00,94620.00,95074.40
2024-12-27 16:00:00,95080.10,97564.50,95080.10,96900.30
2024-12-27 20:00:00,96900.30,96999.00,93982.40,94539.90
2024-12-28 00:00:00,94539.90,94979.90,93440.00,94720.30
2024-12-28 04:00:00,94720.20,94794.00,94094.00,94258.90
2024-12-28 08:00:00,94258.90,94687.60,94100.00,94550.60
2024-12-28 12:00:00,94550.60,94762.30,94256.90,94334.70
2024-12-28 16:00:00,94334.60,94850.00,94261.70,94711.30
2024-12-28 20:00:00,94711.30,95346.10,94320.00,94407.70
2024-12-29 00:00:00,94407.80,95197.30,94356.50,94993.80
2024-12-29 04:00:00,94993.70,95700.00,94836.00,95259.10
2024-12-29 08:00:00,95259.10,95300.00,94761.00,95135.30
2024-12-29 12:00:00,95135.30,95250.00,94930.00,95233.20
2024-12-29 16:00:00,95233.30,95286.40,94968.40,94986.10
2024-12-29 20:00:00,94986.20,95195.00,93925.40,94468.40
2024-12-30 00:00:00,94468.30,94537.70,93333.00,93559.60
2024-12-30 04:00:00,93559.50,93892.50,92961.80,93700.00
2024-12-30 08:00:00,93699.90,94240.00,93326.00,93681.10
2024-12-30 12:00:00,93680.80,94048.90,93181.80,93688.90
2024-12-30 16:00:00,93688.90,94053.50,93433.00,93900.10
2024-12-30 20:00:00,93900.10,94249.90,91510.00,92081.50
2024-12-31 00:00:00,92081.50,94668.50,91758.30,94400.00
2024-12-31 04:00:00,94400.10,95031.60,91850.00,92759.30
2024-12-31 08:00:00,92759.30,92875.40,92000.00,92481.50
2024-12-31 12:00:00,92481.50,93000.00,92315.40,92819.60
2024-12-31 16:00:00,92819.50,94738.40,92800.00,94202.50
2024-12-31 20:00:00,94202.40,96254.30,94202.40,95389.40
2025-01-01 00:00:00,95389.30,95569.60,93145.10,94155.80
2025-01-01 04:00:00,94155.80,94218.30,93343.40,93548.90
2025-01-01 08:00:00,93548.80,94449.20,93460.20,93810.00
2025-01-01 12:00:00,93810.00,93914.70,93502.00,93660.70
2025-01-01 16:00:00,93660.70,93735.20,92796.50,93420.10
2025-01-01 20:00:00,93420.10,94489.50,93375.00,94409.90
2025-01-02 00:00:00,94409.90,94823.20,93729.20,94612.10
2025-01-02 04:00:00,94612.10,95161.20,94522.10,94580.90
2025-01-02 08:00:00,94580.90,95523.50,94357.40,95000.00
2025-01-02 12:00:00,95000.00,96031.40,94971.30,95815.30
2025-01-02 16:00:00,95815.40,96870.90,95612.50,96715.40
2025-01-02 20:00:00,96715.40,97440.00,95910.80,96428.50
2025-01-03 00:00:00,96428.50,97777.00,96018.70,97292.70
2025-01-03 04:00:00,97292.70,97822.40,96642.70,96967.50
2025-01-03 08:00:00,96967.60,97325.70,96622.00,97019.10
2025-01-03 12:00:00,97019.10,97034.90,96236.60,96275.00
2025-01-03 16:00:00,96275.10,96788.00,96061.50,96710.50
2025-01-03 20:00:00,96710.40,97637.70,96422.50,97479.50
2025-01-04 00:00:00,97479.60,98949.00,97353.60,98545.50
2025-01-04 04:00:00,98545.60,98705.00,98028.50,98145.70
2025-01-04 08:00:00,98145.70,98272.60,97762.10,98149.40
2025-01-04 12:00:00,98149.30,98300.00,97830.00,98244.20
2025-01-04 16:00:00,98244.20,98300.00,97438.20,97831.80
2025-01-04 20:00:00,97831.80,98117.60,97472.00,97623.60
2025-01-05 00:00:00,97623.50,98334.60,97535.70,98120.30
2025-01-05 04:00:00,98120.40,98760.90,98076.40,98173.20
2025-01-05 08:00:00,98173.20,98349.80,98001.10,98160.10
2025-01-05 12:00:00,98160.00,98496.30,98160.00,98225.30
2025-01-05 16:00:00,98225.30,98225.40,97533.60,97609.50
2025-01-05 20:00:00,97609.50,98248.50,97227.00,97986.60
2025-01-06 00:00:00,97987.10,98297.30,97530.00,98050.00
2025-01-06 04:00:00,98050.00,98852.60,97986.30,98340.20
2025-01-06 08:00:00,98340.20,99278.00,97872.60,99005.00
2025-01-06 12:00:00,99005.00,99886.70,99005.00,99280.00
2025-01-06 16:00:00,99280.00,99600.00,98662.70,99219.30
2025-01-06 20:00:00,99219.20,102443.90,98670.00,102104.50
2025-01-07 00:00:00,102104.50,102444.00,101223.00,101771.70
2025-01-07 04:00:00,101771.70,102298.80,101551.20,102180.40
2025-01-07 08:00:00,102180.50,102762.10,101459.40,101661.30
2025-01-07 12:00:00,101661.40,101986.10,101528.80,101649.30
2025-01-07 16:00:00,101649.30,101973.10,100435.40,100787.00
2025-01-07 20:00:00,100787.00,100914.20,97100.00,97915.30
2025-01-08 00:00:00,97915.40,98307.90,96295.90,96433.30
2025-01-08 04:00:00,96433.30,97185.80,96153.00,96920.30
2025-01-08 08:00:00,96920.20,97242.20,96200.00,96504.10
2025-01-08 12:00:00,96504.10,96616.30,95222.00,95628.40
2025-01-08 16:00:00,95628.30,96100.00,94480.70,95093.90
2025-01-08 20:00:00,95093.80,96064.50,94588.90,95450.00
2025-01-09 00:00:00,95449.90,95456.20,92500.00,94217.20
2025-01-09 04:00:00,94217.10,95265.80,93509.80,95014.10
2025-01-09 08:00:00,95014.00,95358.70,93405.30,93985.00
2025-01-09 12:00:00,93985.00,94582.00,93156.00,93176.40
2025-01-09 16:00:00,93176.50,93832.80,92700.00,93414.40
2025-01-09 20:00:00,93414.30,94547.70,91747.00,94195.20
2025-01-10 00:00:00,94195.10,94644.80,91853.00,91858.30
2025-01-10 04:00:00,91858.20,92674.90,91055.80,92505.90
2025-01-10 08:00:00,92506.00,93682.80,92395.90,93654.90
2025-01-10 12:00:00,93655.00,94975.20,93450.80,94457.00
2025-01-10 16:00:00,94457.00,95239.90,94344.50,95030.50
2025-01-10 20:00:00,95030.50,95078.00,92173.60,93704.00
2025-01-11 00:00:00,93704.00,95882.50,93151.50,95275.90
2025-01-11 04:00:00,95276.00,95412.30,94531.40,94675.50
2025-01-11 08:00:00,94675.60,94700.00,94060.80,94168.30
2025-01-11 12:00:00,94168.30,94394.30,93802.10,94210.30
2025-01-11 16:00:00,94210.20,94757.90,94000.00,94570.40
2025-01-11 20:00:00,94570.40,94613.60,94262.10,94365.80
2025-01-12 00:00:00,94365.90,94680.30,93943.00,94206.50
2025-01-12 04:00:00,94206.50,94988.00,94150.90,94562.50
2025-01-12 08:00:00,94562.40,94665.70,94260.00,94586.00
2025-01-12 12:00:00,94586.00,94614.50,94227.20,94291.30
2025-01-12 16:00:00,94291.20,94359.50,93661.10,94209.00
2025-01-12 20:00:00,94209.00,95444.00,94128.00,95035.60
2025-01-13 00:00:00,95035.70,95278.00,94527.80,94625.10
2025-01-13 04:00:00,94625.00,94777.20,93727.40,94499.90
2025-01-13 08:00:00,94499.90,95934.50,93852.00,94215.40
2025-01-13 12:00:00,94215.40,94878.00,93222.20,93557.90
2025-01-13 16:00:00,93557.90,93626.10,90809.80,90827.50
2025-01-13 20:00:00,90827.50,93055.00,88909.00,92093.60
2025-01-14 00:00:00,92093.70,92501.50,91207.80,92274.80
2025-01-14 04:00:00,92274.90,94681.10,91869.30,94485.30
2025-01-14 08:00:00,94485.40,95260.00,94305.40,94821.20
2025-01-14 12:00:00,94821.30,95437.80,94710.00,94823.30
2025-01-14 16:00:00,94823.40,97353.90,94823.30,96508.40
2025-01-14 20:00:00,96508.30,97250.00,95715.80,96416.70
2025-01-15 00:00:00,96416.80,97044.80,95309.90,96496.50
2025-01-15 04:00:00,96496.50,96882.80,96100.10,96514.90
2025-01-15 08:00:00,96514.90,97530.20,96450.20,97288.70
2025-01-15 12:00:00,97288.80,97688.00,96689.20,97253.70
2025-01-15 16:00:00,97253.70,97488.00,96480.00,96725.40
2025-01-15 20:00:00,96725.50,99746.60,96500.00,98943.40
2025-01-16 00:00:00,98943.30,100038.10,98550.10,99807.40
2025-01-16 04:00:00,99807.40,100658.90,99410.30,100460.00
2025-01-16 08:00:00,100460.00,100850.00,99106.80,99438.80
2025-01-16 12:00:00,99438.90,99869.20,99284.20,99756.50
2025-01-16 16:00:00,99756.50,99787.80,98557.80,99107.10
2025-01-16 20:00:00,99107.10,99479.70,97293.60,99258.30
2025-01-17 00:00:00,99258.20,100426.00,99023.90,100382.00
2025-01-17 04:00:00,100382.00,100599.80,99326.30,99937.40
2025-01-17 08:00:00,99937.40,102133.70,99902.00,101005.10
2025-01-17 12:00:00,101005.20,101845.60,100900.00,101406.90
2025-01-17 16:00:00,101406.90,102568.80,101400.00,102181.60
2025-01-17 20:00:00,102181.60,104198.90,102137.10,103946.20
2025-01-18 00:00:00,103946.30,105784.00,103772.60,105770.90
2025-01-18 04:00:00,105771.00,105783.90,104024.80,104042.50
2025-01-18 08:00:00,104042.60,104620.00,103001.10,103531.10
2025-01-18 12:00:00,103531.20,103746.70,102561.00,102781.00
2025-01-18 16:00:00,102781.10,103855.00,102242.80,103547.00
2025-01-18 20:00:00,103547.00,104962.10,103086.50,104517.10
2025-01-19 00:00:00,104517.10,104681.70,103110.00,104349.90
2025-01-19 04:00:00,104349.90,104744.30,103750.00,104524.30
2025-01-19 08:00:00,104524.30,105439.00,103980.00,104958.30
2025-01-19 12:00:00,104958.20,105629.40,104214.60,105151.80
2025-01-19 16:00:00,105151.80,105458.40,103458.60,104353.80
2025-01-19 20:00:00,104353.80,105743.10,104285.70,104936.00
2025-01-20 00:00:00,104936.00,106259.80,104520.00,106247.90
2025-01-20 04:00:00,106247.90,106450.00,99600.00,101311.50
2025-01-20 08:00:00,101311.50,102300.00,99501.00,101874.50
2025-01-20 12:00:00,101873.80,110000.00,101519.50,107178.80
2025-01-20 16:00:00,107178.80,109300.80,107140.00,108267.50
2025-01-20 20:00:00,108267.60,108756.60,104500.00,105008.70
2025-01-21 00:00:00,105001.30,107082.80,100138.20,103674.20
2025-01-21 04:00:00,103674.30,104313.20,101714.40,102247.60
2025-01-21 08:00:00,102247.70,103279.90,100097.20,102922.70
2025-01-21 12:00:00,102922.70,102972.50,101102.80,101980.70
2025-01-21 16:00:00,101980.70,103956.20,101719.40,103725.00
2025-01-21 20:00:00,103725.00,105292.30,102800.00,103929.10
2025-01-22 00:00:00,103929.10,107241.60,103781.50,106989.90
2025-01-22 04:00:00,106989.90,107180.00,105400.20,106114.50
2025-01-22 08:00:00,106115.40,106390.00,105431.90,105588.20
2025-01-22 12:00:00,105588.10,105948.60,105037.20,105063.80
2025-01-22 16:00:00,105063.80,105449.90,104610.00,105083.90
2025-01-22 20:00:00,105083.90,105557.20,103612.00,104138.00
2025-01-23 00:00:00,104138.10,104721.80,103211.60,104600.00
2025-01-23 04:00:00,104600.00,104804.50,103556.70,103664.90
2025-01-23 08:00:00,103664.90,103777.40,102082.00,102417.00
2025-01-23 12:00:00,102417.10,102955.00,101550.40,102668.40
2025-01-23 16:00:00,102668.30,102668.40,101211.00,101909.20
2025-01-23 20:00:00,101909.20,106000.00,101279.80,105235.20
2025-01-24 00:00:00,105235.20,106840.20,103342.00,103713.70
2025-01-24 04:00:00,103713.70,106387.40,102161.90,103864.10
2025-01-24 08:00:00,103864.00,104289.90,102680.00,103842.60
2025-01-24 12:00:00,103842.60,105331.20,103745.50,104999.90
2025-01-24 16:00:00,104999.90,105732.10,104875.70,105374.00
2025-01-24 20:00:00,105374.10,106307.60,104623.00,105821.80
2025-01-25 00:00:00,105821.30,107076.50,105533.00,105726.70
2025-01-25 04:00:00,105726.70,105733.40,104400.00,104808.10
2025-01-25 08:00:00,104808.00,105234.50,104310.00,105153.90
2025-01-25 12:00:00,105153.90,105153.90,104128.20,104349.30
2025-01-25 16:00:00,104349.40,104650.50,104040.60,104626.80
2025-01-25 20:00:00,104626.90,105066.00,104400.10,104852.10
2025-01-26 00:00:00,104852.10,105274.70,104410.80,105005.60
2025-01-26 04:00:00,105005.70,105234.30,104643.30,104702.00
2025-01-26 08:00:00,104702.00,105263.30,104461.60,105036.50
2025-01-26 12:00:00,105036.60,105496.90,104905.30,104963.70
2025-01-26 16:00:00,104963.70,105208.80,104358.30,104775.60
2025-01-26 20:00:00,104775.60,105043.40,104648.80,104919.90
2025-01-27 00:00:00,104920.00,105237.00,104850.10,105050.10
2025-01-27 04:00:00,105050.10,105175.00,102450.30,102560.10
2025-01-27 08:00:00,102560.00,103216.50,100632.50,101349.20
2025-01-27 12:00:00,101349.10,101349.30,97680.00,98996.30
2025-01-27 16:00:00,98996.30,99495.00,98200.00,98700.00
2025-01-27 20:00:00,98700.10,102267.80,98666.00,101070.80
2025-01-28 00:00:00,101070.80,101207.10,98820.60,99660.40
2025-01-28 04:00:00,99660.30,102423.30,99548.90,102021.30
2025-01-28 08:00:00,102021.30,102846.10,101263.00,102582.70
2025-01-28 12:00:00,102582.70,103325.30,102473.30,102753.80
2025-01-28 16:00:00,102754.30,103151.00,102352.30,102717.90
2025-01-28 20:00:00,102717.90,103797.00,101770.50,102730.60
2025-01-29 00:00:00,102730.60,103089.90,101778.00,102368.70
2025-01-29 04:00:00,102368.70,102495.00,100235.00,101279.60
2025-01-29 08:00:00,101279.70,102300.00,101269.70,101994.00
2025-01-29 12:00:00,101994.10,102800.60,101908.50,102723.20
2025-01-29 16:00:00,102723.20,103012.60,102153.80,102594.70
2025-01-29 20:00:00,102594.70,102783.70,101526.80,101934.20
2025-01-30 00:00:00,101934.20,103997.00,101365.00,103550.50
2025-01-30 04:00:00,103550.60,104755.00,102791.00,103698.20
2025-01-30 08:00:00,103698.10,105287.90,103224.50,105155.70
2025-01-30 12:00:00,105155.60,105564.50,104762.90,105085.10
2025-01-30 16:00:00,105085.20,105514.20,104879.30,105251.90
2025-01-30 20:00:00,105251.90,106450.00,104607.20,105519.40
2025-01-31 00:00:00,105519.40,105960.00,104704.10,105659.80
2025-01-31 04:00:00,105659.90,105767.10,104628.30,104676.90
2025-01-31 08:00:00,104676.90,104982.20,103880.00,104286.70
2025-01-31 12:00:00,104286.60,104776.40,103926.40,104160.10
2025-01-31 16:00:00,104160.00,104821.80,103888.60,104691.90
2025-01-31 20:00:00,104692.00,106000.00,104050.00,105407.00
2025-02-01 00:00:00,105406.90,105537.00,102100.00,102275.80
2025-02-01 04:00:00,102275.70,102443.90,101509.00,102379.70
2025-02-01 08:00:00,102379.80,102734.90,102131.00,102203.90
2025-02-01 12:00:00,102203.80,102543.00,102058.80,102127.00
2025-02-01 16:00:00,102127.00,102242.30,101344.00,101980.10
2025-02-01 20:00:00,101980.00,102297.00,101680.00,102031.50
2025-02-02 00:00:00,102031.60,102250.00,101392.90,101620.10
2025-02-02 04:00:00,101620.10,101620.10,100215.00,100603.60
2025-02-02 08:00:00,100603.60,101426.00,99111.00,99160.80
2025-02-02 12:00:00,99160.80,100470.10,98989.00,99586.20
2025-02-02 16:00:00,99586.20,100071.00,98550.00,98811.60
2025-02-02 20:00:00,98811.50,99384.50,98100.00,99298.60
2025-02-03 00:00:00,99298.60,99319.00,96750.10,98232.00
2025-02-03 04:00:00,98232.00,98594.90,96029.60,97664.50
2025-02-03 08:00:00,97664.50,97748.00,91130.30,94001.60
2025-02-03 12:00:00,94001.60,95373.10,92595.70,95271.10
2025-02-03 16:00:00,95271.10,95891.90,94716.50,95070.80
2025-02-03 20:00:00,95070.90,99501.40,94111.00,98802.70
2025-02-04 00:00:00,98802.80,101832.00,97993.30,101831.90
2025-02-04 04:00:00,101831.90,102456.00,100861.00,101293.70
2025-02-04 08:00:00,101293.60,101729.30,100500.10,100597.10
2025-02-04 12:00:00,100597.20,100736.30,98183.00,98405.10
2025-02-04 16:00:00,98405.10,99387.00,97792.80,98924.00
2025-02-04 20:00:00,98924.10,100371.00,98215.70,99310.60
2025-02-05 00:00:00,99310.50,100743.60,98724.10,98811.80
2025-02-05 04:00:00,98812.00,99400.00,96100.00,97709.90
2025-02-05 08:00:00,97710.00,98914.40,97069.00,97989.50
2025-02-05 12:00:00,97989.50,98300.00,97320.00,97814.90
2025-02-05 16:00:00,97814.90,98178.00,97206.00,98161.70
2025-02-05 20:00:00,98161.70,99124.20,97709.90,98063.30
2025-02-06 00:00:00,98063.30,98262.30,96442.10,97327.10
2025-02-06 04:00:00,97327.20,97662.60,96106.10,96553.20
2025-02-06 08:00:00,96553.20,97460.00,96373.40,97305.60
2025-02-06 12:00:00,97305.60,98390.50,97215.20,98164.90
2025-02-06 16:00:00,98164.90,99093.00,97880.00,98826.30
2025-02-06 20:00:00,98826.30,99019.90,96866.90,97285.60
2025-02-07 00:00:00,97285.70,97500.00,95613.50,95946.10
2025-02-07 04:00:00,95946.00,97041.40,95736.00,96515.10
2025-02-07 08:00:00,96515.00,97805.80,96358.30,97410.20
2025-02-07 12:00:00,97410.20,97835.00,96536.50,96705.10
2025-02-07 16:00:00,96705.00,97722.30,96566.30,97703.80
2025-02-07 20:00:00,97703.80,100112.40,97150.00,98257.10
2025-02-08 00:00:00,98257.10,98535.50,96817.00,96840.10
2025-02-08 04:00:00,96840.00,96885.60,95555.00,96454.50
2025-02-08 08:00:00,96454.50,96850.00,96288.00,96660.00
2025-02-08 12:00:00,96660.00,96660.10,95714.40,96153.40
2025-02-08 16:00:00,96153.40,96248.30,95805.00,96074.10
2025-02-08 20:00:00,96074.00,96466.00,95600.00,95798.00
2025-02-09 00:00:00,95798.00,96725.20,95685.60,96550.00
2025-02-09 04:00:00,96550.00,96673.50,96311.60,96411.90
2025-02-09 08:00:00,96412.00,97284.10,96306.50,97278.40
2025-02-09 12:00:00,97278.30,97301.70,96738.30,97020.00
2025-02-09 16:00:00,97020.00,97279.30,96498.50,96511.20
2025-02-09 20:00:00,96511.20,96663.60,95633.60,96438.00
2025-02-10 00:00:00,96438.00,96541.60,95828.00,96011.40
2025-02-10 04:00:00,96011.40,96750.00,94650.10,96423.60
2025-02-10 08:00:00,96423.60,97091.80,95200.10,96770.00
2025-02-10 12:00:00,96770.00,97634.00,96591.80,97386.30
2025-02-10 16:00:00,97386.30,97930.00,97305.50,97627.20
2025-02-10 20:00:00,97627.30,98328.00,96806.60,97187.70
2025-02-11 00:00:00,97187.70,97611.00,96828.40,97343.60
2025-02-11 04:00:00,97343.60,97455.50,97090.30,97379.20
2025-02-11 08:00:00,97379.20,98108.50,97352.20,97565.50
2025-02-11 12:00:00,97565.40,98482.20,97514.60,98231.10
2025-02-11 16:00:00,98231.20,98306.90,97834.30,98100.00
2025-02-11 20:00:00,98100.10,98112.20,96529.30,96963.30
2025-02-12 00:00:00,96963.20,97002.00,94814.30,94988.00
2025-02-12 04:00:00,94988.00,96468.50,94871.20,95731.40
2025-02-12 08:00:00,95731.40,96230.00,95050.00,95251.40
2025-02-12 12:00:00,95251.40,96130.10,95213.20,96025.80
2025-02-12 16:00:00,96025.10,96437.50,95860.50,96062.40
2025-02-12 20:00:00,96062.40,96596.30,94003.90,95762.10
2025-02-13 00:00:00,95762.00,97700.00,95074.00,97156.60
2025-02-13 04:00:00,97156.70,98090.90,96811.20,97816.30
2025-02-13 08:00:00,97816.30,98053.80,97309.10,97463.40
2025-02-13 12:00:00,97463.40,97519.30,95706.80,96018.50
2025-02-13 16:00:00,96018.50,96288.90,95500.00,95883.60
2025-02-13 20:00:00,95883.60,96432.40,95288.50,95943.50
2025-02-14 00:00:00,95943.20,96325.00,95160.10,95587.80
2025-02-14 04:00:00,95587.90,96756.80,95544.90,96560.60
2025-02-14 08:00:00,96560.60,97163.00,96309.50,97094.90
2025-02-14 12:00:00,97094.90,97212.00,96505.00,96889.90
2025-02-14 16:00:00,96889.90,97150.00,96743.40,96844.60
2025-02-14 20:00:00,96844.60,97561.10,96225.70,96886.50
2025-02-15 00:00:00,96886.50,98792.80,96444.60,97898.30
2025-02-15 04:00:00,97898.40,98229.10,96636.70,97445.10
2025-02-15 08:00:00,97445.20,97941.20,97170.00,97619.40
2025-02-15 12:00:00,97619.40,97750.00,97306.30,97312.40
2025-02-15 16:00:00,97312.40,97692.30,97255.20,97569.40
2025-02-15 20:00:00,97569.50,97899.80,97377.00,97594.50
2025-02-16 00:00:00,97594.50,97682.40,97274.50,97496.90
2025-02-16 04:00:00,97497.00,97698.40,97370.00,97538.00
2025-02-16 08:00:00,97538.00,97665.80,97373.10,97504.90
2025-02-16 12:00:00,97504.80,97638.80,97137.00,97207.40
2025-02-16 16:00:00,97207.40,97355.00,97011.00,97293.10
2025-02-16 20:00:00,97293.10,97295.70,96629.50,96849.90
2025-02-17 00:00:00,96850.00,97134.00,96572.50,97021.50
2025-02-17 04:00:00,97021.40,97247.60,96002.00,96067.00
2025-02-17 08:00:00,96067.00,96605.70,96000.00,96171.50
2025-02-17 12:00:00,96171.40,96421.90,95739.60,96023.80
2025-02-17 16:00:00,96023.80,96347.00,95897.10,96018.20
2025-02-17 20:00:00,96018.30,97000.00,95491.70,95605.50
2025-02-18 00:00:00,95605.50,95900.00,95150.60,95490.80
2025-02-18 04:00:00,95490.70,96386.90,95452.80,95743.20
2025-02-18 08:00:00,95743.10,96296.50,95508.80,96163.10
2025-02-18 12:00:00,96163.10,96267.70,95199.90,95409.90
2025-02-18 16:00:00,95409.90,95849.00,95000.00,95606.10
2025-02-18 20:00:00,95606.00,96737.30,95115.10,95501.60
2025-02-19 00:00:00,95501.60,95595.00,93321.60,94062.10
2025-02-19 04:00:00,94062.20,95645.30,93696.40,95622.00
2025-02-19 08:00:00,95622.00,95929.00,95020.00,95672.10
2025-02-19 12:00:00,95672.20,95816.20,95012.50,95640.40
2025-02-19 16:00:00,95640.50,96443.90,95571.20,96392.00
2025-02-19 20:00:00,96392.00,96676.00,95494.40,95895.40
2025-02-20 00:00:00,95895.40,96447.00,95362.80,96159.90
2025-02-20 04:00:00,96159.80,96878.70,96011.60,96598.00
2025-02-20 08:00:00,96597.90,97339.80,96366.00,97017.40
2025-02-20 12:00:00,97017.40,97310.40,96743.80,96825.80
2025-02-20 16:00:00,96825.70,97350.00,96757.20,97164.60
2025-02-20 20:00:00,97164.60,98000.00,96756.10,96870.50
2025-02-21 00:00:00,96871.10,98480.00,96838.10,98370.00
2025-02-21 04:00:00,98369.90,98662.10,97952.80,98252.90
2025-02-21 08:00:00,98252.80,98450.00,98030.30,98106.10
2025-02-21 12:00:00,98106.00,98555.00,98072.40,98130.00
2025-02-21 16:00:00,98129.90,98888.00,98057.50,98579.70
2025-02-21 20:00:00,98579.70,99431.50,97143.00,98057.60
2025-02-22 00:00:00,98057.60,98720.00,95201.20,95247.50
2025-02-22 04:00:00,95247.40,96150.00,94830.40,96127.90
2025-02-22 08:00:00,96128.00,96399.90,95701.90,96249.90
2025-02-22 12:00:00,96250.00,96542.70,96219.90,96241.70
2025-02-22 16:00:00,96241.70,96571.20,96107.00,96526.40
2025-02-22 20:00:00,96526.50,96988.00,96444.20,96552.40
2025-02-23 00:00:00,96552.30,96794.60,96333.80,96596.60
2025-02-23 04:00:00,96596.50,96659.50,96432.60,96503.30
2025-02-23 08:00:00,96503.30,96602.90,96309.60,96373.70
2025-02-23 12:00:00,96373.70,96504.10,96102.20,96454.60
2025-02-23 16:00:00,96454.60,96459.40,96030.00,96064.30
2025-02-23 20:00:00,96064.20,96118.10,95326.80,95391.50
2025-02-24 00:00:00,95391.50,95823.50,95180.20,95706.50
2025-02-24 04:00:00,95706.50,96290.00,95476.50,96218.40
2025-02-24 08:00:00,96218.40,96470.00,95263.00,95388.10
2025-02-24 12:00:00,95388.00,95918.40,95018.00,95834.20
2025-02-24 16:00:00,95834.20,96147.50,95282.40,95774.80
2025-02-24 20:00:00,95774.90,96055.10,93800.00,94295.90
2025-02-25 00:00:00,94295.90,95182.30,93612.90,93916.10
2025-02-25 04:00:00,93917.40,94551.10,91300.00,91514.50
2025-02-25 08:00:00,91514.50,92500.00,90850.00,92125.30
2025-02-25 12:00:00,92125.30,92287.00,88131.60,89262.90
2025-02-25 16:00:00,89262.80,89952.00,86800.00,89186.80
2025-02-25 20:00:00,89186.90,89499.90,86020.40,87206.90
2025-02-26 00:00:00,87206.80,88048.90,86125.90,87914.30
2025-02-26 04:00:00,87914.20,89442.70,87578.10,88639.10
2025-02-26 08:00:00,88639.10,89367.10,88101.90,88851.80
2025-02-26 12:00:00,88851.80,89214.80,88366.00,88682.30
2025-02-26 16:00:00,88682.30,89285.70,88092.00,88570.00
2025-02-26 20:00:00,88570.10,88641.00,85377.20,87536.40
2025-02-27 00:00:00,87536.50,87784.70,83265.50,83832.00
2025-02-27 04:00:00,83832.00,85382.00,82222.00,84208.50
2025-02-27 08:00:00,84208.60,85397.10,84000.00,85174.00
2025-02-27 12:00:00,85174.00,86687.50,84640.10,86227.90
2025-02-27 16:00:00,86228.00,87066.00,85827.10,86655.30
2025-02-27 20:00:00,86655.40,86756.10,84609.00,85473.00
2025-02-28 00:00:00,85472.90,85664.80,83567.40,84084.00
2025-02-28 04:00:00,84084.00,84894.00,82667.00,84668.10
2025-02-28 08:00:00,84668.20,84858.60,79500.00,80429.20
2025-02-28 12:00:00,80429.20,80939.90,78787.00,79159.90
2025-02-28 16:00:00,79159.90,80800.00,78200.20,80474.30
2025-02-28 20:00:00,80474.40,84380.90,80030.00,83948.10
2025-03-01 00:00:00,83948.10,85084.50,83153.30,84393.30
2025-03-01 04:00:00,84393.30,84743.80,83555.00,84299.60
2025-03-01 08:00:00,84299.60,85638.00,83779.00,85279.30
2025-03-01 12:00:00,85279.10,86516.50,84698.80,84707.30
2025-03-01 16:00:00,84707.20,85452.40,84343.00,84593.60
2025-03-01 20:00:00,84593.60,84908.50,84285.00,84755.10
2025-03-02 00:00:00,84755.00,85613.40,84652.00,85431.20
2025-03-02 04:00:00,85431.10,86219.70,85239.60,86007.70
2025-03-02 08:00:00,86007.70,86449.90,85571.80,85811.90
2025-03-02 12:00:00,85812.00,86515.00,85490.00,86191.40
2025-03-02 16:00:00,86191.40,86219.50,85605.00,86047.00
2025-03-02 20:00:00,86047.10,88644.00,85015.00,87390.10
2025-03-03 00:00:00,87390.10,94971.00,87236.00,93467.30
2025-03-03 04:00:00,93467.20,94800.00,93444.90,94222.80
2025-03-03 08:00:00,94222.00,94373.40,92380.10,92660.00
2025-03-03 12:00:00,92660.00,93304.90,91150.00,92318.00
2025-03-03 16:00:00,92318.00,92888.00,91100.00,92700.00
2025-03-03 20:00:00,92700.00,93666.00,89100.00,90009.50
2025-03-04 00:00:00,90009.50,90959.10,85495.50,85552.00
2025-03-04 04:00:00,85552.00,86999.90,85029.00,86192.70
2025-03-04 08:00:00,86193.30,86773.50,82420.00,83929.00
2025-03-04 12:00:00,83928.90,84566.00,83100.30,83159.40
2025-03-04 16:00:00,83159.40,84359.50,83000.10,83890.10
2025-03-04 20:00:00,83890.10,84934.90,81200.00,82945.00
2025-03-05 00:00:00,82945.00,88488.00,81911.10,88165.30
2025-03-05 04:00:00,88165.30,88931.00,86544.00,87245.90
2025-03-05 08:00:00,87245.90,87850.00,86328.00,86813.60
2025-03-05 12:00:00,86813.70,87688.00,86694.00,87573.90
2025-03-05 16:00:00,87573.90,90625.00,87549.00,89777.60
2025-03-05 20:00:00,89777.60,90897.10,87890.00,88312.60
2025-03-06 00:00:00,88312.50,90444.00,87558.00,89711.20
2025-03-06 04:00:00,89711.20,91000.00,89626.30,90566.10
2025-03-06 08:00:00,90566.10,91988.00,89955.00,91563.20
2025-03-06 12:00:00,91563.20,92780.30,91222.00,91311.30
2025-03-06 16:00:00,91311.40,91642.30,90572.40,91319.20
2025-03-06 20:00:00,91319.20,91420.00,89070.00,90777.90
2025-03-07 00:00:00,90777.90,91025.70,87790.50,88488.50
2025-03-07 04:00:00,88488.50,90748.00,88428.80,89887.80
2025-03-07 08:00:00,89887.90,91257.70,84600.00,86958.50
2025-03-07 12:00:00,86958.40,88569.90,86809.20,88308.80
2025-03-07 16:00:00,88308.80,89666.00,87932.00,88928.80
2025-03-07 20:00:00,88928.90,91107.90,87979.00,88424.90
2025-03-08 00:00:00,88425.00,88990.00,86530.00,87787.20
2025-03-08 04:00:00,87787.30,88494.30,85555.00,86753.80
2025-03-08 08:00:00,86753.80,86876.50,85108.00,85880.00
2025-03-08 12:00:00,85880.00,86622.90,85607.70,86159.20
2025-03-08 16:00:00,86159.20,86422.00,85720.00,85923.90
2025-03-08 20:00:00,85923.90,86587.00,85774.80,86360.00
2025-03-09 00:00:00,86360.00,86459.00,85605.50,86190.50
2025-03-09 04:00:00,86190.50,86458.80,85800.00,86184.70
2025-03-09 08:00:00,86184.70,86470.60,85902.00,86077.10
2025-03-09 12:00:00,86077.10,86128.30,85753.30,85968.90
2025-03-09 16:00:00,85968.80,86092.80,84601.30,84990.10
2025-03-09 20:00:00,84990.00,85028.10,82619.30,83030.50
2025-03-10 00:00:00,83030.40,83727.80,82176.90,82604.90
2025-03-10 04:00:00,82605.00,83515.00,79933.40,80688.80
2025-03-10 08:00:00,80690.70,82694.20,80001.00,82000.10
2025-03-10 12:00:00,82000.10,82761.00,81947.00,82277.60
2025-03-10 16:00:00,82277.70,84031.50,81110.00,83540.20
2025-03-10 20:00:00,83540.30,83728.20,79142.80,80009.70
2025-03-11 00:00:00,80009.70,80217.60,77410.10,79037.10
2025-03-11 04:00:00,79035.30,79844.40,78363.60,78567.80
2025-03-11 08:00:00,78567.80,79888.00,76560.00,79486.60
2025-03-11 12:00:00,79486.70,80585.50,79411.20,80386.00
2025-03-11 16:00:00,80386.00,82061.50,80291.00,81684.60
2025-03-11 20:00:00,81684.50,82240.00,79026.20,81190.70
2025-03-12 00:00:00,81190.70,83600.00,80600.00,83060.10
2025-03-12 04:00:00,83060.10,83261.70,82512.40,82896.00
2025-03-12 08:00:00,82896.00,83741.80,82066.50,82098.20
2025-03-12 12:00:00,82098.20,82500.00,81250.00,82402.90
2025-03-12 16:00:00,82402.80,83046.90,81980.00,82972.00
2025-03-12 20:00:00,82971.90,84487.00,80578.50,81688.10
2025-03-13 00:00:00,81688.00,83127.40,81575.60,82877.30
2025-03-13 04:00:00,82877.30,83849.00,82662.00,83640.70
2025-03-13 08:00:00,83640.70,84307.10,83267.10,83537.10
2025-03-13 12:00:00,83537.20,83663.00,82813.20,83118.50
2025-03-13 16:00:00,83118.60,83494.60,82350.00,82939.50
2025-03-13 20:00:00,82939.30,84030.00,80914.40,81016.00
2025-03-14 00:00:00,81016.00,81243.80,79903.40,80177.90
2025-03-14 04:00:00,80177.50,81450.50,80162.90,81085.40
2025-03-14 08:00:00,81085.50,82249.00,80772.00,81861.50
2025-03-14 12:00:00,81861.50,82425.00,81730.90,82124.50
2025-03-14 16:00:00,82124.60,83330.00,82121.20,83202.80
2025-03-14 20:00:00,83202.90,85270.20,82594.30,84692.20
2025-03-15 00:00:00,84692.10,84908.80,83908.30,84508.10
2025-03-15 04:00:00,84504.80,84507.80,83654.70,83939.80
2025-03-15 08:00:00,83939.90,84625.00,83915.40,84439.90
2025-03-15 12:00:00,84440.00,84520.00,83752.90,83797.00
2025-03-15 16:00:00,83797.10,84143.90,83564.50,84054.80
2025-03-15 20:00:00,84054.70,84442.00,83961.60,84295.80
2025-03-16 00:00:00,84295.70,84453.40,84060.00,84261.20
2025-03-16 04:00:00,84261.20,84433.10,84191.20,84302.90
2025-03-16 08:00:00,84303.00,84357.10,83691.30,84295.90
2025-03-16 12:00:00,84296.00,84382.20,83924.40,84242.00
2025-03-16 16:00:00,84242.10,84300.00,82333.40,82367.90
2025-03-16 20:00:00,82367.90,83454.00,82354.80,83280.00
2025-03-17 00:00:00,83280.00,85136.00,82500.00,83064.30
2025-03-17 04:00:00,83064.30,83424.40,81925.60,82541.60
2025-03-17 08:00:00,82541.60,83696.60,82483.90,83641.00
2025-03-17 12:00:00,83641.10,83842.80,82630.80,83525.20
2025-03-17 16:00:00,83525.30,83749.90,83171.70,83475.00
2025-03-17 20:00:00,83475.00,84000.00,82384.00,83499.00
2025-03-18 00:00:00,83499.10,84727.10,83054.90,84436.20
2025-03-18 04:00:00,84436.20,84464.10,83700.00,83962.90
2025-03-18 08:00:00,83963.00,83979.80,82913.60,83107.60
2025-03-18 12:00:00,83107.60,83241.10,82207.70,83124.80
2025-03-18 16:00:00,83124.70,83422.80,82457.60,82550.00
2025-03-18 20:00:00,82550.10,82791.30,81113.50,81567.80
2025-03-19 00:00:00,81567.50,82446.80,81203.10,82273.40
2025-03-19 04:00:00,82273.50,82772.70,81823.50,82666.10
2025-03-19 08:00:00,82666.20,83200.00,82501.80,83008.40
2025-03-19 12:00:00,83008.40,83329.90,82752.10,83152.50
2025-03-19 16:00:00,83152.50,84088.20,83137.80,83848.40
2025-03-19 20:00:00,83848.50,84855.00,83455.60,84693.30
2025-03-20 00:00:00,84693.30,85908.00,83500.00,85382.50
2025-03-20 04:00:00,85382.60,86990.00,85163.90,86809.80
2025-03-20 08:00:00,86809.80,87500.00,85580.60,85849.50
2025-03-20 12:00:00,85849.60,85972.30,85383.00,85764.70
2025-03-20 16:00:00,85764.70,86285.80,84685.50,85462.20
2025-03-20 20:00:00,85462.90,86490.00,84520.00,84642.10
2025-03-21 00:00:00,84642.00,84846.10,83613.60,84129.30
2025-03-21 04:00:00,84129.30,84582.80,83877.40,84183.60
2025-03-21 08:00:00,84183.60,84813.60,84140.00,84409.90
2025-03-21 12:00:00,84410.00,84773.60,83650.30,83889.60
2025-03-21 16:00:00,83889.50,84319.50,83679.80,84006.00
2025-03-21 20:00:00,84005.90,84344.40,83122.00,83525.90
2025-03-22 00:00:00,83525.90,84405.90,83333.00,83925.00
2025-03-22 04:00:00,83925.00,84550.00,83778.00,84050.30
2025-03-22 08:00:00,84050.30,84286.00,83940.20,84214.10
2025-03-22 12:00:00,84214.10,84389.00,84110.60,84235.40
2025-03-22 16:00:00,84235.40,84509.00,84073.70,84190.80
2025-03-22 20:00:00,84190.80,84257.20,83932.00,84073.50
2025-03-23 00:00:00,84073.40,84292.00,84021.10,84134.60
2025-03-23 04:00:00,84134.50,84171.60,83589.50,83804.90
2025-03-23 08:00:00,83804.90,84241.50,83761.20,84195.10
2025-03-23 12:00:00,84195.10,84282.40,84025.20,84229.90
2025-03-23 16:00:00,84229.90,85024.80,84216.80,84651.50
2025-03-23 20:00:00,84651.40,85231.70,84529.00,85148.00
2025-03-24 00:00:00,85148.00,85376.40,84756.00,84966.70
2025-03-24 04:00:00,84966.70,86110.90,84868.90,86044.20
2025-03-24 08:00:00,86044.10,86619.90,85478.30,86502.60
2025-03-24 12:00:00,86502.60,87277.50,86502.50,86827.60
2025-03-24 16:00:00,86827.50,87898.90,86808.00,87643.50
2025-03-24 20:00:00,87643.60,88752.00,87100.00,88283.60
2025-03-25 00:00:00,88283.70,88492.10,87630.00,88162.30
2025-03-25 04:00:00,88162.30,88438.50,87010.00,87463.40
2025-03-25 08:00:00,87463.40,87644.00,86278.50,86477.40
2025-03-25 12:00:00,86477.30,86847.30,86260.00,86404.40
2025-03-25 16:00:00,86404.50,87448.00,86358.20,87323.30
2025-03-25 20:00:00,87323.40,88221.00,86839.20,87723.00
2025-03-26 00:00:00,87723.00,88284.00,87532.30,88051.40
2025-03-26 04:00:00,88054.00,88500.00,87079.00,87369.80
2025-03-26 08:00:00,87369.90,87864.40,86980.00,87120.60
2025-03-26 12:00:00,87120.60,88270.20,87000.30,88106.70
2025-03-26 16:00:00,88106.70,88235.00,87781.80,87914.90
2025-03-26 20:00:00,87914.90,87975.00,86387.70,86696.90
2025-03-27 00:00:00,86696.80,87032.60,85816.30,86525.30
2025-03-27 04:00:00,86525.20,87360.00,86473.80,86873.80
2025-03-27 08:00:00,86873.90,87722.40,86752.30,87631.10
2025-03-27 12:00:00,87631.20,87654.20,87210.00,87363.20
2025-03-27 16:00:00,87363.10,87562.40,86741.50,86900.70
2025-03-27 20:00:00,86900.70,87528.00,85724.50,86931.20
2025-03-28 00:00:00,86931.20,87380.60,86738.00,87025.80
2025-03-28 04:00:00,87025.90,87695.90,86892.00,87191.20
2025-03-28 08:00:00,87191.20,87470.00,86694.50,86746.80
2025-03-28 12:00:00,86746.80,86792.80,85121.10,85175.10
2025-03-28 16:00:00,85175.10,85409.50,84767.00,85214.00
2025-03-28 20:00:00,85214.00,85575.00,83915.60,84011.10
2025-03-29 00:00:00,84011.00,84190.00,83531.70,83760.70
2025-03-29 04:00:00,83760.70,84499.50,83659.60,84380.80
2025-03-29 08:00:00,84380.80,84589.70,83668.10,84125.70
2025-03-29 12:00:00,84125.80,84222.00,83618.00,83696.00
2025-03-29 16:00:00,83696.10,83917.50,81963.00,82255.10
2025-03-29 20:00:00,82255.10,82839.90,82104.00,82377.30
2025-03-30 00:00:00,82377.30,82737.60,81601.00,82722.90
2025-03-30 04:00:00,82722.90,82759.40,82214.00,82604.70
2025-03-30 08:00:00,82604.80,83456.00,82450.90,83042.80
2025-03-30 12:00:00,83042.80,83283.30,82818.50,83037.40
2025-03-30 16:00:00,83037.50,83490.00,82924.10,83080.00
2025-03-30 20:00:00,83080.00,83229.60,82531.40,82699.90
2025-03-31 00:00:00,82699.90,82878.20,82000.00,82510.60
2025-03-31 04:00:00,82510.50,82732.50,81501.40,82352.80
2025-03-31 08:00:00,82353.10,82416.00,81222.00,81491.50
2025-03-31 12:00:00,81491.60,82275.50,81358.10,81895.20
2025-03-31 16:00:00,81895.10,82236.00,81250.00,82171.50
2025-03-31 20:00:00,82171.60,83895.80,81600.50,83373.40
2025-04-01 00:00:00,83373.30,83655.40,82350.00,82426.70
2025-04-01 04:00:00,82426.70,82898.60,82221.00,82517.50
2025-04-01 08:00:00,82517.50,83213.00,82383.30,82929.90
2025-04-01 12:00:00,82930.00,83565.00,82846.10,83415.20
2025-04-01 16:00:00,83415.20,84474.80,83401.00,83879.90
2025-04-01 20:00:00,83880.00,85475.00,82505.00,85245.40
2025-04-02 00:00:00,85245.50,85452.50,84666.30,84911.70
2025-04-02 04:00:00,84911.60,85595.50,84715.70,85120.90
2025-04-02 08:00:00,85121.00,85217.90,84479.20,84509.50
2025-04-02 12:00:00,84509.50,84695.00,83846.00,84389.80
2025-04-02 16:00:00,84389.70,85425.00,84220.00,84528.40
2025-04-02 20:00:00,84528.30,87288.00,84424.10,86709.50
2025-04-03 00:00:00,86709.50,87255.00,86142.00,86854.20
2025-04-03 04:00:00,86854.20,88500.00,82300.00,82485.10
2025-04-03 08:00:00,82485.10,83889.20,82137.30,83449.00
2025-04-03 12:00:00,83449.20,83707.90,82962.10,83423.70
2025-04-03 16:00:00,83423.70,83774.10,83008.40,83058.10
2025-04-03 20:00:00,83058.00,83112.00,81172.20,82001.80
2025-04-04 00:00:00,82001.70,82463.70,81504.80,81977.40
2025-04-04 04:00:00,81977.40,83298.00,81754.90,83181.50
2025-04-04 08:00:00,83181.70,83376.00,82553.80,82787.90
2025-04-04 12:00:00,82787.90,83987.00,82569.90,83968.20
2025-04-04 16:00:00,83968.10,84686.20,81624.60,82633.70
2025-04-04 20:00:00,82633.70,83682.90,81796.60,82822.00
2025-04-05 00:00:00,82821.90,84580.00,82700.00,83971.90
2025-04-05 04:00:00,83969.30,84422.90,83449.70,83861.30
2025-04-05 08:00:00,83861.40,84244.50,83323.70,83585.70
2025-04-05 12:00:00,83585.60,83832.10,83300.50,83490.00
2025-04-05 16:00:00,83490.00,83866.30,83326.20,83428.40
2025-04-05 20:00:00,83428.30,83516.80,82333.80,82576.40
2025-04-06 00:00:00,82576.50,83108.80,82561.80,82818.70
2025-04-06 04:00:00,82818.70,83674.90,82781.50,83506.10
2025-04-06 08:00:00,83506.10,83790.50,83100.00,83301.70
2025-04-06 12:00:00,83301.70,83496.90,82980.00,82990.90
2025-04-06 16:00:00,82990.90,83143.90,82625.00,82810.10
2025-04-06 20:00:00,82810.10,82944.00,82155.40,82497.40
2025-04-07 00:00:00,82497.40,82524.90,78635.00,79572.60
2025-04-07 04:00:00,79572.60,79858.70,77111.00,78390.00
2025-04-07 08:00:00,78390.10,79311.50,77311.00,77669.60
2025-04-07 12:00:00,77669.50,77950.00,74457.00,75084.10
2025-04-07 16:00:00,75084.10,77550.60,75051.70,76655.90
2025-04-07 20:00:00,76656.00,81200.00,75761.50,78444.60
2025-04-08 00:00:00,78444.60,79347.10,77262.60,78086.30
2025-04-08 04:00:00,78093.70,80184.70,78060.00,79140.00
2025-04-08 08:00:00,79140.10,80832.10,78726.50,79869.20
2025-04-08 12:00:00,79869.30,80383.40,79177.00,79448.60
2025-04-08 16:00:00,79448.50,80049.80,78788.00,79949.70
2025-04-08 20:00:00,79949.70,80359.50,78136.00,78460.00
2025-04-09 00:00:00,78459.90,78500.00,76311.00,76830.00
2025-04-09 04:00:00,76832.00,77259.90,76200.10,76297.90
2025-04-09 08:00:00,76298.00,76834.60,74578.50,75040.00
2025-04-09 12:00:00,75039.90,77906.60,74952.00,77651.40
2025-04-09 16:00:00,77651.30,77833.80,75735.90,76204.10
2025-04-09 20:00:00,76204.10,78288.80,75988.00,77237.60
2025-04-10 00:00:00,77237.50,82967.40,77104.00,82291.40
2025-04-10 04:00:00,82291.40,83554.90,81980.10,82588.00
2025-04-10 08:00:00,82587.90,82706.90,81424.30,81731.80
2025-04-10 12:00:00,81731.90,82315.40,81241.10,81561.60
2025-04-10 16:00:00,81561.50,82083.30,81300.90,81839.20
2025-04-10 20:00:00,81839.10,82488.00,78559.00,78731.70
2025-04-11 00:00:00,78731.70,80011.80,78416.00,79611.10
2025-04-11 04:00:00,79611.10,79999.90,79335.20,79560.20
2025-04-11 08:00:00,79560.30,80855.00,78935.50,80796.90
2025-04-11 12:00:00,80796.90,81388.00,80460.00,81213.60
2025-04-11 16:00:00,81213.70,82944.30,80691.30,82096.60
2025-04-11 20:00:00,82096.50,83297.90,81305.00,82486.70
2025-04-12 00:00:00,82486.80,84178.70,81968.00,83809.50
2025-04-12 04:00:00,83809.50,84300.00,83115.10,83378.30
2025-04-12 08:00:00,83378.30,83537.60,82756.00,82940.30
2025-04-12 12:00:00,82940.30,83785.40,82824.20,83685.40
2025-04-12 16:00:00,83685.40,83998.90,83260.00,83484.00
2025-04-12 20:00:00,83484.00,85388.00,83432.60,84974.10
2025-04-13 00:00:00,84974.10,85225.00,84389.50,84891.80
2025-04-13 04:00:00,84891.70,85884.20,84830.80,85237.80
2025-04-13 08:00:00,85237.90,86100.00,84689.50,85388.80
2025-04-13 12:00:00,85388.80,85400.00,84355.10,84378.40
2025-04-13 16:00:00,84378.40,84918.00,84160.80,84490.60
2025-04-13 20:00:00,84490.60,84649.00,83450.70,83820.10
2025-04-14 00:00:00,83820.10,84999.90,82991.50,83949.90
2025-04-14 04:00:00,83950.00,84424.30,82999.90,83713.70
2025-04-14 08:00:00,83713.80,85534.80,83630.90,84536.40
2025-04-14 12:00:00,84536.40,85067.10,84170.20,84544.20
2025-04-14 16:00:00,84544.30,84936.90,84202.00,84891.50
2025-04-14 20:00:00,84891.60,85755.00,83668.90,84054.40
2025-04-15 00:00:00,84054.40,85171.90,83813.90,84872.60
2025-04-15 04:00:00,84872.50,84925.50,84376.00,84553.90
2025-04-15 08:00:00,84553.90,85392.20,84303.00,85351.90
2025-04-15 12:00:00,85351.90,85835.00,85109.90,85691.30
2025-04-15 16:00:00,85691.30,85974.90,85314.40,85549.30
2025-04-15 20:00:00,85549.30,86443.00,84567.00,84871.90
2025-04-16 00:00:00,84871.90,85115.10,83888.00,83954.60
2025-04-16 04:00:00,83954.50,84197.90,83560.00,83608.70
2025-04-16 08:00:00,83608.60,83915.70,83063.90,83654.00
2025-04-16 12:00:00,83653.90,83788.50,83165.80,83325.00
2025-04-16 16:00:00,83325.00,84091.70,83100.00,84008.50
2025-04-16 20:00:00,84008.40,85232.00,83453.40,84810.70
2025-04-17 00:00:00,84811.30,85493.50,83198.20,84286.00
2025-04-17 04:00:00,84286.00,84642.80,83986.70,83990.00
2025-04-17 08:00:00,83990.10,84468.80,83772.50,83953.30
2025-04-17 12:00:00,83953.30,85043.40,83856.90,84629.00
2025-04-17 16:00:00,84629.00,84730.00,84144.10,84531.80
2025-04-17 20:00:00,84531.80,84829.40,83700.00,84495.50
2025-04-18 00:00:00,84495.60,85441.50,84358.00,84797.50
2025-04-18 04:00:00,84797.00,85100.00,84681.40,84915.00
2025-04-18 08:00:00,84914.90,85100.00,84682.80,84790.30
2025-04-18 12:00:00,84790.40,84803.10,84349.30,84622.90
2025-04-18 16:00:00,84622.90,84734.50,84428.90,84629.40
2025-04-18 20:00:00,84629.50,84730.00,84300.50,84332.30
2025-04-19 00:00:00,84332.20,84616.10,84260.00,84529.10
2025-04-19 04:00:00,84529.00,84659.80,84291.40,84421.00
2025-04-19 08:00:00,84421.00,84947.80,84317.20,84845.30
2025-04-19 12:00:00,84845.30,85240.00,84840.10,85174.50
2025-04-19 16:00:00,85174.50,85400.00,85070.90,85179.30
2025-04-19 20:00:00,85179.30,85600.00,85006.20,85146.30
2025-04-20 00:00:00,85146.30,85277.80,84613.50,85054.30
2025-04-20 04:00:00,85054.20,85332.70,84966.00,85046.90
2025-04-20 08:00:00,85046.90,85283.60,85001.00,85116.60
2025-04-20 12:00:00,85116.70,85210.00,84650.00,84736.50
2025-04-20 16:00:00,84736.60,84751.00,83900.00,84084.60
2025-04-20 20:00:00,84084.60,84638.40,84050.50,84304.50
2025-04-21 00:00:00,84304.60,84624.50,84234.10,84608.80
2025-04-21 04:00:00,84608.90,85266.50,84572.00,85138.80
2025-04-21 08:00:00,85138.90,87621.80,85100.00,87166.60
2025-04-21 12:00:00,87166.60,87702.30,87007.00,87400.60
2025-04-21 16:00:00,87400.70,87777.00,86610.00,86936.40
2025-04-21 20:00:00,86936.50,88418.20,86750.00,87997.40
2025-04-22 00:00:00,87997.30,88216.30,86327.00,87369.10
2025-04-22 04:00:00,87369.20,87599.80,86852.00,87466.00
2025-04-22 08:00:00,87466.00,88850.00,87017.50,88111.00
2025-04-22 12:00:00,88111.00,88445.00,87911.10,88434.90
2025-04-22 16:00:00,88434.90,88649.90,88187.20,88572.70
2025-04-22 20:00:00,88572.80,91373.00,88432.90,90881.20
2025-04-23 00:00:00,90881.10,91686.60,90561.70,91356.40
2025-04-23 04:00:00,91356.30,94142.50,90999.30,93404.90
2025-04-23 08:00:00,93404.90,93864.90,92552.00,93126.00
2025-04-23 12:00:00,93126.00,94263.00,92964.10,94102.50
2025-04-23 16:00:00,94102.60,94453.00,93280.00,93425.20
2025-04-23 20:00:00,93425.20,94904.30,91898.00,93140.30
2025-04-24 00:00:00,93140.30,94178.00,92860.00,93436.30
2025-04-24 04:00:00,93436.40,93869.90,93181.80,93632.10
2025-04-24 08:00:00,93632.20,93735.10,92607.00,92632.90
2025-04-24 12:00:00,92632.80,92869.90,92055.10,92166.00
2025-04-24 16:00:00,92166.10,92620.00,91619.00,92575.10
2025-04-24 20:00:00,92575.20,93429.60,92380.40,93144.80
2025-04-25 00:00:00,93144.80,93595.70,92625.00,93497.50
2025-04-25 04:00:00,93497.60,93980.60,92969.00,93931.60
2025-04-25 08:00:00,93931.50,94409.50,92788.00,93262.90
2025-04-25 12:00:00,93262.90,93821.70,92959.20,93734.00
2025-04-25 16:00:00,93733.90,94642.60,93493.90,94602.30
2025-04-25 20:00:00,94602.20,95769.60,93876.00,94999.80
2025-04-26 00:00:00,94999.80,95498.30,94310.00,95229.20
2025-04-26 04:00:00,95229.30,95284.50,94402.00,94591.80
2025-04-26 08:00:00,94591.80,95157.10,94500.50,94685.00
2025-04-26 12:00:00,94685.00,94776.10,94274.00,94520.10
2025-04-26 16:00:00,94520.00,94680.00,93947.50,94095.60
2025-04-26 20:00:00,94095.70,94360.00,93833.00,94325.00
2025-04-27 00:00:00,94325.00,94332.60,94000.00,94261.00
2025-04-27 04:00:00,94261.00,94850.20,94043.10,94575.70
2025-04-27 08:00:00,94575.70,95280.50,94000.00,94121.70
2025-04-27 12:00:00,94121.60,94250.00,93586.70,94027.60
2025-04-27 16:00:00,94027.70,94295.40,93840.00,93871.10
2025-04-27 20:00:00,93871.10,94140.80,93547.30,93857.70
2025-04-28 00:00:00,93857.70,94394.30,93680.00,94388.90
2025-04-28 04:00:00,94388.90,94517.90,93600.00,93697.10
2025-04-28 08:00:00,93697.00,93943.80,92700.00,93799.90
2025-04-28 12:00:00,93800.00,94758.00,93799.90,94641.60
2025-04-28 16:00:00,94641.60,95490.00,94259.20,95276.10
2025-04-28 20:00:00,95276.10,95578.80,93520.20,93772.80
2025-04-29 00:00:00,93772.70,94874.20,93367.20,94740.90
2025-04-29 04:00:00,94741.00,95146.30,94244.50,94969.00
2025-04-29 08:00:00,94969.00,95415.70,94380.00,94599.90
2025-04-29 12:00:00,94599.90,94927.60,94154.10,94878.00
2025-04-29 16:00:00,94877.90,95264.90,94700.10,95086.90
2025-04-29 20:00:00,95087.00,95260.00,94466.50,94790.70
2025-04-30 00:00:00,94790.60,95426.40,94590.50,95250.50
2025-04-30 04:00:00,95250.50,95350.00,93678.70,94200.10
2025-04-30 08:00:00,94200.10,95078.50,94081.40,94989.30
2025-04-30 12:00:00,94989.30,95149.90,94442.30,94577.60
2025-04-30 16:00:00,94577.60,95186.50,94468.60,95126.50
2025-04-30 20:00:00,95126.40,95163.60,92848.10,93948.40
2025-05-01 00:00:00,93948.40,94488.00,93476.20,94118.20
2025-05-01 04:00:00,94118.20,94751.80,93950.00,94125.10
2025-05-01 08:00:00,94125.20,94978.10,94086.70,94737.50
2025-05-01 12:00:00,94737.60,95146.20,94660.20,94978.60
2025-05-01 16:00:00,94978.60,96351.80,94866.60,96129.90
2025-05-01 20:00:00,96130.00,97388.00,95742.10,96793.90
2025-05-02 00:00:00,96793.90,97300.00,96344.40,96459.10
2025-05-02 04:00:00,96459.50,96834.40,96122.40,96423.30
2025-05-02 08:00:00,96423.20,97193.70,96400.00,97054.90
2025-05-02 12:00:00,97055.00,97262.00,96283.10,96302.00
2025-05-02 16:00:00,96302.00,97072.20,96300.00,96875.70
2025-05-02 20:00:00,96875.70,97865.40,96585.10,97270.10
2025-05-03 00:00:00,97270.10,97740.00,96700.00,96856.80
2025-05-03 04:00:00,96856.80,97083.40,96507.60,96831.20
2025-05-03 08:00:00,96831.20,96868.40,96255.00,96292.10
2025-05-03 12:00:00,96292.10,96557.70,96064.10,96290.80
2025-05-03 16:00:00,96290.80,96377.80,95804.80,95895.60
2025-05-03 20:00:00,95895.70,96456.00,95834.40,96358.70
2025-05-04 00:00:00,96358.70,96370.00,95812.70,96312.00
2025-05-04 04:00:00,96312.00,96399.90,95700.00,95803.30
2025-05-04 08:00:00,95803.30,96266.60,95508.70,95680.00
2025-05-04 12:00:00,95680.00,96109.60,95634.00,95842.10
2025-05-04 16:00:00,95842.10,95886.50,95227.20,95376.00
2025-05-04 20:00:00,95376.00,95649.00,95172.40,95421.10
2025-05-05 00:00:00,95421.10,95590.00,95200.10,95533.90
2025-05-05 04:00:00,95534.00,95700.00,94116.40,94230.20
2025-05-05 08:00:00,94230.20,94750.10,93445.10,94001.10
2025-05-05 12:00:00,94001.20,94778.50,93980.00,94696.40
2025-05-05 16:00:00,94696.40,94726.80,93835.00,93986.00
2025-05-05 20:00:00,93986.10,94501.00,93559.60,93726.00
2025-05-06 00:00:00,93726.00,94871.80,93705.30,94295.50
2025-05-06 04:00:00,94295.20,95165.10,93814.20,94696.70
2025-05-06 08:00:00,94696.70,94893.30,93961.00,94418.30
2025-05-06 12:00:00,94418.40,94600.00,94267.00,94350.00
2025-05-06 16:00:00,94350.00,94354.60,93662.20,93770.30
2025-05-06 20:00:00,93770.30,94697.20,93327.00,94513.20
2025-05-07 00:00:00,94513.20,95119.90,94145.40,94910.80
2025-05-07 04:00:00,94910.80,96879.50,94400.00,96798.90
2025-05-07 08:00:00,96798.90,97700.00,96153.20,96453.80
2025-05-07 12:00:00,96453.80,96963.00,96268.00,96940.00
2025-05-07 16:00:00,96940.00,97077.60,96783.00,97000.00
2025-05-07 20:00:00,97000.00,97446.80,96655.20,96889.00
2025-05-08 00:00:00,96889.00,96916.50,95718.50,96124.60
2025-05-08 04:00:00,96124.50,97363.80,96015.10,96988.40
2025-05-08 08:00:00,96988.40,99199.90,96831.50,99097.90
2025-05-08 12:00:00,99098.00,99374.30,98680.10,99212.00
2025-05-08 16:00:00,99212.10,99863.30,99165.20,99369.80
2025-05-08 20:00:00,99369.90,101493.20,99050.10,100730.80
2025-05-09 00:00:00,100730.90,101686.70,100550.00,101254.20
2025-05-09 04:00:00,101254.30,104305.30,101231.70,103228.10
2025-05-09 08:00:00,103228.00,103228.10,102327.90,102419.50
2025-05-09 12:00:00,102419.50,104373.00,102345.70,103597.40
2025-05-09 16:00:00,103597.40,103920.00,102376.50,102914.50
2025-05-09 20:00:00,102914.50,103746.80,102358.00,102852.90
2025-05-10 00:00:00,102853.00,103336.10,102240.00,103145.50
2025-05-10 04:00:00,103145.50,103366.00,102700.00,102941.90
2025-05-10 08:00:00,102941.90,103232.00,102784.00,103179.40
2025-05-10 12:00:00,103179.30,104085.00,102997.30,103721.70
2025-05-10 16:00:00,103721.70,104066.20,103311.00,103374.60
2025-05-10 20:00:00,103374.70,103781.10,103038.70,103102.60
2025-05-11 00:00:00,103102.60,103589.00,102940.00,103148.60
2025-05-11 04:00:00,103148.70,105000.10,103016.20,104788.80
2025-05-11 08:00:00,104788.80,104950.00,103406.30,103947.80
2025-05-11 12:00:00,103947.80,104363.90,103283.30,103327.90
2025-05-11 16:00:00,103327.80,104750.00,103321.00,104613.70
2025-05-11 20:00:00,104613.70,104873.50,103726.60,104083.00
2025-05-12 00:00:00,104082.90,104800.00,103691.90,104373.80
2025-05-12 04:00:00,104373.80,104526.30,103502.40,104072.70
2025-05-12 08:00:00,104072.70,105190.40,103664.80,104064.00
2025-05-12 12:00:00,104064.00,105863.10,103696.30,104426.20
2025-05-12 16:00:00,104426.30,104684.00,103550.00,103705.10
2025-05-12 20:00:00,103705.00,104620.10,102345.00,102481.70
2025-05-13 00:00:00,102481.80,103040.80,100678.00,101812.80
2025-05-13 04:00:00,101812.90,103080.90,101728.30,102739.30
2025-05-13 08:00:00,102739.30,102743.90,101400.00,101681.30
2025-05-13 12:00:00,101681.30,102900.00,101580.40,102624.00
2025-05-13 16:00:00,102624.00,103778.90,102507.60,103685.50
2025-05-13 20:00:00,103685.50,103930.10,102762.90,103633.10
2025-05-14 00:00:00,103633.00,104949.20,103488.20,104744.70
2025-05-14 04:00:00,104744.70,104889.20,103795.50,104082.00
2025-05-14 08:00:00,104082.00,104086.50,103409.00,103549.20
2025-05-14 12:00:00,103549.10,103949.60,103314.00,103662.20
2025-05-14 16:00:00,103662.20,104109.60,102815.00,103903.40
2025-05-14 20:00:00,103903.30,104319.00,102773.40,103461.40
2025-05-15 00:00:00,103461.30,103675.00,102536.00,103278.70
2025-05-15 04:00:00,103278.80,103626.50,103248.90,103458.10
2025-05-15 08:00:00,103458.10,103820.00,102663.50,102706.10
2025-05-15 12:00:00,102706.00,102926.20,101677.00,101733.90
2025-05-15 16:00:00,101734.00,102398.70,101433.00,102335.30
2025-05-15 20:00:00,102335.30,103242.00,101270.80,103211.20
2025-05-16 00:00:00,103211.20,104162.80,102500.00,103107.00
2025-05-16 04:00:00,103107.10,103939.80,102662.00,103714.50
2025-05-16 08:00:00,103714.20,104440.10,103414.80,103979.00
2025-05-16 12:00:00,103979.10,104150.00,103640.00,103646.60
2025-05-16 16:00:00,103646.50,103872.90,103062.30,103614.50
2025-05-16 20:00:00,103614.60,104258.70,103300.00,104144.00
2025-05-17 00:00:00,104144.00,104524.20,103533.20,103974.30
2025-05-17 04:00:00,103974.30,103991.70,103361.60,103412.20
2025-05-17 08:00:00,103412.20,103564.70,102541.60,103464.70
2025-05-17 12:00:00,103464.60,103658.00,103239.60,103399.40
2025-05-17 16:00:00,103399.50,103524.70,102705.00,102944.20
2025-05-17 20:00:00,102944.10,103132.30,102591.00,102900.00
2025-05-18 00:00:00,102900.10,103305.80,102706.60,103100.10
2025-05-18 04:00:00,103100.10,103458.60,102851.50,103079.60
2025-05-18 08:00:00,103079.50,103380.80,103052.20,103244.20
2025-05-18 12:00:00,103244.30,103949.60,103244.30,103893.00
2025-05-18 16:00:00,103893.00,104066.10,103754.40,103769.00
2025-05-18 20:00:00,103769.00,105665.30,103660.70,105484.20
2025-05-19 00:00:00,105484.20,105999.70,103800.00,103834.00
2025-05-19 04:00:00,103834.10,106629.80,103217.20,106407.60
2025-05-19 08:00:00,106407.50,107114.30,103502.40,103569.40
2025-05-19 12:00:00,103569.50,103739.20,102038.80,103167.00
2025-05-19 16:00:00,103167.10,103359.50,102732.80,102912.00
2025-05-19 20:00:00,102912.10,104920.20,102088.90,104740.40
2025-05-20 00:00:00,104740.50,105519.80,104426.80,105457.80
2025-05-20 04:00:00,105457.90,105798.50,104982.00,105531.60
2025-05-20 08:00:00,105531.50,106800.00,105480.10,105720.00
2025-05-20 12:00:00,105720.00,106371.30,104868.50,104980.10
2025-05-20 16:00:00,104980.10,105371.70,104808.60,105159.20
2025-05-20 20:00:00,105159.30,105357.60,104115.20,105294.50
2025-05-21 00:00:00,105294.50,107252.90,105028.40,106972.20
2025-05-21 04:00:00,106972.30,107292.50,105875.80,106800.10
2025-05-21 08:00:00,106800.00,107168.70,106146.90,106791.00
2025-05-21 12:00:00,106791.00,107950.00,106400.00,106463.60
2025-05-21 16:00:00,106463.70,106748.70,106037.90,106490.90
2025-05-21 20:00:00,106490.90,109430.00,106277.80,108936.60
2025-05-22 00:00:00,108936.60,109804.20,106085.30,108547.30
2025-05-22 04:00:00,108547.20,110830.00,107671.70,109609.50
2025-05-22 08:00:00,109609.60,111866.40,109153.40,111755.90
2025-05-22 12:00:00,111755.90,111776.30,110433.00,111005.80
2025-05-22 16:00:00,111005.80,111303.80,110238.50,110944.10
2025-05-22 20:00:00,110944.00,111582.50,110492.80,111250.60
2025-05-23 00:00:00,111251.00,111959.50,110860.50,111136.10
2025-05-23 04:00:00,111136.20,111692.90,110704.10,111662.70
2025-05-23 08:00:00,111662.60,111770.40,110958.50,111044.00
2025-05-23 12:00:00,111044.00,111143.30,110351.50,110685.20
2025-05-23 16:00:00,110685.30,111348.00,108816.00,109033.20
2025-05-23 20:00:00,109033.20,109969.60,107250.00,108892.40
2025-05-24 00:00:00,108892.50,109760.00,107950.00,108659.40
2025-05-24 04:00:00,108659.50,108677.20,106721.90,107271.50
2025-05-24 08:00:00,107271.60,108330.60,106836.00,108306.80
2025-05-24 12:00:00,108306.70,108520.00,107520.00,107550.60
2025-05-24 16:00:00,107550.70,109440.20,107546.10,109152.20
2025-05-24 20:00:00,109152.20,109227.10,108495.80,108889.20
2025-05-25 00:00:00,108889.10,109165.80,108647.10,108912.70
2025-05-25 04:00:00,108912.70,109084.80,107394.70,107698.90
2025-05-25 08:00:00,107699.00,108210.00,107142.00,108045.40
2025-05-25 12:00:00,108045.40,108250.10,107387.80,107637.10
2025-05-25 16:00:00,107637.10,107650.50,106653.00,107214.00
2025-05-25 20:00:00,107214.00,107698.40,106497.00,106927.90
2025-05-26 00:00:00,106928.00,107888.00,106593.40,107656.30
2025-05-26 04:00:00,107656.30,109285.10,107118.80,108955.90
2025-05-26 08:00:00,108956.00,109856.00,108616.60,109587.00
2025-05-26 12:00:00,109587.10,110197.90,109327.40,110049.90
2025-05-26 16:00:00,110049.90,110138.80,109500.00,109736.70
2025-05-26 20:00:00,109736.60,110400.00,109412.90,109963.20
2025-05-27 00:00:00,109963.20,110394.70,108807.00,109074.30
2025-05-27 04:00:00,109074.40,109863.20,108894.00,109386.80
2025-05-27 08:00:00,109386.80,109633.80,107438.00,108844.90
2025-05-27 12:00:00,108845.00,109600.00,108483.00,109488.00
2025-05-27 16:00:00,109488.00,109861.50,109366.90,109541.80
2025-05-27 20:00:00,109541.90,110700.00,108609.40,110091.30
2025-05-28 00:00:00,110091.30,110459.70,109516.10,109822.80
2025-05-28 04:00:00,109824.80,109857.60,108533.50,108889.30
2025-05-28 08:00:00,108889.20,109252.60,108339.20,108807.60
2025-05-28 12:00:00,108807.30,109040.70,108568.70,108764.90
2025-05-28 16:00:00,108764.90,109076.20,108178.10,108821.40
2025-05-28 20:00:00,108821.30,109012.00,107000.00,107065.50
2025-05-29 00:00:00,107065.50,107793.00,106881.50,106894.10
2025-05-29 04:00:00,106894.00,107999.00,106723.90,107723.10
2025-05-29 08:00:00,107723.10,108450.00,107378.60,107996.40
2025-05-29 12:00:00,107996.50,108056.80,106877.40,107839.40
2025-05-29 16:00:00,107839.50,108860.00,107638.60,108740.00
2025-05-29 20:00:00,108740.00,108772.90,106400.00,106972.50
2025-05-30 00:00:00,106972.60,107121.10,105580.00,105699.20
2025-05-30 04:00:00,105699.10,106415.00,105054.20,105539.90
2025-05-30 08:00:00,105539.90,106175.90,104521.00,105978.80
2025-05-30 12:00:00,105978.80,106266.00,104680.40,104997.50
2025-05-30 16:00:00,104997.50,105940.10,104568.00,105827.40
2025-05-30 20:00:00,105827.40,105949.10,105000.10,105504.00
2025-05-31 00:00:00,105504.00,105531.50,103650.20,104597.60
2025-05-31 04:00:00,104597.60,104849.90,103555.00,103950.00
2025-05-31 08:00:00,103949.90,104259.40,103032.10,103640.10
2025-05-31 12:00:00,103640.20,103863.60,103433.10,103700.60
2025-05-31 16:00:00,103700.50,103770.20,103249.90,103460.90
2025-05-31 20:00:00,103460.90,104800.00,103444.40,104497.10
2025-06-01 00:00:00,104497.10,104743.80,104215.00,104653.90
2025-06-01 04:00:00,104653.90,104859.30,104423.00,104544.70
2025-06-01 08:00:00,104544.60,104599.60,103860.90,104336.40
2025-06-01 12:00:00,104336.40,104700.00,104138.00,104231.00
2025-06-01 16:00:00,104230.90,104410.50,103704.10,104038.00
2025-06-01 20:00:00,104038.00,104760.00,103708.60,104664.00
2025-06-02 00:00:00,104663.90,105285.00,104280.10,105075.20
2025-06-02 04:00:00,105075.20,105823.60,104833.10,105583.30
2025-06-02 08:00:00,105583.30,105700.00,104520.00,104781.80
2025-06-02 12:00:00,104781.80,105398.50,104549.80,105346.40
2025-06-02 16:00:00,105346.40,105900.00,103867.80,104000.00
2025-06-02 20:00:00,104000.10,104646.10,103600.60,104396.80
2025-06-03 00:00:00,104396.90,104699.40,103982.90,104366.40
2025-06-03 04:00:00,104366.50,105893.80,104366.50,105814.30
2025-06-03 08:00:00,105814.40,106470.80,105280.00,105448.80
2025-06-03 12:00:00,105448.80,105475.40,105062.50,105134.40
2025-06-03 16:00:00,105134.40,105305.20,104822.40,105240.10
2025-06-03 20:00:00,105240.10,106775.00,104969.40,106556.10
2025-06-04 00:00:00,106556.10,106619.60,105526.20,106171.80
2025-06-04 04:00:00,106179.70,106208.00,105200.40,105330.10
2025-06-04 08:00:00,105330.10,105800.00,105072.00,105474.90
2025-06-04 12:00:00,105474.80,105566.40,105200.00,105260.20
2025-06-04 16:00:00,105260.10,105967.20,105039.10,105044.10
2025-06-04 20:00:00,105044.20,105510.20,104111.70,105254.70
2025-06-05 00:00:00,105254.70,105437.80,104824.00,104870.40
2025-06-05 04:00:00,104870.40,105006.30,104350.00,104641.80
2025-06-05 08:00:00,104641.80,105225.60,104594.80,104991.40
2025-06-05 12:00:00,104991.50,105183.00,104321.20,104473.00
2025-06-05 16:00:00,104473.10,104880.00,104373.00,104772.70
2025-06-05 20:00:00,104772.70,105878.30,103825.00,104490.50
2025-06-06 00:00:00,104490.50,104547.90,101500.00,101872.90
2025-06-06 04:00:00,101873.00,102163.90,100305.10,101458.60
2025-06-06 08:00:00,101458.70,102464.70,101003.40,102444.90
2025-06-06 12:00:00,102445.00,103424.50,102321.10,103096.80
2025-06-06 16:00:00,103096.70,103953.90,103096.70,103866.00
2025-06-06 20:00:00,103865.90,105283.00,103471.40,105035.40
2025-06-07 00:00:00,105035.40,105240.00,104010.00,104176.90
2025-06-07 04:00:00,104177.00,104574.90,104109.20,104240.00
2025-06-07 08:00:00,104240.10,104856.00,103800.10,104822.40
2025-06-07 12:00:00,104822.40,105293.00,104591.90,104813.60
2025-06-07 16:00:00,104813.70,105222.00,104632.00,105094.50
2025-06-07 20:00:00,105094.50,105758.80,105094.40,105507.90
2025-06-08 00:00:00,105507.90,105850.00,105222.60,105694.20
2025-06-08 04:00:00,105694.10,105878.30,105482.70,105507.50
2025-06-08 08:00:00,105507.50,105760.50,105347.00,105436.40
2025-06-08 12:00:00,105436.50,105617.20,105358.20,105380.40
2025-06-08 16:00:00,105380.50,105666.60,104927.40,105619.20
2025-06-08 20:00:00,105619.20,106200.00,105450.00,105917.50
2025-06-09 00:00:00,105917.60,106300.00,105888.50,106242.60
2025-06-09 04:00:00,106242.60,106482.60,105511.00,105676.50
2025-06-09 08:00:00,105676.50,105929.80,105253.20,105617.00
2025-06-09 12:00:00,105617.00,105685.70,105265.00,105516.70
2025-06-09 16:00:00,105516.70,107774.80,105429.20,107707.90
2025-06-09 20:00:00,107707.80,107985.00,106800.30,107564.30
2025-06-10 00:00:00,107564.30,108791.80,107563.40,108515.10
2025-06-10 04:00:00,108515.10,110653.60,108383.00,110227.90
2025-06-10 08:00:00,110228.00,110280.00,109340.00,109525.80
2025-06-10 12:00:00,109525.90,109690.80,109041.10,109178.00
2025-06-10 16:00:00,109178.10,109800.00,109010.20,109498.10
2025-06-10 20:00:00,109498.00,109852.90,108282.00,108975.30
2025-06-11 00:00:00,108975.20,110367.20,108467.50,109460.00
2025-06-11 04:00:00,109460.10,110265.50,109189.00,110235.40
2025-06-11 08:00:00,110235.40,110247.00,109500.00,109664.10
2025-06-11 12:00:00,109664.10,109715.40,109322.00,109396.90
2025-06-11 16:00:00,109396.90,109629.30,109133.80,109200.10
2025-06-11 20:00:00,109200.10,110350.00,108950.10,109694.80
2025-06-12 00:00:00,109694.90,109776.50,108331.70,108684.50
2025-06-12 04:00:00,108684.50,109164.80,108001.20,108600.00
2025-06-12 08:00:00,108600.10,108782.10,107650.00,107820.50
2025-06-12 12:00:00,107820.50,107951.00,107300.00,107577.00
2025-06-12 16:00:00,107577.00,107798.00,106830.00,106862.90
2025-06-12 20:00:00,106862.90,107769.10,106539.10,106960.60
2025-06-13 00:00:00,106960.60,108398.40,106621.00,106749.60
2025-06-13 04:00:00,106749.50,106929.90,105602.00,105609.50
2025-06-13 08:00:00,105609.40,105661.00,102614.00,104233.90
2025-06-13 12:00:00,104233.90,104891.40,103733.70,104831.40
2025-06-13 16:00:00,104831.40,105459.70,104360.00,104989.90
2025-06-13 20:00:00,104990.00,105750.00,104069.50,105391.90
2025-06-14 00:00:00,105392.00,105912.00,104607.00,105050.00
2025-06-14 04:00:00,105050.10,106141.10,104963.10,106027.30
2025-06-14 08:00:00,106027.30,106173.60,105150.10,105189.40
2025-06-14 12:00:00,105189.30,105374.90,104738.70,105025.10
2025-06-14 16:00:00,105025.00,105088.00,104772.30,105030.60
2025-06-14 20:00:00,105030.50,105084.20,104570.00,104783.40
2025-06-15 00:00:00,104783.40,105011.00,104290.00,104582.30
2025-06-15 04:00:00,104584.20,105438.00,104225.40,105359.90
2025-06-15 08:00:00,105359.80,105631.60,105208.70,105425.60
2025-06-15 12:00:00,105425.60,106099.40,105137.00,105374.10
2025-06-15 16:00:00,105374.20,105444.90,104812.20,104924.50
2025-06-15 20:00:00,104924.60,105810.60,104900.00,105526.00
2025-06-16 00:00:00,105525.90,105744.00,104999.90,105252.00
2025-06-16 04:00:00,105251.90,105571.40,104399.90,105534.60
2025-06-16 08:00:00,105534.70,105927.00,104920.00,105865.60
2025-06-16 12:00:00,105865.60,107250.00,105817.30,107023.80
2025-06-16 16:00:00,107023.80,107199.90,106540.00,106842.50
2025-06-16 20:00:00,106842.60,107759.80,106446.60,107374.90
2025-06-17 00:00:00,107375.00,108882.00,107258.00,108594.20
2025-06-17 04:00:00,108594.20,108900.00,106640.10,106750.10
2025-06-17 08:00:00,106750.10,107727.40,106068.00,107553.30
2025-06-17 12:00:00,107553.30,107655.60,106413.40,106711.10
2025-06-17 16:00:00,106711.00,106785.20,105461.40,105592.90
2025-06-17 20:00:00,105592.90,105816.50,104068.00,104199.20
2025-06-18 00:00:00,104199.20,105288.00,103300.00,104630.60
2025-06-18 04:00:00,104630.50,104865.80,104143.40,104508.00
2025-06-18 08:00:00,104508.00,105192.20,104312.20,105132.20
2025-06-18 12:00:00,105132.10,105500.00,104660.00,104925.70
2025-06-18 16:00:00,104925.60,105276.80,104111.40,104791.20
2025-06-18 20:00:00,104791.10,105300.00,103750.00,104744.20
2025-06-19 00:00:00,104744.20,104795.00,103426.10,103773.30
2025-06-19 04:00:00,103773.30,105098.00,103601.50,104832.80
2025-06-19 08:00:00,104832.80,105185.70,104364.50,105054.40
2025-06-19 12:00:00,105054.40,105184.00,104560.60,104585.90
2025-06-19 16:00:00,104585.80,105032.10,104570.10,104717.70
2025-06-19 20:00:00,104717.80,104861.00,104021.30,104055.10
2025-06-20 00:00:00,104055.20,104795.20,103870.30,104202.60
2025-06-20 04:00:00,104202.60,104869.40,104094.60,104607.10
2025-06-20 08:00:00,104607.10,104770.00,104338.50,104555.10
2025-06-20 12:00:00,104555.00,105765.80,104185.30,105763.50
2025-06-20 16:00:00,105763.60,106486.20,105715.00,105928.60
2025-06-20 20:00:00,105928.70,106111.90,103805.90,104168.50
2025-06-21 00:00:00,104168.50,104221.00,102255.30,103263.90
2025-06-21 04:00:00,103263.80,103796.80,102903.60,103246.10
2025-06-21 08:00:00,103246.10,103641.00,103067.70,103434.50
2025-06-21 12:00:00,103434.60,103550.00,103268.60,103402.20
2025-06-21 16:00:00,103402.10,103940.60,103401.90,103827.50
2025-06-21 20:00:00,103827.50,103899.00,103222.70,103516.70
2025-06-22 00:00:00,103516.70,103600.00,102128.20,102207.50
2025-06-22 04:00:00,102207.50,102849.20,100789.90,102079.80
2025-06-22 08:00:00,102079.80,103362.60,101781.80,102340.00
2025-06-22 12:00:00,102340.00,102910.70,102220.90,102399.00
2025-06-22 16:00:00,102399.10,102770.60,102022.50,102693.70
2025-06-22 20:00:00,102693.70,102789.70,98786.90,98849.90
2025-06-23 00:00:00,98849.70,100348.70,98608.90,98829.70
2025-06-23 04:00:00,98829.70,100993.50,98115.40,100904.70
2025-06-23 08:00:00,100904.70,101580.60,100425.60,101104.40
2025-06-23 12:00:00,101104.30,102155.10,100899.30,101874.50
2025-06-23 16:00:00,101874.40,102028.90,101071.10,101248.50
2025-06-23 20:00:00,101248.40,102596.50,100749.80,101369.70
2025-06-24 00:00:00,101369.60,103273.70,99547.60,103114.20
2025-06-24 04:00:00,103114.20,106050.00,102818.40,105290.90
2025-06-24 08:00:00,105291.00,105454.10,104658.00,104870.00
2025-06-24 12:00:00,104870.00,105775.90,104651.40,104891.80
2025-06-24 16:00:00,104891.80,105525.00,104570.80,105134.60
2025-06-24 20:00:00,105134.50,105675.00,104750.00,105184.40
2025-06-25 00:00:00,105184.30,106239.00,105125.30,105582.10
2025-06-25 04:00:00,105582.10,106073.90,105382.40,106034.90
2025-06-25 08:00:00,106034.90,106750.90,105755.60,106177.00
2025-06-25 12:00:00,106176.90,106664.20,105949.20,106547.50
2025-06-25 16:00:00,106547.50,107187.60,106286.50,107136.30
2025-06-25 20:00:00,107136.30,108095.70,106700.00,106982.60
2025-06-26 00:00:00,106982.70,107863.10,106859.00,107698.20
2025-06-26 04:00:00,107698.10,107965.90,107022.60,107280.00
2025-06-26 08:00:00,107280.10,108249.90,107041.40,107809.30
2025-06-26 12:00:00,107809.40,108044.90,107467.60,107768.50
2025-06-26 16:00:00,107768.60,108135.00,107050.00,107272.80
2025-06-26 20:00:00,107272.80,107724.50,106500.00,107260.00
2025-06-27 00:00:00,107259.90,107630.80,106952.00,107476.10
2025-06-27 04:00:00,107476.00,107971.30,106789.90,106913.70
2025-06-27 08:00:00,106913.80,107462.50,106345.20,107428.00
2025-06-27 12:00:00,107428.10,107686.00,106801.00,106816.90
2025-06-27 16:00:00,106816.90,107125.90,106616.80,106943.70
2025-06-27 20:00:00,106943.70,107378.60,106313.10,107261.30
2025-06-28 00:00:00,107261.20,107659.90,106373.30,106748.10
2025-06-28 04:00:00,106748.20,107232.10,106736.70,107010.70
2025-06-28 08:00:00,107010.60,107313.40,106767.00,107248.00
2025-06-28 12:00:00,107248.00,107458.40,107127.20,107433.00
2025-06-28 16:00:00,107433.10,107450.00,107194.70,107320.30
2025-06-28 20:00:00,107320.20,107538.00,107039.80,107407.60
2025-06-29 00:00:00,107407.70,107494.00,107157.00,107162.50
2025-06-29 04:00:00,107162.50,107324.80,107096.70,107241.00
2025-06-29 08:00:00,107240.90,107464.00,107112.60,107156.50
2025-06-29 12:00:00,107156.50,107372.60,107156.40,107367.20
2025-06-29 16:00:00,107367.30,108460.00,107351.60,108448.30
2025-06-29 20:00:00,108448.30,108499.00,107580.60,107686.90
2025-06-30 00:00:00,107686.90,107735.70,107233.10,107346.50
2025-06-30 04:00:00,107346.50,108400.00,107203.80,108309.80
2025-06-30 08:00:00,108309.80,108783.90,108193.50,108466.70
2025-06-30 12:00:00,108466.80,108500.00,107427.50,107562.60
2025-06-30 16:00:00,107562.60,107916.60,107320.00,107608.10
2025-06-30 20:00:00,107608.10,107821.80,106686.40,107525.60
2025-07-01 00:00:00,107525.70,107775.00,107057.90,107689.60
2025-07-01 04:00:00,107689.60,107714.90,106863.80,107087.40
2025-07-01 08:00:00,107087.30,107499.90,106972.90,107149.40
2025-07-01 12:00:00,107149.40,107164.50,106557.40,107134.90
2025-07-01 16:00:00,107134.80,107139.10,106222.00,106556.80
2025-07-01 20:00:00,106556.80,107140.70,105578.00,105908.30
2025-07-02 00:00:00,105908.30,106248.60,105333.00,105340.10
2025-07-02 04:00:00,105340.10,106066.10,105182.60,105637.90
2025-07-02 08:00:00,105637.90,106165.10,105010.00,106140.00
2025-07-02 12:00:00,106140.00,107144.40,106074.20,107026.00
2025-07-02 16:00:00,107026.10,107799.90,107026.10,107439.60
2025-07-02 20:00:00,107439.70,108754.60,107132.30,108695.30
2025-07-03 00:00:00,108695.40,109690.40,108603.90,109621.90
2025-07-03 04:00:00,109621.80,109621.90,108682.50,108800.00
2025-07-03 08:00:00,108800.00,109075.10,108480.60,108594.80
2025-07-03 12:00:00,108594.80,109516.30,108509.10,109235.00
2025-07-03 16:00:00,109234.90,110265.10,109234.90,109551.00
2025-07-03 20:00:00,109551.10,110484.00,108706.00,109089.80
2025-07-04 00:00:00,109089.90,109865.90,108966.00,109743.90
2025-07-04 04:00:00,109743.80,109963.10,109488.80,109545.20
2025-07-04 08:00:00,109545.10,109732.30,109050.00,109195.60
2025-07-04 12:00:00,109195.70,109283.20,108661.00,108661.00
2025-07-04 16:00:00,108661.10,109071.10,108456.40,108842.30
2025-07-04 20:00:00,108842.20,108929.30,107436.00,107534.70
2025-07-05 00:00:00,107534.60,107868.60,107200.00,107429.60
2025-07-05 04:00:00,107429.60,108229.00,107385.90,107935.40
2025-07-05 08:00:00,107935.30,108218.00,107688.30,108093.50
2025-07-05 12:00:00,108093.40,108368.10,107946.10,108000.90
2025-07-05 16:00:00,108000.80,108175.00,107828.10,108059.10
2025-07-05 20:00:00,108059.20,108194.40,107908.80,108012.70
2025-07-06 00:00:00,108012.60,108130.70,107809.20,108092.10
2025-07-06 04:00:00,108092.20,108183.80,107930.10,108153.40
2025-07-06 08:00:00,108153.40,108211.00,107968.10,107996.30
2025-07-06 12:00:00,107996.20,108180.00,107901.00,107991.30
2025-07-06 16:00:00,107991.40,108087.20,107743.40,108017.30
2025-07-06 20:00:00,108017.30,109079.10,107984.70,108856.80
2025-07-07 00:00:00,108856.80,108917.00,108209.60,108493.80
2025-07-07 04:00:00,108493.80,109684.70,108477.90,109145.80
2025-07-07 08:00:00,109145.80,109667.30,108622.60,109348.90
2025-07-07 12:00:00,109349.00,109409.70,108611.00,109016.30
2025-07-07 16:00:00,109016.30,109041.20,108525.00,108599.90
2025-07-07 20:00:00,108599.80,108612.20,107903.20,108249.00
2025-07-08 00:00:00,108248.90,108460.80,107456.00,107999.90
2025-07-08 04:00:00,107999.90,108250.10,107728.50,108203.90
2025-07-08 08:00:00,108203.90,108475.00,107400.00,107852.60
2025-07-08 12:00:00,107852.50,108445.80,107696.50,108440.70
2025-07-08 16:00:00,108440.70,108964.10,108172.40,108713.10
2025-07-08 20:00:00,108713.20,109180.00,108151.00,108217.00
2025-07-09 00:00:00,108217.00,109115.40,108041.00,108723.60
2025-07-09 04:00:00,108723.60,108928.00,108570.10,108873.10
2025-07-09 08:00:00,108873.20,109107.40,108284.20,108311.90
2025-07-09 12:00:00,108311.90,108900.00,108273.50,108674.80
2025-07-09 16:00:00,108674.70,109074.00,108510.00,109008.30
2025-07-09 20:00:00,109008.30,109738.50,108429.00,109020.00
2025-07-10 00:00:00,109019.90,112036.80,108975.90,111718.80
2025-07-10 04:00:00,111718.80,111931.50,110508.00,111199.90
2025-07-10 08:00:00,111199.80,111548.30,110834.60,111028.20
2025-07-10 12:00:00,111028.30,111399.70,110894.20,111186.10
2025-07-10 16:00:00,111186.20,111370.30,110800.00,110972.20
2025-07-10 20:00:00,110972.10,111363.50,110432.20,111350.00
2025-07-11 00:00:00,111350.00,113760.00,111267.70,113246.10
2025-07-11 04:00:00,113246.10,117500.00,113208.40,115979.20
2025-07-11 08:00:00,115979.20,116945.80,115186.70,116839.50
2025-07-11 12:00:00,116839.50,118395.90,116429.20,117522.70
2025-07-11 16:00:00,117522.70,118882.80,117522.70,117790.10
2025-07-11 20:00:00,117790.00,118226.00,116725.10,116910.30
2025-07-12 00:00:00,116910.30,118128.00,116611.10,118072.70
2025-07-12 04:00:00,118072.70,118072.70,117130.00,117500.00
2025-07-12 08:00:00,117500.00,117818.60,117055.00,117730.00
2025-07-12 12:00:00,117730.00,118036.70,117454.90,117689.70
2025-07-12 16:00:00,117689.60,118176.90,117579.80,117773.60
2025-07-12 20:00:00,117773.50,117819.80,116862.40,117075.60
2025-07-13 00:00:00,117075.60,117609.40,117012.00,117525.70
2025-07-13 04:00:00,117525.70,117527.80,116960.00,117389.30
2025-07-13 08:00:00,117389.40,117794.70,117164.30,117711.50
2025-07-13 12:00:00,117711.60,118040.80,117639.70,117950.00
2025-07-13 16:00:00,117950.00,118058.30,117641.30,118036.10
2025-07-13 20:00:00,118036.00,119655.00,117933.40,118610.60
2025-07-14 00:00:00,118610.60,119454.90,118325.40,118923.00
2025-07-14 04:00:00,118922.90,119333.00,118197.70,119038.30
2025-07-14 08:00:00,119038.30,121800.00,118862.60,120733.20
2025-07-14 12:00:00,120733.20,123300.00,120515.90,122731.00
2025-07-14 16:00:00,122731.00,122772.70,121357.00,121474.50
2025-07-14 20:00:00,121474.50,122113.90,119590.90,119863.10
2025-07-15 00:00:00,119863.10,120510.90,119200.00,119920.00
2025-07-15 04:00:00,119920.30,120430.00,119505.00,119816.50
2025-07-15 08:00:00,119816.50,119919.40,116870.00,117209.20
2025-07-15 12:00:00,117209.20,117761.30,116227.00,116777.10
2025-07-15 16:00:00,116777.10,117229.90,116300.00,117110.40
2025-07-15 20:00:00,117110.40,118499.80,115678.10,116393.00
2025-07-16 00:00:00,116393.10,117727.40,116050.00,116428.90
2025-07-16 04:00:00,116428.80,117965.60,116189.00,117738.50
2025-07-16 08:00:00,117738.60,118208.60,117017.10,117477.60
2025-07-16 12:00:00,117477.70,118297.10,117252.20,118181.20
2025-07-16 16:00:00,118181.20,119299.90,118113.60,118755.10
2025-07-16 20:00:00,118755.10,119786.70,118156.00,119056.00
2025-07-17 00:00:00,119055.90,119888.00,118430.30,119186.70
2025-07-17 04:00:00,119186.70,120100.00,118359.40,118590.70
2025-07-17 08:00:00,118590.70,119151.30,117663.60,118090.90
2025-07-17 12:00:00,118090.80,118763.40,117810.40,118293.90
2025-07-17 16:00:00,118293.80,119216.40,117915.20,117968.90
2025-07-17 20:00:00,117968.80,119100.00,117412.80,118875.00
2025-07-18 00:00:00,118875.00,119879.10,118293.60,118948.80
2025-07-18 04:00:00,118948.80,120951.50,118343.20,119176.60
2025-07-18 08:00:00,119176.50,120799.00,119003.80,120212.80
2025-07-18 12:00:00,120212.80,120846.10,119300.00,119356.60
2025-07-18 16:00:00,119356.50,119483.20,118384.60,119175.50
2025-07-18 20:00:00,119175.50,119519.80,117230.70,117830.00
2025-07-19 00:00:00,117830.10,118053.50,117109.40,117361.60
2025-07-19 04:00:00,117361.70,118000.00,116788.90,117896.40
2025-07-19 08:00:00,117896.50,118340.70,117588.00,118295.20
2025-07-19 12:00:00,118295.30,118337.50,118013.20,118135.00
2025-07-19 16:00:00,118134.90,118456.00,117904.00,118300.00
2025-07-19 20:00:00,118300.00,118301.40,117615.30,118025.60
2025-07-20 00:00:00,118025.60,118149.80,117562.10,117978.30
2025-07-20 04:00:00,117978.40,118125.70,117245.90,117814.40
2025-07-20 08:00:00,117814.30,118158.70,117618.00,117934.10
2025-07-20 12:00:00,117934.20,118214.00,117736.30,117984.30
2025-07-20 16:00:00,117984.30,118261.60,117801.00,117869.20
2025-07-20 20:00:00,117869.20,118794.00,117701.10,118669.30
2025-07-21 00:00:00,118669.40,118856.60,117912.80,118131.20
2025-07-21 04:00:00,118131.20,118245.30,116370.10,117216.00
2025-07-21 08:00:00,117216.10,118585.00,116454.10,118374.80
2025-07-21 12:00:00,118374.80,119720.60,118144.00,119352.20
2025-07-21 16:00:00,119352.30,119496.20,118035.00,118045.00
2025-07-21 20:00:00,118044.90,119200.00,117726.70,118304.10
2025-07-22 00:00:00,118304.20,118381.00,116600.00,116724.70
2025-07-22 04:00:00,116724.70,117596.60,116566.90,117330.20
2025-07-22 08:00:00,117330.20,117947.10,115865.00,117177.00
2025-07-22 12:00:00,117176.90,118554.90,116484.20,117959.50
2025-07-22 16:00:00,117959.50,119199.90,117441.50,119142.20
2025-07-22 20:00:00,119142.20,119582.30,117522.00,118899.80
2025-07-23 00:00:00,118899.80,120300.10,118377.00,119286.50
2025-07-23 04:00:00,119286.60,120264.80,119207.50,119993.70
2025-07-23 08:00:00,119993.70,120146.50,118522.00,118620.80
2025-07-23 12:00:00,118620.70,118997.70,118236.10,118327.00
2025-07-23 16:00:00,118326.90,118586.30,117789.20,118484.80
2025-07-23 20:00:00,118484.70,118687.10,117259.70,118531.00
2025-07-24 00:00:00,118530.90,118530.90,117250.00,118344.40
2025-07-24 04:00:00,118344.40,118725.30,117319.00,118713.50
2025-07-24 08:00:00,118713.40,119265.40,118425.30,118451.50
2025-07-24 12:00:00,118451.60,118542.50,117050.20,118368.00
2025-07-24 16:00:00,118368.10,118789.30,117923.00,118558.00
2025-07-24 20:00:00,118558.00,119469.90,117773.10,119074.10
2025-07-25 00:00:00,119074.10,119376.90,118306.00,118902.00
2025-07-25 04:00:00,118902.00,118953.90,118112.00,118294.30
2025-07-25 08:00:00,118294.40,118410.80,115300.00,115384.60
2025-07-25 12:00:00,115384.70,116100.00,114667.30,115288.80
2025-07-25 16:00:00,115288.90,116759.60,115000.00,116504.60
2025-07-25 20:00:00,116504.60,116629.00,114846.10,115687.40
2025-07-26 00:00:00,115687.40,116989.90,115413.10,116649.60
2025-07-26 04:00:00,116649.60,117615.30,116530.00,117583.50
2025-07-26 08:00:00,117583.40,117740.60,117114.20,117455.80
2025-07-26 12:00:00,117455.80,117515.90,117288.00,117288.10
2025-07-26 16:00:00,117288.00,118229.70,117288.00,117758.00
2025-07-26 20:00:00,117758.10,118211.80,117755.00,118111.10
2025-07-27 00:00:00,118111.10,118300.00,117917.70,118209.00
2025-07-27 04:00:00,118209.10,118289.30,117846.10,117889.20
2025-07-27 08:00:00,117889.30,118356.00,117800.80,118162.00
2025-07-27 12:00:00,118161.90,118432.10,118041.60,118083.60
2025-07-27 16:00:00,118083.50,118273.80,117822.20,118053.40
2025-07-27 20:00:00,118053.30,118583.20,117850.00,118580.80
2025-07-28 00:00:00,118580.90,119550.00,118580.80,118953.30
2025-07-28 04:00:00,118953.30,119766.00,118709.20,119423.40
2025-07-28 08:00:00,119423.50,119812.00,118949.90,119269.70
2025-07-28 12:00:00,119269.60,119692.00,118742.00,118873.20
2025-07-28 16:00:00,118873.10,119091.20,118471.30,118813.30
2025-07-28 20:00:00,118813.40,119085.00,117900.00,118152.80
2025-07-29 00:00:00,118152.90,118363.00,117388.00,118050.00
2025-07-29 04:00:00,118050.00,118329.80,117466.10,118041.40
2025-07-29 08:00:00,118041.50,118777.00,117406.30,118745.60
2025-07-29 12:00:00,118745.60,119258.70,118377.10,118856.20
2025-07-29 16:00:00,118856.20,119019.60,118119.10,118560.00
2025-07-29 20:00:00,118560.00,119050.00,117218.70,117345.70
2025-07-30 00:00:00,117345.70,118019.30,116923.00,117484.90
2025-07-30 04:00:00,117485.50,117951.00,117044.10,117897.00
2025-07-30 08:00:00,117897.10,118210.00,117363.00,118106.50
2025-07-30 12:00:00,118106.50,118384.60,117616.10,118083.10
2025-07-30 16:00:00,118083.20,118451.30,117291.60,117526.70
2025-07-30 20:00:00,117526.60,118763.50,117300.60,117950.00
2025-07-31 00:00:00,117949.90,117995.40,115700.00,116865.20
2025-07-31 04:00:00,116865.20,117866.40,116829.80,117771.00
2025-07-31 08:00:00,117771.10,118590.00,117713.50,118429.00
2025-07-31 12:00:00,118429.00,118910.00,118238.70,118624.10
2025-07-31 16:00:00,118624.00,118728.00,118246.80,118330.90
2025-07-31 20:00:00,118330.90,118684.40,117783.30,118259.30
2025-08-01 00:00:00,118259.40,118850.00,116691.10,116718.90
2025-08-01 04:00:00,116718.90,116927.80,115373.90,115697.30
2025-08-01 08:00:00,115697.30,116000.00,114239.00,115595.70
2025-08-01 12:00:00,115595.60,115873.40,114579.50,115015.10
2025-08-01 16:00:00,115015.10,115291.10,114055.60,115246.60
2025-08-01 20:00:00,115246.50,115956.00,113871.10,115305.30
2025-08-02 00:00:00,115305.30,115656.80,113173.70,113278.50
2025-08-02 04:00:00,113278.40,114039.00,112660.00,113244.80
2025-08-02 08:00:00,113244.80,113873.70,113145.00,113859.90
2025-08-02 12:00:00,113860.00,114000.00,113415.80,113919.90
2025-08-02 16:00:00,113920.00,113988.00,113370.00,113732.50
2025-08-02 20:00:00,113732.60,113740.50,112769.20,112798.60
2025-08-03 00:00:00,112798.60,113388.90,111910.00,112175.50
2025-08-03 04:00:00,112175.50,113022.50,112007.90,112508.80
2025-08-03 08:00:00,112508.80,113694.00,111850.00,113550.90
2025-08-03 12:00:00,113550.90,113676.40,113285.70,113647.20
2025-08-03 16:00:00,113647.20,114200.00,113492.50,113810.10
2025-08-03 20:00:00,113810.00,114049.80,113529.60,113904.30
2025-08-04 00:00:00,113904.30,114730.00,113727.80,114259.00
2025-08-04 04:00:00,114259.10,114567.30,114011.30,114150.80
2025-08-04 08:00:00,114150.90,114963.40,114053.80,114520.20
2025-08-04 12:00:00,114520.30,114739.30,114089.00,114607.00
2025-08-04 16:00:00,114607.00,114715.00,114166.00,114450.00
2025-08-04 20:00:00,114450.10,115431.60,114070.00,114766.30
2025-08-05 00:00:00,114766.40,115686.00,114681.10,114724.00
2025-08-05 04:00:00,114724.00,115299.00,114580.40,115002.10
2025-08-05 08:00:00,115002.10,115073.30,114213.60,114215.00
2025-08-05 12:00:00,114214.90,114468.10,113650.00,113924.70
2025-08-05 16:00:00,113924.70,115057.00,113869.50,114782.00
2025-08-05 20:00:00,114782.10,114860.10,112582.40,112871.80
2025-08-06 00:00:00,112871.70,113731.70,112755.10,113573.10
2025-08-06 04:00:00,113573.80,114178.40,113240.10,114069.60
2025-08-06 08:00:00,114069.60,114091.30,113355.50,113470.10
2025-08-06 12:00:00,113470.20,114390.20,113304.50,114179.20
2025-08-06 16:00:00,114179.20,114372.70,113663.30,114188.00
2025-08-06 20:00:00,114187.90,115488.00,113520.00,115366.30
2025-08-07 00:00:00,115366.20,115674.20,114867.00,115215.10
2025-08-07 04:00:00,115215.00,115228.50,114732.80,114941.00
2025-08-07 08:00:00,114941.00,115144.00,114333.60,114500.80
2025-08-07 12:00:00,114500.90,114834.40,114211.40,114751.10
2025-08-07 16:00:00,114751.20,116782.60,114750.00,116469.10
2025-08-07 20:00:00,116469.10,116747.60,115950.10,116634.60
2025-08-08 00:00:00,116634.60,117487.20,115555.20,117407.60
2025-08-08 04:00:00,117407.50,117580.00,116942.20,117419.90
2025-08-08 08:00:00,117419.90,117591.80,116639.90,116692.20
2025-08-08 12:00:00,116692.20,116917.10,116342.00,116772.00
2025-08-08 16:00:00,116772.00,116880.00,116256.00,116840.50
2025-08-08 20:00:00,116840.60,117229.90,115850.00,116162.00
2025-08-09 00:00:00,116162.10,116863.90,115949.90,116384.40
2025-08-09 04:00:00,116384.40,116941.50,116250.00,116628.20
2025-08-09 08:00:00,116628.20,116703.60,116304.00,116331.50
2025-08-09 12:00:00,116331.60,116950.10,116309.00,116703.20
2025-08-09 16:00:00,116703.30,117906.70,116700.00,117064.90
2025-08-09 20:00:00,117065.00,117200.00,116600.00,116835.60
2025-08-10 00:00:00,116835.50,116900.90,116458.10,116499.90
2025-08-10 04:00:00,116499.90,117000.00,116350.00,116422.10
2025-08-10 08:00:00,116422.10,118500.00,116413.20,118480.10
2025-08-10 12:00:00,118480.00,118738.00,117342.00,117770.00
2025-08-10 16:00:00,117770.00,118489.90,117568.90,118295.90
2025-08-10 20:00:00,118295.90,119094.00,118192.60,118766.00
2025-08-11 00:00:00,118766.00,118917.40,118395.80,118624.50
2025-08-11 04:00:00,118624.60,119291.90,118010.00,119255.30
2025-08-11 08:00:00,119255.30,122165.40,118950.00,121700.10
2025-08-11 12:00:00,121700.10,122450.00,121432.30,121534.80
2025-08-11 16:00:00,121534.90,121820.70,120267.30,120545.00
2025-08-11 20:00:00,120545.00,120655.00,119345.00,120271.20
2025-08-12 00:00:00,120271.20,120799.00,118499.00,119035.30
2025-08-12 04:00:00,119035.20,119149.60,118050.00,118641.90
2025-08-12 08:00:00,118641.80,119246.40,118551.70,118813.10
2025-08-12 12:00:00,118813.20,119120.00,118377.20,118931.90
2025-08-12 16:00:00,118931.90,119011.90,118154.30,118464.10
2025-08-12 20:00:00,118464.20,119927.90,118234.80,119888.00
2025-08-13 00:00:00,119888.00,120163.60,119124.50,119600.30
2025-08-13 04:00:00,119600.30,120270.00,119430.00,120081.00
2025-08-13 08:00:00,120080.90,120146.60,119028.00,119436.00
2025-08-13 12:00:00,119436.00,119798.60,118829.00,119540.30
2025-08-13 16:00:00,119540.30,120710.40,119408.80,120538.50
2025-08-13 20:00:00,120538.40,122218.30,120066.10,120897.20
2025-08-14 00:00:00,120897.30,122831.10,120897.30,122719.90
2025-08-14 04:00:00,122720.00,123715.90,122314.10,123323.90
2025-08-14 08:00:00,123323.90,124545.60,123272.10,123405.20
2025-08-14 12:00:00,123405.10,123485.30,121318.50,121742.40
2025-08-14 16:00:00,121742.30,122050.00,120657.60,120947.90
2025-08-14 20:00:00,120947.80,121154.70,117410.00,118185.90
2025-08-15 00:00:00,118185.90,118500.00,117004.00,117889.50
2025-08-15 04:00:00,117889.40,118470.10,117255.00,118242.20
2025-08-15 08:00:00,118242.20,119039.90,117970.70,118918.10
2025-08-15 12:00:00,118918.10,119184.00,118569.70,118908.30
2025-08-15 16:00:00,118908.40,119114.90,118550.00,118950.00
2025-08-15 20:00:00,118950.10,119068.80,116750.00,117216.80
2025-08-16 00:00:00,117216.80,117859.40,116736.30,116900.00
2025-08-16 04:00:00,116900.00,117711.00,116820.50,117279.20
2025-08-16 08:00:00,117279.10,117853.50,117162.60,117385.00
2025-08-16 12:00:00,117385.00,117857.10,117226.80,117549.90
2025-08-16 16:00:00,117550.00,117664.90,117089.70,117340.40
2025-08-16 20:00:00,117340.50,117786.00,117268.50,117626.90
2025-08-17 00:00:00,117627.00,117774.50,117588.70,117622.30
2025-08-17 04:00:00,117622.30,117673.90,117137.40,117329.70
2025-08-17 08:00:00,117329.80,117722.50,117121.60,117627.40
2025-08-17 12:00:00,117627.30,118187.00,117627.30,117949.90
2025-08-17 16:00:00,117950.00,118435.00,117865.00,118253.90
2025-08-17 20:00:00,118254.00,118558.00,118010.00,118191.00
2025-08-18 00:00:00,118191.00,118267.90,117245.00,117527.00
2025-08-18 04:00:00,117527.00,117945.00,117322.20,117353.80
2025-08-18 08:00:00,117353.90,117499.40,114950.30,115264.90
2025-08-18 12:00:00,115264.80,115684.50,114815.20,115153.20
2025-08-18 16:00:00,115153.20,115342.50,114605.00,114900.00
2025-08-18 20:00:00,114900.10,116137.80,114769.20,116099.40
2025-08-19 00:00:00,116099.40,116761.00,115773.30,116273.40
2025-08-19 04:00:00,116273.40,116938.70,115929.90,116183.60
2025-08-19 08:00:00,116183.60,116687.70,114734.80,114756.60
2025-08-19 12:00:00,114756.70,115430.00,114303.80,114928.70
2025-08-19 16:00:00,114928.70,115608.50,114750.00,115461.00
2025-08-19 20:00:00,115461.00,115847.40,113506.00,113730.00
2025-08-20 00:00:00,113730.10,113844.00,112714.40,113078.30
2025-08-20 04:00:00,113078.20,113524.50,112666.60,112824.20
2025-08-20 08:00:00,112824.10,113599.40,112500.00,113465.40
2025-08-20 12:00:00,113465.40,113805.50,113360.90,113436.70
2025-08-20 16:00:00,113436.70,113978.00,113009.50,113627.50
2025-08-20 20:00:00,113627.40,114279.30,112301.80,113297.00
2025-08-21 00:00:00,113296.90,114411.00,113200.00,114216.30
2025-08-21 04:00:00,114216.30,114569.00,113941.90,114220.50
2025-08-21 08:00:00,114220.50,114777.00,113843.70,113912.10
2025-08-21 12:00:00,113912.00,113997.10,113520.00,113836.80
2025-08-21 16:00:00,113836.80,113947.40,112924.60,113100.20
2025-08-21 20:00:00,113100.00,113936.00,112545.40,112748.90
2025-08-22 00:00:00,112748.80,112940.60,111944.00,112152.80
2025-08-22 04:00:00,112152.80,112833.30,112010.00,112462.20
2025-08-22 08:00:00,112462.20,113485.90,112273.20,112889.90
2025-08-22 12:00:00,112890.00,113350.20,112655.50,113040.10
2025-08-22 16:00:00,113040.00,113273.90,112130.30,112272.80
2025-08-22 20:00:00,112272.90,117266.90,111625.90,116319.30
2025-08-23 00:00:00,116319.40,117397.40,116046.50,116625.50
2025-08-23 04:00:00,116625.40,117140.60,116510.00,116897.50
2025-08-23 08:00:00,116897.50,116988.00,115414.30,115522.50
2025-08-23 12:00:00,115522.60,116015.30,115504.60,115769.90
2025-08-23 16:00:00,115770.00,115840.40,115180.00,115266.70
2025-08-23 20:00:00,115266.80,115450.00,114510.00,114776.50
2025-08-24 00:00:00,114776.40,115166.50,114648.70,115104.90
2025-08-24 04:00:00,115104.90,115380.00,114957.70,115377.10
2025-08-24 08:00:00,115377.10,115640.00,114902.00,115006.50
2025-08-24 12:00:00,115006.50,115264.40,114814.20,114854.80
2025-08-24 16:00:00,114854.90,115033.40,114574.10,114702.00
2025-08-24 20:00:00,114701.90,114845.00,114324.90,114372.60
2025-08-25 00:00:00,114372.70,114914.80,110484.00,112556.40
2025-08-25 04:00:00,112556.40,113646.50,111555.00,113446.30
2025-08-25 08:00:00,113446.20,113621.30,112100.20,112867.70
2025-08-25 12:00:00,112867.80,113022.90,111245.90,111469.70
2025-08-25 16:00:00,111469.70,111789.90,110891.00,111183.70
2025-08-25 20:00:00,111183.70,112533.20,110532.20,112142.20
2025-08-26 00:00:00,112142.20,112897.70,110601.70,110650.40
2025-08-26 04:00:00,110650.40,111050.00,109219.80,110064.00
2025-08-26 08:00:00,110064.10,110064.10,108559.70,109825.00
2025-08-26 12:00:00,109825.10,110508.50,109711.00,110244.20
2025-08-26 16:00:00,110244.20,110405.60,109529.50,109842.20
2025-08-26 20:00:00,109842.20,110817.50,109350.00,109624.60
2025-08-27 00:00:00,109624.60,111106.50,109400.00,111053.50
2025-08-27 04:00:00,111053.50,112330.00,110855.00,111709.90
2025-08-27 08:00:00,111710.00,111765.60,110867.10,111373.70
2025-08-27 12:00:00,111373.80,111700.40,110586.50,110688.00
2025-08-27 16:00:00,110688.00,111328.90,110306.90,111270.80
2025-08-27 20:00:00,111270.70,112568.50,110958.20,111965.10
2025-08-28 00:00:00,111965.00,112550.00,111489.80,112032.80
2025-08-28 04:00:00,112032.90,112401.50,110854.40,111194.90
2025-08-28 08:00:00,111194.90,111993.00,110811.00,111954.10
2025-08-28 12:00:00,111954.00,113318.20,111892.40,113079.20
2025-08-28 16:00:00,113079.30,113301.60,112780.30,112876.50
2025-08-28 20:00:00,112876.50,113429.00,112344.40,112633.10
2025-08-29 00:00:00,112633.10,113153.10,111853.60,111864.70
2025-08-29 04:00:00,111864.80,112519.10,111829.40,112507.30
2025-08-29 08:00:00,112507.30,112585.70,111238.50,111648.60
2025-08-29 12:00:00,111648.60,111797.20,109850.00,109969.00
2025-08-29 16:00:00,109969.00,110254.90,109360.00,110047.80
2025-08-29 20:00:00,110047.80,111489.50,108034.10,108334.40
2025-08-30 00:00:00,108334.40,108777.00,107869.60,108155.50
2025-08-30 04:00:00,108155.50,108513.00,107411.40,108332.40
2025-08-30 08:00:00,108332.40,108378.00,107281.00,108367.90
2025-08-30 12:00:00,108368.00,108615.30,108067.50,108466.60
2025-08-30 16:00:00,108466.60,108742.90,108359.60,108638.60
2025-08-30 20:00:00,108638.60,108879.60,108155.00,108809.80
2025-08-31 00:00:00,108809.80,108851.00,108562.00,108769.40
2025-08-31 04:00:00,108769.50,108776.10,108412.20,108757.90
2025-08-31 08:00:00,108758.00,109439.90,108750.00,109175.40
2025-08-31 12:00:00,109175.50,109190.40,108455.00,108656.90
2025-08-31 16:00:00,108656.90,109067.20,108251.30,108350.00
2025-08-31 20:00:00,108350.00,108808.50,108153.80,108758.20
2025-09-01 00:00:00,108758.20,109196.50,108504.70,108877.20
2025-09-01 04:00:00,108877.30,109192.30,108021.00,108208.40
2025-09-01 08:00:00,108208.40,108447.60,107355.00,107619.10
2025-09-01 12:00:00,107619.10,109390.30,107211.50,109390.30
2025-09-01 16:00:00,109390.20,109874.80,108131.60,108721.90
2025-09-01 20:00:00,108721.80,109479.20,108515.80,108738.00
2025-09-02 00:00:00,108737.90,109298.60,108350.00,109178.70
2025-09-02 04:00:00,109178.70,109410.50,107400.00,109187.90
2025-09-02 08:00:00,109187.90,110597.90,108834.90,110286.00
2025-09-02 12:00:00,110286.00,110571.90,109932.40,110190.10
2025-09-02 16:00:00,110190.10,110700.00,109501.70,109698.60
2025-09-02 20:00:00,109698.60,111742.10,108333.00,110789.90
2025-09-03 00:00:00,110789.90,111076.80,110118.50,110742.90
2025-09-03 04:00:00,110742.90,111487.90,110650.80,111188.00
2025-09-03 08:00:00,111187.90,111732.90,110842.70,110991.70
2025-09-03 12:00:00,110991.80,111117.50,110486.90,111041.50
2025-09-03 16:00:00,111041.40,111670.00,110843.00,111391.60
2025-09-03 20:00:00,111391.60,112470.50,110966.80,112168.60
2025-09-04 00:00:00,112168.50,112541.20,111626.00,112139.90
2025-09-04 04:00:00,112140.00,112207.10,111550.90,111659.80
2025-09-04 08:00:00,111659.70,112136.80,111081.10,111107.10
2025-09-04 12:00:00,111107.10,111283.70,110237.20,110417.30
2025-09-04 16:00:00,110417.30,111111.00,110366.00,110763.90
2025-09-04 20:00:00,110763.80,111081.60,109269.10,109448.00
2025-09-05 00:00:00,109448.00,110150.00,109315.00,109753.90
2025-09-05 04:00:00,109753.90,111743.80,109702.80,110679.40
2025-09-05 08:00:00,110679.50,111444.10,110394.20,111266.90
2025-09-05 12:00:00,111267.00,112949.00,111086.20,112900.10
2025-09-05 16:00:00,112900.00,112947.60,112080.00,112299.60
2025-09-05 20:00:00,112299.60,113344.30,110240.00,110674.10
2025-09-06 00:00:00,110674.10,111598.20,110153.30,111550.10
2025-09-06 04:00:00,111550.00,111655.50,110307.60,110614.90
2025-09-06 08:00:00,110614.80,111256.20,110504.90,111034.00
2025-09-06 12:00:00,111034.00,111034.00,110653.10,110779.90
2025-09-06 16:00:00,110779.90,110928.50,110621.00,110732.90
2025-09-06 20:00:00,110732.80,110956.50,110285.20,110324.10
2025-09-07 00:00:00,110324.20,110359.10,109850.00,109986.70
2025-09-07 04:00:00,109986.80,110225.90,109981.20,110135.30
2025-09-07 08:00:00,110135.20,110700.00,110120.50,110579.80
2025-09-07 12:00:00,110579.80,110880.80,110414.40,110710.80
2025-09-07 16:00:00,110710.80,111348.00,110666.40,111249.50
2025-09-07 20:00:00,111249.50,111371.40,110998.80,111276.20
2025-09-08 00:00:00,111276.20,111327.20,110817.50,111217.00
2025-09-08 04:00:00,111216.90,111559.50,110947.60,111076.00
2025-09-08 08:00:00,111075.50,111345.00,110566.50,111004.90
2025-09-08 12:00:00,111004.80,111580.70,110852.10,111236.40
2025-09-08 16:00:00,111236.50,112144.00,111201.00,112022.00
2025-09-08 20:00:00,112022.00,112867.60,111800.00,112573.60
2025-09-09 00:00:00,112573.60,112635.00,111927.00,112051.00
2025-09-09 04:00:00,112050.00,112460.40,111847.00,112012.60
2025-09-09 08:00:00,112012.70,112055.70,111050.00,111657.60
2025-09-09 12:00:00,111657.70,113238.00,111576.70,112950.10
2025-09-09 16:00:00,112950.20,113134.30,112350.00,112397.40
2025-09-09 20:00:00,112397.50,112900.00,110714.90,110830.10
2025-09-10 00:00:00,110830.10,111342.00,110738.60,111242.30
2025-09-10 04:00:00,111242.40,111692.30,111041.10,111499.90
2025-09-10 08:00:00,111499.90,111545.00,110855.80,111498.90
2025-09-10 12:00:00,111498.90,112555.00,111316.80,112500.10
2025-09-10 16:00:00,112500.00,112832.00,112060.00,112266.40
2025-09-10 20:00:00,112266.50,114287.90,112266.40,113801.30
2025-09-11 00:00:00,113801.30,114046.80,113111.00,113525.20
2025-09-11 04:00:00,113525.30,114005.00,113468.40,113896.80
2025-09-11 08:00:00,113896.80,114433.20,113614.50,114354.40
2025-09-11 12:00:00,114354.40,114419.90,113900.00,114040.00
2025-09-11 16:00:00,114040.10,114161.00,113722.20,113960.90
2025-09-11 20:00:00,113961.00,114691.70,113340.70,114122.30
2025-09-12 00:00:00,114122.40,114564.00,114008.50,114370.50
2025-09-12 04:00:00,114370.40,115439.00,114195.00,115427.00
2025-09-12 08:00:00,115427.00,116280.00,114993.00,115138.30
2025-09-12 12:00:00,115138.30,115613.00,115024.30,115049.00
2025-09-12 16:00:00,115048.90,115243.50,114833.80,114863.00
2025-09-12 20:00:00,114863.00,115445.90,114681.50,115064.90
2025-09-13 00:00:00,115064.80,116605.70,114989.90,116561.10
2025-09-13 04:00:00,116561.00,116561.00,115701.40,115978.40
2025-09-13 08:00:00,115978.40,116245.40,115500.10,115913.60
2025-09-13 12:00:00,115913.60,115913.60,115594.90,115715.50
2025-09-13 16:00:00,115715.50,116126.00,115715.50,115912.90
2025-09-13 20:00:00,115913.00,116013.70,115546.10,115721.30
2025-09-14 00:00:00,115721.40,115780.30,115032.00,115751.40
2025-09-14 04:00:00,115751.40,115946.40,115745.60,115862.70
2025-09-14 08:00:00,115862.70,116075.80,115580.00,115626.00
2025-09-14 12:00:00,115626.00,115884.10,115406.10,115746.00
2025-09-14 16:00:00,115746.10,116118.60,115700.30,115750.00
2025-09-14 20:00:00,115750.00,115828.10,115100.50,115162.20
2025-09-15 00:00:00,115162.20,115605.50,115132.40,115597.40
2025-09-15 04:00:00,115597.30,116050.00,115057.00,115210.00
2025-09-15 08:00:00,115210.00,115536.00,114777.00,115387.60
2025-09-15 12:00:00,115387.70,116759.90,115341.80,115769.50
2025-09-15 16:00:00,115769.60,115769.60,114588.00,115009.00
2025-09-15 20:00:00,115009.00,115045.50,114338.50,114788.40
2025-09-16 00:00:00,114788.10,115528.80,114542.60,115246.70
2025-09-16 04:00:00,115246.70,115550.00,115141.40,115300.60
2025-09-16 08:00:00,115300.50,115490.80,114890.00,115250.90
2025-09-16 12:00:00,115250.80,115968.00,114867.00,115799.40
2025-09-16 16:00:00,115799.40,115945.00,115151.00,115222.20
2025-09-16 20:00:00,115222.10,115878.20,114600.00,115877.90
2025-09-17 00:00:00,115877.90,116830.00,115549.90,116758.00
2025-09-17 04:00:00,116757.10,116910.80,116543.70,116747.30
2025-09-17 08:00:00,116747.30,117081.90,116317.00,116320.10
2025-09-17 12:00:00,116320.20,117266.40,116107.20,117120.50
2025-09-17 16:00:00,117120.50,117156.60,116197.00,116200.10
2025-09-17 20:00:00,116200.10,116493.00,115340.00,115825.10
2025-09-18 00:00:00,115825.10,116316.00,114623.30,115587.60
2025-09-18 04:00:00,115587.50,116940.00,115257.10,116402.50
2025-09-18 08:00:00,116402.60,117865.90,116033.50,117531.20
2025-09-18 12:00:00,117531.30,117713.50,116834.50,117033.60
2025-09-18 16:00:00,117033.70,117381.90,116955.00,117015.00
2025-09-18 20:00:00,117015.00,117789.90,116913.90,117530.30
2025-09-19 00:00:00,117530.20,117875.20,117133.00,117403.00
2025-09-19 04:00:00,117402.90,117605.80,116489.70,117017.10
2025-09-19 08:00:00,117017.10,117406.80,116800.00,116914.20
2025-09-19 12:00:00,116914.10,117049.90,116567.30,116850.10
2025-09-19 16:00:00,116850.00,117050.60,116250.70,116343.10
2025-09-19 20:00:00,116343.30,116488.00,115408.40,115826.90
2025-09-20 00:00:00,115826.90,116093.00,115057.00,115082.40
2025-09-20 04:00:00,115082.40,115600.00,115049.90,115569.50
2025-09-20 08:00:00,115569.60,115670.00,115355.00,115394.20
2025-09-20 12:00:00,115394.30,115933.40,115343.00,115909.80
2025-09-20 16:00:00,115909.90,115914.40,115605.60,115834.90
2025-09-20 20:00:00,115834.90,116059.20,115750.60,115928.50
2025-09-21 00:00:00,115928.40,116017.90,115636.60,115636.60
2025-09-21 04:00:00,115636.60,115887.60,115549.90,115624.90
2025-09-21 08:00:00,115625.00,115671.20,115388.00,115613.80
2025-09-21 12:00:00,115613.80,115772.90,115430.20,115772.90
2025-09-21 16:00:00,115772.80,115778.00,115277.00,115559.30
2025-09-21 20:00:00,115559.30,115703.90,115413.00,115471.10
2025-09-22 00:00:00,115471.00,115620.00,115158.00,115441.00
2025-09-22 04:00:00,115441.00,115510.70,115137.60,115183.90
2025-09-22 08:00:00,115183.90,115344.60,114050.00,114602.90
2025-09-22 12:00:00,114602.90,114604.90,111469.20,112454.40
2025-09-22 16:00:00,112454.50,112927.00,112119.00,112814.10
2025-09-22 20:00:00,112814.00,113413.50,112333.00,112768.70
2025-09-23 00:00:00,112768.70,112839.00,111866.30,112072.90
2025-09-23 04:00:00,112072.80,112942.40,111924.60,112604.70
2025-09-23 08:00:00,112604.70,112808.40,111405.10,112294.00
2025-09-23 12:00:00,112294.00,113080.00,111804.90,113048.10
2025-09-23 16:00:00,113048.10,113236.00,112634.00,112938.60
2025-09-23 20:00:00,112938.60,113254.80,112390.60,112828.60
2025-09-24 00:00:00,112828.60,112927.80,111482.00,111611.80
2025-09-24 04:00:00,111611.70,112178.00,111413.50,111947.00
2025-09-24 08:00:00,111947.00,112466.60,111622.40,111639.70
2025-09-24 12:00:00,111639.80,112732.80,110935.00,112544.70
2025-09-24 16:00:00,112544.70,113121.80,112356.40,112982.00
2025-09-24 20:00:00,112982.00,113850.00,112760.00,113299.90
2025-09-25 00:00:00,113300.00,113895.80,113107.40,113371.70
2025-09-25 04:00:00,113371.70,113590.00,113143.30,113254.00
2025-09-25 08:00:00,113253.90,113462.10,112155.60,112485.80
2025-09-25 12:00:00,112485.70,112574.60,111389.00,111708.50
2025-09-25 16:00:00,111708.50,112220.30,111234.80,111316.10
2025-09-25 20:00:00,111316.00,111682.60,110555.00,111538.40
2025-09-26 00:00:00,111538.40,111636.60,108574.10,109320.50
2025-09-26 04:00:00,109320.50,109637.30,108694.80,108934.50
2025-09-26 08:00:00,108934.60,109766.00,108750.00,109537.60
2025-09-26 12:00:00,109537.50,109588.80,108841.00,109257.30
2025-09-26 16:00:00,109257.40,109653.60,108566.00,109082.90
2025-09-26 20:00:00,109082.90,109742.30,108656.80,108976.00
2025-09-27 00:00:00,108976.00,110250.00,108953.70,109115.90
2025-09-27 04:00:00,109115.80,109641.60,109028.70,109588.50
2025-09-27 08:00:00,109588.50,109700.00,109267.30,109503.80
2025-09-27 12:00:00,109503.80,109694.20,109284.30,109354.80
2025-09-27 16:00:00,109354.90,109449.20,109021.90,109265.80
2025-09-27 20:00:00,109265.80,109444.20,109145.00,109340.70
2025-09-28 00:00:00,109340.80,109397.60,109188.10,109369.30
2025-09-28 04:00:00,109369.40,109653.20,109305.50,109577.30
2025-09-28 08:00:00,109577.20,109749.90,109284.10,109397.30
2025-09-28 12:00:00,109397.30,109500.00,109203.90,109468.50
2025-09-28 16:00:00,109468.40,109544.80,109188.00,109319.90
2025-09-28 20:00:00,109319.90,109990.00,109136.50,109990.00
2025-09-29 00:00:00,109990.00,110350.00,109952.20,110281.60
2025-09-29 04:00:00,110281.70,112300.00,110236.60,112119.60
2025-09-29 08:00:00,112119.70,112269.30,111517.30,111817.90
2025-09-29 12:00:00,111817.90,111860.00,111501.00,111814.70
2025-09-29 16:00:00,111814.80,112381.30,111814.70,112052.00
2025-09-29 20:00:00,112052.00,114188.00,111844.30,113752.00
2025-09-30 00:00:00,113752.00,114349.70,113404.50,114204.80
2025-09-30 04:00:00,114204.90,114377.20,113960.60,114257.10
2025-09-30 08:00:00,114257.10,114800.00,113985.10,114321.50
2025-09-30 12:00:00,114321.50,114321.50,113531.70,113662.40
2025-09-30 16:00:00,113662.30,113700.00,112615.30,113003.70
2025-09-30 20:00:00,113003.70,113623.80,112800.10,113055.40
2025-10-01 00:00:00,113055.40,114528.20,112743.60,114309.10
2025-10-01 04:00:00,114309.10,114720.00,113710.00,113988.80
2025-10-01 08:00:00,113988.70,114498.00,113899.40,114135.90
2025-10-01 12:00:00,114135.80,114700.00,114095.20,114480.80
2025-10-01 16:00:00,114480.80,116750.00,114425.60,116736.80
2025-10-01 20:00:00,116736.80,117647.80,116311.50,117366.40
2025-10-02 00:00:00,117366.50,118190.00,116687.50,117374.10
2025-10-02 04:00:00,117374.00,118631.80,117104.10,118552.40
2025-10-02 08:00:00,118552.00,119457.00,118335.00,118697.00
2025-10-02 12:00:00,118697.00,118893.80,118226.40,118444.10
2025-10-02 16:00:00,118444.10,118885.80,118307.30,118716.00
2025-10-02 20:00:00,118716.10,119889.00,118458.40,119875.10
2025-10-03 00:00:00,119875.10,120999.00,119317.00,120787.90
2025-10-03 04:00:00,120787.80,120880.90,120018.00,120481.30
2025-10-03 08:00:00,120481.30,120505.50,119766.00,120185.40
2025-10-03 12:00:00,120185.40,120281.60,119579.60,119620.10
2025-10-03 16:00:00,119620.10,120484.10,119200.00,120307.20
2025-10-03 20:00:00,120307.20,122399.90,119820.40,122238.50
2025-10-04 00:00:00,122238.50,123900.00,121425.50,122609.30
2025-10-04 04:00:00,122609.30,122694.10,121944.70,122182.70
2025-10-04 08:00:00,122182.60,122301.90,121636.40,122197.20
2025-10-04 12:00:00,122197.30,122781.10,122168.40,122271.30
2025-10-04 16:00:00,122271.40,122497.40,121908.30,121924.60
2025-10-04 20:00:00,121924.60,122480.90,121638.50,121744.80
2025-10-05 00:00:00,121744.80,121920.00,121432.00,121919.00
2025-10-05 04:00:00,121918.90,122374.80,121813.40,122343.20
2025-10-05 08:00:00,122343.20,124374.00,122088.10,123735.70
2025-10-05 12:00:00,123735.70,125877.30,123678.00,124692.40
2025-10-05 16:00:00,124692.50,124843.00,122472.00,123413.20
2025-10-05 20:00:00,123413.30,123413.30,122600.00,122753.00
2025-10-06 00:00:00,122752.90,123422.00,122160.00,122550.40
2025-10-06 04:00:00,122550.50,123453.50,122425.70,123426.70
2025-10-06 08:00:00,123426.70,124336.30,123018.50,123792.90
2025-10-06 12:00:00,123792.80,124137.70,123217.90,123332.30
2025-10-06 16:00:00,123332.40,124500.00,123332.30,124161.20
2025-10-06 20:00:00,124161.30,125375.00,124123.30,124946.20
2025-10-07 00:00:00,124946.20,126208.50,124742.50,125357.30
2025-10-07 04:00:00,125357.30,125500.00,124463.00,124628.50
2025-10-07 08:00:00,124628.60,125047.00,124055.00,124277.70
2025-10-07 12:00:00,124277.80,124631.90,123503.90,123627.10
2025-10-07 16:00:00,123627.10,124471.40,123261.60,124397.20
2025-10-07 20:00:00,124397.10,125098.00,121102.00,121788.30
2025-10-08 00:00:00,121788.20,122049.70,120516.00,121593.60
2025-10-08 04:00:00,121593.50,122255.40,121218.00,121286.50
2025-10-08 08:00:00,121286.60,122196.90,121137.00,121333.10
2025-10-08 12:00:00,121333.10,121880.00,121005.30,121550.40
2025-10-08 16:00:00,121550.50,123150.00,121468.50,122825.70
2025-10-08 20:00:00,122825.80,123312.90,121607.80,122140.10
2025-10-09 00:00:00,122140.10,124170.60,122055.80,123381.80
2025-10-09 04:00:00,123381.80,123671.50,122739.70,123237.50
2025-10-09 08:00:00,123237.40,123279.70,121411.80,121988.40
2025-10-09 12:00:00,121988.40,122221.00,121657.30,121847.90
2025-10-09 16:00:00,121847.80,122777.00,121081.50,122672.90
2025-10-09 20:00:00,122673.00,123740.10,120595.50,121079.40
2025-10-10 00:00:00,121079.40,121426.70,119572.80,120897.60
2025-10-10 04:00:00,120897.60,121712.40,120787.90,121579.30
2025-10-10 08:00:00,121579.40,121835.50,120850.00,120960.80
2025-10-10 12:00:00,120960.80,121712.20,120814.00,120886.10
2025-10-10 16:00:00,120886.10,121728.30,120869.20,121493.20
2025-10-10 20:00:00,121493.20,122497.00,118424.40,118965.30
2025-10-11 00:00:00,118965.20,119403.40,115845.00,116605.30
2025-10-11 04:00:00,116605.20,117145.30,101516.50,112714.90
2025-10-11 08:00:00,112715.00,113300.10,110987.00,112261.90
2025-10-11 12:00:00,112261.60,112931.90,110022.00,110338.70
2025-10-11 16:00:00,110338.70,112307.60,110100.50,112224.60
2025-10-11 20:00:00,112224.60,112466.20,111740.80,111744.40
2025-10-12 00:00:00,111744.40,112142.00,110800.10,111126.70
2025-10-12 04:00:00,111126.60,111333.50,109501.00,110579.10
2025-10-12 08:00:00,110579.10,111424.00,109509.30,110643.30
2025-10-12 12:00:00,110643.30,112110.00,110561.80,111464.00
2025-10-12 16:00:00,111463.90,112084.30,111070.40,111783.80
2025-10-12 20:00:00,111783.80,113687.60,111111.00,113119.00
2025-10-13 00:00:00,113119.00,114654.50,113119.00,114288.70
2025-10-13 04:00:00,114288.80,115730.30,114200.00,114894.40
2025-10-13 08:00:00,114894.50,115912.00,114566.10,114773.60
2025-10-13 12:00:00,114773.50,115500.00,114357.20,115341.70
2025-10-13 16:00:00,115341.70,115376.30,113600.50,114129.30
2025-10-13 20:00:00,114129.20,115488.90,113721.20,114260.70
2025-10-14 00:00:00,114260.80,115827.60,114151.00,115726.60
2025-10-14 04:00:00,115726.60,115817.40,114930.10,115111.90
2025-10-14 08:00:00,115112.00,115360.20,113210.60,113441.00
2025-10-14 12:00:00,113440.90,113677.90,111302.00,111665.20
2025-10-14 16:00:00,111665.20,112100.10,109969.20,111241.40
2025-10-14 20:00:00,111241.40,112839.90,109802.00,112823.00
2025-10-15 00:00:00,112822.90,113480.00,111615.10,112543.90
2025-10-15 04:00:00,112543.90,113557.90,112164.60,112983.80
2025-10-15 08:00:00,112983.90,113576.10,111758.50,111978.70
2025-10-15 12:00:00,111978.70,112637.00,111692.80,112524.30
2025-10-15 16:00:00,112524.40,113477.90,111606.10,111841.00
2025-10-15 20:00:00,111840.90,112183.40,110320.40,110757.50
2025-10-16 00:00:00,110757.40,111500.00,110096.90,111202.70
2025-10-16 04:00:00,111202.70,111499.70,110429.80,110699.00
2025-10-16 08:00:00,110699.10,111827.50,110300.00,111277.40
2025-10-16 12:00:00,111277.50,111711.40,110488.00,110518.20
2025-10-16 16:00:00,110518.20,111677.10,109403.50,111363.90
2025-10-16 20:00:00,111364.00,111960.00,108250.00,108474.00
2025-10-17 00:00:00,108473.90,109212.60,107503.30,108151.30
2025-10-17 04:00:00,108151.20,108450.40,107350.00,108129.40
2025-10-17 08:00:00,108129.40,109199.80,107885.60,109121.80
2025-10-17 12:00:00,109121.90,109182.90,105457.40,105578.30
2025-10-17 16:00:00,105578.30,106666.60,103470.00,105610.50
2025-10-17 20:00:00,105610.50,106800.00,104489.50,106750.10
2025-10-18 00:00:00,106750.00,107505.00,106016.60,106416.40
2025-10-18 04:00:00,106416.50,107370.00,106296.30,106378.60
2025-10-18 08:00:00,106378.50,107250.00,106270.00,107025.00
2025-10-18 12:00:00,107024.90,107452.60,106374.20,106648.30
2025-10-18 16:00:00,106648.20,107187.90,106550.00,107151.00
2025-10-18 20:00:00,107151.00,107248.00,106669.00,106893.20
2025-10-19 00:00:00,106893.30,107047.50,106410.80,107023.00
2025-10-19 04:00:00,107023.00,107298.70,106788.40,107117.50
2025-10-19 08:00:00,107117.50,107333.00,106666.90,107221.90
2025-10-19 12:00:00,107221.90,107241.50,106503.30,106733.30
2025-10-19 16:00:00,106733.30,108214.80,106055.80,107730.60
2025-10-19 20:00:00,107730.60,108575.60,107312.20,108429.50
2025-10-20 00:00:00,108429.60,109399.90,108175.60,108850.00
2025-10-20 04:00:00,108850.10,109340.70,108366.40,108586.20
2025-10-20 08:00:00,108586.20,110404.30,107377.20,110100.40
2025-10-20 12:00:00,110100.30,111350.00,109875.00,111126.20
2025-10-20 16:00:00,111126.20,111650.00,110552.30,110969.50
2025-10-20 20:00:00,110969.50,111649.00,110522.90,111079.10
2025-10-21 00:00:00,111079.20,111255.00,109800.00,110735.00
2025-10-21 04:00:00,110735.10,111215.30,110355.00,110469.90
2025-10-21 08:00:00,110469.90,110486.30,109005.00,109005.00
2025-10-21 12:00:00,109005.10,109005.10,107400.00,108020.00
2025-10-21 16:00:00,108019.90,108772.40,107432.80,108519.40
2025-10-21 20:00:00,108519.40,113480.00,107677.00,113355.20
2025-10-22 00:00:00,113355.20,113940.00,111255.90,111720.70
2025-10-22 04:00:00,111720.70,111747.70,108000.00,108253.70
2025-10-22 08:00:00,108253.80,108649.40,107777.10,108174.10
2025-10-22 12:00:00,108174.00,108581.90,107558.10,108284.10
2025-10-22 16:00:00,108284.10,108313.80,106360.30,107501.70
2025-10-22 20:00:00,107501.70,109160.00,107389.40,108369.90
2025-10-23 00:00:00,108369.80,108780.00,107416.10,107829.00
2025-10-23 04:00:00,107829.10,108032.00,106588.00,107532.00
2025-10-23 08:00:00,107532.10,108660.00,107462.90,108322.20
2025-10-23 12:00:00,108322.20,110275.90,108290.30,109228.60
2025-10-23 16:00:00,109228.60,109867.70,109021.30,109218.50
2025-10-23 20:00:00,109218.50,110088.00,108639.40,109849.00
2025-10-24 00:00:00,109849.00,111240.00,109575.90,110137.80
2025-10-24 04:00:00,110137.90,110145.80,109260.00,110025.90
2025-10-24 08:00:00,110026.00,110839.90,109927.80,110399.90
2025-10-24 12:00:00,110399.90,111498.80,110274.40,111013.70
2025-10-24 16:00:00,111013.70,111438.30,110496.50,111006.70
2025-10-24 20:00:00,111006.70,112086.00,109650.00,110009.80
2025-10-25 00:00:00,110009.90,110907.10,109752.80,110571.30
2025-10-25 04:00:00,110571.40,111088.00,110431.00,110965.40
2025-10-25 08:00:00,110965.40,111187.50,110600.50,110962.30
2025-10-25 12:00:00,110962.30,111775.10,110962.30,111445.40
2025-10-25 16:00:00,111445.50,111789.40,111328.00,111522.70
2025-10-25 20:00:00,111522.60,111903.90,111255.20,111340.90
2025-10-26 00:00:00,111341.00,111686.00,111094.40,111574.90
2025-10-26 04:00:00,111574.90,111640.10,111291.00,111589.40
2025-10-26 08:00:00,111589.40,111866.70,111200.00,111210.10
2025-10-26 12:00:00,111210.10,111677.90,111200.20,111672.80
2025-10-26 16:00:00,111672.90,113442.50,111650.30,113235.20
2025-10-26 20:00:00,113235.10,114000.00,113221.50,113648.10
2025-10-27 00:00:00,113648.00,113774.50,113231.20,113546.30
2025-10-27 04:00:00,113546.20,115521.70,112800.00,114497.80
2025-10-27 08:00:00,114497.90,115407.70,114300.00,114927.70
2025-10-27 12:00:00,114927.80,116380.20,114925.60,115522.50
2025-10-27 16:00:00,115522.40,115575.10,114780.20,115302.30
2025-10-27 20:00:00,115302.30,115385.70,114433.00,114914.40
2025-10-28 00:00:00,114914.50,115744.80,114712.40,114894.90
2025-10-28 04:00:00,114894.80,114894.80,113792.40,114064.10
2025-10-28 08:00:00,114064.20,114500.10,113477.50,113863.90
2025-10-28 12:00:00,113864.00,114320.60,113422.00,114128.70
2025-10-28 16:00:00,114128.80,114619.20,114058.00,114290.70
2025-10-28 20:00:00,114290.60,116074.30,114080.80,114571.90
2025-10-29 00:00:00,114571.70,115554.50,113500.00,113629.00
2025-10-29 04:00:00,113629.00,113647.40,112121.40,112833.50
2025-10-29 08:00:00,112833.50,112927.50,112036.10,112459.60
2025-10-29 12:00:00,112459.60,113525.00,112443.50,113511.90
2025-10-29 16:00:00,113512.00,113581.70,112666.00,113084.50
2025-10-29 20:00:00,113084.60,113593.00,111326.50,111460.60
2025-10-30 00:00:00,111460.70,111963.00,109026.40,110605.60
2025-10-30 04:00:00,110605.90,111744.00,109686.40,109985.60
2025-10-30 08:00:00,109985.60,110957.90,109670.60,110694.50
2025-10-30 12:00:00,110694.40,111565.10,107817.30,111313.50
2025-10-30 16:00:00,111313.60,111400.00,109638.60,109666.00
2025-10-30 20:00:00,109665.90,109736.30,107254.10,107670.60
2025-10-31 00:00:00,107670.50,108184.00,106200.00,106495.10
2025-10-31 04:00:00,106494.30,108300.00,106257.00,108263.50
2025-10-31 08:00:00,108263.60,110014.40,108226.60,109186.20
2025-10-31 12:00:00,109186.30,110200.00,109062.70,109400.10
2025-10-31 16:00:00,109400.00,110500.00,109159.00,110375.70
2025-10-31 20:00:00,110375.70,111233.00,109308.10,110160.10
2025-11-01 00:00:00,110160.10,110273.20,108600.00,109802.80
2025-11-01 04:00:00,109802.70,109802.70,109277.70,109557.30
2025-11-01 08:00:00,109557.20,110300.00,109351.50,110194.60
2025-11-01 12:00:00,110194.60,110557.00,109885.50,110025.30
2025-11-01 16:00:00,110025.30,110237.60,109803.00,110096.20
2025-11-01 20:00:00,110096.30,110300.00,109654.50,110253.20
2025-11-02 00:00:00,110253.10,110486.40,110125.10,110249.00
2025-11-02 04:00:00,110249.00,110487.00,109803.50,110047.20
2025-11-02 08:00:00,110047.30,110234.40,109836.70,110008.50
2025-11-02 12:00:00,110008.40,110988.00,109974.10,110844.10
2025-11-02 16:00:00,110844.00,111193.50,110302.10,111145.40
2025-11-02 20:00:00,111145.40,111216.00,110030.00,110066.10
2025-11-03 00:00:00,110066.20,110286.20,109661.20,110125.20
2025-11-03 04:00:00,110125.30,110700.00,109368.90,110494.90
2025-11-03 08:00:00,110494.90,110711.00,107850.00,107886.00
2025-11-03 12:00:00,107886.00,108088.80,106946.70,107420.50
2025-11-03 16:00:00,107420.60,107881.40,106618.70,107737.40
2025-11-03 20:00:00,107737.40,108280.00,105500.00,105718.80
2025-11-04 00:00:00,105718.80,107797.20,105300.00,107034.70
2025-11-04 04:00:00,107034.70,107120.00,105750.10,106544.00
2025-11-04 08:00:00,106544.00,107271.90,105820.00,107097.20
2025-11-04 12:00:00,107097.10,107247.80,104125.30,104442.90
2025-11-04 16:00:00,104442.90,104656.00,103550.00,104530.70
2025-11-04 20:00:00,104530.70,104800.00,102870.00,103157.70
2025-11-05 00:00:00,103157.70,103474.10,99980.00,100507.00
2025-11-05 04:00:00,100507.00,101859.50,98888.80,101450.30
2025-11-05 08:00:00,101450.20,102222.00,98909.70,102094.80
2025-11-05 12:00:00,102094.80,102326.40,101433.30,101946.10
2025-11-05 16:00:00,101946.20,102174.90,101131.00,102019.40
2025-11-05 20:00:00,102019.30,103750.00,101867.80,103668.30
2025-11-06 00:00:00,103668.20,104496.60,102972.80,103950.00
2025-11-06 04:00:00,103950.00,104497.60,103240.50,103837.00
2025-11-06 08:00:00,103837.00,103919.70,102684.70,103598.30
2025-11-06 12:00:00,103598.30,104210.20,102850.10,103138.60
2025-11-06 16:00:00,103138.60,103406.00,102611.50,103182.60
2025-11-06 20:00:00,103182.60,103585.00,101570.50,101981.60
2025-11-07 00:00:00,101981.60,102367.90,100238.40,101335.90
2025-11-07 04:00:00,101335.90,101599.60,100500.00,101305.60
2025-11-07 08:00:00,101305.60,102311.00,100700.10,101863.50
2025-11-07 12:00:00,101863.40,102480.40,101530.00,101978.80
2025-11-07 16:00:00,101978.20,102024.70,99750.00,100369.10
2025-11-07 20:00:00,100369.20,101230.00,99200.00,100758.00
2025-11-08 00:00:00,100758.00,103350.70,100468.90,103350.00
2025-11-08 04:00:00,103350.00,104070.70,102889.60,103305.20
2025-11-08 08:00:00,103305.30,103373.80,102488.00,102545.80
2025-11-08 12:00:00,102545.80,102794.00,101853.80,102302.90
2025-11-08 16:00:00,102302.80,102654.10,101647.70,101805.60
2025-11-08 20:00:00,101805.60,102142.90,101400.10,101678.00
2025-11-09 00:00:00,101678.10,102182.70,101471.10,101934.30
2025-11-09 04:00:00,101934.40,102443.90,101906.60,102269.30
2025-11-09 08:00:00,102269.30,102294.90,101300.00,101622.90
2025-11-09 12:00:00,101623.00,102097.00,101602.10,101898.20
2025-11-09 16:00:00,101898.30,102274.90,101457.00,102198.20
2025-11-09 20:00:00,102198.20,104180.00,102001.00,103715.80
2025-11-10 00:00:00,103715.80,104780.00,103290.80,104764.10
2025-11-10 04:00:00,104764.10,105440.00,103999.50,104670.60
2025-11-10 08:00:00,104670.70,106666.00,104205.90,105990.60
2025-11-10 12:00:00,105990.60,106499.00,105800.00,106417.70
2025-11-10 16:00:00,106417.60,106570.00,105780.10,106136.60
2025-11-10 20:00:00,106136.50,106566.70,104615.70,105028.90
2025-11-11 00:00:00,105028.90,106081.10,104735.60,105767.20
2025-11-11 04:00:00,105767.10,106249.60,105202.70,105966.30
2025-11-11 08:00:00,105966.30,107473.70,105399.60,106407.30
2025-11-11 12:00:00,106407.40,106496.60,104685.30,104737.00
2025-11-11 16:00:00,104737.10,105464.20,104718.20,105256.20
2025-11-11 20:00:00,105256.20,105459.80,103135.20,103417.20
2025-11-12 00:00:00,103417.20,103694.80,102777.00,103073.60
2025-11-12 04:00:00,103073.60,103183.80,102400.00,103005.80
2025-11-12 08:00:00,103005.80,103399.40,102629.50,103267.20
2025-11-12 12:00:00,103267.20,103605.00,102941.60,103066.70
2025-11-12 16:00:00,103066.70,105162.60,103066.70,104979.90
2025-11-12 20:00:00,104979.90,105297.00,101900.00,102124.90
2025-11-13 00:00:00,102124.90,102249.20,100711.00,101245.40
2025-11-13 04:00:00,101245.30,101964.50,101087.80,101605.80
2025-11-13 08:00:00,101605.80,102581.70,100850.00,102088.10
2025-11-13 12:00:00,102088.00,104024.60,101602.20,103430.90
2025-11-13 16:00:00,103430.90,103765.40,102509.10,102900.00
2025-11-13 20:00:00,102900.10,103456.00,101135.00,101338.00
2025-11-14 00:00:00,101338.00,101495.70,98100.00,98643.10
2025-11-14 04:00:00,98643.10,100485.80,97959.00,99654.30
2025-11-14 08:00:00,99654.30,99862.80,98657.00,99103.30
2025-11-14 12:00:00,99103.30,99152.00,95840.90,97099.90
2025-11-14 16:00:00,97099.90,97520.00,95597.90,96134.60
2025-11-14 20:00:00,96134.50,97280.00,94500.00,96752.60
2025-11-15 00:00:00,96752.70,97377.60,94741.20,95737.30
2025-11-15 04:00:00,95737.40,95900.00,93955.00,94544.90
2025-11-15 08:00:00,94544.90,96800.00,94523.90,96388.50
2025-11-15 12:00:00,96388.50,96543.80,95900.10,96289.40
2025-11-15 16:00:00,96289.30,96310.40,95587.30,95657.30
2025-11-15 20:00:00,95657.30,96439.60,95534.10,96222.10
2025-11-16 00:00:00,96222.10,96362.50,95677.70,95967.70
2025-11-16 04:00:00,95967.70,95979.10,95072.10,95560.30
2025-11-16 08:00:00,95560.40,95946.40,94800.00,95782.00
2025-11-16 12:00:00,95782.00,96170.60,95602.00,96064.80
2025-11-16 16:00:00,96064.80,96600.00,95443.60,95588.00
2025-11-16 20:00:00,95588.00,95870.00,94300.00,94531.30
2025-11-17 00:00:00,94531.20,95544.80,93677.40,93994.50
2025-11-17 04:00:00,93994.50,94700.00,92922.80,94221.70
2025-11-17 08:00:00,94221.70,95539.30,93730.00,95472.10
2025-11-17 12:00:00,95472.00,95838.00,94850.00,95587.90
2025-11-17 16:00:00,95587.90,95980.10,95268.90,95530.10
2025-11-17 20:00:00,95530.00,96012.20,93511.80,93915.70
2025-11-18 00:00:00,93915.80,94388.00,91550.20,91656.20
2025-11-18 04:00:00,91656.20,92370.90,91250.00,92169.70
2025-11-18 08:00:00,92169.80,92335.40,89666.10,90811.90
2025-11-18 12:00:00,90811.80,90842.10,89012.00,90459.10
2025-11-18 16:00:00,90459.20,91567.00,90459.10,91473.60
2025-11-18 20:00:00,91474.10,92991.70,90888.00,92851.40
2025-11-19 00:00:00,92851.50,93799.10,92532.00,93143.10
2025-11-19 04:00:00,93143.10,93400.00,92420.30,92916.90
2025-11-19 08:00:00,92916.80,92944.80,91600.00,91842.20
2025-11-19 12:00:00,91842.10,91987.20,89966.00,91826.60
2025-11-19 16:00:00,91826.60,91920.00,91038.90,91372.40
2025-11-19 20:00:00,91372.30,92348.20,89822.00,89901.00
2025-11-20 00:00:00,89901.00,90202.50,88600.00,88857.70
2025-11-20 04:00:00,88857.80,91554.90,88564.40,91508.90
2025-11-20 08:00:00,91509.00,92760.00,91140.20,92404.60
2025-11-20 12:00:00,92404.70,93150.00,91640.20,92267.40
2025-11-20 16:00:00,92267.50,92363.10,91388.50,91892.60
2025-11-20 20:00:00,91892.70,92498.60,89804.10,89835.40
2025-11-21 00:00:00,89835.50,89885.70,86066.60,86880.30
2025-11-21 04:00:00,86880.20,88214.10,86291.70,86601.30
2025-11-21 08:00:00,86601.40,87465.40,85288.00,85782.50
2025-11-21 12:00:00,85782.40,86313.20,81111.00,84006.70
2025-11-21 16:00:00,84006.70,84667.10,81601.70,82279.10
2025-11-21 20:00:00,82279.20,85449.20,80600.00,82905.10
2025-11-22 00:00:00,82905.00,85548.40,82300.00,84167.20
2025-11-22 04:00:00,84167.10,85374.50,83418.40,85093.50
2025-11-22 08:00:00,85093.60,85599.90,84180.00,84414.10
2025-11-22 12:00:00,84414.00,84764.30,83792.00,84537.40
2025-11-22 16:00:00,84537.40,84546.40,83456.00,84066.20
2025-11-22 20:00:00,84066.20,84712.70,83578.50,84239.90
2025-11-23 00:00:00,84239.90,84888.00,84175.00,84566.70
2025-11-23 04:00:00,84566.80,85238.30,84193.80,84689.40
2025-11-23 08:00:00,84689.40,86300.00,84622.00,86261.00
2025-11-23 12:00:00,86261.00,86826.80,85348.70,85732.00
2025-11-23 16:00:00,85732.10,86438.50,85724.70,86290.30
2025-11-23 20:00:00,86290.30,87222.00,86222.00,87042.80
2025-11-24 00:00:00,87042.80,87653.90,86458.00,87276.70
2025-11-24 04:00:00,87276.70,88100.00,86700.00,86807.70
2025-11-24 08:00:00,86807.60,88049.50,85915.00,87408.80
2025-11-24 12:00:00,87408.70,87795.90,86400.00,87004.60
2025-11-24 16:00:00,87004.60,87004.60,85654.10,86232.50
2025-11-24 20:00:00,86232.50,86700.00,85226.40,86571.00
2025-11-25 00:00:00,86571.10,88788.00,86571.00,88277.00
2025-11-25 04:00:00,88277.10,89177.30,88205.30,88247.10
2025-11-25 08:00:00,88247.10,88247.10,87378.80,87775.10
2025-11-25 12:00:00,87775.00,88477.60,87240.00,87362.20
2025-11-25 16:00:00,87362.20,87585.70,86628.40,87311.90
2025-11-25 20:00:00,87312.00,87732.70,86061.10,86946.50
2025-11-26 00:00:00,86946.60,88115.00,86132.70,86835.00
2025-11-26 04:00:00,86835.10,87869.40,86542.00,87324.10
2025-11-26 08:00:00,87324.10,88200.00,87022.20,87088.50
2025-11-26 12:00:00,87088.40,87947.00,86851.10,87896.20
2025-11-26 16:00:00,87896.20,87909.20,86630.00,87049.20
2025-11-26 20:00:00,87049.10,87646.80,86260.90,86926.20
2025-11-27 00:00:00,86926.30,90362.70,86914.30,89923.30
2025-11-27 04:00:00,89923.30,90655.40,89458.70,90438.10
2025-11-27 08:00:00,90438.00,91850.00,90024.40,91049.30
2025-11-27 12:00:00,91049.30,91520.00,90843.80,91361.50
2025-11-27 16:00:00,91361.40,91931.90,91177.20,91334.90
2025-11-27 20:00:00,91334.90,91418.40,90410.60,90912.90
2025-11-28 00:00:00,90913.00,91800.00,90800.40,91489.00
2025-11-28 04:00:00,91489.00,91562.80,91058.40,91292.20
2025-11-28 08:00:00,91292.20,91386.60,90612.20,91168.00
2025-11-28 12:00:00,91168.00,91690.00,90824.10,90870.20
2025-11-28 16:00:00,90870.20,92000.00,90863.60,91382.90
2025-11-28 20:00:00,91383.00,93080.00,91314.40,92299.90
2025-11-29 00:00:00,92299.80,92323.60,90155.00,91106.10
2025-11-29 04:00:00,91106.00,91209.00,90657.60,90847.80
2025-11-29 08:00:00,90847.80,91078.40,90500.00,90638.00
2025-11-29 12:00:00,90638.10,90884.80,90265.20,90523.50
2025-11-29 16:00:00,90523.40,90691.50,90335.20,90633.70
2025-11-29 20:00:00,90633.80,91068.10,90484.30,91030.00
2025-11-30 00:00:00,91030.00,91130.00,90092.70,90602.90
2025-11-30 04:00:00,90602.90,91020.00,90363.00,90765.00
2025-11-30 08:00:00,90764.90,91016.00,90414.00,90873.00
2025-11-30 12:00:00,90872.90,90999.40,90626.20,90924.50
2025-11-30 16:00:00,90924.50,91580.00,90879.30,91000.90
2025-11-30 20:00:00,91000.90,91934.40,90960.00,91405.80
2025-12-01 00:00:00,91405.90,91818.80,91088.10,91423.20
2025-12-01 04:00:00,91423.10,91592.30,90300.00,90320.60
2025-12-01 08:00:00,90320.50,90396.90,86126.00,86319.20
2025-12-01 12:00:00,86319.10,86524.60,85563.70,86487.60
2025-12-01 16:00:00,86487.30,86886.00,86090.00,86100.10
2025-12-01 20:00:00,86100.00,86625.00,83786.00,84650.00
2025-12-02 00:00:00,84650.00,85528.70,84011.00,84985.00
2025-12-02 04:00:00,84985.00,86817.00,84966.80,86241.60
2025-12-02 08:00:00,86241.50,87384.00,86140.10,86936.00
2025-12-02 12:00:00,86935.90,87245.90,86772.00,86965.00
2025-12-02 16:00:00,86965.00,87640.00,86321.00,87326.90
2025-12-02 20:00:00,87327.00,91211.30,87005.00,90809.20
2025-12-03 00:00:00,90809.20,92273.20,90156.40,91849.90
2025-12-03 04:00:00,91849.90,91970.40,90643.50,91249.10
2025-12-03 08:00:00,91249.10,93068.90,90954.80,92589.20
2025-12-03 12:00:00,92589.20,93932.70,92578.00,92969.90
2025-12-03 16:00:00,92970.00,93338.40,92602.80,92957.70
2025-12-03 20:00:00,92957.60,93653.60,91637.40,92332.90
2025-12-04 00:00:00,92333.00,93471.10,91733.20,92995.80
2025-12-04 04:00:00,92995.80,94185.00,92784.30,93376.70
2025-12-04 08:00:00,93376.80,94040.00,92628.00,93499.90
2025-12-04 12:00:00,93500.00,93549.20,92737.00,93358.60
2025-12-04 16:00:00,93358.50,93600.00,92666.10,92894.90
2025-12-04 20:00:00,92894.90,93256.30,91762.00,92933.50
2025-12-05 00:00:00,92933.40,93143.40,90822.50,91941.50
2025-12-05 04:00:00,91941.50,92676.80,91649.80,92034.70
2025-12-05 08:00:00,92034.70,92665.50,91917.70,92104.90
2025-12-05 12:00:00,92104.80,92455.40,91750.60,92227.50
2025-12-05 16:00:00,92227.60,92227.60,90940.40,91307.90
2025-12-05 20:00:00,91308.00,91445.20,89863.00,90414.00
2025-12-06 00:00:00,90413.90,90460.00,87976.30,89590.50
2025-12-06 04:00:00,89590.50,89706.00,88856.70,89288.50
2025-12-06 08:00:00,89288.60,89758.00,88986.10,89636.50
2025-12-06 12:00:00,89636.50,89732.40,89410.80,89549.60
2025-12-06 16:00:00,89549.50,89679.00,89165.90,89585.40
2025-12-06 20:00:00,89585.40,90257.30,89424.20,89713.40
2025-12-07 00:00:00,89713.30,89940.30,89203.00,89369.40
2025-12-07 04:00:00,89369.50,89578.30,88870.10,89197.10
2025-12-07 08:00:00,89197.10,89704.50,89131.50,89675.60
2025-12-07 12:00:00,89675.70,89750.00,89155.00,89337.10
2025-12-07 16:00:00,89337.10,89494.40,89012.90,89109.40
2025-12-07 20:00:00,89109.30,89700.00,87688.00,89505.00
2025-12-08 00:00:00,89505.00,91722.00,89065.20,91379.70
2025-12-08 04:00:00,91379.80,91473.20,88890.00,90345.40
2025-12-08 08:00:00,90345.40,91650.00,89806.40,91039.40
2025-12-08 12:00:00,91039.30,91868.00,90979.20,91519.80
2025-12-08 16:00:00,91519.80,92262.60,91433.60,91923.50
2025-12-08 20:00:00,91923.60,92106.40,89553.80,89912.60
2025-12-09 00:00:00,89912.70,90471.60,89629.10,90073.60
2025-12-09 04:00:00,90073.70,91338.20,90073.70,90610.80
2025-12-09 08:00:00,90610.80,90810.80,89774.10,90364.00
2025-12-09 12:00:00,90364.10,90485.80,89368.90,90449.90
2025-12-09 16:00:00,90449.90,90584.80,89868.00,90341.90
2025-12-09 20:00:00,90342.00,92867.00,89953.00,92676.90
2025-12-10 00:00:00,92676.90,94555.00,92656.50,93761.90
2025-12-10 04:00:00,93761.90,93819.10,92199.00,92638.40
2025-12-10 08:00:00,92638.30,92748.20,91900.00,92366.00
2025-12-10 12:00:00,92366.00,92749.80,92339.80,92744.70
2025-12-10 16:00:00,92744.70,93278.90,91721.00,92085.50
2025-12-10 20:00:00,92085.40,92197.30,91520.00,92021.80
2025-12-11 00:00:00,92021.80,93223.60,91605.00,92913.80
2025-12-11 04:00:00,92913.90,94443.70,91825.00,91977.50
2025-12-11 08:00:00,91977.50,92046.30,89321.00,89833.10
2025-12-11 12:00:00,89833.10,90445.60,89640.40,90231.40
2025-12-11 16:00:00,90231.30,90494.70,89931.00,90195.30
2025-12-11 20:00:00,90195.30,90618.00,89200.00,89830.10
2025-12-12 00:00:00,89830.10,91499.00,89288.00,90793.50
2025-12-12 04:00:00,90793.50,93547.30,90749.60,92477.50
2025-12-12 08:00:00,92477.60,92719.00,91400.00,92234.30
2025-12-12 12:00:00,92234.30,92685.50,92028.40,92389.50
2025-12-12 16:00:00,92389.50,92600.00,92050.00,92381.50
2025-12-12 20:00:00,92381.40,92630.00,89688.00,89895.00
2025-12-13 00:00:00,89895.00,90617.70,89429.00,90147.30
2025-12-13 04:00:00,90147.40,90357.50,89843.00,90229.60
2025-12-13 08:00:00,90229.70,90432.00,90077.00,90304.00
2025-12-13 12:00:00,90304.10,90379.50,90226.80,90286.10
2025-12-13 16:00:00,90286.00,90599.00,90239.00,90298.40
2025-12-13 20:00:00,90298.50,90441.90,89888.00,90055.40
2025-12-14 00:00:00,90055.30,90236.60,89944.00,90150.90
2025-12-14 04:00:00,90150.80,90248.00,89711.90,90191.30
2025-12-14 08:00:00,90191.30,90440.00,90071.60,90222.30
2025-12-14 12:00:00,90222.40,90300.00,90005.80,90205.10
2025-12-14 16:00:00,90205.10,90250.00,88412.80,89308.20
2025-12-14 20:00:00,89308.30,89630.80,88831.70,88985.20
2025-12-15 00:00:00,88985.20,89372.80,88432.00,88598.70
2025-12-15 04:00:00,88598.70,88779.10,87504.30,88118.80
2025-12-15 08:00:00,88118.80,89972.40,88025.30,89239.90
2025-12-15 12:00:00,89240.00,89880.00,89229.50,89703.00
2025-12-15 16:00:00,89702.90,89940.00,89525.00,89606.00
2025-12-15 20:00:00,89606.00,89845.00,86563.60,86996.60
2025-12-16 00:00:00,86996.50,87189.90,85073.00,86104.20
2025-12-16 04:00:00,86104.20,86437.10,85489.70,86389.90
2025-12-16 08:00:00,86390.00,86478.60,85340.10,85837.70
2025-12-16 12:00:00,85837.60,86577.00,85226.00,85964.80
2025-12-16 16:00:00,85964.90,87299.70,85874.60,87216.60
2025-12-16 20:00:00,87216.60,88143.90,86055.90,87936.30
2025-12-17 00:00:00,87936.30,88012.50,87015.80,87538.70
2025-12-17 04:00:00,87538.70,87900.00,87297.90,87826.30
2025-12-17 08:00:00,87826.30,87925.80,87104.20,87178.10
2025-12-17 12:00:00,87178.20,87360.80,86158.40,87010.40
2025-12-17 16:00:00,87010.40,87100.00,86201.00,86939.30
2025-12-17 20:00:00,86939.20,90363.20,86768.80,87191.40
2025-12-18 00:00:00,87191.00,87737.30,85261.30,85982.70
2025-12-18 04:00:00,85982.70,86421.00,85630.00,86201.60
2025-12-18 08:00:00,86201.60,86836.20,85820.60,86575.10
2025-12-18 12:00:00,86575.10,86859.10,86323.70,86787.50
2025-12-18 16:00:00,86787.50,87417.60,86640.50,87268.10
2025-12-18 20:00:00,87257.00,89447.90,87068.00,88480.80
2025-12-19 00:00:00,88480.70,88500.00,84429.90,84447.00
2025-12-19 04:00:00,84447.00,85800.00,84408.60,85469.70
2025-12-19 08:00:00,85469.80,87550.00,85062.70,86863.10
2025-12-19 12:00:00,86863.20,88366.00,86651.90,87909.70
2025-12-19 16:00:00,87909.70,88345.10,87700.00,88169.90
2025-12-19 20:00:00,88170.00,89374.60,87488.00,87925.60
2025-12-20 00:00:00,87925.60,88888.00,86795.50,87812.80
2025-12-20 04:00:00,87812.90,88406.30,87569.10,88100.00
2025-12-20 08:00:00,88100.00,88294.80,87926.70,88165.30
2025-12-20 12:00:00,88165.30,88551.80,88065.90,88239.90
2025-12-20 16:00:00,88240.00,88397.80,88063.80,88243.60
2025-12-20 20:00:00,88243.60,88320.00,87698.50,88134.60
2025-12-21 00:00:00,88134.50,88407.70,88060.00,88196.30
2025-12-21 04:00:00,88196.40,88434.90,88111.10,88320.80
2025-12-21 08:00:00,88320.70,88400.00,87821.10,88043.20
2025-12-21 12:00:00,88043.30,88174.50,88010.00,88138.70
2025-12-21 16:00:00,88138.80,89050.00,88103.30,88570.60
2025-12-21 20:00:00,88570.70,88885.90,87548.50,88024.70
2025-12-22 00:00:00,88024.70,88588.00,87902.00,88448.20
2025-12-22 04:00:00,88448.30,88786.90,88047.40,88621.30
2025-12-22 08:00:00,88621.30,89600.00,87845.00,88727.50
2025-12-22 12:00:00,88727.40,89173.80,88665.30,89127.70
2025-12-22 16:00:00,89127.80,90085.00,89050.10,89905.20
2025-12-22 20:00:00,89905.20,90599.00,89109.10,89688.50
2025-12-23 00:00:00,89688.60,90088.00,87906.70,88011.10
2025-12-23 04:00:00,88011.00,88805.90,87872.60,88581.50
2025-12-23 08:00:00,88581.50,88904.90,87738.30,88128.20
2025-12-23 12:00:00,88128.20,88342.00,86976.60,87531.30
2025-12-23 16:00:00,87531.30,87852.00,87256.30,87813.90
2025-12-23 20:00:00,87813.80,87914.00,86536.00,87405.30
2025-12-24 00:00:00,87405.20,88247.80,87121.40,87724.20
2025-12-24 04:00:00,87724.20,88349.20,87145.00,87463.00
2025-12-24 08:00:00,87463.10,87849.90,86817.90,87311.40
2025-12-24 12:00:00,87311.40,87430.00,86738.80,86868.10
2025-12-24 16:00:00,86868.10,87316.70,86671.70,87162.60
2025-12-24 20:00:00,87162.60,87450.00,86355.00,87012.00
2025-12-25 00:00:00,87012.00,87660.00,86878.30,87521.40
2025-12-25 04:00:00,87521.40,88033.30,87484.60,87627.30
2025-12-25 08:00:00,87627.40,87933.50,87466.90,87811.60
2025-12-25 12:00:00,87811.60,87830.00,87617.10,87795.90
2025-12-25 16:00:00,87795.90,87858.80,87219.00,87485.20
2025-12-25 20:00:00,87485.20,88594.00,87360.70,88338.90
2025-12-26 00:00:00,88339.00,88451.60,87947.80,88112.30
2025-12-26 04:00:00,88112.30,88139.20,86902.10,87182.80
2025-12-26 08:00:00,87182.80,89432.00,86824.80,88796.20
2025-12-26 12:00:00,88796.20,89557.60,88300.50,88433.00
2025-12-26 16:00:00,88433.00,88888.00,88380.00,88507.50
2025-12-26 20:00:00,88507.60,89037.00,86619.90,87100.00
2025-12-27 00:00:00,87100.00,87555.00,86760.40,87453.70
2025-12-27 04:00:00,87453.70,87750.00,87266.60,87318.20
2025-12-27 08:00:00,87318.30,87493.40,87203.00,87473.40
2025-12-27 12:00:00,87473.40,87669.70,87374.50,87490.90
2025-12-27 16:00:00,87490.90,87634.90,87324.60,87433.60
2025-12-27 20:00:00,87433.60,87555.00,87264.80,87516.20
2025-12-28 00:00:00,87516.30,87545.60,87397.50,87522.40
2025-12-28 04:00:00,87522.30,87956.90,87455.50,87829.40
2025-12-28 08:00:00,87829.50,87921.70,87674.40,87693.00
2025-12-28 12:00:00,87693.10,87802.50,87566.00,87697.70
2025-12-28 16:00:00,87697.70,87980.90,87676.40,87850.80
2025-12-28 20:00:00,87850.90,88078.30,87762.20,87797.70
2025-12-29 00:00:00,87797.60,87902.70,87448.40,87488.60
2025-12-29 04:00:00,87488.70,88023.40,87402.60,87920.50
2025-12-29 08:00:00,87920.40,90156.50,87778.50,90091.60
2025-12-29 12:00:00,90091.50,90373.40,89448.10,89583.00
2025-12-29 16:00:00,89583.00,89791.50,87520.10,87529.00
2025-12-29 20:00:00,87529.10,88150.00,86760.00,87636.60
2025-12-30 00:00:00,87636.40,87968.10,87259.60,87328.90
2025-12-30 04:00:00,87328.90,87569.20,87043.40,87203.30
2025-12-30 08:00:00,87203.20,87393.10,86789.00,87334.70
2025-12-30 12:00:00,87334.70,87581.40,87105.60,87457.50
2025-12-30 16:00:00,87457.50,88190.60,87455.50,87875.20
2025-12-30 20:00:00,87875.30,89126.00,87788.20,88966.80
2025-12-31 00:00:00,88966.80,89355.00,87910.40,88189.70
2025-12-31 04:00:00,88189.80,88533.00,87833.20,88455.30
2025-12-31 08:00:00,88455.20,88780.00,88134.90,88411.50
2025-12-31 12:00:00,88411.60,88596.00,88280.10,88569.00
2025-12-31 16:00:00,88568.90,89000.00,88339.90,88967.60
2025-12-31 20:00:00,88967.60,89192.80,87729.20,87909.00
2026-01-01 00:00:00,87909.00,88024.30,87350.50,87515.00
2026-01-01 04:00:00,87515.00,87849.70,87189.20,87608.20
2026-01-01 08:00:00,87608.30,88065.00,87600.00,87824.60
2026-01-01 12:00:00,87824.60,87831.60,87508.40,87603.70
2026-01-01 16:00:00,87603.70,87985.60,87590.00,87980.10
2026-01-01 20:00:00,87980.10,88079.30,87758.40,87986.80
2026-01-02 00:00:00,87986.80,88475.80,87833.10,88354.80
2026-01-02 04:00:00,88354.80,88881.40,88193.20,88800.00
2026-01-02 08:00:00,88800.00,89088.00,88324.40,88899.30
2026-01-02 12:00:00,88899.30,89055.00,88533.60,88829.30
2026-01-02 16:00:00,88829.30,89900.00,88780.00,89458.30
2026-01-02 20:00:00,89458.30,90126.50,88401.20,89373.10
2026-01-03 00:00:00,89373.00,90945.10,89145.20,89865.00
2026-01-03 04:00:00,89865.00,90368.70,89588.00,89951.40
2026-01-03 08:00:00,89951.50,90365.90,89914.50,90279.90
2026-01-03 12:00:00,90280.00,90456.00,89261.20,89535.90
2026-01-03 16:00:00,89535.90,89943.90,89380.20,89706.40
2026-01-03 20:00:00,89706.40,90200.00,89620.00,89931.80
2026-01-04 00:00:00,89931.70,90189.00,89866.50,90091.80
2026-01-04 04:00:00,90091.80,90716.90,89972.90,90595.80
2026-01-04 08:00:00,90595.80,91597.60,90595.70,91192.70
2026-01-04 12:00:00,91192.70,91779.70,91142.30,91477.50
2026-01-04 16:00:00,91477.50,91581.70,91111.90,91262.70
2026-01-04 20:00:00,91262.80,91377.20,90968.00,91292.80
2026-01-05 00:00:00,91292.80,91429.40,90790.10,91102.90
2026-01-05 04:00:00,91102.90,91567.00,91085.10,91497.10
2026-01-05 08:00:00,91497.20,93382.50,91476.50,92835.20
2026-01-05 12:00:00,92835.30,92920.00,92102.00,92492.10
2026-01-05 16:00:00,92492.10,93131.80,92292.00,93093.30
2026-01-05 20:00:00,93093.30,93998.90,92370.90,93899.90
2026-01-06 00:00:00,93900.00,94475.70,93201.00,94248.60
2026-01-06 04:00:00,94248.60,94760.30,93757.90,93822.40
2026-01-06 08:00:00,93822.30,94125.10,93467.10,93725.80
2026-01-06 12:00:00,93725.70,93966.40,93088.00,93207.40
2026-01-06 16:00:00,93207.40,93865.50,93130.40,93799.90
2026-01-06 20:00:00,93800.00,94415.40,93292.00,93608.20
2026-01-07 00:00:00,93608.20,93728.90,91209.00,92062.20
2026-01-07 04:00:00,92062.20,93825.00,92062.20,93708.00
2026-01-07 08:00:00,93708.10,93708.10,92202.90,92778.20
2026-01-07 12:00:00,92778.10,92893.00,92457.90,92848.10
2026-01-07 16:00:00,92848.10,92928.00,91549.90,92041.90
2026-01-07 20:00:00,92041.80,92249.30,90987.00,91303.10
2026-01-08 00:00:00,91303.20,91750.00,90634.10,91143.60
2026-01-08 04:00:00,91143.60,91462.10,90740.50,91328.00
2026-01-08 08:00:00,91328.10,91666.00,90555.10,90780.10
2026-01-08 12:00:00,90780.00,91157.60,89588.10,90509.90
2026-01-08 16:00:00,90509.80,90741.20,89733.60,90192.30
2026-01-08 20:00:00,90192.20,90790.00,89242.00,90730.00
2026-01-09 00:00:00,90730.00,91425.10,90244.70,90890.90
2026-01-09 04:00:00,90890.90,91449.90,90519.90,91059.80
2026-01-09 08:00:00,91059.80,91600.00,90800.60,91190.10
2026-01-09 12:00:00,91190.10,91203.00,90704.00,90712.10
2026-01-09 16:00:00,90712.10,90812.00,89632.80,90398.10
2026-01-09 20:00:00,90398.10,91999.00,89800.00,91137.70
2026-01-10 00:00:00,91137.80,91749.90,90145.00,90290.60
2026-01-10 04:00:00,90290.60,90693.00,90082.60,90603.60
2026-01-10 08:00:00,90603.70,90748.60,90474.40,90591.30
2026-01-10 12:00:00,90591.30,90650.40,90351.60,90627.10
2026-01-10 16:00:00,90627.10,90800.00,90570.00,90692.80
2026-01-10 20:00:00,90692.90,90758.70,90494.00,90622.70
2026-01-11 00:00:00,90622.80,90708.00,90450.00,90591.40
2026-01-11 04:00:00,90591.30,90627.60,90358.50,90469.60
2026-01-11 08:00:00,90469.70,90699.90,90410.60,90696.50
2026-01-11 12:00:00,90696.40,90818.00,90530.90,90664.00
2026-01-11 16:00:00,90663.90,90787.80,90555.00,90707.30
2026-01-11 20:00:00,90707.20,91143.10,90650.00,90834.10
2026-01-12 00:00:00,90834.00,91252.50,90609.50,90644.70
2026-01-12 04:00:00,90644.70,91000.00,90175.30,90964.40
2026-01-12 08:00:00,90964.40,92488.00,90642.00,91766.20
2026-01-12 12:00:00,91766.20,92245.10,91342.00,91369.20
2026-01-12 16:00:00,91369.20,91586.50,90319.40,90573.90
2026-01-12 20:00:00,90573.90,91637.80,90066.00,91618.70
2026-01-13 00:00:00,91618.60,92299.00,90966.00,91821.90
2026-01-13 04:00:00,91821.90,92017.00,90870.00,91252.60
2026-01-13 08:00:00,91252.50,91524.50,91011.00,91380.90
2026-01-13 12:00:00,91380.90,92258.00,91316.30,91908.00
2026-01-13 16:00:00,91908.00,92676.60,91850.60,91962.10
2026-01-13 20:00:00,91962.10,93408.00,91700.60,93407.90
2026-01-14 00:00:00,93407.90,94189.00,93009.80,94179.50
2026-01-14 04:00:00,94179.60,96863.70,94011.70,95375.20
2026-01-14 08:00:00,95375.20,95670.00,95082.00,95665.70
2026-01-14 12:00:00,95665.60,95755.00,94413.40,95166.60
2026-01-14 16:00:00,95166.60,95288.00,94700.00,94763.60
2026-01-14 20:00:00,94763.70,97100.00,94643.00,96691.90
2026-01-15 00:00:00,96691.90,97733.90,96180.00,97221.80
2026-01-15 04:00:00,97221.80,97932.10,96666.60,96907.90
2026-01-15 08:00:00,96908.00,96960.90,95733.10,95943.10
2026-01-15 12:00:00,95943.10,96744.20,95909.10,96601.20
2026-01-15 16:00:00,96601.20,97155.00,96243.80,96548.90
2026-01-15 20:00:00,96548.90,97100.00,95403.70,96717.30
2026-01-16 00:00:00,96717.30,97047.60,95080.00,95469.20
2026-01-16 04:00:00,95469.20,95837.80,95089.00,95567.30
2026-01-16 08:00:00,95567.40,95825.00,95279.80,95319.60
2026-01-16 12:00:00,95319.60,95790.00,95111.10,95608.40
2026-01-16 16:00:00,95608.40,95805.00,95210.50,95382.60
2026-01-16 20:00:00,95382.50,95763.00,94234.50,94537.50
2026-01-17 00:00:00,94537.60,95191.80,94454.50,94961.00
2026-01-17 04:00:00,94961.00,95550.00,94630.00,95503.70
2026-01-17 08:00:00,95503.80,95536.90,95136.20,95324.00
2026-01-17 12:00:00,95324.10,95346.10,94999.90,95061.10
2026-01-17 16:00:00,95061.10,95287.10,94977.50,95283.90
2026-01-17 20:00:00,95283.80,95621.90,95152.10,95529.00
2026-01-18 00:00:00,95529.00,95529.00,95165.50,95258.30
2026-01-18 04:00:00,95258.30,95373.20,95000.00,95107.90
2026-01-18 08:00:00,95107.90,95200.90,94819.50,95155.00
2026-01-18 12:00:00,95155.00,95236.50,94980.00,94989.90
2026-01-18 16:00:00,94989.90,95257.40,94980.00,95133.40
2026-01-18 20:00:00,95133.30,95326.40,94850.40,95067.80
2026-01-19 00:00:00,95067.70,95485.90,95024.60,95335.60
2026-01-19 04:00:00,95335.60,95490.00,93550.30,93614.00
2026-01-19 08:00:00,93614.00,93614.10,91800.00,92656.60
2026-01-19 12:00:00,92656.70,92810.00,92344.50,92787.90
2026-01-19 16:00:00,92787.80,93312.80,92635.00,93136.70
2026-01-19 20:00:00,93136.80,93188.00,92660.00,93013.50
2026-01-20 00:00:00,93013.40,93379.00,92888.00,93066.20
2026-01-20 04:00:00,93066.20,93312.10,92116.00,92589.60
2026-01-20 08:00:00,92589.60,92845.00,92200.00,92397.00
2026-01-20 12:00:00,92396.90,92440.10,90723.30,91136.10
2026-01-20 16:00:00,91136.10,91415.10,90622.20,91185.80
2026-01-20 20:00:00,91185.80,91344.80,89819.00,90644.20
2026-01-21 00:00:00,90644.30,90944.50,89250.20,89694.10
2026-01-21 04:00:00,89694.10,89824.00,87787.20,88390.60
2026-01-21 08:00:00,88390.70,89568.50,88218.20,89396.00
2026-01-21 12:00:00,89395.90,90088.00,89045.00,89171.30
2026-01-21 16:00:00,89171.30,89449.00,88614.10,88757.10
2026-01-21 20:00:00,88757.00,90599.50,88109.70,90237.10
2026-01-22 00:00:00,90237.20,90427.60,87205.50,90321.90
2026-01-22 04:00:00,90321.90,90349.00,89317.90,89411.40
2026-01-22 08:00:00,89411.40,90327.70,89411.30,89857.00
2026-01-22 12:00:00,89856.90,90170.10,89750.00,89772.60
2026-01-22 16:00:00,89772.60,90123.00,89701.90,89909.60
2026-01-22 20:00:00,89909.70,90309.50,88465.60,88953.60
2026-01-23 00:00:00,88953.70,89882.10,88630.20,89732.90
2026-01-23 04:00:00,89732.80,89908.50,89095.50,89518.50
2026-01-23 08:00:00,89518.40,89948.90,89400.00,89886.10
2026-01-23 12:00:00,89886.20,90050.00,89358.00,89497.20
2026-01-23 16:00:00,89497.30,89590.90,88823.30,89171.20
2026-01-23 20:00:00,89171.30,89847.20,88530.00,89711.20
2026-01-24 00:00:00,89711.20,91195.00,89438.00,89938.30
2026-01-24 04:00:00,89938.30,90124.10,89163.60,89558.70
2026-01-24 08:00:00,89558.70,89893.90,89383.50,89738.40
2026-01-24 12:00:00,89738.40,89820.10,89530.60,89581.20
2026-01-24 16:00:00,89581.30,89659.20,89539.50,89548.50
2026-01-24 20:00:00,89548.50,89554.90,89131.20,89235.00
2026-01-25 00:00:00,89234.90,89425.20,89116.90,89286.00
2026-01-25 04:00:00,89286.10,89444.40,89155.00,89180.70
2026-01-25 08:00:00,89180.70,89281.60,88800.00,88920.00
2026-01-25 12:00:00,88920.00,89057.80,88600.00,88630.30
2026-01-25 16:00:00,88630.30,88727.20,88084.00,88531.00
2026-01-25 20:00:00,88530.90,88947.10,88306.60,88406.00
2026-01-26 00:00:00,88406.00,88410.00,86100.00,86459.40
2026-01-26 04:00:00,86459.40,86966.40,86021.70,86628.90
2026-01-26 08:00:00,86628.90,87922.00,86463.20,87233.10
2026-01-26 12:00:00,87233.10,88059.60,87188.30,87968.90
2026-01-26 16:00:00,87969.00,88367.50,87556.90,87810.00
2026-01-26 20:00:00,87810.10,88834.10,87278.50,87609.50
2026-01-27 00:00:00,87609.40,88496.40,86960.00,87965.60
2026-01-27 04:00:00,87965.50,88637.40,87506.80,88300.60
2026-01-27 08:00:00,88300.60,88880.60,88157.40,88744.60
2026-01-27 12:00:00,88744.70,88983.30,88239.90,88287.90
2026-01-27 16:00:00,88288.00,88365.60,87707.10,87947.50
2026-01-27 20:00:00,87947.40,88418.80,87530.00,88000.10
2026-01-28 00:00:00,88000.10,88836.30,87265.40,88378.10
2026-01-28 04:00:00,88378.10,89499.00,88335.60,89197.80
2026-01-28 08:00:00,89197.80,89454.60,88932.60,89079.80
2026-01-28 12:00:00,89079.80,89366.00,88786.00,89106.80
2026-01-28 16:00:00,89106.80,90122.00,88831.90,90036.90
2026-01-28 20:00:00,90036.90,90444.40,88852.20,89444.40
2026-01-29 00:00:00,89444.50,90592.70,88974.00,89363.60
2026-01-29 04:00:00,89363.50,89880.10,88829.00,89261.70
2026-01-29 08:00:00,89261.70,89316.80,87650.10,88003.20
2026-01-29 12:00:00,88003.20,88394.20,87863.00,88310.90
2026-01-29 16:00:00,88310.90,88461.20,87711.00,87795.20
2026-01-29 20:00:00,87795.10,88133.20,84335.40,84898.00
2026-01-30 00:00:00,84897.90,85596.10,83338.30,83979.40
2026-01-30 04:00:00,83979.50,84699.90,83785.60,84604.70
2026-01-30 08:00:00,84604.70,84697.20,81000.00,82640.90
2026-01-30 12:00:00,82640.90,83300.00,82021.10,82770.10
2026-01-30 16:00:00,82770.10,83280.60,82108.40,83104.80
2026-01-30 20:00:00,83104.70,83779.20,82328.60,82850.20
2026-01-31 00:00:00,82850.10,84599.00,81832.00,84200.00
2026-01-31 04:00:00,84199.90,84487.70,83501.00,84211.40
2026-01-31 08:00:00,84211.40,84239.50,83775.50,83987.50
2026-01-31 12:00:00,83987.50,84110.00,83368.00,83514.40
2026-01-31 16:00:00,83514.30,83598.00,82530.20,82983.20
2026-01-31 20:00:00,82983.20,83115.30,80754.30,81268.60
2026-02-01 00:00:00,81268.60,82200.00,75500.00,77707.90
2026-02-01 04:00:00,77707.90,79200.00,77037.80,78706.80
2026-02-01 08:00:00,78706.70,79396.80,78245.70,78826.30
2026-02-01 12:00:00,78826.30,79094.90,77899.90,78320.80
2026-02-01 16:00:00,78320.80,79194.00,78099.80,78712.10
2026-02-01 20:00:00,78712.10,78732.00,76752.50,77563.80
2026-02-02 00:00:00,77563.80,78421.60,76950.90,77142.40
2026-02-02 04:00:00,77142.40,77753.60,75644.00,76931.50
2026-02-02 08:00:00,76931.60,78111.00,74555.00,76256.20
2026-02-02 12:00:00,76256.20,76930.00,74853.00,76612.60
2026-02-02 16:00:00,76612.60,77937.70,76576.70,77716.10
2026-02-02 20:00:00,77716.00,79311.00,77515.60,78800.60
2026-02-03 00:00:00,78800.50,79248.00,78234.90,78299.20
2026-02-03 04:00:00,78299.10,78935.90,77843.20,78692.50
2026-02-03 08:00:00,78692.50,79163.00,77566.50,78710.70
2026-02-03 12:00:00,78710.70,78967.90,77900.10,78749.90
2026-02-03 16:00:00,78750.00,79049.00,77900.00,78040.10
2026-02-03 20:00:00,78040.10,78425.80,77000.50,78094.10
2026-02-04 00:00:00,78094.20,78101.50,72889.20,74893.80
2026-02-04 04:00:00,74893.90,76920.70,74541.00,75732.40
2026-02-04 08:00:00,75732.40,76952.50,75420.00,76661.10
2026-02-04 12:00:00,76661.10,76809.40,76072.00,76478.90
2026-02-04 16:00:00,76478.90,76568.00,75629.90,75987.60
2026-02-04 20:00:00,75987.60,76245.50,73756.00,74107.00
2026-02-05 00:00:00,74107.00,74211.80,72101.00,73895.30
2026-02-05 04:00:00,73895.20,74141.10,71838.00,73137.40
2026-02-05 08:00:00,73137.50,73316.30,71111.00,71198.90
2026-02-05 12:00:00,71199.00,71600.00,70085.30,70716.10
2026-02-05 16:00:00,70716.10,71944.40,69862.00,70279.00
2026-02-05 20:00:00,70279.10,70848.60,66666.00,67451.90
2026-02-06 00:00:00,67452.00,68667.40,65160.00,65237.40
2026-02-06 04:00:00,65237.50,65678.10,62233.30,62868.10
2026-02-06 08:00:00,62868.10,65969.50,59800.00,64138.10
2026-02-06 12:00:00,64138.10,66783.00,63924.70,64811.20
2026-02-06 16:00:00,64811.20,66773.40,64438.90,66586.10
2026-02-06 20:00:00,66586.10,69157.90,66072.00,68577.50
2026-02-07 00:00:00,68577.50,71451.60,68348.00,70675.50
2026-02-07 04:00:00,70675.50,71714.40,69764.70,70544.50
2026-02-07 08:00:00,70544.50,70899.50,69674.50,70887.10
2026-02-07 12:00:00,70887.20,71690.00,67250.00,68050.50
2026-02-07 16:00:00,68050.50,68797.80,67550.20,67935.10
2026-02-07 20:00:00,67935.00,70000.00,67870.20,69122.10
2026-02-08 00:00:00,69122.10,69887.70,68478.10,69341.40
2026-02-08 04:00:00,69341.30,69688.20,68734.60,69254.20
2026-02-08 08:00:00,69254.30,69666.00,68843.70,69064.70
2026-02-08 12:00:00,69064.70,69693.00,68928.00,69665.00
2026-02-08 16:00:00,69665.10,71199.90,69467.90,70954.00
2026-02-08 20:00:00,70954.00,71524.90,70653.00,71152.60
2026-02-09 00:00:00,71152.50,71480.00,70220.10,71381.00
2026-02-09 04:00:00,71381.00,72300.00,69913.30,70288.10
2026-02-09 08:00:00,70288.20,71434.90,70013.30,71269.90
2026-02-09 12:00:00,71269.80,71320.00,70251.10,70393.50
2026-02-09 16:00:00,70393.50,70583.30,68373.90,68899.90
2026-02-09 20:00:00,68900.00,69843.70,68271.70,69528.90
2026-02-10 00:00:00,69528.90,71041.00,69050.00,70912.70
2026-02-10 04:00:00,70912.60,71085.00,69776.10,70110.50
2026-02-10 08:00:00,70110.60,70499.90,69155.80,69473.30
2026-02-10 12:00:00,69473.20,69886.10,68633.30,68882.10
2026-02-10 16:00:00,68882.20,69376.30,68406.40,68489.90
2026-02-10 20:00:00,68489.90,69554.70,67883.00,69251.50
2026-02-11 00:00:00,69251.40,69957.90,68555.60,69031.40
2026-02-11 04:00:00,69031.30,69116.90,68322.10,68805.30
2026-02-11 08:00:00,68805.30,69262.70,67951.80,68143.60
2026-02-11 12:00:00,68143.60,68288.00,66511.00,67000.00
2026-02-11 16:00:00,67000.00,67094.40,66342.60,67023.00
2026-02-11 20:00:00,67022.90,68821.10,65718.50,66489.30
2026-02-12 00:00:00,66489.40,67831.40,65834.50,67547.70
2026-02-12 04:00:00,67547.60,68315.00,66757.40,67054.40
2026-02-12 08:00:00,67054.80,68021.00,67016.60,67550.20
2026-02-12 12:00:00,67550.30,67659.60,66640.00,67181.50
2026-02-12 16:00:00,67181.50,68265.50,66860.00,68031.80
2026-02-12 20:00:00,68031.80,68385.00,66958.00,67107.00
2026-02-13 00:00:00,67107.00,67221.90,65081.00,65760.70
2026-02-13 04:00:00,65760.70,66460.80,65177.80,66243.10
2026-02-13 08:00:00,66243.20,66778.50,65833.90,66519.60
2026-02-13 12:00:00,66519.60,66650.20,65964.20,66183.30
2026-02-13 16:00:00,66183.30,67196.80,66159.90,67137.80
2026-02-13 20:00:00,67137.80,69289.50,66823.60,68652.00
2026-02-14 00:00:00,68652.10,69473.70,68500.00,68904.20
2026-02-14 04:00:00,68904.30,69055.90,68639.70,68821.50
2026-02-14 08:00:00,68821.50,69118.10,68736.20,68947.70
2026-02-14 12:00:00,68947.70,69318.20,68689.10,69182.20
2026-02-14 16:00:00,69182.10,70557.70,69174.50,70464.80
2026-02-14 20:00:00,70464.80,70499.40,69163.70,69754.20
2026-02-15 00:00:00,69754.20,69903.30,69259.10,69849.00
2026-02-15 04:00:00,69848.90,70230.60,69600.00,69795.40
2026-02-15 08:00:00,69795.40,69967.40,69212.20,69926.00
2026-02-15 12:00:00,69925.90,70907.70,69925.90,70784.00
2026-02-15 16:00:00,70784.00,70938.50,70114.80,70268.70
2026-02-15 20:00:00,70268.60,70391.00,68741.40,69068.10
2026-02-16 00:00:00,69068.10,69074.00,68029.60,68263.60
2026-02-16 04:00:00,68263.70,69049.20,68100.20,68796.90
2026-02-16 08:00:00,68796.90,69033.60,68112.20,68392.60
2026-02-16 12:00:00,68392.60,68869.80,68183.30,68552.40
2026-02-16 16:00:00,68552.50,69029.90,68300.00,68769.40
2026-02-16 20:00:00,68769.40,70110.90,67250.00,67505.50
2026-02-17 00:00:00,67505.50,68221.70,67475.00,67883.60
2026-02-17 04:00:00,67883.50,68962.10,67788.60,68862.50
2026-02-17 08:00:00,68862.60,69228.60,68350.00,68443.60
2026-02-17 12:00:00,68443.60,68681.80,67854.20,68353.40
2026-02-17 16:00:00,68353.40,68445.80,67655.00,67824.40
2026-02-17 20:00:00,67824.30,68350.00,66588.00,67363.60
2026-02-18 00:00:00,67363.60,68220.10,66824.50,67766.90
2026-02-18 04:00:00,67766.90,67897.60,67355.70,67475.90
2026-02-18 08:00:00,67475.90,67683.40,66850.10,67590.20
2026-02-18 12:00:00,67590.30,68190.20,67456.60,68078.40
2026-02-18 16:00:00,68078.50,68438.00,67037.20,67345.40
2026-02-18 20:00:00,67345.40,68336.00,66666.20,67671.00
2026-02-19 00:00:00,67671.10,67684.60,65826.10,66138.20
2026-02-19 04:00:00,66138.30,66528.80,65993.10,66422.80
2026-02-19 08:00:00,66422.80,66975.00,66301.80,66950.40
2026-02-19 12:00:00,66950.40,67299.40,66651.80,67180.40
2026-02-19 16:00:00,67180.40,67180.40,66431.10,66468.90
2026-02-19 20:00:00,66468.80,66723.00,65595.70,66362.70
2026-02-20 00:00:00,66362.60,67174.00,65863.80,67022.90
2026-02-20 04:00:00,67022.80,67147.80,66618.20,66974.00
2026-02-20 08:00:00,66973.90,67490.00,66912.40,67327.20
2026-02-20 12:00:00,67327.20,67999.90,67079.30,67794.70
2026-02-20 16:00:00,67794.80,68283.70,67250.00,67290.50
2026-02-20 20:00:00,67290.40,68099.90,66408.10,67547.60
2026-02-21 00:00:00,67547.60,67998.90,66915.00,67616.50
2026-02-21 04:00:00,67616.50,68220.00,67486.60,67979.30
2026-02-21 08:00:00,67979.30,68079.00,67488.90,67637.00
2026-02-21 12:00:00,67636.90,67899.00,67555.20,67821.00
2026-02-21 16:00:00,67821.00,68280.00,67776.20,68060.90
2026-02-21 20:00:00,68061.00,68687.00,67882.80,68571.50
2026-02-22 00:00:00,68571.50,68632.50,68066.00,68516.30
2026-02-22 04:00:00,68516.30,68568.10,67860.00,67933.10
2026-02-22 08:00:00,67933.20,68198.50,67763.70,68010.50
2026-02-22 12:00:00,68010.50,68204.30,67850.40,67973.00
2026-02-22 16:00:00,67973.00,68220.00,67877.00,68183.40
2026-02-22 20:00:00,68183.40,68205.10,67275.00,67659.90
2026-02-23 00:00:00,67660.00,67712.00,67150.00,67402.20
2026-02-23 04:00:00,67402.10,67728.00,67324.10,67613.50
2026-02-23 08:00:00,67613.60,67655.80,64232.80,64894.00
2026-02-23 12:00:00,64894.10,65980.00,64628.50,65915.80
2026-02-23 16:00:00,65915.70,66574.50,65534.60,66170.80
2026-02-23 20:00:00,66170.80,66490.00,65500.00,65633.10
2026-02-24 00:00:00,65633.10,65701.20,64050.00,64273.90
2026-02-24 04:00:00,64273.90,64989.00,63860.00,64625.80
2026-02-24 08:00:00,64625.80,64980.00,63303.90,63570.50
2026-02-24 12:00:00,63570.50,63606.30,62655.00,63155.30
2026-02-24 16:00:00,63155.40,63432.40,62900.00,63192.20
2026-02-24 20:00:00,63192.10,63993.10,62401.70,63933.40
2026-02-25 00:00:00,63933.40,64719.10,63664.80,64405.40
2026-02-25 04:00:00,64405.40,64566.50,63769.20,64031.30
2026-02-25 08:00:00,64031.40,66283.10,63876.00,65361.70
2026-02-25 12:00:00,65361.70,65627.50,64720.40,65001.10
2026-02-25 16:00:00,65001.20,65674.10,64929.70,65396.70
2026-02-25 20:00:00,65396.60,67548.00,65280.10,67362.30
2026-02-26 00:00:00,67362.40,69531.30,67354.20,69005.20
2026-02-26 04:00:00,69005.20,69999.00,67557.00,67952.50
2026-02-26 08:00:00,67952.50,68666.00,67690.10,68187.50
2026-02-26 12:00:00,68187.40,68850.00,67780.00,67800.00
2026-02-26 16:00:00,67800.00,68689.70,67750.00,68025.20
2026-02-26 20:00:00,68025.20,68270.90,66730.70,67353.40
2026-02-27 00:00:00,67353.30,67888.00,66462.00,67550.70
2026-02-27 04:00:00,67550.70,67790.10,67114.00,67448.20
2026-02-27 08:00:00,67448.10,67670.00,66841.60,67557.40
2026-02-27 12:00:00,67557.40,68188.80,67417.40,67644.10
2026-02-27 16:00:00,67644.10,68127.80,65923.00,66094.10
2026-02-27 20:00:00,66094.00,66320.00,65626.10,66072.60
2026-02-28 00:00:00,66072.50,66095.20,65080.00,65365.40
2026-02-28 04:00:00,65365.40,65921.70,64875.60,65836.00
2026-02-28 08:00:00,65836.00,65994.70,65681.90,65763.80
2026-02-28 12:00:00,65763.80,65786.80,62979.50,63788.40
2026-02-28 16:00:00,63787.40,64267.90,63313.90,63810.40
2026-02-28 20:00:00,63810.40,65335.80,63782.20,64800.00
2026-03-01 00:00:00,64800.10,66642.80,64635.00,66318.10
2026-03-01 04:00:00,66318.10,67735.00,66150.00,66937.10
2026-03-01 08:00:00,66937.00,68189.00,65812.00,67474.70
2026-03-01 12:00:00,67474.80,67582.20,66757.20,67113.90
2026-03-01 16:00:00,67114.00,67275.50,66160.40,66439.00
2026-03-01 20:00:00,66439.00,67333.00,66100.00,66810.80
2026-03-02 00:00:00,66810.80,67083.00,65681.30,65926.00
2026-03-02 04:00:00,65925.90,66888.00,65011.00,65750.00
2026-03-02 08:00:00,65749.90,67082.50,65726.00,66787.30
2026-03-02 12:00:00,66787.30,66966.00,65509.00,65981.30
2026-03-02 16:00:00,65981.20,66707.50,65612.40,66329.90
2026-03-02 20:00:00,66329.80,69588.00,65234.40,69089.10
2026-03-03 00:00:00,69089.10,70100.00,68519.80,68928.40
2026-03-03 04:00:00,68928.40,69500.00,68529.50,68801.80
2026-03-03 08:00:00,68801.80,69221.60,68142.10,68349.30
2026-03-03 12:00:00,68349.40,68561.90,67759.60,68138.30
2026-03-03 16:00:00,68138.20,68281.60,66270.70,67000.00
2026-03-03 20:00:00,67000.00,68000.00,66080.00,67692.50
2026-03-04 00:00:00,67692.50,68972.90,67440.00,68395.90
2026-03-04 04:00:00,68395.90,68821.50,67778.40,68295.30
2026-03-04 08:00:00,68295.20,68887.90,67350.00,67700.10
2026-03-04 12:00:00,67700.10,69676.40,67421.90,69464.50
2026-03-04 16:00:00,69464.50,71887.90,69100.20,71082.40
2026-03-04 20:00:00,71082.30,73436.40,70559.70,73339.70
2026-03-05 00:00:00,73339.70,74046.50,72467.20,73580.20
2026-03-05 04:00:00,73580.30,73678.20,72273.00,72641.40
2026-03-05 08:00:00,72641.40,73295.70,72300.00,72469.60
2026-03-05 12:00:00,72469.50,73060.00,71740.00,72025.50
2026-03-05 16:00:00,72025.40,73539.10,71716.30,72879.90
2026-03-05 20:00:00,72880.00,73032.00,71136.20,71611.70
2026-03-06 00:00:00,71611.70,71620.60,70612.80,70875.50
2026-03-06 04:00:00,70875.50,71530.40,70737.90,70854.80
2026-03-06 08:00:00,70854.80,71387.50,70339.60,71045.40
2026-03-06 12:00:00,71045.40,71168.00,70100.00,71026.70
2026-03-06 16:00:00,71026.70,71035.30,70164.90,70185.60
2026-03-06 20:00:00,70185.60,70328.50,68121.60,68468.40
2026-03-07 00:00:00,68468.30,68759.50,67712.30,68101.00
2026-03-07 04:00:00,68100.90,68406.60,67731.00,68083.00
2026-03-07 08:00:00,68083.00,68524.90,68018.70,68063.20
2026-03-07 12:00:00,68063.30,68130.70,67411.00,67809.40
2026-03-07 16:00:00,67809.50,68215.60,67675.00,67975.90
2026-03-07 20:00:00,67976.00,68061.10,67568.40,67844.80
2026-03-08 00:00:00,67844.80,67913.60,66850.10,67042.60
2026-03-08 04:00:00,67042.60,67445.90,67028.00,67232.10
2026-03-08 08:00:00,67232.10,67459.00,66720.80,66974.90
2026-03-08 12:00:00,66974.90,67430.00,66508.00,67277.20
2026-03-08 16:00:00,67277.10,68171.60,67121.10,67490.00
2026-03-08 20:00:00,67490.10,67623.00,66730.00,67174.70
2026-03-09 00:00:00,67174.60,67459.20,66707.00,67299.00
2026-03-09 04:00:00,67299.00,67496.40,65569.20,65934.30
2026-03-09 08:00:00,65934.30,67646.00,65770.50,67165.30
2026-03-09 12:00:00,67165.30,68038.40,66833.90,67504.80
2026-03-09 16:00:00,67504.90,68441.50,67301.00,67723.30
2026-03-09 20:00:00,67723.30,69449.10,67714.20,68832.30
2026-03-10 00:00:00,68832.40,69498.00,68200.10,68951.80
2026-03-10 04:00:00,68951.80,69100.20,68333.00,68394.10
2026-03-10 08:00:00,68394.00,70555.00,68345.00,69391.00
2026-03-10 12:00:00,69391.00,70500.00,69391.00,70374.70
2026-03-10 16:00:00,70374.70,71272.40,70332.20,70570.10
2026-03-10 20:00:00,70570.10,71748.10,69184.80,71296.90
2026-03-11 00:00:00,71296.90,71665.80,69688.00,70005.20
2026-03-11 04:00:00,70005.10,70375.40,69388.00,69901.90
2026-03-11 08:00:00,69901.80,70139.60,69455.60,69517.00
2026-03-11 12:00:00,69517.00,70249.10,69329.70,69622.10
2026-03-11 16:00:00,69622.20,69750.00,69098.00,69144.00
2026-03-11 20:00:00,69144.00,71060.70,68932.90,70186.90
2026-03-12 00:00:00,70187.00,71286.00,70093.20,70600.80
2026-03-12 04:00:00,70600.70,70931.90,70078.60,70150.00
2026-03-12 08:00:00,70150.00,70314.10,69180.00,69402.60
2026-03-12 12:00:00,69402.60,69818.80,69150.00,69782.60
2026-03-12 16:00:00,69782.70,70756.50,69540.90,70388.50
2026-03-12 20:00:00,70388.60,70625.00,69303.80,70282.90
2026-03-13 00:00:00,70282.80,70530.00,69725.00,70393.70
2026-03-13 04:00:00,70393.70,70727.90,69974.70,70480.10
2026-03-13 08:00:00,70480.10,71979.20,70342.70,71366.30
2026-03-13 12:00:00,71366.30,71649.70,71150.00,71585.30
2026-03-13 16:00:00,71585.20,72547.00,71347.10,72189.90
2026-03-13 20:00:00,72189.80,73870.00,71700.00,71800.00
2026-03-14 00:00:00,71800.10,72215.10,70811.00,71148.00
2026-03-14 04:00:00,71148.10,71452.10,70510.80,70895.50
2026-03-14 08:00:00,70895.50,71141.70,70436.20,71034.30
2026-03-14 12:00:00,71034.30,71272.30,70256.00,70565.60
2026-03-14 16:00:00,70565.60,70745.10,70350.00,70705.00
2026-03-14 20:00:00,70705.00,70914.60,70444.10,70554.60
2026-03-15 00:00:00,70554.70,70707.90,70455.60,70664.10
2026-03-15 04:00:00,70664.10,71221.90,70607.70,71174.40
2026-03-15 08:00:00,71174.40,71599.90,70815.70,71314.80
2026-03-15 12:00:00,71314.80,71750.00,71277.10,71420.80
2026-03-15 16:00:00,71420.80,71897.90,71420.80,71800.00
2026-03-15 20:00:00,71800.10,71800.10,71220.10,71444.40
2026-03-16 00:00:00,71444.40,71971.80,71275.00,71515.20
2026-03-16 04:00:00,71515.20,73199.90,71396.40,72778.90
2026-03-16 08:00:00,72778.80,74307.30,72235.60,73539.50
2026-03-16 12:00:00,73539.50,74444.00,73345.90,73427.70
2026-03-16 16:00:00,73427.80,73856.60,72841.90,73515.30
2026-03-16 20:00:00,73515.30,74481.50,72926.40,73240.20
2026-03-17 00:00:00,73240.20,74399.90,73122.00,73928.80
2026-03-17 04:00:00,73928.80,74880.00,73819.00,74846.40
2026-03-17 08:00:00,74846.40,75998.90,74231.60,74424.90
2026-03-17 12:00:00,74424.90,74652.20,73723.40,74212.70
2026-03-17 16:00:00,74212.80,74418.50,73512.00,73997.10
2026-03-17 20:00:00,73997.10,74856.20,73330.30,73878.50
2026-03-18 00:00:00,73878.50,74763.60,73826.80,74460.80
2026-03-18 04:00:00,74460.80,74777.00,73829.50,73872.40
2026-03-18 08:00:00,73872.30,74633.00,73492.00,74414.60
2026-03-18 12:00:00,74414.70,74455.70,73636.50,73840.00
2026-03-18 16:00:00,73840.10,74246.20,72731.60,72906.40
2026-03-18 20:00:00,72906.40,72947.40,70821.20,71436.40
2026-03-19 00:00:00,71436.30,71980.50,70858.30,71030.30
2026-03-19 04:00:00,71030.30,71438.10,70456.00,71202.90
2026-03-19 08:00:00,71202.90,71598.30,70858.40,71180.00
2026-03-19 12:00:00,71180.00,71180.00,69421.10,70145.10
2026-03-19 16:00:00,70145.00,70535.00,69860.30,69926.80
2026-03-19 20:00:00,69926.80,70144.60,68750.00,69372.70
2026-03-20 00:00:00,69372.80,70563.50,69065.40,70233.10
2026-03-20 04:00:00,70233.00,70655.20,69677.10,69887.40
2026-03-20 08:00:00,69887.40,70777.00,69801.30,70696.10
2026-03-20 12:00:00,70696.10,70944.90,70161.00,70811.90
2026-03-20 16:00:00,70812.00,71342.20,70175.00,70439.90
2026-03-20 20:00:00,70440.00,70647.50,69450.00,69829.50
2026-03-21 00:00:00,69829.50,70161.00,69350.00,70141.90
2026-03-21 04:00:00,70141.90,70888.00,69701.30,70472.70
2026-03-21 08:00:00,70472.60,70803.10,70403.20,70638.00
2026-03-21 12:00:00,70637.90,70849.20,70582.70,70687.30
2026-03-21 16:00:00,70687.40,70721.70,70455.60,70618.30
2026-03-21 20:00:00,70618.20,71077.70,70420.00,70599.10
2026-03-22 00:00:00,70599.10,70620.20,70163.00,70365.90
2026-03-22 04:00:00,70365.80,70482.20,68511.30,68881.50
2026-03-22 08:00:00,68881.50,69555.80,68189.00,69307.00
2026-03-22 12:00:00,69307.10,69493.20,68846.40,68884.50
2026-03-22 16:00:00,68884.50,68950.00,68030.00,68177.00
2026-03-22 20:00:00,68177.00,69000.00,68153.10,68814.90
2026-03-23 00:00:00,68814.90,68852.30,68108.00,68170.60
2026-03-23 04:00:00,68170.60,68470.60,67300.00,67830.60
2026-03-23 08:00:00,67830.70,68555.50,67400.10,68045.10
2026-03-23 12:00:00,68045.20,68872.40,67456.70,68306.00
2026-03-23 16:00:00,68305.90,71468.00,67880.00,70097.30
2026-03-23 20:00:00,70097.20,71789.80,69644.00,70112.20
2026-03-24 00:00:00,70112.20,71232.00,70100.50,70647.10
2026-03-24 04:00:00,70647.10,70976.30,70370.00,70865.90
2026-03-24 08:00:00,70866.00,71080.00,70232.00,70512.10
2026-03-24 12:00:00,70512.10,71377.50,70075.50,71255.20
2026-03-24 16:00:00,71255.20,71339.80,70812.70,71116.40
2026-03-24 20:00:00,71116.40,71144.00,69467.80,69837.70
2026-03-25 00:00:00,69837.60,69979.00,68884.50,69342.60
2026-03-25 04:00:00,69342.60,70800.00,69257.90,70523.90
2026-03-25 08:00:00,70524.00,71028.00,70375.00,70689.30
2026-03-25 12:00:00,70689.20,71319.90,70659.90,70900.00
2026-03-25 16:00:00,70899.90,71999.90,70752.50,71650.30
2026-03-25 20:00:00,71650.30,71933.30,70531.40,70792.40
2026-03-26 00:00:00,70792.40,71742.20,70623.40,70853.20
2026-03-26 04:00:00,70853.30,71606.00,70603.00,71297.50
2026-03-26 08:00:00,71297.50,71408.10,70640.00,70881.90
2026-03-26 12:00:00,70882.00,70882.00,69722.60,70053.80
2026-03-26 16:00:00,70053.80,70131.50,69127.20,69239.30
2026-03-26 20:00:00,69239.30,69872.20,68553.40,69054.80
2026-03-27 00:00:00,69054.90,69138.80,68115.80,68502.70
2026-03-27 04:00:00,68502.70,69466.60,68378.50,68788.00
2026-03-27 08:00:00,68788.10,69142.70,68458.50,68728.80
2026-03-27 12:00:00,68728.80,68925.00,68257.20,68501.70
2026-03-27 16:00:00,68501.80,68619.90,66175.40,66663.20
2026-03-27 20:00:00,66663.30,66742.20,65681.50,66092.00
2026-03-28 00:00:00,66091.90,66267.40,65501.00,66005.40
2026-03-28 04:00:00,66005.50,66384.00,65766.10,66364.20
2026-03-28 08:00:00,66364.10,66472.40,65888.00,66191.80
2026-03-28 12:00:00,66191.80,66533.90,66068.30,66520.80
2026-03-28 16:00:00,66520.90,66529.40,66087.30,66288.50
2026-03-28 20:00:00,66288.40,67284.00,66191.70,66982.30
2026-03-29 00:00:00,66982.40,67065.00,66644.00,66873.00
2026-03-29 04:00:00,66873.00,66978.00,66233.60,66334.80
2026-03-29 08:00:00,66334.80,67100.00,66235.60,66875.70
2026-03-29 12:00:00,66875.70,66907.50,66521.40,66632.50
2026-03-29 16:00:00,66632.40,66986.80,66375.50,66780.80
2026-03-29 20:00:00,66780.80,66849.00,66288.10,66500.00
2026-03-30 00:00:00,66499.90,66639.00,66111.00,66320.20
2026-03-30 04:00:00,66320.30,66767.90,64918.20,65977.90
2026-03-30 08:00:00,65978.00,67487.70,65754.20,67139.80
2026-03-30 12:00:00,67140.00,67777.00,67129.30,67595.90
2026-03-30 16:00:00,67595.90,67998.00,67333.30,67651.50
2026-03-30 20:00:00,67651.50,68148.40,67055.00,67590.20
2026-03-31 00:00:00,67590.20,67614.90,66200.10,66516.00
2026-03-31 04:00:00,66515.90,66973.50,66377.10,66764.40
2026-03-31 08:00:00,66764.40,68377.00,66498.90,67670.80
2026-03-31 12:00:00,67670.80,67865.70,67071.90,67343.80
2026-03-31 16:00:00,67343.90,67476.90,65938.00,66652.40
2026-03-31 20:00:00,66652.40,67765.80,66374.40,66700.00
2026-04-01 00:00:00,66700.00,68600.00,66695.90,67803.00
2026-04-01 04:00:00,67803.00,68382.90,67794.80,68241.50
2026-04-01 08:00:00,68241.40,68330.00,67534.90,68134.00
2026-04-01 12:00:00,68134.00,69288.00,67965.00,68651.90
2026-04-01 16:00:00,68651.90,68821.50,68360.00,68669.90
2026-04-01 20:00:00,68670.00,68938.80,67883.70,68877.00
2026-04-02 00:00:00,68876.90,69142.60,67900.40,68143.80
2026-04-02 04:00:00,68143.70,68510.60,67927.00,68086.50
2026-04-02 08:00:00,68086.40,68639.10,66455.90,66538.40
2026-04-02 12:00:00,66538.40,66898.50,66171.80,66887.90
2026-04-02 16:00:00,66887.80,66887.90,66065.10,66180.60
2026-04-02 20:00:00,66180.60,67080.00,65676.10,66810.60
2026-04-03 00:00:00,66810.60,67400.00,66550.00,66943.20
2026-04-03 04:00:00,66943.20,67078.90,66681.30,66868.50
2026-04-03 08:00:00,66868.60,66976.20,66240.00,66550.00
2026-04-03 12:00:00,66550.10,67233.30,66375.10,67008.80
2026-04-03 16:00:00,67008.80,67258.00,66644.00,66983.40
2026-04-03 20:00:00,66983.50,67350.00,66478.50,66806.10
2026-04-04 00:00:00,66806.00,67046.10,66714.10,66857.00
2026-04-04 04:00:00,66857.00,66946.30,66791.80,66930.00
2026-04-04 08:00:00,66930.00,66935.30,66773.30,66799.10
2026-04-04 12:00:00,66799.10,67023.70,66745.50,66982.00
2026-04-04 16:00:00,66982.10,67223.80,66874.50,67128.90
2026-04-04 20:00:00,67128.90,67554.50,67003.70,67357.30
2026-04-05 00:00:00,67357.40,67523.80,67226.40,67262.70
2026-04-05 04:00:00,67262.80,67452.70,67150.60,67271.00
2026-04-05 08:00:00,67271.10,67279.20,66900.00,67113.50
2026-04-05 12:00:00,67113.40,67160.00,66575.50,66787.40
2026-04-05 16:00:00,66787.40,67132.80,66782.10,66972.70
2026-04-05 20:00:00,66972.70,67828.60,66650.00,67272.20
2026-04-06 00:00:00,67272.20,67540.00,67132.20,67329.10
2026-04-06 04:00:00,67329.10,69108.00,67302.40,68997.90
2026-04-06 08:00:00,68997.90,69583.00,68740.20,69092.40
2026-04-06 12:00:00,69092.30,69338.20,68769.60,69089.70
2026-04-06 16:00:00,69089.80,70252.90,69047.70,69583.60
2026-04-06 20:00:00,69583.50,69931.90,69088.00,69922.50
2026-04-07 00:00:00,69922.40,70332.50,69240.00,69704.80
2026-04-07 04:00:00,69704.80,69940.00,68227.50,68817.90
2026-04-07 08:00:00,68817.90,69111.80,68241.90,68746.30
2026-04-07 12:00:00,68746.40,68955.60,68400.60,68592.10
2026-04-07 16:00:00,68592.00,69219.00,68033.00,68310.80
2026-04-07 20:00:00,68310.70,68613.80,67711.00,68138.40
2026-04-08 00:00:00,68138.50,69068.60,68049.90,68975.90
2026-04-08 04:00:00,68975.90,72743.40,68975.90,71890.20
2026-04-08 08:00:00,71890.20,72086.40,71186.00,71259.60
2026-04-08 12:00:00,71259.70,71919.00,71250.00,71612.00
2026-04-08 16:00:00,71612.10,71945.00,71367.00,71650.20
2026-04-08 20:00:00,71650.20,72858.50,70671.60,71274.80
2026-04-09 00:00:00,71274.90,71934.50,70980.00,71283.00
2026-04-09 04:00:00,71283.00,71726.70,70850.90,71038.10
2026-04-09 08:00:00,71038.20,71168.00,70428.00,70961.20
2026-04-09 12:00:00,70961.20,71087.80,70666.00,70945.00
2026-04-09 16:00:00,70945.00,71533.00,70831.90,71109.90
2026-04-09 20:00:00,71109.90,72320.00,70470.20,72108.00
2026-04-10 00:00:00,72108.00,72517.90,71688.80,72055.90
2026-04-10 04:00:00,72055.80,73128.00,71539.90,71750.40
2026-04-10 08:00:00,71750.40,72350.00,71546.00,71837.30
2026-04-10 12:00:00,71837.30,72243.60,71382.10,71461.20
2026-04-10 16:00:00,71461.20,72229.00,71395.00,72092.70
2026-04-10 20:00:00,72092.80,73255.70,71868.50,72421.00
2026-04-11 00:00:00,72421.10,73223.40,72350.00,73187.30
2026-04-11 04:00:00,73187.40,73450.00,72669.10,72917.40
2026-04-11 08:00:00,72917.40,73066.20,72615.00,72835.10
2026-04-11 12:00:00,72835.10,72921.50,72566.40,72707.70
2026-04-11 16:00:00,72707.80,72886.00,72580.00,72868.20
2026-04-11 20:00:00,72868.20,72945.00,72451.90,72817.30
2026-04-12 00:00:00,72817.30,73773.40,72775.30,73635.90
2026-04-12 04:00:00,73635.90,73648.80,72861.20,73013.40
2026-04-12 08:00:00,73013.40,73094.40,71259.00,71563.60
2026-04-12 12:00:00,71563.60,71750.00,71369.70,71628.10
2026-04-12 16:00:00,71628.20,71750.00,71309.70,71435.00
2026-04-12 20:00:00,71435.00,71478.00,70566.50,70856.20
2026-04-13 00:00:00,70856.10,71199.00,70777.00,71055.20
2026-04-13 04:00:00,71055.20,71423.90,70458.20,70711.10
2026-04-13 08:00:00,70711.20,71245.00,70574.00,70944.80
2026-04-13 12:00:00,70944.80,71114.90,70627.90,70780.00
2026-04-13 16:00:00,70780.10,70960.30,70517.30,70883.90
2026-04-13 20:00:00,70883.90,72431.00,70722.30,71823.60
2026-04-14 00:00:00,71823.60,73441.70,71629.50,73272.20
2026-04-14 04:00:00,73272.10,74870.00,72953.30,74385.00
2026-04-14 08:00:00,74384.90,74583.10,73946.90,74408.80
2026-04-14 12:00:00,74408.80,74900.00,74112.20,74513.40
2026-04-14 16:00:00,74513.30,74873.50,74267.20,74342.40
2026-04-14 20:00:00,74342.40,76009.00,74234.00,75268.10
2026-04-15 00:00:00,75268.10,75684.90,73789.70,74176.40
2026-04-15 04:00:00,74176.50,74387.70,73766.80,74106.90
2026-04-15 08:00:00,74106.90,74739.20,74085.00,74296.80
2026-04-15 12:00:00,74296.80,74400.00,73449.00,73705.10
2026-04-15 16:00:00,73705.20,74227.50,73640.10,74155.10
2026-04-15 20:00:00,74155.00,74473.50,73540.00,73797.50
2026-04-16 00:00:00,73797.50,75240.00,73714.90,74957.80
2026-04-16 04:00:00,74957.70,75425.60,74466.50,74776.20
2026-04-16 08:00:00,74776.30,75232.70,74400.00,74851.90
2026-04-16 12:00:00,74851.90,75130.00,74590.30,74667.70
2026-04-16 16:00:00,74667.70,74866.90,74226.20,74528.40
2026-04-16 20:00:00,74528.40,74981.10,73256.80,74659.50
2026-04-17 00:00:00,74659.50,75378.10,73873.50,75309.40
2026-04-17 04:00:00,75309.50,75500.00,74736.50,75106.80
2026-04-17 08:00:00,75106.80,75118.40,74480.00,74582.80
2026-04-17 12:00:00,74582.80,75060.40,74508.20,75047.40
2026-04-17 16:00:00,75047.40,76350.00,74951.60,75542.20
2026-04-17 20:00:00,75542.10,77999.90,75481.80,77736.20
2026-04-18 00:00:00,77736.20,78300.00,76921.90,77348.80
2026-04-18 04:00:00,77349.20,77566.00,76854.20,77030.60
2026-04-18 08:00:00,77030.60,77380.00,76903.20,76964.30
2026-04-18 12:00:00,76964.40,77233.60,76824.10,76951.00
2026-04-18 16:00:00,76951.00,77004.20,75710.60,76002.00
2026-04-18 20:00:00,76002.00,76342.70,75738.00,76124.80
2026-04-19 00:00:00,76124.80,76176.60,75395.90,75604.20
2026-04-19 04:00:00,75604.20,75843.30,75551.00,75653.80
2026-04-19 08:00:00,75653.80,75804.00,75314.00,75473.00
2026-04-19 12:00:00,75472.90,75747.30,74824.30,75205.60
2026-04-19 16:00:00,75205.70,75589.20,74863.60,75557.40
2026-04-19 20:00:00,75557.50,76200.00,75342.30,75807.60
2026-04-20 00:00:00,75807.70,75817.70,74550.00,74917.90
2026-04-20 04:00:00,74918.00,74920.20,73700.20,73758.40
2026-04-20 08:00:00,73758.40,74697.60,73669.00,74593.90
2026-04-20 12:00:00,74593.90,75539.30,74061.20,74795.50
2026-04-20 16:00:00,74795.50,75375.10,74563.20,75148.70
2026-04-20 20:00:00,75148.80,75750.00,74639.50,75668.10
2026-04-21 00:00:00,75668.10,76449.80,75242.50,76252.50
2026-04-21 04:00:00,76252.50,76531.00,75556.20,75790.10
2026-04-21 08:00:00,75790.10,76232.30,75433.10,75669.10
2026-04-21 12:00:00,75669.10,76276.60,75558.80,76050.00
2026-04-21 16:00:00,76050.00,76999.00,76025.00,76408.30
2026-04-21 20:00:00,76408.30,76574.30,75355.20,75799.90
2026-04-22 00:00:00,75800.00,76155.00,74777.90,74988.60
2026-04-22 04:00:00,74988.70,76396.20,74942.20,76288.20
2026-04-22 08:00:00,76288.30,77699.00,76078.60,77488.30
2026-04-22 12:00:00,77488.40,78447.50,77321.70,77979.80
2026-04-22 16:00:00,77979.70,78365.80,77895.30,78263.20
2026-04-22 20:00:00,78263.20,79370.00,78060.00,79234.30
2026-04-23 00:00:00,79234.30,79444.00,78586.70,78791.30
2026-04-23 04:00:00,78791.30,78868.90,78111.60,78139.80
2026-04-23 08:00:00,78139.70,78534.90,77410.70,77704.30
2026-04-23 12:00:00,77704.30,78310.10,77627.40,78009.10
2026-04-23 16:00:00,78009.10,78142.20,76504.60,77649.90
2026-04-23 20:00:00,77650.00,78648.00,77322.80,78329.20
2026-04-24 00:00:00,78329.30,78466.80,76900.10,77670.50
2026-04-24 04:00:00,77670.40,78299.00,77598.40,78216.80
2026-04-24 08:00:00,78217.40,78546.00,77500.00,77690.10
2026-04-24 12:00:00,77690.10,78019.20,77401.50,77620.50
2026-04-24 16:00:00,77620.50,78346.10,77355.80,78194.80
2026-04-24 20:00:00,78194.90,78432.90,77521.00,78007.30
2026-04-25 00:00:00,78007.30,78031.90,77308.00,77596.10
2026-04-25 04:00:00,77596.00,77727.00,77206.80,77395.40
2026-04-25 08:00:00,77395.30,77678.00,77254.70,77629.00
2026-04-25 12:00:00,77629.00,77653.20,77400.00,77449.90
2026-04-25 16:00:00,77449.90,77847.00,77444.00,77638.70
2026-04-25 20:00:00,77638.70,77719.10,77263.00,77289.30
2026-04-26 00:00:00,77289.30,77411.80,77100.00,77285.60
2026-04-26 04:00:00,77285.70,77615.70,77267.30,77585.00
2026-04-26 08:00:00,77585.00,77607.70,77280.00,77349.30
2026-04-26 12:00:00,77349.30,78164.70,77338.40,78061.50
2026-04-26 16:00:00,78061.50,78182.80,77880.00,78050.00
2026-04-26 20:00:00,78050.00,78136.50,77715.00,78007.90
2026-04-27 00:00:00,78007.90,78477.90,77815.00,78183.10
2026-04-27 04:00:00,78183.20,78994.80,77777.00,78613.50
2026-04-27 08:00:00,78614.40,79455.00,78319.10,79065.10
2026-04-27 12:00:00,79065.10,79128.10,77408.60,77556.70
2026-04-27 16:00:00,77556.70,77949.90,77500.00,77804.30
2026-04-27 20:00:00,77804.30,78232.00,76524.00,76760.00
2026-04-28 00:00:00,76760.00,76902.70,76400.00,76844.40
2026-04-28 04:00:00,76844.30,77419.70,76714.80,77331.20
2026-04-28 08:00:00,77331.20,77450.00,76632.40,76770.60
2026-04-28 12:00:00,76770.60,77132.40,76324.10,76828.40
2026-04-28 16:00:00,76828.30,76956.00,76088.00,76198.80
2026-04-28 20:00:00,76198.90,76403.70,75635.60,76027.80
2026-04-29 00:00:00,76027.70,76352.00,75840.30,76293.60
2026-04-29 04:00:00,76293.50,76448.00,76150.00,76298.10
2026-04-29 08:00:00,76298.20,77098.80,76138.70,76955.70
2026-04-29 12:00:00,76955.70,77432.10,76839.80,77003.80
2026-04-29 16:00:00,77003.80,77873.20,76918.50,77552.50
2026-04-29 20:00:00,77552.50,77563.60,75675.20,75889.10
2026-04-30 00:00:00,75889.10,76220.00,74868.00,75518.50
2026-04-30 04:00:00,75518.40,76061.20,75448.00,75749.90
2026-04-30 08:00:00,75749.90,76445.00,75448.90,75882.10
2026-04-30 12:00:00,75881.60,76148.00,75273.50,76129.90
2026-04-30 16:00:00,76129.90,76332.60,75836.00,76032.90
2026-04-30 20:00:00,76032.90,76630.30,76009.80,76423.00
2026-05-01 00:00:00,76423.00,76470.50,76060.40,76366.70
2026-05-01 04:00:00,76366.70,76536.20,76155.10,76305.40
2026-05-01 08:00:00,76305.40,77421.20,76265.40,77082.60
2026-05-01 12:00:00,77082.60,77177.10,76833.70,77100.00
2026-05-01 16:00:00,77099.90,77588.40,77010.50,77429.50
2026-05-01 20:00:00,77429.60,78879.90,77368.20,78395.40
2026-05-02 00:00:00,78395.40,78642.00,78081.50,78316.90
2026-05-02 04:00:00,78317.00,78402.90,77717.70,78192.00
2026-05-02 08:00:00,78191.90,78503.90,78123.00,78377.70
2026-05-02 12:00:00,78377.70,78416.80,77979.30,78181.60
2026-05-02 16:00:00,78181.60,78359.20,78055.70,78105.70
2026-05-02 20:00:00,78105.70,78458.20,78056.00,78449.80
2026-05-03 00:00:00,78449.80,78565.90,78277.00,78443.80
2026-05-03 04:00:00,78444.10,79145.00,78376.00,78652.90
2026-05-03 08:00:00,78652.80,78740.50,78069.00,78162.40
2026-05-03 12:00:00,78162.30,78415.40,78027.00,78316.60
2026-05-03 16:00:00,78316.60,78814.70,78295.10,78620.50
2026-05-03 20:00:00,78620.60,78850.00,78522.90,78625.20
2026-05-04 00:00:00,78625.20,78832.20,78514.20,78729.10
2026-05-04 04:00:00,78729.10,79428.90,78440.00,78529.00
2026-05-04 08:00:00,78529.00,80426.00,78235.40,80278.70
2026-05-04 12:00:00,80278.70,80590.20,79440.00,79663.50
2026-05-04 16:00:00,79663.40,79900.00,78128.30,78753.50
2026-05-04 20:00:00,78753.50,80528.90,78450.00,79976.70
2026-05-05 00:00:00,79976.60,80771.70,79562.00,80018.40
2026-05-05 04:00:00,80018.30,80363.20,79715.90,79826.10
2026-05-05 08:00:00,79826.10,81050.00,79761.20,80836.90
2026-05-05 12:00:00,80836.80,81278.20,80671.40,80815.80
2026-05-05 16:00:00,80815.80,81071.00,80480.60,80973.00
2026-05-05 20:00:00,80973.10,81656.60,80879.50,81488.70
2026-05-06 00:00:00,81488.70,81636.40,81000.00,81554.40
2026-05-06 04:00:00,81554.30,81745.40,80716.80,80861.90
2026-05-06 08:00:00,80861.90,81716.30,80651.20,81535.90
2026-05-06 12:00:00,81535.90,81599.00,81005.60,81333.30
2026-05-06 16:00:00,81333.40,82828.70,81280.00,82485.40
2026-05-06 20:00:00,82485.30,82508.70,81073.10,81656.40
2026-05-07 00:00:00,81656.40,81855.00,81137.80,81416.50
2026-05-07 04:00:00,81416.50,81655.00,80929.80,81390.10
2026-05-07 08:00:00,81390.00,81450.50,80767.10,80797.30
2026-05-07 12:00:00,80797.40,81680.60,80675.80,81480.10
2026-05-07 16:00:00,81480.00,81564.60,80521.80,80827.90
2026-05-07 20:00:00,80827.90,81158.70,79605.00,79861.60
2026-05-08 00:00:00,79861.50,80235.00,79461.50,80103.10
2026-05-08 04:00:00,80103.10,80331.60,79531.10,79969.40
2026-05-08 08:00:00,79969.50,80106.30,79137.40,79540.00
2026-05-08 12:00:00,79539.90,79743.80,79208.00,79635.00
2026-05-08 16:00:00,79635.00,80287.00,79626.00,80181.90
2026-05-08 20:00:00,80181.80,80478.00,79507.60,80119.10
2026-05-09 00:00:00,80119.10,80266.60,79692.40,80147.70
2026-05-09 04:00:00,80147.90,80376.00,80044.70,80155.20
2026-05-09 08:00:00,80155.20,80542.00,80080.00,80340.60
2026-05-09 12:00:00,80340.70,80641.80,80084.30,80181.70
2026-05-09 16:00:00,80181.60,80422.30,80124.80,80310.40
2026-05-09 20:00:00,80310.40,80566.00,80190.00,80488.30
2026-05-10 00:00:00,80488.30,81043.20,80440.00,80896.90
2026-05-10 04:00:00,80897.10,80900.00,80569.00,80634.00
2026-05-10 08:00:00,80634.00,80859.90,80533.70,80735.10
2026-05-10 12:00:00,80735.20,80809.40,80619.60,80695.90
2026-05-10 16:00:00,80695.90,80939.50,80641.50,80782.10
2026-05-10 20:00:00,80782.10,81423.20,80743.20,81381.40
2026-05-11 00:00:00,81381.50,81587.90,81105.60,81398.00
2026-05-11 04:00:00,81398.00,82460.50,80225.10,82177.70
2026-05-11 08:00:00,82177.70,82350.00,80470.10,80693.40
2026-05-11 12:00:00,80693.40,81033.30,80597.80,80708.90
2026-05-11 16:00:00,80708.80,81172.60,80580.00,81167.10
2026-05-11 20:00:00,81167.10,81434.80,80394.00,81403.40
2026-05-12 00:00:00,81403.40,82098.90,81297.50,81917.10
2026-05-12 04:00:00,81917.80,82051.10,81521.50,81699.10
2026-05-12 08:00:00,81699.10,81757.30,80661.20,81028.30
2026-05-12 12:00:00,81028.30,81270.20,80756.00,80809.20
2026-05-12 16:00:00,80809.20,80930.70,80444.00,80742.70
2026-05-12 20:00:00,80742.70,80968.60,80143.00,80301.60
2026-05-13 00:00:00,80301.60,80836.50,79801.00,80799.50
2026-05-13 04:00:00,80799.60,80848.60,80393.90,80461.00
2026-05-13 08:00:00,80461.00,81268.00,80364.50,81217.10
2026-05-13 12:00:00,81217.00,81253.50,80847.00,80981.90
2026-05-13 16:00:00,80981.90,81270.20,80444.00,80460.10
2026-05-13 20:00:00,80460.00,80558.00,78753.10,78794.70
2026-05-14 00:00:00,78794.70,79776.20,78713.80,79604.80
2026-05-14 04:00:00,79604.80,79729.10,79188.00,79288.30
2026-05-14 08:00:00,79288.20,79659.90,78869.40,79005.30
2026-05-14 12:00:00,79005.40,79962.50,78934.80,79699.90
2026-05-14 16:00:00,79700.00,79900.00,79188.00,79216.60
2026-05-14 20:00:00,79216.70,81270.20,79196.40,81245.50
2026-05-15 00:00:00,81245.60,81999.00,81020.50,81373.70
2026-05-15 04:00:00,81373.80,81540.00,81007.90,81048.90
2026-05-15 08:00:00,81048.80,81623.80,80706.90,81022.70
2026-05-15 12:00:00,81022.70,81073.20,80266.80,80782.80
2026-05-15 16:00:00,80782.90,80793.00,80323.00,80582.10
2026-05-15 20:00:00,80582.00,80596.70,78610.00,79118.00
2026-05-16 00:00:00,79118.10,79532.10,79012.50,79104.20
2026-05-16 04:00:00,79104.30,79185.00,78861.60,79074.00
2026-05-16 08:00:00,79074.00,79199.70,78970.40,79041.70
2026-05-16 12:00:00,79041.70,79096.80,78000.40,78334.30
2026-05-16 16:00:00,78334.30,78527.80,77601.80,78042.50
2026-05-16 20:00:00,78042.50,78327.00,77800.00,78194.10
2026-05-17 00:00:00,78194.00,78337.40,78069.10,78223.80
2026-05-17 04:00:00,78223.80,78287.80,78085.20,78104.20
2026-05-17 08:00:00,78104.30,78213.90,77675.40,77990.20
2026-05-17 12:00:00,77990.20,78300.00,77957.20,78137.20
2026-05-17 16:00:00,78137.30,78564.30,77992.10,78371.50
2026-05-17 20:00:00,78371.40,78515.70,77800.00,78006.90
2026-05-18 00:00:00,78006.90,78432.00,77811.50,78369.00
2026-05-18 04:00:00,78368.90,78453.00,76666.00,77430.40
2026-05-18 08:00:00,77430.40,77452.70,76668.80,76900.00
2026-05-18 12:00:00,76900.10,77059.60,76534.50,77039.40
2026-05-18 16:00:00,77039.50,77375.00,76627.00,77255.00
2026-05-18 20:00:00,77255.10,77757.50,76014.20,76393.50
2026-05-19 00:00:00,76393.60,76963.70,76107.70,76898.50
2026-05-19 04:00:00,76898.50,77187.30,76753.60,76963.20
2026-05-19 08:00:00,76963.20,77384.60,76451.30,76749.90
2026-05-19 12:00:00,76750.00,77247.70,76595.70,77200.40
2026-05-19 16:00:00,77200.40,77291.30,76576.80,76677.10
2026-05-19 20:00:00,76677.00,77033.90,76107.10,76487.90
2026-05-20 00:00:00,76488.00,77042.30,76377.00,76780.00
2026-05-20 04:00:00,76780.00,77003.10,76610.40,76799.90
2026-05-20 08:00:00,76800.00,76900.00,76485.00,76689.60
2026-05-20 12:00:00,76689.60,77444.00,76650.00,77249.90
2026-05-20 16:00:00,77250.00,77639.30,77170.30,77351.20
2026-05-20 20:00:00,77351.20,77825.80,76855.00,77423.00
2026-05-21 00:00:00,77423.00,77685.40,76975.00,77630.60
2026-05-21 04:00:00,77630.50,77735.60,77183.70,77510.30
2026-05-21 08:00:00,77510.30,78150.00,77472.50,78039.10
2026-05-21 12:00:00,78039.20,78143.20,77485.10,77846.20
2026-05-21 16:00:00,77846.10,78180.00,77111.00,77157.40
2026-05-21 20:00:00,77157.30,77379.10,76696.70,77224.30
2026-05-22 00:00:00,77224.30,78063.80,76970.00,77657.10
2026-05-22 04:00:00,77657.10,77777.20,77490.80,77586.20
2026-05-22 08:00:00,77586.30,77775.90,77288.00,77740.00
2026-05-22 12:00:00,77739.90,77862.70,77237.10,77366.90
2026-05-22 16:00:00,77366.80,77505.70,77138.30,77394.80
2026-05-22 20:00:00,77394.80,77548.50,76528.00,76756.50
2026-05-23 00:00:00,76756.50,77070.10,75620.00,75827.10
2026-05-23 04:00:00,75827.10,76054.10,75322.00,75513.10
2026-05-23 08:00:00,75513.10,75633.70,75184.90,75599.10
2026-05-23 12:00:00,75599.00,75620.00,74203.60,74573.10
2026-05-23 16:00:00,74573.20,74839.10,74307.00,74763.30
2026-05-23 20:00:00,74763.30,75670.80,74620.90,75486.90
2026-05-24 00:00:00,75487.00,76000.20,75333.30,75949.50
2026-05-24 04:00:00,75949.50,77427.00,75913.90,76715.20
2026-05-24 08:00:00,76715.30,76983.10,76596.90,76702.80
2026-05-24 12:00:00,76702.80,77040.00,76611.00,76771.30
2026-05-24 16:00:00,76771.40,77600.00,76691.40,77289.50
2026-05-24 20:00:00,77289.50,77294.40,76159.70,76343.70
2026-05-25 00:00:00,76343.80,76777.00,76343.70,76738.50
2026-05-25 04:00:00,76738.50,77193.40,76056.00,77030.30
2026-05-25 08:00:00,77030.30,77450.60,76871.40,76989.00
2026-05-25 12:00:00,76989.00,77677.60,76950.00,77377.00
2026-05-25 16:00:00,77376.90,77699.00,77241.70,77318.20
2026-05-25 20:00:00,77318.20,77887.90,77244.80,77587.20
2026-05-26 00:00:00,77587.20,77784.90,77313.00,77403.30
2026-05-26 04:00:00,77403.40,77472.00,77011.30,77281.50
2026-05-26 08:00:00,77281.50,77319.60,76434.00,76629.00
2026-05-26 12:00:00,76629.00,77045.90,76556.90,76685.10
2026-05-26 16:00:00,76685.00,77600.00,76543.80,77153.90
2026-05-26 20:00:00,77153.80,78077.10,76234.70,76478.20
2026-05-27 00:00:00,76478.20,76678.70,75711.00,76028.30
2026-05-27 04:00:00,76028.40,76157.80,75641.20,75905.50
2026-05-27 08:00:00,75905.60,76083.90,75555.10,75635.60
2026-05-27 12:00:00,75635.60,75940.00,75277.80,75935.00
2026-05-27 16:00:00,75935.00,76038.00,75666.00,75737.90
2026-05-27 20:00:00,75737.90,76155.50,74735.70,75300.00
2026-05-28 00:00:00,75300.00,75382.60,74632.00,75039.90
2026-05-28 04:00:00,75039.80,75391.00,74210.00,74418.10
2026-05-28 08:00:00,74418.00,74565.30,73036.00,73224.50
2026-05-28 12:00:00,73224.40,73485.00,72667.90,73467.00
2026-05-28 16:00:00,73467.00,73592.10,73167.40,73479.10
2026-05-28 20:00:00,73479.00,73557.30,72556.00,72899.10
2026-05-29 00:00:00,72899.00,73723.00,72704.00,73393.50
2026-05-29 04:00:00,73393.40,73932.20,73212.30,73591.40
2026-05-29 08:00:00,73591.40,73844.00,73158.80,73269.20
2026-05-29 12:00:00,73269.10,73908.60,73171.80,73488.00
2026-05-29 16:00:00,73488.10,73866.80,73305.10,73447.60
2026-05-29 20:00:00,73447.50,74177.00,72436.00,73775.40
2026-05-30 00:00:00,73775.40,74293.10,73057.80,73489.00
2026-05-30 04:00:00,73489.00,73829.20,73279.30,73428.20
2026-05-30 08:00:00,73428.20,73757.90,73367.30,73492.40
2026-05-30 12:00:00,73492.40,73685.00,73130.10,73513.90
2026-05-30 16:00:00,73514.00,73648.00,73470.50,73567.90
2026-05-30 20:00:00,73568.00,74078.60,73556.40,73888.00
2026-05-31 00:00:00,73888.00,74108.80,73772.50,73980.10
2026-05-31 04:00:00,73980.00,74028.30,73750.00,73856.80
2026-05-31 08:00:00,73856.90,74250.00,73821.40,74107.60
2026-05-31 12:00:00,74107.50,74194.60,73793.20,73833.30
2026-05-31 16:00:00,73833.20,73998.90,73701.00,73913.60
2026-05-31 20:00:00,73913.60,73997.80,73388.00,73613.50
2026-06-01 00:00:00,73613.40,73704.00,73340.70,73521.90
2026-06-01 04:00:00,73521.90,74179.90,73470.80,73653.20
2026-06-01 08:00:00,73653.20,74070.50,73171.00,73731.30
2026-06-01 12:00:00,73731.40,73815.90,72668.00,72776.10
2026-06-01 16:00:00,72776.10,73084.00,72188.00,72452.80
2026-06-01 20:00:00,72452.70,72583.70,71035.30,71099.40
2026-06-02 00:00:00,71099.50,71788.50,70650.90,71571.00
2026-06-02 04:00:00,71571.00,71670.00,70806.00,71391.50
2026-06-02 08:00:00,71391.50,71397.00,70038.00,70920.70
2026-06-02 12:00:00,70920.80,71022.70,69666.80,70079.40
2026-06-02 16:00:00,70079.50,70146.20,69277.80,69430.20
2026-06-02 20:00:00,69430.20,69514.60,67035.50,67274.00
2026-06-03 00:00:00,67274.00,68121.90,66388.00,67286.70
2026-06-03 04:00:00,67286.70,67899.90,66150.70,66730.00
2026-06-03 08:00:00,66730.10,67195.70,65359.10,65818.40
2026-06-03 12:00:00,65818.30,67493.80,65791.40,67186.70
2026-06-03 16:00:00,67186.70,67448.00,66620.00,67040.10
2026-06-03 20:00:00,67040.10,67220.20,66036.20,66046.50
2026-06-04 00:00:00,66046.60,66359.40,65199.00,65428.60
2026-06-04 04:00:00,65428.50,65829.40,64050.80,64117.70
2026-06-04 08:00:00,64117.70,64495.90,61344.80,64336.20
2026-06-04 12:00:00,64336.20,64739.80,63450.00,63561.70
2026-06-04 16:00:00,63561.80,63875.90,62150.80,62520.70
2026-06-04 20:00:00,62520.70,64463.70,62344.10,63864.80
2026-06-05 00:00:00,63864.80,64150.80,62910.00,63600.30
2026-06-05 04:00:00,63600.20,63897.00,63040.00,63853.40
2026-06-05 08:00:00,63853.40,63955.00,62300.00,62699.70
2026-06-05 12:00:00,62700.00,63674.90,61067.60,63075.60
2026-06-05 16:00:00,63075.50,63231.80,61928.30,61929.50
2026-06-05 20:00:00,61929.60,62437.50,60005.80,60400.80
2026-06-06 00:00:00,60400.80,61550.00,59080.00,60267.70
2026-06-06 04:00:00,60267.40,61985.10,59903.80,61022.00
2026-06-06 08:00:00,61022.00,61500.00,60490.00,60662.60
2026-06-06 12:00:00,60662.60,61250.00,59451.30,60975.20
2026-06-06 16:00:00,60975.20,61475.00,60146.00,60773.50
2026-06-06 20:00:00,60773.50,61173.50,60353.40,60754.10
2026-06-07 00:00:00,60754.20,60949.90,60363.00,60563.90
2026-06-07 04:00:00,60563.90,60969.20,60390.00,60849.70
2026-06-07 08:00:00,60849.70,61763.90,60708.00,61671.10
2026-06-07 12:00:00,61671.10,62380.00,61447.20,62366.00
2026-06-07 16:00:00,62366.00,62942.40,62217.40,62598.80
2026-06-07 20:00:00,62598.80,62617.70,61509.10,62071.60
2026-06-08 00:00:00,62071.70,62327.00,61150.20,61303.80
2026-06-08 04:00:00,61303.70,64250.00,61189.70,63298.50
2026-06-08 08:00:00,63299.00,63849.50,62676.80,63101.60
2026-06-08 12:00:00,63101.60,63320.90,62377.00,63259.90
2026-06-08 16:00:00,63259.90,63861.30,62955.70,63450.10
2026-06-08 20:00:00,63450.10,64179.50,62658.40,63745.40
2026-06-09 00:00:00,63745.30,64029.50,63209.60,63348.20
2026-06-09 04:00:00,63348.30,63832.50,62939.70,63057.90
2026-06-09 08:00:00,63057.90,63157.30,62381.20,62841.00
2026-06-09 12:00:00,62841.10,63499.90,62715.40,63170.80
2026-06-09 16:00:00,63170.90,63183.00,62457.50,62679.40
2026-06-09 20:00:00,62679.50,62868.20,61001.00,61100.70
2026-06-10 00:00:00,61100.60,62079.50,60755.00,62068.80
2026-06-10 04:00:00,62068.90,62253.20,61519.00,61695.00
2026-06-10 08:00:00,61694.90,61947.40,61201.00,61518.20
2026-06-10 12:00:00,61518.30,61783.40,61045.70,61654.30
2026-06-10 16:00:00,61654.30,61707.60,60691.90,61003.10
2026-06-10 20:00:00,61003.10,62840.20,60930.00,62604.80
2026-06-11 00:00:00,62604.70,62617.10,61552.00,61908.70
2026-06-11 04:00:00,61908.70,61921.20,61068.60,61483.70
2026-06-11 08:00:00,61483.60,62922.00,61483.60,62657.50
2026-06-11 12:00:00,62657.50,62993.40,62507.90,62693.30
2026-06-11 16:00:00,62693.20,63235.90,62691.70,63078.00
2026-06-11 20:00:00,63078.00,63200.00,62455.80,62721.10
2026-06-12 00:00:00,62721.20,63915.30,62315.00,63567.60
2026-06-12 04:00:00,63567.70,63712.30,63235.80,63597.90
2026-06-12 08:00:00,63598.00,63777.00,63271.60,63490.00
2026-06-12 12:00:00,63490.10,63843.20,62800.00,63066.50
2026-06-12 16:00:00,63066.50,63929.90,63063.90,63729.40
2026-06-12 20:00:00,63729.40,64362.60,63020.60,63557.00
2026-06-13 00:00:00,63557.10,64083.30,63477.50,63555.10
2026-06-13 04:00:00,63555.00,63664.40,63352.30,63547.00
2026-06-13 08:00:00,63547.00,63828.40,63360.00,63494.40
2026-06-13 12:00:00,63494.40,63879.00,63444.90,63823.90
2026-06-13 16:00:00,63823.90,63949.90,63683.10,63936.10
2026-06-13 20:00:00,63936.10,64323.00,63882.60,64265.00
2026-06-14 00:00:00,64265.10,64298.70,63862.90,64264.20
2026-06-14 04:00:00,64264.20,64738.00,64189.60,64418.20
2026-06-14 08:00:00,64418.30,64682.20,64338.80,64515.00
2026-06-14 12:00:00,64515.00,64532.80,64186.50,64392.00
2026-06-14 16:00:00,64392.10,64640.60,64281.10,64511.70
2026-06-14 20:00:00,64511.70,64531.20,63830.00,63995.20
2026-06-15 00:00:00,63995.20,64183.40,63650.00,63777.30
2026-06-15 04:00:00,63777.40,65775.00,63761.50,65702.10
2026-06-15 08:00:00,65702.10,65996.80,65314.30,65894.70
2026-06-15 12:00:00,65894.60,65978.10,65577.80,65642.30
2026-06-15 16:00:00,65642.40,66346.20,65469.00,66192.00
2026-06-15 20:00:00,66192.00,67255.40,66056.40,67248.50
2026-06-16 00:00:00,67248.50,67254.50,66302.40,66579.20
2026-06-16 04:00:00,66579.10,66658.20,66065.10,66285.90
2026-06-16 08:00:00,66285.90,66426.90,65607.10,66125.40
2026-06-16 12:00:00,66125.40,66543.50,65768.70,66341.70
2026-06-16 16:00:00,66341.80,66956.70,66310.50,66456.00
2026-06-16 20:00:00,66456.00,66787.10,65328.80,65841.80
2026-06-17 00:00:00,65841.80,66246.10,65529.00,65653.20
2026-06-17 04:00:00,65653.20,65908.40,65561.30,65644.80
2026-06-17 08:00:00,65644.80,66092.50,65427.90,65818.60
2026-06-17 12:00:00,65818.60,66019.00,65200.00,65504.00
2026-06-17 16:00:00,65503.90,65549.80,64525.00,64774.50
2026-06-17 20:00:00,64774.60,65834.10,64550.70,65712.70
2026-06-18 00:00:00,65712.70,66419.20,64015.00,64271.30
2026-06-18 04:00:00,64271.40,64495.30,63881.20,64472.90
2026-06-18 08:00:00,64472.90,64780.00,64228.90,64255.00
2026-06-18 12:00:00,64255.00,64491.10,63660.10,64470.30
2026-06-18 16:00:00,64470.40,64631.50,63855.00,63940.10
2026-06-18 20:00:00,63940.10,64423.40,62232.10,62337.80
2026-06-19 00:00:00,62337.80,62985.00,62241.00,62925.40
2026-06-19 04:00:00,62925.30,63266.80,62710.50,62924.10
2026-06-19 08:00:00,62924.00,63088.00,62237.20,62745.10
2026-06-19 12:00:00,62745.10,62896.80,62375.70,62592.40
2026-06-19 16:00:00,62592.40,62758.10,62272.40,62600.00
2026-06-19 20:00:00,62600.00,63410.30,62315.20,63193.00
2026-06-20 00:00:00,63193.10,63376.60,62836.60,63001.90
2026-06-20 04:00:00,63001.80,63645.00,62926.20,63512.60
2026-06-20 08:00:00,63512.50,63757.20,63283.50,63440.50
2026-06-20 12:00:00,63440.50,63894.00,63367.60,63625.00
2026-06-20 16:00:00,63625.00,63770.00,63360.00,63651.30
2026-06-20 20:00:00,63651.40,64370.90,63136.20,64139.50
2026-06-21 00:00:00,64139.40,64150.00,63661.90,63905.50
2026-06-21 04:00:00,63905.50,64326.00,63820.00,64270.00
2026-06-21 08:00:00,64270.10,64450.00,64199.00,64398.80
2026-06-21 12:00:00,64398.80,64568.00,64143.20,64170.10
2026-06-21 16:00:00,64170.00,64453.30,63871.30,64149.90
2026-06-21 20:00:00,64149.80,64337.30,63916.00,64200.30
2026-06-22 00:00:00,64200.20,64284.90,63907.40,64173.60
2026-06-22 04:00:00,64173.70,64243.40,63220.00,63287.10
2026-06-22 08:00:00,63287.20,64788.00,63286.20,63935.10
2026-06-22 12:00:00,63935.10,64384.30,63833.40,64187.90
2026-06-22 16:00:00,64188.00,64750.00,64014.90,64624.30
2026-06-22 20:00:00,64624.20,65597.20,64545.70,64808.00
2026-06-23 00:00:00,64808.00,64835.60,64240.00,64447.90
2026-06-23 04:00:00,64450.60,64637.10,63758.30,63990.20
2026-06-23 08:00:00,63990.10,64247.20,63803.20,64037.30
2026-06-23 12:00:00,64037.20,64068.00,62532.40,62849.20
2026-06-23 16:00:00,62849.30,62916.50,61870.00,62478.50
2026-06-23 20:00:00,62478.40,62837.10,61916.90,62455.80
2026-06-24 00:00:00,62455.90,62812.20,62075.60,62365.70
2026-06-24 04:00:00,62365.70,62770.60,62344.20,62696.70
2026-06-24 08:00:00,62696.70,63090.90,62402.80,62704.60
2026-06-24 12:00:00,62704.60,63053.50,62500.00,62630.30
2026-06-24 16:00:00,62630.40,63209.60,62272.10,62887.70
2026-06-24 20:00:00,62887.80,62939.30,60238.00,60254.90
2026-06-25 00:00:00,60254.90,60649.10,59060.00,59923.80
2026-06-25 04:00:00,59923.70,61256.00,59813.90,61051.20
2026-06-25 08:00:00,61051.20,61138.90,60648.00,60853.90
2026-06-25 12:00:00,60854.00,61931.10,60756.40,61886.70
2026-06-25 16:00:00,61886.80,61897.60,61033.50,61258.20
2026-06-25 20:00:00,61258.20,61742.90,58030.00,59536.20
2026-06-26 00:00:00,59536.20,60035.70,59114.40,59299.80
2026-06-26 04:00:00,59299.90,60245.00,59298.70,59771.90
2026-06-26 08:00:00,59772.00,60125.70,58288.00,60015.00
2026-06-26 12:00:00,60015.00,60734.00,59666.20,60491.00
2026-06-26 16:00:00,60491.00,60542.60,59210.40,59392.40
2026-06-26 20:00:00,59392.40,60494.10,58388.00,60296.60
2026-06-27 00:00:00,60296.90,60580.00,59530.70,59719.70
2026-06-27 04:00:00,59719.90,60090.80,59556.00,60072.00
2026-06-27 08:00:00,60071.90,60387.80,59846.20,60274.70
2026-06-27 12:00:00,60274.80,60557.80,60074.50,60522.30
2026-06-27 16:00:00,60522.40,60522.50,60162.00,60331.90
2026-06-27 20:00:00,60331.90,60924.70,60222.60,60817.20
2026-06-28 00:00:00,60817.30,60850.00,60050.00,60149.90
2026-06-28 04:00:00,60149.90,60469.80,59819.80,60000.30
2026-06-28 08:00:00,60000.40,60314.30,59950.00,60169.50
2026-06-28 12:00:00,60169.50,60247.10,59714.80,60192.50
2026-06-28 16:00:00,60192.40,60543.30,60037.00,60314.90
2026-06-28 20:00:00,60315.00,60435.80,59781.80,59849.90
2026-06-29 00:00:00,59850.00,59915.70,59224.60,59451.40
2026-06-29 04:00:00,59451.30,59883.20,58888.00,59550.20
2026-06-29 08:00:00,59550.20,60219.40,58850.00,60019.80
2026-06-29 12:00:00,60019.90,60325.00,59360.30,59998.90
2026-06-29 16:00:00,59998.90,60287.10,59712.80,59927.20
2026-06-29 20:00:00,59927.20,60758.30,58988.00,59800.20
2026-06-30 00:00:00,59800.30,60666.60,59562.60,60409.30
2026-06-30 04:00:00,60409.30,60565.60,60134.00,60224.70
2026-06-30 08:00:00,60224.70,60250.00,59570.00,59596.10
2026-06-30 12:00:00,59596.10,59698.90,59329.20,59497.70
2026-06-30 16:00:00,59497.70,59532.70,59100.00,59162.30
2026-06-30 20:00:00,59162.20,59264.40,58160.00,58356.20
2026-07-01 00:00:00,58356.20,58819.90,58223.30,58794.40
2026-07-01 04:00:00,58794.00,58850.00,58472.30,58605.40
2026-07-01 08:00:00,58605.40,59298.40,57758.60,59169.60
2026-07-01 12:00:00,59169.70,59444.50,58500.10,58744.40
2026-07-01 16:00:00,58744.40,59069.70,58450.70,58592.90
2026-07-01 20:00:00,58592.80,60520.00,58294.10,60118.50
2026-07-02 00:00:00,60118.60,60332.80,59762.60,60000.00
2026-07-02 04:00:00,60000.00,61322.00,59844.50,59999.60
2026-07-02 08:00:00,59999.60,61102.50,59555.00,61032.90
2026-07-02 12:00:00,61032.90,61033.00,60080.90,60125.80
2026-07-02 16:00:00,60125.80,61447.00,60113.50,61329.10
2026-07-02 20:00:00,61329.10,62180.00,61109.90,61584.00
2026-07-03 00:00:00,61584.00,61900.00,61113.80,61452.50
2026-07-03 04:00:00,61452.40,61634.30,61308.30,61540.60
2026-07-03 08:00:00,61540.50,61727.20,61229.00,61407.60
2026-07-03 12:00:00,61407.50,61849.70,61300.40,61733.60
2026-07-03 16:00:00,61733.70,62078.60,61480.70,61992.80
2026-07-03 20:00:00,61992.80,62386.70,61653.00,61895.20
2026-07-04 00:00:00,61895.20,62292.40,61877.60,62178.40
2026-07-04 04:00:00,62178.40,62957.20,62151.20,62565.50
2026-07-04 08:00:00,62565.50,62925.70,62381.60,62609.60
2026-07-04 12:00:00,62609.60,62735.20,62302.60,62549.00
2026-07-04 16:00:00,62549.10,62654.10,62386.10,62458.70
2026-07-04 20:00:00,62458.60,63069.60,62458.60,62908.80
2026-07-05 00:00:00,62908.70,63450.00,62752.90,63268.10
2026-07-05 04:00:00,63268.00,63430.00,62902.70,63114.80
2026-07-05 08:00:00,63114.90,63114.90,62549.60,62739.10
2026-07-05 12:00:00,62739.10,63039.30,62628.00,62995.10
2026-07-05 16:00:00,62995.10,63084.00,62410.10,62630.00
2026-07-05 20:00:00,62630.00,62923.70,62534.30,62711.90
2026-07-06 00:00:00,62711.90,62865.00,62564.40,62744.00
2026-07-06 04:00:00,62744.10,63990.70,62580.00,63617.10
2026-07-06 08:00:00,63617.20,63900.00,63101.20,63273.00
2026-07-06 12:00:00,63272.90,63368.30,62858.40,63064.50
2026-07-06 16:00:00,63064.50,63226.40,62461.40,62461.40
2026-07-06 20:00:00,62461.20,63531.10,61297.00,63523.10
2026-07-07 00:00:00,63523.00,63977.90,63356.80,63709.80
2026-07-07 04:00:00,63709.90,64691.90,63560.00,64023.60
2026-07-07 08:00:00,64023.50,64298.10,63122.00,63165.00
2026-07-07 12:00:00,63164.90,63424.20,62745.60,63062.60
2026-07-07 16:00:00,63062.70,63432.80,62958.40,63377.70
2026-07-07 20:00:00,63377.80,64096.00,62638.00,63910.00
2026-07-08 00:00:00,63910.00,64234.10,63351.40,63794.90
2026-07-08 04:00:00,63794.90,63874.60,63177.00,63335.40
2026-07-08 08:00:00,63335.40,63740.20,62466.90,62741.00
2026-07-08 12:00:00,62741.00,62873.30,62434.90,62854.10
2026-07-08 16:00:00,62854.10,62921.80,61708.20,62270.00
2026-07-08 20:00:00,62270.00,62394.10,61520.00,61674.50
2026-07-09 00:00:00,61674.60,62372.70,61666.00,62251.90
2026-07-09 04:00:00,62251.90,62331.80,61926.90,62255.30
2026-07-09 08:00:00,62255.10,62620.20,61666.00,61943.10
2026-07-09 12:00:00,61943.20,63286.50,61929.00,62973.70
2026-07-09 16:00:00,62973.60,63083.90,62583.40,62756.00
2026-07-09 20:00:00,62755.90,63233.00,62428.50,62835.40
2026-07-10 00:00:00,62835.40,63484.90,62525.20,63222.90
2026-07-10 04:00:00,63222.90,63395.90,63032.20,63197.00
2026-07-10 08:00:00,63197.10,64022.00,62897.00,63917.20
2026-07-10 12:00:00,63917.30,64185.00,63765.50,63956.10
2026-07-10 16:00:00,63956.10,64478.30,63949.10,64394.20
2026-07-10 20:00:00,64394.20,64680.00,63768.00,64018.70
2026-07-11 00:00:00,64018.70,64208.10,63718.10,63900.40
2026-07-11 04:00:00,63900.40,64176.90,63619.90,64129.50
2026-07-11 08:00:00,64129.50,64288.70,63950.10,64117.20
2026-07-11 12:00:00,64117.20,64250.00,64047.20,64132.60
2026-07-11 16:00:00,64132.60,64280.00,64110.20,64176.00
2026-07-11 20:00:00,64176.10,64497.40,63668.80,64139.00
2026-07-12 00:00:00,64139.10,64375.80,64050.40,64262.00
2026-07-12 04:00:00,64261.90,64438.90,63776.00,63783.00
2026-07-12 08:00:00,63783.10,64217.80,63657.40,64201.80
2026-07-12 12:00:00,64201.90,64238.00,63602.80,63856.40
2026-07-12 16:00:00,63856.40,64083.70,63730.70,63993.80
2026-07-12 20:00:00,63993.80,64271.90,63928.00,64149.90
2026-07-13 00:00:00,64150.00,64248.00,63983.10,64201.90
2026-07-13 04:00:00,64202.00,64227.40,63634.10,63750.00
2026-07-13 08:00:00,63749.90,64411.80,62705.00,62780.20
2026-07-13 12:00:00,62780.10,63030.00,62434.90,62952.70
2026-07-13 16:00:00,62952.80,63260.00,62834.40,62881.30
2026-07-13 20:00:00,62881.40,62970.70,62061.30,62596.60
2026-07-14 00:00:00,62596.70,62614.50,61806.00,62258.00
2026-07-14 04:00:00,62257.90,62333.40,61854.50,62307.00
2026-07-14 08:00:00,62307.00,62639.30,62240.90,62538.20
2026-07-14 12:00:00,62538.30,62848.00,62489.70,62529.70
2026-07-14 16:00:00,62529.70,62896.00,62458.30,62810.30
2026-07-14 20:00:00,62810.30,64950.00,62756.50,64727.50
2026-07-15 00:00:00,64727.40,64879.00,64200.00,64543.00
2026-07-15 04:00:00,64543.10,65130.00,64390.40,65014.70
2026-07-15 08:00:00,65014.60,65043.30,64456.70,64760.80
2026-07-15 12:00:00,64760.90,65260.00,64450.90,64528.00
2026-07-15 16:00:00,64528.00,64899.90,64528.00,64707.50
2026-07-15 20:00:00,64707.40,65589.70,64568.80,65391.60
2026-07-16 00:00:00,65391.50,65438.00,64708.00,64942.00
2026-07-16 04:00:00,64942.10,65030.50,64660.00,64721.40
2026-07-16 08:00:00,64721.40,64814.70,64362.20,64593.00
2026-07-16 12:00:00,64593.00,64974.50,64005.60,64200.00
2026-07-16 16:00:00,64200.10,64340.00,63843.10,64226.60
2026-07-16 20:00:00,64226.60,64874.70,63833.00,64677.70
2026-07-17 00:00:00,64677.70,64687.60,63958.00,64241.60
2026-07-17 04:00:00,64241.70,64249.90,63712.60,63801.00
2026-07-17 08:00:00,63801.10,64041.60,63358.00,63538.10
2026-07-17 12:00:00,63538.00,63560.00,62655.00,62792.90
2026-07-17 16:00:00,62792.80,63337.40,62611.00,63273.20
2026-07-17 20:00:00,63273.10,63496.00,62505.10,63432.40
2026-07-18 00:00:00,63432.40,64356.70,63272.40,64121.40
2026-07-18 04:00:00,64121.40,64188.20,63860.00,63909.90
2026-07-18 08:00:00,63909.90,64014.90,63859.60,63989.50
2026-07-18 12:00:00,63989.50,64000.00,63894.30,63980.10
2026-07-18 16:00:00,63980.00,64073.20,63912.00,64033.30
2026-07-18 20:00:00,64033.20,64237.70,63925.20,64090.00
2026-07-19 00:00:00,64090.00,64666.00,64054.50,64526.30
2026-07-19 04:00:00,64526.40,64837.40,64467.20,64806.70
2026-07-19 08:00:00,64806.70,64948.80,64594.60,64686.80
2026-07-19 12:00:00,64686.80,64789.80,64580.40,64692.20
2026-07-19 16:00:00,64692.10,64723.50,64415.00,64445.70
2026-07-19 20:00:00,64445.70,64633.00,64259.50,64545.20
2026-07-20 00:00:00,64545.30,64733.00,64262.90,64438.10
2026-07-20 04:00:00,64438.10,64874.90,64305.00,64694.70
2026-07-20 08:00:00,64694.80,65084.60,64380.00,64839.40
2026-07-20 12:00:00,64839.30,64843.40,63736.10,64250.00
2026-07-20 16:00:00,64250.00,65048.30,63858.10,64970.80
2026-07-20 20:00:00,64970.80,65688.00,64034.30,65570.10
2026-07-21 00:00:00,65570.10,65788.00,65011.40,65119.30
2026-07-21 04:00:00,65119.30,65435.30,65030.20,65224.80
2026-07-21 08:00:00,65224.70,65634.40,65115.30,65539.50
2026-07-21 12:00:00,65539.50,66240.00,65453.50,66166.90
2026-07-21 16:00:00,66166.80,66390.00,66103.40,66317.90
2026-07-21 20:00:00,66317.90,66924.10,66236.00,66648.50
2026-07-22 00:00:00,66648.50,66736.70,65939.00,66409.50
2026-07-22 04:00:00,66409.50,66544.80,66172.00,66522.40
2026-07-22 08:00:00,66522.30,66711.00,66141.70,66176.70
2026-07-22 12:00:00,66176.60,66399.00,65668.60,65813.40
2026-07-22 16:00:00,65813.40,66140.50,65813.40,65981.40
2026-07-22 20:00:00,65981.30,66190.40,65505.00,66014.80
2026-07-23 00:00:00,66014.80,66363.60,65650.20,65891.10
2026-07-23 04:00:00,65891.20,66116.50,65753.00,66082.00
2026-07-23 08:00:00,66082.00,66284.10,65548.00,65626.80
2026-07-23 12:00:00,65626.70,65793.70,65313.70,65405.30
2026-07-23 16:00:00,65405.30,65756.60,65383.60,65525.40
2026-07-23 20:00:00,65525.40,65557.80,64696.20,64940.40
2026-07-24 00:00:00,64940.40,64940.50,64636.00,64820.70
2026-07-24 04:00:00,64820.70,65193.50,64809.70,65069.60
2026-07-24 08:00:00,65069.60,65436.80,64733.20,65425.40
2026-07-24 12:00:00,65425.50,65780.00,65213.00,65470.00
2026-07-24 16:00:00,65470.10,65477.20,64821.90,65045.70
2026-07-24 20:00:00,65045.70,65110.10,63666.00,64065.10
2026-07-25 00:00:00,64065.10,64266.90,63854.30,64199.50
2026-07-25 04:00:00,64199.50,64260.10,64098.70,64116.50
2026-07-25 08:00:00,64116.50,64155.00,63977.00,64052.90
2026-07-25 12:00:00,64053.00,64181.00,63933.20,63972.90
2026-07-25 16:00:00,63973.00,64078.50,63760.50,64031.30
2026-07-25 20:00:00,64031.20,64243.60,64006.20,64150.00
2026-07-26 00:00:00,64150.10,64417.10,64092.20,64359.60
2026-07-26 04:00:00,64359.70,64407.10,64233.00,64338.10
2026-07-26 08:00:00,64338.00,64553.90,64317.90,64518.80
2026-07-26 12:00:00,64518.90,64566.00,64256.40,64341.20
2026-07-26 16:00:00,64341.30,64557.30,64320.20,64481.40
2026-07-26 20:00:00,64481.50,64819.30,64379.70,64733.60
2026-07-27 00:00:00,64733.50,64909.00,64634.00,64665.50
2026-07-27 04:00:00,64665.60,65555.00,64606.30,65375.10
2026-07-27 08:00:00,65375.20,65398.80,64872.00,65261.50
2026-07-27 12:00:00,65261.50,65722.50,65190.00,65195.90
2026-07-27 16:00:00,65196.00,65412.80,65061.10,65073.10
2026-07-27 20:00:00,65073.10,65689.60,64374.40,64517.10
2026-07-28 00:00:00,64517.20,65069.40,64479.00,64959.20
2026-07-28 04:00:00,64959.20,65030.80,63567.00,63720.80
2026-07-28 08:00:00,63720.70,63794.30,63021.00,63310.10
2026-07-28 12:00:00,63310.00,63642.20,63187.20,63476.80
2026-07-28 16:00:00,63476.80,63569.00,63263.50,63430.80
2026-07-28 20:00:00,63430.70,64014.20,62660.10,63899.40
2026-07-29 00:00:00,63899.50,64084.50,63477.20,63882.40
2026-07-29 04:00:00,63882.40,64047.90,63526.00,63903.60
2026-07-29 08:00:00,63903.60,64175.00,63630.00,63727.00
2026-07-29 12:00:00,63727.00,64544.00,63569.50,64539.00
2026-07-29 16:00:00,64539.10,64715.90,64251.00,64480.00
2026-07-29 20:00:00,64479.90,64688.00,63857.40,63940.20
2026-07-30 00:00:00,63940.20,64703.90,63483.90,63564.10
2026-07-30 04:00:00,63564.00,64108.40,63234.00,63958.90
2026-07-30 08:00:00,63958.90,64393.00,63576.40,64134.00
2026-07-30 12:00:00,64134.00,64156.40,63881.00,63981.90
2026-07-30 16:00:00,63981.90,64870.00,63950.00,64766.80
2026-07-30 20:00:00,64766.90,65157.00,64571.40,64694.20
2026-07-31 00:00:00,64694.20,64957.20,64657.40,64778.60
2026-07-31 04:00:00,64778.50,65062.90,64636.30,64750.00
2026-07-31 08:00:00,64750.00,65391.30,64138.00,64344.00
2026-07-31 12:00:00,64344.00,64476.80,63835.60,63909.10
2026-07-31 16:00:00,63909.10,63982.20,63577.00,63779.40
2026-07-31 20:00:00,63779.40,63807.50,62410.50,62695.40
2026-08-01 00:00:00,62695.30,63275.70,62680.10,62947.20
2026-08-01 04:00:00,62947.10,63037.00,62814.10,62859.90
2026-08-01 08:00:00,62859.90,63084.60,62859.80,62973.80
2026-08-01 12:00:00,62973.80,63118.70,62964.10,63019.60
2026-08-01 16:00:00,63019.60,63126.60,62956.50,63045.10
2026-08-01 20:00:00,63045.20,63097.50,62976.40,62976.40
2026-08-02 00:00:00,62976.40,63006.60,62228.80,62502.10
2026-08-02 04:00:00,62502.10,62844.90,62456.90,62792.30
2026-08-02 08:00:00,62792.30,63542.00,62782.30,63436.70
2026-08-02 12:00:00,63436.80,63620.00,63382.90,63468.10
2026-08-02 16:00:00,63468.00,63507.80,62961.10,63007.30
2026-08-02 20:00:00,63007.20,63215.10,62974.40,63081.60
2026-08-03 00:00:00,63081.60,63594.60,63038.00,63432.90
2026-08-03 04:00:00,63433.00,63779.00,63306.20,63550.00
2026-08-03 08:00:00,63550.00,63575.60,62745.00,62839.70
2026-08-03 12:00:00,62839.80,62976.80,62520.00,62591.00
2026-08-03 16:00:00,62591.00,62846.30,62268.20,62534.10
2026-08-03 20:00:00,62534.10,63960.00,62400.00,63659.50
2026-08-04 00:00:00,63659.50,64058.80,63626.20,63836.90
2026-08-04 04:00:00,63836.90,63992.90,63352.20,63497.20
2026-08-04 08:00:00,63497.10,63958.60,63290.20,63771.00
2026-08-04 12:00:00,63771.00,64239.80,63480.00,63666.50
2026-08-04 16:00:00,63666.50,63926.00,63428.80,63900.20
2026-08-04 20:00:00,63900.20,64200.00,63582.10,64088.40
2026-08-05 00:00:00,64088.30,64388.00,63856.40,64197.30
2026-08-05 04:00:00,64197.30,64512.90,63918.20,64075.50
2026-08-05 08:00:00,64075.60,64480.00,63917.10,64145.60
2026-08-05 12:00:00,64145.60,64500.00,63962.40,64141.00
2026-08-05 16:00:00,64141.00,64257.10,63982.20,64044.60
2026-08-05 20:00:00,64044.70,64728.50,63847.00,64353.60
2026-08-06 00:00:00,64353.60,64898.00,64352.50,64805.70
2026-08-06 04:00:00,64805.70,65022.00,64535.60,64633.90
2026-08-06 08:00:00,64634.00,64696.00,64386.30,64496.20
2026-08-06 12:00:00,64496.30,64971.70,64461.90,64789.40
2026-08-06 16:00:00,64789.30,64971.00,64473.00,64590.10
2026-08-06 20:00:00,64590.10,64962.00,64111.00,64604.20
2026-08-07 00:00:00,64604.20,64807.40,64323.20,64412.80
2026-08-07 04:00:00,64412.80,64510.70,64163.50,64300.00
2026-08-07 08:00:00,64299.90,64524.80,64195.20,64264.00
2026-08-07 12:00:00,64264.00,64441.00,64128.30,64288.90
2026-08-07 16:00:00,64288.80,65187.90,64268.90,64996.10
2026-08-07 20:00:00,64996.20,65358.00,64756.80,64885.40
2026-08-08 00:00:00,64885.50,65050.00,64490.00,64932.90
2026-08-08 04:00:00,64932.90,65078.70,64815.30,64885.40
2026-08-08 08:00:00,64885.50,65046.10,64784.30,65000.00
2026-08-08 12:00:00,65000.00,65040.10,64919.50,64936.30
2026-08-08 16:00:00,64936.30,65026.90,64920.00,64938.50
2026-08-08 20:00:00,64938.40,65163.00,64890.80,65049.30
2026-08-09 00:00:00,65049.40,65123.10,64986.20,65045.50
2026-08-09 04:00:00,65045.50,65059.10,64907.90,64928.50
2026-08-09 08:00:00,64928.60,64982.40,64700.00,64759.00
2026-08-09 12:00:00,64758.90,64835.00,64747.40,64793.60
2026-08-09 16:00:00,64793.70,64978.00,64759.20,64921.80
2026-08-09 20:00:00,64921.70,65279.90,64884.30,65207.70
2026-08-10 00:00:00,65207.80,65243.10,65147.20,65153.20
2026-08-10 04:00:00,65153.20,65482.70,64805.10,64867.80
2026-08-10 08:00:00,64867.80,65373.60,64794.40,64946.40
2026-08-10 12:00:00,64946.40,65348.40,64892.10,65183.00
2026-08-10 16:00:00,65183.00,65306.90,64928.00,65097.60
2026-08-10 20:00:00,65097.50,65221.20,64171.80,64268.80
2026-08-11 00:00:00,64268.70,64330.00,63788.00,64017.20
2026-08-11 04:00:00,64017.20,64189.30,63881.60,63939.30
2026-08-11 08:00:00,63939.30,64148.00,63863.90,64110.70
2026-08-11 12:00:00,64110.70,64124.20,63820.00,64031.70
2026-08-11 16:00:00,64031.70,64380.00,64010.40,64358.30
2026-08-11 20:00:00,64358.40,64470.00,63420.00,63585.30
2026-08-12 00:00:00,63585.30,63637.50,63211.60,63508.50
2026-08-12 04:00:00,63508.50,63757.50,63508.50,63572.00
2026-08-12 08:00:00,63571.90,63886.00,63505.30,63800.10
2026-08-12 12:00:00,63800.10,63863.60,63574.60,63804.80
2026-08-12 16:00:00,63804.80,64222.20,63735.40,64207.30
2026-08-12 20:00:00,64207.30,64450.00,63291.10,63421.40
2026-08-13 00:00:00,63421.30,63557.50,63283.00,63394.90
2026-08-13 04:00:00,63394.80,63629.80,63337.50,63454.70
2026-08-13 08:00:00,63454.60,63694.90,63343.80,63623.50
2026-08-13 12:00:00,63623.50,63990.70,63564.90,63833.00
2026-08-13 16:00:00,63833.00,63881.30,63318.10,63458.50
