日期时间(北京),开盘,最高,最低,收盘
2023-01-01 00:00:00,1202.59,1206.00,1198.35,1202.74
2023-01-01 04:00:00,1202.74,1203.92,1192.05,1196.10
2023-01-01 08:00:00,1196.10,1196.98,1191.36,1194.05
2023-01-01 12:00:00,1194.05,1195.84,1190.80,1195.07
2023-01-01 16:00:00,1195.07,1197.68,1193.56,1196.40
2023-01-01 20:00:00,1196.40,1198.61,1192.99,1196.52
2023-01-02 00:00:00,1196.51,1204.67,1195.50,1201.47
2023-01-02 04:00:00,1201.47,1204.79,1198.71,1199.96
2023-01-02 08:00:00,1199.96,1203.32,1191.50,1201.42
2023-01-02 12:00:00,1201.43,1222.00,1199.12,1212.82
2023-01-02 16:00:00,1212.83,1225.00,1212.14,1216.72
2023-01-02 20:00:00,1216.71,1220.99,1213.30,1218.50
2023-01-03 00:00:00,1218.49,1219.39,1215.03,1218.49
2023-01-03 04:00:00,1218.50,1225.00,1210.00,1213.23
2023-01-03 08:00:00,1213.24,1216.28,1210.64,1215.19
2023-01-03 12:00:00,1215.18,1219.50,1212.57,1215.85
2023-01-03 16:00:00,1215.86,1218.20,1213.32,1214.39
2023-01-03 20:00:00,1214.39,1218.76,1205.00,1211.40
2023-01-04 00:00:00,1211.39,1212.40,1203.05,1208.92
2023-01-04 04:00:00,1208.93,1217.04,1208.86,1214.23
2023-01-04 08:00:00,1214.22,1258.53,1212.16,1250.33
2023-01-04 12:00:00,1250.33,1254.99,1247.08,1251.77
2023-01-04 16:00:00,1251.78,1261.05,1248.13,1251.16
2023-01-04 20:00:00,1251.17,1259.02,1238.61,1255.90
2023-01-05 00:00:00,1255.91,1275.00,1250.57,1254.14
2023-01-05 04:00:00,1254.14,1257.83,1243.04,1256.39
2023-01-05 08:00:00,1256.39,1260.00,1251.51,1252.59
2023-01-05 12:00:00,1252.59,1254.76,1247.13,1250.91
2023-01-05 16:00:00,1250.91,1255.90,1245.00,1255.34
2023-01-05 20:00:00,1255.35,1255.65,1242.22,1248.72
2023-01-06 00:00:00,1248.72,1254.92,1246.34,1253.22
2023-01-06 04:00:00,1253.22,1254.04,1247.38,1251.08
2023-01-06 08:00:00,1251.08,1258.98,1247.40,1250.56
2023-01-06 12:00:00,1250.57,1251.78,1245.02,1247.45
2023-01-06 16:00:00,1247.45,1249.89,1235.00,1243.20
2023-01-06 20:00:00,1243.20,1267.65,1233.00,1262.48
2023-01-07 00:00:00,1262.48,1277.77,1259.51,1272.76
2023-01-07 04:00:00,1272.77,1275.90,1264.50,1268.54
2023-01-07 08:00:00,1268.54,1270.66,1264.50,1266.05
2023-01-07 12:00:00,1266.04,1266.40,1261.03,1266.00
2023-01-07 16:00:00,1266.00,1266.42,1262.13,1263.12
2023-01-07 20:00:00,1263.11,1265.15,1260.53,1264.50
2023-01-08 00:00:00,1264.50,1265.68,1261.27,1264.81
2023-01-08 04:00:00,1264.82,1267.93,1260.67,1263.65
2023-01-08 08:00:00,1263.64,1264.13,1256.30,1262.36
2023-01-08 12:00:00,1262.36,1263.97,1261.53,1262.84
2023-01-08 16:00:00,1262.85,1265.93,1260.62,1260.83
2023-01-08 20:00:00,1260.84,1275.50,1260.43,1274.01
2023-01-09 00:00:00,1274.01,1280.00,1260.94,1264.40
2023-01-09 04:00:00,1264.40,1296.00,1263.34,1289.65
2023-01-09 08:00:00,1289.64,1314.00,1284.81,1309.70
2023-01-09 12:00:00,1309.69,1314.61,1306.69,1311.41
2023-01-09 16:00:00,1311.40,1328.00,1307.50,1318.16
2023-01-09 20:00:00,1318.15,1342.30,1314.70,1335.56
2023-01-10 00:00:00,1335.55,1345.00,1329.99,1329.99
2023-01-10 04:00:00,1329.99,1331.83,1315.02,1320.32
2023-01-10 08:00:00,1320.32,1329.64,1316.74,1325.08
2023-01-10 12:00:00,1325.08,1328.82,1322.08,1323.25
2023-01-10 16:00:00,1323.24,1336.27,1321.27,1329.30
2023-01-10 20:00:00,1329.29,1341.57,1322.65,1333.90
2023-01-11 00:00:00,1333.91,1344.18,1327.43,1339.10
2023-01-11 04:00:00,1339.11,1348.70,1333.01,1335.30
2023-01-11 08:00:00,1335.29,1341.61,1326.74,1330.52
2023-01-11 12:00:00,1330.52,1335.36,1326.00,1334.99
2023-01-11 16:00:00,1335.00,1337.50,1330.70,1335.83
2023-01-11 20:00:00,1335.82,1335.83,1319.52,1322.48
2023-01-12 00:00:00,1322.48,1345.18,1320.95,1342.46
2023-01-12 04:00:00,1342.46,1400.00,1338.57,1389.26
2023-01-12 08:00:00,1389.25,1419.73,1385.57,1400.94
2023-01-12 12:00:00,1400.94,1405.50,1393.00,1398.70
2023-01-12 16:00:00,1398.73,1403.63,1394.76,1398.30
2023-01-12 20:00:00,1398.30,1410.68,1358.00,1385.66
2023-01-13 00:00:00,1385.65,1437.57,1382.92,1425.75
2023-01-13 04:00:00,1425.75,1439.36,1413.50,1415.84
2023-01-13 08:00:00,1415.85,1418.44,1400.70,1414.72
2023-01-13 12:00:00,1414.73,1415.56,1405.24,1408.28
2023-01-13 16:00:00,1408.28,1419.78,1403.56,1409.33
2023-01-13 20:00:00,1409.33,1425.00,1401.11,1421.30
2023-01-14 00:00:00,1421.30,1425.60,1406.29,1419.94
2023-01-14 04:00:00,1419.95,1465.49,1416.84,1450.94
2023-01-14 08:00:00,1450.95,1644.92,1448.70,1558.74
2023-01-14 12:00:00,1558.74,1559.69,1542.07,1555.29
2023-01-14 16:00:00,1555.30,1567.25,1505.40,1530.91
2023-01-14 20:00:00,1530.91,1548.97,1510.00,1526.36
2023-01-15 00:00:00,1526.31,1539.39,1524.03,1530.15
2023-01-15 04:00:00,1530.15,1564.00,1527.50,1550.27
2023-01-15 08:00:00,1550.27,1552.84,1516.02,1527.00
2023-01-15 12:00:00,1527.00,1531.59,1522.23,1530.54
2023-01-15 16:00:00,1530.54,1536.36,1520.00,1534.40
2023-01-15 20:00:00,1534.41,1563.00,1529.66,1557.66
2023-01-16 00:00:00,1557.58,1570.00,1533.02,1551.08
2023-01-16 04:00:00,1551.08,1563.03,1542.44,1553.47
2023-01-16 08:00:00,1553.48,1586.50,1541.24,1569.58
2023-01-16 12:00:00,1569.58,1579.39,1562.71,1566.89
2023-01-16 16:00:00,1566.89,1567.23,1520.00,1543.07
2023-01-16 20:00:00,1543.07,1555.00,1520.74,1550.46
2023-01-17 00:00:00,1550.45,1610.50,1546.20,1591.99
2023-01-17 04:00:00,1592.00,1600.33,1572.71,1577.11
2023-01-17 08:00:00,1577.25,1582.95,1540.00,1564.04
2023-01-17 12:00:00,1564.03,1578.32,1557.45,1563.46
2023-01-17 16:00:00,1563.47,1572.33,1558.03,1569.19
2023-01-17 20:00:00,1569.20,1609.00,1561.00,1571.38
2023-01-18 00:00:00,1571.37,1599.60,1564.37,1589.27
2023-01-18 04:00:00,1589.26,1593.14,1563.55,1565.84
2023-01-18 08:00:00,1565.83,1592.91,1562.72,1581.72
2023-01-18 12:00:00,1581.72,1589.55,1578.46,1583.24
2023-01-18 16:00:00,1583.23,1583.96,1570.81,1575.87
2023-01-18 20:00:00,1575.86,1614.60,1531.80,1550.09
2023-01-19 00:00:00,1550.03,1566.90,1501.21,1542.16
2023-01-19 04:00:00,1542.17,1544.96,1507.34,1511.66
2023-01-19 08:00:00,1511.60,1528.59,1509.87,1525.26
2023-01-19 12:00:00,1525.26,1533.05,1525.00,1528.54
2023-01-19 16:00:00,1528.55,1531.93,1516.04,1519.50
2023-01-19 20:00:00,1519.50,1548.53,1512.82,1533.41
2023-01-20 00:00:00,1533.42,1555.32,1521.38,1551.74
2023-01-20 04:00:00,1551.74,1565.00,1544.10,1551.11
2023-01-20 08:00:00,1551.11,1564.00,1545.37,1554.21
2023-01-20 12:00:00,1554.21,1556.88,1541.60,1550.11
2023-01-20 16:00:00,1550.12,1556.09,1544.92,1549.15
2023-01-20 20:00:00,1549.16,1569.98,1548.68,1563.28
2023-01-21 00:00:00,1563.28,1604.03,1561.01,1600.59
2023-01-21 04:00:00,1600.59,1680.00,1600.59,1659.01
2023-01-21 08:00:00,1659.01,1680.00,1643.00,1649.77
2023-01-21 12:00:00,1649.77,1655.93,1645.58,1652.01
2023-01-21 16:00:00,1652.01,1682.44,1615.30,1647.77
2023-01-21 20:00:00,1647.76,1668.65,1642.50,1647.71
2023-01-22 00:00:00,1647.72,1670.00,1646.31,1663.60
2023-01-22 04:00:00,1663.61,1668.34,1622.60,1627.63
2023-01-22 08:00:00,1627.63,1637.35,1603.39,1623.49
2023-01-22 12:00:00,1623.49,1631.82,1621.44,1627.41
2023-01-22 16:00:00,1627.42,1632.51,1618.75,1625.21
2023-01-22 20:00:00,1625.22,1651.58,1616.51,1635.91
2023-01-23 00:00:00,1635.90,1666.00,1630.00,1636.04
2023-01-23 04:00:00,1636.04,1637.39,1607.85,1628.14
2023-01-23 08:00:00,1628.13,1644.29,1626.38,1631.25
2023-01-23 12:00:00,1631.26,1638.74,1628.02,1634.04
2023-01-23 16:00:00,1634.03,1640.56,1630.77,1637.11
2023-01-23 20:00:00,1637.10,1650.00,1585.21,1620.92
2023-01-24 00:00:00,1620.93,1641.25,1609.62,1620.04
2023-01-24 04:00:00,1620.05,1636.92,1618.54,1626.90
2023-01-24 08:00:00,1626.90,1641.89,1623.04,1639.56
2023-01-24 12:00:00,1639.56,1641.60,1633.12,1636.35
2023-01-24 16:00:00,1636.34,1638.11,1613.42,1625.75
2023-01-24 20:00:00,1625.75,1632.90,1602.09,1620.92
2023-01-25 00:00:00,1620.92,1625.23,1606.50,1623.03
2023-01-25 04:00:00,1623.02,1625.15,1530.00,1555.99
2023-01-25 08:00:00,1556.00,1557.21,1512.30,1546.41
2023-01-25 12:00:00,1546.41,1558.58,1544.52,1552.90
2023-01-25 16:00:00,1552.91,1556.36,1536.86,1545.14
2023-01-25 20:00:00,1545.14,1566.35,1523.32,1543.47
2023-01-26 00:00:00,1543.48,1562.28,1540.57,1561.01
2023-01-26 04:00:00,1561.01,1641.18,1561.01,1611.41
2023-01-26 08:00:00,1611.44,1633.00,1609.82,1614.87
2023-01-26 12:00:00,1614.87,1622.07,1589.57,1604.59
2023-01-26 16:00:00,1604.58,1610.46,1591.25,1604.30
2023-01-26 20:00:00,1604.30,1621.00,1582.45,1589.40
2023-01-27 00:00:00,1589.39,1607.32,1575.66,1603.38
2023-01-27 04:00:00,1603.38,1611.70,1593.44,1600.69
2023-01-27 08:00:00,1600.69,1606.33,1551.10,1565.36
2023-01-27 12:00:00,1565.36,1589.90,1562.40,1584.94
2023-01-27 16:00:00,1584.92,1585.86,1572.33,1578.54
2023-01-27 20:00:00,1578.53,1594.97,1555.30,1574.24
2023-01-28 00:00:00,1574.24,1612.99,1573.20,1609.19
2023-01-28 04:00:00,1609.20,1621.46,1584.70,1597.08
2023-01-28 08:00:00,1597.08,1606.66,1591.68,1598.56
2023-01-28 12:00:00,1598.57,1602.97,1585.00,1592.24
2023-01-28 16:00:00,1592.23,1593.87,1575.00,1585.80
2023-01-28 20:00:00,1585.80,1585.80,1561.70,1577.97
2023-01-29 00:00:00,1577.97,1580.66,1568.19,1576.86
2023-01-29 04:00:00,1576.87,1577.21,1555.00,1571.52
2023-01-29 08:00:00,1571.52,1620.00,1565.98,1594.10
2023-01-29 12:00:00,1594.10,1599.45,1587.88,1591.99
2023-01-29 16:00:00,1591.99,1622.16,1588.24,1608.86
2023-01-29 20:00:00,1608.86,1628.00,1602.91,1610.96
2023-01-30 00:00:00,1610.96,1663.68,1604.85,1654.93
2023-01-30 04:00:00,1654.94,1656.71,1626.91,1645.67
2023-01-30 08:00:00,1645.67,1648.49,1632.17,1639.16
2023-01-30 12:00:00,1639.17,1642.41,1622.30,1628.03
2023-01-30 16:00:00,1628.02,1631.20,1576.68,1581.82
2023-01-30 20:00:00,1581.82,1597.43,1565.52,1585.05
2023-01-31 00:00:00,1585.04,1590.96,1529.04,1554.16
2023-01-31 04:00:00,1554.16,1568.06,1536.00,1565.92
2023-01-31 08:00:00,1565.93,1576.68,1561.62,1568.67
2023-01-31 12:00:00,1568.70,1581.70,1561.04,1579.89
2023-01-31 16:00:00,1579.90,1584.04,1565.10,1570.98
2023-01-31 20:00:00,1570.99,1596.24,1570.66,1588.49
2023-02-01 00:00:00,1588.49,1605.67,1586.29,1597.16
2023-02-01 04:00:00,1597.16,1601.00,1563.86,1585.02
2023-02-01 08:00:00,1585.02,1593.23,1575.85,1584.43
2023-02-01 12:00:00,1584.43,1585.78,1569.00,1575.05
2023-02-01 16:00:00,1575.05,1583.85,1565.87,1580.60
2023-02-01 20:00:00,1580.61,1590.35,1572.00,1575.20
2023-02-02 00:00:00,1575.19,1627.38,1554.57,1617.60
2023-02-02 04:00:00,1617.61,1648.76,1613.01,1641.80
2023-02-02 08:00:00,1641.81,1699.00,1639.32,1671.92
2023-02-02 12:00:00,1671.93,1677.51,1660.60,1665.47
2023-02-02 16:00:00,1665.47,1675.89,1663.78,1672.39
2023-02-02 20:00:00,1672.40,1693.94,1649.49,1678.44
2023-02-03 00:00:00,1678.44,1717.00,1666.51,1675.21
2023-02-03 04:00:00,1675.20,1687.25,1625.00,1643.81
2023-02-03 08:00:00,1643.82,1651.00,1630.44,1642.36
2023-02-03 12:00:00,1642.35,1647.83,1636.22,1638.12
2023-02-03 16:00:00,1638.12,1651.94,1630.00,1649.13
2023-02-03 20:00:00,1649.12,1674.84,1622.00,1663.36
2023-02-04 00:00:00,1663.37,1677.00,1650.27,1653.02
2023-02-04 04:00:00,1653.01,1672.10,1642.00,1663.68
2023-02-04 08:00:00,1663.69,1666.00,1650.00,1654.54
2023-02-04 12:00:00,1654.53,1661.14,1645.00,1658.33
2023-02-04 16:00:00,1658.23,1662.70,1651.42,1661.64
2023-02-04 20:00:00,1661.64,1696.99,1660.11,1680.48
2023-02-05 00:00:00,1680.47,1686.36,1672.03,1676.16
2023-02-05 04:00:00,1676.16,1691.65,1656.50,1666.44
2023-02-05 08:00:00,1666.44,1671.41,1656.69,1661.26
2023-02-05 12:00:00,1661.26,1672.10,1659.80,1668.04
2023-02-05 16:00:00,1668.04,1674.59,1660.39,1662.44
2023-02-05 20:00:00,1662.44,1664.82,1632.69,1644.57
2023-02-06 00:00:00,1644.57,1647.74,1608.00,1618.83
2023-02-06 04:00:00,1618.81,1639.80,1611.18,1628.98
2023-02-06 08:00:00,1628.98,1642.52,1617.16,1626.55
2023-02-06 12:00:00,1626.54,1635.42,1607.43,1635.08
2023-02-06 16:00:00,1635.08,1637.99,1622.29,1634.94
2023-02-06 20:00:00,1634.90,1650.00,1619.50,1648.59
2023-02-07 00:00:00,1648.59,1659.00,1639.47,1648.26
2023-02-07 04:00:00,1648.26,1649.50,1602.00,1613.90
2023-02-07 08:00:00,1613.89,1635.00,1612.49,1632.86
2023-02-07 12:00:00,1632.86,1637.50,1630.25,1631.51
2023-02-07 16:00:00,1631.51,1648.00,1628.00,1640.39
2023-02-07 20:00:00,1640.40,1644.52,1626.03,1630.43
2023-02-08 00:00:00,1630.44,1679.03,1623.72,1656.42
2023-02-08 04:00:00,1656.43,1677.99,1650.16,1670.51
2023-02-08 08:00:00,1670.50,1699.00,1667.43,1680.33
2023-02-08 12:00:00,1680.34,1682.60,1671.39,1677.40
2023-02-08 16:00:00,1677.40,1677.72,1667.67,1674.11
2023-02-08 20:00:00,1674.12,1683.12,1651.57,1653.69
2023-02-09 00:00:00,1653.68,1660.00,1631.00,1647.71
2023-02-09 04:00:00,1647.71,1656.20,1636.22,1650.26
2023-02-09 08:00:00,1650.26,1656.20,1608.10,1618.97
2023-02-09 12:00:00,1618.97,1636.95,1610.16,1629.98
2023-02-09 16:00:00,1629.99,1639.99,1629.98,1632.90
2023-02-09 20:00:00,1632.89,1649.00,1625.44,1632.25
2023-02-10 00:00:00,1632.24,1633.75,1556.01,1579.08
2023-02-10 04:00:00,1579.08,1581.87,1522.00,1544.68
2023-02-10 08:00:00,1544.67,1554.00,1541.10,1542.78
2023-02-10 12:00:00,1542.78,1552.00,1527.85,1550.68
2023-02-10 16:00:00,1550.68,1553.80,1533.01,1536.61
2023-02-10 20:00:00,1536.59,1547.60,1503.00,1521.56
2023-02-11 00:00:00,1521.56,1539.16,1513.92,1533.94
2023-02-11 04:00:00,1533.94,1534.91,1486.28,1512.26
2023-02-11 08:00:00,1512.25,1523.22,1506.80,1519.85
2023-02-11 12:00:00,1519.84,1522.78,1513.97,1519.86
2023-02-11 16:00:00,1519.86,1525.60,1515.00,1519.41
2023-02-11 20:00:00,1519.41,1526.18,1513.23,1521.94
2023-02-12 00:00:00,1521.94,1522.14,1502.83,1518.00
2023-02-12 04:00:00,1518.00,1542.82,1515.81,1537.65
2023-02-12 08:00:00,1537.64,1538.57,1529.05,1530.45
2023-02-12 12:00:00,1530.44,1533.97,1528.03,1530.09
2023-02-12 16:00:00,1530.10,1539.95,1530.07,1532.50
2023-02-12 20:00:00,1532.50,1540.98,1520.00,1535.28
2023-02-13 00:00:00,1535.29,1547.70,1533.43,1538.58
2023-02-13 04:00:00,1538.58,1541.39,1491.00,1514.49
2023-02-13 08:00:00,1514.48,1524.20,1495.65,1516.24
2023-02-13 12:00:00,1516.25,1526.10,1515.25,1521.75
2023-02-13 16:00:00,1521.75,1522.50,1463.01,1485.64
2023-02-13 20:00:00,1485.65,1491.72,1474.53,1475.18
2023-02-14 00:00:00,1475.18,1493.64,1460.00,1490.15
2023-02-14 04:00:00,1490.15,1509.84,1481.30,1504.85
2023-02-14 08:00:00,1504.86,1508.07,1493.14,1497.58
2023-02-14 12:00:00,1497.59,1507.49,1495.75,1505.36
2023-02-14 16:00:00,1505.35,1519.37,1496.28,1507.05
2023-02-14 20:00:00,1507.04,1568.98,1470.00,1544.21
2023-02-15 00:00:00,1544.22,1564.62,1533.01,1559.42
2023-02-15 04:00:00,1559.42,1563.58,1548.35,1554.94
2023-02-15 08:00:00,1554.94,1556.86,1541.77,1548.40
2023-02-15 12:00:00,1548.39,1551.73,1543.50,1546.55
2023-02-15 16:00:00,1546.55,1579.00,1543.40,1571.62
2023-02-15 20:00:00,1571.62,1595.00,1565.01,1578.47
2023-02-16 00:00:00,1578.47,1629.70,1572.43,1628.30
2023-02-16 04:00:00,1628.29,1684.10,1623.46,1675.00
2023-02-16 08:00:00,1674.99,1715.00,1672.59,1692.00
2023-02-16 12:00:00,1692.01,1698.47,1675.55,1683.22
2023-02-16 16:00:00,1683.22,1693.88,1679.31,1683.76
2023-02-16 20:00:00,1683.77,1729.80,1666.00,1724.91
2023-02-17 00:00:00,1724.90,1744.50,1688.00,1711.22
2023-02-17 04:00:00,1711.23,1711.65,1634.02,1639.00
2023-02-17 08:00:00,1638.99,1670.48,1631.31,1663.75
2023-02-17 12:00:00,1663.76,1665.66,1651.44,1653.69
2023-02-17 16:00:00,1653.68,1675.87,1647.77,1666.34
2023-02-17 20:00:00,1666.34,1683.34,1645.48,1673.17
2023-02-18 00:00:00,1673.17,1710.00,1662.09,1706.42
2023-02-18 04:00:00,1706.43,1722.62,1669.84,1694.12
2023-02-18 08:00:00,1694.10,1705.00,1692.60,1699.83
2023-02-18 12:00:00,1699.83,1704.54,1686.11,1691.12
2023-02-18 16:00:00,1691.11,1695.97,1685.87,1691.86
2023-02-18 20:00:00,1691.86,1699.89,1686.93,1695.31
2023-02-19 00:00:00,1695.32,1715.00,1680.49,1688.16
2023-02-19 04:00:00,1688.11,1694.29,1679.13,1691.66
2023-02-19 08:00:00,1691.65,1701.98,1689.39,1695.41
2023-02-19 12:00:00,1695.41,1710.62,1692.20,1693.42
2023-02-19 16:00:00,1693.43,1701.04,1690.63,1695.33
2023-02-19 20:00:00,1695.33,1725.00,1694.51,1711.87
2023-02-20 00:00:00,1711.86,1729.58,1675.07,1684.89
2023-02-20 04:00:00,1684.90,1689.68,1666.00,1680.31
2023-02-20 08:00:00,1680.46,1687.78,1650.00,1684.50
2023-02-20 12:00:00,1684.51,1698.54,1683.83,1695.86
2023-02-20 16:00:00,1695.85,1720.39,1688.52,1713.84
2023-02-20 20:00:00,1713.87,1716.28,1696.00,1707.28
2023-02-21 00:00:00,1707.29,1712.01,1685.00,1709.94
2023-02-21 04:00:00,1709.95,1712.98,1692.10,1703.70
2023-02-21 08:00:00,1703.71,1716.99,1697.99,1703.09
2023-02-21 12:00:00,1703.09,1711.44,1694.84,1704.26
2023-02-21 16:00:00,1704.26,1714.64,1665.00,1669.29
2023-02-21 20:00:00,1669.30,1684.93,1656.50,1671.83
2023-02-22 00:00:00,1671.83,1686.80,1655.00,1671.89
2023-02-22 04:00:00,1671.89,1674.26,1635.00,1659.20
2023-02-22 08:00:00,1659.20,1667.62,1620.00,1649.08
2023-02-22 12:00:00,1649.08,1649.91,1631.06,1643.92
2023-02-22 16:00:00,1643.90,1645.94,1624.81,1644.20
2023-02-22 20:00:00,1644.20,1650.00,1604.10,1612.69
2023-02-23 00:00:00,1612.69,1629.59,1591.17,1615.16
2023-02-23 04:00:00,1615.16,1644.83,1609.00,1642.01
2023-02-23 08:00:00,1642.01,1678.56,1636.43,1666.91
2023-02-23 12:00:00,1666.91,1671.00,1658.44,1665.67
2023-02-23 16:00:00,1665.66,1672.63,1630.80,1636.61
2023-02-23 20:00:00,1636.61,1671.31,1627.64,1655.09
2023-02-24 00:00:00,1655.10,1661.73,1631.00,1652.30
2023-02-24 04:00:00,1652.30,1658.37,1638.00,1649.69
2023-02-24 08:00:00,1649.68,1664.44,1644.95,1648.65
2023-02-24 12:00:00,1648.67,1655.46,1640.39,1650.75
2023-02-24 16:00:00,1650.74,1657.27,1641.87,1646.60
2023-02-24 20:00:00,1646.59,1653.78,1597.83,1602.18
2023-02-25 00:00:00,1602.18,1611.11,1572.00,1610.08
2023-02-25 04:00:00,1610.09,1622.91,1592.70,1607.12
2023-02-25 08:00:00,1607.11,1608.34,1594.41,1598.05
2023-02-25 12:00:00,1598.06,1603.61,1592.42,1603.20
2023-02-25 16:00:00,1603.21,1606.67,1595.37,1599.48
2023-02-25 20:00:00,1599.49,1603.25,1591.82,1596.36
2023-02-26 00:00:00,1596.37,1600.00,1575.00,1584.00
2023-02-26 04:00:00,1584.01,1596.72,1556.08,1593.59
2023-02-26 08:00:00,1593.60,1605.71,1586.35,1601.89
2023-02-26 12:00:00,1601.90,1602.69,1595.23,1598.99
2023-02-26 16:00:00,1599.00,1606.59,1596.35,1603.25
2023-02-26 20:00:00,1603.25,1615.07,1594.15,1604.63
2023-02-27 00:00:00,1604.64,1635.99,1597.51,1632.69
2023-02-27 04:00:00,1632.69,1652.91,1621.77,1640.49
2023-02-27 08:00:00,1640.51,1649.83,1631.33,1639.67
2023-02-27 12:00:00,1639.67,1640.17,1630.29,1635.59
2023-02-27 16:00:00,1635.59,1642.94,1631.27,1640.48
2023-02-27 20:00:00,1640.48,1664.97,1635.00,1643.44
2023-02-28 00:00:00,1643.43,1645.90,1615.00,1621.22
2023-02-28 04:00:00,1621.22,1635.71,1606.71,1632.60
2023-02-28 08:00:00,1632.61,1635.33,1626.01,1632.04
2023-02-28 12:00:00,1632.05,1632.13,1617.19,1618.50
2023-02-28 16:00:00,1618.50,1631.47,1615.60,1628.87
2023-02-28 20:00:00,1628.87,1646.99,1627.85,1640.41
2023-03-01 00:00:00,1640.40,1645.80,1621.81,1627.43
2023-03-01 04:00:00,1627.42,1632.93,1595.00,1604.72
2023-03-01 08:00:00,1604.73,1639.99,1593.03,1637.68
2023-03-01 12:00:00,1637.69,1661.53,1635.00,1650.33
2023-03-01 16:00:00,1650.34,1669.76,1648.36,1655.80
2023-03-01 20:00:00,1655.80,1670.00,1645.55,1657.03
2023-03-02 00:00:00,1657.03,1659.98,1630.11,1634.43
2023-03-02 04:00:00,1634.42,1666.00,1630.49,1664.46
2023-03-02 08:00:00,1664.47,1677.74,1643.35,1647.21
2023-03-02 12:00:00,1647.20,1651.05,1638.22,1643.78
2023-03-02 16:00:00,1643.79,1648.56,1636.57,1643.96
2023-03-02 20:00:00,1643.95,1644.70,1617.83,1627.45
2023-03-03 00:00:00,1627.45,1651.78,1620.27,1647.63
2023-03-03 04:00:00,1647.63,1657.76,1639.20,1647.29
2023-03-03 08:00:00,1647.29,1648.78,1534.85,1564.53
2023-03-03 12:00:00,1564.53,1576.00,1561.50,1567.01
2023-03-03 16:00:00,1567.01,1573.70,1563.00,1563.83
2023-03-03 20:00:00,1563.83,1580.00,1558.14,1566.06
2023-03-04 00:00:00,1566.07,1574.43,1546.93,1564.63
2023-03-04 04:00:00,1564.64,1570.70,1546.00,1568.86
2023-03-04 08:00:00,1568.85,1577.00,1567.78,1570.09
2023-03-04 12:00:00,1570.09,1572.50,1561.83,1568.00
2023-03-04 16:00:00,1567.99,1570.53,1565.56,1568.49
2023-03-04 20:00:00,1568.49,1571.54,1560.28,1561.21
2023-03-05 00:00:00,1561.22,1564.98,1555.63,1558.89
2023-03-05 04:00:00,1558.90,1568.04,1548.00,1566.05
2023-03-05 08:00:00,1566.05,1588.08,1552.07,1567.01
2023-03-05 12:00:00,1567.01,1572.94,1566.89,1567.84
2023-03-05 16:00:00,1567.83,1572.68,1563.13,1567.93
2023-03-05 20:00:00,1567.92,1573.74,1567.23,1568.36
2023-03-06 00:00:00,1568.35,1571.25,1562.00,1565.33
2023-03-06 04:00:00,1565.32,1578.00,1555.01,1564.06
2023-03-06 08:00:00,1564.06,1572.40,1554.63,1561.97
2023-03-06 12:00:00,1561.97,1564.69,1553.29,1560.27
2023-03-06 16:00:00,1560.28,1567.80,1556.75,1562.75
2023-03-06 20:00:00,1562.75,1583.19,1560.74,1577.11
2023-03-07 00:00:00,1577.10,1580.20,1560.95,1565.33
2023-03-07 04:00:00,1565.33,1570.75,1558.31,1565.17
2023-03-07 08:00:00,1565.17,1584.00,1560.48,1574.32
2023-03-07 12:00:00,1574.33,1576.16,1570.00,1570.73
2023-03-07 16:00:00,1570.73,1570.87,1561.47,1562.72
2023-03-07 20:00:00,1562.73,1572.32,1524.00,1560.08
2023-03-08 00:00:00,1560.07,1565.00,1546.19,1550.52
2023-03-08 04:00:00,1550.52,1563.00,1542.00,1561.29
2023-03-08 08:00:00,1561.30,1570.00,1557.00,1561.61
2023-03-08 12:00:00,1561.61,1562.94,1547.10,1550.52
2023-03-08 16:00:00,1550.52,1561.33,1548.70,1556.68
2023-03-08 20:00:00,1556.68,1565.35,1540.10,1559.50
2023-03-09 00:00:00,1559.50,1564.56,1547.70,1552.14
2023-03-09 04:00:00,1552.14,1560.86,1520.00,1531.82
2023-03-09 08:00:00,1531.81,1544.72,1530.28,1541.22
2023-03-09 12:00:00,1541.21,1541.31,1535.14,1536.49
2023-03-09 16:00:00,1536.49,1538.66,1523.55,1534.77
2023-03-09 20:00:00,1534.77,1545.78,1526.19,1533.09
2023-03-10 00:00:00,1533.10,1537.00,1480.00,1487.82
2023-03-10 04:00:00,1487.83,1488.96,1402.80,1436.42
2023-03-10 08:00:00,1436.42,1436.73,1408.72,1425.68
2023-03-10 12:00:00,1425.68,1425.95,1388.74,1411.39
2023-03-10 16:00:00,1411.40,1412.51,1367.51,1383.86
2023-03-10 20:00:00,1383.86,1434.04,1381.00,1416.42
2023-03-11 00:00:00,1416.42,1438.17,1399.66,1422.73
2023-03-11 04:00:00,1422.74,1433.00,1405.50,1425.79
2023-03-11 08:00:00,1425.80,1475.45,1423.89,1457.55
2023-03-11 12:00:00,1457.55,1465.98,1413.40,1415.74
2023-03-11 16:00:00,1415.72,1451.00,1407.48,1426.33
2023-03-11 20:00:00,1426.33,1435.66,1425.02,1427.47
2023-03-12 00:00:00,1427.47,1456.83,1420.98,1448.33
2023-03-12 04:00:00,1448.32,1478.00,1448.28,1471.03
2023-03-12 08:00:00,1471.03,1473.20,1452.50,1465.82
2023-03-12 12:00:00,1465.82,1470.68,1452.77,1459.00
2023-03-12 16:00:00,1458.99,1466.92,1457.69,1464.16
2023-03-12 20:00:00,1464.16,1465.77,1446.65,1454.99
2023-03-13 00:00:00,1454.99,1549.00,1452.78,1512.07
2023-03-13 04:00:00,1512.14,1597.29,1510.53,1579.26
2023-03-13 08:00:00,1579.26,1623.86,1572.52,1587.75
2023-03-13 12:00:00,1587.74,1616.00,1587.38,1606.15
2023-03-13 16:00:00,1606.14,1607.69,1564.18,1580.62
2023-03-13 20:00:00,1580.62,1700.00,1571.68,1666.30
2023-03-14 00:00:00,1666.31,1687.00,1647.61,1678.62
2023-03-14 04:00:00,1678.61,1681.98,1661.16,1673.90
2023-03-14 08:00:00,1673.91,1684.52,1663.37,1676.92
2023-03-14 12:00:00,1676.97,1695.76,1658.49,1666.62
2023-03-14 16:00:00,1666.63,1689.55,1655.00,1683.15
2023-03-14 20:00:00,1683.14,1779.05,1670.00,1770.28
2023-03-15 00:00:00,1770.29,1776.00,1688.23,1721.45
2023-03-15 04:00:00,1721.43,1728.40,1660.12,1699.93
2023-03-15 08:00:00,1699.93,1718.34,1682.08,1703.07
2023-03-15 12:00:00,1703.07,1709.19,1693.42,1706.10
2023-03-15 16:00:00,1706.11,1706.45,1650.00,1680.42
2023-03-15 20:00:00,1680.42,1699.60,1626.33,1634.44
2023-03-16 00:00:00,1634.43,1655.69,1611.63,1648.19
2023-03-16 04:00:00,1648.19,1664.42,1638.00,1649.81
2023-03-16 08:00:00,1649.82,1659.49,1632.00,1645.67
2023-03-16 12:00:00,1645.67,1659.76,1636.30,1654.84
2023-03-16 16:00:00,1654.84,1670.90,1638.00,1659.72
2023-03-16 20:00:00,1659.72,1665.98,1634.27,1662.11
2023-03-17 00:00:00,1662.11,1693.00,1651.40,1679.07
2023-03-17 04:00:00,1679.08,1682.50,1651.18,1672.56
2023-03-17 08:00:00,1672.57,1725.00,1661.57,1707.73
2023-03-17 12:00:00,1707.73,1730.00,1695.01,1715.29
2023-03-17 16:00:00,1715.30,1764.99,1710.19,1760.64
2023-03-17 20:00:00,1760.64,1761.69,1702.47,1716.97
2023-03-18 00:00:00,1716.97,1744.00,1709.25,1743.71
2023-03-18 04:00:00,1743.72,1801.22,1731.30,1789.21
2023-03-18 08:00:00,1789.21,1833.54,1767.00,1810.50
2023-03-18 12:00:00,1810.50,1822.00,1801.00,1814.29
2023-03-18 16:00:00,1814.29,1818.11,1790.55,1813.16
2023-03-18 20:00:00,1813.16,1846.15,1774.34,1785.73
2023-03-19 00:00:00,1785.73,1804.90,1745.00,1789.88
2023-03-19 04:00:00,1789.87,1802.10,1750.23,1758.52
2023-03-19 08:00:00,1758.52,1786.34,1757.80,1782.10
2023-03-19 12:00:00,1782.09,1786.72,1761.29,1774.79
2023-03-19 16:00:00,1774.79,1788.97,1765.18,1784.20
2023-03-19 20:00:00,1784.20,1815.17,1772.55,1792.79
2023-03-20 00:00:00,1792.78,1841.96,1791.00,1820.90
2023-03-20 04:00:00,1820.90,1827.89,1772.87,1779.99
2023-03-20 08:00:00,1779.98,1784.99,1740.14,1750.61
2023-03-20 12:00:00,1750.60,1793.34,1734.20,1791.16
2023-03-20 16:00:00,1791.16,1803.37,1765.31,1778.37
2023-03-20 20:00:00,1778.37,1782.03,1751.11,1762.03
2023-03-21 00:00:00,1762.02,1768.02,1740.03,1751.90
2023-03-21 04:00:00,1751.92,1761.55,1722.10,1731.71
2023-03-21 08:00:00,1731.71,1757.25,1727.95,1745.52
2023-03-21 12:00:00,1745.52,1753.71,1716.00,1729.11
2023-03-21 16:00:00,1729.11,1767.99,1723.80,1760.47
2023-03-21 20:00:00,1760.47,1836.00,1757.39,1811.51
2023-03-22 00:00:00,1811.52,1825.99,1772.31,1789.85
2023-03-22 04:00:00,1790.00,1805.00,1780.85,1800.14
2023-03-22 08:00:00,1800.13,1806.86,1776.66,1798.54
2023-03-22 12:00:00,1798.54,1807.13,1785.96,1791.73
2023-03-22 16:00:00,1791.73,1793.61,1780.02,1784.53
2023-03-22 20:00:00,1784.52,1819.40,1782.50,1805.26
2023-03-23 00:00:00,1805.26,1810.60,1709.00,1716.12
2023-03-23 04:00:00,1716.11,1737.68,1710.00,1733.61
2023-03-23 08:00:00,1733.61,1744.52,1728.50,1736.42
2023-03-23 12:00:00,1736.43,1752.87,1729.09,1750.07
2023-03-23 16:00:00,1750.07,1758.78,1744.10,1753.81
2023-03-23 20:00:00,1753.81,1860.00,1740.01,1837.44
2023-03-24 00:00:00,1837.44,1841.40,1791.65,1820.01
2023-03-24 04:00:00,1820.07,1820.96,1802.71,1813.27
2023-03-24 08:00:00,1813.26,1818.17,1805.57,1811.38
2023-03-24 12:00:00,1811.38,1817.12,1802.34,1814.66
2023-03-24 16:00:00,1814.67,1816.16,1720.00,1744.38
2023-03-24 20:00:00,1744.37,1785.98,1740.45,1765.87
2023-03-25 00:00:00,1765.87,1769.35,1725.00,1763.00
2023-03-25 04:00:00,1762.99,1764.00,1727.54,1748.77
2023-03-25 08:00:00,1748.77,1761.88,1745.45,1755.38
2023-03-25 12:00:00,1755.38,1757.69,1740.79,1746.35
2023-03-25 16:00:00,1746.36,1749.93,1734.72,1744.23
2023-03-25 20:00:00,1744.23,1763.70,1737.16,1753.71
2023-03-26 00:00:00,1753.70,1757.21,1713.50,1716.30
2023-03-26 04:00:00,1716.30,1743.00,1712.02,1741.02
2023-03-26 08:00:00,1741.02,1756.31,1738.29,1749.00
2023-03-26 12:00:00,1748.99,1754.99,1745.10,1751.57
2023-03-26 16:00:00,1751.58,1787.48,1748.78,1777.05
2023-03-26 20:00:00,1777.05,1800.00,1750.32,1761.98
2023-03-27 00:00:00,1761.98,1771.00,1753.54,1764.99
2023-03-27 04:00:00,1765.00,1782.31,1753.26,1772.63
2023-03-27 08:00:00,1772.63,1779.79,1757.29,1764.13
2023-03-27 12:00:00,1764.13,1767.11,1745.19,1751.29
2023-03-27 16:00:00,1751.29,1769.68,1748.44,1764.78
2023-03-27 20:00:00,1764.79,1768.78,1684.00,1710.39
2023-03-28 00:00:00,1710.39,1731.60,1700.04,1703.71
2023-03-28 04:00:00,1703.71,1716.69,1695.00,1714.35
2023-03-28 08:00:00,1714.34,1726.97,1700.55,1710.86
2023-03-28 12:00:00,1710.86,1736.35,1708.59,1723.47
2023-03-28 16:00:00,1723.47,1754.52,1708.61,1744.91
2023-03-28 20:00:00,1744.91,1751.18,1729.33,1743.00
2023-03-29 00:00:00,1742.99,1797.19,1724.40,1785.43
2023-03-29 04:00:00,1785.42,1790.00,1761.00,1772.09
2023-03-29 08:00:00,1772.11,1788.53,1771.66,1777.41
2023-03-29 12:00:00,1777.42,1819.00,1777.41,1804.26
2023-03-29 16:00:00,1804.26,1828.58,1798.17,1810.84
2023-03-29 20:00:00,1810.84,1815.95,1791.34,1807.08
2023-03-30 00:00:00,1807.08,1811.98,1790.59,1808.35
2023-03-30 04:00:00,1808.35,1808.87,1782.00,1791.89
2023-03-30 08:00:00,1791.89,1829.88,1763.00,1786.50
2023-03-30 12:00:00,1786.50,1813.07,1784.23,1805.55
2023-03-30 16:00:00,1805.55,1807.83,1792.00,1803.93
2023-03-30 20:00:00,1803.92,1805.00,1782.18,1788.58
2023-03-31 00:00:00,1788.49,1791.99,1760.84,1780.72
2023-03-31 04:00:00,1780.72,1798.00,1777.59,1792.77
2023-03-31 08:00:00,1792.76,1817.21,1788.38,1802.25
2023-03-31 12:00:00,1802.25,1808.33,1777.00,1794.40
2023-03-31 16:00:00,1794.40,1799.71,1785.03,1792.26
2023-03-31 20:00:00,1792.26,1848.00,1789.04,1829.91
2023-04-01 00:00:00,1829.91,1834.49,1817.69,1828.49
2023-04-01 04:00:00,1828.49,1829.52,1813.22,1820.81
2023-04-01 08:00:00,1820.81,1842.80,1819.00,1825.60
2023-04-01 12:00:00,1825.60,1829.20,1811.20,1823.28
2023-04-01 16:00:00,1823.28,1828.12,1820.00,1823.45
2023-04-01 20:00:00,1823.44,1826.44,1813.00,1819.74
2023-04-02 00:00:00,1819.73,1823.99,1805.50,1814.14
2023-04-02 04:00:00,1814.14,1824.96,1813.80,1819.82
2023-04-02 08:00:00,1819.83,1823.03,1808.38,1817.01
2023-04-02 12:00:00,1817.01,1824.60,1813.00,1819.82
2023-04-02 16:00:00,1819.82,1823.00,1814.00,1816.51
2023-04-02 20:00:00,1816.50,1818.80,1787.03,1796.62
2023-04-03 00:00:00,1796.61,1803.03,1770.00,1780.62
2023-04-03 04:00:00,1780.61,1794.94,1776.34,1793.56
2023-04-03 08:00:00,1793.55,1793.79,1761.25,1777.45
2023-04-03 12:00:00,1777.45,1794.92,1771.66,1794.00
2023-04-03 16:00:00,1794.00,1818.00,1793.76,1806.79
2023-04-03 20:00:00,1806.80,1822.44,1787.02,1796.02
2023-04-04 00:00:00,1796.02,1840.00,1790.49,1818.02
2023-04-04 04:00:00,1818.02,1819.00,1767.20,1809.68
2023-04-04 08:00:00,1809.68,1816.00,1800.69,1807.03
2023-04-04 12:00:00,1807.03,1822.06,1802.02,1811.29
2023-04-04 16:00:00,1811.29,1877.99,1810.21,1864.18
2023-04-04 20:00:00,1864.18,1895.00,1848.01,1862.12
2023-04-05 00:00:00,1862.11,1874.00,1856.25,1867.99
2023-04-05 04:00:00,1868.00,1887.53,1858.03,1869.11
2023-04-05 08:00:00,1869.11,1929.00,1863.69,1911.71
2023-04-05 12:00:00,1911.70,1917.80,1906.55,1909.55
2023-04-05 16:00:00,1909.54,1922.00,1902.00,1913.91
2023-04-05 20:00:00,1913.91,1945.00,1882.20,1896.59
2023-04-06 00:00:00,1896.60,1917.92,1886.39,1908.48
2023-04-06 04:00:00,1908.48,1914.00,1902.01,1907.48
2023-04-06 08:00:00,1907.49,1908.84,1885.00,1898.00
2023-04-06 12:00:00,1898.00,1898.01,1873.00,1878.35
2023-04-06 16:00:00,1878.35,1885.18,1851.60,1867.75
2023-04-06 20:00:00,1867.75,1877.72,1853.24,1873.38
2023-04-07 00:00:00,1873.39,1882.29,1865.00,1870.30
2023-04-07 04:00:00,1870.30,1878.04,1858.28,1871.33
2023-04-07 08:00:00,1871.34,1881.94,1865.19,1875.91
2023-04-07 12:00:00,1875.92,1878.44,1840.00,1850.01
2023-04-07 16:00:00,1850.01,1858.76,1842.12,1848.50
2023-04-07 20:00:00,1848.51,1862.80,1841.11,1859.33
2023-04-08 00:00:00,1859.33,1861.18,1850.22,1854.09
2023-04-08 04:00:00,1854.09,1871.70,1850.01,1862.87
2023-04-08 08:00:00,1862.88,1871.96,1853.79,1867.35
2023-04-08 12:00:00,1867.36,1878.81,1862.77,1871.27
2023-04-08 16:00:00,1871.27,1873.64,1864.61,1866.60
2023-04-08 20:00:00,1866.61,1870.35,1860.66,1866.20
2023-04-09 00:00:00,1866.20,1868.64,1846.00,1853.26
2023-04-09 04:00:00,1853.26,1857.89,1846.00,1848.02
2023-04-09 08:00:00,1848.01,1859.24,1846.29,1850.95
2023-04-09 12:00:00,1850.94,1855.00,1820.31,1834.60
2023-04-09 16:00:00,1834.59,1839.65,1827.21,1838.51
2023-04-09 20:00:00,1838.50,1845.00,1824.55,1835.85
2023-04-10 00:00:00,1835.86,1866.73,1835.10,1855.60
2023-04-10 04:00:00,1855.60,1873.70,1851.22,1857.84
2023-04-10 08:00:00,1857.84,1862.61,1845.04,1857.10
2023-04-10 12:00:00,1857.10,1865.99,1852.38,1859.27
2023-04-10 16:00:00,1859.27,1862.25,1854.07,1857.17
2023-04-10 20:00:00,1857.17,1869.60,1846.23,1860.01
2023-04-11 00:00:00,1860.01,1904.60,1856.15,1888.14
2023-04-11 04:00:00,1888.14,1919.12,1876.83,1908.90
2023-04-11 08:00:00,1908.91,1938.00,1906.90,1922.09
2023-04-11 12:00:00,1922.09,1926.50,1908.28,1920.90
2023-04-11 16:00:00,1920.91,1922.22,1911.05,1914.60
2023-04-11 20:00:00,1914.60,1922.21,1900.00,1912.86
2023-04-12 00:00:00,1912.86,1917.00,1890.00,1893.55
2023-04-12 04:00:00,1893.55,1895.95,1880.67,1888.89
2023-04-12 08:00:00,1888.89,1896.48,1850.38,1861.92
2023-04-12 12:00:00,1861.91,1874.91,1859.05,1869.15
2023-04-12 16:00:00,1869.14,1873.44,1862.81,1871.52
2023-04-12 20:00:00,1871.52,1933.00,1865.49,1911.44
2023-04-13 00:00:00,1911.43,1918.50,1892.68,1900.61
2023-04-13 04:00:00,1900.61,1930.00,1899.26,1916.86
2023-04-13 08:00:00,1916.86,1920.00,1898.01,1911.52
2023-04-13 12:00:00,1911.51,1926.26,1907.00,1921.10
2023-04-13 16:00:00,1921.11,1998.00,1918.77,1985.15
2023-04-13 20:00:00,1985.15,2011.49,1985.11,1996.83
2023-04-14 00:00:00,1996.84,2025.00,1991.26,2011.52
2023-04-14 04:00:00,2011.51,2017.96,2000.37,2011.80
2023-04-14 08:00:00,2011.80,2137.64,2009.00,2109.31
2023-04-14 12:00:00,2109.31,2125.00,2102.85,2106.43
2023-04-14 16:00:00,2106.43,2120.00,2101.01,2115.71
2023-04-14 20:00:00,2115.70,2129.00,2051.12,2060.00
2023-04-15 00:00:00,2060.00,2093.94,2041.00,2090.92
2023-04-15 04:00:00,2090.92,2123.00,2085.43,2099.77
2023-04-15 08:00:00,2099.77,2106.54,2071.00,2088.71
2023-04-15 12:00:00,2088.70,2106.42,2081.33,2097.06
2023-04-15 16:00:00,2097.06,2113.28,2092.18,2100.66
2023-04-15 20:00:00,2100.66,2108.66,2092.30,2098.40
2023-04-16 00:00:00,2098.40,2111.89,2082.15,2100.18
2023-04-16 04:00:00,2100.17,2103.59,2081.50,2091.20
2023-04-16 08:00:00,2091.20,2095.99,2072.40,2087.12
2023-04-16 12:00:00,2087.13,2103.80,2086.48,2098.00
2023-04-16 16:00:00,2097.99,2100.46,2081.46,2086.54
2023-04-16 20:00:00,2086.54,2099.87,2075.00,2093.68
2023-04-17 00:00:00,2093.67,2146.10,2088.06,2115.10
2023-04-17 04:00:00,2115.11,2133.60,2096.36,2118.09
2023-04-17 08:00:00,2118.09,2120.64,2070.10,2097.09
2023-04-17 12:00:00,2097.09,2102.88,2088.00,2090.35
2023-04-17 16:00:00,2090.35,2099.67,2065.32,2076.32
2023-04-17 20:00:00,2076.32,2083.59,2055.50,2071.49
2023-04-18 00:00:00,2071.50,2089.53,2070.47,2078.00
2023-04-18 04:00:00,2078.00,2083.71,2066.40,2074.49
2023-04-18 08:00:00,2074.49,2084.82,2047.64,2079.37
2023-04-18 12:00:00,2079.37,2110.96,2077.30,2100.01
2023-04-18 16:00:00,2100.01,2126.63,2093.91,2117.91
2023-04-18 20:00:00,2117.91,2120.74,2087.16,2095.50
2023-04-19 00:00:00,2095.50,2100.82,2068.31,2080.67
2023-04-19 04:00:00,2080.67,2108.09,2073.33,2103.29
2023-04-19 08:00:00,2103.29,2104.61,2086.38,2091.13
2023-04-19 12:00:00,2091.13,2091.94,2063.00,2073.11
2023-04-19 16:00:00,2073.10,2073.11,1948.48,1980.70
2023-04-19 20:00:00,1980.70,2006.00,1970.00,1982.38
2023-04-20 00:00:00,1982.38,1990.65,1962.24,1979.60
2023-04-20 04:00:00,1979.60,1987.76,1921.00,1932.83
2023-04-20 08:00:00,1932.83,1953.77,1922.58,1948.51
2023-04-20 12:00:00,1948.52,1963.88,1946.14,1948.00
2023-04-20 16:00:00,1948.00,1961.43,1936.00,1939.29
2023-04-20 20:00:00,1939.28,1983.22,1935.17,1944.92
2023-04-21 00:00:00,1944.91,1954.41,1905.75,1926.85
2023-04-21 04:00:00,1926.85,1954.85,1922.05,1942.11
2023-04-21 08:00:00,1942.10,1956.82,1933.03,1945.26
2023-04-21 12:00:00,1945.27,1946.80,1895.00,1927.20
2023-04-21 16:00:00,1927.20,1933.40,1900.72,1908.17
2023-04-21 20:00:00,1908.17,1922.95,1888.81,1903.19
2023-04-22 00:00:00,1903.19,1908.46,1828.00,1841.87
2023-04-22 04:00:00,1841.86,1854.50,1822.01,1848.00
2023-04-22 08:00:00,1848.01,1862.00,1845.40,1858.68
2023-04-22 12:00:00,1858.72,1864.51,1847.02,1849.91
2023-04-22 16:00:00,1849.91,1853.99,1839.26,1851.12
2023-04-22 20:00:00,1851.13,1872.00,1845.20,1865.77
2023-04-23 00:00:00,1865.77,1886.50,1864.92,1871.00
2023-04-23 04:00:00,1871.01,1878.69,1862.79,1873.39
2023-04-23 08:00:00,1873.40,1873.40,1845.25,1861.23
2023-04-23 12:00:00,1861.22,1876.00,1858.41,1873.23
2023-04-23 16:00:00,1873.22,1876.78,1862.00,1873.79
2023-04-23 20:00:00,1873.79,1882.11,1851.00,1858.35
2023-04-24 00:00:00,1858.34,1872.25,1833.30,1845.99
2023-04-24 04:00:00,1845.99,1868.06,1837.00,1861.30
2023-04-24 08:00:00,1861.30,1891.30,1849.04,1867.36
2023-04-24 12:00:00,1867.36,1867.61,1825.55,1844.77
2023-04-24 16:00:00,1844.76,1854.79,1829.88,1854.48
2023-04-24 20:00:00,1854.48,1875.61,1830.12,1833.74
2023-04-25 00:00:00,1833.73,1847.32,1806.00,1830.64
2023-04-25 04:00:00,1830.64,1844.83,1826.59,1841.19
2023-04-25 08:00:00,1841.19,1850.02,1825.87,1829.51
2023-04-25 12:00:00,1829.51,1835.97,1811.18,1814.43
2023-04-25 16:00:00,1814.44,1829.73,1804.44,1825.22
2023-04-25 20:00:00,1825.23,1833.94,1797.98,1814.13
2023-04-26 00:00:00,1814.13,1847.00,1811.51,1836.82
2023-04-26 04:00:00,1836.82,1877.60,1836.08,1865.40
2023-04-26 08:00:00,1865.40,1883.79,1860.93,1861.95
2023-04-26 12:00:00,1861.94,1879.70,1857.29,1861.09
2023-04-26 16:00:00,1861.10,1919.49,1860.82,1913.67
2023-04-26 20:00:00,1913.68,1964.70,1913.36,1952.98
2023-04-27 00:00:00,1952.98,1957.93,1816.10,1827.39
2023-04-27 04:00:00,1827.39,1883.98,1782.03,1865.02
2023-04-27 08:00:00,1865.03,1939.40,1860.00,1897.62
2023-04-27 12:00:00,1897.63,1918.00,1871.77,1884.00
2023-04-27 16:00:00,1884.00,1895.00,1873.40,1880.14
2023-04-27 20:00:00,1880.15,1916.98,1858.55,1899.14
2023-04-28 00:00:00,1899.14,1937.70,1889.86,1921.67
2023-04-28 04:00:00,1921.68,1930.00,1889.95,1907.67
2023-04-28 08:00:00,1907.68,1914.60,1901.17,1904.79
2023-04-28 12:00:00,1904.79,1923.63,1903.49,1918.35
2023-04-28 16:00:00,1918.35,1918.84,1893.26,1901.47
2023-04-28 20:00:00,1901.48,1914.94,1873.00,1886.03
2023-04-29 00:00:00,1886.02,1907.67,1882.26,1891.78
2023-04-29 04:00:00,1891.78,1900.22,1885.63,1890.13
2023-04-29 08:00:00,1890.13,1897.52,1885.10,1895.23
2023-04-29 12:00:00,1895.22,1903.79,1895.22,1901.25
2023-04-29 16:00:00,1901.24,1903.18,1892.23,1897.30
2023-04-29 20:00:00,1897.29,1917.27,1895.52,1904.73
2023-04-30 00:00:00,1904.73,1906.99,1881.10,1902.26
2023-04-30 04:00:00,1902.26,1908.93,1896.30,1907.01
2023-04-30 08:00:00,1907.01,1907.29,1891.67,1895.13
2023-04-30 12:00:00,1895.14,1904.84,1892.05,1901.99
2023-04-30 16:00:00,1902.00,1913.00,1898.22,1899.80
2023-04-30 20:00:00,1899.80,1940.00,1896.41,1918.92
2023-05-01 00:00:00,1918.92,1934.20,1892.26,1903.61
2023-05-01 04:00:00,1903.61,1903.61,1863.90,1868.41
2023-05-01 08:00:00,1868.41,1885.56,1821.17,1845.94
2023-05-01 12:00:00,1845.94,1853.74,1830.66,1848.53
2023-05-01 16:00:00,1848.52,1852.84,1839.82,1844.51
2023-05-01 20:00:00,1844.50,1851.73,1825.50,1833.09
2023-05-02 00:00:00,1833.10,1842.00,1806.74,1812.20
2023-05-02 04:00:00,1812.19,1833.00,1805.28,1829.97
2023-05-02 08:00:00,1829.97,1836.54,1821.25,1829.83
2023-05-02 12:00:00,1829.83,1840.48,1823.24,1834.88
2023-05-02 16:00:00,1834.88,1838.86,1824.80,1832.95
2023-05-02 20:00:00,1832.96,1869.27,1823.00,1857.84
2023-05-03 00:00:00,1857.84,1882.60,1852.07,1867.68
2023-05-03 04:00:00,1867.69,1876.42,1866.51,1869.20
2023-05-03 08:00:00,1869.21,1870.03,1852.81,1861.79
2023-05-03 12:00:00,1861.79,1869.17,1856.34,1864.55
2023-05-03 16:00:00,1864.55,1871.75,1857.62,1858.70
2023-05-03 20:00:00,1858.69,1861.84,1841.71,1852.19
2023-05-04 00:00:00,1852.20,1898.00,1850.00,1867.18
2023-05-04 04:00:00,1867.19,1917.29,1856.33,1904.74
2023-05-04 08:00:00,1904.74,1907.91,1895.17,1902.94
2023-05-04 12:00:00,1902.94,1904.74,1895.29,1898.00
2023-05-04 16:00:00,1898.00,1918.61,1895.64,1903.90
2023-05-04 20:00:00,1903.89,1907.75,1876.85,1884.59
2023-05-05 00:00:00,1884.60,1890.99,1865.72,1875.71
2023-05-05 04:00:00,1875.71,1879.21,1868.68,1876.13
2023-05-05 08:00:00,1876.14,1908.90,1874.80,1895.76
2023-05-05 12:00:00,1895.75,1907.31,1891.72,1894.27
2023-05-05 16:00:00,1894.27,1915.32,1893.36,1910.82
2023-05-05 20:00:00,1910.83,1956.05,1880.75,1952.83
2023-05-06 00:00:00,1952.84,2004.99,1952.83,1990.44
2023-05-06 04:00:00,1990.44,1997.08,1983.87,1992.56
2023-05-06 08:00:00,1992.55,2023.66,1962.04,1969.88
2023-05-06 12:00:00,1969.88,1971.97,1954.27,1958.13
2023-05-06 16:00:00,1958.12,1958.13,1920.00,1933.70
2023-05-06 20:00:00,1933.71,1934.07,1850.00,1876.18
2023-05-07 00:00:00,1876.18,1905.40,1875.08,1896.98
2023-05-07 04:00:00,1896.99,1898.95,1882.46,1895.29
2023-05-07 08:00:00,1895.30,1917.93,1886.32,1892.32
2023-05-07 12:00:00,1892.32,1908.13,1889.20,1904.48
2023-05-07 16:00:00,1904.48,1912.55,1894.92,1901.31
2023-05-07 20:00:00,1901.31,1933.00,1901.30,1916.17
2023-05-08 00:00:00,1916.16,1922.82,1902.00,1912.00
2023-05-08 04:00:00,1912.00,1920.82,1865.32,1869.50
2023-05-08 08:00:00,1869.51,1883.17,1836.77,1865.00
2023-05-08 12:00:00,1864.99,1869.82,1833.00,1850.55
2023-05-08 16:00:00,1850.55,1865.64,1833.50,1861.83
2023-05-08 20:00:00,1861.83,1876.62,1846.00,1863.93
2023-05-09 00:00:00,1863.93,1866.00,1810.00,1828.11
2023-05-09 04:00:00,1828.10,1850.00,1825.29,1846.54
2023-05-09 08:00:00,1846.54,1856.90,1835.85,1842.75
2023-05-09 12:00:00,1842.76,1849.45,1830.05,1847.58
2023-05-09 16:00:00,1847.57,1848.72,1833.03,1845.70
2023-05-09 20:00:00,1845.70,1853.83,1833.50,1838.90
2023-05-10 00:00:00,1838.90,1857.90,1835.29,1851.79
2023-05-10 04:00:00,1851.79,1863.00,1840.21,1845.80
2023-05-10 08:00:00,1845.80,1858.69,1840.54,1842.60
2023-05-10 12:00:00,1842.61,1848.49,1832.30,1837.67
2023-05-10 16:00:00,1837.66,1850.67,1833.57,1849.63
2023-05-10 20:00:00,1849.63,1887.00,1845.78,1871.81
2023-05-11 00:00:00,1871.79,1879.35,1785.74,1848.67
2023-05-11 04:00:00,1848.68,1862.39,1825.00,1839.86
2023-05-11 08:00:00,1839.86,1841.24,1818.66,1826.53
2023-05-11 12:00:00,1826.53,1834.75,1823.46,1828.62
2023-05-11 16:00:00,1828.62,1828.71,1805.78,1820.18
2023-05-11 20:00:00,1820.18,1841.54,1780.00,1806.85
2023-05-12 00:00:00,1806.85,1810.00,1768.42,1783.80
2023-05-12 04:00:00,1783.81,1800.73,1781.36,1793.24
2023-05-12 08:00:00,1793.25,1800.00,1757.00,1762.82
2023-05-12 12:00:00,1762.82,1769.37,1735.37,1758.49
2023-05-12 16:00:00,1758.49,1771.60,1754.26,1763.95
2023-05-12 20:00:00,1763.95,1782.87,1760.00,1764.76
2023-05-13 00:00:00,1764.76,1795.00,1741.33,1789.13
2023-05-13 04:00:00,1789.13,1820.00,1780.01,1806.53
2023-05-13 08:00:00,1806.53,1816.24,1800.20,1804.69
2023-05-13 12:00:00,1804.70,1806.05,1796.00,1802.01
2023-05-13 16:00:00,1802.01,1810.90,1800.25,1802.96
2023-05-13 20:00:00,1802.97,1809.50,1784.00,1795.00
2023-05-14 00:00:00,1795.00,1805.89,1784.02,1791.73
2023-05-14 04:00:00,1791.73,1804.31,1791.35,1794.44
2023-05-14 08:00:00,1794.44,1804.76,1789.41,1803.18
2023-05-14 12:00:00,1803.17,1809.10,1800.01,1804.24
2023-05-14 16:00:00,1804.25,1805.85,1798.00,1801.34
2023-05-14 20:00:00,1801.39,1825.27,1796.44,1818.15
2023-05-15 00:00:00,1818.16,1820.91,1791.01,1795.28
2023-05-15 04:00:00,1795.28,1802.11,1790.54,1798.25
2023-05-15 08:00:00,1798.26,1837.35,1783.51,1825.19
2023-05-15 12:00:00,1825.18,1833.82,1816.32,1827.98
2023-05-15 16:00:00,1827.98,1835.00,1822.58,1823.63
2023-05-15 20:00:00,1823.62,1835.00,1810.70,1826.90
2023-05-16 00:00:00,1826.90,1848.00,1822.65,1827.99
2023-05-16 04:00:00,1827.99,1828.96,1811.37,1815.56
2023-05-16 08:00:00,1815.56,1822.22,1795.00,1812.92
2023-05-16 12:00:00,1812.93,1822.79,1805.01,1821.69
2023-05-16 16:00:00,1821.68,1826.92,1810.67,1815.65
2023-05-16 20:00:00,1815.65,1822.72,1808.93,1819.37
2023-05-17 00:00:00,1819.38,1832.93,1813.13,1815.74
2023-05-17 04:00:00,1815.74,1828.77,1813.89,1823.53
2023-05-17 08:00:00,1823.52,1837.85,1816.88,1822.80
2023-05-17 12:00:00,1822.80,1825.48,1801.13,1806.76
2023-05-17 16:00:00,1806.76,1808.00,1787.00,1789.41
2023-05-17 20:00:00,1789.41,1799.66,1781.00,1796.38
2023-05-18 00:00:00,1796.37,1833.88,1793.65,1827.30
2023-05-18 04:00:00,1827.29,1834.79,1818.56,1821.65
2023-05-18 08:00:00,1821.65,1827.72,1817.01,1825.86
2023-05-18 12:00:00,1825.86,1831.46,1813.52,1826.25
2023-05-18 16:00:00,1826.26,1829.01,1822.40,1824.90
2023-05-18 20:00:00,1824.91,1826.29,1803.16,1807.26
2023-05-19 00:00:00,1807.25,1812.23,1770.00,1794.37
2023-05-19 04:00:00,1794.36,1821.51,1792.45,1799.69
2023-05-19 08:00:00,1799.69,1806.65,1795.72,1800.75
2023-05-19 12:00:00,1800.76,1809.87,1798.03,1804.53
2023-05-19 16:00:00,1804.54,1811.55,1804.10,1806.73
2023-05-19 20:00:00,1806.73,1830.00,1798.63,1814.64
2023-05-20 00:00:00,1814.64,1822.42,1806.00,1810.91
2023-05-20 04:00:00,1810.91,1815.46,1808.32,1811.38
2023-05-20 08:00:00,1811.38,1812.99,1805.96,1812.51
2023-05-20 12:00:00,1812.51,1813.36,1807.30,1810.24
2023-05-20 16:00:00,1810.24,1815.28,1810.23,1812.48
2023-05-20 20:00:00,1812.48,1820.19,1811.62,1816.63
2023-05-21 00:00:00,1816.63,1828.88,1812.55,1820.75
2023-05-21 04:00:00,1820.76,1822.13,1810.84,1818.59
2023-05-21 08:00:00,1818.59,1828.91,1815.32,1817.06
2023-05-21 12:00:00,1817.06,1817.06,1812.23,1816.19
2023-05-21 16:00:00,1816.19,1816.69,1805.04,1808.43
2023-05-21 20:00:00,1808.42,1817.40,1801.24,1806.41
2023-05-22 00:00:00,1806.41,1809.80,1801.22,1809.38
2023-05-22 04:00:00,1809.38,1810.90,1794.45,1803.89
2023-05-22 08:00:00,1803.90,1806.24,1790.76,1800.20
2023-05-22 12:00:00,1800.20,1814.81,1799.80,1810.16
2023-05-22 16:00:00,1810.17,1819.75,1809.60,1813.89
2023-05-22 20:00:00,1813.89,1827.99,1806.71,1815.83
2023-05-23 00:00:00,1815.82,1822.99,1812.41,1815.77
2023-05-23 04:00:00,1815.78,1825.50,1812.22,1816.67
2023-05-23 08:00:00,1816.68,1874.23,1814.25,1864.95
2023-05-23 12:00:00,1864.96,1868.37,1845.00,1853.89
2023-05-23 16:00:00,1853.89,1857.43,1848.85,1854.32
2023-05-23 20:00:00,1854.32,1860.00,1840.54,1856.30
2023-05-24 00:00:00,1856.30,1856.92,1841.24,1850.82
2023-05-24 04:00:00,1850.82,1856.75,1845.06,1853.36
2023-05-24 08:00:00,1853.37,1853.50,1810.00,1820.85
2023-05-24 12:00:00,1820.84,1827.54,1812.22,1813.35
2023-05-24 16:00:00,1813.34,1820.74,1808.34,1815.37
2023-05-24 20:00:00,1815.36,1817.79,1775.00,1792.51
2023-05-25 00:00:00,1792.50,1797.93,1783.33,1791.91
2023-05-25 04:00:00,1791.91,1808.98,1790.34,1798.84
2023-05-25 08:00:00,1798.84,1807.20,1758.00,1780.19
2023-05-25 12:00:00,1780.18,1786.93,1772.30,1777.90
2023-05-25 16:00:00,1777.89,1792.51,1777.81,1788.63
2023-05-25 20:00:00,1788.64,1819.93,1785.70,1790.63
2023-05-26 00:00:00,1790.63,1818.71,1790.31,1808.05
2023-05-26 04:00:00,1808.04,1813.30,1804.65,1804.65
2023-05-26 08:00:00,1804.65,1808.60,1795.99,1806.43
2023-05-26 12:00:00,1806.44,1816.52,1800.77,1815.66
2023-05-26 16:00:00,1815.66,1818.00,1810.12,1811.46
2023-05-26 20:00:00,1811.45,1837.93,1807.81,1829.85
2023-05-27 00:00:00,1829.84,1836.51,1821.29,1834.93
2023-05-27 04:00:00,1834.93,1837.54,1825.00,1826.81
2023-05-27 08:00:00,1826.81,1835.70,1823.91,1833.33
2023-05-27 12:00:00,1833.33,1834.81,1827.33,1829.26
2023-05-27 16:00:00,1829.25,1829.48,1821.42,1825.82
2023-05-27 20:00:00,1825.81,1831.58,1810.63,1822.97
2023-05-28 00:00:00,1822.96,1828.38,1815.84,1825.48
2023-05-28 04:00:00,1825.47,1831.56,1823.25,1828.85
2023-05-28 08:00:00,1828.85,1860.00,1822.31,1850.01
2023-05-28 12:00:00,1850.00,1858.55,1844.06,1846.70
2023-05-28 16:00:00,1846.71,1850.97,1842.08,1842.61
2023-05-28 20:00:00,1842.60,1844.50,1835.66,1843.19
2023-05-29 00:00:00,1843.18,1859.00,1838.30,1847.74
2023-05-29 04:00:00,1847.74,1930.00,1847.53,1908.36
2023-05-29 08:00:00,1908.36,1928.20,1900.42,1903.22
2023-05-29 12:00:00,1903.21,1906.00,1893.23,1899.58
2023-05-29 16:00:00,1899.58,1905.00,1892.11,1902.87
2023-05-29 20:00:00,1902.86,1905.00,1880.95,1889.14
2023-05-30 00:00:00,1889.14,1895.76,1872.00,1890.56
2023-05-30 04:00:00,1890.57,1903.76,1884.73,1891.50
2023-05-30 08:00:00,1891.51,1912.92,1880.02,1899.78
2023-05-30 12:00:00,1899.78,1904.59,1891.87,1897.67
2023-05-30 16:00:00,1897.67,1917.00,1897.66,1914.49
2023-05-30 20:00:00,1914.48,1915.00,1893.00,1899.78
2023-05-31 00:00:00,1899.78,1912.50,1890.28,1906.25
2023-05-31 04:00:00,1906.25,1914.80,1896.29,1899.81
2023-05-31 08:00:00,1899.81,1906.57,1882.39,1896.82
2023-05-31 12:00:00,1896.82,1897.43,1856.00,1868.67
2023-05-31 16:00:00,1868.66,1873.00,1861.10,1864.57
2023-05-31 20:00:00,1864.56,1874.78,1845.00,1857.32
2023-06-01 00:00:00,1857.31,1869.22,1853.50,1862.91
2023-06-01 04:00:00,1862.92,1881.63,1860.17,1872.84
2023-06-01 08:00:00,1872.85,1889.61,1837.94,1854.81
2023-06-01 12:00:00,1854.81,1859.59,1850.02,1853.60
2023-06-01 16:00:00,1853.60,1865.38,1851.21,1860.80
2023-06-01 20:00:00,1860.81,1866.01,1854.77,1862.79
2023-06-02 00:00:00,1862.80,1883.07,1855.48,1868.62
2023-06-02 04:00:00,1868.61,1872.72,1851.48,1860.59
2023-06-02 08:00:00,1860.59,1881.00,1846.00,1878.01
2023-06-02 12:00:00,1878.01,1897.12,1874.59,1884.99
2023-06-02 16:00:00,1884.99,1901.81,1884.88,1894.13
2023-06-02 20:00:00,1894.13,1898.60,1874.50,1890.88
2023-06-03 00:00:00,1890.89,1911.00,1886.01,1907.31
2023-06-03 04:00:00,1907.31,1909.99,1901.61,1905.58
2023-06-03 08:00:00,1905.59,1907.09,1895.67,1898.92
2023-06-03 12:00:00,1898.93,1905.53,1896.35,1901.64
2023-06-03 16:00:00,1901.63,1905.93,1897.44,1902.99
2023-06-03 20:00:00,1902.99,1905.99,1888.00,1902.50
2023-06-04 00:00:00,1902.51,1903.18,1878.50,1884.90
2023-06-04 04:00:00,1884.90,1891.92,1880.64,1890.91
2023-06-04 08:00:00,1890.90,1894.14,1883.19,1893.04
2023-06-04 12:00:00,1893.04,1901.43,1890.00,1898.95
2023-06-04 16:00:00,1898.96,1908.20,1897.50,1902.25
2023-06-04 20:00:00,1902.24,1914.53,1897.98,1900.96
2023-06-05 00:00:00,1900.96,1904.87,1895.00,1903.67
2023-06-05 04:00:00,1903.68,1912.57,1883.62,1888.54
2023-06-05 08:00:00,1888.54,1890.01,1865.11,1869.05
2023-06-05 12:00:00,1869.04,1872.91,1860.14,1872.39
2023-06-05 16:00:00,1872.38,1872.99,1862.02,1868.64
2023-06-05 20:00:00,1868.65,1870.63,1818.88,1818.95
2023-06-06 00:00:00,1819.00,1823.53,1775.00,1805.48
2023-06-06 04:00:00,1805.48,1815.41,1791.05,1810.03
2023-06-06 08:00:00,1810.03,1813.19,1801.76,1810.80
2023-06-06 12:00:00,1810.81,1818.20,1810.00,1812.26
2023-06-06 16:00:00,1812.26,1822.45,1807.32,1812.75
2023-06-06 20:00:00,1812.75,1846.66,1796.00,1841.38
2023-06-07 00:00:00,1841.38,1898.00,1841.38,1891.13
2023-06-07 04:00:00,1891.13,1894.80,1873.02,1883.26
2023-06-07 08:00:00,1883.26,1897.20,1871.00,1876.77
2023-06-07 12:00:00,1876.77,1883.73,1874.00,1874.39
2023-06-07 16:00:00,1874.40,1878.88,1841.29,1869.64
2023-06-07 20:00:00,1869.64,1870.20,1833.09,1838.29
2023-06-08 00:00:00,1838.28,1851.70,1831.17,1849.64
2023-06-08 04:00:00,1849.65,1850.37,1820.00,1831.31
2023-06-08 08:00:00,1831.32,1840.93,1827.42,1834.35
2023-06-08 12:00:00,1834.35,1845.99,1831.39,1841.12
2023-06-08 16:00:00,1841.12,1848.22,1837.04,1842.75
2023-06-08 20:00:00,1842.76,1861.41,1836.68,1854.77
2023-06-09 00:00:00,1854.76,1855.47,1840.15,1846.98
2023-06-09 04:00:00,1846.99,1853.70,1843.96,1844.94
2023-06-09 08:00:00,1844.93,1848.66,1825.00,1837.16
2023-06-09 12:00:00,1837.15,1841.06,1830.00,1835.23
2023-06-09 16:00:00,1835.23,1847.14,1833.41,1843.11
2023-06-09 20:00:00,1843.11,1854.77,1838.07,1840.60
2023-06-10 00:00:00,1840.59,1842.98,1828.74,1830.16
2023-06-10 04:00:00,1830.16,1840.60,1827.00,1839.61
2023-06-10 08:00:00,1839.61,1844.80,1821.17,1826.50
2023-06-10 12:00:00,1826.51,1829.24,1723.00,1731.41
2023-06-10 16:00:00,1731.40,1749.01,1712.08,1746.87
2023-06-10 20:00:00,1746.87,1746.97,1732.00,1736.69
2023-06-11 00:00:00,1736.70,1772.54,1715.29,1743.32
2023-06-11 04:00:00,1743.32,1756.99,1737.41,1750.64
2023-06-11 08:00:00,1750.65,1751.87,1742.61,1751.02
2023-06-11 12:00:00,1751.02,1759.00,1743.00,1752.22
2023-06-11 16:00:00,1752.22,1754.93,1744.00,1751.49
2023-06-11 20:00:00,1751.48,1751.77,1737.29,1740.14
2023-06-12 00:00:00,1740.13,1767.96,1738.70,1761.49
2023-06-12 04:00:00,1761.50,1778.36,1740.18,1751.80
2023-06-12 08:00:00,1751.80,1754.97,1717.50,1735.15
2023-06-12 12:00:00,1735.15,1747.63,1731.70,1735.99
2023-06-12 16:00:00,1735.99,1759.32,1733.58,1744.76
2023-06-12 20:00:00,1744.77,1746.27,1727.01,1730.80
2023-06-13 00:00:00,1730.81,1746.89,1719.29,1732.18
2023-06-13 04:00:00,1732.17,1745.84,1729.51,1741.61
2023-06-13 08:00:00,1741.60,1755.99,1727.40,1746.55
2023-06-13 12:00:00,1746.55,1752.58,1740.00,1747.26
2023-06-13 16:00:00,1747.27,1758.80,1745.22,1753.06
2023-06-13 20:00:00,1753.06,1766.53,1722.53,1729.58
2023-06-14 00:00:00,1729.58,1750.47,1728.56,1739.72
2023-06-14 04:00:00,1739.73,1743.88,1732.38,1739.24
2023-06-14 08:00:00,1739.24,1748.00,1737.63,1745.55
2023-06-14 12:00:00,1745.55,1746.54,1735.80,1740.40
2023-06-14 16:00:00,1740.40,1749.65,1739.96,1745.48
2023-06-14 20:00:00,1745.48,1748.80,1736.00,1739.96
2023-06-15 00:00:00,1739.96,1747.00,1718.00,1727.58
2023-06-15 04:00:00,1727.57,1728.20,1625.50,1650.18
2023-06-15 08:00:00,1650.19,1654.97,1642.29,1651.01
2023-06-15 12:00:00,1651.01,1652.46,1630.40,1639.31
2023-06-15 16:00:00,1639.31,1644.72,1625.56,1642.44
2023-06-15 20:00:00,1642.46,1651.98,1635.00,1641.64
2023-06-16 00:00:00,1641.65,1671.61,1632.32,1668.16
2023-06-16 04:00:00,1668.17,1680.00,1653.42,1665.64
2023-06-16 08:00:00,1665.64,1668.80,1658.54,1665.85
2023-06-16 12:00:00,1665.85,1674.30,1665.46,1670.31
2023-06-16 16:00:00,1670.32,1676.69,1662.25,1663.77
2023-06-16 20:00:00,1663.77,1687.00,1644.65,1681.64
2023-06-17 00:00:00,1681.64,1730.00,1676.49,1721.51
2023-06-17 04:00:00,1721.51,1728.94,1714.78,1717.31
2023-06-17 08:00:00,1717.31,1721.37,1713.38,1717.99
2023-06-17 12:00:00,1717.99,1775.00,1716.68,1743.94
2023-06-17 16:00:00,1743.95,1746.77,1732.63,1737.69
2023-06-17 20:00:00,1737.68,1741.59,1715.20,1726.99
2023-06-18 00:00:00,1726.99,1731.86,1720.77,1727.51
2023-06-18 04:00:00,1727.51,1731.99,1722.00,1727.20
2023-06-18 08:00:00,1727.19,1729.56,1719.21,1728.03
2023-06-18 12:00:00,1728.02,1738.44,1721.10,1729.50
2023-06-18 16:00:00,1729.50,1734.86,1725.40,1733.77
2023-06-18 20:00:00,1733.77,1741.72,1729.24,1737.17
2023-06-19 00:00:00,1737.17,1747.50,1735.22,1740.60
2023-06-19 04:00:00,1740.60,1742.49,1710.77,1719.99
2023-06-19 08:00:00,1719.99,1727.57,1713.25,1722.85
2023-06-19 12:00:00,1722.85,1727.00,1719.23,1723.71
2023-06-19 16:00:00,1723.71,1726.60,1718.99,1725.01
2023-06-19 20:00:00,1725.01,1733.62,1715.00,1720.81
2023-06-20 00:00:00,1720.80,1753.00,1689.29,1723.48
2023-06-20 04:00:00,1723.48,1737.47,1721.61,1736.21
2023-06-20 08:00:00,1736.20,1749.00,1729.30,1729.92
2023-06-20 12:00:00,1729.92,1733.96,1722.69,1729.11
2023-06-20 16:00:00,1729.11,1734.56,1722.77,1733.73
2023-06-20 20:00:00,1733.74,1738.20,1713.57,1731.66
2023-06-21 00:00:00,1731.65,1792.00,1727.34,1781.82
2023-06-21 04:00:00,1781.82,1796.84,1773.25,1791.37
2023-06-21 08:00:00,1791.37,1828.00,1786.56,1810.86
2023-06-21 12:00:00,1810.87,1822.88,1807.31,1812.05
2023-06-21 16:00:00,1812.05,1834.45,1806.58,1829.01
2023-06-21 20:00:00,1829.01,1858.58,1813.90,1848.79
2023-06-22 00:00:00,1848.79,1901.60,1845.71,1881.92
2023-06-22 04:00:00,1881.91,1901.58,1871.21,1888.31
2023-06-22 08:00:00,1888.30,1933.70,1883.03,1917.68
2023-06-22 12:00:00,1917.69,1918.80,1902.00,1910.20
2023-06-22 16:00:00,1910.19,1911.97,1880.08,1886.20
2023-06-22 20:00:00,1886.20,1909.00,1862.00,1876.60
2023-06-23 00:00:00,1876.60,1892.25,1874.59,1889.05
2023-06-23 04:00:00,1889.06,1891.00,1865.00,1871.36
2023-06-23 08:00:00,1871.37,1883.38,1861.77,1881.30
2023-06-23 12:00:00,1881.31,1886.24,1873.86,1879.80
2023-06-23 16:00:00,1879.81,1888.28,1873.56,1878.84
2023-06-23 20:00:00,1878.84,1923.14,1859.96,1916.53
2023-06-24 00:00:00,1916.53,1938.48,1885.00,1900.13
2023-06-24 04:00:00,1900.13,1908.17,1875.00,1892.20
2023-06-24 08:00:00,1892.20,1896.28,1877.00,1893.36
2023-06-24 12:00:00,1893.36,1897.52,1881.03,1882.04
2023-06-24 16:00:00,1882.05,1892.48,1881.30,1889.50
2023-06-24 20:00:00,1889.50,1905.60,1867.00,1873.25
2023-06-25 00:00:00,1873.25,1888.92,1865.55,1887.41
2023-06-25 04:00:00,1887.42,1887.42,1863.00,1874.48
2023-06-25 08:00:00,1874.47,1896.50,1867.84,1894.47
2023-06-25 12:00:00,1894.47,1929.96,1894.46,1910.84
2023-06-25 16:00:00,1910.85,1924.66,1906.24,1917.77
2023-06-25 20:00:00,1917.78,1919.50,1879.02,1885.48
2023-06-26 00:00:00,1885.48,1895.32,1880.31,1894.27
2023-06-26 04:00:00,1894.26,1907.02,1887.36,1898.27
2023-06-26 08:00:00,1898.26,1904.00,1864.00,1879.50
2023-06-26 12:00:00,1879.50,1905.00,1869.69,1891.50
2023-06-26 16:00:00,1891.50,1893.65,1871.27,1880.01
2023-06-26 20:00:00,1880.00,1909.32,1869.39,1888.45
2023-06-27 00:00:00,1888.45,1890.23,1836.00,1853.43
2023-06-27 04:00:00,1853.43,1860.00,1846.13,1858.14
2023-06-27 08:00:00,1858.14,1878.95,1854.14,1871.25
2023-06-27 12:00:00,1871.25,1878.88,1860.95,1875.00
2023-06-27 16:00:00,1875.01,1890.00,1870.35,1880.41
2023-06-27 20:00:00,1880.41,1896.00,1859.03,1870.41
2023-06-28 00:00:00,1870.40,1912.65,1868.62,1893.75
2023-06-28 04:00:00,1893.76,1897.41,1883.92,1889.05
2023-06-28 08:00:00,1889.05,1889.65,1850.67,1865.91
2023-06-28 12:00:00,1865.91,1869.32,1847.01,1849.86
2023-06-28 16:00:00,1849.86,1864.77,1849.03,1859.93
2023-06-28 20:00:00,1859.93,1868.68,1843.88,1858.80
2023-06-29 00:00:00,1858.79,1864.42,1811.89,1831.43
2023-06-29 04:00:00,1831.43,1836.53,1823.96,1827.26
2023-06-29 08:00:00,1827.26,1842.44,1827.02,1837.10
2023-06-29 12:00:00,1837.09,1849.80,1835.54,1846.43
2023-06-29 16:00:00,1846.43,1872.59,1845.82,1869.15
2023-06-29 20:00:00,1869.15,1879.98,1845.80,1851.28
2023-06-30 00:00:00,1851.28,1859.79,1840.05,1856.42
2023-06-30 04:00:00,1856.42,1858.80,1841.70,1851.19
2023-06-30 08:00:00,1851.18,1878.69,1840.14,1872.73
2023-06-30 12:00:00,1872.74,1908.53,1868.46,1886.85
2023-06-30 16:00:00,1886.85,1894.00,1882.52,1890.52
2023-06-30 20:00:00,1890.52,1913.92,1820.00,1851.15
2023-07-01 00:00:00,1851.15,1947.31,1847.89,1925.97
2023-07-01 04:00:00,1925.96,1943.99,1916.90,1933.41
2023-07-01 08:00:00,1933.42,1944.69,1917.01,1919.72
2023-07-01 12:00:00,1919.72,1921.97,1908.55,1919.80
2023-07-01 16:00:00,1919.80,1926.49,1910.33,1921.98
2023-07-01 20:00:00,1921.99,1929.67,1916.72,1922.15
2023-07-02 00:00:00,1922.15,1923.99,1916.00,1922.24
2023-07-02 04:00:00,1922.24,1927.18,1920.00,1924.08
2023-07-02 08:00:00,1924.08,1926.73,1910.49,1913.67
2023-07-02 12:00:00,1913.66,1916.23,1909.44,1914.15
2023-07-02 16:00:00,1914.15,1922.64,1910.74,1919.99
2023-07-02 20:00:00,1920.00,1927.95,1883.55,1917.87
2023-07-03 00:00:00,1917.87,1924.03,1900.88,1913.50
2023-07-03 04:00:00,1913.49,1964.00,1905.00,1937.69
2023-07-03 08:00:00,1937.69,1953.92,1933.04,1948.40
2023-07-03 12:00:00,1948.40,1975.54,1939.15,1968.01
2023-07-03 16:00:00,1968.00,1978.00,1954.11,1961.38
2023-07-03 20:00:00,1961.38,1977.52,1954.06,1968.16
2023-07-04 00:00:00,1968.17,1974.75,1952.65,1966.91
2023-07-04 04:00:00,1966.91,1967.74,1946.01,1955.00
2023-07-04 08:00:00,1955.00,1967.91,1950.00,1962.64
2023-07-04 12:00:00,1962.65,1963.01,1945.37,1948.26
2023-07-04 16:00:00,1948.25,1961.80,1945.98,1960.13
2023-07-04 20:00:00,1960.13,1961.16,1949.43,1953.89
2023-07-05 00:00:00,1953.89,1965.99,1930.37,1933.67
2023-07-05 04:00:00,1933.67,1942.00,1931.33,1935.72
2023-07-05 08:00:00,1935.72,1942.22,1933.07,1940.92
2023-07-05 12:00:00,1940.91,1941.42,1931.55,1936.13
2023-07-05 16:00:00,1936.14,1936.91,1902.00,1909.95
2023-07-05 20:00:00,1909.89,1913.54,1892.90,1902.02
2023-07-06 00:00:00,1902.01,1917.71,1900.45,1906.98
2023-07-06 04:00:00,1906.98,1915.88,1903.02,1909.88
2023-07-06 08:00:00,1909.88,1915.50,1897.44,1912.56
2023-07-06 12:00:00,1912.56,1929.46,1908.87,1924.23
2023-07-06 16:00:00,1924.24,1957.94,1910.00,1916.70
2023-07-06 20:00:00,1916.69,1918.00,1864.00,1887.60
2023-07-07 00:00:00,1887.60,1893.89,1878.00,1884.52
2023-07-07 04:00:00,1884.52,1887.12,1844.47,1844.82
2023-07-07 08:00:00,1844.81,1859.14,1823.74,1857.00
2023-07-07 12:00:00,1857.00,1862.93,1850.58,1855.36
2023-07-07 16:00:00,1855.35,1864.88,1852.78,1859.41
2023-07-07 20:00:00,1859.40,1877.51,1850.00,1871.27
2023-07-08 00:00:00,1871.27,1874.52,1855.00,1863.37
2023-07-08 04:00:00,1863.36,1871.10,1862.02,1870.00
2023-07-08 08:00:00,1870.00,1873.10,1861.80,1863.37
2023-07-08 12:00:00,1863.36,1863.37,1853.28,1860.66
2023-07-08 16:00:00,1860.66,1866.87,1856.29,1858.34
2023-07-08 20:00:00,1858.33,1861.35,1854.93,1858.35
2023-07-09 00:00:00,1858.35,1865.43,1842.00,1845.91
2023-07-09 04:00:00,1845.91,1865.75,1841.28,1864.45
2023-07-09 08:00:00,1864.45,1873.99,1861.93,1867.00
2023-07-09 12:00:00,1867.00,1870.08,1863.06,1866.48
2023-07-09 16:00:00,1866.47,1868.94,1862.93,1868.08
2023-07-09 20:00:00,1868.08,1878.98,1855.46,1865.52
2023-07-10 00:00:00,1865.52,1868.00,1861.03,1867.80
2023-07-10 04:00:00,1867.80,1870.93,1855.20,1861.81
2023-07-10 08:00:00,1861.81,1867.33,1845.09,1860.99
2023-07-10 12:00:00,1860.99,1862.42,1851.44,1855.42
2023-07-10 16:00:00,1855.43,1864.75,1848.00,1863.29
2023-07-10 20:00:00,1863.29,1873.00,1858.92,1870.00
2023-07-11 00:00:00,1870.01,1900.40,1864.46,1899.45
2023-07-11 04:00:00,1899.45,1904.96,1865.97,1879.34
2023-07-11 08:00:00,1879.35,1884.07,1874.27,1878.83
2023-07-11 12:00:00,1878.83,1892.32,1876.12,1882.39
2023-07-11 16:00:00,1882.39,1883.19,1862.43,1866.42
2023-07-11 20:00:00,1866.41,1881.86,1861.10,1871.16
2023-07-12 00:00:00,1871.16,1875.76,1865.00,1873.99
2023-07-12 04:00:00,1874.00,1879.50,1870.65,1877.66
2023-07-12 08:00:00,1877.66,1889.17,1875.73,1879.56
2023-07-12 12:00:00,1879.56,1896.43,1877.59,1889.99
2023-07-12 16:00:00,1890.00,1891.37,1885.50,1889.99
2023-07-12 20:00:00,1889.99,1901.86,1876.45,1882.53
2023-07-13 00:00:00,1882.53,1890.86,1865.10,1869.31
2023-07-13 04:00:00,1869.31,1873.26,1863.15,1870.81
2023-07-13 08:00:00,1870.82,1875.85,1864.78,1866.79
2023-07-13 12:00:00,1866.79,1874.08,1861.59,1869.71
2023-07-13 16:00:00,1869.71,1884.77,1869.00,1882.96
2023-07-13 20:00:00,1882.97,1944.74,1875.03,1932.36
2023-07-14 00:00:00,1932.58,2014.80,1930.28,1995.46
2023-07-14 04:00:00,1995.46,2010.54,1971.00,2004.78
2023-07-14 08:00:00,2004.77,2031.28,2002.13,2009.21
2023-07-14 12:00:00,2009.21,2012.34,1987.03,1991.49
2023-07-14 16:00:00,1991.50,2004.00,1984.48,1992.51
2023-07-14 20:00:00,1992.51,2007.69,1984.07,1998.04
2023-07-15 00:00:00,1998.05,2000.80,1896.80,1911.78
2023-07-15 04:00:00,1911.77,1937.20,1899.11,1936.74
2023-07-15 08:00:00,1936.74,1936.74,1925.57,1929.55
2023-07-15 12:00:00,1929.56,1942.40,1926.13,1940.77
2023-07-15 16:00:00,1940.77,1945.89,1935.66,1938.80
2023-07-15 20:00:00,1938.80,1940.50,1927.31,1933.75
2023-07-16 00:00:00,1933.76,1938.77,1928.45,1932.80
2023-07-16 04:00:00,1932.80,1933.00,1925.54,1930.40
2023-07-16 08:00:00,1930.40,1937.35,1912.09,1922.33
2023-07-16 12:00:00,1922.33,1931.00,1919.34,1924.51
2023-07-16 16:00:00,1924.50,1935.98,1924.50,1932.04
2023-07-16 20:00:00,1932.04,1942.78,1927.57,1936.00
2023-07-17 00:00:00,1936.00,1938.62,1924.84,1927.07
2023-07-17 04:00:00,1927.08,1936.36,1915.17,1920.97
2023-07-17 08:00:00,1920.97,1931.60,1916.18,1930.30
2023-07-17 12:00:00,1930.31,1935.45,1925.37,1927.99
2023-07-17 16:00:00,1927.99,1930.62,1888.20,1909.01
2023-07-17 20:00:00,1909.01,1916.81,1899.14,1907.63
2023-07-18 00:00:00,1907.64,1912.55,1872.00,1885.41
2023-07-18 04:00:00,1885.41,1919.85,1884.82,1910.37
2023-07-18 08:00:00,1910.37,1916.62,1905.00,1908.14
2023-07-18 12:00:00,1908.15,1911.07,1892.42,1897.94
2023-07-18 16:00:00,1897.95,1909.88,1889.00,1893.25
2023-07-18 20:00:00,1893.24,1903.62,1883.00,1896.34
2023-07-19 00:00:00,1896.35,1903.01,1875.00,1891.12
2023-07-19 04:00:00,1891.13,1901.70,1888.62,1896.46
2023-07-19 08:00:00,1896.47,1914.90,1894.52,1911.65
2023-07-19 12:00:00,1911.65,1917.59,1906.36,1907.79
2023-07-19 16:00:00,1907.79,1911.62,1901.37,1908.66
2023-07-19 20:00:00,1908.66,1925.00,1893.31,1905.30
2023-07-20 00:00:00,1905.29,1917.89,1900.09,1909.36
2023-07-20 04:00:00,1909.35,1909.65,1881.00,1887.55
2023-07-20 08:00:00,1887.55,1899.40,1881.61,1893.57
2023-07-20 12:00:00,1893.57,1913.69,1892.52,1911.69
2023-07-20 16:00:00,1911.69,1928.81,1910.46,1920.79
2023-07-20 20:00:00,1920.79,1922.56,1881.80,1887.34
2023-07-21 00:00:00,1887.35,1893.00,1875.60,1887.01
2023-07-21 04:00:00,1887.01,1898.29,1881.33,1890.56
2023-07-21 08:00:00,1890.56,1901.43,1885.41,1895.91
2023-07-21 12:00:00,1895.91,1896.67,1886.08,1888.34
2023-07-21 16:00:00,1888.34,1893.50,1883.52,1888.60
2023-07-21 20:00:00,1888.61,1895.97,1885.19,1890.13
2023-07-22 00:00:00,1890.13,1905.97,1883.42,1893.99
2023-07-22 04:00:00,1894.00,1895.20,1889.61,1890.84
2023-07-22 08:00:00,1890.84,1896.85,1890.00,1892.14
2023-07-22 12:00:00,1892.14,1895.31,1889.40,1890.79
2023-07-22 16:00:00,1890.80,1893.63,1882.49,1887.03
2023-07-22 20:00:00,1887.04,1889.46,1883.94,1888.06
2023-07-23 00:00:00,1888.06,1890.00,1881.00,1886.22
2023-07-23 04:00:00,1886.23,1887.98,1835.39,1865.60
2023-07-23 08:00:00,1865.60,1872.50,1856.68,1868.39
2023-07-23 12:00:00,1868.40,1878.60,1868.39,1874.32
2023-07-23 16:00:00,1874.32,1877.67,1872.67,1873.88
2023-07-23 20:00:00,1873.88,1875.30,1871.02,1873.25
2023-07-24 00:00:00,1873.25,1904.57,1873.24,1888.36
2023-07-24 04:00:00,1888.36,1893.02,1874.02,1887.86
2023-07-24 08:00:00,1887.85,1890.20,1864.85,1867.61
2023-07-24 12:00:00,1867.60,1876.87,1861.43,1874.17
2023-07-24 16:00:00,1874.18,1874.40,1829.00,1852.19
2023-07-24 20:00:00,1852.19,1853.90,1833.03,1842.42
2023-07-25 00:00:00,1842.42,1850.71,1838.11,1848.66
2023-07-25 04:00:00,1848.67,1851.26,1844.47,1849.04
2023-07-25 08:00:00,1849.04,1855.99,1844.50,1850.30
2023-07-25 12:00:00,1850.30,1853.00,1845.58,1849.89
2023-07-25 16:00:00,1849.89,1863.19,1848.55,1852.84
2023-07-25 20:00:00,1852.85,1868.54,1851.39,1856.88
2023-07-26 00:00:00,1856.87,1865.76,1851.64,1856.37
2023-07-26 04:00:00,1856.37,1864.19,1855.41,1856.91
2023-07-26 08:00:00,1856.91,1867.00,1850.86,1857.80
2023-07-26 12:00:00,1857.81,1860.35,1851.04,1852.39
2023-07-26 16:00:00,1852.38,1855.24,1846.90,1850.37
2023-07-26 20:00:00,1850.37,1860.74,1849.42,1859.88
2023-07-27 00:00:00,1859.89,1884.20,1854.01,1872.65
2023-07-27 04:00:00,1872.66,1887.79,1865.41,1870.98
2023-07-27 08:00:00,1870.97,1878.30,1866.10,1875.11
2023-07-27 12:00:00,1875.12,1881.39,1865.00,1871.09
2023-07-27 16:00:00,1871.10,1885.57,1868.64,1876.00
2023-07-27 20:00:00,1876.01,1877.85,1862.01,1867.71
2023-07-28 00:00:00,1867.70,1868.54,1854.00,1859.93
2023-07-28 04:00:00,1859.94,1861.46,1854.04,1860.28
2023-07-28 08:00:00,1860.29,1864.34,1859.01,1862.02
2023-07-28 12:00:00,1862.02,1864.07,1855.57,1858.53
2023-07-28 16:00:00,1858.54,1868.36,1858.14,1865.77
2023-07-28 20:00:00,1865.77,1883.76,1865.76,1874.74
2023-07-29 00:00:00,1874.75,1878.99,1865.04,1873.40
2023-07-29 04:00:00,1873.41,1877.02,1871.80,1873.39
2023-07-29 08:00:00,1873.38,1876.58,1871.87,1872.53
2023-07-29 12:00:00,1872.52,1876.37,1870.50,1871.40
2023-07-29 16:00:00,1871.40,1873.00,1868.56,1869.77
2023-07-29 20:00:00,1869.76,1875.80,1869.45,1871.86
2023-07-30 00:00:00,1871.86,1878.86,1870.47,1877.44
2023-07-30 04:00:00,1877.44,1886.19,1877.44,1879.85
2023-07-30 08:00:00,1879.86,1881.06,1876.31,1877.27
2023-07-30 12:00:00,1877.26,1878.68,1872.59,1874.18
2023-07-30 16:00:00,1874.17,1876.29,1871.56,1875.10
2023-07-30 20:00:00,1875.10,1885.00,1870.21,1875.27
2023-07-31 00:00:00,1875.26,1878.25,1855.62,1861.26
2023-07-31 04:00:00,1861.26,1865.42,1845.56,1860.76
2023-07-31 08:00:00,1860.77,1876.73,1860.00,1868.35
2023-07-31 12:00:00,1868.34,1869.31,1861.65,1864.20
2023-07-31 16:00:00,1864.21,1869.44,1863.60,1867.06
2023-07-31 20:00:00,1867.07,1872.66,1855.57,1856.35
2023-08-01 00:00:00,1856.35,1862.32,1853.39,1855.84
2023-08-01 04:00:00,1855.84,1859.82,1850.08,1855.39
2023-08-01 08:00:00,1855.40,1863.99,1808.47,1825.62
2023-08-01 12:00:00,1825.63,1835.50,1820.41,1833.19
2023-08-01 16:00:00,1833.18,1836.50,1829.48,1830.01
2023-08-01 20:00:00,1830.02,1836.05,1810.84,1834.24
2023-08-02 00:00:00,1834.24,1857.38,1828.71,1850.51
2023-08-02 04:00:00,1850.51,1875.87,1846.22,1873.05
2023-08-02 08:00:00,1873.06,1879.27,1862.21,1862.63
2023-08-02 12:00:00,1862.63,1864.66,1855.50,1856.28
2023-08-02 16:00:00,1856.27,1860.48,1852.85,1859.19
2023-08-02 20:00:00,1859.18,1860.48,1833.53,1841.80
2023-08-03 00:00:00,1841.80,1847.23,1820.00,1841.37
2023-08-03 04:00:00,1841.37,1844.90,1836.79,1839.07
2023-08-03 08:00:00,1839.07,1845.56,1836.41,1840.00
2023-08-03 12:00:00,1840.00,1840.43,1830.79,1831.51
2023-08-03 16:00:00,1831.50,1838.45,1825.00,1837.13
2023-08-03 20:00:00,1837.13,1849.60,1833.16,1839.64
2023-08-04 00:00:00,1839.63,1858.90,1838.61,1845.06
2023-08-04 04:00:00,1845.06,1853.47,1830.05,1834.69
2023-08-04 08:00:00,1834.69,1838.51,1826.50,1833.49
2023-08-04 12:00:00,1833.49,1837.47,1830.30,1836.73
2023-08-04 16:00:00,1836.73,1840.30,1832.37,1833.77
2023-08-04 20:00:00,1833.76,1851.00,1830.50,1846.60
2023-08-05 00:00:00,1846.60,1848.04,1825.61,1830.52
2023-08-05 04:00:00,1830.52,1833.34,1808.77,1829.40
2023-08-05 08:00:00,1829.40,1832.81,1826.70,1831.79
2023-08-05 12:00:00,1831.79,1833.56,1827.86,1830.29
2023-08-05 16:00:00,1830.29,1834.72,1829.35,1831.93
2023-08-05 20:00:00,1831.92,1836.72,1829.52,1833.38
2023-08-06 00:00:00,1833.38,1838.62,1830.35,1834.76
2023-08-06 04:00:00,1834.75,1837.87,1833.32,1835.50
2023-08-06 08:00:00,1835.50,1838.60,1832.46,1834.13
2023-08-06 12:00:00,1834.13,1836.05,1831.25,1834.13
2023-08-06 16:00:00,1834.13,1837.37,1827.30,1831.57
2023-08-06 20:00:00,1831.57,1832.20,1825.00,1828.41
2023-08-07 00:00:00,1828.40,1835.67,1827.66,1831.26
2023-08-07 04:00:00,1831.26,1837.48,1826.93,1829.38
2023-08-07 08:00:00,1829.39,1846.86,1825.32,1837.90
2023-08-07 12:00:00,1837.91,1841.79,1831.17,1836.18
2023-08-07 16:00:00,1836.18,1836.88,1831.84,1833.55
2023-08-07 20:00:00,1833.55,1836.95,1812.30,1817.41
2023-08-08 00:00:00,1817.42,1831.00,1800.00,1824.68
2023-08-08 04:00:00,1824.69,1830.49,1822.34,1828.18
2023-08-08 08:00:00,1828.18,1835.00,1825.35,1829.35
2023-08-08 12:00:00,1829.35,1838.79,1829.04,1829.80
2023-08-08 16:00:00,1829.79,1838.57,1829.12,1838.19
2023-08-08 20:00:00,1838.18,1848.56,1834.49,1842.48
2023-08-09 00:00:00,1842.49,1871.17,1842.30,1858.31
2023-08-09 04:00:00,1858.31,1878.00,1854.13,1855.36
2023-08-09 08:00:00,1855.36,1860.00,1850.68,1854.10
2023-08-09 12:00:00,1854.11,1862.34,1852.60,1860.22
2023-08-09 16:00:00,1860.22,1866.00,1857.26,1862.26
2023-08-09 20:00:00,1862.26,1871.28,1850.23,1852.21
2023-08-10 00:00:00,1852.20,1854.67,1845.18,1847.66
2023-08-10 04:00:00,1847.67,1858.08,1846.46,1854.70
2023-08-10 08:00:00,1854.69,1857.33,1851.53,1852.31
2023-08-10 12:00:00,1852.31,1855.00,1849.01,1850.42
2023-08-10 16:00:00,1850.41,1854.17,1849.09,1850.12
2023-08-10 20:00:00,1850.12,1865.38,1847.07,1853.16
2023-08-11 00:00:00,1853.16,1853.68,1844.81,1849.00
2023-08-11 04:00:00,1848.99,1852.50,1848.05,1851.42
2023-08-11 08:00:00,1851.43,1854.07,1841.70,1845.99
2023-08-11 12:00:00,1845.99,1850.28,1845.66,1848.22
2023-08-11 16:00:00,1848.22,1851.00,1844.80,1850.68
2023-08-11 20:00:00,1850.69,1857.99,1842.68,1845.03
2023-08-12 00:00:00,1845.03,1848.00,1834.52,1843.97
2023-08-12 04:00:00,1843.98,1851.58,1843.00,1848.04
2023-08-12 08:00:00,1848.04,1853.02,1846.73,1847.24
2023-08-12 12:00:00,1847.24,1850.58,1846.04,1849.76
2023-08-12 16:00:00,1849.76,1850.81,1847.69,1850.27
2023-08-12 20:00:00,1850.26,1852.80,1849.40,1850.13
2023-08-13 00:00:00,1850.13,1852.00,1846.36,1846.90
2023-08-13 04:00:00,1846.89,1849.34,1845.35,1849.14
2023-08-13 08:00:00,1849.14,1850.98,1848.00,1848.94
2023-08-13 12:00:00,1848.93,1848.95,1845.86,1848.95
2023-08-13 16:00:00,1848.95,1850.63,1848.11,1848.91
2023-08-13 20:00:00,1848.92,1851.40,1846.62,1847.35
2023-08-14 00:00:00,1847.36,1861.93,1845.17,1858.18
2023-08-14 04:00:00,1858.18,1859.83,1833.40,1840.09
2023-08-14 08:00:00,1840.09,1847.99,1834.28,1845.98
2023-08-14 12:00:00,1845.98,1851.67,1845.97,1848.90
2023-08-14 16:00:00,1848.90,1851.60,1845.46,1847.48
2023-08-14 20:00:00,1847.49,1855.86,1843.34,1852.69
2023-08-15 00:00:00,1852.68,1854.91,1838.78,1841.99
2023-08-15 04:00:00,1841.99,1845.93,1840.45,1844.81
2023-08-15 08:00:00,1844.80,1846.75,1842.62,1844.06
2023-08-15 12:00:00,1844.07,1844.07,1839.85,1843.01
2023-08-15 16:00:00,1843.00,1844.58,1837.25,1839.59
2023-08-15 20:00:00,1839.60,1845.63,1837.04,1839.53
2023-08-16 00:00:00,1839.54,1841.97,1810.92,1826.86
2023-08-16 04:00:00,1826.86,1831.44,1824.00,1828.28
2023-08-16 08:00:00,1828.27,1830.87,1826.93,1828.01
2023-08-16 12:00:00,1828.01,1828.28,1819.23,1826.40
2023-08-16 16:00:00,1826.39,1827.21,1818.98,1824.59
2023-08-16 20:00:00,1824.59,1827.90,1817.92,1819.92
2023-08-17 00:00:00,1819.91,1828.86,1815.19,1820.20
2023-08-17 04:00:00,1820.20,1822.40,1791.11,1807.19
2023-08-17 08:00:00,1807.19,1809.66,1775.00,1797.73
2023-08-17 12:00:00,1797.74,1802.88,1796.36,1799.30
2023-08-17 16:00:00,1799.29,1799.56,1783.33,1787.35
2023-08-17 20:00:00,1787.35,1792.66,1720.00,1738.32
2023-08-18 00:00:00,1738.32,1748.43,1722.00,1737.36
2023-08-18 04:00:00,1737.37,1738.79,1492.66,1681.00
2023-08-18 08:00:00,1681.00,1698.98,1672.02,1676.39
2023-08-18 12:00:00,1676.39,1697.13,1660.20,1689.68
2023-08-18 16:00:00,1689.68,1696.00,1677.00,1685.09
2023-08-18 20:00:00,1685.10,1686.77,1650.00,1660.03
2023-08-19 00:00:00,1660.03,1678.41,1638.48,1656.89
2023-08-19 04:00:00,1656.89,1669.28,1655.59,1660.76
2023-08-19 08:00:00,1660.76,1671.43,1655.17,1658.85
2023-08-19 12:00:00,1658.86,1662.78,1653.36,1660.29
2023-08-19 16:00:00,1660.30,1665.15,1658.24,1659.02
2023-08-19 20:00:00,1659.03,1685.53,1657.12,1682.39
2023-08-20 00:00:00,1682.39,1696.14,1673.54,1676.40
2023-08-20 04:00:00,1676.40,1677.37,1662.30,1668.69
2023-08-20 08:00:00,1668.70,1674.43,1664.00,1667.09
2023-08-20 12:00:00,1667.09,1669.49,1660.22,1664.99
2023-08-20 16:00:00,1665.00,1674.98,1662.56,1674.01
2023-08-20 20:00:00,1674.02,1679.33,1663.07,1670.47
2023-08-21 00:00:00,1670.47,1679.24,1664.51,1677.42
2023-08-21 04:00:00,1677.42,1694.36,1677.37,1684.16
2023-08-21 08:00:00,1684.15,1685.12,1674.28,1676.13
2023-08-21 12:00:00,1676.13,1687.78,1668.53,1670.96
2023-08-21 16:00:00,1670.96,1674.88,1658.25,1672.20
2023-08-21 20:00:00,1672.20,1683.53,1647.22,1656.59
2023-08-22 00:00:00,1656.59,1674.88,1656.07,1671.55
2023-08-22 04:00:00,1671.55,1676.46,1665.48,1666.79
2023-08-22 08:00:00,1666.80,1668.57,1660.50,1663.34
2023-08-22 12:00:00,1663.35,1666.19,1659.92,1665.57
2023-08-22 16:00:00,1665.57,1666.89,1658.98,1661.52
2023-08-22 20:00:00,1661.53,1666.66,1642.00,1649.16
2023-08-23 00:00:00,1649.15,1650.40,1616.00,1624.20
2023-08-23 04:00:00,1624.20,1639.91,1575.00,1634.50
2023-08-23 08:00:00,1634.49,1642.00,1628.50,1631.06
2023-08-23 12:00:00,1631.06,1658.37,1629.92,1644.53
2023-08-23 16:00:00,1644.53,1648.16,1638.85,1641.60
2023-08-23 20:00:00,1641.60,1659.86,1633.19,1656.53
2023-08-24 00:00:00,1656.54,1703.85,1654.84,1686.37
2023-08-24 04:00:00,1686.37,1692.44,1657.83,1678.80
2023-08-24 08:00:00,1678.79,1682.88,1671.72,1674.70
2023-08-24 12:00:00,1674.70,1678.44,1671.73,1673.63
2023-08-24 16:00:00,1673.63,1677.16,1665.13,1666.80
2023-08-24 20:00:00,1666.79,1668.96,1641.04,1642.79
2023-08-25 00:00:00,1642.79,1655.70,1631.66,1649.05
2023-08-25 04:00:00,1649.05,1665.38,1642.36,1660.22
2023-08-25 08:00:00,1660.23,1663.63,1643.05,1654.61
2023-08-25 12:00:00,1654.61,1655.14,1646.00,1650.53
2023-08-25 16:00:00,1650.54,1658.34,1650.22,1653.51
2023-08-25 20:00:00,1653.51,1676.73,1635.01,1645.23
2023-08-26 00:00:00,1645.23,1655.11,1634.43,1646.15
2023-08-26 04:00:00,1646.15,1654.40,1645.01,1653.24
2023-08-26 08:00:00,1653.25,1654.77,1650.68,1653.67
2023-08-26 12:00:00,1653.67,1653.98,1649.88,1652.12
2023-08-26 16:00:00,1652.11,1652.92,1645.47,1649.61
2023-08-26 20:00:00,1649.60,1652.38,1645.85,1650.60
2023-08-27 00:00:00,1650.60,1651.00,1643.01,1645.30
2023-08-27 04:00:00,1645.30,1649.81,1644.13,1646.28
2023-08-27 08:00:00,1646.29,1649.77,1645.38,1646.45
2023-08-27 12:00:00,1646.46,1654.89,1646.45,1647.81
2023-08-27 16:00:00,1647.81,1651.89,1646.35,1648.50
2023-08-27 20:00:00,1648.50,1659.57,1647.93,1654.68
2023-08-28 00:00:00,1654.69,1659.48,1648.93,1655.05
2023-08-28 04:00:00,1655.04,1658.44,1650.25,1657.59
2023-08-28 08:00:00,1657.59,1657.60,1647.06,1649.09
2023-08-28 12:00:00,1649.09,1650.94,1635.00,1640.91
2023-08-28 16:00:00,1640.91,1642.91,1618.00,1639.54
2023-08-28 20:00:00,1639.53,1663.88,1639.01,1647.99
2023-08-29 00:00:00,1647.98,1654.29,1637.00,1645.82
2023-08-29 04:00:00,1645.82,1656.77,1643.26,1652.51
2023-08-29 08:00:00,1652.50,1661.95,1650.02,1651.60
2023-08-29 12:00:00,1651.61,1653.00,1644.19,1646.57
2023-08-29 16:00:00,1646.58,1647.24,1639.01,1641.20
2023-08-29 20:00:00,1641.20,1736.92,1639.35,1715.65
2023-08-30 00:00:00,1715.66,1747.15,1708.00,1734.41
2023-08-30 04:00:00,1734.41,1741.47,1720.60,1728.51
2023-08-30 08:00:00,1728.52,1730.37,1712.14,1717.92
2023-08-30 12:00:00,1717.92,1721.96,1715.26,1716.91
2023-08-30 16:00:00,1716.91,1719.99,1710.00,1715.16
2023-08-30 20:00:00,1715.16,1721.69,1688.00,1702.89
2023-08-31 00:00:00,1702.88,1704.60,1694.67,1700.77
2023-08-31 04:00:00,1700.77,1708.00,1700.34,1704.39
2023-08-31 08:00:00,1704.39,1704.39,1696.16,1698.53
2023-08-31 12:00:00,1698.52,1706.98,1698.35,1705.64
2023-08-31 16:00:00,1705.64,1730.00,1702.44,1712.87
2023-08-31 20:00:00,1712.86,1713.30,1674.05,1688.10
2023-09-01 00:00:00,1688.11,1688.33,1641.33,1656.25
2023-09-01 04:00:00,1656.23,1656.66,1628.30,1645.27
2023-09-01 08:00:00,1645.26,1653.89,1644.29,1651.36
2023-09-01 12:00:00,1651.35,1652.28,1642.01,1645.45
2023-09-01 16:00:00,1645.45,1647.84,1640.20,1646.26
2023-09-01 20:00:00,1646.27,1651.97,1621.00,1633.75
2023-09-02 00:00:00,1633.76,1637.00,1601.22,1618.64
2023-09-02 04:00:00,1618.66,1637.96,1615.38,1628.19
2023-09-02 08:00:00,1628.20,1633.72,1627.05,1631.50
2023-09-02 12:00:00,1631.50,1636.54,1629.25,1630.67
2023-09-02 16:00:00,1630.68,1636.48,1629.24,1633.88
2023-09-02 20:00:00,1633.88,1644.99,1632.51,1637.97
2023-09-03 00:00:00,1637.97,1640.18,1627.52,1632.81
2023-09-03 04:00:00,1632.82,1639.14,1631.98,1636.24
2023-09-03 08:00:00,1636.24,1636.84,1630.55,1635.45
2023-09-03 12:00:00,1635.44,1638.34,1632.90,1634.95
2023-09-03 16:00:00,1634.95,1635.22,1630.08,1633.49
2023-09-03 20:00:00,1633.49,1640.51,1627.19,1632.18
2023-09-04 00:00:00,1632.19,1642.97,1623.93,1638.08
2023-09-04 04:00:00,1638.09,1648.24,1632.21,1635.02
2023-09-04 08:00:00,1635.03,1644.50,1631.15,1636.86
2023-09-04 12:00:00,1636.86,1639.59,1633.71,1638.06
2023-09-04 16:00:00,1638.07,1639.95,1630.25,1631.46
2023-09-04 20:00:00,1631.46,1634.18,1617.04,1625.33
2023-09-05 00:00:00,1625.33,1635.43,1624.62,1630.41
2023-09-05 04:00:00,1630.42,1634.00,1614.76,1630.09
2023-09-05 08:00:00,1630.08,1630.70,1608.45,1617.25
2023-09-05 12:00:00,1617.24,1627.52,1617.24,1624.33
2023-09-05 16:00:00,1624.32,1638.47,1620.00,1634.64
2023-09-05 20:00:00,1634.64,1648.00,1624.85,1636.03
2023-09-06 00:00:00,1636.02,1642.92,1631.31,1631.55
2023-09-06 04:00:00,1631.54,1633.76,1625.76,1633.63
2023-09-06 08:00:00,1633.63,1639.73,1630.86,1632.63
2023-09-06 12:00:00,1632.62,1633.07,1626.98,1628.41
2023-09-06 16:00:00,1628.41,1635.74,1628.11,1632.02
2023-09-06 20:00:00,1632.02,1634.91,1618.50,1622.49
2023-09-07 00:00:00,1622.50,1680.00,1606.74,1630.68
2023-09-07 04:00:00,1630.68,1634.46,1626.78,1632.33
2023-09-07 08:00:00,1632.33,1639.68,1631.01,1639.45
2023-09-07 12:00:00,1639.44,1642.10,1634.66,1635.16
2023-09-07 16:00:00,1635.17,1635.32,1625.00,1626.83
2023-09-07 20:00:00,1626.82,1633.30,1622.61,1629.85
2023-09-08 00:00:00,1629.85,1640.96,1629.21,1636.33
2023-09-08 04:00:00,1636.32,1659.70,1635.01,1647.27
2023-09-08 08:00:00,1647.25,1658.77,1643.19,1645.65
2023-09-08 12:00:00,1645.66,1653.00,1642.21,1646.10
2023-09-08 16:00:00,1646.10,1647.13,1615.00,1625.23
2023-09-08 20:00:00,1625.22,1634.28,1623.47,1627.89
2023-09-09 00:00:00,1627.89,1634.75,1623.83,1633.70
2023-09-09 04:00:00,1633.70,1638.17,1632.34,1635.78
2023-09-09 08:00:00,1635.77,1636.24,1632.59,1633.57
2023-09-09 12:00:00,1633.56,1635.20,1631.13,1633.73
2023-09-09 16:00:00,1633.73,1635.57,1632.50,1634.45
2023-09-09 20:00:00,1634.45,1636.92,1629.00,1634.47
2023-09-10 00:00:00,1634.48,1636.86,1631.42,1633.18
2023-09-10 04:00:00,1633.17,1636.50,1632.86,1634.80
2023-09-10 08:00:00,1634.81,1635.05,1625.70,1630.21
2023-09-10 12:00:00,1630.22,1630.38,1617.16,1624.14
2023-09-10 16:00:00,1624.14,1625.87,1618.10,1623.60
2023-09-10 20:00:00,1623.61,1627.99,1607.66,1618.90
2023-09-11 00:00:00,1618.90,1619.47,1590.00,1616.47
2023-09-11 04:00:00,1616.47,1627.86,1613.52,1616.47
2023-09-11 08:00:00,1616.46,1618.35,1602.06,1611.92
2023-09-11 12:00:00,1611.92,1617.56,1606.52,1611.60
2023-09-11 16:00:00,1611.59,1612.08,1573.78,1585.86
2023-09-11 20:00:00,1585.87,1597.90,1547.78,1561.68
2023-09-12 00:00:00,1561.69,1567.52,1533.00,1538.60
2023-09-12 04:00:00,1538.60,1551.57,1528.61,1551.03
2023-09-12 08:00:00,1551.02,1594.37,1548.70,1584.08
2023-09-12 12:00:00,1584.08,1592.83,1573.34,1579.17
2023-09-12 16:00:00,1579.16,1626.78,1575.00,1608.79
2023-09-12 20:00:00,1608.79,1613.03,1593.28,1602.95
2023-09-13 00:00:00,1602.95,1622.16,1583.45,1597.73
2023-09-13 04:00:00,1597.72,1603.79,1589.49,1592.29
2023-09-13 08:00:00,1592.29,1600.67,1585.75,1588.90
2023-09-13 12:00:00,1588.90,1602.77,1580.46,1583.69
2023-09-13 16:00:00,1583.69,1606.91,1582.00,1603.83
2023-09-13 20:00:00,1603.84,1620.00,1590.51,1607.31
2023-09-14 00:00:00,1607.31,1615.44,1594.50,1598.62
2023-09-14 04:00:00,1598.62,1609.24,1598.34,1606.68
2023-09-14 08:00:00,1606.69,1639.00,1606.02,1619.37
2023-09-14 12:00:00,1619.36,1625.21,1611.36,1620.67
2023-09-14 16:00:00,1620.67,1626.69,1616.39,1623.90
2023-09-14 20:00:00,1623.89,1644.45,1615.85,1634.02
2023-09-15 00:00:00,1634.02,1644.16,1625.40,1635.14
2023-09-15 04:00:00,1635.15,1637.42,1622.64,1625.65
2023-09-15 08:00:00,1625.65,1635.05,1621.14,1633.72
2023-09-15 12:00:00,1633.72,1635.19,1625.99,1627.18
2023-09-15 16:00:00,1627.19,1631.13,1616.66,1620.09
2023-09-15 20:00:00,1620.08,1625.05,1610.00,1618.62
2023-09-16 00:00:00,1618.61,1623.00,1616.60,1620.60
2023-09-16 04:00:00,1620.60,1653.91,1618.37,1640.67
2023-09-16 08:00:00,1640.66,1652.97,1637.55,1640.99
2023-09-16 12:00:00,1640.99,1641.60,1633.66,1636.21
2023-09-16 16:00:00,1636.21,1638.05,1630.37,1634.93
2023-09-16 20:00:00,1634.93,1638.61,1630.50,1633.71
2023-09-17 00:00:00,1633.71,1638.94,1630.67,1632.74
2023-09-17 04:00:00,1632.74,1637.27,1631.90,1633.68
2023-09-17 08:00:00,1633.68,1633.84,1618.00,1628.33
2023-09-17 12:00:00,1628.33,1630.95,1626.43,1626.85
2023-09-17 16:00:00,1626.85,1634.43,1626.33,1628.62
2023-09-17 20:00:00,1628.63,1631.41,1626.63,1628.61
2023-09-18 00:00:00,1628.61,1628.77,1616.68,1624.93
2023-09-18 04:00:00,1624.94,1626.16,1610.81,1621.62
2023-09-18 08:00:00,1621.63,1636.05,1598.58,1629.35
2023-09-18 12:00:00,1629.36,1638.00,1625.90,1633.22
2023-09-18 16:00:00,1633.21,1658.88,1629.98,1655.16
2023-09-18 20:00:00,1655.17,1668.64,1649.65,1654.70
2023-09-19 00:00:00,1654.69,1659.94,1632.00,1640.06
2023-09-19 04:00:00,1640.06,1641.52,1634.28,1635.63
2023-09-19 08:00:00,1635.63,1639.40,1625.02,1633.93
2023-09-19 12:00:00,1633.94,1637.88,1631.51,1635.42
2023-09-19 16:00:00,1635.41,1660.69,1635.12,1647.06
2023-09-19 20:00:00,1647.06,1658.96,1633.27,1656.32
2023-09-20 00:00:00,1656.31,1658.91,1639.21,1643.39
2023-09-20 04:00:00,1643.38,1643.98,1636.01,1642.49
2023-09-20 08:00:00,1642.48,1648.68,1635,1636.78
2023-09-20 12:00:00,1636.78,1638.62,1629.59,1633.84
2023-09-20 16:00:00,1633.84,1637.51,1616.33,1629.03
2023-09-20 20:00:00,1629.04,1633.70,1619.69,1628.41
2023-09-21 00:00:00,1628.40,1640,1602,1615.37
2023-09-21 04:00:00,1615.38,1629.36,1614.07,1621.60
2023-09-21 08:00:00,1621.60,1624.81,1612.50,1622.71
2023-09-21 12:00:00,1622.72,1624.05,1616.11,1617.48
2023-09-21 16:00:00,1617.47,1622.18,1585.81,1594.09
2023-09-21 20:00:00,1594.08,1596.36,1565.50,1583
2023-09-22 00:00:00,1583,1592.70,1581.26,1588.91
2023-09-22 04:00:00,1588.92,1589.62,1582.03,1583
2023-09-22 08:00:00,1583,1595.77,1575.46,1593.91
2023-09-22 12:00:00,1593.92,1597,1586.01,1595
2023-09-22 16:00:00,1595,1602.28,1592.13,1596.37
2023-09-22 20:00:00,1596.37,1600,1592.03,1592.65
2023-09-23 00:00:00,1592.65,1598.55,1585.80,1591.60
2023-09-23 04:00:00,1591.59,1594.54,1588.35,1592.28
2023-09-23 08:00:00,1592.28,1597.60,1589.50,1590.20
2023-09-23 12:00:00,1590.20,1594.86,1588.96,1593.73
2023-09-23 16:00:00,1593.73,1594.30,1590.24,1592.62
2023-09-23 20:00:00,1592.62,1594.50,1586.53,1589.75
2023-09-24 00:00:00,1589.75,1594.87,1588.08,1593.93
2023-09-24 04:00:00,1593.92,1594.85,1589.26,1592.97
2023-09-24 08:00:00,1592.97,1594.36,1589.95,1591.51
2023-09-24 12:00:00,1591.50,1592.36,1590.42,1591
2023-09-24 16:00:00,1590.99,1595.65,1590.99,1593.31
2023-09-24 20:00:00,1593.32,1595.98,1587.04,1589.87
2023-09-25 00:00:00,1589.87,1600.95,1576.48,1585.23
2023-09-25 04:00:00,1585.23,1590.75,1568.28,1579.99
2023-09-25 08:00:00,1579.99,1587.69,1562,1577
2023-09-25 12:00:00,1577,1581.33,1571.56,1580.51
2023-09-25 16:00:00,1580.52,1582.61,1565,1567.96
2023-09-25 20:00:00,1567.96,1589.47,1563,1583.88
2023-09-26 00:00:00,1583.88,1597.13,1583.88,1590.90
2023-09-26 04:00:00,1590.90,1595.99,1583.47,1587.69
2023-09-26 08:00:00,1587.68,1593.97,1585.32,1591.03
2023-09-26 12:00:00,1591.03,1594.56,1586,1588.21
2023-09-26 16:00:00,1588.20,1599.40,1584.89,1590.85
2023-09-26 20:00:00,1590.84,1593.20,1578.61,1582.17
2023-09-27 00:00:00,1582.18,1592.45,1581.04,1588.71
2023-09-27 04:00:00,1588.71,1595,1583.23,1593.30
2023-09-27 08:00:00,1593.30,1597.71,1588.54,1594.92
2023-09-27 12:00:00,1594.92,1596.95,1590,1591.71
2023-09-27 16:00:00,1591.70,1633.98,1589.35,1628.91
2023-09-27 20:00:00,1628.91,1630.80,1591.10,1600.99
2023-09-28 00:00:00,1600.98,1602.45,1582.64,1597
2023-09-28 04:00:00,1597,1599.04,1592.32,1597.89
2023-09-28 08:00:00,1597.89,1614.99,1597.17,1605.36
2023-09-28 12:00:00,1605.37,1621.20,1603.78,1618.44
2023-09-28 16:00:00,1618.44,1638.06,1613.59,1622.94
2023-09-28 20:00:00,1622.95,1654.51,1620.78,1652.02
2023-09-29 00:00:00,1652.01,1668,1644,1657.59
2023-09-29 04:00:00,1657.60,1660.71,1642.03,1652.13
2023-09-29 08:00:00,1652.13,1658.24,1647.50,1650.82
2023-09-29 12:00:00,1650.82,1687.65,1648,1685.59
2023-09-29 16:00:00,1685.60,1686,1666,1668.28
2023-09-29 20:00:00,1668.29,1683.99,1654.62,1671.38
2023-09-30 00:00:00,1671.37,1672.60,1656,1664.61
2023-09-30 04:00:00,1664.60,1670.77,1663.18,1666.61
2023-09-30 08:00:00,1666.61,1671.99,1665.27,1669.63
2023-09-30 12:00:00,1669.63,1674.99,1668.94,1671.07
2023-09-30 16:00:00,1671.07,1678.86,1670.52,1675.06
2023-09-30 20:00:00,1675.06,1694.11,1672.02,1682.53
2023-10-01 00:00:00,1682.53,1685.61,1671,1678.27
2023-10-01 04:00:00,1678.28,1682.82,1666,1670.18
2023-10-01 08:00:00,1670.17,1677.90,1669.49,1673.69
2023-10-01 12:00:00,1673.69,1679.89,1672.56,1677.52
2023-10-01 16:00:00,1677.51,1692,1675.55,1687.88
2023-10-01 20:00:00,1687.89,1690.44,1676.68,1683.13
2023-10-02 00:00:00,1683.13,1683.94,1670.01,1675.51
2023-10-02 04:00:00,1675.52,1780,1666.69,1733.39
2023-10-02 08:00:00,1733.40,1734.80,1717.66,1728.43
2023-10-02 12:00:00,1728.43,1733.94,1710,1729.48
2023-10-02 16:00:00,1729.48,1743.99,1723.85,1724.37
2023-10-02 20:00:00,1724.36,1733.80,1686.82,1690.96
2023-10-03 00:00:00,1690.96,1693.08,1619.99,1673.59
2023-10-03 04:00:00,1673.58,1673.59,1632.51,1661.49
2023-10-03 08:00:00,1661.49,1667.97,1659.19,1665
2023-10-03 12:00:00,1665,1669.94,1660.87,1661.64
2023-10-03 16:00:00,1661.64,1666.94,1649.05,1655.77
2023-10-03 20:00:00,1655.77,1662.85,1642.03,1647.60
2023-10-04 00:00:00,1647.61,1658,1645.43,1649.72
2023-10-04 04:00:00,1649.72,1659.47,1645,1656.18
2023-10-04 08:00:00,1656.19,1657.05,1615,1641.11
2023-10-04 12:00:00,1641.11,1644.26,1635.05,1644.25
2023-10-04 16:00:00,1644.25,1652.32,1642.80,1645.99
2023-10-04 20:00:00,1645.98,1649.59,1626.22,1631.90
2023-10-05 00:00:00,1631.90,1654.20,1631,1642.08
2023-10-05 04:00:00,1642.09,1652.11,1639.68,1645.75
2023-10-05 08:00:00,1645.76,1655.13,1641.10,1641.38
2023-10-05 12:00:00,1641.38,1645.51,1631.12,1635.36
2023-10-05 16:00:00,1635.37,1641.52,1634.03,1635.70
2023-10-05 20:00:00,1635.70,1648.85,1601.28,1617.40
2023-10-06 00:00:00,1617.40,1620.85,1605.13,1616.01
2023-10-06 04:00:00,1616,1618.93,1609.07,1611.23
2023-10-06 08:00:00,1611.24,1624.77,1611.18,1623.59
2023-10-06 12:00:00,1623.59,1632.19,1618,1630.34
2023-10-06 16:00:00,1630.34,1639.45,1627.61,1634
2023-10-06 20:00:00,1633.99,1649,1610.59,1642.16
2023-10-07 00:00:00,1642.16,1656.09,1633.42,1645.50
2023-10-07 04:00:00,1645.52,1664.60,1642.10,1644.33
2023-10-07 08:00:00,1644.32,1647.16,1638.93,1640.63
2023-10-07 12:00:00,1640.64,1642.61,1635.15,1636
2023-10-07 16:00:00,1636,1642.59,1635.09,1637.89
2023-10-07 20:00:00,1637.88,1642.74,1634,1637.83
2023-10-08 00:00:00,1637.83,1638.81,1629.03,1630.05
2023-10-08 04:00:00,1630.06,1635.51,1629.50,1633.18
2023-10-08 08:00:00,1633.17,1640.90,1632.73,1638.47
2023-10-08 12:00:00,1638.46,1639.20,1622.65,1628.14
2023-10-08 16:00:00,1628.13,1628.95,1615.19,1617.25
2023-10-08 20:00:00,1617.25,1637.42,1616.51,1630.63
2023-10-09 00:00:00,1630.64,1638.76,1628.49,1634.86
2023-10-09 04:00:00,1634.86,1637.72,1626.61,1632.02
2023-10-09 08:00:00,1632.03,1635.81,1622.63,1632.98
2023-10-09 12:00:00,1632.97,1634.19,1616.16,1620
2023-10-09 16:00:00,1620,1621.23,1580.09,1589.76
2023-10-09 20:00:00,1589.76,1596.96,1582.36,1585.64
2023-10-10 00:00:00,1585.63,1586.55,1544.30,1580.79
2023-10-10 04:00:00,1580.79,1583.36,1572.81,1579.40
2023-10-10 08:00:00,1579.39,1592.34,1575.27,1584.10
2023-10-10 12:00:00,1584.11,1593.71,1581.89,1589.52
2023-10-10 16:00:00,1589.52,1594.40,1577.25,1578.70
2023-10-10 20:00:00,1578.70,1587.98,1562.71,1567.25
2023-10-11 00:00:00,1567.26,1572.23,1556.56,1565.25
2023-10-11 04:00:00,1565.26,1569.68,1545.60,1566.89
2023-10-11 08:00:00,1566.89,1575.38,1541.78,1555.76
2023-10-11 12:00:00,1555.75,1561,1547.20,1556.16
2023-10-11 16:00:00,1556.15,1577.89,1555.55,1572.04
2023-10-11 20:00:00,1572.05,1575.98,1553.05,1558.77
2023-10-12 00:00:00,1558.78,1566.32,1547.99,1562.43
2023-10-12 04:00:00,1562.43,1568.88,1560.17,1566.07
2023-10-12 08:00:00,1566.08,1568.06,1555.37,1560.99
2023-10-12 12:00:00,1560.99,1566.27,1557.12,1558.64
2023-10-12 16:00:00,1558.64,1560.35,1533.21,1551.49
2023-10-12 20:00:00,1551.49,1553.42,1537.28,1540.96
2023-10-13 00:00:00,1540.96,1544.60,1514.50,1530.74
2023-10-13 04:00:00,1530.74,1539.77,1529.65,1538.81
2023-10-13 08:00:00,1538.82,1546.96,1537.27,1538.25
2023-10-13 12:00:00,1538.25,1554.25,1538.06,1548.67
2023-10-13 16:00:00,1548.66,1551.79,1541.83,1546.01
2023-10-13 20:00:00,1546.01,1553.19,1536.65,1538.76
2023-10-14 00:00:00,1538.77,1548.53,1538.44,1545.26
2023-10-14 04:00:00,1545.26,1575.53,1542.74,1551.55
2023-10-14 08:00:00,1551.55,1555.95,1548.64,1552.96
2023-10-14 12:00:00,1552.96,1553.84,1544.22,1547.34
2023-10-14 16:00:00,1547.35,1549.04,1543.83,1546.58
2023-10-14 20:00:00,1546.59,1557.76,1545.42,1555.66
2023-10-15 00:00:00,1555.65,1558.40,1551.81,1554.55
2023-10-15 04:00:00,1554.55,1561.70,1552.60,1554.15
2023-10-15 08:00:00,1554.15,1557,1548.74,1553.79
2023-10-15 12:00:00,1553.79,1554.51,1551.59,1554.29
2023-10-15 16:00:00,1554.29,1559.71,1553.20,1554.75
2023-10-15 20:00:00,1554.75,1559.97,1546.14,1553.13
2023-10-16 00:00:00,1553.12,1564.99,1549.51,1559.76
2023-10-16 04:00:00,1559.77,1567,1552,1557.25
2023-10-16 08:00:00,1557.25,1566.50,1554.10,1562.25
2023-10-16 12:00:00,1562.25,1588.51,1559.72,1578.02
2023-10-16 16:00:00,1578.02,1586.56,1574.14,1582
2023-10-16 20:00:00,1582,1642,1565,1577.04
2023-10-17 00:00:00,1577.05,1601.93,1572.34,1589.17
2023-10-17 04:00:00,1589.16,1604.30,1576.78,1598.61
2023-10-17 08:00:00,1598.61,1599.83,1587.50,1588.51
2023-10-17 12:00:00,1588.51,1591.67,1581.73,1589.66
2023-10-17 16:00:00,1589.66,1593.75,1581.53,1583.59
2023-10-17 20:00:00,1583.58,1585.24,1562,1574.67
2023-10-18 00:00:00,1574.66,1579.70,1541,1563.48
2023-10-18 04:00:00,1563.48,1565.39,1556.62,1563.99
2023-10-18 08:00:00,1564,1571.46,1561.30,1567.41
2023-10-18 12:00:00,1567.41,1581.97,1565.44,1571.60
2023-10-18 16:00:00,1571.60,1584.90,1568,1578.03
2023-10-18 20:00:00,1578.02,1581.15,1567.81,1569.48
2023-10-19 00:00:00,1569.48,1574.31,1561.98,1562.25
2023-10-19 04:00:00,1562.25,1565.33,1554.70,1562.65
2023-10-19 08:00:00,1562.66,1566.66,1539,1548.53
2023-10-19 12:00:00,1548.53,1552.83,1544.90,1551.08
2023-10-19 16:00:00,1551.07,1554.87,1540.53,1553.12
2023-10-19 20:00:00,1553.13,1565,1550.02,1560.34
2023-10-20 00:00:00,1560.34,1574.34,1559,1567.26
2023-10-20 04:00:00,1567.26,1572.95,1562.24,1565.89
2023-10-20 08:00:00,1565.90,1594.59,1560.37,1586.11
2023-10-20 12:00:00,1586.12,1589,1578.11,1582.76
2023-10-20 16:00:00,1582.77,1630.01,1582.15,1612.52
2023-10-20 20:00:00,1612.52,1615.81,1596.62,1604.81
2023-10-21 00:00:00,1604.81,1609.43,1596.31,1606.25
2023-10-21 04:00:00,1606.24,1609.47,1601.36,1603.14
2023-10-21 08:00:00,1603.15,1605.78,1591.25,1596.75
2023-10-21 12:00:00,1596.75,1606.50,1596.38,1605.67
2023-10-21 16:00:00,1605.67,1609.33,1601.91,1608.08
2023-10-21 20:00:00,1608.07,1628.98,1601.87,1627.63
2023-10-22 00:00:00,1627.64,1643.84,1619.15,1634.16
2023-10-22 04:00:00,1634.16,1635.29,1625.15,1628.29
2023-10-22 08:00:00,1628.29,1640.96,1622.27,1628.72
2023-10-22 12:00:00,1628.72,1650.41,1622.32,1629.43
2023-10-22 16:00:00,1629.43,1635.24,1623.53,1627.76
2023-10-22 20:00:00,1627.75,1636.87,1620,1625.05
2023-10-23 00:00:00,1625.04,1640.70,1623.41,1634.34
2023-10-23 04:00:00,1634.33,1667.50,1633.18,1662.83
2023-10-23 08:00:00,1662.82,1702.11,1656.25,1693.62
2023-10-23 12:00:00,1693.62,1705.25,1670.34,1675.52
2023-10-23 16:00:00,1675.52,1683.72,1661.20,1675.99
2023-10-23 20:00:00,1675.99,1684.80,1662.50,1675.63
2023-10-24 00:00:00,1675.62,1712,1670,1707.85
2023-10-24 04:00:00,1707.85,1803,1702.50,1766.35
2023-10-24 08:00:00,1766.35,1850,1757.73,1808.74
2023-10-24 12:00:00,1808.73,1837,1800.02,1809.82
2023-10-24 16:00:00,1809.82,1846.08,1806.77,1845.79
2023-10-24 20:00:00,1845.78,1854.87,1761.29,1777.67
2023-10-25 00:00:00,1777.66,1800.18,1755.28,1776.60
2023-10-25 04:00:00,1776.60,1796.07,1762.72,1784.31
2023-10-25 08:00:00,1784.30,1806.38,1776.58,1788.46
2023-10-25 12:00:00,1788.47,1795.27,1760.12,1768.85
2023-10-25 16:00:00,1768.85,1794,1759.16,1785.76
2023-10-25 20:00:00,1785.76,1818.55,1778.22,1806.36
2023-10-26 00:00:00,1806.35,1815.40,1778.74,1789.46
2023-10-26 04:00:00,1789.48,1796.27,1774.94,1786.71
2023-10-26 08:00:00,1786.70,1817.32,1778.67,1816.01
2023-10-26 12:00:00,1816.01,1859,1790.20,1850.56
2023-10-26 16:00:00,1850.57,1872.64,1802.91,1812.89
2023-10-26 20:00:00,1812.90,1825.59,1763.50,1778.04
2023-10-27 00:00:00,1778.05,1794.42,1757.25,1792.51
2023-10-27 04:00:00,1792.50,1811.85,1790.26,1803.30
2023-10-27 08:00:00,1803.31,1803.92,1772,1791.26
2023-10-27 12:00:00,1791.25,1796.94,1776,1776.80
2023-10-27 16:00:00,1776.79,1791.62,1774.88,1781.44
2023-10-27 20:00:00,1781.43,1797.75,1770.30,1783.32
2023-10-28 00:00:00,1783.33,1785.30,1735.50,1774.60
2023-10-28 04:00:00,1774.61,1785.06,1773.99,1780.02
2023-10-28 08:00:00,1780.03,1795,1779.09,1790.69
2023-10-28 12:00:00,1790.70,1796.60,1785.80,1788.23
2023-10-28 16:00:00,1788.24,1806.23,1785.90,1788.39
2023-10-28 20:00:00,1788.39,1792.63,1775.39,1791.37
2023-10-29 00:00:00,1791.36,1791.76,1777.06,1777.70
2023-10-29 04:00:00,1777.71,1784.15,1767.37,1776.76
2023-10-29 08:00:00,1776.76,1782.50,1762.49,1775.41
2023-10-29 12:00:00,1775.41,1784.68,1773.15,1783.47
2023-10-29 16:00:00,1783.48,1794,1783.32,1789.50
2023-10-29 20:00:00,1789.50,1802,1788.36,1792.62
2023-10-30 00:00:00,1792.62,1809.39,1786.48,1793.67
2023-10-30 04:00:00,1793.66,1813.10,1791.57,1795.49
2023-10-30 08:00:00,1795.48,1798.96,1778.45,1783.19
2023-10-30 12:00:00,1783.19,1792.85,1778.03,1787.32
2023-10-30 16:00:00,1787.32,1829.12,1784.47,1816.29
2023-10-30 20:00:00,1816.29,1832.65,1805.68,1820.84
2023-10-31 00:00:00,1820.83,1820.84,1776.94,1802.64
2023-10-31 04:00:00,1802.65,1817.86,1797.37,1809.81
2023-10-31 08:00:00,1809.82,1820.91,1793.88,1795.81
2023-10-31 12:00:00,1795.80,1805.44,1786.24,1791.26
2023-10-31 16:00:00,1791.20,1815,1782.75,1810.16
2023-10-31 20:00:00,1810.23,1813.63,1781,1792.26
2023-11-01 00:00:00,1792.26,1816.09,1788.34,1812.43
2023-11-01 04:00:00,1812.43,1818.95,1802.68,1815.67
2023-11-01 08:00:00,1815.66,1831.28,1808.61,1810.90
2023-11-01 12:00:00,1810.90,1811.38,1798.01,1805.44
2023-11-01 16:00:00,1805.44,1809.14,1792.81,1800.71
2023-11-01 20:00:00,1800.71,1829,1782.73,1792.94
2023-11-02 00:00:00,1792.95,1853.32,1792.55,1836.87
2023-11-02 04:00:00,1836.86,1861.63,1836.67,1848.20
2023-11-02 08:00:00,1848.20,1876.26,1841.20,1859.71
2023-11-02 12:00:00,1859.72,1861.38,1828.55,1836.13
2023-11-02 16:00:00,1836.13,1841.78,1821.10,1837.14
2023-11-02 20:00:00,1837.14,1844.29,1800.27,1803.51
2023-11-03 00:00:00,1803.51,1812.74,1784,1812.49
2023-11-03 04:00:00,1812.49,1813.72,1791.84,1800.68
2023-11-03 08:00:00,1800.68,1803.10,1775.36,1798.29
2023-11-03 12:00:00,1798.28,1802.01,1787.37,1798.74
2023-11-03 16:00:00,1798.74,1804.82,1780.51,1789.95
2023-11-03 20:00:00,1789.95,1814.37,1784.79,1812.79
2023-11-04 00:00:00,1812.79,1824.37,1798.14,1816.89
2023-11-04 04:00:00,1816.90,1834.32,1814.68,1832.49
2023-11-04 08:00:00,1832.49,1840,1823.32,1834.72
2023-11-04 12:00:00,1834.71,1840,1825.56,1833.77
2023-11-04 16:00:00,1833.77,1847.99,1830.46,1837.38
2023-11-04 20:00:00,1837.37,1840.99,1827.92,1832.01
2023-11-05 00:00:00,1832.01,1840.97,1831.21,1835.72
2023-11-05 04:00:00,1835.73,1870.68,1834.26,1856.08
2023-11-05 08:00:00,1856.08,1896.50,1846.21,1889.85
2023-11-05 12:00:00,1889.84,1895.37,1876.70,1885.81
2023-11-05 16:00:00,1885.82,1898.96,1878.40,1888.80
2023-11-05 20:00:00,1888.87,1902.72,1865,1874.91
2023-11-06 00:00:00,1874.91,1914.96,1873.51,1889.17
2023-11-06 04:00:00,1889.18,1912.97,1852.91,1892.49
2023-11-06 08:00:00,1892.49,1901.40,1880.99,1887.98
2023-11-06 12:00:00,1888,1890.54,1869.13,1879
2023-11-06 16:00:00,1879,1899.87,1873.43,1899.39
2023-11-06 20:00:00,1899.39,1916.80,1888.77,1901.88
2023-11-07 00:00:00,1901.89,1904.98,1886.08,1902.62
2023-11-07 04:00:00,1902.62,1907.87,1881.30,1901.71
2023-11-07 08:00:00,1901.72,1904.69,1877.94,1891
2023-11-07 12:00:00,1890.99,1897.54,1886.33,1892.59
2023-11-07 16:00:00,1892.59,1895.72,1866.83,1873.98
2023-11-07 20:00:00,1873.99,1880.78,1857.04,1863.85
2023-11-08 00:00:00,1863.85,1901.76,1850.10,1895.18
2023-11-08 04:00:00,1895.19,1908.47,1872.31,1885.79
2023-11-08 08:00:00,1885.79,1893.61,1880.53,1883.09
2023-11-08 12:00:00,1883.09,1887.59,1873.13,1875.46
2023-11-08 16:00:00,1875.46,1889.82,1874.04,1881.10
2023-11-08 20:00:00,1881.11,1893.51,1880.10,1889.62
2023-11-09 00:00:00,1889.62,1906.20,1887.09,1900.04
2023-11-09 04:00:00,1900.04,1906.01,1883.02,1888.42
2023-11-09 08:00:00,1888.42,1930,1881.79,1919.66
2023-11-09 12:00:00,1919.65,1930.70,1910.01,1912.50
2023-11-09 16:00:00,1912.49,1920.64,1904.49,1913.91
2023-11-09 20:00:00,1913.91,2065,1908.45,2039.56
2023-11-10 00:00:00,2039.55,2053.36,1973,2019.79
2023-11-10 04:00:00,2019.78,2134.30,2012.05,2122.92
2023-11-10 08:00:00,2122.92,2130.99,2096.06,2123
2023-11-10 12:00:00,2122.99,2139.60,2102.40,2104.64
2023-11-10 16:00:00,2104.64,2111.02,2084.31,2098.14
2023-11-10 20:00:00,2098.14,2100.70,2066,2085.32
2023-11-11 00:00:00,2091.11,2105.07,2086.50,2089.42
2023-11-11 04:00:00,2089.42,2101.30,2070.31,2079.10
2023-11-11 08:00:00,2079.10,2086.29,2021,2047.79
2023-11-11 12:00:00,2047.79,2062.48,2035.52,2056.58
2023-11-11 16:00:00,2056.60,2068.48,2047.25,2059.53
2023-11-11 20:00:00,2059.52,2091.40,2054.02,2069.32
2023-11-12 00:00:00,2069.34,2091.97,2067.91,2077.46
2023-11-12 04:00:00,2077.47,2077.76,2032,2054.52
2023-11-12 08:00:00,2054.53,2056.60,2011.50,2052.89
2023-11-12 12:00:00,2052.88,2061.88,2045.08,2058.90
2023-11-12 16:00:00,2058.90,2060.38,2047.40,2049.37
2023-11-12 20:00:00,2049.37,2068.96,2036.60,2058.35
2023-11-13 00:00:00,2058.36,2061.39,2046.05,2050.68
2023-11-13 04:00:00,2050.69,2068.50,2030,2046.08
2023-11-13 08:00:00,2046.07,2076,2037.05,2041.16
2023-11-13 12:00:00,2041.16,2057.98,2030,2049.36
2023-11-13 16:00:00,2049.37,2062.72,2040,2048.38
2023-11-13 20:00:00,2048.38,2109.89,2040,2106.67
2023-11-14 00:00:00,2106.67,2120,2066,2101.30
2023-11-14 04:00:00,2101.30,2104.20,2044.60,2055.18
2023-11-14 08:00:00,2055.18,2060,2032.34,2056.99
2023-11-14 12:00:00,2056.98,2065.71,2048.72,2061.50
2023-11-14 16:00:00,2061.50,2066.39,2026.38,2033.21
2023-11-14 20:00:00,2033.21,2055.96,2018.90,2039.61
2023-11-15 00:00:00,2039.60,2055.75,1920,1979.76
2023-11-15 04:00:00,1979.75,1995.83,1969.03,1980.11
2023-11-15 08:00:00,1980.11,1992.63,1967.85,1968.77
2023-11-15 12:00:00,1968.77,1988.58,1968.18,1984.15
2023-11-15 16:00:00,1984.15,2015.96,1982.01,2013.96
2023-11-15 20:00:00,2013.97,2024.68,2005.97,2022.05
2023-11-16 00:00:00,2022.06,2055.18,2001.28,2052.78
2023-11-16 04:00:00,2052.78,2064.08,2036.61,2059.29
2023-11-16 08:00:00,2059.30,2082.80,2052,2054.52
2023-11-16 12:00:00,2054.52,2066.52,2049.14,2054.71
2023-11-16 16:00:00,2054.71,2093,2037.03,2070.03
2023-11-16 20:00:00,2070.03,2070.80,1980.10,1996.43
2023-11-17 00:00:00,1996.43,2015.96,1938.40,1966.07
2023-11-17 04:00:00,1966.07,1971.15,1945.65,1962.13
2023-11-17 08:00:00,1962.14,1992.26,1959.91,1984.59
2023-11-17 12:00:00,1984.59,1987.82,1968.14,1971.11
2023-11-17 16:00:00,1971.12,1982.99,1955,1966.73
2023-11-17 20:00:00,1966.73,1972,1913.01,1919.44
2023-11-18 00:00:00,1919.45,1949.96,1903.81,1939.79
2023-11-18 04:00:00,1939.78,1970.11,1938.05,1961.21
2023-11-18 08:00:00,1961.21,1962.20,1940.52,1942.10
2023-11-18 12:00:00,1942.09,1946.92,1916,1936.61
2023-11-18 16:00:00,1936.61,1946,1931.42,1935.99
2023-11-18 20:00:00,1935.99,1955.62,1931.35,1953.42
2023-11-19 00:00:00,1953.41,1972.06,1952.87,1964.61
2023-11-19 04:00:00,1964.61,1966.96,1950.50,1963.19
2023-11-19 08:00:00,1963.19,1963.85,1943.44,1956.17
2023-11-19 12:00:00,1956.18,1967.74,1953.13,1962.52
2023-11-19 16:00:00,1962.52,1967.26,1945.72,1952.25
2023-11-19 20:00:00,1952.24,1969.80,1945.05,1967.22
2023-11-20 00:00:00,1967.22,1985.71,1966,1984.03
2023-11-20 04:00:00,1984.03,2016.45,1976.17,2012.46
2023-11-20 08:00:00,2012.45,2013.96,1995.81,2000.69
2023-11-20 12:00:00,2000.68,2028.20,1993.85,2020.20
2023-11-20 16:00:00,2020.23,2044.33,2009.46,2025.14
2023-11-20 20:00:00,2025.14,2051.56,1981.96,2043.11
2023-11-21 00:00:00,2043.11,2068.80,2010.78,2037.36
2023-11-21 04:00:00,2037.36,2040.55,2015,2022.41
2023-11-21 08:00:00,2022.41,2036.06,2007.63,2019.78
2023-11-21 12:00:00,2019.77,2020.54,2003.72,2004.89
2023-11-21 16:00:00,2004.89,2018.75,2001.98,2004.81
2023-11-21 20:00:00,2004.80,2016.40,1952,1988.84
2023-11-22 00:00:00,1988.82,2025,1960.43,1986.54
2023-11-22 04:00:00,1986.56,2007.64,1929.85,1933.44
2023-11-22 08:00:00,1933.44,1980.80,1928.74,1978.76
2023-11-22 12:00:00,1978.76,2002.62,1977.48,1993.97
2023-11-22 16:00:00,1993.97,2030,1992.13,2015.45
2023-11-22 20:00:00,2015.45,2046.61,2011.22,2033.87
2023-11-23 00:00:00,2033.87,2084.40,2028.02,2077.35
2023-11-23 04:00:00,2077.34,2093.78,2058.04,2063.91
2023-11-23 08:00:00,2063.92,2072.21,2053.64,2060.12
2023-11-23 12:00:00,2060.11,2070.64,2058.20,2066.45
2023-11-23 16:00:00,2066.45,2089.75,2033.50,2063.25
2023-11-23 20:00:00,2063.26,2071.46,2040.21,2042.49
2023-11-24 00:00:00,2042.50,2067.72,2040.45,2062.55
2023-11-24 04:00:00,2062.55,2078.41,2059.81,2062.68
2023-11-24 08:00:00,2062.67,2078,2059.63,2064.06
2023-11-24 12:00:00,2064.05,2085,2062.54,2080.50
2023-11-24 16:00:00,2080.50,2129.96,2075.14,2097.92
2023-11-24 20:00:00,2097.95,2135,2096.44,2117.46
2023-11-25 00:00:00,2117.45,2126.50,2079.03,2088.01
2023-11-25 04:00:00,2088.01,2096.45,2057.77,2081.16
2023-11-25 08:00:00,2081.16,2089.80,2072.96,2086.95
2023-11-25 12:00:00,2086.95,2090.49,2080.34,2088.47
2023-11-25 16:00:00,2088.47,2090.79,2065.59,2070.92
2023-11-25 20:00:00,2070.93,2079.70,2067.32,2078
2023-11-26 00:00:00,2078,2084.63,2074,2082.50
2023-11-26 04:00:00,2082.49,2086.94,2080.04,2082.87
2023-11-26 08:00:00,2082.87,2084.24,2067.04,2076.36
2023-11-26 12:00:00,2076.36,2093.46,2070.77,2089.19
2023-11-26 16:00:00,2089.19,2094.96,2081.16,2085.06
2023-11-26 20:00:00,2085.06,2090.77,2060,2064.50
2023-11-27 00:00:00,2064.50,2069.42,2035,2056.63
2023-11-27 04:00:00,2056.63,2082.79,2055.17,2061.97
2023-11-27 08:00:00,2061.97,2071,2037.68,2048.06
2023-11-27 12:00:00,2048.06,2054.66,2027.70,2045.10
2023-11-27 16:00:00,2045.10,2052.87,2016.40,2024.91
2023-11-27 20:00:00,2024.92,2029.54,1998,2003.15
2023-11-28 00:00:00,2003.15,2024.70,1985,1994.64
2023-11-28 04:00:00,1994.64,2029.96,1987,2027.57
2023-11-28 08:00:00,2027.57,2041.36,2020.01,2027.25
2023-11-28 12:00:00,2027.25,2029.72,1994.85,2014.17
2023-11-28 16:00:00,2014.18,2029,2005.42,2027.98
2023-11-28 20:00:00,2027.99,2042.51,2019.18,2036.30
2023-11-29 00:00:00,2036.31,2075.87,2034.93,2059.13
2023-11-29 04:00:00,2059.12,2065.40,2042.40,2048.20
2023-11-29 08:00:00,2048.21,2057.87,2039,2053.45
2023-11-29 12:00:00,2053.45,2063.80,2047.18,2057.55
2023-11-29 16:00:00,2057.55,2077,2044.41,2052.58
2023-11-29 20:00:00,2052.58,2062.08,2020,2031.53
2023-11-30 00:00:00,2031.52,2042.21,2018.56,2038.47
2023-11-30 04:00:00,2038.48,2039.87,2018.97,2028.41
2023-11-30 08:00:00,2028.41,2040.75,2022,2040.08
2023-11-30 12:00:00,2040.09,2043.70,2031.03,2035.51
2023-11-30 16:00:00,2035.52,2046.97,2020.40,2045.23
2023-11-30 20:00:00,2045.23,2052.78,2024.24,2033.29
2023-12-01 00:00:00,2033.29,2044,2028.29,2041.24
2023-12-01 04:00:00,2041.25,2054.97,2039.23,2051.76
2023-12-01 08:00:00,2051.77,2093.77,2044.35,2092.10
2023-12-01 12:00:00,2092.11,2108.83,2086.73,2092.29
2023-12-01 16:00:00,2092.30,2111.50,2086.08,2092.21
2023-12-01 20:00:00,2092.21,2094.31,2070.30,2079.43
2023-12-02 00:00:00,2079.44,2110,2077.45,2089.64
2023-12-02 04:00:00,2089.65,2096.68,2081.86,2086.99
2023-12-02 08:00:00,2086.99,2097,2085.63,2092.47
2023-12-02 12:00:00,2092.46,2106.47,2089.52,2095.65
2023-12-02 16:00:00,2095.66,2107.52,2095.65,2098.52
2023-12-02 20:00:00,2098.53,2108.99,2091.81,2103.59
2023-12-03 00:00:00,2103.59,2199.99,2097,2159.10
2023-12-03 04:00:00,2159.09,2177.91,2152.86,2165.28
2023-12-03 08:00:00,2165.26,2177.94,2155.90,2162.38
2023-12-03 12:00:00,2162.39,2165.80,2152.81,2165.07
2023-12-03 16:00:00,2165.07,2168.85,2156.59,2159.28
2023-12-03 20:00:00,2159.27,2165.91,2148.17,2160.35
2023-12-04 00:00:00,2160.36,2169.24,2149.14,2167.59
2023-12-04 04:00:00,2167.60,2219.17,2165.09,2193.24
2023-12-04 08:00:00,2193.25,2230,2191.52,2210.77
2023-12-04 12:00:00,2210.78,2267,2210.38,2247.57
2023-12-04 16:00:00,2247.58,2276.84,2213.60,2238.45
2023-12-04 20:00:00,2238.46,2256.70,2200.90,2212.52
2023-12-05 00:00:00,2212.52,2236.17,2210.17,2234.82
2023-12-05 04:00:00,2234.81,2254.80,2220.20,2243.66
2023-12-05 08:00:00,2243.67,2253.60,2223,2231.36
2023-12-05 12:00:00,2231.36,2238.33,2186,2200.19
2023-12-05 16:00:00,2200.19,2210.62,2190.03,2204.67
2023-12-05 20:00:00,2204.67,2234.81,2199.19,2228.43
2023-12-06 00:00:00,2228.44,2311.51,2219.53,2273.75
2023-12-06 04:00:00,2273.76,2299.91,2252.18,2293.97
2023-12-06 08:00:00,2293.97,2314.98,2275,2282.93
2023-12-06 12:00:00,2282.94,2285.67,2258.83,2266.41
2023-12-06 16:00:00,2266.41,2288.88,2232.82,2253.48
2023-12-06 20:00:00,2253.47,2269.66,2247.05,2252.84
2023-12-07 00:00:00,2252.85,2285.82,2250.63,2263.72
2023-12-07 04:00:00,2263.72,2266,2218.49,2233.29
2023-12-07 08:00:00,2233.32,2250.73,2230.79,2249.78
2023-12-07 12:00:00,2249.77,2270,2248.37,2261.96
2023-12-07 16:00:00,2261.96,2269.79,2222.08,2236.98
2023-12-07 20:00:00,2236.97,2332.89,2232.68,2322.81
2023-12-08 00:00:00,2322.82,2359.05,2317.50,2337.55
2023-12-08 04:00:00,2337.56,2387.20,2336.87,2357.04
2023-12-08 08:00:00,2357.05,2389.95,2353.21,2376.35
2023-12-08 12:00:00,2376.35,2397.44,2354.21,2354.99
2023-12-08 16:00:00,2355,2374.97,2345.71,2367.11
2023-12-08 20:00:00,2367.08,2380,2333.36,2347.44
2023-12-09 00:00:00,2347.43,2363.30,2340.54,2354.44
2023-12-09 04:00:00,2354.43,2379.56,2353.40,2360.82
2023-12-09 08:00:00,2360.82,2368.43,2350.08,2361.79
2023-12-09 12:00:00,2361.79,2390.20,2361.01,2385.40
2023-12-09 16:00:00,2385.27,2407.63,2350,2358.68
2023-12-09 20:00:00,2358.67,2371.85,2336.90,2364.54
2023-12-10 00:00:00,2364.55,2367.35,2343.52,2359.46
2023-12-10 04:00:00,2359.46,2364.30,2328,2342.40
2023-12-10 08:00:00,2342.41,2357,2341.48,2353.03
2023-12-10 12:00:00,2353.03,2360.69,2346,2355.38
2023-12-10 16:00:00,2355.31,2357.96,2323,2339.44
2023-12-10 20:00:00,2339.44,2357.77,2338.79,2353.52
2023-12-11 00:00:00,2353.53,2364.56,2342.11,2357.12
2023-12-11 04:00:00,2357.12,2379.98,2344.31,2353.97
2023-12-11 08:00:00,2353.99,2356.73,2114.63,2251.31
2023-12-11 12:00:00,2251.32,2254.89,2225.66,2237.15
2023-12-11 16:00:00,2237.16,2253.80,2230.40,2249.97
2023-12-11 20:00:00,2249.96,2252.54,2199.50,2220.05
2023-12-12 00:00:00,2220.05,2223.45,2156,2188.61
2023-12-12 04:00:00,2188.60,2227.99,2181.98,2225.56
2023-12-12 08:00:00,2225.55,2245.37,2222.10,2232.23
2023-12-12 12:00:00,2232.24,2239.96,2213.12,2233.92
2023-12-12 16:00:00,2233.92,2239.17,2208.01,2209.51
2023-12-12 20:00:00,2209.52,2234.80,2186.42,2194.71
2023-12-13 00:00:00,2194.70,2200.31,2168.38,2180.44
2023-12-13 04:00:00,2180.44,2207.91,2164.82,2204.70
2023-12-13 08:00:00,2204.71,2208.47,2146,2167.28
2023-12-13 12:00:00,2167.29,2181.86,2145.33,2174.44
2023-12-13 16:00:00,2174.45,2187.89,2168.90,2173.04
2023-12-13 20:00:00,2173.05,2227,2170.53,2218.78
2023-12-14 00:00:00,2218.78,2257.13,2202.27,2253.77
2023-12-14 04:00:00,2253.78,2285.91,2246.04,2261.44
2023-12-14 08:00:00,2261.45,2263.57,2246.13,2252.34
2023-12-14 12:00:00,2252.35,2284.27,2246.89,2283.20
2023-12-14 16:00:00,2283.20,2309,2271.79,2308.57
2023-12-14 20:00:00,2308.57,2319,2212.04,2275.95
2023-12-15 00:00:00,2275.94,2315,2275.05,2293.19
2023-12-15 04:00:00,2293.19,2333.29,2283.27,2316.54
2023-12-15 08:00:00,2316.53,2319.32,2273,2281.72
2023-12-15 12:00:00,2281.73,2284.44,2256.75,2272.50
2023-12-15 16:00:00,2272.49,2288.17,2266.18,2274.31
2023-12-15 20:00:00,2274.31,2275,2225.57,2233.19
2023-12-16 00:00:00,2233.18,2250.38,2228.94,2243.24
2023-12-16 04:00:00,2243.24,2253.77,2195.28,2221.71
2023-12-16 08:00:00,2221.71,2261,2211.16,2255.57
2023-12-16 12:00:00,2255.57,2256.62,2238.60,2242.54
2023-12-16 16:00:00,2242.54,2254.92,2240.48,2254.91
2023-12-16 20:00:00,2254.90,2260.73,2240.03,2257.82
2023-12-17 00:00:00,2257.83,2264.95,2230.65,2236.02
2023-12-17 04:00:00,2236.04,2242.60,2220,2229.64
2023-12-17 08:00:00,2229.63,2234.98,2212.50,2217.74
2023-12-17 12:00:00,2217.72,2225.39,2201.28,2209.79
2023-12-17 16:00:00,2209.79,2221.99,2206.08,2217.29
2023-12-17 20:00:00,2217.29,2227.99,2200,2223.55
2023-12-18 00:00:00,2223.56,2244.16,2211.85,2236.24
2023-12-18 04:00:00,2236.24,2251.24,2190,2197.93
2023-12-18 08:00:00,2197.93,2206.89,2161.57,2175.75
2023-12-18 12:00:00,2175.75,2185.80,2165.53,2170.05
2023-12-18 16:00:00,2170.05,2179.31,2116.56,2143.05
2023-12-18 20:00:00,2143.05,2175.03,2128.39,2156.17
2023-12-19 00:00:00,2156.17,2177.10,2150.31,2175.42
2023-12-19 04:00:00,2175.42,2226.52,2167.87,2220.48
2023-12-19 08:00:00,2220.49,2255.48,2212.69,2237.72
2023-12-19 12:00:00,2237.72,2254.67,2232.42,2248.57
2023-12-19 16:00:00,2248.57,2256.64,2235.26,2237.41
2023-12-19 20:00:00,2237.41,2242.37,2180.02,2192.85
2023-12-20 00:00:00,2192.85,2207.96,2135.03,2177.82
2023-12-20 04:00:00,2177.83,2187.62,2166.01,2179.02
2023-12-20 08:00:00,2179.01,2192.31,2171.30,2187.48
2023-12-20 12:00:00,2187.49,2224.69,2184.57,2217.69
2023-12-20 16:00:00,2217.70,2226.00,2205.30,2212.70
2023-12-20 20:00:00,2212.70,2269.56,2204.19,2249.11
2023-12-21 00:00:00,2249.12,2251.60,2193.26,2206.27
2023-12-21 04:00:00,2206.28,2209.22,2156.00,2203.95
2023-12-21 08:00:00,2203.95,2205.15,2184.90,2202.21
2023-12-21 12:00:00,2202.20,2221.89,2193.81,2216.81
2023-12-21 16:00:00,2216.81,2260.17,2205.00,2255.72
2023-12-21 20:00:00,2255.72,2282.41,2200.00,2234.50
2023-12-22 00:00:00,2234.50,2248.63,2220.00,2227.51
2023-12-22 04:00:00,2227.50,2266.00,2220.00,2241.35
2023-12-22 08:00:00,2241.47,2263.81,2232.56,2250.98
2023-12-22 12:00:00,2250.99,2302.31,2246.92,2275.27
2023-12-22 16:00:00,2275.27,2334.77,2270.11,2315.06
2023-12-22 20:00:00,2315.06,2345.95,2292.43,2321.74
2023-12-23 00:00:00,2321.73,2343.00,2307.13,2311.40
2023-12-23 04:00:00,2311.41,2329.60,2303.98,2326.53
2023-12-23 08:00:00,2326.54,2332.75,2265.00,2274.28
2023-12-23 12:00:00,2274.29,2296.97,2266.46,2285.36
2023-12-23 16:00:00,2285.35,2295.53,2282.36,2288.93
2023-12-23 20:00:00,2288.93,2299.99,2286.01,2287.09
2023-12-24 00:00:00,2287.09,2314.60,2284.30,2293.54
2023-12-24 04:00:00,2293.54,2317.95,2285.77,2309.86
2023-12-24 08:00:00,2309.86,2328.79,2295.60,2318.57
2023-12-24 12:00:00,2318.58,2323.83,2275.70,2296.11
2023-12-24 16:00:00,2296.12,2300.25,2275.00,2290.56
2023-12-24 20:00:00,2290.56,2309.13,2285.76,2294.60
2023-12-25 00:00:00,2294.61,2299.47,2283.09,2290.23
2023-12-25 04:00:00,2290.24,2290.85,2241.20,2265.43
2023-12-25 08:00:00,2265.42,2278.79,2254.38,2277.82
2023-12-25 12:00:00,2277.82,2291.98,2276.74,2282.15
2023-12-25 16:00:00,2282.16,2289.00,2264.96,2280.47
2023-12-25 20:00:00,2280.47,2308.00,2275.18,2288.73
2023-12-26 00:00:00,2288.50,2291.11,2270.97,2275.83
2023-12-26 04:00:00,2275.83,2289.14,2258.04,2273.07
2023-12-26 08:00:00,2273.08,2277.51,2265.47,2270.99
2023-12-26 12:00:00,2270.99,2274.06,2219.03,2242.50
2023-12-26 16:00:00,2242.50,2246.23,2216.86,2244.82
2023-12-26 20:00:00,2244.82,2253.00,2225.55,2230.64
2023-12-27 00:00:00,2230.64,2234.57,2178.84,2213.70
2023-12-27 04:00:00,2213.71,2234.40,2211.00,2232.44
2023-12-27 08:00:00,2232.45,2236.43,2213.68,2219.68
2023-12-27 12:00:00,2219.68,2233.47,2218.92,2230.45
2023-12-27 16:00:00,2230.45,2294.00,2228.72,2287.72
2023-12-27 20:00:00,2287.72,2358.80,2277.44,2345.01
2023-12-28 00:00:00,2345.01,2379.00,2335.64,2348.61
2023-12-28 04:00:00,2348.61,2395.00,2346.21,2380.31
2023-12-28 08:00:00,2380.32,2455.52,2377.59,2415.86
2023-12-28 12:00:00,2415.86,2427.38,2365.00,2383.06
2023-12-28 16:00:00,2383.06,2414.73,2375.00,2403.92
2023-12-28 20:00:00,2403.92,2416.75,2345.00,2360.81
2023-12-29 00:00:00,2360.82,2385.91,2350.30,2364.65
2023-12-29 04:00:00,2364.65,2365.84,2336.02,2345.96
2023-12-29 08:00:00,2345.98,2366.61,2311.07,2354.15
2023-12-29 12:00:00,2354.15,2363.05,2333.45,2335.43
2023-12-29 16:00:00,2335.43,2381.05,2334.10,2374.65
2023-12-29 20:00:00,2374.66,2388.74,2318.00,2328.84
2023-12-30 00:00:00,2328.84,2335.56,2286.34,2318.84
2023-12-30 04:00:00,2318.84,2319.61,2254.72,2300.60
2023-12-30 08:00:00,2300.61,2311.62,2289.11,2300.16
2023-12-30 12:00:00,2300.17,2311.00,2295.61,2297.92
2023-12-30 16:00:00,2297.91,2298.98,2269.15,2289.89
2023-12-30 20:00:00,2289.89,2318.94,2284.19,2314.41
2023-12-31 00:00:00,2314.39,2325.00,2297.40,2301.98
2023-12-31 04:00:00,2301.97,2307.58,2273.86,2293.26
2023-12-31 08:00:00,2293.26,2306.51,2278.84,2285.71
2023-12-31 12:00:00,2285.71,2306.83,2280.91,2296.94
2023-12-31 16:00:00,2296.95,2318.00,2291.43,2310.66
2023-12-31 20:00:00,2310.66,2324.78,2291.86,2300.60
2024-01-01 00:00:00,2300.59,2311.74,2292.56,2296.86
2024-01-01 04:00:00,2296.85,2296.91,2258.00,2283.85
2024-01-01 08:00:00,2283.84,2308.74,2272.04,2275.59
2024-01-01 12:00:00,2275.59,2289.82,2266.67,2286.46
2024-01-01 16:00:00,2286.46,2307.45,2281.82,2306.72
2024-01-01 20:00:00,2306.71,2321.00,2296.51,2316.97
2024-01-02 00:00:00,2316.97,2343.43,2308.36,2339.71
2024-01-02 04:00:00,2339.71,2354.95,2325.56,2354.62
2024-01-02 08:00:00,2354.63,2402.64,2349.57,2388.45
2024-01-02 12:00:00,2388.46,2394.99,2375.66,2387.83
2024-01-02 16:00:00,2387.84,2434.49,2382.01,2394.28
2024-01-02 20:00:00,2394.28,2407.81,2353.47,2359.60
2024-01-03 00:00:00,2359.61,2374.99,2352.32,2371.24
2024-01-03 04:00:00,2371.22,2382.65,2335.00,2356.93
2024-01-03 08:00:00,2356.92,2387.28,2348.46,2370.36
2024-01-03 12:00:00,2370.36,2382.99,2357.99,2362.82
2024-01-03 16:00:00,2362.82,2387.48,2298.01,2309.86
2024-01-03 20:00:00,2309.46,2310.39,2067.16,2241.02
2024-01-04 00:00:00,2241.23,2246.62,2188.88,2206.79
2024-01-04 04:00:00,2206.79,2228.69,2196.15,2210.39
2024-01-04 08:00:00,2210.39,2241.19,2202.10,2231.78
2024-01-04 12:00:00,2231.79,2245.94,2222.04,2222.99
2024-01-04 16:00:00,2223.00,2232.00,2205.42,2229.13
2024-01-04 20:00:00,2229.13,2286.99,2223.58,2277.86
2024-01-05 00:00:00,2277.86,2295.36,2260.00,2274.89
2024-01-05 04:00:00,2274.89,2295.55,2261.70,2267.85
2024-01-05 08:00:00,2267.85,2275.60,2207.03,2242.89
2024-01-05 12:00:00,2242.89,2265.95,2234.34,2252.39
2024-01-05 16:00:00,2252.40,2270.09,2233.23,2242.15
2024-01-05 20:00:00,2242.15,2253.94,2216.20,2225.23
2024-01-06 00:00:00,2225.22,2241.00,2206.00,2234.30
2024-01-06 04:00:00,2234.30,2278.16,2233.60,2268.93
2024-01-06 08:00:00,2268.92,2270.34,2250.26,2253.67
2024-01-06 12:00:00,2253.67,2255.99,2215.56,2233.09
2024-01-06 16:00:00,2233.09,2239.67,2228.58,2238.84
2024-01-06 20:00:00,2238.85,2248.59,2228.18,2246.27
2024-01-07 00:00:00,2246.28,2254.64,2237.10,2244.28
2024-01-07 04:00:00,2244.29,2247.63,2230.03,2240.36
2024-01-07 08:00:00,2240.36,2254.00,2235.08,2241.99
2024-01-07 12:00:00,2241.99,2251.70,2240.46,2248.89
2024-01-07 16:00:00,2248.89,2253.15,2230.00,2236.64
2024-01-07 20:00:00,2236.64,2257.98,2221.21,2229.90
2024-01-08 00:00:00,2229.90,2250.10,2220.09,2248.25
2024-01-08 04:00:00,2248.26,2251.23,2201.06,2220.87
2024-01-08 08:00:00,2220.87,2224.29,2165.43,2190.23
2024-01-08 12:00:00,2190.23,2230.16,2187.15,2223.51
2024-01-08 16:00:00,2223.50,2242.66,2204.16,2240.23
2024-01-08 20:00:00,2240.23,2285.27,2239.00,2269.94
2024-01-09 00:00:00,2269.94,2359.63,2259.17,2355.24
2024-01-09 04:00:00,2355.24,2358.37,2324.34,2331.11
2024-01-09 08:00:00,2331.12,2337.00,2288.01,2309.45
2024-01-09 12:00:00,2309.44,2319.00,2296.80,2306.10
2024-01-09 16:00:00,2306.09,2311.68,2285.09,2298.75
2024-01-09 20:00:00,2298.75,2304.95,2222.44,2256.91
2024-01-10 00:00:00,2256.91,2278.00,2243.27,2270.87
2024-01-10 04:00:00,2270.87,2377.36,2243.26,2344.44
2024-01-10 08:00:00,2344.33,2402.60,2340.00,2361.65
2024-01-10 12:00:00,2361.65,2394.16,2357.21,2369.42
2024-01-10 16:00:00,2369.42,2431.80,2362.50,2402.97
2024-01-10 20:00:00,2402.97,2463.37,2336.28,2450.01
2024-01-11 00:00:00,2450.01,2483.00,2401.21,2478.06
2024-01-11 04:00:00,2478.06,2645.65,2408.95,2585.82
2024-01-11 08:00:00,2585.81,2617.00,2565.69,2613.07
2024-01-11 12:00:00,2613.10,2630.60,2573.48,2590.00
2024-01-11 16:00:00,2590.01,2666.66,2586.76,2658.18
2024-01-11 20:00:00,2658.18,2691.90,2595.35,2614.66
2024-01-12 00:00:00,2614.65,2626.95,2571.28,2623.37
2024-01-12 04:00:00,2623.36,2633.72,2588.40,2618.59
2024-01-12 08:00:00,2618.60,2625.10,2581.09,2590.28
2024-01-12 12:00:00,2590.29,2627.90,2586.25,2597.22
2024-01-12 16:00:00,2597.23,2669.69,2585.01,2648.23
2024-01-12 20:00:00,2648.23,2719.89,2634.44,2648.40
2024-01-13 00:00:00,2648.40,2691.23,2560.00,2585.80
2024-01-13 04:00:00,2585.80,2600.20,2458.38,2523.30
2024-01-13 08:00:00,2523.30,2557.86,2497.79,2548.98
2024-01-13 12:00:00,2548.98,2562.00,2539.31,2550.91
2024-01-13 16:00:00,2550.91,2561.04,2521.24,2543.12
2024-01-13 20:00:00,2543.12,2567.00,2531.84,2564.29
2024-01-14 00:00:00,2564.30,2581.35,2548.87,2572.41
2024-01-14 04:00:00,2572.44,2591.29,2563.00,2578.50
2024-01-14 08:00:00,2578.51,2579.13,2550.54,2551.84
2024-01-14 12:00:00,2551.84,2557.14,2543.01,2551.63
2024-01-14 16:00:00,2551.63,2555.00,2535.29,2538.22
2024-01-14 20:00:00,2538.22,2547.56,2524.82,2538.16
2024-01-15 00:00:00,2538.17,2544.86,2500.04,2502.03
2024-01-15 04:00:00,2502.02,2534.30,2470.00,2474.36
2024-01-15 08:00:00,2474.30,2515.05,2472.04,2504.74
2024-01-15 12:00:00,2504.74,2522.42,2504.22,2514.32
2024-01-15 16:00:00,2514.32,2543.60,2507.93,2539.90
2024-01-15 20:00:00,2539.90,2549.79,2505.39,2515.02
2024-01-16 00:00:00,2515.01,2555.00,2514.57,2535.22
2024-01-16 04:00:00,2535.22,2539.99,2500.00,2512.21
2024-01-16 08:00:00,2512.20,2539.23,2505.01,2538.00
2024-01-16 12:00:00,2537.99,2543.00,2522.47,2528.57
2024-01-16 16:00:00,2528.57,2549.88,2520.60,2530.83
2024-01-16 20:00:00,2530.83,2572.00,2500.00,2559.43
2024-01-17 00:00:00,2559.43,2579.88,2547.21,2574.57
2024-01-17 04:00:00,2574.57,2613.80,2571.46,2587.40
2024-01-17 08:00:00,2587.40,2593.01,2570.99,2571.60
2024-01-17 12:00:00,2571.60,2575.63,2551.25,2552.14
2024-01-17 16:00:00,2552.13,2554.12,2535.19,2543.08
2024-01-17 20:00:00,2543.08,2575.26,2532.00,2539.31
2024-01-18 00:00:00,2539.32,2545.53,2515.00,2533.46
2024-01-18 04:00:00,2533.47,2545.56,2505.76,2530.62
2024-01-18 08:00:00,2530.61,2534.28,2509.25,2530.23
2024-01-18 12:00:00,2530.24,2540.00,2525.02,2538.88
2024-01-18 16:00:00,2538.87,2549.99,2515.00,2522.72
2024-01-18 20:00:00,2522.73,2535.89,2503.00,2526.12
2024-01-19 00:00:00,2526.12,2526.73,2429.50,2439.37
2024-01-19 04:00:00,2439.36,2472.90,2428.22,2471.29
2024-01-19 08:00:00,2471.29,2474.96,2442.98,2460.77
2024-01-19 12:00:00,2460.76,2474.94,2456.86,2465.48
2024-01-19 16:00:00,2465.48,2495.74,2460.40,2488.83
2024-01-19 20:00:00,2488.83,2500.95,2460.37,2463.66
2024-01-20 00:00:00,2463.67,2505.16,2415.55,2493.58
2024-01-20 04:00:00,2493.58,2504.91,2480.53,2492.46
2024-01-20 08:00:00,2492.46,2492.46,2475.40,2481.82
2024-01-20 12:00:00,2481.82,2487.11,2475.43,2479.00
2024-01-20 16:00:00,2478.99,2480.52,2463.33,2471.10
2024-01-20 20:00:00,2471.10,2477.16,2457.60,2464.34
2024-01-21 00:00:00,2464.34,2468.34,2453.79,2461.94
2024-01-21 04:00:00,2461.95,2474.73,2460.45,2472.27
2024-01-21 08:00:00,2472.26,2481.92,2465.16,2475.35
2024-01-21 12:00:00,2475.35,2476.11,2466.07,2475.84
2024-01-21 16:00:00,2475.85,2482.70,2471.68,2473.77
2024-01-21 20:00:00,2473.77,2481.43,2463.66,2468.00
2024-01-22 00:00:00,2468.01,2478.66,2464.00,2474.41
2024-01-22 04:00:00,2474.41,2475.69,2451.00,2457.02
2024-01-22 08:00:00,2457.02,2466.46,2424.00,2437.91
2024-01-22 12:00:00,2437.90,2439.05,2401.20,2420.98
2024-01-22 16:00:00,2420.98,2420.99,2360.51,2381.00
2024-01-22 20:00:00,2380.99,2405.22,2352.64,2380.00
2024-01-23 00:00:00,2379.99,2386.30,2303.50,2321.89
2024-01-23 04:00:00,2321.89,2351.58,2302.21,2314.33
2024-01-23 08:00:00,2314.33,2343.10,2312.44,2339.01
2024-01-23 12:00:00,2339.01,2351.76,2315.92,2323.57
2024-01-23 16:00:00,2323.56,2327.19,2202.95,2218.28
2024-01-23 20:00:00,2218.28,2232.96,2167.50,2219.07
2024-01-24 00:00:00,2219.06,2231.51,2180.41,2185.00
2024-01-24 04:00:00,2185.01,2247.31,2182.21,2241.67
2024-01-24 08:00:00,2241.67,2255.00,2211.31,2213.04
2024-01-24 12:00:00,2213.04,2245.00,2212.51,2233.83
2024-01-24 16:00:00,2233.83,2264.44,2228.18,2243.22
2024-01-24 20:00:00,2243.22,2247.57,2217.18,2233.95
2024-01-25 00:00:00,2233.95,2244.32,2202.02,2212.47
2024-01-25 04:00:00,2212.46,2239.29,2195.00,2234.62
2024-01-25 08:00:00,2234.62,2239.40,2205.07,2216.14
2024-01-25 12:00:00,2216.14,2227.47,2202.41,2226.94
2024-01-25 16:00:00,2226.94,2242.55,2216.17,2231.10
2024-01-25 20:00:00,2231.09,2233.91,2181.03,2187.61
2024-01-26 00:00:00,2187.61,2225.00,2169.04,2217.96
2024-01-26 04:00:00,2217.96,2231.10,2211.40,2218.02
2024-01-26 08:00:00,2218.01,2237.98,2210.25,2222.95
2024-01-26 12:00:00,2222.95,2228.88,2195.15,2196.99
2024-01-26 16:00:00,2196.98,2260.36,2195.29,2253.11
2024-01-26 20:00:00,2253.11,2264.92,2232.72,2256.62
2024-01-27 00:00:00,2256.62,2281.96,2249.58,2257.29
2024-01-27 04:00:00,2257.28,2270.89,2251.34,2266.72
2024-01-27 08:00:00,2266.73,2283.35,2263.75,2273.36
2024-01-27 12:00:00,2273.36,2275.75,2252.31,2257.80
2024-01-27 16:00:00,2257.80,2271.46,2250.33,2264.87
2024-01-27 20:00:00,2264.86,2274.45,2261.01,2269.29
2024-01-28 00:00:00,2269.29,2276.95,2260.11,2272.00
2024-01-28 04:00:00,2271.99,2275.04,2260.04,2266.99
2024-01-28 08:00:00,2267.00,2288.71,2261.94,2285.99
2024-01-28 12:00:00,2285.98,2308.00,2280.41,2281.84
2024-01-28 16:00:00,2281.83,2301.81,2275.70,2280.19
2024-01-28 20:00:00,2280.20,2285.59,2260.57,2269.16
2024-01-29 00:00:00,2269.16,2275.31,2245.04,2253.09
2024-01-29 04:00:00,2253.08,2265.71,2236.56,2256.00
2024-01-29 08:00:00,2256.00,2277.49,2249.58,2270.98
2024-01-29 12:00:00,2270.97,2273.55,2256.94,2258.50
2024-01-29 16:00:00,2258.50,2276.80,2253.19,2263.88
2024-01-29 20:00:00,2263.89,2275.50,2232.00,2274.99
2024-01-30 00:00:00,2274.99,2314.75,2264.57,2292.40
2024-01-30 04:00:00,2292.41,2322.53,2291.20,2316.52
2024-01-30 08:00:00,2316.53,2327.68,2302.70,2310.35
2024-01-30 12:00:00,2310.35,2313.65,2299.57,2308.27
2024-01-30 16:00:00,2308.26,2316.84,2301.25,2313.10
2024-01-30 20:00:00,2313.10,2347.67,2295.10,2340.43
2024-01-31 00:00:00,2340.43,2381.47,2334.51,2373.75
2024-01-31 04:00:00,2373.75,2392.84,2336.05,2341.95
2024-01-31 08:00:00,2341.96,2351.23,2326.11,2342.32
2024-01-31 12:00:00,2342.31,2344.00,2328.80,2339.73
2024-01-31 16:00:00,2339.72,2342.58,2279.24,2299.12
2024-01-31 20:00:00,2299.11,2333.02,2290.37,2328.49
2024-02-01 00:00:00,2328.49,2349.95,2308.20,2322.34
2024-02-01 04:00:00,2322.35,2323.74,2261.88,2282.00
2024-02-01 08:00:00,2281.99,2289.25,2237.00,2256.12
2024-02-01 12:00:00,2256.12,2276.88,2250.65,2270.92
2024-02-01 16:00:00,2270.92,2277.57,2263.97,2265.62
2024-02-01 20:00:00,2265.62,2307.92,2261.76,2288.28
2024-02-02 00:00:00,2288.29,2311.51,2267.08,2303.96
2024-02-02 04:00:00,2303.97,2309.72,2285.11,2303.33
2024-02-02 08:00:00,2303.32,2320.00,2297.05,2300.36
2024-02-02 12:00:00,2300.36,2318.90,2295.45,2312.51
2024-02-02 16:00:00,2312.51,2318.59,2304.07,2317.48
2024-02-02 20:00:00,2317.48,2324.90,2280.05,2313.01
2024-02-03 00:00:00,2313.00,2323.52,2285.29,2300.66
2024-02-03 04:00:00,2300.65,2309.82,2293.88,2307.99
2024-02-03 08:00:00,2308.00,2330.45,2305.73,2320.41
2024-02-03 12:00:00,2320.42,2324.49,2312.21,2313.44
2024-02-03 16:00:00,2313.45,2315.61,2298.58,2302.72
2024-02-03 20:00:00,2302.72,2309.12,2291.00,2302.83
2024-02-04 00:00:00,2302.83,2312.77,2295.41,2302.49
2024-02-04 04:00:00,2302.49,2304.91,2292.12,2295.42
2024-02-04 08:00:00,2295.41,2305.78,2290.00,2302.07
2024-02-04 12:00:00,2302.07,2303.49,2285.00,2289.66
2024-02-04 16:00:00,2289.67,2309.58,2285.35,2304.62
2024-02-04 20:00:00,2304.61,2308.70,2296.14,2300.89
2024-02-05 00:00:00,2300.88,2307.89,2261.51,2278.82
2024-02-05 04:00:00,2278.81,2311.00,2272.74,2288.66
2024-02-05 08:00:00,2288.66,2298.01,2267.62,2295.51
2024-02-05 12:00:00,2295.50,2311.96,2288.36,2309.74
2024-02-05 16:00:00,2309.74,2332.62,2309.73,2328.56
2024-02-05 20:00:00,2328.57,2338.00,2292.75,2297.21
2024-02-06 00:00:00,2297.21,2312.31,2288.85,2303.68
2024-02-06 04:00:00,2303.67,2305.03,2282.00,2300.83
2024-02-06 08:00:00,2300.83,2329.30,2297.74,2315.79
2024-02-06 12:00:00,2315.79,2326.98,2307.00,2326.05
2024-02-06 16:00:00,2326.05,2344.45,2316.17,2324.58
2024-02-06 20:00:00,2324.59,2350.00,2308.16,2342.85
2024-02-07 00:00:00,2342.84,2378.99,2340.00,2377.85
2024-02-07 04:00:00,2377.86,2392.00,2370.59,2371.74
2024-02-07 08:00:00,2371.74,2389.96,2362.00,2363.79
2024-02-07 12:00:00,2363.79,2368.17,2355.89,2362.07
2024-02-07 16:00:00,2362.07,2377.11,2352.06,2360.72
2024-02-07 20:00:00,2360.71,2385.00,2359.91,2368.69
2024-02-08 00:00:00,2368.69,2424.92,2367.29,2418.66
2024-02-08 04:00:00,2418.66,2445.00,2418.66,2424.22
2024-02-08 08:00:00,2424.21,2443.43,2422.69,2432.45
2024-02-08 12:00:00,2432.45,2434.32,2410.16,2420.20
2024-02-08 16:00:00,2420.20,2429.88,2415.00,2424.19
2024-02-08 20:00:00,2424.19,2463.28,2415.50,2452.52
2024-02-09 00:00:00,2452.47,2454.56,2412.00,2420.66
2024-02-09 04:00:00,2420.66,2433.48,2417.01,2418.76
2024-02-09 08:00:00,2418.77,2466.00,2418.26,2447.52
2024-02-09 12:00:00,2447.52,2462.94,2438.44,2452.86
2024-02-09 16:00:00,2452.86,2507.00,2452.46,2501.82
2024-02-09 20:00:00,2501.83,2528.66,2475.30,2494.24
2024-02-10 00:00:00,2494.24,2522.56,2477.13,2484.65
2024-02-10 04:00:00,2484.66,2505.80,2482.57,2485.24
2024-02-10 08:00:00,2485.24,2513.83,2481.65,2511.14
2024-02-10 12:00:00,2511.13,2515.20,2493.14,2494.06
2024-02-10 16:00:00,2494.06,2498.28,2470.04,2482.38
2024-02-10 20:00:00,2482.37,2496.00,2479.59,2489.42
2024-02-11 00:00:00,2489.43,2496.97,2482.24,2496.73
2024-02-11 04:00:00,2496.74,2516.12,2491.05,2499.20
2024-02-11 08:00:00,2499.20,2528.98,2492.47,2528.28
2024-02-11 12:00:00,2528.28,2538.46,2513.50,2526.93
2024-02-11 16:00:00,2526.93,2539.20,2510.03,2530.13
2024-02-11 20:00:00,2530.13,2531.36,2503.37,2507.64
2024-02-12 00:00:00,2507.65,2519.47,2495.08,2506.67
2024-02-12 04:00:00,2506.67,2513.63,2492.16,2506.10
2024-02-12 08:00:00,2506.11,2525.00,2492.02,2498.97
2024-02-12 12:00:00,2498.98,2504.00,2479.36,2500.89
2024-02-12 16:00:00,2500.89,2504.83,2470.05,2487.17
2024-02-12 20:00:00,2487.17,2563.37,2480.09,2557.33
2024-02-13 00:00:00,2557.33,2639.98,2535.56,2610.91
2024-02-13 04:00:00,2610.91,2667.74,2610.90,2660.91
2024-02-13 08:00:00,2660.91,2688.80,2637.46,2642.41
2024-02-13 12:00:00,2642.40,2655.85,2640.00,2650.26
2024-02-13 16:00:00,2650.26,2688.14,2648.22,2683.15
2024-02-13 20:00:00,2683.15,2687.98,2585.70,2632.72
2024-02-14 00:00:00,2632.72,2641.99,2593.00,2612.16
2024-02-14 04:00:00,2612.16,2651.24,2611.41,2640.83
2024-02-14 08:00:00,2640.88,2645.21,2619.12,2638.08
2024-02-14 12:00:00,2638.08,2656.13,2621.12,2653.63
2024-02-14 16:00:00,2653.62,2763.60,2648.36,2758.06
2024-02-14 20:00:00,2758.14,2775.00,2731.00,2751.37
2024-02-15 00:00:00,2751.36,2767.87,2728.09,2762.91
2024-02-15 04:00:00,2762.90,2788.88,2756.25,2776.14
2024-02-15 08:00:00,2776.14,2829.41,2772.63,2803.24
2024-02-15 12:00:00,2803.24,2805.62,2758.57,2773.93
2024-02-15 16:00:00,2773.92,2804.00,2770.02,2794.72
2024-02-15 20:00:00,2794.71,2870.98,2776.19,2828.35
2024-02-16 00:00:00,2828.34,2843.31,2803.88,2836.11
2024-02-16 04:00:00,2836.11,2848.54,2787.03,2824.54
2024-02-16 08:00:00,2824.53,2859.83,2821.34,2848.03
2024-02-16 12:00:00,2848.03,2854.69,2813.50,2817.09
2024-02-16 16:00:00,2817.08,2837.66,2795.50,2825.21
2024-02-16 20:00:00,2825.20,2849.44,2732.70,2777.45
2024-02-17 00:00:00,2777.44,2809.78,2756.75,2764.05
2024-02-17 04:00:00,2764.05,2812.14,2759.03,2803.69
2024-02-17 08:00:00,2803.70,2806.09,2778.39,2794.90
2024-02-17 12:00:00,2794.90,2800.73,2780.31,2797.20
2024-02-17 16:00:00,2797.20,2797.21,2766.04,2782.83
2024-02-17 20:00:00,2782.83,2789.98,2718.35,2756.35
2024-02-18 00:00:00,2756.35,2778.97,2744.35,2776.11
2024-02-18 04:00:00,2776.12,2804.33,2773.17,2787.43
2024-02-18 08:00:00,2787.44,2799.95,2764.80,2783.89
2024-02-18 12:00:00,2783.90,2808.99,2780.21,2802.29
2024-02-18 16:00:00,2802.28,2825.00,2798.22,2804.97
2024-02-18 20:00:00,2804.97,2814.88,2786.41,2808.60
2024-02-19 00:00:00,2808.60,2846.97,2794.97,2829.03
2024-02-19 04:00:00,2829.03,2899.00,2817.34,2883.58
2024-02-19 08:00:00,2883.56,2895.95,2856.40,2888.82
2024-02-19 12:00:00,2888.82,2934.00,2882.27,2927.89
2024-02-19 16:00:00,2927.89,2929.66,2891.09,2914.46
2024-02-19 20:00:00,2914.45,2922.80,2888.20,2910.38
2024-02-20 00:00:00,2910.37,2957.00,2888.57,2935.49
2024-02-20 04:00:00,2935.49,2988.22,2928.64,2946.55
2024-02-20 08:00:00,2946.55,2958.30,2905.14,2908.89
2024-02-20 12:00:00,2908.89,2938.12,2905.00,2923.32
2024-02-20 16:00:00,2923.32,2944.23,2873.60,2937.20
2024-02-20 20:00:00,2937.19,3009.68,2901.06,2926.95
2024-02-21 00:00:00,2926.94,2989.49,2885.00,2988.23
2024-02-21 04:00:00,2988.23,3036.83,2967.83,3017.21
2024-02-21 08:00:00,3017.22,3020.00,2990.50,3007.88
2024-02-21 12:00:00,3007.88,3012.45,2922.60,2941.89
2024-02-21 16:00:00,2941.88,2958.56,2888.01,2900.32
2024-02-21 20:00:00,2900.32,2929.80,2867.87,2915.62
2024-02-22 00:00:00,2915.61,2938.99,2886.00,2913.65
2024-02-22 04:00:00,2913.65,2982.24,2900.55,2969.65
2024-02-22 08:00:00,2969.65,2970.35,2907.16,2936.45
2024-02-22 12:00:00,2936.45,2999.96,2921.19,2995.94
2024-02-22 16:00:00,2995.95,3036.00,2972.22,2992.83
2024-02-22 20:00:00,2992.83,3007.62,2932.42,2988.33
2024-02-23 00:00:00,2988.33,3006.00,2962.02,2989.89
2024-02-23 04:00:00,2989.88,3044.00,2969.12,2972.80
2024-02-23 08:00:00,2972.80,2996.00,2934.67,2956.97
2024-02-23 12:00:00,2956.97,2969.82,2923.17,2935.00
2024-02-23 16:00:00,2935.00,2950.05,2913.28,2945.30
2024-02-23 20:00:00,2945.30,2964.10,2913.28,2916.80
2024-02-24 00:00:00,2916.81,2953.62,2906.62,2947.00
2024-02-24 04:00:00,2947.00,2955.41,2907.00,2923.35
2024-02-24 08:00:00,2923.36,2938.55,2907.16,2932.37
2024-02-24 12:00:00,2932.37,2968.00,2930.89,2965.18
2024-02-24 16:00:00,2965.18,2968.36,2949.10,2962.75
2024-02-24 20:00:00,2962.76,2970.65,2954.41,2956.51
2024-02-25 00:00:00,2956.51,3009.29,2956.36,2989.27
2024-02-25 04:00:00,2989.27,2997.97,2980.71,2994.39
2024-02-25 08:00:00,2994.39,3055.19,2985.23,3027.29
2024-02-25 12:00:00,3027.30,3051.16,3014.52,3032.50
2024-02-25 16:00:00,3032.49,3043.84,3012.00,3042.93
2024-02-25 20:00:00,3042.94,3078.00,3027.39,3045.54
2024-02-26 00:00:00,3045.54,3093.23,3028.57,3084.57
2024-02-26 04:00:00,3084.57,3131.00,3084.36,3115.24
2024-02-26 08:00:00,3115.24,3141.83,3087.02,3109.81
2024-02-26 12:00:00,3109.80,3119.44,3087.99,3089.35
2024-02-26 16:00:00,3089.34,3105.17,3037.25,3059.43
2024-02-26 20:00:00,3059.42,3151.00,3039.42,3149.10
2024-02-27 00:00:00,3149.10,3188.00,3129.04,3181.20
2024-02-27 04:00:00,3181.20,3200.00,3167.50,3178.60
2024-02-27 08:00:00,3178.60,3295.57,3168.29,3222.13
2024-02-27 12:00:00,3222.12,3241.38,3205.26,3219.57
2024-02-27 16:00:00,3219.57,3272.79,3218.78,3258.88
2024-02-27 20:00:00,3258.87,3292.46,3220.80,3231.74
2024-02-28 00:00:00,3231.73,3264.00,3205.00,3253.64
2024-02-28 04:00:00,3253.65,3273.00,3235.69,3244.98
2024-02-28 08:00:00,3244.99,3261.53,3233.05,3251.70
2024-02-28 12:00:00,3251.69,3309.99,3246.43,3306.43
2024-02-28 16:00:00,3306.44,3375.61,3280.00,3299.52
2024-02-28 20:00:00,3299.52,3381.11,3287.50,3350.30
2024-02-29 00:00:00,3350.31,3502.07,3152.94,3302.23
2024-02-29 04:00:00,3302.24,3388.40,3255.12,3387.07
2024-02-29 08:00:00,3387.07,3475.68,3379.80,3411.47
2024-02-29 12:00:00,3411.48,3499.00,3401.48,3471.58
2024-02-29 16:00:00,3471.59,3531.00,3445.80,3520.55
2024-02-29 20:00:00,3520.55,3524.76,3447.02,3470.42
2024-03-01 00:00:00,3470.42,3473.93,3352.00,3408.27
2024-03-01 04:00:00,3408.39,3419.67,3300.39,3343.15
2024-03-01 08:00:00,3343.16,3393.22,3342.18,3371.36
2024-03-01 12:00:00,3371.36,3402.36,3366.14,3367.73
2024-03-01 16:00:00,3367.73,3441.99,3355.24,3414.27
2024-03-01 20:00:00,3414.27,3454.19,3380.00,3393.63
2024-03-02 00:00:00,3393.63,3439.49,3383.52,3431.14
2024-03-02 04:00:00,3431.15,3456.00,3424.30,3435.82
2024-03-02 08:00:00,3435.83,3464.96,3428.12,3445.79
2024-03-02 12:00:00,3445.80,3475.00,3390.00,3433.71
2024-03-02 16:00:00,3433.71,3439.65,3397.12,3407.88
2024-03-02 20:00:00,3407.87,3432.00,3397.07,3421.37
2024-03-03 00:00:00,3421.37,3435.75,3413.42,3429.71
2024-03-03 04:00:00,3429.71,3435.00,3405.10,3424.43
2024-03-03 08:00:00,3424.43,3437.64,3412.00,3434.84
2024-03-03 12:00:00,3434.83,3450.00,3355.88,3394.76
2024-03-03 16:00:00,3394.76,3417.79,3377.55,3416.31
2024-03-03 20:00:00,3416.31,3452.74,3406.08,3424.31
2024-03-04 00:00:00,3424.31,3489.63,3421.21,3468.03
2024-03-04 04:00:00,3468.04,3496.78,3462.00,3491.77
2024-03-04 08:00:00,3491.78,3538.19,3420.22,3475.49
2024-03-04 12:00:00,3475.50,3490.95,3457.64,3480.36
2024-03-04 16:00:00,3480.37,3549.00,3479.99,3510.35
2024-03-04 20:00:00,3510.36,3577.00,3460.00,3562.65
2024-03-05 00:00:00,3562.64,3616.78,3531.21,3596.91
2024-03-05 04:00:00,3596.91,3644.77,3561.00,3629.72
2024-03-05 08:00:00,3629.72,3705.60,3610.12,3695.86
2024-03-05 12:00:00,3695.86,3751.11,3645.91,3678.00
2024-03-05 16:00:00,3678.00,3750.00,3656.00,3737.96
2024-03-05 20:00:00,3737.95,3827.93,3737.06,3786.85
2024-03-06 00:00:00,3786.85,3800.30,3205.00,3377.73
2024-03-06 04:00:00,3377.53,3583.26,3326.04,3555.43
2024-03-06 08:00:00,3555.43,3593.82,3501.00,3540.44
2024-03-06 12:00:00,3540.44,3793.56,3538.79,3789.84
2024-03-06 16:00:00,3789.85,3902.72,3781.70,3883.07
2024-03-06 20:00:00,3883.06,3906.42,3725.00,3793.55
2024-03-07 00:00:00,3793.57,3884.58,3766.67,3855.68
2024-03-07 04:00:00,3855.68,3896.96,3796.48,3822.36
2024-03-07 08:00:00,3822.35,3857.60,3767.50,3779.03
2024-03-07 12:00:00,3778.88,3806.95,3736.44,3792.06
2024-03-07 16:00:00,3792.07,3819.31,3773.60,3791.67
2024-03-07 20:00:00,3791.66,3858.00,3767.98,3840.37
2024-03-08 00:00:00,3840.37,3888.00,3816.36,3874.31
2024-03-08 04:00:00,3874.31,3939.00,3841.28,3871.69
2024-03-08 08:00:00,3871.69,3947.36,3866.61,3905.18
2024-03-08 12:00:00,3905.19,3954.43,3883.11,3913.52
2024-03-08 16:00:00,3913.52,3959.98,3913.27,3954.66
2024-03-08 20:00:00,3954.66,4003.33,3889.29,3904.01
2024-03-09 00:00:00,3904.02,3983.43,3826.08,3932.00
2024-03-09 04:00:00,3932.01,3955.73,3872.79,3886.04
2024-03-09 08:00:00,3886.04,3932.80,3880.35,3926.30
2024-03-09 12:00:00,3926.30,3945.88,3915.00,3928.92
2024-03-09 16:00:00,3928.91,3939.85,3890.01,3915.99
2024-03-09 20:00:00,3915.98,3931.07,3904.00,3920.24
2024-03-10 00:00:00,3920.23,3924.35,3871.46,3884.64
2024-03-10 04:00:00,3884.64,3916.24,3884.64,3908.15
2024-03-10 08:00:00,3908.16,3945.62,3902.29,3938.31
2024-03-10 12:00:00,3938.32,3956.48,3932.61,3948.47
2024-03-10 16:00:00,3948.48,3970.84,3923.35,3936.92
2024-03-10 20:00:00,3936.93,3951.63,3860.00,3886.00
2024-03-11 00:00:00,3886.00,3929.93,3884.44,3901.17
2024-03-11 04:00:00,3901.17,3907.60,3791.19,3881.22
2024-03-11 08:00:00,3881.32,3891.99,3719.00,3870.31
2024-03-11 12:00:00,3870.32,4027.20,3836.12,4013.37
2024-03-11 16:00:00,4013.37,4061.91,3992.24,4038.51
2024-03-11 20:00:00,4038.52,4072.21,4017.41,4020.68
2024-03-12 00:00:00,4020.69,4095.16,4001.49,4036.12
2024-03-12 04:00:00,4036.12,4089.08,4032.18,4070.52
2024-03-12 08:00:00,4070.52,4098.64,4024.30,4033.31
2024-03-12 12:00:00,4033.31,4056.52,4002.10,4030.09
2024-03-12 16:00:00,4030.07,4072.00,3968.00,4024.82
2024-03-12 20:00:00,4024.81,4061.83,3950.00,3992.53
2024-03-13 00:00:00,3992.53,3996.28,3831.95,3984.96
2024-03-13 04:00:00,3984.96,3985.36,3929.60,3984.18
2024-03-13 08:00:00,3984.18,4050.00,3976.94,4047.93
2024-03-13 12:00:00,4047.92,4085.90,4033.13,4043.28
2024-03-13 16:00:00,4043.29,4091.65,4043.29,4053.74
2024-03-13 20:00:00,4053.74,4058.00,3935.00,3965.66
2024-03-14 00:00:00,3965.67,4015.66,3955.50,4004.13
2024-03-14 04:00:00,4004.12,4025.84,3977.49,4008.76
2024-03-14 08:00:00,4008.76,4015.45,3955.62,3997.37
2024-03-14 12:00:00,3997.38,4011.97,3942.01,3966.68
2024-03-14 16:00:00,3966.68,4002.89,3946.66,3959.21
2024-03-14 20:00:00,3959.22,3971.94,3820.00,3848.40
2024-03-15 00:00:00,3848.41,3900.51,3725.03,3789.88
2024-03-15 04:00:00,3789.87,3894.00,3784.40,3884.99
2024-03-15 08:00:00,3884.99,3938.16,3623.00,3724.84
2024-03-15 12:00:00,3724.84,3784.00,3656.38,3756.08
2024-03-15 16:00:00,3756.09,3765.00,3566.00,3692.96
2024-03-15 20:00:00,3692.97,3746.80,3674.33,3691.94
2024-03-16 00:00:00,3691.94,3811.10,3661.83,3690.00
2024-03-16 04:00:00,3690.00,3751.57,3606.00,3745.00
2024-03-16 08:00:00,3745.01,3784.87,3725.19,3738.41
2024-03-16 12:00:00,3738.41,3746.68,3692.90,3743.39
2024-03-16 16:00:00,3743.40,3744.54,3666.00,3695.24
2024-03-16 20:00:00,3695.24,3715.20,3640.39,3681.49
2024-03-17 00:00:00,3681.49,3683.53,3571.21,3603.01
2024-03-17 04:00:00,3603.02,3637.42,3468.84,3525.58
2024-03-17 08:00:00,3525.57,3585.40,3507.10,3574.37
2024-03-17 12:00:00,3574.38,3575.23,3414.72,3474.33
2024-03-17 16:00:00,3474.32,3610.25,3462.35,3582.47
2024-03-17 20:00:00,3582.47,3650.00,3531.77,3629.96
2024-03-18 00:00:00,3629.95,3658.98,3604.30,3653.38
2024-03-18 04:00:00,3653.39,3682.95,3627.26,3646.99
2024-03-18 08:00:00,3646.99,3648.78,3560.00,3603.58
2024-03-18 12:00:00,3603.58,3645.87,3580.00,3628.97
2024-03-18 16:00:00,3628.96,3629.47,3552.07,3600.76
2024-03-18 20:00:00,3600.77,3616.21,3489.00,3528.17
2024-03-19 00:00:00,3528.17,3568.00,3454.72,3482.09
2024-03-19 04:00:00,3482.09,3550.00,3482.09,3523.43
2024-03-19 08:00:00,3523.44,3551.99,3363.51,3421.68
2024-03-19 12:00:00,3421.68,3430.69,3306.45,3361.60
2024-03-19 16:00:00,3361.60,3361.66,3205.03,3278.91
2024-03-19 20:00:00,3278.91,3327.39,3225.00,3304.63
2024-03-20 00:00:00,3304.63,3363.27,3282.00,3335.56
2024-03-20 04:00:00,3335.55,3341.25,3153.00,3161.00
2024-03-20 08:00:00,3160.99,3266.31,3154.14,3162.24
2024-03-20 12:00:00,3162.28,3228.03,3055.00,3219.73
2024-03-20 16:00:00,3219.73,3298.92,3207.02,3294.54
2024-03-20 20:00:00,3294.55,3399.58,3277.00,3295.09
2024-03-21 00:00:00,3295.08,3409.70,3142.00,3380.82
2024-03-21 04:00:00,3380.82,3539.16,3372.33,3517.80
2024-03-21 08:00:00,3517.80,3564.61,3495.70,3513.01
2024-03-21 12:00:00,3513.18,3541.11,3450.00,3518.79
2024-03-21 16:00:00,3518.80,3590.53,3518.79,3533.33
2024-03-21 20:00:00,3533.38,3577.00,3480.05,3500.83
2024-03-22 00:00:00,3500.82,3549.46,3414.06,3443.60
2024-03-22 04:00:00,3443.58,3524.99,3414.32,3495.16
2024-03-22 08:00:00,3495.16,3531.68,3455.17,3524.94
2024-03-22 12:00:00,3524.94,3545.36,3502.80,3514.52
2024-03-22 16:00:00,3514.53,3527.19,3400.00,3407.74
2024-03-22 20:00:00,3407.74,3429.00,3282.77,3351.21
2024-03-23 00:00:00,3351.21,3364.56,3290.53,3343.61
2024-03-23 04:00:00,3343.62,3348.16,3250.10,3339.00
2024-03-23 08:00:00,3338.99,3364.44,3271.38,3305.32
2024-03-23 12:00:00,3305.33,3386.81,3300.28,3367.61
2024-03-23 16:00:00,3367.61,3385.00,3330.08,3367.32
2024-03-23 20:00:00,3367.32,3425.93,3346.10,3407.57
2024-03-24 00:00:00,3407.58,3438.00,3386.09,3388.67
2024-03-24 04:00:00,3388.66,3403.79,3328.00,3330.96
2024-03-24 08:00:00,3330.96,3370.91,3307.68,3310.68
2024-03-24 12:00:00,3310.69,3345.57,3301.46,3344.30
2024-03-24 16:00:00,3344.30,3395.66,3337.78,3389.88
2024-03-24 20:00:00,3389.87,3417.64,3379.13,3399.94
2024-03-25 00:00:00,3399.94,3411.94,3334.31,3385.09
2024-03-25 04:00:00,3385.09,3474.16,3377.68,3457.16
2024-03-25 08:00:00,3457.16,3463.68,3422.18,3457.06
2024-03-25 12:00:00,3457.05,3508.80,3443.16,3446.71
2024-03-25 16:00:00,3446.72,3474.98,3433.81,3438.40
2024-03-25 20:00:00,3438.39,3591.31,3430.41,3584.48
2024-03-26 00:00:00,3584.48,3665.10,3569.17,3642.53
2024-03-26 04:00:00,3642.53,3651.44,3568.07,3592.94
2024-03-26 08:00:00,3592.94,3645.13,3584.00,3626.56
2024-03-26 12:00:00,3626.55,3684.45,3622.08,3637.91
2024-03-26 16:00:00,3637.91,3674.00,3630.44,3634.47
2024-03-26 20:00:00,3634.44,3657.08,3545.63,3596.00
2024-03-27 00:00:00,3595.99,3607.64,3545.80,3563.68
2024-03-27 04:00:00,3563.67,3617.30,3561.21,3589.64
2024-03-27 08:00:00,3589.65,3631.00,3578.78,3605.42
2024-03-27 12:00:00,3605.43,3619.46,3561.16,3567.55
2024-03-27 16:00:00,3567.55,3594.75,3535.00,3588.90
2024-03-27 20:00:00,3588.89,3671.94,3500.45,3517.30
2024-03-28 00:00:00,3517.30,3535.00,3461.18,3494.54
2024-03-28 04:00:00,3494.54,3525.19,3491.94,3504.99
2024-03-28 08:00:00,3504.99,3536.31,3466.97,3499.57
2024-03-28 12:00:00,3499.57,3583.00,3498.50,3577.28
2024-03-28 16:00:00,3577.32,3597.61,3566.52,3583.25
2024-03-28 20:00:00,3583.24,3615.83,3554.95,3581.60
2024-03-29 00:00:00,3581.60,3584.06,3535.22,3566.14
2024-03-29 04:00:00,3566.13,3583.54,3545.40,3563.99
2024-03-29 08:00:00,3564.00,3588.93,3552.50,3564.98
2024-03-29 12:00:00,3564.98,3584.10,3515.00,3522.38
2024-03-29 16:00:00,3522.38,3567.64,3519.39,3553.47
2024-03-29 20:00:00,3553.47,3561.73,3481.01,3490.25
2024-03-30 00:00:00,3490.25,3504.94,3475.00,3502.58
2024-03-30 04:00:00,3502.57,3527.85,3477.77,3512.46
2024-03-30 08:00:00,3512.47,3524.15,3488.26,3492.18
2024-03-30 12:00:00,3492.18,3536.91,3489.27,3495.20
2024-03-30 16:00:00,3495.20,3568.71,3493.98,3563.47
2024-03-30 20:00:00,3563.48,3569.97,3533.19,3539.97
2024-03-31 00:00:00,3539.98,3551.74,3486.51,3511.43
2024-03-31 04:00:00,3511.44,3522.81,3496.96,3508.66
2024-03-31 08:00:00,3508.66,3547.99,3507.39,3540.00
2024-03-31 12:00:00,3539.99,3638.85,3534.68,3630.17
2024-03-31 16:00:00,3630.18,3638.00,3603.16,3613.39
2024-03-31 20:00:00,3613.38,3645.50,3610.05,3621.04
2024-04-01 00:00:00,3621.04,3661.08,3616.42,3643.35
2024-04-01 04:00:00,3643.36,3654.91,3621.19,3648.79
2024-04-01 08:00:00,3648.80,3649.67,3604.00,3614.45
2024-04-01 12:00:00,3614.46,3617.66,3500.00,3548.69
2024-04-01 16:00:00,3548.69,3563.25,3521.52,3540.60
2024-04-01 20:00:00,3540.60,3574.30,3438.88,3446.04
2024-04-02 00:00:00,3446.03,3491.78,3413.00,3488.78
2024-04-02 04:00:00,3488.79,3518.75,3472.86,3506.52
2024-04-02 08:00:00,3506.52,3508.44,3315.45,3367.81
2024-04-02 12:00:00,3367.80,3390.97,3338.64,3364.82
2024-04-02 16:00:00,3364.81,3374.22,3278.45,3311.10
2024-04-02 20:00:00,3311.11,3326.71,3232.67,3241.97
2024-04-03 00:00:00,3241.97,3286.52,3212.00,3279.26
2024-04-03 04:00:00,3279.19,3307.74,3241.60,3280.76
2024-04-03 08:00:00,3280.67,3327.75,3203.12,3317.32
2024-04-03 12:00:00,3317.32,3326.70,3280.88,3307.19
2024-04-03 16:00:00,3307.20,3359.36,3291.04,3320.03
2024-04-03 20:00:00,3320.04,3366.38,3294.18,3330.77
2024-04-04 00:00:00,3330.78,3370.00,3282.07,3315.80
2024-04-04 04:00:00,3315.80,3327.64,3290.04,3313.29
2024-04-04 08:00:00,3313.28,3335.64,3264.01,3276.35
2024-04-04 12:00:00,3276.35,3336.88,3252.59,3324.80
2024-04-04 16:00:00,3324.80,3358.00,3320.91,3342.38
2024-04-04 20:00:00,3342.37,3398.00,3340.60,3366.11
2024-04-05 00:00:00,3366.11,3446.48,3361.67,3367.84
2024-04-05 04:00:00,3367.83,3372.00,3277.55,3329.65
2024-04-05 08:00:00,3329.65,3337.80,3252.59,3310.00
2024-04-05 12:00:00,3310.00,3321.94,3241.71,3289.18
2024-04-05 16:00:00,3289.18,3315.15,3237.21,3245.50
2024-04-05 20:00:00,3245.49,3332.25,3208.00,3328.52
2024-04-06 00:00:00,3328.53,3352.07,3307.73,3322.46
2024-04-06 04:00:00,3322.46,3348.27,3312.50,3319.66
2024-04-06 08:00:00,3319.66,3349.05,3308.00,3333.26
2024-04-06 12:00:00,3333.26,3355.44,3322.78,3331.72
2024-04-06 16:00:00,3331.73,3354.14,3325.29,3332.05
2024-04-06 20:00:00,3332.04,3363.59,3315.01,3336.70
2024-04-07 00:00:00,3336.69,3359.43,3332.56,3350.79
2024-04-07 04:00:00,3350.78,3402.72,3345.33,3353.15
2024-04-07 08:00:00,3353.16,3417.11,3345.51,3389.65
2024-04-07 12:00:00,3389.66,3409.00,3375.38,3386.99
2024-04-07 16:00:00,3386.98,3397.23,3377.76,3391.29
2024-04-07 20:00:00,3391.29,3422.77,3385.83,3391.37
2024-04-08 00:00:00,3391.38,3414.90,3368.14,3383.31
2024-04-08 04:00:00,3383.31,3462.19,3379.73,3455.99
2024-04-08 08:00:00,3456.00,3459.50,3407.33,3424.77
2024-04-08 12:00:00,3424.76,3482.80,3414.50,3476.16
2024-04-08 16:00:00,3476.17,3648.00,3472.09,3636.17
2024-04-08 20:00:00,3636.18,3675.42,3598.00,3631.65
2024-04-09 00:00:00,3631.64,3714.98,3629.93,3705.66
2024-04-09 04:00:00,3705.73,3735.31,3684.00,3697.60
2024-04-09 08:00:00,3697.59,3730.00,3667.30,3694.99
2024-04-09 12:00:00,3695.00,3704.66,3632.40,3644.11
2024-04-09 16:00:00,3644.10,3650.00,3580.00,3635.68
2024-04-09 20:00:00,3635.68,3646.40,3480.88,3532.12
2024-04-10 00:00:00,3532.12,3535.34,3452.30,3519.64
2024-04-10 04:00:00,3519.63,3530.00,3490.00,3508.45
2024-04-10 08:00:00,3508.46,3541.00,3467.56,3515.10
2024-04-10 12:00:00,3515.09,3556.97,3508.32,3538.91
2024-04-10 16:00:00,3538.92,3543.94,3494.00,3523.81
2024-04-10 20:00:00,3523.82,3531.25,3413.20,3481.08
2024-04-11 00:00:00,3481.08,3550.60,3471.00,3524.00
2024-04-11 04:00:00,3523.99,3567.18,3496.62,3547.64
2024-04-11 08:00:00,3547.64,3580.00,3525.97,3578.53
2024-04-11 12:00:00,3578.55,3609.00,3555.20,3585.41
2024-04-11 16:00:00,3585.42,3621.74,3516.16,3524.85
2024-04-11 20:00:00,3524.85,3578.46,3488.00,3509.94
2024-04-12 00:00:00,3509.94,3524.97,3475.03,3519.89
2024-04-12 04:00:00,3519.88,3534.48,3491.60,3504.43
2024-04-12 08:00:00,3504.42,3539.87,3503.14,3536.00
2024-04-12 12:00:00,3536.01,3555.00,3509.46,3518.79
2024-04-12 16:00:00,3518.79,3545.00,3510.64,3534.16
2024-04-12 20:00:00,3534.16,3534.77,3440.44,3442.42
2024-04-13 00:00:00,3442.42,3456.13,3062.04,3206.98
2024-04-13 04:00:00,3206.93,3257.36,3201.58,3238.30
2024-04-13 08:00:00,3238.31,3238.31,3143.30,3232.06
2024-04-13 12:00:00,3232.06,3273.84,3223.87,3258.55
2024-04-13 16:00:00,3258.56,3305.42,3248.46,3269.39
2024-04-13 20:00:00,3269.39,3298.77,3251.34,3273.12
2024-04-14 00:00:00,3273.12,3281.00,2971.10,3083.37
2024-04-14 04:00:00,3083.37,3092.48,2791.61,3005.46
2024-04-14 08:00:00,3005.47,3019.09,2903.00,2969.27
2024-04-14 12:00:00,2969.26,3102.84,2963.94,3083.33
2024-04-14 16:00:00,3083.33,3098.95,3006.85,3026.33
2024-04-14 20:00:00,3026.32,3074.14,3005.06,3055.19
2024-04-15 00:00:00,3055.18,3099.90,2976.60,3072.38
2024-04-15 04:00:00,3072.38,3173.32,3045.81,3153.16
2024-04-15 08:00:00,3153.16,3155.44,3097.95,3145.02
2024-04-15 12:00:00,3145.03,3254.29,3120.88,3240.96
2024-04-15 16:00:00,3240.97,3277.74,3225.25,3228.47
2024-04-15 20:00:00,3228.47,3242.99,3101.09,3162.26
2024-04-16 00:00:00,3162.26,3179.00,3022.08,3098.88
2024-04-16 04:00:00,3098.88,3127.19,3055.00,3100.75
2024-04-16 08:00:00,3100.76,3119.52,3048.41,3071.74
2024-04-16 12:00:00,3071.73,3127.41,2976.43,3105.87
2024-04-16 16:00:00,3105.87,3110.38,2999.03,3091.79
2024-04-16 20:00:00,3091.79,3094.28,3007.00,3007.61
2024-04-17 00:00:00,3007.62,3084.00,2991.14,3056.04
2024-04-17 04:00:00,3056.04,3119.30,3049.34,3082.85
2024-04-17 08:00:00,3082.84,3106.00,3065.74,3093.68
2024-04-17 12:00:00,3093.69,3123.12,3061.00,3074.66
2024-04-17 16:00:00,3074.66,3086.61,3035.03,3038.97
2024-04-17 20:00:00,3039.00,3063.24,2924.00,2945.77
2024-04-18 00:00:00,2945.60,3042.82,2912.45,3000.44
2024-04-18 04:00:00,3000.44,3014.14,2962.29,2983.25
2024-04-18 08:00:00,2983.26,3034.35,2949.54,3023.94
2024-04-18 12:00:00,3023.94,3033.34,2954.77,2973.66
2024-04-18 16:00:00,2973.66,3064.56,2952.00,3045.00
2024-04-18 20:00:00,3045.00,3093.59,2982.93,3066.99
2024-04-19 00:00:00,3066.99,3081.95,3016.41,3063.07
2024-04-19 04:00:00,3062.95,3080.58,3054.05,3062.85
2024-04-19 08:00:00,3062.85,3069.00,2861.76,2978.30
2024-04-19 12:00:00,2978.30,3128.52,2977.63,3082.60
2024-04-19 16:00:00,3082.57,3123.41,3075.24,3100.94
2024-04-19 20:00:00,3100.94,3120.00,3053.00,3079.32
2024-04-20 00:00:00,3079.31,3107.29,3042.42,3103.36
2024-04-20 04:00:00,3103.41,3104.89,3018.14,3054.91
2024-04-20 08:00:00,3054.91,3070.45,3016.40,3054.48
2024-04-20 12:00:00,3054.49,3069.81,3047.77,3059.77
2024-04-20 16:00:00,3059.79,3060.25,3027.88,3045.84
2024-04-20 20:00:00,3045.83,3113.88,3038.34,3108.48
2024-04-21 00:00:00,3108.48,3165.00,3086.14,3147.00
2024-04-21 04:00:00,3147.01,3173.83,3139.01,3154.31
2024-04-21 08:00:00,3154.30,3196.41,3124.78,3165.01
2024-04-21 12:00:00,3165.01,3189.99,3150.02,3177.92
2024-04-21 16:00:00,3177.92,3185.81,3152.04,3167.02
2024-04-21 20:00:00,3167.01,3175.73,3134.79,3158.23
2024-04-22 00:00:00,3158.22,3160.69,3114.15,3135.73
2024-04-22 04:00:00,3135.72,3168.49,3127.75,3145.73
2024-04-22 08:00:00,3145.74,3210.90,3127.14,3189.23
2024-04-22 12:00:00,3189.15,3235.00,3182.61,3202.57
2024-04-22 16:00:00,3202.56,3222.96,3186.01,3193.04
2024-04-22 20:00:00,3193.04,3210.48,3164.16,3182.04
2024-04-23 00:00:00,3182.04,3216.78,3167.17,3186.56
2024-04-23 04:00:00,3186.56,3223.00,3182.06,3198.66
2024-04-23 08:00:00,3198.66,3221.85,3179.32,3182.19
2024-04-23 12:00:00,3182.18,3192.32,3150.31,3158.93
2024-04-23 16:00:00,3158.93,3184.38,3151.02,3178.63
2024-04-23 20:00:00,3178.63,3266.91,3171.49,3224.48
2024-04-24 00:00:00,3224.48,3245.86,3211.50,3217.27
2024-04-24 04:00:00,3217.27,3222.12,3184.40,3218.04
2024-04-24 08:00:00,3218.03,3247.50,3208.55,3236.60
2024-04-24 12:00:00,3236.60,3274.00,3235.25,3248.40
2024-04-24 16:00:00,3248.40,3286.00,3240.06,3280.15
2024-04-24 20:00:00,3280.15,3293.38,3165.00,3174.60
2024-04-25 00:00:00,3174.59,3192.27,3102.50,3133.25
2024-04-25 04:00:00,3133.25,3151.34,3110.11,3138.84
2024-04-25 08:00:00,3138.84,3169.98,3125.00,3145.68
2024-04-25 12:00:00,3145.69,3166.48,3124.26,3134.99
2024-04-25 16:00:00,3134.99,3151.95,3070.16,3110.35
2024-04-25 20:00:00,3110.35,3168.00,3080.06,3158.83
2024-04-26 00:00:00,3158.84,3174.81,3144.11,3164.83
2024-04-26 04:00:00,3164.83,3189.97,3150.92,3154.44
2024-04-26 08:00:00,3154.44,3163.30,3122.68,3140.41
2024-04-26 12:00:00,3140.42,3152.62,3127.04,3133.48
2024-04-26 16:00:00,3133.48,3156.68,3120.01,3127.57
2024-04-26 20:00:00,3127.54,3167.20,3100.38,3116.44
2024-04-27 00:00:00,3116.45,3154.45,3103.52,3132.67
2024-04-27 04:00:00,3132.67,3152.80,3118.17,3129.98
2024-04-27 08:00:00,3129.98,3137.64,3062.80,3120.72
2024-04-27 12:00:00,3120.72,3132.00,3104.70,3119.12
2024-04-27 16:00:00,3119.15,3127.00,3106.12,3123.35
2024-04-27 20:00:00,3123.36,3165.44,3120.16,3143.30
2024-04-28 00:00:00,3143.29,3283.54,3141.01,3235.83
2024-04-28 04:00:00,3235.83,3262.30,3220.46,3253.97
2024-04-28 08:00:00,3253.97,3329.00,3248.80,3307.65
2024-04-28 12:00:00,3307.65,3340.86,3298.17,3316.27
2024-04-28 16:00:00,3316.26,3323.76,3272.56,3285.03
2024-04-28 20:00:00,3285.03,3327.78,3282.27,3319.24
2024-04-29 00:00:00,3319.23,3365.69,3306.15,3315.37
2024-04-29 04:00:00,3315.36,3319.93,3251.00,3262.28
2024-04-29 08:00:00,3262.29,3286.29,3166.75,3176.94
2024-04-29 12:00:00,3176.95,3208.99,3150.00,3186.93
2024-04-29 16:00:00,3186.93,3194.56,3144.80,3158.24
2024-04-29 20:00:00,3158.23,3185.12,3113.02,3181.07
2024-04-30 00:00:00,3181.06,3188.71,3153.32,3184.68
2024-04-30 04:00:00,3184.69,3234.52,3162.22,3215.27
2024-04-30 08:00:00,3215.28,3250.00,3148.00,3179.62
2024-04-30 12:00:00,3179.62,3184.56,3150.60,3155.66
2024-04-30 16:00:00,3155.66,3160.69,3002.17,3005.93
2024-04-30 20:00:00,3005.94,3037.17,2963.33,2992.67
2024-05-01 00:00:00,2992.66,2997.45,2918.33,2927.60
2024-05-01 04:00:00,2927.61,3027.91,2926.44,3012.58
2024-05-01 08:00:00,3012.57,3021.94,2958.00,3002.93
2024-05-01 12:00:00,3002.93,3012.89,2851.00,2868.49
2024-05-01 16:00:00,2868.48,2904.83,2814.44,2904.19
2024-05-01 20:00:00,2904.19,2932.70,2864.16,2884.31
2024-05-02 00:00:00,2884.32,3014.94,2866.78,2924.80
2024-05-02 04:00:00,2924.79,2983.98,2912.34,2970.61
2024-05-02 08:00:00,2970.61,2980.67,2890.00,2928.00
2024-05-02 12:00:00,2928.00,2937.36,2896.28,2919.88
2024-05-02 16:00:00,2919.89,3007.64,2915.09,2994.44
2024-05-02 20:00:00,2994.44,3012.00,2951.08,2988.65
2024-05-03 00:00:00,2988.66,3006.00,2970.00,2998.45
2024-05-03 04:00:00,2998.44,3016.38,2967.54,2984.80
2024-05-03 08:00:00,2984.80,3035.00,2976.00,3008.32
2024-05-03 12:00:00,3008.31,3015.96,2957.20,2967.83
2024-05-03 16:00:00,2967.83,2989.63,2956.86,2978.40
2024-05-03 20:00:00,2978.39,3085.57,2967.77,3074.12
2024-05-04 00:00:00,3074.12,3086.97,3060.89,3070.69
2024-05-04 04:00:00,3070.69,3126.44,3066.91,3100.83
2024-05-04 08:00:00,3100.83,3129.00,3090.75,3110.96
2024-05-04 12:00:00,3110.96,3122.26,3093.37,3094.79
2024-05-04 16:00:00,3094.80,3167.45,3094.37,3129.40
2024-05-04 20:00:00,3129.40,3158.02,3113.22,3125.23
2024-05-05 00:00:00,3125.24,3139.46,3112.00,3136.02
2024-05-05 04:00:00,3136.03,3146.13,3102.66,3115.46
2024-05-05 08:00:00,3115.46,3125.68,3071.10,3085.60
2024-05-05 12:00:00,3085.60,3113.79,3078.83,3103.98
2024-05-05 16:00:00,3103.97,3171.15,3101.99,3136.56
2024-05-05 20:00:00,3136.56,3166.98,3125.00,3159.07
2024-05-06 00:00:00,3159.08,3164.85,3128.06,3141.23
2024-05-06 04:00:00,3141.23,3144.99,3120.20,3135.24
2024-05-06 08:00:00,3135.24,3165.00,3123.00,3133.74
2024-05-06 12:00:00,3133.73,3191.55,3126.67,3179.10
2024-05-06 16:00:00,3179.10,3221.95,3128.53,3147.89
2024-05-06 20:00:00,3147.89,3153.50,3054.67,3088.29
2024-05-07 00:00:00,3088.29,3096.26,3043.92,3069.32
2024-05-07 04:00:00,3069.31,3087.87,3059.42,3061.50
2024-05-07 08:00:00,3061.50,3096.13,3018.00,3048.00
2024-05-07 12:00:00,3047.99,3081.69,3042.45,3076.19
2024-05-07 16:00:00,3076.20,3128.59,3057.00,3061.91
2024-05-07 20:00:00,3061.92,3105.67,3044.03,3070.20
2024-05-08 00:00:00,3070.21,3078.43,3025.22,3048.66
2024-05-08 04:00:00,3048.75,3060.98,2996.53,3004.55
2024-05-08 08:00:00,3004.55,3037.52,2993.00,3030.73
2024-05-08 12:00:00,3030.72,3034.99,2987.24,2994.23
2024-05-08 16:00:00,2994.22,3011.62,2976.14,2989.63
2024-05-08 20:00:00,2989.63,3031.98,2983.73,3006.00
2024-05-09 00:00:00,3005.99,3024.32,2984.80,2998.36
2024-05-09 04:00:00,2998.36,3002.82,2930.64,2972.93
2024-05-09 08:00:00,2972.94,3004.39,2971.03,2996.90
2024-05-09 12:00:00,2996.90,3014.94,2974.01,2982.37
2024-05-09 16:00:00,2982.37,2990.98,2949.00,2976.22
2024-05-09 20:00:00,2976.22,3019.88,2954.52,3004.82
2024-05-10 00:00:00,3004.83,3025.00,2988.00,3020.23
2024-05-10 04:00:00,3020.23,3058.23,3013.87,3034.75
2024-05-10 08:00:00,3034.75,3041.86,3015.56,3027.60
2024-05-10 12:00:00,3027.60,3053.52,3020.06,3040.39
2024-05-10 16:00:00,3040.40,3044.00,3020.73,3036.44
2024-05-10 20:00:00,3036.44,3043.06,2905.00,2917.03
2024-05-11 00:00:00,2917.02,2933.70,2877.00,2900.47
2024-05-11 04:00:00,2900.47,2914.56,2885.95,2908.85
2024-05-11 08:00:00,2908.85,2935.00,2903.03,2910.12
2024-05-11 12:00:00,2910.12,2926.56,2904.71,2920.90
2024-05-11 16:00:00,2920.89,2924.00,2884.60,2902.70
2024-05-11 20:00:00,2902.70,2946.60,2894.30,2924.50
2024-05-12 00:00:00,2924.50,2940.00,2915.70,2929.59
2024-05-12 04:00:00,2929.59,2930.02,2905.16,2911.27
2024-05-12 08:00:00,2911.27,2924.30,2907.57,2919.42
2024-05-12 12:00:00,2919.42,2931.94,2898.97,2906.54
2024-05-12 16:00:00,2906.53,2943.38,2901.00,2927.10
2024-05-12 20:00:00,2927.09,2943.00,2923.81,2936.82
2024-05-13 00:00:00,2936.82,2954.94,2919.84,2928.66
2024-05-13 04:00:00,2928.66,2935.36,2911.13,2927.73
2024-05-13 08:00:00,2927.73,2942.00,2863.80,2889.31
2024-05-13 12:00:00,2889.31,2958.21,2867.70,2953.09
2024-05-13 16:00:00,2953.08,2996.44,2946.66,2964.59
2024-05-13 20:00:00,2964.60,2985.76,2948.08,2960.20
2024-05-14 00:00:00,2960.21,2977.09,2925.06,2955.69
2024-05-14 04:00:00,2955.69,2959.00,2937.14,2949.71
2024-05-14 08:00:00,2949.72,2959.79,2935.28,2939.33
2024-05-14 12:00:00,2939.34,2948.43,2880.00,2918.75
2024-05-14 16:00:00,2918.75,2920.24,2896.21,2906.82
2024-05-14 20:00:00,2906.82,2925.00,2868.14,2897.53
2024-05-15 00:00:00,2897.53,2899.48,2858.14,2893.11
2024-05-15 04:00:00,2893.11,2902.24,2877.16,2880.87
2024-05-15 08:00:00,2880.87,2901.94,2861.71,2901.44
2024-05-15 12:00:00,2901.44,2920.00,2896.39,2914.55
2024-05-15 16:00:00,2914.56,2932.99,2885.25,2897.74
2024-05-15 20:00:00,2897.74,2992.00,2891.13,2975.54
2024-05-16 00:00:00,2975.54,3025.43,2968.40,3023.44
2024-05-16 04:00:00,3023.43,3039.52,3008.32,3030.66
2024-05-16 08:00:00,3030.67,3039.95,2989.32,3012.25
2024-05-16 12:00:00,3012.25,3020.38,3002.94,3015.06
2024-05-16 16:00:00,3015.07,3026.94,2984.50,3005.21
2024-05-16 20:00:00,3005.20,3009.28,2929.14,2955.53
2024-05-17 00:00:00,2955.53,2959.68,2923.00,2943.37
2024-05-17 04:00:00,2943.37,2944.80,2920.93,2943.22
2024-05-17 08:00:00,2943.22,2955.18,2931.36,2948.84
2024-05-17 12:00:00,2948.84,3032.71,2938.56,3023.58
2024-05-17 16:00:00,3023.59,3060.00,3016.15,3029.21
2024-05-17 20:00:00,3029.21,3116.90,3018.31,3109.85
2024-05-18 00:00:00,3109.85,3119.00,3066.00,3083.52
2024-05-18 04:00:00,3083.53,3094.83,3079.18,3090.48
2024-05-18 08:00:00,3090.47,3125.70,3081.59,3112.93
2024-05-18 12:00:00,3112.94,3117.64,3088.80,3100.26
2024-05-18 16:00:00,3100.25,3146.36,3099.05,3132.84
2024-05-18 20:00:00,3132.85,3134.24,3093.62,3109.26
2024-05-19 00:00:00,3109.26,3119.99,3104.40,3118.41
2024-05-19 04:00:00,3118.40,3125.96,3103.99,3121.59
2024-05-19 08:00:00,3121.60,3135.58,3111.50,3127.69
2024-05-19 12:00:00,3127.70,3129.29,3101.99,3114.17
2024-05-19 16:00:00,3114.16,3124.20,3080.00,3101.62
2024-05-19 20:00:00,3101.62,3102.00,3061.00,3076.14
2024-05-20 00:00:00,3076.14,3083.36,3056.14,3063.67
2024-05-20 04:00:00,3063.68,3081.13,3051.30,3069.98
2024-05-20 08:00:00,3069.98,3099.59,3045.06,3085.57
2024-05-20 12:00:00,3085.57,3138.14,3061.44,3090.39
2024-05-20 16:00:00,3090.39,3113.04,3084.39,3092.91
2024-05-20 20:00:00,3092.92,3120.00,3075.00,3116.95
2024-05-21 00:00:00,3116.96,3459.61,3109.08,3438.29
2024-05-21 04:00:00,3438.29,3698.86,3420.20,3664.39
2024-05-21 08:00:00,3664.39,3725.69,3639.81,3698.85
2024-05-21 12:00:00,3698.85,3703.00,3628.00,3663.29
2024-05-21 16:00:00,3663.29,3830.53,3651.59,3779.64
2024-05-21 20:00:00,3779.63,3842.17,3749.62,3779.08
2024-05-22 00:00:00,3779.09,3849.26,3677.40,3715.14
2024-05-22 04:00:00,3715.14,3824.36,3711.89,3792.32
2024-05-22 08:00:00,3792.33,3816.84,3776.29,3795.98
2024-05-22 12:00:00,3795.99,3797.80,3722.58,3749.24
2024-05-22 16:00:00,3749.24,3782.34,3690.00,3692.71
2024-05-22 20:00:00,3692.51,3775.93,3655.00,3763.31
2024-05-23 00:00:00,3763.32,3799.92,3701.98,3738.35
2024-05-23 04:00:00,3738.35,3784.69,3725.27,3740.25
2024-05-23 08:00:00,3740.25,3792.60,3738.20,3784.56
2024-05-23 12:00:00,3784.57,3838.00,3761.16,3815.79
2024-05-23 16:00:00,3815.79,3930.00,3792.69,3921.00
2024-05-23 20:00:00,3921.01,3952.89,3732.00,3815.09
2024-05-24 00:00:00,3815.08,3830.61,3693.73,3793.56
2024-05-24 04:00:00,3793.58,3908.00,3524.55,3784.80
2024-05-24 08:00:00,3784.79,3832.00,3744.03,3805.31
2024-05-24 12:00:00,3805.30,3817.20,3651.73,3681.26
2024-05-24 16:00:00,3681.26,3720.00,3627.00,3714.35
2024-05-24 20:00:00,3714.34,3734.90,3672.63,3695.69
2024-05-25 00:00:00,3695.70,3761.94,3655.34,3745.28
2024-05-25 04:00:00,3745.29,3756.50,3724.78,3729.61
2024-05-25 08:00:00,3729.61,3749.97,3710.14,3746.88
2024-05-25 12:00:00,3746.88,3782.82,3745.00,3747.90
2024-05-25 16:00:00,3747.91,3776.91,3737.80,3740.68
2024-05-25 20:00:00,3740.69,3760.00,3721.00,3746.01
2024-05-26 00:00:00,3746.01,3768.40,3738.19,3759.03
2024-05-26 04:00:00,3759.02,3762.80,3730.00,3751.15
2024-05-26 08:00:00,3751.16,3773.96,3732.06,3773.44
2024-05-26 12:00:00,3773.43,3797.94,3742.24,3787.58
2024-05-26 16:00:00,3787.58,3824.84,3778.63,3815.36
2024-05-26 20:00:00,3815.36,3878.69,3792.36,3834.53
2024-05-27 00:00:00,3834.54,3887.26,3833.37,3881.51
2024-05-27 04:00:00,3881.52,3883.05,3820.00,3827.53
2024-05-27 08:00:00,3827.54,3946.05,3824.70,3922.39
2024-05-27 12:00:00,3922.39,3937.54,3891.02,3915.43
2024-05-27 16:00:00,3915.43,3959.62,3886.00,3902.78
2024-05-27 20:00:00,3902.78,3980.00,3893.36,3966.13
2024-05-28 00:00:00,3966.12,3977.08,3856.00,3874.91
2024-05-28 04:00:00,3874.91,3908.21,3860.84,3896.09
2024-05-28 08:00:00,3896.09,3914.41,3830.00,3852.32
2024-05-28 12:00:00,3852.31,3867.75,3823.00,3850.52
2024-05-28 16:00:00,3850.52,3934.42,3841.35,3906.56
2024-05-28 20:00:00,3906.56,3915.00,3833.33,3863.32
2024-05-29 00:00:00,3863.33,3872.18,3775.42,3844.02
2024-05-29 04:00:00,3844.09,3875.00,3825.05,3847.00
2024-05-29 08:00:00,3847.01,3865.00,3837.28,3853.70
2024-05-29 12:00:00,3853.71,3891.79,3822.60,3824.72
2024-05-29 16:00:00,3824.71,3832.30,3783.20,3813.81
2024-05-29 20:00:00,3813.81,3842.29,3753.10,3763.04
2024-05-30 00:00:00,3763.03,3783.50,3746.41,3752.83
2024-05-30 04:00:00,3752.82,3796.66,3746.84,3770.00
2024-05-30 08:00:00,3770.01,3801.38,3753.06,3794.21
2024-05-30 12:00:00,3794.21,3805.00,3713.13,3722.15
2024-05-30 16:00:00,3722.16,3761.93,3704.70,3739.56
2024-05-30 20:00:00,3739.58,3800.96,3736.35,3778.40
2024-05-31 00:00:00,3778.40,3828.74,3752.01,3763.91
2024-05-31 04:00:00,3763.90,3764.33,3720.72,3750.39
2024-05-31 08:00:00,3750.38,3773.29,3742.17,3762.76
2024-05-31 12:00:00,3762.77,3769.43,3726.93,3731.89
2024-05-31 16:00:00,3731.88,3817.00,3729.50,3805.47
2024-05-31 20:00:00,3805.47,3859.53,3745.87,3747.25
2024-06-01 00:00:00,3747.25,3797.00,3725.16,3788.41
2024-06-01 04:00:00,3788.46,3804.34,3743.29,3764.35
2024-06-01 08:00:00,3764.35,3784.99,3754.36,3781.01
2024-06-01 12:00:00,3781.01,3796.86,3772.04,3775.61
2024-06-01 16:00:00,3775.61,3812.81,3775.10,3790.39
2024-06-01 20:00:00,3790.39,3817.00,3788.85,3801.38
2024-06-02 00:00:00,3801.39,3812.84,3792.13,3806.65
2024-06-02 04:00:00,3806.65,3837.20,3801.73,3817.49
2024-06-02 08:00:00,3817.49,3841.70,3798.59,3809.00
2024-06-02 12:00:00,3809.00,3826.03,3793.61,3795.13
2024-06-02 16:00:00,3795.13,3812.00,3772.35,3806.26
2024-06-02 20:00:00,3806.27,3812.29,3778.40,3801.48
2024-06-03 00:00:00,3801.53,3806.16,3753.80,3784.00
2024-06-03 04:00:00,3784.00,3799.80,3769.14,3783.98
2024-06-03 08:00:00,3783.98,3824.82,3763.00,3802.13
2024-06-03 12:00:00,3802.13,3847.42,3797.33,3819.99
2024-06-03 16:00:00,3820.00,3842.73,3806.84,3811.61
2024-06-03 20:00:00,3811.61,3854.00,3760.00,3798.22
2024-06-04 00:00:00,3798.22,3800.00,3760.44,3775.79
2024-06-04 04:00:00,3775.80,3787.57,3761.25,3769.15
2024-06-04 08:00:00,3769.14,3787.78,3720.00,3775.27
2024-06-04 12:00:00,3775.27,3781.20,3754.09,3777.00
2024-06-04 16:00:00,3777.00,3785.50,3743.15,3767.02
2024-06-04 20:00:00,3767.02,3821.91,3755.13,3813.10
2024-06-05 00:00:00,3813.11,3835.11,3777.77,3802.53
2024-06-05 04:00:00,3802.53,3825.10,3795.10,3813.12
2024-06-05 08:00:00,3813.11,3845.00,3800.01,3813.01
2024-06-05 12:00:00,3813.01,3823.40,3778.91,3811.35
2024-06-05 16:00:00,3811.36,3816.14,3790.03,3806.87
2024-06-05 20:00:00,3806.86,3827.47,3783.21,3816.63
2024-06-06 00:00:00,3816.62,3881.77,3798.21,3880.00
2024-06-06 04:00:00,3880.01,3892.06,3844.43,3868.61
2024-06-06 08:00:00,3868.60,3881.99,3856.12,3864.01
2024-06-06 12:00:00,3864.00,3868.41,3843.00,3854.43
2024-06-06 16:00:00,3854.43,3859.93,3845.02,3852.74
2024-06-06 20:00:00,3852.73,3869.86,3817.72,3847.10
2024-06-07 00:00:00,3847.10,3857.00,3790.00,3793.50
2024-06-07 04:00:00,3793.50,3817.93,3760.00,3815.76
2024-06-07 08:00:00,3815.77,3816.45,3793.10,3808.66
2024-06-07 12:00:00,3808.66,3828.32,3807.94,3819.25
2024-06-07 16:00:00,3819.25,3843.89,3803.51,3838.30
2024-06-07 20:00:00,3838.30,3844.32,3774.30,3802.96
2024-06-08 00:00:00,3802.96,3810.88,3555.02,3689.08
2024-06-08 04:00:00,3688.89,3702.41,3670.83,3679.82
2024-06-08 08:00:00,3679.82,3693.76,3675.00,3690.84
2024-06-08 12:00:00,3690.85,3711.28,3678.35,3710.26
2024-06-08 16:00:00,3710.26,3710.67,3680.20,3684.55
2024-06-08 20:00:00,3684.55,3699.20,3659.00,3689.33
2024-06-09 00:00:00,3689.33,3696.30,3672.70,3683.31
2024-06-09 04:00:00,3683.31,3685.95,3671.00,3682.11
2024-06-09 08:00:00,3682.12,3686.08,3666.71,3675.06
2024-06-09 12:00:00,3675.07,3693.01,3670.44,3687.26
2024-06-09 16:00:00,3687.30,3696.30,3684.10,3695.15
2024-06-09 20:00:00,3695.15,3714.93,3682.05,3691.63
2024-06-10 00:00:00,3691.62,3711.85,3690.41,3702.72
2024-06-10 04:00:00,3702.71,3724.73,3695.00,3707.67
2024-06-10 08:00:00,3707.67,3708.08,3681.56,3685.73
2024-06-10 12:00:00,3685.72,3694.38,3642.60,3649.16
2024-06-10 16:00:00,3649.16,3683.19,3648.00,3677.14
2024-06-10 20:00:00,3677.14,3715.49,3663.74,3703.59
2024-06-11 00:00:00,3703.59,3707.00,3665.46,3670.07
2024-06-11 04:00:00,3670.07,3679.11,3651.35,3669.66
2024-06-11 08:00:00,3669.65,3675.00,3560.00,3596.75
2024-06-11 12:00:00,3596.75,3596.75,3501.12,3535.24
2024-06-11 16:00:00,3535.34,3550.37,3503.33,3530.87
2024-06-11 20:00:00,3530.86,3547.26,3427.09,3448.47
2024-06-12 00:00:00,3448.47,3504.47,3432.30,3498.50
2024-06-12 04:00:00,3498.49,3510.00,3485.00,3498.16
2024-06-12 08:00:00,3498.17,3514.99,3462.09,3510.47
2024-06-12 12:00:00,3510.47,3533.95,3507.41,3526.99
2024-06-12 16:00:00,3527.00,3564.54,3516.70,3531.38
2024-06-12 20:00:00,3531.38,3657.77,3531.18,3617.62
2024-06-13 00:00:00,3617.61,3626.16,3512.07,3528.55
2024-06-13 04:00:00,3528.77,3574.93,3521.38,3560.45
2024-06-13 08:00:00,3560.44,3562.33,3476.26,3503.35
2024-06-13 12:00:00,3503.35,3517.53,3485.00,3507.48
2024-06-13 16:00:00,3507.48,3511.91,3472.21,3496.50
2024-06-13 20:00:00,3496.50,3540.70,3433.34,3442.08
2024-06-14 00:00:00,3442.08,3492.48,3426.01,3481.59
2024-06-14 04:00:00,3481.64,3491.80,3460.86,3469.18
2024-06-14 08:00:00,3469.18,3508.95,3457.29,3490.70
2024-06-14 12:00:00,3490.70,3533.82,3490.56,3515.83
2024-06-14 16:00:00,3515.84,3530.54,3505.20,3515.14
2024-06-14 20:00:00,3515.13,3525.20,3461.01,3461.79
2024-06-15 00:00:00,3461.79,3467.00,3361.05,3405.21
2024-06-15 04:00:00,3405.21,3529.00,3403.06,3480.51
2024-06-15 08:00:00,3480.50,3503.36,3472.34,3503.35
2024-06-15 12:00:00,3503.36,3557.54,3497.07,3528.92
2024-06-15 16:00:00,3528.91,3541.89,3518.00,3538.17
2024-06-15 20:00:00,3538.16,3594.99,3536.72,3565.31
2024-06-16 00:00:00,3565.31,3574.98,3551.16,3557.90
2024-06-16 04:00:00,3557.90,3574.88,3534.58,3567.87
2024-06-16 08:00:00,3567.88,3572.95,3546.89,3554.00
2024-06-16 12:00:00,3554.00,3573.68,3540.00,3561.37
2024-06-16 16:00:00,3561.37,3569.39,3545.73,3553.86
2024-06-16 20:00:00,3553.86,3611.10,3551.63,3591.07
2024-06-17 00:00:00,3591.06,3608.29,3585.84,3598.57
2024-06-17 04:00:00,3598.56,3653.73,3587.38,3622.96
2024-06-17 08:00:00,3622.96,3637.47,3574.20,3581.00
2024-06-17 12:00:00,3581.00,3595.29,3536.40,3551.56
2024-06-17 16:00:00,3551.57,3560.31,3489.31,3525.99
2024-06-17 20:00:00,3525.99,3546.23,3480.55,3495.81
2024-06-18 00:00:00,3495.81,3576.54,3464.00,3552.47
2024-06-18 04:00:00,3552.48,3554.89,3498.39,3509.56
2024-06-18 08:00:00,3509.56,3515.87,3341.85,3439.88
2024-06-18 12:00:00,3439.88,3462.90,3426.93,3442.50
2024-06-18 16:00:00,3442.50,3450.63,3390.00,3412.41
2024-06-18 20:00:00,3412.41,3439.96,3367.73,3422.77
2024-06-19 00:00:00,3422.76,3434.94,3385.38,3421.85
2024-06-19 04:00:00,3421.84,3488.80,3410.84,3482.34
2024-06-19 08:00:00,3482.33,3572.93,3463.91,3564.21
2024-06-19 12:00:00,3564.22,3585.00,3531.52,3543.07
2024-06-19 16:00:00,3543.07,3563.40,3516.29,3535.26
2024-06-19 20:00:00,3535.26,3549.60,3510.03,3527.79
2024-06-20 00:00:00,3527.79,3587.63,3521.09,3544.84
2024-06-20 04:00:00,3544.84,3575.00,3530.57,3558.85
2024-06-20 08:00:00,3558.84,3594.60,3531.44,3551.85
2024-06-20 12:00:00,3551.85,3614.68,3543.20,3606.02
2024-06-20 16:00:00,3606.02,3625.00,3570.07,3597.49
2024-06-20 20:00:00,3597.49,3610.00,3489.46,3504.37
2024-06-21 00:00:00,3504.37,3541.63,3483.63,3534.68
2024-06-21 04:00:00,3534.68,3537.41,3509.03,3511.26
2024-06-21 08:00:00,3511.27,3534.89,3490.03,3499.13
2024-06-21 12:00:00,3499.14,3520.55,3466.31,3473.55
2024-06-21 16:00:00,3473.54,3531.50,3443.80,3502.11
2024-06-21 20:00:00,3502.11,3519.00,3453.47,3491.55
2024-06-22 00:00:00,3491.54,3536.41,3469.35,3533.49
2024-06-22 04:00:00,3533.49,3546.66,3498.00,3517.18
2024-06-22 08:00:00,3517.18,3520.00,3493.07,3505.48
2024-06-22 12:00:00,3505.49,3508.24,3486.77,3492.53
2024-06-22 16:00:00,3492.53,3497.38,3472.57,3491.64
2024-06-22 20:00:00,3491.64,3509.54,3485.18,3504.60
2024-06-23 00:00:00,3504.59,3507.43,3483.00,3490.22
2024-06-23 04:00:00,3490.22,3506.88,3483.97,3494.26
2024-06-23 08:00:00,3494.25,3517.48,3493.33,3517.23
2024-06-23 12:00:00,3517.24,3519.70,3505.39,3510.79
2024-06-23 16:00:00,3510.80,3511.71,3486.06,3496.89
2024-06-23 20:00:00,3496.88,3503.09,3470.07,3473.00
2024-06-24 00:00:00,3472.99,3481.20,3460.00,3478.87
2024-06-24 04:00:00,3478.87,3479.11,3397.87,3419.38
2024-06-24 08:00:00,3419.38,3434.75,3383.00,3401.59
2024-06-24 12:00:00,3401.60,3412.89,3352.47,3367.68
2024-06-24 16:00:00,3367.68,3393.38,3213.00,3319.40
2024-06-24 20:00:00,3319.39,3335.69,3260.18,3278.80
2024-06-25 00:00:00,3278.80,3314.09,3241.00,3292.51
2024-06-25 04:00:00,3292.51,3363.11,3250.00,3352.00
2024-06-25 08:00:00,3351.99,3385.00,3335.58,3370.38
2024-06-25 12:00:00,3370.38,3393.98,3356.00,3360.49
2024-06-25 16:00:00,3360.49,3395.24,3345.00,3375.03
2024-06-25 20:00:00,3375.02,3423.50,3357.00,3417.63
2024-06-26 00:00:00,3417.63,3431.27,3380.20,3414.29
2024-06-26 04:00:00,3414.30,3417.84,3387.20,3393.06
2024-06-26 08:00:00,3393.07,3425.00,3384.00,3393.93
2024-06-26 12:00:00,3393.94,3405.42,3375.00,3400.37
2024-06-26 16:00:00,3400.37,3401.94,3365.10,3380.30
2024-06-26 20:00:00,3380.31,3395.00,3345.26,3360.75
2024-06-27 00:00:00,3360.76,3409.78,3325.54,3407.34
2024-06-27 04:00:00,3407.32,3416.95,3366.00,3370.76
2024-06-27 08:00:00,3370.78,3392.00,3360.22,3382.89
2024-06-27 12:00:00,3382.89,3387.99,3364.53,3374.47
2024-06-27 16:00:00,3374.47,3412.00,3367.68,3402.59
2024-06-27 20:00:00,3402.59,3476.60,3402.22,3451.77
2024-06-28 00:00:00,3451.77,3467.46,3438.46,3448.90
2024-06-28 04:00:00,3448.89,3454.87,3439.73,3450.34
2024-06-28 08:00:00,3450.34,3487.98,3435.64,3459.99
2024-06-28 12:00:00,3460.00,3460.60,3424.82,3431.27
2024-06-28 16:00:00,3431.27,3460.34,3417.39,3451.61
2024-06-28 20:00:00,3451.60,3475.00,3400.07,3411.79
2024-06-29 00:00:00,3411.80,3415.65,3362.00,3379.54
2024-06-29 04:00:00,3379.54,3393.63,3367.56,3379.51
2024-06-29 08:00:00,3379.50,3399.42,3378.87,3385.07
2024-06-29 12:00:00,3385.07,3407.00,3380.09,3398.18
2024-06-29 16:00:00,3398.18,3405.00,3385.16,3398.69
2024-06-29 20:00:00,3398.69,3401.99,3381.21,3393.46
2024-06-30 00:00:00,3393.46,3395.57,3375.00,3386.20
2024-06-30 04:00:00,3386.20,3388.71,3369.07,3377.62
2024-06-30 08:00:00,3377.63,3388.72,3348.50,3370.31
2024-06-30 12:00:00,3370.31,3399.39,3357.04,3393.06
2024-06-30 16:00:00,3393.07,3398.53,3384.51,3387.95
2024-06-30 20:00:00,3387.95,3404.24,3377.90,3398.87
2024-07-01 00:00:00,3398.87,3432.95,3390.55,3427.22
2024-07-01 04:00:00,3427.22,3459.77,3406.89,3436.73
2024-07-01 08:00:00,3436.72,3524.16,3430.93,3497.27
2024-07-01 12:00:00,3497.27,3498.46,3483.01,3489.25
2024-07-01 16:00:00,3489.25,3494.18,3456.71,3459.06
2024-07-01 20:00:00,3459.07,3481.00,3451.34,3473.86
2024-07-02 00:00:00,3473.87,3498.91,3460.79,3470.09
2024-07-02 04:00:00,3470.09,3475.00,3420.00,3440.46
2024-07-02 08:00:00,3440.47,3463.84,3432.66,3455.68
2024-07-02 12:00:00,3455.68,3463.65,3433.08,3438.35
2024-07-02 16:00:00,3438.35,3454.32,3431.68,3452.13
2024-07-02 20:00:00,3452.13,3463.07,3399.22,3414.68
2024-07-03 00:00:00,3414.68,3433.32,3407.40,3414.95
2024-07-03 04:00:00,3414.94,3428.00,3412.39,3420.43
2024-07-03 08:00:00,3420.43,3431.36,3328.01,3359.36
2024-07-03 12:00:00,3359.36,3372.09,3351.05,3351.11
2024-07-03 16:00:00,3351.10,3356.09,3281.00,3306.07
2024-07-03 20:00:00,3306.07,3325.54,3272.92,3302.59
2024-07-04 00:00:00,3302.59,3321.31,3251.01,3265.24
2024-07-04 04:00:00,3265.24,3305.48,3250.10,3294.75
2024-07-04 08:00:00,3294.75,3312.59,3152.54,3241.92
2024-07-04 12:00:00,3241.91,3245.25,3168.46,3181.17
2024-07-04 16:00:00,3181.17,3195.38,3123.00,3158.90
2024-07-04 20:00:00,3158.91,3159.90,3088.05,3137.87
2024-07-05 00:00:00,3137.86,3151.40,3111.35,3132.59
2024-07-05 04:00:00,3132.59,3168.98,3049.39,3059.31
2024-07-05 08:00:00,3059.30,3108.28,2862.00,2919.91
2024-07-05 12:00:00,2919.91,2927.94,2800.00,2880.99
2024-07-05 16:00:00,2880.98,2955.00,2821.84,2946.04
2024-07-05 20:00:00,2946.04,3007.86,2921.01,2989.98
2024-07-06 00:00:00,2989.97,3000.50,2956.52,2986.52
2024-07-06 04:00:00,2986.51,2992.52,2962.22,2980.43
2024-07-06 08:00:00,2980.37,3026.40,2953.45,2978.95
2024-07-06 12:00:00,2978.94,3014.82,2960.67,3002.82
2024-07-06 16:00:00,3002.81,3013.67,2983.73,3004.44
2024-07-06 20:00:00,3004.45,3029.40,2988.00,3018.44
2024-07-07 00:00:00,3018.44,3064.83,3015.00,3056.87
2024-07-07 04:00:00,3056.87,3080.00,3054.89,3065.50
2024-07-07 08:00:00,3065.49,3072.00,3037.81,3049.52
2024-07-07 12:00:00,3049.54,3049.76,2991.52,3002.98
2024-07-07 16:00:00,3002.98,3031.83,3002.32,3013.97
2024-07-07 20:00:00,3013.96,3022.91,2954.08,2969.61
2024-07-08 00:00:00,2969.60,3008.84,2962.51,2984.31
2024-07-08 04:00:00,2984.31,2999.60,2922.00,2930.24
2024-07-08 08:00:00,2930.23,2951.07,2821.26,2877.90
2024-07-08 12:00:00,2877.90,2931.44,2873.76,2925.86
2024-07-08 16:00:00,2925.85,3098.00,2921.22,3052.85
2024-07-08 20:00:00,3052.85,3062.79,2886.62,2968.22
2024-07-09 00:00:00,2968.22,3008.99,2943.45,3003.18
2024-07-09 04:00:00,3003.18,3044.77,2982.60,3017.51
2024-07-09 08:00:00,3017.51,3075.95,3002.56,3062.99
2024-07-09 12:00:00,3063.00,3088.96,3052.40,3061.01
2024-07-09 16:00:00,3061.00,3115.80,3053.30,3081.84
2024-07-09 20:00:00,3081.84,3108.17,3034.58,3065.75
2024-07-10 00:00:00,3065.75,3087.90,3045.11,3067.30
2024-07-10 04:00:00,3067.31,3077.98,3045.30,3065.06
2024-07-10 08:00:00,3065.05,3081.75,3022.57,3078.31
2024-07-10 12:00:00,3078.30,3129.00,3078.30,3095.63
2024-07-10 16:00:00,3095.63,3108.28,3077.07,3101.28
2024-07-10 20:00:00,3101.28,3128.75,3075.84,3120.76
2024-07-11 00:00:00,3120.75,3150.00,3089.18,3105.82
2024-07-11 04:00:00,3105.82,3110.97,3078.00,3099.12
2024-07-11 08:00:00,3099.12,3129.15,3052.75,3075.70
2024-07-11 12:00:00,3075.71,3123.34,3072.61,3117.00
2024-07-11 16:00:00,3117.00,3156.00,3113.06,3145.55
2024-07-11 20:00:00,3145.55,3216.60,3103.00,3116.66
2024-07-12 00:00:00,3116.66,3146.70,3095.51,3105.97
2024-07-12 04:00:00,3105.97,3120.48,3084.06,3098.25
2024-07-12 08:00:00,3098.24,3116.92,3053.84,3084.08
2024-07-12 12:00:00,3084.07,3097.50,3056.37,3070.64
2024-07-12 16:00:00,3070.65,3084.52,3044.51,3069.22
2024-07-12 20:00:00,3069.22,3139.18,3055.09,3130.18
2024-07-13 00:00:00,3130.03,3156.60,3111.68,3114.95
2024-07-13 04:00:00,3114.95,3134.75,3088.19,3133.24
2024-07-13 08:00:00,3133.24,3138.91,3119.01,3119.83
2024-07-13 12:00:00,3119.84,3141.87,3112.12,3139.08
2024-07-13 16:00:00,3139.08,3170.99,3127.50,3155.59
2024-07-13 20:00:00,3155.59,3163.94,3140.40,3153.92
2024-07-14 00:00:00,3153.92,3164.35,3145.00,3162.63
2024-07-14 04:00:00,3162.64,3200.72,3142.81,3174.01
2024-07-14 08:00:00,3174.00,3192.94,3162.06,3171.15
2024-07-14 12:00:00,3171.16,3206.09,3169.82,3194.34
2024-07-14 16:00:00,3194.33,3224.00,3193.95,3201.59
2024-07-14 20:00:00,3201.60,3202.80,3171.47,3188.56
2024-07-15 00:00:00,3188.56,3196.77,3181.61,3189.56
2024-07-15 04:00:00,3189.56,3268.66,3188.72,3243.56
2024-07-15 08:00:00,3243.52,3341.95,3231.03,3328.17
2024-07-15 12:00:00,3328.16,3368.64,3319.00,3354.39
2024-07-15 16:00:00,3354.39,3371.98,3325.69,3338.85
2024-07-15 20:00:00,3338.84,3392.96,3332.00,3365.72
2024-07-16 00:00:00,3365.71,3434.00,3356.29,3404.40
2024-07-16 04:00:00,3404.39,3493.94,3401.79,3481.62
2024-07-16 08:00:00,3481.62,3497.74,3452.22,3467.53
2024-07-16 12:00:00,3467.53,3476.80,3371.00,3375.67
2024-07-16 16:00:00,3375.67,3423.60,3345.00,3417.78
2024-07-16 20:00:00,3417.78,3484.23,3374.41,3474.54
2024-07-17 00:00:00,3474.53,3493.00,3440.00,3472.87
2024-07-17 04:00:00,3472.87,3473.74,3412.85,3442.83
2024-07-17 08:00:00,3442.84,3517.14,3440.36,3478.87
2024-07-17 12:00:00,3478.88,3514.94,3470.28,3484.53
2024-07-17 16:00:00,3484.52,3499.82,3440.24,3448.13
2024-07-17 20:00:00,3448.12,3474.33,3431.00,3436.17
2024-07-18 00:00:00,3436.17,3437.90,3374.53,3415.68
2024-07-18 04:00:00,3415.72,3427.80,3383.54,3386.00
2024-07-18 08:00:00,3386.01,3440.00,3381.83,3429.99
2024-07-18 12:00:00,3430.00,3452.50,3407.56,3431.90
2024-07-18 16:00:00,3431.90,3459.76,3429.64,3457.34
2024-07-18 20:00:00,3457.34,3487.99,3382.90,3387.26
2024-07-19 00:00:00,3387.25,3422.67,3364.62,3404.34
2024-07-19 04:00:00,3404.34,3435.90,3395.61,3424.99
2024-07-19 08:00:00,3424.99,3431.74,3381.61,3428.51
2024-07-19 12:00:00,3428.50,3449.47,3385.00,3390.59
2024-07-19 16:00:00,3390.59,3409.92,3375.25,3402.84
2024-07-19 20:00:00,3402.84,3473.98,3395.08,3463.59
2024-07-20 00:00:00,3463.44,3539.38,3463.00,3520.90
2024-07-20 04:00:00,3520.90,3525.66,3489.00,3502.18
2024-07-20 08:00:00,3502.18,3507.00,3478.01,3493.78
2024-07-20 12:00:00,3493.77,3506.94,3485.70,3485.99
2024-07-20 16:00:00,3485.99,3493.40,3478.84,3483.39
2024-07-20 20:00:00,3483.39,3507.07,3479.03,3501.82
2024-07-21 00:00:00,3501.83,3538.38,3489.01,3513.21
2024-07-21 04:00:00,3513.21,3525.26,3497.35,3516.03
2024-07-21 08:00:00,3516.03,3527.90,3502.13,3508.86
2024-07-21 12:00:00,3508.86,3512.03,3472.54,3482.87
2024-07-21 16:00:00,3482.87,3506.89,3481.72,3497.37
2024-07-21 20:00:00,3497.37,3515.75,3481.00,3498.64
2024-07-22 00:00:00,3498.63,3524.00,3408.13,3489.00
2024-07-22 04:00:00,3489.01,3547.84,3480.92,3534.29
2024-07-22 08:00:00,3534.30,3562.33,3513.57,3515.48
2024-07-22 12:00:00,3515.48,3522.54,3457.26,3477.02
2024-07-22 16:00:00,3477.01,3502.61,3467.05,3498.60
2024-07-22 20:00:00,3498.61,3505.88,3433.33,3455.70
2024-07-23 00:00:00,3455.70,3497.65,3442.65,3497.36
2024-07-23 04:00:00,3497.37,3498.37,3421.00,3438.08
2024-07-23 08:00:00,3438.09,3489.86,3434.00,3473.57
2024-07-23 12:00:00,3473.57,3482.53,3423.36,3453.30
2024-07-23 16:00:00,3453.30,3540.94,3450.78,3514.54
2024-07-23 20:00:00,3514.54,3517.28,3427.75,3452.96
2024-07-24 00:00:00,3452.96,3495.81,3384.61,3455.74
2024-07-24 04:00:00,3455.74,3500.00,3453.16,3481.01
2024-07-24 08:00:00,3481.01,3486.73,3425.76,3447.02
2024-07-24 12:00:00,3447.01,3450.68,3428.01,3445.74
2024-07-24 16:00:00,3445.74,3471.32,3441.35,3458.40
2024-07-24 20:00:00,3458.39,3470.68,3407.03,3413.50
2024-07-25 00:00:00,3413.50,3431.66,3355.05,3362.22
2024-07-25 04:00:00,3362.22,3375.39,3285.69,3334.24
2024-07-25 08:00:00,3334.23,3342.02,3148.78,3166.40
2024-07-25 12:00:00,3166.41,3192.85,3125.37,3170.22
2024-07-25 16:00:00,3170.22,3186.58,3151.16,3170.88
2024-07-25 20:00:00,3170.89,3182.56,3103.50,3140.81
2024-07-26 00:00:00,3140.81,3171.00,3096.54,3122.04
2024-07-26 04:00:00,3122.04,3198.00,3085.57,3173.67
2024-07-26 08:00:00,3173.67,3258.35,3169.14,3235.15
2024-07-26 12:00:00,3235.16,3274.95,3231.03,3249.62
2024-07-26 16:00:00,3249.62,3262.72,3232.26,3245.36
2024-07-26 20:00:00,3245.36,3269.98,3218.00,3253.84
2024-07-27 00:00:00,3253.83,3284.45,3241.16,3272.89
2024-07-27 04:00:00,3272.89,3284.93,3249.19,3272.82
2024-07-27 08:00:00,3272.81,3273.46,3241.52,3243.80
2024-07-27 12:00:00,3243.74,3276.41,3243.00,3270.41
2024-07-27 16:00:00,3270.41,3281.91,3261.00,3277.00
2024-07-27 20:00:00,3277.00,3326.90,3267.91,3279.79
2024-07-28 00:00:00,3279.79,3290.58,3226.03,3259.99
2024-07-28 04:00:00,3259.99,3293.95,3188.89,3248.17
2024-07-28 08:00:00,3248.16,3255.41,3224.06,3236.80
2024-07-28 12:00:00,3236.79,3242.89,3195.84,3226.29
2024-07-28 16:00:00,3226.64,3264.00,3214.36,3255.00
2024-07-28 20:00:00,3255.00,3278.52,3252.60,3267.56
2024-07-29 00:00:00,3267.56,3284.57,3261.00,3270.36
2024-07-29 04:00:00,3270.36,3272.34,3250.00,3268.03
2024-07-29 08:00:00,3268.03,3356.64,3265.18,3348.01
2024-07-29 12:00:00,3348.01,3388.00,3338.63,3366.01
2024-07-29 16:00:00,3366.00,3396.07,3360.39,3374.03
2024-07-29 20:00:00,3374.03,3385.82,3288.40,3306.88
2024-07-30 00:00:00,3306.88,3323.47,3256.56,3310.13
2024-07-30 04:00:00,3310.13,3351.71,3307.97,3316.87
2024-07-30 08:00:00,3316.86,3336.95,3280.17,3319.43
2024-07-30 12:00:00,3319.42,3354.05,3296.07,3339.51
2024-07-30 16:00:00,3339.50,3354.81,3325.70,3333.35
2024-07-30 20:00:00,3333.34,3365.00,3290.01,3319.26
2024-07-31 00:00:00,3319.25,3326.67,3258.63,3271.36
2024-07-31 04:00:00,3271.39,3284.00,3230.10,3278.17
2024-07-31 08:00:00,3278.17,3303.64,3260.22,3292.92
2024-07-31 12:00:00,3292.92,3331.42,3261.21,3316.25
2024-07-31 16:00:00,3316.25,3326.00,3304.97,3321.85
2024-07-31 20:00:00,3321.85,3348.74,3294.50,3301.20
2024-08-01 00:00:00,3301.20,3329.37,3243.26,3265.02
2024-08-01 04:00:00,3265.01,3270.50,3212.32,3231.48
2024-08-01 08:00:00,3231.49,3241.83,3169.15,3177.01
2024-08-01 12:00:00,3177.00,3189.53,3134.03,3165.35
2024-08-01 16:00:00,3165.35,3192.85,3163.93,3187.13
2024-08-01 20:00:00,3187.14,3206.35,3100.84,3115.67
2024-08-02 00:00:00,3115.68,3134.71,3078.40,3130.30
2024-08-02 04:00:00,3130.29,3219.20,3120.00,3201.67
2024-08-02 08:00:00,3201.66,3217.06,3134.93,3166.72
2024-08-02 12:00:00,3166.73,3174.43,3125.00,3146.02
2024-08-02 16:00:00,3146.03,3165.61,3132.82,3152.10
2024-08-02 20:00:00,3152.10,3181.99,2983.57,3037.51
2024-08-03 00:00:00,3037.50,3047.25,2990.64,3010.53
2024-08-03 04:00:00,3010.53,3041.74,2965.27,2988.11
2024-08-03 08:00:00,2988.10,3002.49,2912.50,2980.78
2024-08-03 12:00:00,2980.77,2995.88,2958.87,2982.42
2024-08-03 16:00:00,2982.42,3004.46,2973.02,2995.44
2024-08-03 20:00:00,2995.43,3016.61,2937.06,2940.49
2024-08-04 00:00:00,2940.52,2954.45,2875.22,2892.38
2024-08-04 04:00:00,2892.37,2921.42,2855.00,2901.94
2024-08-04 08:00:00,2901.95,2934.66,2875.01,2914.21
2024-08-04 12:00:00,2914.22,2920.69,2886.32,2891.55
2024-08-04 16:00:00,2891.53,2924.80,2874.12,2912.80
2024-08-04 20:00:00,2912.80,2924.59,2818.00,2826.06
2024-08-05 00:00:00,2826.08,2837.96,2613.30,2755.84
2024-08-05 04:00:00,2755.84,2771.34,2680.00,2687.60
2024-08-05 08:00:00,2687.60,2695.93,2112.00,2311.67
2024-08-05 12:00:00,2311.64,2384.97,2150.37,2356.42
2024-08-05 16:00:00,2356.42,2361.99,2222.31,2289.89
2024-08-05 20:00:00,2289.89,2460.00,2181.61,2448.97
2024-08-06 00:00:00,2448.96,2518.27,2363.00,2403.94
2024-08-06 04:00:00,2403.87,2473.81,2399.79,2418.60
2024-08-06 08:00:00,2418.60,2545.91,2414.63,2490.40
2024-08-06 12:00:00,2490.40,2533.94,2476.94,2522.19
2024-08-06 16:00:00,2522.18,2523.50,2438.41,2457.07
2024-08-06 20:00:00,2457.08,2558.24,2412.35,2526.09
2024-08-07 00:00:00,2526.10,2549.08,2479.48,2491.36
2024-08-07 04:00:00,2491.40,2512.55,2445.00,2459.87
2024-08-07 08:00:00,2459.86,2529.60,2423.50,2506.07
2024-08-07 12:00:00,2506.08,2533.56,2483.53,2509.78
2024-08-07 16:00:00,2509.78,2549.85,2470.16,2471.82
2024-08-07 20:00:00,2471.83,2486.95,2363.24,2411.71
2024-08-08 00:00:00,2411.71,2414.79,2324.89,2349.68
2024-08-08 04:00:00,2349.71,2368.92,2307.00,2341.41
2024-08-08 08:00:00,2341.40,2464.28,2318.64,2429.21
2024-08-08 12:00:00,2429.21,2444.25,2410.04,2413.04
2024-08-08 16:00:00,2413.07,2459.48,2407.08,2446.11
2024-08-08 20:00:00,2446.11,2526.00,2410.29,2505.83
2024-08-09 00:00:00,2505.87,2609.25,2501.99,2572.31
2024-08-09 04:00:00,2572.50,2723.77,2566.00,2681.59
2024-08-09 08:00:00,2681.59,2700.00,2644.44,2692.90
2024-08-09 12:00:00,2692.90,2708.80,2647.35,2668.97
2024-08-09 16:00:00,2668.98,2681.08,2616.69,2633.46
2024-08-09 20:00:00,2633.45,2663.27,2555.25,2557.33
2024-08-10 00:00:00,2557.33,2608.49,2551.23,2589.17
2024-08-10 04:00:00,2589.18,2612.55,2560.40,2597.90
2024-08-10 08:00:00,2597.89,2644.43,2574.54,2601.31
2024-08-10 12:00:00,2601.31,2637.28,2586.60,2633.06
2024-08-10 16:00:00,2633.06,2642.02,2621.18,2635.52
2024-08-10 20:00:00,2635.53,2636.72,2595.08,2598.45
2024-08-11 00:00:00,2598.48,2622.28,2587.85,2601.60
2024-08-11 04:00:00,2601.61,2616.99,2594.67,2608.76
2024-08-11 08:00:00,2608.77,2674.29,2604.50,2645.46
2024-08-11 12:00:00,2645.46,2682.00,2632.03,2676.16
2024-08-11 16:00:00,2676.20,2720.78,2643.48,2651.60
2024-08-11 20:00:00,2651.58,2654.87,2592.50,2612.63
2024-08-12 00:00:00,2612.63,2645.00,2595.00,2597.94
2024-08-12 04:00:00,2597.95,2601.93,2537.76,2554.65
2024-08-12 08:00:00,2554.66,2577.25,2506.13,2540.19
2024-08-12 12:00:00,2540.18,2581.93,2514.68,2565.84
2024-08-12 16:00:00,2565.83,2682.55,2556.62,2672.31
2024-08-12 20:00:00,2672.31,2721.96,2590.80,2687.76
2024-08-13 00:00:00,2687.76,2697.44,2626.26,2658.96
2024-08-13 04:00:00,2659.00,2749.97,2657.00,2721.15
2024-08-13 08:00:00,2721.15,2737.38,2647.31,2655.04
2024-08-13 12:00:00,2655.04,2662.90,2633.51,2647.14
2024-08-13 16:00:00,2647.14,2656.77,2610.04,2642.95
2024-08-13 20:00:00,2642.94,2673.70,2630.00,2650.75
2024-08-14 00:00:00,2650.75,2729.05,2648.39,2710.17
2024-08-14 04:00:00,2710.16,2733.32,2691.59,2701.01
2024-08-14 08:00:00,2701.01,2724.60,2684.14,2707.99
2024-08-14 12:00:00,2707.98,2749.00,2706.34,2726.46
2024-08-14 16:00:00,2726.46,2763.32,2712.71,2748.60
2024-08-14 20:00:00,2748.59,2788.88,2631.00,2672.73
2024-08-15 00:00:00,2672.72,2672.80,2640.06,2667.71
2024-08-15 04:00:00,2667.68,2678.79,2639.69,2659.82
2024-08-15 08:00:00,2659.82,2672.26,2632.23,2651.49
2024-08-15 12:00:00,2651.50,2655.56,2586.50,2613.82
2024-08-15 16:00:00,2613.83,2643.00,2604.29,2636.54
2024-08-15 20:00:00,2636.53,2674.17,2631.86,2667.05
2024-08-16 00:00:00,2666.94,2673.69,2520.00,2548.09
2024-08-16 04:00:00,2548.02,2588.42,2513.65,2568.73
2024-08-16 08:00:00,2568.73,2609.04,2551.00,2578.62
2024-08-16 12:00:00,2578.62,2627.65,2576.48,2616.00
2024-08-16 16:00:00,2616.01,2625.49,2604.82,2611.17
2024-08-16 20:00:00,2611.17,2619.00,2549.15,2567.50
2024-08-17 00:00:00,2567.50,2630.73,2562.54,2619.10
2024-08-17 04:00:00,2619.12,2625.14,2585.49,2591.52
2024-08-17 08:00:00,2591.53,2606.81,2585.81,2594.48
2024-08-17 12:00:00,2594.48,2602.29,2588.94,2598.88
2024-08-17 16:00:00,2598.89,2606.47,2591.20,2597.90
2024-08-17 20:00:00,2597.88,2618.29,2595.44,2605.56
2024-08-18 00:00:00,2605.55,2628.00,2605.49,2613.79
2024-08-18 04:00:00,2613.79,2617.04,2598.54,2613.18
2024-08-18 08:00:00,2613.18,2638.36,2603.36,2605.09
2024-08-18 12:00:00,2605.09,2609.46,2593.00,2606.75
2024-08-18 16:00:00,2606.74,2666.91,2604.17,2648.01
2024-08-18 20:00:00,2648.01,2688.25,2641.42,2671.00
2024-08-19 00:00:00,2671.00,2677.33,2641.62,2666.70
2024-08-19 04:00:00,2666.70,2669.52,2608.05,2610.67
2024-08-19 08:00:00,2610.67,2646.55,2601.80,2643.32
2024-08-19 12:00:00,2643.33,2647.29,2609.93,2612.59
2024-08-19 16:00:00,2612.59,2620.85,2565.00,2586.45
2024-08-19 20:00:00,2586.46,2603.00,2560.90,2583.05
2024-08-20 00:00:00,2583.05,2629.97,2572.22,2605.32
2024-08-20 04:00:00,2605.33,2639.98,2602.92,2635.15
2024-08-20 08:00:00,2635.16,2676.19,2617.05,2660.97
2024-08-20 12:00:00,2660.98,2694.96,2656.21,2673.67
2024-08-20 16:00:00,2673.67,2674.75,2637.12,2641.03
2024-08-20 20:00:00,2641.03,2654.68,2552.50,2573.34
2024-08-21 00:00:00,2573.35,2605.67,2563.83,2600.67
2024-08-21 04:00:00,2600.67,2608.78,2562.04,2571.51
2024-08-21 08:00:00,2571.51,2596.93,2554.33,2590.09
2024-08-21 12:00:00,2590.09,2605.59,2587.05,2599.22
2024-08-21 16:00:00,2599.22,2606.65,2566.03,2576.40
2024-08-21 20:00:00,2576.40,2616.88,2533.51,2600.44
2024-08-22 00:00:00,2600.45,2649.33,2591.01,2645.01
2024-08-22 04:00:00,2645.01,2663.55,2618.00,2629.38
2024-08-22 08:00:00,2629.37,2639.28,2582.27,2615.18
2024-08-22 12:00:00,2615.18,2641.95,2612.32,2635.00
2024-08-22 16:00:00,2634.99,2644.00,2618.36,2640.42
2024-08-22 20:00:00,2640.42,2643.87,2588.39,2598.30
2024-08-23 00:00:00,2598.29,2618.86,2596.06,2605.44
2024-08-23 04:00:00,2605.45,2631.27,2605.18,2622.00
2024-08-23 08:00:00,2622.00,2652.82,2619.86,2634.64
2024-08-23 12:00:00,2634.65,2688.86,2632.80,2668.07
2024-08-23 16:00:00,2668.07,2679.97,2650.00,2651.94
2024-08-23 20:00:00,2651.95,2698.69,2631.01,2669.45
2024-08-24 00:00:00,2669.46,2749.22,2661.62,2744.58
2024-08-24 04:00:00,2744.58,2798.88,2743.00,2761.58
2024-08-24 08:00:00,2761.58,2768.44,2741.12,2745.58
2024-08-24 12:00:00,2745.57,2764.20,2736.92,2757.23
2024-08-24 16:00:00,2757.23,2785.78,2753.66,2755.35
2024-08-24 20:00:00,2755.36,2763.07,2750.00,2759.79
2024-08-25 00:00:00,2759.79,2819.35,2758.64,2791.25
2024-08-25 04:00:00,2791.25,2806.62,2729.15,2766.40
2024-08-25 08:00:00,2766.40,2782.62,2747.00,2763.42
2024-08-25 12:00:00,2763.43,2769.66,2731.63,2742.05
2024-08-25 16:00:00,2742.05,2759.96,2735.90,2749.68
2024-08-25 20:00:00,2749.69,2772.00,2744.73,2762.79
2024-08-26 00:00:00,2762.78,2773.42,2758.56,2764.77
2024-08-26 04:00:00,2764.77,2791.66,2738.00,2744.47
2024-08-26 08:00:00,2744.48,2760.97,2715.07,2743.01
2024-08-26 12:00:00,2743.00,2751.00,2727.08,2731.92
2024-08-26 16:00:00,2731.92,2747.96,2705.37,2735.81
2024-08-26 20:00:00,2735.81,2741.18,2700.62,2720.53
2024-08-27 00:00:00,2720.52,2731.35,2673.66,2679.96
2024-08-27 04:00:00,2679.96,2692.28,2665.00,2679.25
2024-08-27 08:00:00,2679.26,2693.10,2665.16,2684.50
2024-08-27 12:00:00,2684.49,2699.11,2671.70,2686.91
2024-08-27 16:00:00,2686.91,2691.00,2618.00,2625.59
2024-08-27 20:00:00,2625.59,2628.13,2556.00,2577.64
2024-08-28 00:00:00,2577.63,2590.96,2561.90,2582.85
2024-08-28 04:00:00,2582.85,2587.48,2388.00,2455.98
2024-08-28 08:00:00,2455.98,2478.76,2416.56,2476.76
2024-08-28 12:00:00,2476.76,2484.59,2431.18,2435.92
2024-08-28 16:00:00,2435.92,2549.30,2427.65,2521.50
2024-08-28 20:00:00,2521.49,2538.00,2467.00,2494.70
2024-08-29 00:00:00,2494.71,2545.20,2455.04,2503.75
2024-08-29 04:00:00,2503.75,2554.19,2503.33,2527.31
2024-08-29 08:00:00,2527.32,2536.87,2509.12,2522.13
2024-08-29 12:00:00,2522.16,2559.14,2517.10,2546.05
2024-08-29 16:00:00,2546.05,2573.82,2536.16,2553.72
2024-08-29 20:00:00,2553.71,2594.00,2550.59,2574.51
2024-08-30 00:00:00,2574.51,2584.68,2508.84,2527.54
2024-08-30 04:00:00,2527.53,2542.79,2504.11,2526.28
2024-08-30 08:00:00,2526.28,2534.28,2503.00,2515.83
2024-08-30 12:00:00,2515.83,2531.89,2502.84,2515.91
2024-08-30 16:00:00,2515.91,2527.41,2506.14,2511.45
2024-08-30 20:00:00,2511.45,2552.32,2433.75,2448.04
2024-08-31 00:00:00,2448.03,2540.00,2431.00,2505.79
2024-08-31 04:00:00,2505.80,2529.69,2505.01,2524.99
2024-08-31 08:00:00,2524.99,2533.29,2517.79,2522.42
2024-08-31 12:00:00,2522.42,2528.50,2517.00,2519.78
2024-08-31 16:00:00,2519.79,2528.76,2510.16,2524.56
2024-08-31 20:00:00,2524.55,2526.83,2512.85,2518.02
2024-09-01 00:00:00,2518.02,2518.72,2490.62,2498.36
2024-09-01 04:00:00,2498.36,2527.50,2492.42,2511.91
2024-09-01 08:00:00,2511.91,2514.97,2475.01,2487.76
2024-09-01 12:00:00,2487.76,2490.00,2457.50,2485.62
2024-09-01 16:00:00,2485.63,2491.96,2457.60,2476.44
2024-09-01 20:00:00,2476.45,2488.99,2436.54,2479.49
2024-09-02 00:00:00,2479.49,2513.52,2455.60,2500.14
2024-09-02 04:00:00,2500.14,2514.77,2397.23,2424.55
2024-09-02 08:00:00,2424.55,2454.66,2421.80,2449.15
2024-09-02 12:00:00,2449.15,2465.96,2432.00,2439.94
2024-09-02 16:00:00,2439.94,2537.57,2437.26,2514.75
2024-09-02 20:00:00,2514.75,2527.22,2491.28,2512.29
2024-09-03 00:00:00,2512.29,2530.00,2504.22,2523.39
2024-09-03 04:00:00,2523.39,2564.49,2521.00,2536.74
2024-09-03 08:00:00,2536.76,2552.55,2513.11,2514.79
2024-09-03 12:00:00,2514.79,2524.14,2511.25,2518.89
2024-09-03 16:00:00,2518.89,2519.64,2492.00,2508.19
2024-09-03 20:00:00,2508.19,2518.00,2434.50,2442.93
2024-09-04 00:00:00,2442.92,2469.86,2434.50,2446.70
2024-09-04 04:00:00,2446.70,2470.40,2405.14,2424.05
2024-09-04 08:00:00,2424.05,2448.00,2304.87,2371.93
2024-09-04 12:00:00,2371.92,2414.66,2362.18,2400.10
2024-09-04 16:00:00,2400.11,2409.70,2385.84,2397.68
2024-09-04 20:00:00,2397.67,2457.90,2391.50,2453.88
2024-09-05 00:00:00,2453.87,2489.34,2437.37,2451.00
2024-09-05 04:00:00,2451.00,2468.40,2442.00,2449.67
2024-09-05 08:00:00,2449.67,2465.23,2402.80,2404.43
2024-09-05 12:00:00,2404.43,2417.75,2375.36,2411.50
2024-09-05 16:00:00,2411.49,2415.24,2382.17,2388.44
2024-09-05 20:00:00,2388.44,2413.87,2354.01,2370.16
2024-09-06 00:00:00,2370.16,2395.00,2346.05,2362.71
2024-09-06 04:00:00,2362.68,2377.44,2348.69,2367.37
2024-09-06 08:00:00,2367.33,2407.75,2356.17,2391.56
2024-09-06 12:00:00,2391.55,2396.42,2319.63,2343.14
2024-09-06 16:00:00,2343.14,2378.95,2337.28,2372.16
2024-09-06 20:00:00,2372.16,2409.34,2264.40,2289.02
2024-09-07 00:00:00,2289.03,2292.00,2206.50,2221.51
2024-09-07 04:00:00,2221.50,2229.33,2150.00,2223.70
2024-09-07 08:00:00,2223.70,2242.00,2220.76,2237.23
2024-09-07 12:00:00,2237.23,2292.99,2236.26,2287.03
2024-09-07 16:00:00,2287.03,2298.96,2274.03,2282.71
2024-09-07 20:00:00,2282.70,2310.00,2281.04,2299.17
2024-09-08 00:00:00,2299.18,2303.31,2262.01,2289.03
2024-09-08 04:00:00,2289.03,2290.00,2255.00,2272.21
2024-09-08 08:00:00,2272.21,2287.56,2262.00,2284.77
2024-09-08 12:00:00,2284.77,2303.90,2282.22,2293.69
2024-09-08 16:00:00,2293.70,2309.00,2286.33,2295.27
2024-09-08 20:00:00,2295.28,2298.16,2238.88,2244.67
2024-09-09 00:00:00,2244.68,2282.59,2242.17,2270.63
2024-09-09 04:00:00,2270.64,2333.98,2266.46,2295.89
2024-09-09 08:00:00,2295.90,2320.00,2286.59,2303.34
2024-09-09 12:00:00,2303.33,2315.95,2281.04,2313.03
2024-09-09 16:00:00,2313.03,2338.74,2308.00,2314.10
2024-09-09 20:00:00,2314.09,2324.47,2271.22,2291.59
2024-09-10 00:00:00,2291.61,2352.67,2290.00,2349.27
2024-09-10 04:00:00,2349.32,2382.51,2335.58,2358.19
2024-09-10 08:00:00,2358.19,2359.19,2333.00,2339.58
2024-09-10 12:00:00,2339.57,2366.00,2325.83,2362.21
2024-09-10 16:00:00,2362.20,2371.34,2337.80,2349.65
2024-09-10 20:00:00,2349.65,2363.00,2319.09,2323.64
2024-09-11 00:00:00,2323.64,2391.54,2323.00,2379.59
2024-09-11 04:00:00,2379.60,2399.99,2370.72,2387.63
2024-09-11 08:00:00,2387.63,2388.39,2337.30,2347.13
2024-09-11 12:00:00,2347.14,2347.14,2317.48,2340.42
2024-09-11 16:00:00,2340.41,2340.73,2305.23,2326.68
2024-09-11 20:00:00,2326.67,2354.70,2275.80,2324.87
2024-09-12 00:00:00,2324.86,2368.00,2323.74,2339.44
2024-09-12 04:00:00,2339.45,2351.08,2331.58,2339.22
2024-09-12 08:00:00,2339.18,2392.00,2338.26,2366.64
2024-09-12 12:00:00,2366.65,2378.50,2351.39,2358.48
2024-09-12 16:00:00,2358.47,2365.50,2341.67,2347.44
2024-09-12 20:00:00,2347.44,2366.21,2313.16,2321.76
2024-09-13 00:00:00,2321.76,2360.72,2321.00,2359.99
2024-09-13 04:00:00,2360.00,2372.99,2340.50,2360.79
2024-09-13 08:00:00,2360.79,2363.80,2348.61,2355.31
2024-09-13 12:00:00,2355.31,2358.45,2336.20,2347.63
2024-09-13 16:00:00,2347.63,2375.74,2340.05,2353.22
2024-09-13 20:00:00,2353.23,2412.19,2340.94,2406.83
2024-09-14 00:00:00,2406.83,2427.66,2395.00,2419.93
2024-09-14 04:00:00,2419.94,2463.77,2411.60,2438.15
2024-09-14 08:00:00,2438.16,2439.61,2420.74,2431.67
2024-09-14 12:00:00,2431.67,2432.40,2412.27,2419.23
2024-09-14 16:00:00,2419.23,2420.68,2406.72,2415.88
2024-09-14 20:00:00,2415.87,2422.59,2411.12,2417.37
2024-09-15 00:00:00,2417.37,2420.04,2373.82,2407.57
2024-09-15 04:00:00,2407.56,2421.76,2405.86,2416.65
2024-09-15 08:00:00,2416.65,2429.44,2415.31,2419.28
2024-09-15 12:00:00,2419.28,2423.67,2412.65,2421.60
2024-09-15 16:00:00,2421.61,2422.20,2401.03,2405.90
2024-09-15 20:00:00,2405.89,2418.24,2395.13,2407.60
2024-09-16 00:00:00,2407.59,2407.98,2361.09,2371.14
2024-09-16 04:00:00,2371.14,2371.15,2282.00,2314.85
2024-09-16 08:00:00,2314.85,2321.36,2251.06,2277.11
2024-09-16 12:00:00,2277.11,2311.95,2275.10,2309.23
2024-09-16 16:00:00,2309.24,2334.90,2286.31,2306.66
2024-09-16 20:00:00,2306.67,2311.50,2268.00,2286.71
2024-09-17 00:00:00,2286.71,2310.37,2268.08,2274.00
2024-09-17 04:00:00,2274.00,2300.98,2266.14,2294.61
2024-09-17 08:00:00,2294.61,2298.07,2262.00,2282.92
2024-09-17 12:00:00,2282.92,2309.88,2281.20,2308.09
2024-09-17 16:00:00,2308.09,2322.91,2301.15,2307.29
2024-09-17 20:00:00,2307.29,2392.62,2300.76,2382.68
2024-09-18 00:00:00,2382.68,2388.88,2326.20,2352.03
2024-09-18 04:00:00,2352.02,2361.27,2327.60,2340.59
2024-09-18 08:00:00,2340.59,2343.90,2308.15,2333.92
2024-09-18 12:00:00,2333.92,2335.15,2311.18,2328.65
2024-09-18 16:00:00,2328.65,2328.66,2275.25,2299.43
2024-09-18 20:00:00,2299.44,2317.48,2285.81,2295.04
2024-09-19 00:00:00,2295.05,2363.89,2286.72,2313.81
2024-09-19 04:00:00,2313.78,2376.00,2288.20,2373.93
2024-09-19 08:00:00,2373.93,2412.25,2371.37,2402.79
2024-09-19 12:00:00,2402.79,2442.24,2398.50,2436.61
2024-09-19 16:00:00,2436.61,2441.25,2421.45,2434.01
2024-09-19 20:00:00,2434.00,2451.83,2419.50,2439.00
2024-09-20 00:00:00,2439.00,2494.68,2432.01,2459.79
2024-09-20 04:00:00,2459.79,2478.24,2452.18,2464.56
2024-09-20 08:00:00,2464.55,2521.70,2436.11,2519.90
2024-09-20 12:00:00,2519.90,2572.18,2515.56,2559.63
2024-09-20 16:00:00,2559.63,2563.91,2537.60,2543.97
2024-09-20 20:00:00,2543.97,2569.45,2515.31,2559.18
2024-09-21 00:00:00,2559.19,2568.48,2523.75,2540.00
2024-09-21 04:00:00,2540.01,2561.38,2537.23,2560.29
2024-09-21 08:00:00,2560.30,2586.91,2532.21,2542.80
2024-09-21 12:00:00,2542.80,2557.97,2527.69,2554.54
2024-09-21 16:00:00,2554.55,2556.26,2543.49,2555.33
2024-09-21 20:00:00,2555.34,2575.74,2549.10,2558.54
2024-09-22 00:00:00,2558.53,2577.79,2555.00,2570.44
2024-09-22 04:00:00,2570.45,2623.85,2558.51,2611.40
2024-09-22 08:00:00,2611.40,2633.30,2586.48,2593.62
2024-09-22 12:00:00,2593.61,2603.88,2575.00,2586.74
2024-09-22 16:00:00,2586.73,2595.00,2568.58,2579.58
2024-09-22 20:00:00,2579.59,2586.97,2553.07,2569.57
2024-09-23 00:00:00,2569.57,2591.31,2550.08,2577.00
2024-09-23 04:00:00,2576.99,2593.00,2522.57,2579.94
2024-09-23 08:00:00,2579.95,2686.50,2538.24,2675.37
2024-09-23 12:00:00,2675.37,2680.00,2635.00,2645.28
2024-09-23 16:00:00,2645.27,2661.92,2632.01,2645.11
2024-09-23 20:00:00,2645.11,2685.00,2630.04,2674.07
2024-09-24 00:00:00,2674.07,2702.00,2656.41,2671.80
2024-09-24 04:00:00,2671.80,2681.52,2637.42,2645.84
2024-09-24 08:00:00,2645.84,2650.63,2607.74,2626.50
2024-09-24 12:00:00,2626.50,2649.16,2617.03,2645.99
2024-09-24 16:00:00,2645.99,2667.21,2633.58,2636.28
2024-09-24 20:00:00,2636.27,2645.40,2590.10,2611.82
2024-09-25 00:00:00,2611.82,2656.21,2609.94,2649.38
2024-09-25 04:00:00,2649.39,2669.94,2638.85,2652.00
2024-09-25 08:00:00,2652.00,2673.06,2631.06,2645.51
2024-09-25 12:00:00,2645.51,2645.88,2609.04,2620.44
2024-09-25 16:00:00,2620.44,2629.90,2612.51,2626.31
2024-09-25 20:00:00,2626.30,2628.64,2593.67,2599.90
2024-09-26 00:00:00,2599.91,2608.43,2561.17,2569.69
2024-09-26 04:00:00,2569.68,2583.69,2552.44,2578.90
2024-09-26 08:00:00,2578.90,2606.00,2557.50,2601.65
2024-09-26 12:00:00,2601.64,2634.01,2590.12,2628.59
2024-09-26 16:00:00,2628.59,2638.77,2611.68,2627.91
2024-09-26 20:00:00,2627.91,2663.05,2606.60,2651.05
2024-09-27 00:00:00,2651.05,2666.17,2625.51,2647.99
2024-09-27 04:00:00,2648.05,2654.36,2616.00,2631.11
2024-09-27 08:00:00,2631.16,2644.02,2614.22,2637.74
2024-09-27 12:00:00,2637.74,2667.99,2635.30,2656.06
2024-09-27 16:00:00,2656.05,2676.83,2639.63,2650.28
2024-09-27 20:00:00,2650.29,2698.80,2640.76,2682.17
2024-09-28 00:00:00,2682.16,2727.66,2677.00,2700.49
2024-09-28 04:00:00,2700.49,2707.74,2688.54,2693.53
2024-09-28 08:00:00,2693.52,2703.30,2686.68,2689.28
2024-09-28 12:00:00,2689.27,2699.30,2672.76,2677.00
2024-09-28 16:00:00,2676.99,2677.64,2648.32,2674.24
2024-09-28 20:00:00,2674.24,2675.00,2650.37,2668.78
2024-09-29 00:00:00,2668.78,2683.84,2661.11,2676.83
2024-09-29 04:00:00,2676.82,2681.71,2653.85,2673.90
2024-09-29 08:00:00,2673.91,2683.00,2662.17,2673.47
2024-09-29 12:00:00,2673.51,2673.51,2633.03,2639.60
2024-09-29 16:00:00,2639.60,2654.39,2632.80,2651.77
2024-09-29 20:00:00,2651.77,2668.24,2639.45,2664.96
2024-09-30 00:00:00,2664.96,2671.08,2649.02,2665.65
2024-09-30 04:00:00,2665.65,2672.88,2646.15,2656.30
2024-09-30 08:00:00,2656.30,2662.81,2601.00,2628.64
2024-09-30 12:00:00,2628.64,2642.99,2621.81,2636.70
2024-09-30 16:00:00,2636.70,2642.48,2590.72,2627.97
2024-09-30 20:00:00,2627.97,2638.15,2592.05,2595.05
2024-10-01 00:00:00,2595.05,2609.44,2572.82,2594.49
2024-10-01 04:00:00,2594.50,2616.86,2575.54,2601.49
2024-10-01 08:00:00,2601.49,2632.92,2590.57,2629.33
2024-10-01 12:00:00,2629.33,2658.63,2626.86,2644.79
2024-10-01 16:00:00,2644.78,2646.35,2627.05,2627.82
2024-10-01 20:00:00,2627.81,2632.43,2480.00,2523.54
2024-10-02 00:00:00,2523.54,2530.50,2425.17,2487.68
2024-10-02 04:00:00,2487.68,2491.76,2412.40,2446.85
2024-10-02 08:00:00,2446.85,2498.00,2441.17,2488.51
2024-10-02 12:00:00,2488.51,2492.13,2466.00,2480.75
2024-10-02 16:00:00,2480.76,2486.25,2440.32,2454.20
2024-10-02 20:00:00,2454.20,2462.98,2416.92,2459.43
2024-10-03 00:00:00,2459.44,2478.00,2366.17,2370.61
2024-10-03 04:00:00,2370.61,2391.69,2350.00,2363.00
2024-10-03 08:00:00,2363.00,2398.65,2351.60,2398.08
2024-10-03 12:00:00,2398.08,2402.29,2358.00,2363.59
2024-10-03 16:00:00,2363.59,2369.52,2318.00,2351.55
2024-10-03 20:00:00,2351.56,2365.00,2308.09,2339.54
2024-10-04 00:00:00,2339.55,2353.55,2310.65,2352.40
2024-10-04 04:00:00,2352.39,2356.84,2330.82,2348.74
2024-10-04 08:00:00,2348.74,2379.00,2338.27,2366.07
2024-10-04 12:00:00,2366.07,2386.69,2364.57,2380.55
2024-10-04 16:00:00,2380.56,2392.44,2373.10,2385.21
2024-10-04 20:00:00,2385.21,2417.27,2351.18,2415.99
2024-10-05 00:00:00,2416.00,2440.00,2408.20,2428.41
2024-10-05 04:00:00,2428.44,2430.85,2411.09,2413.38
2024-10-05 08:00:00,2413.38,2427.94,2388.66,2398.75
2024-10-05 12:00:00,2398.75,2426.24,2395.75,2414.18
2024-10-05 16:00:00,2414.18,2427.00,2414.09,2416.43
2024-10-05 20:00:00,2416.43,2423.00,2403.88,2413.99
2024-10-06 00:00:00,2413.99,2415.13,2392.00,2395.71
2024-10-06 04:00:00,2395.71,2418.85,2389.01,2413.42
2024-10-06 08:00:00,2413.42,2421.99,2405.76,2412.78
2024-10-06 12:00:00,2412.78,2420.00,2409.26,2416.25
2024-10-06 16:00:00,2416.24,2430.00,2414.36,2425.65
2024-10-06 20:00:00,2425.65,2457.11,2423.64,2445.68
2024-10-07 00:00:00,2445.67,2452.00,2434.00,2440.47
2024-10-07 04:00:00,2440.47,2443.83,2413.80,2438.77
2024-10-07 08:00:00,2438.76,2512.50,2434.50,2494.37
2024-10-07 12:00:00,2494.38,2497.77,2476.06,2479.55
2024-10-07 16:00:00,2479.55,2489.18,2436.48,2474.64
2024-10-07 20:00:00,2474.63,2520.25,2461.36,2472.88
2024-10-08 00:00:00,2472.87,2479.92,2418.02,2444.40
2024-10-08 04:00:00,2444.42,2456.83,2401.08,2421.75
2024-10-08 08:00:00,2421.75,2447.56,2421.75,2437.29
2024-10-08 12:00:00,2437.29,2445.00,2409.11,2427.54
2024-10-08 16:00:00,2427.55,2440.75,2416.36,2438.63
2024-10-08 20:00:00,2438.63,2452.00,2400.01,2418.39
2024-10-09 00:00:00,2418.39,2455.31,2410.12,2439.43
2024-10-09 04:00:00,2439.42,2466.63,2433.08,2439.84
2024-10-09 08:00:00,2439.84,2472.90,2426.00,2445.52
2024-10-09 12:00:00,2445.51,2451.76,2430.55,2434.80
2024-10-09 16:00:00,2434.80,2441.66,2426.23,2440.80
2024-10-09 20:00:00,2440.80,2471.64,2422.07,2460.34
2024-10-10 00:00:00,2460.35,2461.65,2406.00,2417.05
2024-10-10 04:00:00,2417.04,2417.04,2350.00,2369.60
2024-10-10 08:00:00,2369.60,2400.96,2365.81,2394.36
2024-10-10 12:00:00,2394.35,2410.90,2390.49,2394.56
2024-10-10 16:00:00,2394.56,2407.16,2366.38,2405.43
2024-10-10 20:00:00,2405.43,2408.00,2368.80,2403.94
2024-10-11 00:00:00,2403.94,2421.50,2329.44,2366.32
2024-10-11 04:00:00,2366.32,2386.40,2357.21,2385.24
2024-10-11 08:00:00,2385.24,2416.33,2380.81,2410.34
2024-10-11 12:00:00,2410.35,2417.84,2402.08,2406.49
2024-10-11 16:00:00,2406.48,2425.24,2401.45,2416.71
2024-10-11 20:00:00,2416.70,2452.70,2413.20,2442.36
2024-10-12 00:00:00,2442.36,2470.00,2432.00,2458.18
2024-10-12 04:00:00,2458.17,2461.20,2433.00,2438.46
2024-10-12 08:00:00,2438.45,2450.40,2433.20,2437.93
2024-10-12 12:00:00,2437.92,2451.58,2437.92,2445.36
2024-10-12 16:00:00,2445.35,2467.53,2441.50,2451.35
2024-10-12 20:00:00,2451.35,2482.91,2447.30,2471.74
2024-10-13 00:00:00,2471.73,2486.36,2465.00,2471.30
2024-10-13 04:00:00,2471.31,2489.95,2467.68,2475.09
2024-10-13 08:00:00,2475.08,2484.00,2449.76,2456.90
2024-10-13 12:00:00,2456.89,2468.18,2456.00,2463.98
2024-10-13 16:00:00,2463.98,2471.29,2455.91,2456.86
2024-10-13 20:00:00,2456.87,2469.11,2435.00,2439.29
2024-10-14 00:00:00,2439.28,2461.53,2436.67,2456.99
2024-10-14 04:00:00,2457.00,2483.89,2451.62,2467.79
2024-10-14 08:00:00,2467.79,2524.89,2442.00,2520.05
2024-10-14 12:00:00,2520.04,2547.99,2509.28,2534.74
2024-10-14 16:00:00,2534.74,2546.22,2518.56,2536.70
2024-10-14 20:00:00,2536.70,2643.03,2533.45,2634.95
2024-10-15 00:00:00,2634.95,2639.88,2615.00,2619.86
2024-10-15 04:00:00,2619.85,2653.44,2615.20,2628.88
2024-10-15 08:00:00,2628.87,2636.70,2607.20,2611.81
2024-10-15 12:00:00,2611.81,2624.00,2590.00,2615.20
2024-10-15 16:00:00,2615.20,2622.23,2580.00,2585.82
2024-10-15 20:00:00,2585.82,2688.76,2536.64,2572.58
2024-10-16 00:00:00,2572.58,2618.85,2570.25,2591.06
2024-10-16 04:00:00,2591.07,2609.21,2562.41,2606.53
2024-10-16 08:00:00,2606.54,2629.68,2588.01,2616.24
2024-10-16 12:00:00,2616.23,2623.78,2597.60,2606.02
2024-10-16 16:00:00,2606.02,2642.99,2604.00,2629.20
2024-10-16 20:00:00,2629.21,2647.51,2594.22,2606.70
2024-10-17 00:00:00,2606.70,2627.67,2590.30,2614.02
2024-10-17 04:00:00,2614.00,2627.23,2608.27,2610.39
2024-10-17 08:00:00,2610.39,2644.90,2609.02,2640.37
2024-10-17 12:00:00,2640.38,2647.90,2618.01,2627.80
2024-10-17 16:00:00,2627.79,2630.00,2595.36,2597.38
2024-10-17 20:00:00,2597.38,2632.50,2581.95,2630.29
2024-10-18 00:00:00,2630.29,2630.92,2573.73,2594.69
2024-10-18 04:00:00,2594.70,2614.40,2593.72,2605.01
2024-10-18 08:00:00,2605.01,2651.05,2595.61,2609.10
2024-10-18 12:00:00,2609.11,2645.00,2607.88,2643.62
2024-10-18 16:00:00,2643.62,2649.82,2620.05,2621.43
2024-10-18 20:00:00,2621.43,2664.00,2611.39,2652.12
2024-10-19 00:00:00,2652.12,2675.12,2628.46,2650.50
2024-10-19 04:00:00,2650.52,2651.53,2631.91,2641.11
2024-10-19 08:00:00,2641.11,2662.66,2633.72,2645.35
2024-10-19 12:00:00,2645.36,2649.99,2636.55,2639.98
2024-10-19 16:00:00,2639.98,2647.84,2630.05,2630.34
2024-10-19 20:00:00,2630.35,2653.88,2630.15,2644.87
2024-10-20 00:00:00,2644.88,2645.91,2636.00,2640.58
2024-10-20 04:00:00,2640.59,2654.85,2640.00,2647.45
2024-10-20 08:00:00,2647.46,2652.85,2634.53,2639.66
2024-10-20 12:00:00,2639.65,2652.75,2637.26,2645.49
2024-10-20 16:00:00,2645.50,2650.88,2642.30,2648.89
2024-10-20 20:00:00,2648.90,2720.00,2640.67,2705.71
2024-10-21 00:00:00,2705.71,2709.00,2685.17,2699.22
2024-10-21 04:00:00,2699.21,2759.62,2696.17,2746.98
2024-10-21 08:00:00,2746.98,2770.00,2726.36,2734.84
2024-10-21 12:00:00,2734.83,2746.12,2722.23,2722.68
2024-10-21 16:00:00,2722.69,2730.00,2702.00,2705.20
2024-10-21 20:00:00,2705.19,2711.99,2659.02,2680.21
2024-10-22 00:00:00,2680.21,2684.60,2655.52,2680.08
2024-10-22 04:00:00,2680.09,2683.57,2664.76,2666.63
2024-10-22 08:00:00,2666.62,2671.59,2613.77,2644.65
2024-10-22 12:00:00,2644.66,2659.59,2635.21,2646.65
2024-10-22 16:00:00,2646.65,2649.35,2613.00,2632.75
2024-10-22 20:00:00,2632.75,2646.19,2606.00,2623.75
2024-10-23 00:00:00,2623.76,2633.51,2606.11,2627.44
2024-10-23 04:00:00,2627.44,2643.56,2617.13,2621.78
2024-10-23 08:00:00,2621.79,2629.51,2600.10,2615.99
2024-10-23 12:00:00,2616.00,2624.44,2602.03,2602.10
2024-10-23 16:00:00,2602.11,2610.45,2562.54,2580.83
2024-10-23 20:00:00,2580.83,2586.74,2529.00,2539.53
2024-10-24 00:00:00,2539.53,2541.80,2443.01,2511.77
2024-10-24 04:00:00,2511.77,2527.99,2500.96,2523.84
2024-10-24 08:00:00,2523.85,2561.04,2507.76,2544.19
2024-10-24 12:00:00,2544.20,2561.83,2539.04,2543.88
2024-10-24 16:00:00,2543.88,2550.98,2507.68,2528.97
2024-10-24 20:00:00,2528.97,2545.24,2512.37,2525.15
2024-10-25 00:00:00,2525.16,2541.80,2506.27,2539.51
2024-10-25 04:00:00,2539.51,2560.00,2526.08,2535.39
2024-10-25 08:00:00,2535.39,2538.19,2509.00,2521.11
2024-10-25 12:00:00,2521.12,2522.13,2460.98,2483.30
2024-10-25 16:00:00,2483.29,2546.91,2476.79,2544.71
2024-10-25 20:00:00,2544.72,2565.94,2507.51,2524.26
2024-10-26 00:00:00,2524.27,2536.00,2453.52,2475.36
2024-10-26 04:00:00,2475.35,2496.13,2380.63,2440.10
2024-10-26 08:00:00,2440.10,2458.09,2429.34,2451.39
2024-10-26 12:00:00,2451.39,2479.12,2450.41,2464.71
2024-10-26 16:00:00,2464.72,2478.37,2462.43,2472.18
2024-10-26 20:00:00,2472.18,2478.00,2441.68,2456.87
2024-10-27 00:00:00,2456.86,2487.71,2454.60,2486.15
2024-10-27 04:00:00,2486.14,2507.10,2481.06,2482.04
2024-10-27 08:00:00,2482.04,2484.43,2468.16,2483.73
2024-10-27 12:00:00,2483.73,2486.16,2477.05,2480.08
2024-10-27 16:00:00,2480.07,2483.53,2462.86,2468.93
2024-10-27 20:00:00,2468.92,2505.00,2468.81,2501.10
2024-10-28 00:00:00,2501.10,2511.00,2485.01,2493.89
2024-10-28 04:00:00,2493.90,2527.25,2490.00,2507.22
2024-10-28 08:00:00,2507.21,2511.67,2470.41,2476.76
2024-10-28 12:00:00,2476.76,2526.21,2472.31,2511.11
2024-10-28 16:00:00,2511.11,2545.00,2504.22,2526.53
2024-10-28 20:00:00,2526.54,2535.88,2497.50,2500.30
2024-10-29 00:00:00,2500.29,2523.97,2485.00,2503.77
2024-10-29 04:00:00,2518.92,2590.78,2516.54,2566.49
2024-10-29 08:00:00,2566.48,2631.78,2560.30,2607.57
2024-10-29 12:00:00,2607.58,2626.33,2607.36,2613.10
2024-10-29 16:00:00,2613.09,2638.67,2612.47,2631.08
2024-10-29 20:00:00,2631.07,2651.10,2610.93,2648.12
2024-10-30 00:00:00,2648.11,2681.83,2621.25,2624.40
2024-10-30 04:00:00,2624.43,2648.81,2606.23,2639.28
2024-10-30 08:00:00,2639.28,2653.00,2599.90,2642.46
2024-10-30 12:00:00,2642.46,2686.27,2637.04,2669.43
2024-10-30 16:00:00,2669.43,2698.00,2657.53,2659.91
2024-10-30 20:00:00,2659.92,2724.65,2653.69,2683.59
2024-10-31 00:00:00,2683.59,2696.90,2653.37,2655.31
2024-10-31 04:00:00,2655.34,2688.12,2634.03,2659.36
2024-10-31 08:00:00,2659.35,2669.74,2637.00,2657.59
2024-10-31 12:00:00,2657.59,2658.56,2631.81,2647.05
2024-10-31 16:00:00,2647.05,2649.00,2625.35,2638.78
2024-10-31 20:00:00,2638.78,2641.43,2540.87,2562.89
2024-11-01 00:00:00,2562.89,2564.04,2506.00,2514.31
2024-11-01 04:00:00,2514.30,2528.66,2502.50,2518.37
2024-11-01 08:00:00,2518.37,2533.00,2467.30,2503.26
2024-11-01 12:00:00,2503.26,2516.67,2485.32,2504.14
2024-11-01 16:00:00,2504.13,2526.26,2493.67,2515.84
2024-11-01 20:00:00,2515.85,2587.86,2481.44,2500.03
2024-11-02 00:00:00,2500.03,2538.99,2495.10,2514.72
2024-11-02 04:00:00,2514.71,2528.00,2486.00,2511.57
2024-11-02 08:00:00,2511.57,2523.80,2500.60,2506.58
2024-11-02 12:00:00,2506.58,2513.79,2498.86,2507.20
2024-11-02 16:00:00,2507.20,2510.18,2491.00,2501.81
2024-11-02 20:00:00,2501.81,2504.17,2467.10,2488.18
2024-11-03 00:00:00,2488.18,2497.25,2478.76,2492.73
2024-11-03 04:00:00,2492.73,2497.49,2484.37,2493.61
2024-11-03 08:00:00,2493.61,2496.21,2420.63,2448.96
2024-11-03 12:00:00,2448.97,2463.62,2440.48,2449.72
2024-11-03 16:00:00,2449.73,2462.91,2443.67,2454.31
2024-11-03 20:00:00,2454.31,2460.19,2412.67,2442.20
2024-11-04 00:00:00,2442.19,2459.85,2410.35,2452.77
2024-11-04 04:00:00,2452.76,2475.00,2446.71,2457.29
2024-11-04 08:00:00,2457.30,2491.00,2434.13,2473.28
2024-11-04 12:00:00,2473.28,2482.02,2456.48,2458.89
2024-11-04 16:00:00,2458.90,2477.81,2446.35,2469.96
2024-11-04 20:00:00,2469.97,2485.55,2430.70,2441.96
2024-11-05 00:00:00,2441.96,2445.81,2405.10,2430.06
2024-11-05 04:00:00,2430.06,2431.69,2356.00,2397.37
2024-11-05 08:00:00,2397.36,2421.06,2379.48,2419.73
2024-11-05 12:00:00,2419.73,2444.79,2416.22,2442.32
2024-11-05 16:00:00,2442.33,2447.31,2429.18,2439.88
2024-11-05 20:00:00,2439.88,2479.60,2426.00,2440.22
2024-11-06 00:00:00,2440.22,2474.97,2400.23,2407.30
2024-11-06 04:00:00,2407.30,2439.36,2400.33,2421.42
2024-11-06 08:00:00,2421.41,2637.32,2419.20,2579.04
2024-11-06 12:00:00,2579.04,2644.77,2560.56,2595.40
2024-11-06 16:00:00,2595.40,2638.58,2572.40,2629.83
2024-11-06 20:00:00,2629.83,2668.00,2607.00,2634.28
2024-11-07 00:00:00,2634.28,2687.80,2633.65,2687.74
2024-11-07 04:00:00,2687.74,2746.02,2669.44,2722.49
2024-11-07 08:00:00,2722.50,2882.56,2700.31,2854.18
2024-11-07 12:00:00,2854.18,2856.72,2781.10,2821.63
2024-11-07 16:00:00,2821.63,2832.84,2789.61,2792.99
2024-11-07 20:00:00,2793.00,2850.52,2772.38,2848.14
2024-11-08 00:00:00,2848.14,2895.66,2824.55,2885.99
2024-11-08 04:00:00,2886.00,2916.56,2864.23,2895.76
2024-11-08 08:00:00,2895.76,2956.99,2886.47,2902.92
2024-11-08 12:00:00,2902.91,2924.75,2892.61,2912.94
2024-11-08 16:00:00,2912.93,2933.00,2893.63,2915.27
2024-11-08 20:00:00,2915.27,2958.00,2903.25,2937.59
2024-11-09 00:00:00,2937.60,2982.75,2890.04,2950.00
2024-11-09 04:00:00,2950.00,2975.88,2915.13,2962.12
2024-11-09 08:00:00,2962.12,2996.00,2954.63,2965.50
2024-11-09 12:00:00,2965.51,3059.91,2954.10,3030.60
2024-11-09 16:00:00,3030.61,3056.59,3021.51,3051.53
2024-11-09 20:00:00,3051.53,3054.40,3028.01,3041.01
2024-11-10 00:00:00,3041.00,3099.58,2990.01,3070.70
2024-11-10 04:00:00,3070.71,3158.66,3066.00,3127.03
2024-11-10 08:00:00,3127.02,3153.33,3104.08,3135.27
2024-11-10 12:00:00,3135.26,3220.00,3130.50,3187.08
2024-11-10 16:00:00,3187.08,3236.14,3168.00,3223.12
2024-11-10 20:00:00,3223.12,3241.00,3170.56,3212.17
2024-11-11 00:00:00,3212.17,3252.28,3150.50,3164.99
2024-11-11 04:00:00,3164.99,3228.99,3073.86,3185.19
2024-11-11 08:00:00,3185.19,3224.91,3172.87,3197.12
2024-11-11 12:00:00,3197.11,3199.38,3107.15,3141.58
2024-11-11 16:00:00,3141.59,3214.69,3133.36,3199.92
2024-11-11 20:00:00,3199.93,3265.12,3140.58,3240.64
2024-11-12 00:00:00,3240.63,3349.58,3236.26,3301.56
2024-11-12 04:00:00,3301.55,3392.06,3281.37,3375.02
2024-11-12 08:00:00,3375.02,3378.18,3250.01,3340.71
2024-11-12 12:00:00,3340.66,3399.32,3320.39,3372.03
2024-11-12 16:00:00,3372.02,3449.00,3214.00,3285.43
2024-11-12 20:00:00,3285.43,3300.02,3211.54,3263.40
2024-11-13 00:00:00,3263.40,3306.00,3211.15,3275.36
2024-11-13 04:00:00,3275.36,3307.23,3237.21,3245.98
2024-11-13 08:00:00,3245.99,3288.73,3205.34,3210.61
2024-11-13 12:00:00,3210.61,3233.40,3120.00,3162.99
2024-11-13 16:00:00,3163.00,3193.79,3144.17,3169.66
2024-11-13 20:00:00,3169.66,3331.20,3153.84,3312.05
2024-11-14 00:00:00,3312.05,3335.00,3156.00,3160.21
2024-11-14 04:00:00,3160.20,3199.77,3120.00,3188.90
2024-11-14 08:00:00,3188.90,3229.91,3164.87,3219.56
2024-11-14 12:00:00,3219.56,3242.31,3175.61,3219.66
2024-11-14 16:00:00,3219.65,3232.97,3156.00,3187.09
2024-11-14 20:00:00,3187.08,3200.88,3057.14,3079.25
2024-11-15 00:00:00,3079.24,3184.10,3072.52,3147.72
2024-11-15 04:00:00,3147.72,3147.72,3031.60,3061.03
2024-11-15 08:00:00,3061.04,3095.31,3035.74,3084.85
2024-11-15 12:00:00,3084.84,3084.84,3016.11,3041.19
2024-11-15 16:00:00,3041.19,3116.32,3023.21,3105.91
2024-11-15 20:00:00,3105.91,3133.68,3016.50,3025.07
2024-11-16 00:00:00,3025.07,3063.00,3016.87,3042.01
2024-11-16 04:00:00,3042.02,3122.99,3040.60,3091.75
2024-11-16 08:00:00,3091.75,3159.30,3073.47,3156.49
2024-11-16 12:00:00,3156.49,3167.20,3103.00,3108.59
2024-11-16 16:00:00,3108.59,3197.70,3105.05,3197.38
2024-11-16 20:00:00,3197.38,3222.69,3121.11,3143.18
2024-11-17 00:00:00,3143.18,3186.81,3130.30,3170.89
2024-11-17 04:00:00,3170.89,3176.92,3123.04,3134.72
2024-11-17 08:00:00,3134.71,3155.88,3035.00,3081.83
2024-11-17 12:00:00,3081.82,3149.98,3077.25,3139.22
2024-11-17 16:00:00,3139.22,3164.80,3100.47,3107.80
2024-11-17 20:00:00,3107.80,3129.23,3068.07,3088.25
2024-11-18 00:00:00,3088.26,3117.77,3073.25,3100.31
2024-11-18 04:00:00,3100.31,3109.67,3043.38,3078.09
2024-11-18 08:00:00,3078.09,3127.00,3071.37,3114.72
2024-11-18 12:00:00,3114.73,3153.15,3098.05,3133.35
2024-11-18 16:00:00,3133.36,3143.55,3051.50,3058.16
2024-11-18 20:00:00,3058.17,3160.60,3053.35,3146.14
2024-11-19 00:00:00,3146.13,3205.00,3091.96,3129.30
2024-11-19 04:00:00,3129.30,3228.00,3124.47,3210.48
2024-11-19 08:00:00,3210.48,3224.83,3144.32,3150.89
2024-11-19 12:00:00,3150.89,3161.92,3110.31,3120.42
2024-11-19 16:00:00,3120.42,3132.43,3093.01,3128.58
2024-11-19 20:00:00,3128.57,3152.53,3076.95,3106.73
2024-11-20 00:00:00,3106.73,3148.00,3101.66,3124.59
2024-11-20 04:00:00,3124.60,3134.00,3066.40,3109.34
2024-11-20 08:00:00,3109.33,3134.89,3073.56,3098.66
2024-11-20 12:00:00,3098.66,3117.73,3089.91,3111.12
2024-11-20 16:00:00,3111.04,3137.58,3085.12,3101.80
2024-11-20 20:00:00,3101.79,3162.25,3083.24,3131.99
2024-11-21 00:00:00,3131.98,3137.47,3030.50,3059.75
2024-11-21 04:00:00,3059.75,3095.07,3046.06,3071.05
2024-11-21 08:00:00,3071.05,3103.38,3033.32,3083.25
2024-11-21 12:00:00,3083.25,3145.92,3081.79,3139.11
2024-11-21 16:00:00,3139.12,3157.69,3120.14,3150.01
2024-11-21 20:00:00,3150.01,3374.92,3148.52,3279.20
2024-11-22 00:00:00,3279.21,3389.99,3279.06,3349.99
2024-11-22 04:00:00,3349.99,3382.26,3336.90,3358.42
2024-11-22 08:00:00,3358.69,3384.88,3307.03,3368.66
2024-11-22 12:00:00,3368.67,3429.99,3357.01,3365.66
2024-11-22 16:00:00,3365.65,3387.06,3313.62,3346.99
2024-11-22 20:00:00,3347.00,3359.93,3260.42,3316.37
2024-11-23 00:00:00,3316.36,3324.21,3266.61,3284.79
2024-11-23 04:00:00,3284.79,3332.83,3275.07,3330.05
2024-11-23 08:00:00,3330.04,3368.48,3315.28,3348.88
2024-11-23 12:00:00,3348.88,3365.00,3329.04,3344.31
2024-11-23 16:00:00,3344.32,3407.96,3339.01,3357.31
2024-11-23 20:00:00,3357.30,3498.94,3351.00,3463.13
2024-11-24 00:00:00,3463.13,3473.64,3381.00,3410.21
2024-11-24 04:00:00,3410.21,3430.61,3381.51,3396.33
2024-11-24 08:00:00,3396.32,3453.00,3391.30,3430.00
2024-11-24 12:00:00,3430.00,3435.18,3400.00,3424.99
2024-11-24 16:00:00,3424.99,3431.62,3340.56,3346.71
2024-11-24 20:00:00,3346.72,3360.22,3282.48,3297.13
2024-11-25 00:00:00,3297.12,3336.77,3290.00,3328.55
2024-11-25 04:00:00,3328.55,3374.00,3323.44,3362.98
2024-11-25 08:00:00,3362.98,3373.00,3301.96,3364.64
2024-11-25 12:00:00,3364.63,3422.45,3363.24,3401.65
2024-11-25 16:00:00,3401.66,3531.93,3398.82,3475.22
2024-11-25 20:00:00,3475.22,3541.99,3351.00,3521.26
2024-11-26 00:00:00,3521.18,3549.91,3423.56,3467.01
2024-11-26 04:00:00,3467.02,3507.98,3366.31,3416.92
2024-11-26 08:00:00,3416.91,3464.95,3397.80,3436.47
2024-11-26 12:00:00,3436.47,3445.65,3384.02,3396.98
2024-11-26 16:00:00,3396.98,3399.82,3282.00,3325.18
2024-11-26 20:00:00,3325.17,3365.00,3292.01,3298.07
2024-11-27 00:00:00,3298.08,3339.86,3254.19,3303.07
2024-11-27 04:00:00,3303.07,3347.34,3291.12,3327.17
2024-11-27 08:00:00,3327.17,3374.78,3305.00,3362.60
2024-11-27 12:00:00,3362.60,3448.43,3361.02,3426.06
2024-11-27 16:00:00,3426.06,3488.56,3404.16,3463.00
2024-11-27 20:00:00,3462.99,3575.61,3443.51,3555.07
2024-11-28 00:00:00,3555.07,3615.38,3535.45,3592.00
2024-11-28 04:00:00,3592.00,3688.00,3590.38,3655.88
2024-11-28 08:00:00,3655.89,3664.31,3563.33,3601.12
2024-11-28 12:00:00,3601.12,3621.27,3568.68,3594.60
2024-11-28 16:00:00,3594.60,3641.20,3576.79,3622.84
2024-11-28 20:00:00,3622.84,3644.30,3537.30,3543.41
2024-11-29 00:00:00,3543.41,3587.08,3531.00,3577.18
2024-11-29 04:00:00,3577.18,3602.25,3551.95,3581.58
2024-11-29 08:00:00,3581.58,3605.00,3551.63,3585.86
2024-11-29 12:00:00,3585.86,3598.48,3535.52,3547.59
2024-11-29 16:00:00,3547.58,3602.30,3547.58,3596.63
2024-11-29 20:00:00,3596.64,3649.28,3575.02,3615.21
2024-11-30 00:00:00,3615.21,3621.97,3561.27,3584.92
2024-11-30 04:00:00,3584.93,3606.41,3577.22,3594.50
2024-11-30 08:00:00,3594.51,3664.28,3570.20,3660.11
2024-11-30 12:00:00,3660.11,3730.00,3637.15,3705.64
2024-11-30 16:00:00,3705.64,3720.98,3629.96,3656.05
2024-11-30 20:00:00,3656.04,3688.23,3654.00,3676.60
2024-12-01 00:00:00,3676.60,3700.00,3660.00,3692.00
2024-12-01 04:00:00,3692.00,3742.18,3689.15,3705.73
2024-12-01 08:00:00,3705.74,3734.12,3661.35,3709.49
2024-12-01 12:00:00,3709.49,3720.00,3682.43,3705.05
2024-12-01 16:00:00,3705.05,3720.00,3677.38,3694.14
2024-12-01 20:00:00,3694.13,3750.67,3680.50,3731.00
2024-12-02 00:00:00,3730.99,3747.21,3695.22,3710.73
2024-12-02 04:00:00,3710.72,3739.99,3681.11,3711.24
2024-12-02 08:00:00,3711.22,3766.00,3675.01,3687.84
2024-12-02 12:00:00,3687.83,3711.83,3650.03,3669.25
2024-12-02 16:00:00,3669.26,3675.75,3572.35,3592.21
2024-12-02 20:00:00,3592.21,3683.00,3585.50,3674.54
2024-12-03 00:00:00,3674.54,3684.61,3557.61,3614.79
2024-12-03 04:00:00,3614.79,3647.57,3600.64,3646.26
2024-12-03 08:00:00,3646.26,3661.93,3611.00,3641.93
2024-12-03 12:00:00,3641.94,3673.90,3602.32,3619.54
2024-12-03 16:00:00,3619.54,3638.45,3587.77,3616.19
2024-12-03 20:00:00,3616.19,3620.88,3502.01,3574.23
2024-12-04 00:00:00,3574.19,3597.27,3540.67,3579.27
2024-12-04 04:00:00,3579.27,3637.09,3576.86,3616.82
2024-12-04 08:00:00,3616.83,3711.80,3616.82,3664.90
2024-12-04 12:00:00,3664.90,3724.77,3663.18,3717.79
2024-12-04 16:00:00,3717.79,3754.05,3699.00,3731.00
2024-12-04 20:00:00,3731.01,3858.19,3690.46,3824.39
2024-12-05 00:00:00,3824.38,3846.69,3736.01,3843.36
2024-12-05 04:00:00,3843.36,3891.00,3823.42,3840.75
2024-12-05 08:00:00,3840.74,3912.00,3769.75,3836.78
2024-12-05 12:00:00,3836.78,3884.65,3822.42,3853.65
2024-12-05 16:00:00,3853.66,3948.00,3853.65,3934.35
2024-12-05 20:00:00,3934.35,3960.00,3862.37,3890.78
2024-12-06 00:00:00,3890.78,3930.00,3823.00,3833.94
2024-12-06 04:00:00,3833.93,3864.60,3615.00,3787.31
2024-12-06 08:00:00,3787.30,3917.80,3780.00,3909.82
2024-12-06 12:00:00,3909.83,3932.96,3875.35,3896.50
2024-12-06 16:00:00,3896.50,3913.33,3846.42,3869.74
2024-12-06 20:00:00,3869.74,4046.00,3835.36,3996.28
2024-12-07 00:00:00,3996.29,4078.23,3983.38,4071.00
2024-12-07 04:00:00,4071.00,4092.83,3990.92,4001.75
2024-12-07 08:00:00,4001.75,4027.82,3972.24,3990.20
2024-12-07 12:00:00,3990.21,4006.41,3970.00,3989.09
2024-12-07 16:00:00,3989.09,4012.50,3976.29,4001.26
2024-12-07 20:00:00,4001.27,4012.25,3979.01,4007.66
2024-12-08 00:00:00,4007.66,4023.83,3989.16,4015.46
2024-12-08 04:00:00,4015.45,4028.69,3995.26,3999.79
2024-12-08 08:00:00,3999.80,4012.38,3986.90,3992.36
2024-12-08 12:00:00,3992.35,3998.90,3960.93,3983.19
2024-12-08 16:00:00,3983.18,3984.61,3926.00,3974.40
2024-12-08 20:00:00,3974.39,4006.98,3958.05,3993.92
2024-12-09 00:00:00,3993.92,4003.00,3966.68,3992.57
2024-12-09 04:00:00,3992.57,4019.57,3978.05,4007.30
2024-12-09 08:00:00,4007.31,4010.67,3906.13,3932.53
2024-12-09 12:00:00,3932.53,3951.00,3883.00,3920.50
2024-12-09 16:00:00,3920.51,3923.02,3845.00,3853.68
2024-12-09 20:00:00,3853.68,3947.74,3805.02,3826.42
2024-12-10 00:00:00,3826.43,3869.36,3785.00,3797.28
2024-12-10 04:00:00,3797.28,3806.72,3475.00,3712.55
2024-12-10 08:00:00,3712.55,3781.29,3616.00,3682.99
2024-12-10 12:00:00,3683.00,3744.00,3637.61,3734.50
2024-12-10 16:00:00,3734.51,3774.00,3713.52,3750.39
2024-12-10 20:00:00,3750.39,3754.79,3554.46,3568.08
2024-12-11 00:00:00,3568.12,3635.31,3512.71,3629.01
2024-12-11 04:00:00,3629.00,3673.26,3612.18,3628.40
2024-12-11 08:00:00,3628.41,3669.60,3562.65,3665.28
2024-12-11 12:00:00,3665.29,3681.62,3646.61,3652.17
2024-12-11 16:00:00,3652.16,3727.50,3651.00,3716.09
2024-12-11 20:00:00,3716.10,3820.00,3706.72,3786.75
2024-12-12 00:00:00,3786.76,3813.10,3752.48,3802.39
2024-12-12 04:00:00,3802.39,3846.95,3801.42,3830.44
2024-12-12 08:00:00,3830.44,3947.62,3795.25,3933.77
2024-12-12 12:00:00,3933.76,3945.00,3893.00,3904.58
2024-12-12 16:00:00,3904.58,3937.31,3890.25,3912.73
2024-12-12 20:00:00,3912.74,3986.94,3912.73,3956.90
2024-12-13 00:00:00,3956.91,3985.30,3853.19,3870.59
2024-12-13 04:00:00,3870.58,3901.33,3835.00,3880.52
2024-12-13 08:00:00,3880.52,3940.00,3851.80,3931.36
2024-12-13 12:00:00,3931.35,3935.05,3870.00,3884.58
2024-12-13 16:00:00,3884.57,3923.40,3870.85,3900.40
2024-12-13 20:00:00,3900.40,3967.96,3877.34,3884.71
2024-12-14 00:00:00,3884.71,3946.42,3879.00,3916.99
2024-12-14 04:00:00,3917.00,3934.97,3889.46,3905.60
2024-12-14 08:00:00,3905.59,3944.99,3894.06,3909.55
2024-12-14 12:00:00,3909.55,3934.94,3904.99,3920.31
2024-12-14 16:00:00,3920.30,3930.74,3885.00,3893.27
2024-12-14 20:00:00,3893.26,3897.60,3845.18,3887.21
2024-12-15 00:00:00,3887.20,3896.88,3824.02,3857.74
2024-12-15 04:00:00,3857.74,3877.00,3822.37,3868.60
2024-12-15 08:00:00,3868.60,3894.03,3854.80,3873.07
2024-12-15 12:00:00,3873.07,3912.87,3829.00,3843.44
2024-12-15 16:00:00,3843.45,3877.19,3835.10,3876.11
2024-12-15 20:00:00,3876.10,3909.09,3867.12,3893.42
2024-12-16 00:00:00,3893.42,3918.63,3885.00,3902.12
2024-12-16 04:00:00,3902.12,3973.67,3842.20,3958.50
2024-12-16 08:00:00,3958.50,4024.86,3927.15,3941.52
2024-12-16 12:00:00,3941.51,3982.80,3935.05,3973.15
2024-12-16 16:00:00,3973.15,3975.29,3901.00,3909.09
2024-12-16 20:00:00,3909.10,3958.84,3882.22,3940.17
2024-12-17 00:00:00,3940.17,4109.99,3938.05,4056.99
2024-12-17 04:00:00,4057.00,4072.77,3978.13,3984.76
2024-12-17 08:00:00,3984.76,4039.99,3942.00,4033.25
2024-12-17 12:00:00,4033.25,4033.68,3981.31,3993.05
2024-12-17 16:00:00,3993.05,4030.93,3988.02,3996.02
2024-12-17 20:00:00,3996.01,4024.70,3913.75,3937.43
2024-12-18 00:00:00,3937.42,3983.41,3915.11,3943.28
2024-12-18 04:00:00,3943.27,3951.92,3844.59,3890.81
2024-12-18 08:00:00,3890.81,3901.67,3832.02,3848.54
2024-12-18 12:00:00,3848.55,3861.56,3802.35,3845.40
2024-12-18 16:00:00,3845.41,3885.83,3840.36,3880.88
2024-12-18 20:00:00,3880.88,3889.82,3823.01,3866.62
2024-12-19 00:00:00,3866.63,3908.00,3767.22,3768.82
2024-12-19 04:00:00,3768.77,3784.80,3615.01,3625.40
2024-12-19 08:00:00,3625.41,3671.82,3540.00,3667.16
2024-12-19 12:00:00,3667.16,3695.00,3651.43,3691.53
2024-12-19 16:00:00,3691.52,3718.47,3662.79,3703.73
2024-12-19 20:00:00,3703.74,3708.36,3571.12,3612.46
2024-12-20 00:00:00,3612.46,3635.90,3372.01,3438.97
2024-12-20 04:00:00,3438.98,3464.77,3322.20,3416.70
2024-12-20 08:00:00,3416.69,3464.98,3369.41,3413.41
2024-12-20 12:00:00,3413.40,3430.59,3327.03,3389.67
2024-12-20 16:00:00,3389.67,3390.45,3100.50,3104.32
2024-12-20 20:00:00,3103.99,3395.00,3100.00,3373.32
2024-12-21 00:00:00,3373.33,3496.54,3365.28,3478.11
2024-12-21 04:00:00,3478.10,3487.99,3391.22,3470.88
2024-12-21 08:00:00,3470.88,3489.98,3442.41,3466.82
2024-12-21 12:00:00,3466.81,3553.76,3459.80,3521.65
2024-12-21 16:00:00,3521.65,3525.78,3422.06,3440.95
2024-12-21 20:00:00,3440.96,3442.89,3344.19,3389.12
2024-12-22 00:00:00,3389.12,3401.16,3325.22,3359.41
2024-12-22 04:00:00,3359.40,3388.37,3291.03,3337.60
2024-12-22 08:00:00,3337.61,3373.47,3317.49,3354.59
2024-12-22 12:00:00,3354.58,3360.25,3293.52,3331.31
2024-12-22 16:00:00,3331.31,3402.08,3330.02,3379.62
2024-12-22 20:00:00,3379.62,3396.58,3273.00,3300.95
2024-12-23 00:00:00,3300.95,3337.70,3236.11,3246.09
2024-12-23 04:00:00,3246.09,3309.56,3219.59,3280.80
2024-12-23 08:00:00,3280.81,3355.71,3214.81,3349.68
2024-12-23 12:00:00,3349.68,3362.68,3258.00,3303.34
2024-12-23 16:00:00,3303.33,3354.00,3291.76,3338.10
2024-12-23 20:00:00,3338.11,3359.98,3267.04,3276.20
2024-12-24 00:00:00,3276.01,3383.84,3270.00,3337.27
2024-12-24 04:00:00,3337.27,3465.75,3328.15,3420.74
2024-12-24 08:00:00,3420.75,3425.67,3356.01,3395.65
2024-12-24 12:00:00,3395.66,3433.99,3383.49,3399.92
2024-12-24 16:00:00,3399.91,3415.41,3384.03,3412.50
2024-12-24 20:00:00,3412.50,3509.50,3393.10,3491.57
2024-12-25 00:00:00,3491.58,3539.40,3463.24,3463.90
2024-12-25 04:00:00,3463.90,3504.22,3430.00,3491.97
2024-12-25 08:00:00,3491.98,3495.00,3456.21,3476.87
2024-12-25 12:00:00,3476.88,3509.08,3468.00,3487.66
2024-12-25 16:00:00,3487.65,3547.01,3462.56,3469.63
2024-12-25 20:00:00,3469.63,3499.75,3455.08,3471.59
2024-12-26 00:00:00,3471.58,3487.73,3439.00,3480.19
2024-12-26 04:00:00,3480.18,3498.90,3448.32,3495.72
2024-12-26 08:00:00,3495.73,3514.32,3448.00,3454.03
2024-12-26 12:00:00,3454.03,3454.04,3415.00,3420.84
2024-12-26 16:00:00,3420.84,3424.37,3345.00,3371.83
2024-12-26 20:00:00,3371.83,3372.72,3326.00,3342.32
2024-12-27 00:00:00,3342.32,3363.93,3311.26,3338.54
2024-12-27 04:00:00,3338.54,3349.39,3302.73,3333.15
2024-12-27 08:00:00,3333.15,3387.39,3315.37,3377.48
2024-12-27 12:00:00,3377.48,3397.92,3315.04,3324.04
2024-12-27 16:00:00,3324.04,3444.00,3324.04,3417.42
2024-12-27 20:00:00,3417.40,3422.00,3306.00,3325.01
2024-12-28 00:00:00,3325.00,3365.98,3306.46,3353.88
2024-12-28 04:00:00,3353.87,3354.74,3308.08,3332.09
2024-12-28 08:00:00,3332.10,3352.45,3320.92,3344.13
2024-12-28 12:00:00,3344.12,3362.00,3331.50,3334.08
2024-12-28 16:00:00,3334.08,3362.75,3331.73,3358.07
2024-12-28 20:00:00,3358.06,3394.99,3349.44,3366.70
2024-12-29 00:00:00,3366.71,3412.35,3364.32,3399.30
2024-12-29 04:00:00,3399.30,3427.50,3388.10,3402.54
2024-12-29 08:00:00,3402.53,3405.36,3373.99,3381.42
2024-12-29 12:00:00,3381.42,3406.38,3378.34,3405.61
2024-12-29 16:00:00,3405.60,3413.00,3388.54,3397.00
2024-12-29 20:00:00,3396.99,3409.97,3352.84,3372.00
2024-12-30 00:00:00,3372.01,3375.17,3344.20,3361.65
2024-12-30 04:00:00,3361.64,3367.53,3324.63,3355.46
2024-12-30 08:00:00,3355.46,3436.86,3346.07,3402.89
2024-12-30 12:00:00,3402.89,3432.00,3387.39,3426.39
2024-12-30 16:00:00,3426.38,3433.88,3393.58,3423.48
2024-12-30 20:00:00,3423.49,3429.90,3302.20,3323.49
2024-12-31 00:00:00,3323.49,3408.52,3316.55,3401.70
2024-12-31 04:00:00,3401.70,3419.34,3307.44,3360.11
2024-12-31 08:00:00,3360.10,3363.67,3313.96,3339.12
2024-12-31 12:00:00,3339.13,3362.47,3326.96,3352.59
2024-12-31 16:00:00,3352.60,3409.31,3351.53,3394.00
2024-12-31 20:00:00,3394.00,3452.00,3391.96,3412.58
2025-01-01 00:00:00,3412.59,3416.91,3328.27,3354.68
2025-01-01 04:00:00,3354.68,3364.69,3327.07,3336.57
2025-01-01 08:00:00,3336.58,3368.02,3334.76,3354.34
2025-01-01 12:00:00,3354.35,3355.77,3335.46,3345.84
2025-01-01 16:00:00,3345.83,3348.00,3312.62,3340.06
2025-01-01 20:00:00,3340.06,3359.09,3327.00,3352.07
2025-01-02 00:00:00,3352.06,3364.30,3321.11,3356.23
2025-01-02 04:00:00,3356.21,3374.14,3351.00,3359.36
2025-01-02 08:00:00,3359.35,3405.00,3353.50,3388.00
2025-01-02 12:00:00,3388.01,3427.70,3387.40,3419.69
2025-01-02 16:00:00,3419.70,3476.17,3414.18,3470.57
2025-01-02 20:00:00,3470.58,3511.14,3439.57,3462.76
2025-01-03 00:00:00,3462.75,3488.87,3428.00,3462.32
2025-01-03 04:00:00,3462.32,3474.90,3420.00,3454.83
2025-01-03 08:00:00,3454.83,3476.48,3442.10,3469.33
2025-01-03 12:00:00,3469.33,3470.10,3431.01,3432.62
2025-01-03 16:00:00,3432.62,3466.54,3421.56,3464.73
2025-01-03 20:00:00,3464.74,3578.19,3460.00,3564.32
2025-01-04 00:00:00,3564.32,3630.00,3564.31,3621.91
2025-01-04 04:00:00,3621.90,3623.21,3594.22,3607.89
2025-01-04 08:00:00,3607.90,3619.90,3581.44,3597.19
2025-01-04 12:00:00,3597.19,3609.83,3583.11,3593.04
2025-01-04 16:00:00,3593.05,3609.54,3570.66,3601.16
2025-01-04 20:00:00,3601.17,3664.00,3589.54,3606.44
2025-01-05 00:00:00,3606.44,3643.73,3600.30,3629.91
2025-01-05 04:00:00,3629.92,3670.00,3629.91,3655.99
2025-01-05 08:00:00,3655.98,3674.71,3627.77,3636.61
2025-01-05 12:00:00,3636.61,3648.09,3626.83,3630.38
2025-01-05 16:00:00,3630.37,3632.10,3602.08,3612.56
2025-01-05 20:00:00,3612.56,3637.79,3592.14,3628.45
2025-01-06 00:00:00,3628.45,3647.42,3611.25,3636.92
2025-01-06 04:00:00,3636.91,3656.29,3627.33,3634.96
2025-01-06 08:00:00,3634.96,3684.25,3609.00,3663.93
2025-01-06 12:00:00,3663.93,3698.00,3640.84,3649.39
2025-01-06 16:00:00,3649.39,3663.08,3631.34,3653.71
2025-01-06 20:00:00,3653.71,3714.00,3620.74,3712.99
2025-01-07 00:00:00,3712.99,3744.28,3653.88,3686.47
2025-01-07 04:00:00,3686.46,3702.99,3665.38,3685.72
2025-01-07 08:00:00,3685.72,3700.31,3661.97,3681.49
2025-01-07 12:00:00,3681.49,3685.53,3657.40,3666.61
2025-01-07 16:00:00,3666.61,3678.52,3625.00,3638.55
2025-01-07 20:00:00,3638.55,3644.90,3409.00,3461.21
2025-01-08 00:00:00,3461.21,3490.89,3363.00,3384.36
2025-01-08 04:00:00,3384.36,3412.82,3353.59,3379.38
2025-01-08 08:00:00,3379.37,3413.55,3340.01,3359.32
2025-01-08 12:00:00,3359.33,3372.62,3306.01,3353.19
2025-01-08 16:00:00,3353.19,3376.54,3321.60,3348.50
2025-01-08 20:00:00,3348.50,3384.90,3331.00,3346.00
2025-01-09 00:00:00,3346.00,3347.07,3206.54,3279.47
2025-01-09 04:00:00,3279.46,3333.65,3265.00,3325.38
2025-01-09 08:00:00,3325.38,3355.85,3305.52,3323.60
2025-01-09 12:00:00,3323.60,3342.40,3280.64,3288.18
2025-01-09 16:00:00,3288.17,3326.88,3264.77,3300.35
2025-01-09 20:00:00,3300.34,3337.64,3208.34,3318.79
2025-01-10 00:00:00,3318.80,3326.39,3180.80,3193.65
2025-01-10 04:00:00,3193.66,3238.44,3156.00,3218.24
2025-01-10 08:00:00,3218.24,3259.24,3212.62,3253.05
2025-01-10 12:00:00,3253.05,3312.55,3241.12,3294.65
2025-01-10 16:00:00,3294.65,3320.00,3286.36,3309.74
2025-01-10 20:00:00,3309.75,3315.96,3193.43,3243.70
2025-01-11 00:00:00,3243.69,3323.00,3230.18,3293.80
2025-01-11 04:00:00,3293.80,3293.80,3255.19,3265.52
2025-01-11 08:00:00,3265.51,3268.98,3230.01,3235.98
2025-01-11 12:00:00,3235.98,3249.50,3223.56,3234.66
2025-01-11 16:00:00,3234.66,3279.68,3217.36,3272.70
2025-01-11 20:00:00,3272.69,3282.50,3256.97,3270.07
2025-01-12 00:00:00,3270.06,3283.17,3257.54,3277.47
2025-01-12 04:00:00,3277.46,3319.30,3274.61,3281.84
2025-01-12 08:00:00,3281.85,3290.35,3273.00,3285.27
2025-01-12 12:00:00,3285.27,3288.61,3262.00,3265.74
2025-01-12 16:00:00,3265.73,3270.60,3222.40,3251.78
2025-01-12 20:00:00,3251.78,3294.91,3246.51,3284.39
2025-01-13 00:00:00,3284.39,3299.00,3267.23,3279.12
2025-01-13 04:00:00,3279.11,3288.57,3232.58,3265.70
2025-01-13 08:00:00,3265.70,3338.32,3234.01,3241.14
2025-01-13 12:00:00,3241.14,3259.77,3179.49,3200.53
2025-01-13 16:00:00,3200.54,3205.00,3055.00,3056.82
2025-01-13 20:00:00,3056.81,3090.30,2900.00,3047.37
2025-01-14 00:00:00,3047.38,3058.80,2985.00,3023.97
2025-01-14 04:00:00,3023.96,3142.28,3010.27,3136.14
2025-01-14 08:00:00,3136.13,3174.23,3123.47,3157.58
2025-01-14 12:00:00,3157.58,3189.00,3156.00,3170.39
2025-01-14 16:00:00,3170.39,3255.84,3168.02,3216.22
2025-01-14 20:00:00,3216.21,3232.99,3177.23,3197.87
2025-01-15 00:00:00,3197.87,3235.00,3171.02,3212.80
2025-01-15 04:00:00,3212.79,3239.46,3193.02,3223.99
2025-01-15 08:00:00,3223.99,3244.15,3203.40,3239.99
2025-01-15 12:00:00,3239.99,3251.69,3213.55,3231.30
2025-01-15 16:00:00,3231.30,3247.64,3185.33,3198.40
2025-01-15 20:00:00,3198.41,3353.00,3185.09,3332.95
2025-01-16 00:00:00,3332.96,3442.08,3322.83,3433.76
2025-01-16 04:00:00,3433.76,3472.93,3416.75,3449.80
2025-01-16 08:00:00,3449.81,3458.99,3343.76,3362.10
2025-01-16 12:00:00,3362.10,3389.89,3360.22,3382.42
2025-01-16 16:00:00,3382.42,3384.00,3297.70,3349.75
2025-01-16 20:00:00,3349.75,3364.06,3263.06,3332.00
2025-01-17 00:00:00,3331.99,3365.00,3308.33,3343.36
2025-01-17 04:00:00,3343.35,3352.77,3266.30,3306.94
2025-01-17 08:00:00,3306.93,3396.65,3306.41,3360.00
2025-01-17 12:00:00,3359.99,3389.11,3346.44,3371.36
2025-01-17 16:00:00,3371.37,3438.23,3370.83,3422.11
2025-01-17 20:00:00,3422.11,3450.00,3390.00,3420.44
2025-01-18 00:00:00,3420.44,3447.99,3406.00,3431.12
2025-01-18 04:00:00,3431.12,3524.85,3424.14,3472.38
2025-01-18 08:00:00,3472.38,3492.95,3366.34,3382.79
2025-01-18 12:00:00,3382.79,3394.62,3280.00,3286.42
2025-01-18 16:00:00,3286.42,3323.74,3225.65,3310.54
2025-01-18 20:00:00,3310.54,3346.99,3272.72,3305.99
2025-01-19 00:00:00,3305.99,3316.19,3246.72,3289.09
2025-01-19 04:00:00,3289.09,3320.97,3256.64,3306.70
2025-01-19 08:00:00,3306.71,3377.70,3297.70,3334.96
2025-01-19 12:00:00,3334.96,3337.31,3258.17,3275.02
2025-01-19 16:00:00,3275.02,3277.15,3129.63,3149.69
2025-01-19 20:00:00,3149.70,3425.99,3144.07,3383.66
2025-01-20 00:00:00,3383.66,3449.77,3377.56,3419.84
2025-01-20 04:00:00,3419.84,3432.98,3155.00,3214.15
2025-01-20 08:00:00,3214.16,3280.00,3141.25,3271.38
2025-01-20 12:00:00,3271.38,3455.76,3249.33,3383.33
2025-01-20 16:00:00,3383.33,3412.90,3333.99,3375.67
2025-01-20 20:00:00,3375.68,3379.75,3255.00,3335.93
2025-01-21 00:00:00,3335.95,3391.39,3200.00,3342.93
2025-01-21 04:00:00,3342.95,3344.32,3255.01,3283.20
2025-01-21 08:00:00,3283.21,3289.47,3203.50,3262.23
2025-01-21 12:00:00,3262.24,3266.04,3210.09,3254.01
2025-01-21 16:00:00,3254.01,3313.29,3233.34,3304.39
2025-01-21 20:00:00,3304.40,3334.98,3263.55,3294.15
2025-01-22 00:00:00,3294.15,3367.95,3289.18,3331.74
2025-01-22 04:00:00,3331.74,3346.66,3301.00,3326.72
2025-01-22 08:00:00,3326.71,3365.97,3320.00,3330.48
2025-01-22 12:00:00,3330.48,3339.40,3285.82,3286.90
2025-01-22 16:00:00,3286.91,3329.52,3272.50,3325.53
2025-01-22 20:00:00,3325.52,3331.72,3266.01,3277.48
2025-01-23 00:00:00,3277.47,3291.39,3237.01,3261.51
2025-01-23 04:00:00,3261.51,3276.25,3220.82,3242.00
2025-01-23 08:00:00,3241.99,3261.10,3202.62,3225.99
2025-01-23 12:00:00,3226.06,3232.43,3177.00,3232.07
2025-01-23 16:00:00,3232.08,3232.43,3187.20,3212.79
2025-01-23 20:00:00,3212.79,3286.00,3188.53,3258.50
2025-01-24 00:00:00,3258.51,3296.99,3192.63,3203.48
2025-01-24 04:00:00,3203.48,3347.70,3195.51,3337.88
2025-01-24 08:00:00,3337.87,3349.75,3273.94,3301.20
2025-01-24 12:00:00,3301.20,3420.74,3291.14,3380.58
2025-01-24 16:00:00,3380.59,3416.00,3374.61,3398.68
2025-01-24 20:00:00,3398.67,3429.99,3353.54,3382.62
2025-01-25 00:00:00,3382.61,3408.51,3362.94,3367.25
2025-01-25 04:00:00,3367.26,3377.56,3302.01,3308.62
2025-01-25 08:00:00,3308.61,3324.18,3266.53,3318.00
2025-01-25 12:00:00,3318.01,3318.59,3281.70,3289.78
2025-01-25 16:00:00,3289.79,3310.60,3270.00,3305.50
2025-01-25 20:00:00,3305.51,3343.83,3292.36,3332.87
2025-01-26 00:00:00,3332.88,3348.84,3328.70,3338.72
2025-01-26 04:00:00,3338.71,3349.80,3313.11,3317.91
2025-01-26 08:00:00,3317.91,3349.38,3312.37,3337.47
2025-01-26 12:00:00,3337.46,3363.00,3328.41,3337.52
2025-01-26 16:00:00,3337.52,3342.41,3290.68,3310.45
2025-01-26 20:00:00,3310.45,3319.94,3295.48,3313.61
2025-01-27 00:00:00,3313.61,3344.26,3305.65,3337.51
2025-01-27 04:00:00,3337.51,3341.34,3226.57,3230.50
2025-01-27 08:00:00,3230.50,3253.19,3158.87,3182.11
2025-01-27 12:00:00,3182.11,3182.11,3020.17,3069.13
2025-01-27 16:00:00,3069.12,3089.00,3032.40,3057.48
2025-01-27 20:00:00,3057.49,3150.81,3051.96,3132.04
2025-01-28 00:00:00,3132.04,3132.04,3043.53,3074.88
2025-01-28 04:00:00,3074.87,3238.00,3071.78,3180.99
2025-01-28 08:00:00,3181.00,3217.00,3150.26,3201.47
2025-01-28 12:00:00,3201.47,3221.98,3187.51,3194.62
2025-01-28 16:00:00,3194.63,3206.71,3175.00,3185.21
2025-01-28 20:00:00,3185.21,3215.79,3154.28,3180.15
2025-01-29 00:00:00,3180.15,3181.81,3120.10,3146.55
2025-01-29 04:00:00,3146.54,3154.34,3038.00,3075.96
2025-01-29 08:00:00,3075.96,3131.71,3075.18,3129.10
2025-01-29 12:00:00,3129.10,3158.79,3115.00,3155.64
2025-01-29 16:00:00,3155.65,3163.39,3117.53,3133.63
2025-01-29 20:00:00,3133.64,3138.95,3078.93,3099.69
2025-01-30 00:00:00,3099.68,3153.92,3052.88,3125.08
2025-01-30 04:00:00,3125.08,3180.93,3088.74,3112.55
2025-01-30 08:00:00,3112.54,3202.68,3089.00,3200.30
2025-01-30 12:00:00,3200.29,3214.85,3177.00,3189.54
2025-01-30 16:00:00,3189.55,3228.99,3180.00,3221.16
2025-01-30 20:00:00,3221.16,3279.99,3207.86,3254.39
2025-01-31 00:00:00,3254.40,3282.60,3246.04,3270.07
2025-01-31 04:00:00,3270.08,3271.83,3225.25,3245.86
2025-01-31 08:00:00,3245.86,3279.72,3219.75,3229.54
2025-01-31 12:00:00,3229.54,3276.65,3212.31,3239.99
2025-01-31 16:00:00,3240.00,3337.77,3232.05,3334.22
2025-01-31 20:00:00,3334.22,3427.80,3324.00,3426.21
2025-02-01 00:00:00,3426.21,3436.39,3292.16,3337.30
2025-02-01 04:00:00,3337.31,3337.31,3277.01,3299.50
2025-02-01 08:00:00,3299.50,3330.82,3281.82,3291.01
2025-02-01 12:00:00,3291.02,3305.87,3271.00,3278.99
2025-02-01 16:00:00,3279.00,3285.48,3222.31,3250.54
2025-02-01 20:00:00,3250.54,3272.00,3227.00,3249.40
2025-02-02 00:00:00,3249.40,3266.00,3177.07,3195.18
2025-02-02 04:00:00,3195.18,3196.06,3100.67,3116.22
2025-02-02 08:00:00,3116.23,3161.86,3066.83,3076.48
2025-02-02 12:00:00,3076.48,3138.20,3072.84,3099.88
2025-02-02 16:00:00,3099.87,3122.99,3050.00,3063.49
2025-02-02 20:00:00,3063.50,3100.36,3049.01,3079.48
2025-02-03 00:00:00,3079.48,3080.38,2889.97,2957.76
2025-02-03 04:00:00,2957.76,2987.32,2736.01,2868.05
2025-02-03 08:00:00,2868.06,2871.80,2080.19,2525.33
2025-02-03 12:00:00,2525.36,2629.91,2445.31,2619.27
2025-02-03 16:00:00,2619.27,2619.58,2523.56,2579.43
2025-02-03 20:00:00,2579.43,2725.80,2526.68,2698.75
2025-02-04 00:00:00,2698.75,2768.87,2665.06,2762.26
2025-02-04 04:00:00,2762.39,2919.34,2693.62,2878.69
2025-02-04 08:00:00,2878.68,2888.80,2791.03,2809.42
2025-02-04 12:00:00,2809.42,2835.75,2661.22,2702.36
2025-02-04 16:00:00,2702.36,2787.83,2675.28,2756.95
2025-02-04 20:00:00,2756.95,2844.68,2727.04,2775.60
2025-02-05 00:00:00,2775.61,2868.30,2762.17,2768.85
2025-02-05 04:00:00,2769.01,2792.93,2630.50,2730.03
2025-02-05 08:00:00,2730.06,2771.58,2697.95,2718.95
2025-02-05 12:00:00,2718.93,2787.23,2707.14,2758.17
2025-02-05 16:00:00,2758.17,2817.98,2745.04,2798.58
2025-02-05 20:00:00,2798.59,2827.98,2756.07,2772.12
2025-02-06 00:00:00,2772.11,2787.34,2713.05,2774.50
2025-02-06 04:00:00,2774.50,2802.64,2736.29,2787.00
2025-02-06 08:00:00,2787.00,2818.45,2753.65,2805.17
2025-02-06 12:00:00,2805.18,2854.95,2804.76,2830.41
2025-02-06 16:00:00,2830.40,2857.43,2790.72,2802.02
2025-02-06 20:00:00,2802.02,2805.84,2680.32,2704.25
2025-02-07 00:00:00,2704.26,2726.09,2668.03,2689.00
2025-02-07 04:00:00,2688.91,2724.48,2650.00,2685.25
2025-02-07 08:00:00,2685.26,2738.99,2678.00,2714.46
2025-02-07 12:00:00,2714.47,2730.56,2666.70,2711.63
2025-02-07 16:00:00,2711.63,2763.88,2703.69,2761.34
2025-02-07 20:00:00,2761.34,2796.12,2707.66,2720.33
2025-02-08 00:00:00,2720.34,2728.83,2654.17,2657.82
2025-02-08 04:00:00,2657.81,2660.79,2560.68,2620.66
2025-02-08 08:00:00,2620.66,2667.15,2614.22,2640.62
2025-02-08 12:00:00,2640.62,2647.90,2592.72,2628.33
2025-02-08 16:00:00,2628.33,2631.68,2600.33,2612.09
2025-02-08 20:00:00,2612.10,2635.68,2587.05,2604.06
2025-02-09 00:00:00,2604.06,2648.83,2588.43,2636.16
2025-02-09 04:00:00,2636.16,2644.33,2621.98,2630.99
2025-02-09 08:00:00,2630.99,2698.00,2625.35,2677.16
2025-02-09 12:00:00,2677.12,2677.88,2648.00,2661.30
2025-02-09 16:00:00,2661.30,2672.41,2650.11,2653.88
2025-02-09 20:00:00,2653.88,2660.90,2610.00,2651.91
2025-02-10 00:00:00,2651.92,2665.78,2615.41,2622.71
2025-02-10 04:00:00,2622.70,2649.80,2518.12,2626.07
2025-02-10 08:00:00,2626.07,2657.73,2556.91,2624.72
2025-02-10 12:00:00,2624.72,2659.92,2617.19,2636.00
2025-02-10 16:00:00,2636.00,2661.12,2633.42,2652.25
2025-02-10 20:00:00,2652.24,2685.65,2630.00,2657.31
2025-02-11 00:00:00,2657.31,2692.99,2648.66,2670.87
2025-02-11 04:00:00,2670.87,2685.44,2650.10,2659.99
2025-02-11 08:00:00,2659.99,2724.49,2659.36,2677.71
2025-02-11 12:00:00,2677.71,2723.99,2675.00,2710.68
2025-02-11 16:00:00,2710.67,2720.54,2690.00,2707.32
2025-02-11 20:00:00,2707.31,2709.05,2624.11,2661.16
2025-02-12 00:00:00,2661.16,2669.69,2580.83,2588.46
2025-02-12 04:00:00,2588.45,2630.69,2552.88,2601.03
2025-02-12 08:00:00,2601.03,2623.40,2566.90,2586.01
2025-02-12 12:00:00,2586.00,2622.69,2575.97,2617.27
2025-02-12 16:00:00,2617.26,2638.86,2609.07,2625.94
2025-02-12 20:00:00,2625.95,2664.68,2542.21,2605.99
2025-02-13 00:00:00,2606.00,2682.87,2582.00,2677.17
2025-02-13 04:00:00,2677.17,2794.99,2668.28,2737.14
2025-02-13 08:00:00,2737.14,2756.51,2714.83,2743.54
2025-02-13 12:00:00,2743.54,2745.02,2670.50,2680.13
2025-02-13 16:00:00,2680.12,2687.60,2649.40,2654.70
2025-02-13 20:00:00,2654.70,2677.83,2612.08,2646.27
2025-02-14 00:00:00,2646.28,2661.23,2610.72,2639.75
2025-02-14 04:00:00,2639.75,2678.92,2639.15,2674.52
2025-02-14 08:00:00,2674.52,2720.70,2662.97,2714.00
2025-02-14 12:00:00,2713.99,2715.31,2688.02,2698.00
2025-02-14 16:00:00,2698.01,2715.76,2681.08,2684.00
2025-02-14 20:00:00,2684.00,2746.60,2676.33,2733.34
2025-02-15 00:00:00,2733.35,2791.00,2708.25,2736.68
2025-02-15 04:00:00,2736.69,2750.00,2704.23,2724.74
2025-02-15 08:00:00,2724.75,2738.00,2702.45,2723.21
2025-02-15 12:00:00,2723.20,2732.73,2692.20,2696.37
2025-02-15 16:00:00,2696.36,2713.82,2694.12,2706.91
2025-02-15 20:00:00,2706.91,2712.99,2655.31,2689.86
2025-02-16 00:00:00,2689.85,2707.49,2677.35,2690.40
2025-02-16 04:00:00,2690.41,2703.40,2677.48,2691.73
2025-02-16 08:00:00,2691.74,2705.00,2686.00,2697.89
2025-02-16 12:00:00,2697.90,2726.27,2689.12,2694.39
2025-02-16 16:00:00,2694.39,2711.87,2688.00,2709.75
2025-02-16 20:00:00,2709.75,2711.45,2674.61,2692.96
2025-02-17 00:00:00,2692.96,2702.70,2658.00,2682.28
2025-02-17 04:00:00,2682.28,2688.53,2643.75,2660.00
2025-02-17 08:00:00,2660.01,2683.20,2655.91,2670.83
2025-02-17 12:00:00,2670.83,2694.76,2632.81,2680.47
2025-02-17 16:00:00,2680.48,2773.93,2675.39,2753.93
2025-02-17 20:00:00,2753.94,2848.76,2745.00,2754.74
2025-02-18 00:00:00,2754.73,2764.28,2685.48,2716.38
2025-02-18 04:00:00,2716.37,2777.20,2714.95,2743.00
2025-02-18 08:00:00,2742.99,2755.85,2706.09,2710.75
2025-02-18 12:00:00,2710.75,2716.86,2650.31,2671.01
2025-02-18 16:00:00,2671.00,2705.45,2651.42,2678.14
2025-02-18 20:00:00,2678.13,2731.74,2656.84,2672.38
2025-02-19 00:00:00,2672.38,2683.82,2604.18,2628.80
2025-02-19 04:00:00,2628.87,2671.00,2616.88,2670.57
2025-02-19 08:00:00,2670.56,2699.12,2654.82,2692.94
2025-02-19 12:00:00,2692.95,2716.62,2663.00,2707.00
2025-02-19 16:00:00,2707.00,2736.12,2703.20,2725.99
2025-02-19 20:00:00,2726.00,2730.62,2675.79,2695.59
2025-02-20 00:00:00,2695.59,2723.49,2693.19,2710.81
2025-02-20 04:00:00,2710.81,2735.00,2704.66,2714.06
2025-02-20 08:00:00,2714.06,2750.00,2708.21,2740.22
2025-02-20 12:00:00,2740.36,2758.53,2721.00,2728.88
2025-02-20 16:00:00,2728.87,2746.00,2723.72,2739.35
2025-02-20 20:00:00,2739.36,2770.50,2706.00,2711.25
2025-02-21 00:00:00,2711.24,2767.57,2705.64,2746.43
2025-02-21 04:00:00,2746.43,2759.96,2720.71,2736.87
2025-02-21 08:00:00,2736.86,2748.76,2724.15,2743.15
2025-02-21 12:00:00,2743.16,2768.93,2743.15,2754.99
2025-02-21 16:00:00,2754.99,2830.88,2746.55,2787.20
2025-02-21 20:00:00,2787.20,2845.00,2666.15,2722.25
2025-02-22 00:00:00,2722.25,2768.24,2624.24,2638.47
2025-02-22 04:00:00,2638.48,2662.13,2614.76,2660.85
2025-02-22 08:00:00,2660.86,2687.44,2651.24,2673.91
2025-02-22 12:00:00,2673.91,2696.29,2671.37,2682.80
2025-02-22 16:00:00,2682.81,2753.06,2675.16,2731.91
2025-02-22 20:00:00,2731.91,2785.00,2720.76,2774.62
2025-02-23 00:00:00,2774.61,2797.21,2755.55,2769.12
2025-02-23 04:00:00,2769.13,2777.30,2758.00,2762.01
2025-02-23 08:00:00,2762.00,2774.60,2743.62,2751.68
2025-02-23 12:00:00,2751.68,2828.50,2745.11,2823.64
2025-02-23 16:00:00,2823.64,2831.00,2781.18,2796.42
2025-02-23 20:00:00,2796.42,2826.11,2771.85,2781.75
2025-02-24 00:00:00,2781.76,2823.24,2781.04,2806.77
2025-02-24 04:00:00,2806.76,2860.90,2783.74,2818.54
2025-02-24 08:00:00,2818.54,2839.00,2710.00,2716.56
2025-02-24 12:00:00,2716.57,2734.68,2691.07,2720.41
2025-02-24 16:00:00,2720.42,2721.01,2662.00,2688.69
2025-02-24 20:00:00,2688.69,2695.75,2633.51,2657.59
2025-02-25 00:00:00,2657.59,2681.61,2621.00,2640.21
2025-02-25 04:00:00,2640.21,2662.71,2466.34,2512.27
2025-02-25 08:00:00,2512.26,2529.40,2456.75,2493.83
2025-02-25 12:00:00,2493.84,2511.85,2287.13,2366.83
2025-02-25 16:00:00,2366.83,2438.25,2355.36,2432.39
2025-02-25 20:00:00,2432.38,2448.00,2360.65,2408.99
2025-02-26 00:00:00,2409.00,2472.47,2382.39,2470.47
2025-02-26 04:00:00,2470.46,2532.89,2456.15,2494.45
2025-02-26 08:00:00,2494.46,2506.45,2470.33,2489.78
2025-02-26 12:00:00,2489.78,2505.76,2473.99,2482.67
2025-02-26 16:00:00,2482.66,2494.62,2456.66,2463.71
2025-02-26 20:00:00,2463.71,2465.93,2368.29,2427.70
2025-02-27 00:00:00,2427.70,2433.50,2264.00,2295.46
2025-02-27 04:00:00,2295.45,2382.77,2252.78,2335.33
2025-02-27 08:00:00,2335.34,2370.36,2314.66,2331.01
2025-02-27 12:00:00,2331.00,2373.16,2302.01,2355.38
2025-02-27 16:00:00,2355.38,2381.44,2342.20,2352.76
2025-02-27 20:00:00,2352.77,2361.53,2289.67,2322.32
2025-02-28 00:00:00,2322.32,2336.96,2277.00,2291.20
2025-02-28 04:00:00,2291.20,2310.97,2229.00,2306.66
2025-02-28 08:00:00,2306.65,2313.24,2122.18,2146.41
2025-02-28 12:00:00,2146.42,2155.86,2070.00,2104.89
2025-02-28 16:00:00,2104.88,2151.06,2074.61,2124.47
2025-02-28 20:00:00,2124.44,2227.77,2103.80,2221.64
2025-03-01 00:00:00,2221.64,2255.40,2192.56,2229.34
2025-03-01 04:00:00,2229.41,2238.66,2197.35,2236.59
2025-03-01 08:00:00,2236.59,2274.34,2211.79,2261.69
2025-03-01 12:00:00,2261.60,2279.75,2223.20,2228.15
2025-03-01 16:00:00,2228.15,2238.77,2170.20,2183.28
2025-03-01 20:00:00,2183.28,2186.60,2141.17,2172.34
2025-03-02 00:00:00,2172.34,2233.69,2168.17,2222.13
2025-03-02 04:00:00,2222.12,2234.99,2190.00,2216.60
2025-03-02 08:00:00,2216.59,2230.34,2200.11,2219.40
2025-03-02 12:00:00,2219.39,2234.77,2217.10,2220.24
2025-03-02 16:00:00,2220.23,2260.61,2206.65,2237.75
2025-03-02 20:00:00,2237.76,2290.63,2170.09,2229.02
2025-03-03 00:00:00,2229.02,2519.99,2211.68,2485.01
2025-03-03 04:00:00,2485.00,2550.00,2478.76,2517.12
2025-03-03 08:00:00,2517.12,2522.84,2417.60,2440.19
2025-03-03 12:00:00,2440.19,2457.08,2351.67,2385.85
2025-03-03 16:00:00,2385.85,2386.99,2321.00,2355.23
2025-03-03 20:00:00,2355.22,2388.44,2265.84,2286.33
2025-03-04 00:00:00,2286.32,2295.88,2094.76,2108.27
2025-03-04 04:00:00,2108.28,2172.71,2095.12,2148.22
2025-03-04 08:00:00,2148.21,2166.21,2001.09,2073.55
2025-03-04 12:00:00,2073.55,2121.32,2067.28,2079.67
2025-03-04 16:00:00,2079.67,2117.44,2069.43,2100.37
2025-03-04 20:00:00,2100.37,2158.19,2024.50,2073.79
2025-03-05 00:00:00,2073.78,2174.00,1979.99,2171.68
2025-03-05 04:00:00,2171.67,2221.77,2125.60,2170.51
2025-03-05 08:00:00,2170.51,2192.00,2153.70,2159.70
2025-03-05 12:00:00,2159.72,2212.29,2156.93,2206.02
2025-03-05 16:00:00,2206.02,2272.94,2203.50,2216.60
2025-03-05 20:00:00,2216.60,2232.00,2165.30,2185.61
2025-03-06 00:00:00,2185.61,2221.89,2160.47,2217.28
2025-03-06 04:00:00,2217.27,2252.20,2212.67,2240.45
2025-03-06 08:00:00,2240.44,2295.42,2232.16,2288.79
2025-03-06 12:00:00,2288.79,2318.99,2274.04,2285.21
2025-03-06 16:00:00,2285.20,2304.93,2275.37,2296.74
2025-03-06 20:00:00,2296.73,2297.81,2206.32,2256.41
2025-03-07 00:00:00,2256.42,2264.58,2175.50,2197.12
2025-03-07 04:00:00,2197.12,2229.29,2190.20,2201.34
2025-03-07 08:00:00,2201.33,2226.45,2100.75,2147.21
2025-03-07 12:00:00,2147.20,2192.84,2143.41,2191.52
2025-03-07 16:00:00,2191.51,2209.94,2176.05,2196.69
2025-03-07 20:00:00,2196.70,2259.34,2164.37,2208.94
2025-03-08 00:00:00,2208.95,2214.85,2139.83,2177.47
2025-03-08 04:00:00,2177.45,2186.21,2113.10,2140.72
2025-03-08 08:00:00,2140.72,2155.37,2103.07,2137.07
2025-03-08 12:00:00,2137.07,2152.03,2130.42,2136.65
2025-03-08 16:00:00,2136.65,2142.50,2125.40,2140.89
2025-03-08 20:00:00,2140.89,2198.00,2136.84,2180.41
2025-03-09 00:00:00,2180.41,2234.40,2160.20,2223.73
2025-03-09 04:00:00,2223.73,2225.15,2192.41,2202.84
2025-03-09 08:00:00,2202.83,2211.27,2175.01,2184.82
2025-03-09 12:00:00,2184.83,2196.28,2170.83,2184.07
2025-03-09 16:00:00,2184.07,2187.00,2127.02,2145.63
2025-03-09 20:00:00,2145.62,2146.06,2082.00,2095.86
2025-03-10 00:00:00,2095.85,2108.30,1995.83,2039.34
2025-03-10 04:00:00,2039.34,2055.64,1986.80,2019.20
2025-03-10 08:00:00,2019.34,2069.81,1993.54,2056.82
2025-03-10 12:00:00,2056.82,2078.55,2053.18,2074.20
2025-03-10 16:00:00,2074.20,2152.99,2046.75,2127.13
2025-03-10 20:00:00,2127.13,2134.93,1995.47,2016.99
2025-03-11 00:00:00,2016.99,2024.29,1807.75,1868.66
2025-03-11 04:00:00,1868.67,1903.00,1842.21,1864.51
2025-03-11 08:00:00,1864.52,1889.49,1752.50,1848.96
2025-03-11 12:00:00,1848.96,1913.49,1844.89,1903.11
2025-03-11 16:00:00,1903.07,1928.84,1898.70,1913.41
2025-03-11 20:00:00,1913.40,1969.77,1839.41,1913.58
2025-03-12 00:00:00,1913.58,1962.45,1885.37,1950.66
2025-03-12 04:00:00,1950.65,1954.60,1916.22,1922.61
2025-03-12 08:00:00,1922.60,1932.00,1865.67,1867.95
2025-03-12 12:00:00,1867.94,1915.99,1851.33,1910.47
2025-03-12 16:00:00,1910.47,1955.90,1870.00,1915.83
2025-03-12 20:00:00,1915.82,1946.00,1828.87,1868.55
2025-03-13 00:00:00,1868.51,1893.50,1861.78,1877.19
2025-03-13 04:00:00,1877.20,1914.72,1872.69,1907.24
2025-03-13 08:00:00,1907.23,1916.54,1880.99,1886.02
2025-03-13 12:00:00,1886.02,1890.76,1856.93,1871.21
2025-03-13 16:00:00,1871.20,1904.70,1852.18,1899.63
2025-03-13 20:00:00,1899.62,1922.00,1863.00,1874.72
2025-03-14 00:00:00,1874.72,1877.34,1820.20,1850.95
2025-03-14 04:00:00,1850.94,1882.90,1838.03,1863.76
2025-03-14 08:00:00,1863.75,1894.08,1860.41,1888.60
2025-03-14 12:00:00,1888.59,1904.94,1886.80,1892.33
2025-03-14 16:00:00,1892.34,1908.20,1888.45,1901.51
2025-03-14 20:00:00,1901.51,1941.81,1873.00,1921.20
2025-03-15 00:00:00,1921.20,1945.62,1913.12,1933.29
2025-03-15 04:00:00,1933.29,1934.01,1907.39,1910.79
2025-03-15 08:00:00,1910.78,1922.49,1902.47,1919.79
2025-03-15 12:00:00,1919.79,1934.77,1913.56,1916.86
2025-03-15 16:00:00,1916.85,1930.86,1911.40,1927.99
2025-03-15 20:00:00,1928.00,1938.88,1921.60,1936.81
2025-03-16 00:00:00,1936.81,1948.00,1927.28,1936.00
2025-03-16 04:00:00,1936.00,1957.68,1935.10,1936.27
2025-03-16 08:00:00,1936.26,1940.00,1915.22,1926.60
2025-03-16 12:00:00,1926.60,1933.22,1920.49,1925.21
2025-03-16 16:00:00,1925.20,1926.18,1865.49,1872.61
2025-03-16 20:00:00,1872.61,1897.72,1872.21,1894.22
2025-03-17 00:00:00,1894.21,1923.90,1857.08,1881.77
2025-03-17 04:00:00,1881.78,1897.64,1869.11,1885.97
2025-03-17 08:00:00,1885.96,1914.88,1885.41,1908.08
2025-03-17 12:00:00,1908.08,1912.38,1878.66,1900.13
2025-03-17 16:00:00,1900.13,1918.00,1892.06,1909.71
2025-03-17 20:00:00,1909.72,1947.00,1886.29,1918.49
2025-03-18 00:00:00,1918.50,1951.76,1906.44,1941.24
2025-03-18 04:00:00,1941.24,1949.20,1921.08,1925.37
2025-03-18 08:00:00,1925.36,1929.57,1896.30,1900.27
2025-03-18 12:00:00,1900.26,1909.88,1892.90,1903.99
2025-03-18 16:00:00,1903.99,1912.30,1884.25,1891.54
2025-03-18 20:00:00,1891.54,1902.59,1871.14,1879.97
2025-03-19 00:00:00,1879.97,1907.80,1872.35,1903.53
2025-03-19 04:00:00,1903.53,1935.44,1897.73,1930.64
2025-03-19 08:00:00,1930.63,1948.50,1927.12,1937.73
2025-03-19 12:00:00,1937.73,1942.46,1929.39,1931.21
2025-03-19 16:00:00,1931.21,2032.73,1930.73,2026.99
2025-03-19 20:00:00,2026.98,2056.48,1994.06,2047.87
2025-03-20 00:00:00,2047.88,2065.90,1994.16,2029.91
2025-03-20 04:00:00,2029.91,2069.69,2027.50,2055.21
2025-03-20 08:00:00,2055.22,2067.15,2018.82,2021.85
2025-03-20 12:00:00,2021.85,2024.64,2003.70,2006.45
2025-03-20 16:00:00,2006.46,2020.57,1970.31,1988.40
2025-03-20 20:00:00,1988.39,2009.74,1964.95,1971.06
2025-03-21 00:00:00,1971.03,1979.46,1951.15,1974.10
2025-03-21 04:00:00,1974.09,1984.20,1970.39,1982.72
2025-03-21 08:00:00,1982.72,1995.80,1971.60,1977.25
2025-03-21 12:00:00,1977.26,1989.02,1965.44,1976.00
2025-03-21 16:00:00,1976.00,1981.87,1955.79,1966.11
2025-03-21 20:00:00,1966.11,1973.00,1932.00,1949.63
2025-03-22 00:00:00,1949.58,1977.41,1945.00,1972.72
2025-03-22 04:00:00,1972.71,1982.42,1961.24,1964.81
2025-03-22 08:00:00,1964.81,1986.72,1963.41,1985.00
2025-03-22 12:00:00,1985.00,1992.30,1982.08,1983.16
2025-03-22 16:00:00,1983.15,2006.00,1980.40,1989.36
2025-03-22 20:00:00,1989.35,1996.97,1980.30,1985.27
2025-03-23 00:00:00,1985.27,1999.55,1981.49,1994.99
2025-03-23 04:00:00,1994.98,2003.31,1973.13,1979.56
2025-03-23 08:00:00,1979.55,2008.92,1975.51,2007.53
2025-03-23 12:00:00,2007.53,2020.00,1990.94,2007.20
2025-03-23 16:00:00,2007.20,2019.87,2001.46,2006.97
2025-03-23 20:00:00,2006.97,2019.61,2001.20,2006.21
2025-03-24 00:00:00,2006.22,2007.08,1985.71,1995.39
2025-03-24 04:00:00,1995.40,2006.00,1978.78,2005.00
2025-03-24 08:00:00,2005.00,2020.96,1976.46,2013.49
2025-03-24 12:00:00,2013.48,2079.23,2013.48,2068.47
2025-03-24 16:00:00,2068.48,2104.24,2067.93,2091.67
2025-03-24 20:00:00,2091.68,2101.90,2072.20,2088.80
2025-03-25 00:00:00,2088.79,2101.30,2066.38,2087.71
2025-03-25 04:00:00,2087.71,2094.44,2066.87,2080.41
2025-03-25 08:00:00,2080.40,2097.21,2040.40,2042.26
2025-03-25 12:00:00,2042.26,2066.16,2036.00,2054.80
2025-03-25 16:00:00,2054.80,2074.53,2052.33,2067.36
2025-03-25 20:00:00,2067.36,2079.16,2050.70,2066.46
2025-03-26 00:00:00,2066.45,2083.21,2055.19,2074.65
2025-03-26 04:00:00,2074.65,2082.99,2052.20,2065.22
2025-03-26 08:00:00,2065.22,2077.70,2040.90,2048.08
2025-03-26 12:00:00,2048.07,2070.88,2046.46,2068.34
2025-03-26 16:00:00,2068.34,2074.85,2056.60,2067.44
2025-03-26 20:00:00,2067.43,2069.51,2005.00,2011.21
2025-03-27 00:00:00,2011.20,2021.48,1980.41,1998.90
2025-03-27 04:00:00,1998.90,2017.69,1990.01,2008.69
2025-03-27 08:00:00,2008.69,2036.88,2006.07,2030.50
2025-03-27 12:00:00,2030.50,2032.00,2020.21,2025.44
2025-03-27 16:00:00,2025.43,2035.00,2011.00,2015.30
2025-03-27 20:00:00,2015.29,2025.43,1985.71,2004.57
2025-03-28 00:00:00,2004.58,2014.20,1992.48,2003.48
2025-03-28 04:00:00,2003.48,2020.83,1998.27,2002.80
2025-03-28 08:00:00,2002.80,2015.09,1990.72,1999.02
2025-03-28 12:00:00,1999.02,2003.88,1896.70,1909.04
2025-03-28 16:00:00,1909.04,1924.00,1854.20,1899.41
2025-03-28 20:00:00,1899.41,1907.26,1870.51,1871.45
2025-03-29 00:00:00,1871.45,1886.76,1861.07,1873.34
2025-03-29 04:00:00,1873.34,1901.41,1872.60,1896.02
2025-03-29 08:00:00,1896.03,1912.94,1885.10,1898.95
2025-03-29 12:00:00,1898.94,1904.28,1874.16,1879.37
2025-03-29 16:00:00,1879.37,1886.58,1832.29,1843.71
2025-03-29 20:00:00,1843.72,1862.76,1832.32,1839.22
2025-03-30 00:00:00,1839.28,1847.00,1796.13,1826.77
2025-03-30 04:00:00,1826.76,1829.57,1810.13,1827.32
2025-03-30 08:00:00,1827.31,1843.61,1811.35,1833.32
2025-03-30 12:00:00,1833.31,1846.24,1831.55,1836.70
2025-03-30 16:00:00,1836.69,1848.08,1824.78,1832.49
2025-03-30 20:00:00,1832.49,1839.48,1782.00,1812.81
2025-03-31 00:00:00,1812.81,1834.57,1784.15,1813.38
2025-03-31 04:00:00,1813.38,1820.91,1766.04,1806.99
2025-03-31 08:00:00,1806.99,1823.01,1775.92,1797.72
2025-03-31 12:00:00,1797.73,1813.00,1788.13,1797.91
2025-03-31 16:00:00,1797.90,1819.00,1776.56,1812.52
2025-03-31 20:00:00,1812.51,1853.34,1792.60,1841.37
2025-04-01 00:00:00,1841.37,1846.40,1815.76,1826.89
2025-04-01 04:00:00,1826.90,1834.09,1815.22,1821.59
2025-04-01 08:00:00,1821.59,1842.57,1816.64,1834.25
2025-04-01 12:00:00,1834.25,1866.98,1831.23,1853.34
2025-04-01 16:00:00,1853.34,1891.42,1853.02,1861.48
2025-04-01 20:00:00,1861.49,1927.79,1841.20,1917.89
2025-04-02 00:00:00,1917.89,1923.63,1900.53,1909.12
2025-04-02 04:00:00,1909.11,1921.98,1895.90,1904.21
2025-04-02 08:00:00,1904.21,1908.01,1871.31,1875.41
2025-04-02 12:00:00,1875.40,1882.31,1850.69,1864.07
2025-04-02 16:00:00,1864.06,1887.23,1861.61,1868.05
2025-04-02 20:00:00,1868.08,1918.00,1853.12,1900.09
2025-04-03 00:00:00,1900.10,1915.28,1881.09,1910.56
2025-04-03 04:00:00,1910.59,1957.97,1780.52,1794.10
2025-04-03 08:00:00,1794.11,1834.12,1787.90,1823.75
2025-04-03 12:00:00,1823.75,1844.97,1805.56,1814.52
2025-04-03 16:00:00,1814.51,1823.49,1786.14,1794.39
2025-04-03 20:00:00,1794.39,1799.82,1747.47,1781.42
2025-04-04 00:00:00,1781.42,1798.57,1766.29,1786.53
2025-04-04 04:00:00,1786.50,1821.50,1778.64,1816.48
2025-04-04 08:00:00,1816.48,1822.69,1770.00,1792.13
2025-04-04 12:00:00,1792.13,1821.40,1783.08,1816.88
2025-04-04 16:00:00,1816.87,1834.70,1757.52,1783.16
2025-04-04 20:00:00,1783.15,1820.18,1768.57,1794.47
2025-04-05 00:00:00,1794.48,1828.71,1782.15,1809.02
2025-04-05 04:00:00,1809.03,1827.99,1806.43,1815.97
2025-04-05 08:00:00,1815.97,1826.63,1808.27,1809.01
2025-04-05 12:00:00,1809.00,1815.00,1803.04,1812.40
2025-04-05 16:00:00,1812.39,1821.26,1805.55,1806.60
2025-04-05 20:00:00,1806.60,1807.61,1776.34,1781.10
2025-04-06 00:00:00,1781.10,1794.86,1778.66,1781.33
2025-04-06 04:00:00,1781.32,1809.30,1761.18,1805.15
2025-04-06 08:00:00,1805.14,1816.38,1800.87,1809.11
2025-04-06 12:00:00,1809.10,1812.60,1790.08,1796.84
2025-04-06 16:00:00,1796.85,1797.28,1782.01,1788.22
2025-04-06 20:00:00,1788.22,1791.10,1735.01,1758.80
2025-04-07 00:00:00,1758.80,1759.21,1601.00,1625.22
2025-04-07 04:00:00,1625.21,1630.45,1535.27,1579.98
2025-04-07 08:00:00,1579.98,1613.51,1520.00,1542.79
2025-04-07 12:00:00,1542.78,1561.00,1410.00,1459.52
2025-04-07 16:00:00,1459.51,1520.75,1454.80,1482.34
2025-04-07 20:00:00,1482.34,1638.47,1477.17,1555.54
2025-04-08 00:00:00,1555.54,1572.11,1525.21,1544.56
2025-04-08 04:00:00,1544.56,1584.58,1544.19,1552.44
2025-04-08 08:00:00,1552.44,1618.00,1540.19,1583.96
2025-04-08 12:00:00,1583.95,1602.29,1560.86,1569.98
2025-04-08 16:00:00,1569.97,1589.48,1553.48,1587.56
2025-04-08 20:00:00,1587.57,1592.79,1517.12,1530.75
2025-04-09 00:00:00,1530.75,1532.24,1453.46,1466.03
2025-04-09 04:00:00,1466.07,1485.60,1441.62,1472.67
2025-04-09 08:00:00,1472.68,1481.69,1384.00,1417.96
2025-04-09 12:00:00,1417.96,1491.68,1414.00,1482.90
2025-04-09 16:00:00,1482.89,1496.00,1444.00,1454.64
2025-04-09 20:00:00,1454.64,1501.03,1439.03,1484.80
2025-04-10 00:00:00,1484.79,1672.80,1481.15,1639.73
2025-04-10 04:00:00,1639.73,1688.00,1639.73,1668.69
2025-04-10 08:00:00,1668.70,1669.19,1601.00,1616.39
2025-04-10 12:00:00,1616.39,1625.48,1582.50,1595.03
2025-04-10 16:00:00,1595.03,1606.02,1580.50,1593.92
2025-04-10 20:00:00,1593.91,1627.61,1482.56,1495.00
2025-04-11 00:00:00,1494.99,1531.74,1470.84,1513.67
2025-04-11 04:00:00,1513.67,1533.00,1513.05,1521.57
2025-04-11 08:00:00,1521.56,1550.00,1503.63,1543.63
2025-04-11 12:00:00,1543.63,1561.95,1540.10,1551.99
2025-04-11 16:00:00,1551.99,1585.18,1536.47,1557.93
2025-04-11 20:00:00,1557.94,1580.78,1540.36,1564.79
2025-04-12 00:00:00,1564.80,1590.88,1554.90,1564.84
2025-04-12 04:00:00,1564.83,1586.31,1556.40,1565.96
2025-04-12 08:00:00,1565.97,1569.16,1545.06,1553.61
2025-04-12 12:00:00,1553.61,1584.53,1549.51,1581.24
2025-04-12 16:00:00,1581.23,1605.71,1580.01,1593.21
2025-04-12 20:00:00,1593.22,1669.85,1589.79,1655.10
2025-04-13 00:00:00,1655.09,1661.57,1627.42,1641.89
2025-04-13 04:00:00,1641.90,1659.68,1640.35,1643.60
2025-04-13 08:00:00,1643.60,1649.20,1605.68,1623.60
2025-04-13 12:00:00,1623.60,1623.91,1596.21,1612.77
2025-04-13 16:00:00,1612.78,1627.45,1590.71,1603.62
2025-04-13 20:00:00,1603.61,1608.50,1565.11,1585.92
2025-04-14 00:00:00,1585.92,1648.73,1559.40,1589.42
2025-04-14 04:00:00,1589.42,1616.29,1571.03,1596.92
2025-04-14 08:00:00,1596.93,1659.81,1594.73,1629.01
2025-04-14 12:00:00,1629.01,1641.85,1611.51,1634.92
2025-04-14 16:00:00,1634.92,1691.57,1628.64,1674.63
2025-04-14 20:00:00,1674.63,1689.27,1618.29,1626.96
2025-04-15 00:00:00,1626.97,1650.80,1613.37,1635.92
2025-04-15 04:00:00,1635.95,1637.35,1603.00,1623.02
2025-04-15 08:00:00,1623.02,1643.21,1613.65,1637.15
2025-04-15 12:00:00,1637.15,1648.00,1631.45,1644.18
2025-04-15 16:00:00,1644.18,1651.79,1621.32,1631.18
2025-04-15 20:00:00,1631.17,1660.68,1600.01,1620.12
2025-04-16 00:00:00,1620.11,1627.19,1594.21,1606.17
2025-04-16 04:00:00,1606.17,1614.35,1582.14,1588.00
2025-04-16 08:00:00,1588.00,1603.81,1575.04,1590.02
2025-04-16 12:00:00,1590.03,1592.76,1550.00,1563.45
2025-04-16 16:00:00,1563.44,1585.00,1555.72,1583.25
2025-04-16 20:00:00,1583.26,1614.95,1565.02,1589.91
2025-04-17 00:00:00,1589.91,1612.36,1537.56,1588.16
2025-04-17 04:00:00,1588.13,1598.01,1569.24,1576.58
2025-04-17 08:00:00,1576.57,1594.90,1574.00,1584.04
2025-04-17 12:00:00,1584.04,1609.90,1580.14,1600.99
2025-04-17 16:00:00,1600.99,1603.50,1587.69,1592.50
2025-04-17 20:00:00,1592.51,1602.76,1562.26,1582.42
2025-04-18 00:00:00,1582.43,1616.81,1575.36,1580.40
2025-04-18 04:00:00,1580.40,1591.00,1578.00,1582.84
2025-04-18 08:00:00,1582.84,1588.69,1576.21,1583.40
2025-04-18 12:00:00,1583.40,1584.49,1572.65,1583.45
2025-04-18 16:00:00,1583.46,1592.40,1581.34,1589.89
2025-04-18 20:00:00,1589.90,1596.63,1577.56,1582.27
2025-04-19 00:00:00,1582.28,1594.45,1580.95,1592.38
2025-04-19 04:00:00,1592.38,1600.00,1586.27,1587.91
2025-04-19 08:00:00,1587.91,1599.72,1584.01,1597.20
2025-04-19 12:00:00,1597.20,1613.00,1594.32,1600.27
2025-04-19 16:00:00,1600.28,1606.02,1593.23,1596.29
2025-04-19 20:00:00,1596.29,1612.00,1594.38,1606.59
2025-04-20 00:00:00,1606.60,1632.29,1597.76,1613.99
2025-04-20 04:00:00,1613.99,1622.11,1610.21,1612.44
2025-04-20 08:00:00,1612.45,1618.46,1607.20,1611.14
2025-04-20 12:00:00,1611.15,1617.00,1580.00,1596.62
2025-04-20 16:00:00,1596.63,1596.88,1564.69,1571.78
2025-04-20 20:00:00,1571.78,1583.39,1570.19,1572.80
2025-04-21 00:00:00,1572.80,1587.13,1570.45,1585.34
2025-04-21 04:00:00,1585.34,1600.00,1573.36,1586.56
2025-04-21 08:00:00,1586.57,1645.34,1585.28,1634.06
2025-04-21 12:00:00,1634.06,1658.00,1630.40,1645.10
2025-04-21 16:00:00,1645.11,1654.64,1617.04,1625.66
2025-04-21 20:00:00,1625.66,1641.39,1607.63,1622.50
2025-04-22 00:00:00,1622.50,1625.41,1560.62,1572.86
2025-04-22 04:00:00,1572.86,1579.97,1570.01,1578.64
2025-04-22 08:00:00,1578.63,1593.23,1535.00,1578.21
2025-04-22 12:00:00,1578.21,1623.50,1573.07,1618.60
2025-04-22 16:00:00,1618.60,1638.00,1612.41,1630.14
2025-04-22 20:00:00,1630.14,1725.93,1626.00,1702.41
2025-04-23 00:00:00,1702.41,1710.00,1681.42,1697.54
2025-04-23 04:00:00,1697.53,1779.02,1691.49,1755.57
2025-04-23 08:00:00,1755.58,1807.36,1744.30,1794.51
2025-04-23 12:00:00,1794.51,1817.98,1773.10,1791.27
2025-04-23 16:00:00,1791.28,1812.04,1778.29,1796.74
2025-04-23 20:00:00,1796.74,1838.00,1761.00,1793.70
2025-04-24 00:00:00,1793.71,1809.60,1773.43,1785.44
2025-04-24 04:00:00,1785.44,1806.28,1784.78,1794.46
2025-04-24 08:00:00,1794.45,1802.27,1765.52,1767.30
2025-04-24 12:00:00,1767.29,1775.71,1750.80,1755.61
2025-04-24 16:00:00,1755.60,1759.88,1721.22,1754.05
2025-04-24 20:00:00,1754.04,1777.33,1743.12,1763.83
2025-04-25 00:00:00,1763.83,1776.85,1745.09,1762.21
2025-04-25 04:00:00,1762.21,1774.17,1747.81,1768.80
2025-04-25 08:00:00,1768.79,1789.88,1737.40,1760.00
2025-04-25 12:00:00,1760.00,1781.23,1757.25,1776.38
2025-04-25 16:00:00,1776.39,1792.72,1763.08,1789.47
2025-04-25 20:00:00,1789.47,1826.91,1755.81,1805.70
2025-04-26 00:00:00,1805.69,1809.81,1781.32,1801.45
2025-04-26 04:00:00,1801.45,1808.87,1783.00,1783.77
2025-04-26 08:00:00,1783.76,1815.05,1783.76,1796.51
2025-04-26 12:00:00,1796.50,1809.94,1788.01,1799.54
2025-04-26 16:00:00,1799.54,1841.49,1777.31,1784.73
2025-04-26 20:00:00,1784.73,1803.94,1778.88,1799.39
2025-04-27 00:00:00,1799.38,1814.95,1795.00,1812.21
2025-04-27 04:00:00,1812.22,1830.78,1804.52,1820.00
2025-04-27 08:00:00,1819.99,1857.00,1800.00,1808.74
2025-04-27 12:00:00,1808.74,1810.77,1788.88,1802.98
2025-04-27 16:00:00,1802.98,1814.99,1800.58,1805.04
2025-04-27 20:00:00,1805.03,1807.96,1780.25,1792.88
2025-04-28 00:00:00,1792.88,1807.77,1786.18,1806.95
2025-04-28 04:00:00,1806.95,1807.25,1783.10,1790.21
2025-04-28 08:00:00,1790.22,1793.25,1750.99,1783.25
2025-04-28 12:00:00,1783.24,1811.82,1783.24,1803.95
2025-04-28 16:00:00,1803.95,1826.71,1787.10,1815.00
2025-04-28 20:00:00,1815.00,1816.48,1751.42,1762.08
2025-04-29 00:00:00,1762.08,1805.00,1742.15,1796.36
2025-04-29 04:00:00,1796.35,1806.87,1780.24,1799.22
2025-04-29 08:00:00,1799.21,1810.92,1786.68,1801.26
2025-04-29 12:00:00,1801.26,1824.24,1787.37,1820.77
2025-04-29 16:00:00,1820.77,1842.82,1815.76,1828.90
2025-04-29 20:00:00,1828.89,1832.58,1801.00,1814.21
2025-04-30 00:00:00,1814.20,1831.49,1806.00,1820.92
2025-04-30 04:00:00,1820.92,1824.87,1779.36,1796.57
2025-04-30 08:00:00,1796.57,1812.48,1787.72,1808.19
2025-04-30 12:00:00,1808.18,1812.22,1790.00,1795.55
2025-04-30 16:00:00,1795.54,1816.00,1791.61,1814.79
2025-04-30 20:00:00,1814.79,1815.48,1730.60,1763.72
2025-05-01 00:00:00,1763.72,1792.39,1755.02,1785.96
2025-05-01 04:00:00,1786.08,1809.19,1784.00,1792.71
2025-05-01 08:00:00,1792.71,1818.18,1791.55,1807.28
2025-05-01 12:00:00,1807.28,1816.77,1801.24,1809.74
2025-05-01 16:00:00,1809.74,1858.73,1807.74,1844.79
2025-05-01 20:00:00,1844.79,1872.71,1823.47,1851.99
2025-05-02 00:00:00,1852.00,1869.40,1838.08,1842.12
2025-05-02 04:00:00,1842.11,1850.45,1831.80,1837.19
2025-05-02 08:00:00,1837.18,1850.49,1834.06,1846.66
2025-05-02 12:00:00,1846.66,1850.86,1815.00,1815.30
2025-05-02 16:00:00,1815.29,1834.92,1812.00,1832.39
2025-05-02 20:00:00,1832.39,1853.58,1822.13,1840.21
2025-05-03 00:00:00,1840.21,1871.06,1830.79,1838.78
2025-05-03 04:00:00,1838.78,1847.23,1832.10,1841.22
2025-05-03 08:00:00,1841.22,1842.44,1825.52,1834.08
2025-05-03 12:00:00,1834.07,1838.55,1823.39,1825.58
2025-05-03 16:00:00,1825.58,1829.99,1816.23,1823.35
2025-05-03 20:00:00,1823.34,1839.27,1823.10,1833.51
2025-05-04 00:00:00,1833.51,1838.56,1807.75,1837.61
2025-05-04 04:00:00,1837.62,1848.00,1827.79,1832.55
2025-05-04 08:00:00,1832.55,1848.84,1825.28,1831.24
2025-05-04 12:00:00,1831.24,1849.53,1828.43,1840.24
2025-05-04 16:00:00,1840.24,1840.73,1820.75,1826.69
2025-05-04 20:00:00,1826.68,1833.07,1817.03,1829.63
2025-05-05 00:00:00,1829.64,1832.28,1821.06,1827.58
2025-05-05 04:00:00,1827.59,1841.76,1801.71,1807.87
2025-05-05 08:00:00,1807.87,1817.60,1780.02,1793.86
2025-05-05 12:00:00,1793.85,1829.07,1792.00,1825.74
2025-05-05 16:00:00,1825.73,1830.72,1797.00,1803.81
2025-05-05 20:00:00,1803.81,1814.86,1793.29,1800.14
2025-05-06 00:00:00,1800.14,1828.00,1799.86,1815.65
2025-05-06 04:00:00,1815.64,1832.98,1797.79,1819.43
2025-05-06 08:00:00,1819.43,1820.30,1791.57,1805.50
2025-05-06 12:00:00,1805.49,1808.55,1797.26,1805.00
2025-05-06 16:00:00,1804.99,1805.17,1755.71,1769.10
2025-05-06 20:00:00,1769.09,1779.08,1750.00,1769.31
2025-05-07 00:00:00,1769.31,1798.41,1761.00,1784.05
2025-05-07 04:00:00,1784.06,1818.62,1764.39,1816.22
2025-05-07 08:00:00,1816.23,1850.00,1813.47,1825.60
2025-05-07 12:00:00,1825.60,1837.85,1823.69,1837.26
2025-05-07 16:00:00,1837.27,1846.50,1829.47,1835.48
2025-05-07 20:00:00,1835.48,1836.20,1813.36,1816.73
2025-05-08 00:00:00,1816.72,1817.33,1786.00,1795.08
2025-05-08 04:00:00,1795.07,1824.73,1788.00,1810.14
2025-05-08 08:00:00,1810.13,1907.45,1807.72,1900.50
2025-05-08 12:00:00,1900.51,1944.00,1891.36,1927.80
2025-05-08 16:00:00,1927.81,1968.29,1925.00,1956.65
2025-05-08 20:00:00,1956.65,2075.10,1952.57,2050.56
2025-05-09 00:00:00,2050.56,2140.21,2035.79,2117.59
2025-05-09 04:00:00,2117.59,2227.00,2111.00,2206.54
2025-05-09 08:00:00,2206.53,2244.90,2183.59,2204.56
2025-05-09 12:00:00,2204.56,2393.67,2201.98,2363.81
2025-05-09 16:00:00,2363.71,2490.75,2291.46,2350.76
2025-05-09 20:00:00,2350.75,2388.12,2270.00,2300.55
2025-05-10 00:00:00,2300.55,2355.00,2273.63,2330.69
2025-05-10 04:00:00,2330.69,2351.16,2321.48,2344.30
2025-05-10 08:00:00,2344.31,2379.99,2315.09,2338.81
2025-05-10 12:00:00,2338.81,2416.50,2325.31,2399.17
2025-05-10 16:00:00,2399.20,2435.00,2360.00,2383.75
2025-05-10 20:00:00,2383.75,2449.99,2383.75,2432.38
2025-05-11 00:00:00,2432.38,2512.00,2427.65,2498.35
2025-05-11 04:00:00,2498.35,2600.76,2465.60,2581.91
2025-05-11 08:00:00,2581.90,2608.00,2498.79,2536.31
2025-05-11 12:00:00,2536.31,2561.68,2452.61,2472.61
2025-05-11 16:00:00,2472.61,2534.80,2471.50,2529.36
2025-05-11 20:00:00,2529.36,2530.92,2434.89,2461.22
2025-05-12 00:00:00,2461.22,2524.38,2439.08,2506.99
2025-05-12 04:00:00,2507.00,2527.71,2481.95,2513.48
2025-05-12 08:00:00,2513.48,2548.00,2490.00,2519.01
2025-05-12 12:00:00,2519.00,2624.84,2484.02,2553.44
2025-05-12 16:00:00,2553.45,2585.05,2520.00,2529.34
2025-05-12 20:00:00,2529.32,2575.60,2478.00,2485.94
2025-05-13 00:00:00,2485.95,2511.94,2406.55,2459.29
2025-05-13 04:00:00,2459.28,2499.34,2450.88,2494.16
2025-05-13 08:00:00,2494.16,2494.90,2414.36,2424.07
2025-05-13 12:00:00,2424.06,2479.45,2418.84,2459.90
2025-05-13 16:00:00,2459.89,2524.97,2450.57,2512.26
2025-05-13 20:00:00,2512.25,2573.00,2490.13,2564.89
2025-05-14 00:00:00,2564.88,2738.62,2558.61,2690.02
2025-05-14 04:00:00,2690.02,2706.98,2653.00,2678.59
2025-05-14 08:00:00,2678.58,2724.96,2620.80,2645.78
2025-05-14 12:00:00,2645.79,2686.61,2635.06,2639.14
2025-05-14 16:00:00,2639.15,2644.71,2575.00,2624.16
2025-05-14 20:00:00,2624.16,2634.52,2557.00,2596.28
2025-05-15 00:00:00,2596.28,2616.82,2545.00,2603.85
2025-05-15 04:00:00,2603.86,2612.88,2582.31,2608.74
2025-05-15 08:00:00,2608.75,2646.10,2565.90,2573.77
2025-05-15 12:00:00,2573.77,2595.73,2513.80,2529.60
2025-05-15 16:00:00,2529.59,2566.39,2515.68,2553.81
2025-05-15 20:00:00,2553.81,2578.99,2475.61,2562.90
2025-05-16 00:00:00,2562.91,2603.52,2510.59,2529.77
2025-05-16 04:00:00,2529.77,2563.61,2510.49,2547.75
2025-05-16 08:00:00,2547.76,2584.08,2533.15,2580.43
2025-05-16 12:00:00,2580.43,2619.39,2562.92,2600.50
2025-05-16 16:00:00,2600.51,2648.68,2556.65,2620.00
2025-05-16 20:00:00,2620.00,2622.39,2572.30,2593.94
2025-05-17 00:00:00,2593.93,2600.96,2568.27,2591.00
2025-05-17 04:00:00,2591.00,2591.88,2527.14,2535.72
2025-05-17 08:00:00,2535.71,2537.63,2450.62,2495.93
2025-05-17 12:00:00,2495.92,2512.33,2473.53,2491.49
2025-05-17 16:00:00,2491.49,2495.06,2463.71,2480.54
2025-05-17 20:00:00,2480.55,2485.76,2442.65,2473.22
2025-05-18 00:00:00,2473.22,2488.00,2446.70,2468.90
2025-05-18 04:00:00,2468.90,2495.55,2451.28,2474.09
2025-05-18 08:00:00,2474.09,2486.78,2466.74,2476.19
2025-05-18 12:00:00,2476.18,2514.77,2476.18,2508.35
2025-05-18 16:00:00,2508.35,2527.85,2496.00,2500.49
2025-05-18 20:00:00,2500.49,2587.52,2486.65,2578.06
2025-05-19 00:00:00,2578.07,2582.92,2402.00,2406.78
2025-05-19 04:00:00,2406.78,2510.20,2312.62,2496.98
2025-05-19 08:00:00,2496.98,2513.38,2378.02,2384.46
2025-05-19 12:00:00,2384.46,2412.27,2346.99,2402.54
2025-05-19 16:00:00,2402.53,2422.11,2389.00,2416.34
2025-05-19 20:00:00,2416.33,2473.00,2383.00,2465.59
2025-05-20 00:00:00,2465.59,2546.97,2449.82,2517.67
2025-05-20 04:00:00,2517.68,2534.09,2491.39,2526.87
2025-05-20 08:00:00,2526.87,2588.00,2509.52,2552.08
2025-05-20 12:00:00,2552.08,2577.54,2520.66,2531.20
2025-05-20 16:00:00,2531.21,2539.00,2491.00,2513.32
2025-05-20 20:00:00,2513.32,2514.31,2463.00,2481.52
2025-05-21 00:00:00,2481.52,2511.05,2438.39,2500.25
2025-05-21 04:00:00,2500.25,2540.47,2483.50,2523.09
2025-05-21 08:00:00,2523.08,2553.50,2506.31,2543.77
2025-05-21 12:00:00,2543.76,2615.46,2533.03,2550.72
2025-05-21 16:00:00,2550.72,2561.48,2513.21,2535.67
2025-05-21 20:00:00,2535.67,2581.96,2520.49,2566.01
2025-05-22 00:00:00,2566.01,2614.99,2450.72,2511.11
2025-05-22 04:00:00,2511.10,2598.53,2482.45,2550.26
2025-05-22 08:00:00,2550.26,2647.25,2543.37,2628.60
2025-05-22 12:00:00,2628.59,2646.82,2601.65,2634.41
2025-05-22 16:00:00,2634.41,2692.61,2626.41,2649.71
2025-05-22 20:00:00,2649.72,2679.30,2618.59,2663.53
2025-05-23 00:00:00,2663.54,2675.34,2625.28,2634.02
2025-05-23 04:00:00,2634.03,2665.00,2627.18,2663.72
2025-05-23 08:00:00,2663.72,2734.30,2643.76,2720.93
2025-05-23 12:00:00,2720.93,2725.39,2650.01,2654.69
2025-05-23 16:00:00,2654.69,2687.80,2550.00,2565.32
2025-05-23 20:00:00,2565.32,2591.19,2497.00,2567.38
2025-05-24 00:00:00,2567.37,2585.94,2545.12,2559.76
2025-05-24 04:00:00,2559.77,2561.62,2502.10,2525.39
2025-05-24 08:00:00,2525.38,2555.05,2513.97,2548.98
2025-05-24 12:00:00,2548.98,2562.33,2534.10,2545.79
2025-05-24 16:00:00,2545.78,2574.50,2543.81,2562.14
2025-05-24 20:00:00,2562.15,2564.37,2542.34,2554.32
2025-05-25 00:00:00,2554.32,2566.40,2542.23,2553.33
2025-05-25 04:00:00,2553.34,2555.47,2511.13,2529.27
2025-05-25 08:00:00,2529.27,2538.38,2473.36,2511.79
2025-05-25 12:00:00,2511.78,2517.66,2486.30,2493.38
2025-05-25 16:00:00,2493.38,2501.74,2457.60,2496.58
2025-05-25 20:00:00,2496.58,2524.99,2478.00,2510.47
2025-05-26 00:00:00,2510.47,2537.00,2495.00,2525.21
2025-05-26 04:00:00,2525.20,2553.00,2506.08,2550.03
2025-05-26 08:00:00,2550.03,2576.00,2535.00,2559.33
2025-05-26 12:00:00,2559.34,2598.60,2556.16,2579.71
2025-05-26 16:00:00,2579.70,2581.80,2552.47,2566.75
2025-05-26 20:00:00,2566.74,2573.62,2537.68,2565.00
2025-05-27 00:00:00,2565.00,2572.80,2521.29,2539.97
2025-05-27 04:00:00,2539.97,2584.74,2535.19,2562.43
2025-05-27 08:00:00,2562.42,2572.50,2508.00,2548.42
2025-05-27 12:00:00,2548.42,2619.61,2547.83,2606.95
2025-05-27 16:00:00,2606.97,2654.10,2606.70,2651.98
2025-05-27 20:00:00,2651.97,2683.76,2632.42,2667.46
2025-05-28 00:00:00,2667.47,2711.80,2657.20,2686.84
2025-05-28 04:00:00,2686.84,2693.63,2651.00,2659.84
2025-05-28 08:00:00,2659.83,2660.85,2617.00,2644.51
2025-05-28 12:00:00,2644.51,2651.87,2622.36,2635.35
2025-05-28 16:00:00,2635.36,2658.94,2606.00,2655.99
2025-05-28 20:00:00,2655.99,2689.13,2612.00,2626.17
2025-05-29 00:00:00,2626.20,2664.00,2615.23,2616.61
2025-05-29 04:00:00,2616.61,2686.00,2610.01,2680.40
2025-05-29 08:00:00,2680.40,2788.88,2669.43,2762.05
2025-05-29 12:00:00,2762.04,2766.66,2700.01,2730.00
2025-05-29 16:00:00,2730.00,2744.00,2705.82,2714.84
2025-05-29 20:00:00,2714.84,2718.09,2620.26,2642.46
2025-05-30 00:00:00,2642.46,2672.85,2627.34,2649.35
2025-05-30 04:00:00,2649.35,2667.97,2617.11,2630.30
2025-05-30 08:00:00,2630.30,2644.12,2556.00,2630.39
2025-05-30 12:00:00,2630.39,2648.42,2605.83,2617.55
2025-05-30 16:00:00,2617.55,2627.09,2586.55,2620.69
2025-05-30 20:00:00,2620.70,2625.28,2571.17,2597.01
2025-05-31 00:00:00,2597.01,2603.00,2530.00,2573.30
2025-05-31 04:00:00,2573.30,2589.45,2503.37,2529.63
2025-05-31 08:00:00,2529.62,2538.39,2474.00,2512.88
2025-05-31 12:00:00,2512.88,2526.00,2503.40,2520.00
2025-05-31 16:00:00,2520.00,2537.97,2506.27,2518.60
2025-05-31 20:00:00,2518.60,2550.00,2515.34,2534.85
2025-06-01 00:00:00,2534.85,2546.49,2521.05,2536.48
2025-06-01 04:00:00,2536.47,2550.00,2523.32,2527.08
2025-06-01 08:00:00,2527.08,2529.67,2488.52,2512.14
2025-06-01 12:00:00,2512.13,2526.46,2504.58,2507.62
2025-06-01 16:00:00,2507.62,2509.70,2476.01,2496.32
2025-06-01 20:00:00,2496.32,2524.47,2465.00,2522.00
2025-06-02 00:00:00,2522.00,2547.00,2491.56,2525.11
2025-06-02 04:00:00,2525.10,2546.35,2518.19,2537.89
2025-06-02 08:00:00,2537.89,2540.89,2484.05,2495.12
2025-06-02 12:00:00,2495.11,2512.74,2482.00,2505.78
2025-06-02 16:00:00,2505.79,2515.00,2472.74,2480.03
2025-06-02 20:00:00,2480.02,2556.34,2477.00,2543.24
2025-06-03 00:00:00,2543.25,2565.40,2522.88,2531.21
2025-06-03 04:00:00,2531.22,2614.20,2530.70,2606.48
2025-06-03 08:00:00,2606.49,2649.00,2588.05,2602.38
2025-06-03 12:00:00,2602.38,2619.44,2588.88,2608.68
2025-06-03 16:00:00,2608.69,2619.52,2593.47,2600.21
2025-06-03 20:00:00,2600.21,2654.98,2596.36,2622.56
2025-06-04 00:00:00,2622.55,2627.77,2601.76,2624.16
2025-06-04 04:00:00,2624.17,2624.46,2563.00,2592.16
2025-06-04 08:00:00,2592.16,2639.84,2582.41,2626.78
2025-06-04 12:00:00,2626.77,2644.17,2618.33,2626.31
2025-06-04 16:00:00,2626.32,2649.38,2623.00,2623.71
2025-06-04 20:00:00,2623.71,2679.64,2593.20,2666.91
2025-06-05 00:00:00,2666.92,2668.29,2620.73,2622.36
2025-06-05 04:00:00,2622.36,2623.79,2596.95,2606.62
2025-06-05 08:00:00,2606.62,2631.68,2600.11,2624.00
2025-06-05 12:00:00,2624.01,2633.76,2600.00,2603.21
2025-06-05 16:00:00,2603.22,2612.68,2579.14,2606.64
2025-06-05 20:00:00,2606.63,2640.00,2560.01,2588.34
2025-06-06 00:00:00,2588.35,2590.70,2506.00,2528.08
2025-06-06 04:00:00,2528.08,2534.79,2390.00,2412.90
2025-06-06 08:00:00,2412.90,2455.83,2379.62,2454.51
2025-06-06 12:00:00,2454.50,2468.43,2445.49,2454.18
2025-06-06 16:00:00,2454.19,2492.03,2452.71,2474.93
2025-06-06 20:00:00,2474.93,2529.67,2465.66,2508.29
2025-06-07 00:00:00,2508.28,2517.39,2482.21,2483.04
2025-06-07 04:00:00,2483.04,2506.44,2471.51,2475.38
2025-06-07 08:00:00,2475.38,2492.79,2455.85,2487.99
2025-06-07 12:00:00,2487.99,2501.15,2478.75,2490.21
2025-06-07 16:00:00,2490.21,2500.88,2480.25,2494.22
2025-06-07 20:00:00,2494.23,2522.91,2491.28,2518.50
2025-06-08 00:00:00,2518.50,2524.90,2505.61,2515.78
2025-06-08 04:00:00,2515.78,2545.00,2515.78,2523.40
2025-06-08 08:00:00,2523.41,2525.00,2507.25,2510.66
2025-06-08 12:00:00,2510.66,2519.03,2507.25,2513.45
2025-06-08 16:00:00,2513.46,2520.19,2483.28,2512.29
2025-06-08 20:00:00,2512.29,2527.26,2498.68,2513.39
2025-06-09 00:00:00,2513.38,2539.68,2511.48,2531.53
2025-06-09 04:00:00,2531.54,2548.02,2497.41,2508.32
2025-06-09 08:00:00,2508.31,2510.64,2480.40,2495.55
2025-06-09 12:00:00,2495.55,2495.74,2475.83,2490.67
2025-06-09 16:00:00,2490.67,2546.98,2483.03,2540.74
2025-06-09 20:00:00,2540.75,2547.97,2507.98,2532.98
2025-06-10 00:00:00,2532.98,2589.33,2532.66,2579.45
2025-06-10 04:00:00,2579.46,2693.20,2574.54,2679.12
2025-06-10 08:00:00,2679.13,2726.83,2674.44,2688.26
2025-06-10 12:00:00,2688.26,2699.00,2655.00,2676.67
2025-06-10 16:00:00,2676.67,2798.72,2669.01,2772.99
2025-06-10 20:00:00,2772.99,2778.50,2688.53,2731.83
2025-06-11 00:00:00,2731.84,2807.00,2727.05,2772.87
2025-06-11 04:00:00,2772.87,2827.00,2731.02,2815.74
2025-06-11 08:00:00,2815.74,2834.23,2771.14,2790.21
2025-06-11 12:00:00,2790.21,2803.61,2778.80,2790.86
2025-06-11 16:00:00,2790.86,2792.84,2753.01,2771.82
2025-06-11 20:00:00,2771.82,2879.00,2762.88,2864.01
2025-06-12 00:00:00,2864.00,2874.98,2800.59,2811.94
2025-06-12 04:00:00,2811.93,2830.00,2742.57,2770.34
2025-06-12 08:00:00,2770.35,2783.90,2745.01,2763.99
2025-06-12 12:00:00,2764.00,2775.75,2729.13,2739.45
2025-06-12 16:00:00,2739.45,2760.94,2718.46,2728.76
2025-06-12 20:00:00,2728.76,2772.52,2710.78,2718.25
2025-06-13 00:00:00,2718.24,2769.97,2690.01,2693.13
2025-06-13 04:00:00,2693.12,2702.38,2614.24,2641.38
2025-06-13 08:00:00,2641.38,2644.32,2433.80,2513.00
2025-06-13 12:00:00,2513.00,2541.11,2490.78,2525.13
2025-06-13 16:00:00,2525.14,2544.87,2505.35,2543.93
2025-06-13 20:00:00,2543.93,2562.57,2502.65,2550.26
2025-06-14 00:00:00,2550.26,2585.00,2508.70,2526.33
2025-06-14 04:00:00,2526.33,2582.16,2523.08,2578.09
2025-06-14 08:00:00,2578.10,2578.18,2545.83,2547.74
2025-06-14 12:00:00,2547.73,2555.45,2524.08,2535.82
2025-06-14 16:00:00,2535.82,2538.70,2517.33,2537.00
2025-06-14 20:00:00,2537.01,2545.40,2503.30,2518.22
2025-06-15 00:00:00,2518.21,2525.07,2486.68,2506.31
2025-06-15 04:00:00,2506.36,2539.16,2495.40,2529.66
2025-06-15 08:00:00,2529.66,2539.90,2523.78,2529.05
2025-06-15 12:00:00,2529.04,2552.23,2521.01,2527.33
2025-06-15 16:00:00,2527.32,2528.96,2507.38,2515.19
2025-06-15 20:00:00,2515.19,2555.00,2514.79,2540.79
2025-06-16 00:00:00,2540.80,2559.76,2528.54,2535.94
2025-06-16 04:00:00,2535.94,2549.42,2490.38,2546.32
2025-06-16 08:00:00,2546.32,2578.00,2513.38,2567.60
2025-06-16 12:00:00,2567.60,2637.70,2565.37,2627.71
2025-06-16 16:00:00,2627.72,2633.15,2591.62,2615.81
2025-06-16 20:00:00,2615.80,2656.51,2603.34,2630.86
2025-06-17 00:00:00,2630.86,2668.90,2626.26,2659.20
2025-06-17 04:00:00,2659.22,2680.00,2533.10,2543.12
2025-06-17 08:00:00,2543.11,2617.74,2524.00,2606.39
2025-06-17 12:00:00,2606.39,2609.69,2569.00,2581.13
2025-06-17 16:00:00,2581.13,2584.37,2540.65,2551.25
2025-06-17 20:00:00,2551.26,2567.39,2480.00,2497.75
2025-06-18 00:00:00,2497.76,2542.71,2451.97,2527.09
2025-06-18 04:00:00,2527.09,2533.83,2491.00,2508.99
2025-06-18 08:00:00,2508.99,2535.31,2505.00,2526.87
2025-06-18 12:00:00,2526.88,2545.10,2516.40,2532.33
2025-06-18 16:00:00,2532.33,2547.35,2487.45,2512.59
2025-06-18 20:00:00,2512.60,2537.99,2465.00,2507.84
2025-06-19 00:00:00,2507.84,2520.09,2465.00,2491.24
2025-06-19 04:00:00,2491.25,2536.75,2481.50,2523.49
2025-06-19 08:00:00,2523.50,2546.29,2505.52,2524.36
2025-06-19 12:00:00,2524.35,2530.17,2513.01,2517.56
2025-06-19 16:00:00,2517.56,2544.00,2517.55,2530.62
2025-06-19 20:00:00,2530.61,2536.38,2488.76,2491.89
2025-06-20 00:00:00,2491.88,2523.48,2483.58,2503.76
2025-06-20 04:00:00,2503.77,2531.85,2501.59,2520.18
2025-06-20 08:00:00,2520.17,2530.58,2511.18,2516.16
2025-06-20 12:00:00,2516.16,2552.00,2502.44,2548.60
2025-06-20 16:00:00,2548.60,2568.56,2540.00,2548.68
2025-06-20 20:00:00,2548.68,2558.63,2486.00,2492.46
2025-06-21 00:00:00,2492.47,2495.10,2363.88,2413.62
2025-06-21 04:00:00,2413.62,2437.20,2380.00,2405.42
2025-06-21 08:00:00,2405.43,2431.44,2394.66,2424.33
2025-06-21 12:00:00,2424.34,2427.25,2417.59,2425.63
2025-06-21 16:00:00,2425.63,2447.96,2422.08,2441.43
2025-06-21 20:00:00,2441.43,2444.10,2410.89,2422.37
2025-06-22 00:00:00,2422.36,2427.39,2381.00,2384.02
2025-06-22 04:00:00,2384.02,2408.10,2213.07,2294.63
2025-06-22 08:00:00,2294.64,2312.96,2243.19,2263.49
2025-06-22 12:00:00,2263.50,2297.40,2260.59,2269.74
2025-06-22 16:00:00,2269.74,2279.08,2233.34,2272.00
2025-06-22 20:00:00,2272.00,2286.64,2155.10,2173.91
2025-06-23 00:00:00,2173.90,2219.11,2169.42,2182.96
2025-06-23 04:00:00,2182.97,2236.00,2111.00,2226.33
2025-06-23 08:00:00,2226.33,2259.37,2221.00,2233.89
2025-06-23 12:00:00,2233.90,2277.77,2226.76,2257.50
2025-06-23 16:00:00,2257.51,2273.47,2237.34,2252.16
2025-06-23 20:00:00,2252.17,2317.00,2231.02,2247.17
2025-06-24 00:00:00,2247.16,2325.38,2187.01,2311.57
2025-06-24 04:00:00,2311.61,2440.00,2302.27,2410.39
2025-06-24 08:00:00,2410.40,2416.83,2388.05,2397.66
2025-06-24 12:00:00,2397.66,2434.10,2390.00,2391.79
2025-06-24 16:00:00,2391.78,2450.00,2374.90,2408.30
2025-06-24 20:00:00,2408.30,2455.98,2401.46,2437.00
2025-06-25 00:00:00,2437.00,2481.28,2416.00,2432.91
2025-06-25 04:00:00,2432.90,2448.82,2428.94,2447.58
2025-06-25 08:00:00,2447.58,2467.84,2435.29,2442.85
2025-06-25 12:00:00,2442.85,2449.93,2422.77,2443.45
2025-06-25 16:00:00,2443.44,2447.61,2405.06,2427.96
2025-06-25 20:00:00,2427.93,2445.87,2388.23,2404.48
2025-06-26 00:00:00,2404.48,2438.75,2400.22,2431.80
2025-06-26 04:00:00,2431.79,2455.27,2406.69,2417.28
2025-06-26 08:00:00,2417.28,2520.00,2415.68,2487.95
2025-06-26 12:00:00,2487.95,2499.85,2465.74,2489.00
2025-06-26 16:00:00,2489.01,2499.65,2438.00,2449.23
2025-06-26 20:00:00,2449.23,2458.93,2408.01,2432.00
2025-06-27 00:00:00,2432.00,2443.09,2416.63,2434.52
2025-06-27 04:00:00,2434.51,2456.58,2392.12,2414.54
2025-06-27 08:00:00,2414.59,2447.89,2377.00,2445.83
2025-06-27 12:00:00,2445.84,2458.88,2433.33,2441.19
2025-06-27 16:00:00,2441.20,2463.38,2433.99,2446.26
2025-06-27 20:00:00,2446.27,2456.33,2412.50,2437.61
2025-06-28 00:00:00,2437.61,2448.69,2387.01,2411.72
2025-06-28 04:00:00,2411.72,2429.00,2410.50,2422.06
2025-06-28 08:00:00,2422.07,2423.06,2404.75,2419.70
2025-06-28 12:00:00,2419.70,2433.00,2416.52,2430.55
2025-06-28 16:00:00,2430.55,2431.25,2418.29,2426.26
2025-06-28 20:00:00,2426.26,2443.99,2418.75,2435.08
2025-06-29 00:00:00,2435.09,2447.42,2430.50,2432.38
2025-06-29 04:00:00,2432.38,2441.37,2425.80,2434.80
2025-06-29 08:00:00,2434.80,2441.68,2423.12,2426.85
2025-06-29 12:00:00,2426.84,2439.60,2425.57,2439.58
2025-06-29 16:00:00,2439.58,2463.96,2437.05,2460.82
2025-06-29 20:00:00,2460.81,2462.14,2431.70,2435.36
2025-06-30 00:00:00,2435.36,2441.71,2428.00,2436.81
2025-06-30 04:00:00,2436.80,2524.41,2406.45,2499.25
2025-06-30 08:00:00,2499.25,2523.43,2494.18,2498.42
2025-06-30 12:00:00,2498.43,2504.81,2453.94,2479.63
2025-06-30 16:00:00,2479.63,2485.84,2445.20,2457.19
2025-06-30 20:00:00,2457.19,2488.12,2431.87,2473.54
2025-07-01 00:00:00,2473.54,2517.49,2460.05,2514.78
2025-07-01 04:00:00,2514.78,2521.59,2481.15,2484.30
2025-07-01 08:00:00,2484.30,2499.60,2476.24,2484.36
2025-07-01 12:00:00,2484.37,2484.70,2443.88,2464.02
2025-07-01 16:00:00,2464.02,2464.02,2441.14,2448.14
2025-07-01 20:00:00,2448.13,2455.30,2405.05,2422.49
2025-07-02 00:00:00,2422.49,2433.24,2400.00,2401.45
2025-07-02 04:00:00,2401.45,2417.43,2383.33,2403.65
2025-07-02 08:00:00,2403.66,2431.51,2367.53,2429.23
2025-07-02 12:00:00,2429.22,2453.53,2424.13,2445.75
2025-07-02 16:00:00,2445.76,2460.00,2440.32,2444.53
2025-07-02 20:00:00,2444.53,2502.97,2430.42,2497.74
2025-07-03 00:00:00,2497.73,2607.36,2494.04,2603.65
2025-07-03 04:00:00,2603.64,2618.20,2568.09,2569.37
2025-07-03 08:00:00,2569.37,2586.15,2555.25,2560.22
2025-07-03 12:00:00,2560.21,2604.84,2558.27,2599.24
2025-07-03 16:00:00,2599.24,2616.00,2580.24,2596.25
2025-07-03 20:00:00,2596.25,2635.00,2563.77,2569.14
2025-07-04 00:00:00,2569.14,2591.31,2563.75,2584.63
2025-07-04 04:00:00,2584.63,2602.76,2584.10,2590.17
2025-07-04 08:00:00,2590.18,2601.96,2570.07,2576.66
2025-07-04 12:00:00,2576.67,2584.01,2528.00,2533.85
2025-07-04 16:00:00,2533.85,2558.00,2525.77,2548.01
2025-07-04 20:00:00,2548.01,2554.84,2494.42,2499.61
2025-07-05 00:00:00,2499.61,2502.66,2473.07,2481.59
2025-07-05 04:00:00,2481.59,2519.60,2480.20,2506.86
2025-07-05 08:00:00,2506.87,2523.94,2496.79,2517.30
2025-07-05 12:00:00,2517.30,2528.86,2511.32,2520.35
2025-07-05 16:00:00,2520.36,2524.73,2507.65,2516.82
2025-07-05 20:00:00,2516.82,2520.96,2503.71,2506.88
2025-07-06 00:00:00,2506.88,2512.29,2486.31,2504.41
2025-07-06 04:00:00,2504.40,2521.74,2497.00,2515.25
2025-07-06 08:00:00,2515.25,2519.82,2508.06,2513.77
2025-07-06 12:00:00,2513.77,2526.09,2507.45,2516.90
2025-07-06 16:00:00,2516.91,2517.64,2502.25,2514.73
2025-07-06 20:00:00,2514.72,2569.40,2510.56,2557.69
2025-07-07 00:00:00,2557.69,2559.97,2522.69,2540.00
2025-07-07 04:00:00,2540.01,2607.08,2539.00,2569.14
2025-07-07 08:00:00,2569.14,2589.88,2549.03,2576.34
2025-07-07 12:00:00,2576.34,2579.78,2558.62,2577.28
2025-07-07 16:00:00,2577.28,2587.73,2551.23,2561.83
2025-07-07 20:00:00,2561.83,2568.00,2525.88,2532.56
2025-07-08 00:00:00,2532.56,2557.00,2505.37,2542.86
2025-07-08 04:00:00,2542.85,2544.59,2522.04,2541.37
2025-07-08 08:00:00,2541.36,2553.82,2522.07,2536.82
2025-07-08 12:00:00,2536.82,2563.00,2530.72,2552.16
2025-07-08 16:00:00,2552.16,2584.99,2542.00,2573.88
2025-07-08 20:00:00,2573.88,2600.00,2556.36,2563.83
2025-07-09 00:00:00,2563.83,2627.83,2558.43,2609.23
2025-07-09 04:00:00,2609.22,2616.69,2595.31,2613.97
2025-07-09 08:00:00,2613.97,2626.00,2588.49,2590.42
2025-07-09 12:00:00,2590.42,2649.00,2589.43,2623.74
2025-07-09 16:00:00,2623.75,2629.26,2602.54,2624.94
2025-07-09 20:00:00,2624.95,2674.50,2622.63,2655.41
2025-07-10 00:00:00,2655.41,2795.73,2650.88,2763.56
2025-07-10 04:00:00,2763.56,2783.30,2730.20,2767.70
2025-07-10 08:00:00,2767.69,2798.00,2754.08,2774.51
2025-07-10 12:00:00,2774.51,2822.23,2764.43,2789.54
2025-07-10 16:00:00,2789.54,2795.87,2771.08,2777.38
2025-07-10 20:00:00,2777.38,2794.00,2756.72,2768.49
2025-07-11 00:00:00,2768.50,2839.29,2767.49,2814.61
2025-07-11 04:00:00,2814.61,3010.44,2811.20,2950.62
2025-07-11 08:00:00,2950.61,2974.06,2913.72,2968.51
2025-07-11 12:00:00,2968.50,3028.48,2945.32,2967.80
2025-07-11 16:00:00,2967.79,3040.95,2960.51,2983.22
2025-07-11 20:00:00,2983.22,3008.90,2935.05,2950.45
2025-07-12 00:00:00,2950.46,3009.55,2936.00,3006.64
2025-07-12 04:00:00,3006.64,3008.76,2921.98,2956.93
2025-07-12 08:00:00,2956.94,2969.96,2929.13,2964.89
2025-07-12 12:00:00,2964.89,2978.00,2940.00,2961.70
2025-07-12 16:00:00,2961.69,2979.00,2956.09,2962.54
2025-07-12 20:00:00,2962.55,2967.08,2902.80,2914.83
2025-07-13 00:00:00,2914.83,2944.86,2909.38,2939.72
2025-07-13 04:00:00,2939.71,2947.00,2913.54,2941.87
2025-07-13 08:00:00,2941.88,2960.00,2934.88,2953.77
2025-07-13 12:00:00,2953.77,2967.89,2948.11,2961.46
2025-07-13 16:00:00,2961.47,2965.00,2943.05,2963.32
2025-07-13 20:00:00,2963.32,3019.52,2957.87,2990.98
2025-07-14 00:00:00,2990.98,3009.78,2960.58,2987.92
2025-07-14 04:00:00,2987.93,2997.48,2930.00,2970.37
2025-07-14 08:00:00,2970.37,3051.91,2961.44,3036.37
2025-07-14 12:00:00,3036.37,3066.00,3015.88,3043.65
2025-07-14 16:00:00,3043.65,3083.00,3022.22,3051.10
2025-07-14 20:00:00,3051.10,3067.61,2990.69,3011.00
2025-07-15 00:00:00,3011.00,3029.00,2981.00,2999.12
2025-07-15 04:00:00,2999.11,3017.75,2980.00,3012.26
2025-07-15 08:00:00,3012.26,3022.50,2930.99,2950.90
2025-07-15 12:00:00,2950.90,2994.34,2933.22,2976.35
2025-07-15 16:00:00,2976.36,2988.40,2958.00,2980.17
2025-07-15 20:00:00,2980.16,3066.60,2965.78,3039.00
2025-07-16 00:00:00,3038.99,3098.00,3033.03,3040.87
2025-07-16 04:00:00,3040.86,3144.48,3029.37,3137.62
2025-07-16 08:00:00,3137.62,3153.84,3102.58,3115.08
2025-07-16 12:00:00,3115.07,3174.00,3099.60,3160.55
2025-07-16 16:00:00,3160.55,3172.96,3143.00,3149.90
2025-07-16 20:00:00,3149.90,3265.88,3146.26,3243.40
2025-07-17 00:00:00,3243.41,3384.90,3233.58,3382.52
2025-07-17 04:00:00,3382.50,3423.47,3342.24,3370.55
2025-07-17 08:00:00,3370.54,3398.56,3311.00,3330.04
2025-07-17 12:00:00,3330.03,3472.20,3320.03,3448.37
2025-07-17 16:00:00,3448.37,3482.62,3425.57,3434.69
2025-07-17 20:00:00,3434.68,3441.21,3362.00,3420.07
2025-07-18 00:00:00,3420.06,3454.00,3365.01,3410.77
2025-07-18 04:00:00,3410.77,3524.00,3370.66,3476.65
2025-07-18 08:00:00,3476.66,3628.99,3458.00,3596.83
2025-07-18 12:00:00,3596.82,3674.43,3576.00,3607.10
2025-07-18 16:00:00,3607.11,3631.00,3584.00,3612.00
2025-07-18 20:00:00,3612.01,3673.72,3530.55,3564.70
2025-07-19 00:00:00,3564.70,3624.71,3536.23,3551.21
2025-07-19 04:00:00,3551.21,3578.00,3476.10,3546.36
2025-07-19 08:00:00,3546.36,3598.00,3505.00,3591.74
2025-07-19 12:00:00,3591.74,3608.00,3566.00,3570.54
2025-07-19 16:00:00,3570.54,3577.77,3536.78,3551.90
2025-07-19 20:00:00,3551.89,3572.00,3525.72,3551.36
2025-07-20 00:00:00,3551.36,3582.60,3531.53,3577.13
2025-07-20 04:00:00,3577.13,3598.00,3536.08,3591.31
2025-07-20 08:00:00,3591.32,3695.00,3578.05,3657.11
2025-07-20 12:00:00,3657.12,3689.00,3632.05,3667.38
2025-07-20 16:00:00,3667.37,3770.00,3667.37,3755.70
2025-07-20 20:00:00,3755.70,3790.00,3724.00,3785.39
2025-07-21 00:00:00,3785.39,3826.00,3729.57,3748.85
2025-07-21 04:00:00,3748.85,3771.75,3680.00,3755.67
2025-07-21 08:00:00,3755.68,3765.86,3700.19,3756.86
2025-07-21 12:00:00,3756.86,3812.00,3745.96,3786.97
2025-07-21 16:00:00,3786.96,3838.00,3755.06,3808.80
2025-07-21 20:00:00,3808.88,3857.82,3773.63,3808.90
2025-07-22 00:00:00,3808.89,3815.86,3718.00,3734.90
2025-07-22 04:00:00,3734.90,3778.81,3716.35,3760.96
2025-07-22 08:00:00,3760.95,3798.58,3693.22,3730.38
2025-07-22 12:00:00,3730.38,3733.28,3651.00,3676.44
2025-07-22 16:00:00,3676.44,3719.38,3616.53,3704.39
2025-07-22 20:00:00,3704.40,3728.97,3626.00,3717.74
2025-07-23 00:00:00,3717.74,3750.00,3654.54,3668.91
2025-07-23 04:00:00,3668.90,3751.61,3660.84,3746.01
2025-07-23 08:00:00,3746.02,3764.08,3712.00,3728.00
2025-07-23 12:00:00,3728.00,3737.20,3663.00,3672.27
2025-07-23 16:00:00,3672.27,3698.49,3638.77,3670.91
2025-07-23 20:00:00,3670.90,3680.03,3580.00,3643.55
2025-07-24 00:00:00,3643.55,3643.55,3553.00,3587.06
2025-07-24 04:00:00,3587.06,3634.98,3526.50,3627.49
2025-07-24 08:00:00,3627.50,3664.87,3610.78,3640.31
2025-07-24 12:00:00,3640.31,3657.25,3505.00,3589.94
2025-07-24 16:00:00,3589.94,3660.00,3579.12,3654.32
2025-07-24 20:00:00,3654.33,3772.63,3611.11,3730.46
2025-07-25 00:00:00,3730.47,3753.65,3665.80,3730.81
2025-07-25 04:00:00,3730.80,3741.95,3693.71,3706.20
2025-07-25 08:00:00,3706.22,3707.46,3570.13,3594.25
2025-07-25 12:00:00,3594.25,3666.81,3576.84,3630.68
2025-07-25 16:00:00,3630.68,3746.42,3627.41,3720.00
2025-07-25 20:00:00,3720.01,3734.43,3600.00,3631.91
2025-07-26 00:00:00,3631.91,3658.50,3615.11,3639.56
2025-07-26 04:00:00,3639.55,3729.53,3637.42,3724.17
2025-07-26 08:00:00,3724.18,3766.83,3694.56,3738.01
2025-07-26 12:00:00,3738.00,3756.40,3729.32,3741.03
2025-07-26 16:00:00,3741.04,3783.62,3725.00,3738.44
2025-07-26 20:00:00,3738.43,3753.00,3714.14,3734.51
2025-07-27 00:00:00,3734.52,3756.38,3705.92,3749.33
2025-07-27 04:00:00,3749.32,3795.20,3731.11,3740.00
2025-07-27 08:00:00,3740.00,3787.22,3728.36,3772.92
2025-07-27 12:00:00,3772.91,3810.28,3761.01,3766.50
2025-07-27 16:00:00,3766.50,3840.00,3747.32,3814.16
2025-07-27 20:00:00,3814.17,3836.00,3790.61,3817.66
2025-07-28 00:00:00,3817.67,3868.97,3807.83,3827.35
2025-07-28 04:00:00,3827.35,3878.53,3814.49,3871.47
2025-07-28 08:00:00,3871.48,3907.88,3841.69,3878.47
2025-07-28 12:00:00,3878.46,3940.81,3867.00,3892.01
2025-07-28 16:00:00,3892.00,3903.20,3856.61,3878.59
2025-07-28 20:00:00,3878.59,3888.80,3770.01,3806.09
2025-07-29 00:00:00,3806.09,3821.00,3751.03,3796.02
2025-07-29 04:00:00,3796.01,3802.92,3763.47,3796.00
2025-07-29 08:00:00,3795.99,3819.99,3727.21,3790.46
2025-07-29 12:00:00,3790.46,3879.57,3773.86,3876.56
2025-07-29 16:00:00,3876.56,3885.43,3810.15,3824.65
2025-07-29 20:00:00,3824.64,3874.97,3745.01,3759.52
2025-07-30 00:00:00,3759.52,3795.00,3712.24,3763.78
2025-07-30 04:00:00,3763.78,3799.78,3740.00,3791.55
2025-07-30 08:00:00,3791.55,3827.99,3753.69,3815.62
2025-07-30 12:00:00,3815.62,3832.61,3785.10,3809.13
2025-07-30 16:00:00,3809.12,3824.26,3742.00,3756.61
2025-07-30 20:00:00,3756.61,3830.94,3747.47,3795.76
2025-07-31 00:00:00,3795.77,3821.36,3670.00,3758.70
2025-07-31 04:00:00,3758.69,3811.13,3739.62,3808.67
2025-07-31 08:00:00,3808.67,3867.00,3799.78,3861.97
2025-07-31 12:00:00,3861.97,3878.00,3853.18,3862.16
2025-07-31 16:00:00,3862.15,3872.98,3824.05,3836.87
2025-07-31 20:00:00,3836.87,3844.01,3760.16,3786.01
2025-08-01 00:00:00,3786.01,3816.99,3733.00,3736.19
2025-08-01 04:00:00,3736.20,3757.15,3682.23,3696.58
2025-08-01 08:00:00,3696.57,3722.90,3613.67,3703.49
2025-08-01 12:00:00,3703.49,3703.49,3622.22,3648.67
2025-08-01 16:00:00,3648.66,3648.66,3583.44,3641.04
2025-08-01 20:00:00,3641.04,3674.84,3562.05,3614.49
2025-08-02 00:00:00,3614.50,3632.74,3514.00,3517.57
2025-08-02 04:00:00,3517.57,3551.89,3428.86,3486.42
2025-08-02 08:00:00,3486.41,3531.27,3476.57,3527.15
2025-08-02 12:00:00,3527.15,3536.48,3453.14,3517.68
2025-08-02 16:00:00,3517.67,3523.00,3472.01,3506.93
2025-08-02 20:00:00,3506.93,3516.48,3449.42,3457.50
2025-08-03 00:00:00,3457.50,3479.60,3371.13,3381.35
2025-08-03 04:00:00,3381.34,3442.49,3366.50,3392.42
2025-08-03 08:00:00,3392.42,3450.84,3353.51,3441.97
2025-08-03 12:00:00,3441.98,3458.67,3432.10,3454.23
2025-08-03 16:00:00,3454.23,3514.00,3451.82,3483.40
2025-08-03 20:00:00,3483.41,3502.68,3452.79,3474.65
2025-08-04 00:00:00,3474.66,3513.64,3465.97,3495.32
2025-08-04 04:00:00,3495.33,3520.97,3481.58,3495.00
2025-08-04 08:00:00,3495.01,3575.00,3489.28,3555.00
2025-08-04 12:00:00,3555.00,3564.43,3518.36,3550.66
2025-08-04 16:00:00,3550.67,3573.63,3539.79,3554.00
2025-08-04 20:00:00,3554.01,3663.88,3549.16,3646.59
2025-08-05 00:00:00,3646.60,3716.93,3646.41,3668.14
2025-08-05 04:00:00,3668.14,3735.00,3658.90,3719.42
2025-08-05 08:00:00,3719.41,3720.10,3646.72,3650.40
2025-08-05 12:00:00,3650.40,3678.35,3598.74,3611.76
2025-08-05 16:00:00,3611.76,3692.30,3606.65,3672.58
2025-08-05 20:00:00,3672.58,3678.89,3555.00,3568.46
2025-08-06 00:00:00,3568.46,3611.00,3558.00,3570.18
2025-08-06 04:00:00,3570.18,3623.98,3542.58,3610.19
2025-08-06 08:00:00,3610.19,3612.48,3562.34,3582.02
2025-08-06 12:00:00,3582.03,3661.40,3568.00,3638.40
2025-08-06 16:00:00,3638.39,3644.00,3608.00,3618.16
2025-08-06 20:00:00,3618.15,3668.00,3571.05,3662.65
2025-08-07 00:00:00,3662.66,3697.39,3636.78,3682.13
2025-08-07 04:00:00,3682.13,3684.92,3648.19,3681.21
2025-08-07 08:00:00,3681.21,3716.38,3645.78,3655.06
2025-08-07 12:00:00,3655.06,3710.00,3653.45,3701.00
2025-08-07 16:00:00,3701.00,3841.45,3700.88,3825.66
2025-08-07 20:00:00,3825.67,3864.54,3802.57,3835.15
2025-08-08 00:00:00,3835.15,3875.00,3777.14,3865.48
2025-08-08 04:00:00,3865.47,3926.38,3849.00,3908.40
2025-08-08 08:00:00,3908.40,3968.81,3876.70,3938.05
2025-08-08 12:00:00,3938.05,3938.40,3892.96,3914.88
2025-08-08 16:00:00,3914.87,3926.89,3883.11,3916.29
2025-08-08 20:00:00,3916.28,4011.09,3890.06,3953.00
2025-08-09 00:00:00,3953.00,4066.00,3949.41,4059.99
2025-08-09 04:00:00,4060.00,4070.00,4005.52,4009.05
2025-08-09 08:00:00,4009.04,4050.91,4005.02,4049.33
2025-08-09 12:00:00,4049.34,4220.00,4043.26,4169.70
2025-08-09 16:00:00,4169.71,4248.87,4164.38,4189.39
2025-08-09 20:00:00,4189.39,4225.50,4152.57,4207.51
2025-08-10 00:00:00,4207.52,4271.10,4191.00,4256.64
2025-08-10 04:00:00,4256.64,4325.24,4238.74,4259.10
2025-08-10 08:00:00,4259.11,4331.99,4205.00,4241.14
2025-08-10 12:00:00,4241.14,4263.35,4175.51,4184.36
2025-08-10 16:00:00,4184.36,4232.00,4161.02,4179.11
2025-08-10 20:00:00,4179.11,4237.87,4160.00,4216.12
2025-08-11 00:00:00,4216.11,4257.96,4212.75,4247.20
2025-08-11 04:00:00,4247.20,4252.82,4184.05,4248.77
2025-08-11 08:00:00,4248.77,4346.00,4236.36,4307.77
2025-08-11 12:00:00,4307.78,4349.67,4263.92,4272.93
2025-08-11 16:00:00,4272.93,4284.30,4168.03,4183.51
2025-08-11 20:00:00,4183.51,4331.50,4164.23,4328.88
2025-08-12 00:00:00,4328.88,4370.00,4232.00,4257.53
2025-08-12 04:00:00,4257.53,4257.53,4185.60,4221.31
2025-08-12 08:00:00,4221.31,4309.82,4216.61,4284.20
2025-08-12 12:00:00,4284.20,4320.63,4266.00,4314.23
2025-08-12 16:00:00,4314.23,4332.74,4255.56,4289.35
2025-08-12 20:00:00,4289.35,4482.30,4276.10,4470.98
2025-08-13 00:00:00,4470.98,4519.00,4438.00,4515.17
2025-08-13 04:00:00,4515.18,4640.00,4501.45,4589.31
2025-08-13 08:00:00,4589.31,4656.62,4562.59,4645.39
2025-08-13 12:00:00,4645.40,4682.00,4605.90,4624.29
2025-08-13 16:00:00,4624.29,4716.00,4607.00,4689.37
2025-08-13 20:00:00,4689.38,4736.76,4613.11,4664.79
2025-08-14 00:00:00,4664.79,4752.54,4660.82,4738.72
2025-08-14 04:00:00,4738.73,4783.62,4694.55,4748.37
2025-08-14 08:00:00,4748.36,4781.60,4706.00,4774.86
2025-08-14 12:00:00,4774.85,4794.00,4717.00,4748.99
2025-08-14 16:00:00,4748.99,4767.00,4669.00,4719.00
2025-08-14 20:00:00,4718.99,4736.99,4455.00,4617.61
2025-08-15 00:00:00,4617.61,4623.22,4478.80,4536.06
2025-08-15 04:00:00,4536.07,4570.79,4451.00,4545.26
2025-08-15 08:00:00,4545.26,4647.99,4535.27,4632.63
2025-08-15 12:00:00,4632.63,4661.63,4603.45,4639.46
2025-08-15 16:00:00,4639.46,4666.00,4610.65,4632.40
2025-08-15 20:00:00,4632.41,4670.23,4392.53,4428.72
2025-08-16 00:00:00,4428.72,4463.09,4371.00,4381.05
2025-08-16 04:00:00,4381.05,4489.30,4364.00,4437.16
2025-08-16 08:00:00,4437.15,4488.33,4422.16,4430.97
2025-08-16 12:00:00,4430.97,4462.24,4407.00,4449.48
2025-08-16 16:00:00,4449.48,4457.44,4370.00,4385.89
2025-08-16 20:00:00,4385.90,4426.74,4373.00,4398.00
2025-08-17 00:00:00,4398.00,4440.00,4388.00,4416.30
2025-08-17 04:00:00,4416.30,4436.24,4400.00,4420.22
2025-08-17 08:00:00,4420.22,4456.72,4392.45,4450.43
2025-08-17 12:00:00,4450.44,4488.82,4441.41,4465.00
2025-08-17 16:00:00,4464.99,4574.95,4456.63,4549.58
2025-08-17 20:00:00,4549.59,4563.66,4516.00,4559.58
2025-08-18 00:00:00,4559.58,4564.59,4417.17,4457.55
2025-08-18 04:00:00,4457.55,4532.15,4454.44,4470.66
2025-08-18 08:00:00,4470.66,4480.00,4277.00,4318.43
2025-08-18 12:00:00,4318.43,4346.00,4228.00,4255.03
2025-08-18 16:00:00,4255.03,4322.00,4224.10,4272.91
2025-08-18 20:00:00,4272.90,4368.01,4269.14,4343.22
2025-08-19 00:00:00,4343.23,4383.67,4297.59,4353.36
2025-08-19 04:00:00,4353.37,4386.21,4302.36,4311.73
2025-08-19 08:00:00,4311.72,4354.22,4210.71,4217.43
2025-08-19 12:00:00,4217.43,4248.93,4192.01,4232.61
2025-08-19 16:00:00,4232.61,4315.71,4216.31,4307.30
2025-08-19 20:00:00,4307.29,4340.00,4167.00,4190.32
2025-08-20 00:00:00,4190.33,4205.29,4112.36,4141.29
2025-08-20 04:00:00,4141.28,4164.03,4064.96,4073.94
2025-08-20 08:00:00,4073.93,4156.29,4060.00,4139.00
2025-08-20 12:00:00,4138.99,4209.83,4137.30,4183.66
2025-08-20 16:00:00,4183.66,4240.00,4146.24,4193.49
2025-08-20 20:00:00,4193.48,4306.55,4104.33,4253.47
2025-08-21 00:00:00,4253.46,4363.00,4252.72,4344.33
2025-08-21 04:00:00,4344.32,4376.13,4318.82,4334.50
2025-08-21 08:00:00,4334.50,4338.94,4275.64,4293.49
2025-08-21 12:00:00,4293.48,4319.71,4268.33,4309.16
2025-08-21 16:00:00,4309.16,4313.53,4254.35,4277.01
2025-08-21 20:00:00,4277.00,4327.46,4224.50,4240.91
2025-08-22 00:00:00,4240.91,4273.17,4206.00,4222.03
2025-08-22 04:00:00,4222.02,4260.00,4202.00,4223.70
2025-08-22 08:00:00,4223.69,4313.51,4220.08,4276.98
2025-08-22 12:00:00,4276.98,4344.00,4270.37,4325.99
2025-08-22 16:00:00,4326.00,4352.97,4271.10,4272.72
2025-08-22 20:00:00,4272.71,4666.00,4206.00,4613.93
2025-08-23 00:00:00,4613.93,4858.00,4613.93,4832.06
2025-08-23 04:00:00,4832.06,4888.49,4795.32,4830.37
2025-08-23 08:00:00,4830.36,4830.37,4662.25,4694.47
2025-08-23 12:00:00,4694.46,4765.05,4693.62,4712.85
2025-08-23 16:00:00,4712.86,4744.97,4688.95,4703.60
2025-08-23 20:00:00,4703.61,4769.00,4691.36,4749.17
2025-08-24 00:00:00,4749.17,4760.45,4725.31,4756.75
2025-08-24 04:00:00,4756.76,4797.24,4736.00,4777.26
2025-08-24 08:00:00,4777.25,4816.55,4752.13,4787.76
2025-08-24 12:00:00,4787.76,4799.53,4755.40,4757.66
2025-08-24 16:00:00,4757.66,4785.71,4717.68,4745.95
2025-08-24 20:00:00,4745.95,4829.66,4736.85,4796.28
2025-08-25 00:00:00,4796.28,4957.67,4740.72,4811.25
2025-08-25 04:00:00,4811.25,4823.00,4702.47,4778.32
2025-08-25 08:00:00,4778.33,4796.80,4667.24,4725.46
2025-08-25 12:00:00,4725.46,4737.74,4580.82,4589.60
2025-08-25 16:00:00,4589.60,4613.64,4518.00,4598.00
2025-08-25 20:00:00,4597.99,4683.26,4583.27,4610.31
2025-08-26 00:00:00,4610.31,4644.71,4413.03,4418.75
2025-08-26 04:00:00,4418.77,4444.20,4331.15,4374.25
2025-08-26 08:00:00,4374.25,4449.55,4310.00,4400.50
2025-08-26 12:00:00,4400.52,4453.78,4391.61,4427.16
2025-08-26 16:00:00,4427.15,4465.00,4403.00,4425.57
2025-08-26 20:00:00,4425.57,4576.31,4403.01,4516.17
2025-08-27 00:00:00,4516.16,4595.73,4494.19,4593.84
2025-08-27 04:00:00,4593.82,4632.92,4559.50,4598.49
2025-08-27 08:00:00,4598.50,4625.00,4538.00,4601.07
2025-08-27 12:00:00,4601.08,4643.93,4557.06,4578.59
2025-08-27 16:00:00,4578.59,4618.76,4553.00,4606.37
2025-08-27 20:00:00,4606.37,4662.50,4572.90,4655.31
2025-08-28 00:00:00,4655.31,4655.92,4530.01,4563.23
2025-08-28 04:00:00,4563.23,4612.85,4479.01,4504.84
2025-08-28 08:00:00,4504.86,4547.11,4465.00,4539.38
2025-08-28 12:00:00,4539.39,4600.00,4532.28,4594.81
2025-08-28 16:00:00,4594.81,4633.12,4580.00,4592.72
2025-08-28 20:00:00,4592.72,4612.93,4482.01,4502.04
2025-08-29 00:00:00,4502.04,4528.77,4432.50,4436.18
2025-08-29 04:00:00,4436.18,4513.71,4425.00,4509.10
2025-08-29 08:00:00,4509.10,4514.66,4432.09,4487.57
2025-08-29 12:00:00,4487.56,4495.70,4365.10,4379.03
2025-08-29 16:00:00,4379.03,4396.55,4316.20,4344.43
2025-08-29 20:00:00,4344.43,4456.24,4264.29,4313.87
2025-08-30 00:00:00,4313.88,4365.27,4293.60,4338.78
2025-08-30 04:00:00,4338.79,4378.50,4302.90,4358.65
2025-08-30 08:00:00,4358.65,4381.97,4254.97,4350.85
2025-08-30 12:00:00,4350.86,4414.45,4345.07,4399.80
2025-08-30 16:00:00,4399.80,4406.03,4376.24,4389.93
2025-08-30 20:00:00,4389.93,4391.87,4329.45,4373.71
2025-08-31 00:00:00,4373.71,4373.71,4333.00,4352.33
2025-08-31 04:00:00,4352.32,4376.60,4332.00,4372.00
2025-08-31 08:00:00,4372.00,4488.36,4370.33,4485.72
2025-08-31 12:00:00,4485.75,4489.85,4431.08,4448.77
2025-08-31 16:00:00,4448.77,4482.46,4438.00,4474.53
2025-08-31 20:00:00,4474.54,4498.00,4448.00,4482.47
2025-09-01 00:00:00,4482.48,4489.00,4451.42,4453.25
2025-09-01 04:00:00,4453.24,4475.91,4374.66,4389.58
2025-09-01 08:00:00,4389.58,4429.91,4356.61,4401.34
2025-09-01 12:00:00,4401.35,4462.47,4356.79,4461.11
2025-09-01 16:00:00,4461.10,4490.00,4380.01,4390.87
2025-09-01 20:00:00,4390.88,4422.17,4342.03,4359.69
2025-09-02 00:00:00,4359.68,4369.78,4307.25,4366.18
2025-09-02 04:00:00,4366.17,4366.56,4205.49,4313.00
2025-09-02 08:00:00,4313.00,4393.96,4289.12,4365.22
2025-09-02 12:00:00,4365.23,4414.73,4358.97,4375.44
2025-09-02 16:00:00,4375.44,4407.06,4339.31,4346.05
2025-09-02 20:00:00,4346.05,4395.20,4268.87,4293.12
2025-09-03 00:00:00,4293.12,4329.96,4254.33,4272.47
2025-09-03 04:00:00,4272.47,4336.08,4264.03,4324.59
2025-09-03 08:00:00,4324.58,4354.00,4281.00,4332.55
2025-09-03 12:00:00,4332.55,4340.90,4285.00,4307.83
2025-09-03 16:00:00,4307.84,4383.93,4300.31,4369.58
2025-09-03 20:00:00,4369.58,4484.26,4339.56,4477.00
2025-09-04 00:00:00,4476.99,4488.36,4452.08,4472.82
2025-09-04 04:00:00,4472.83,4480.00,4437.10,4448.22
2025-09-04 08:00:00,4448.22,4480.99,4386.72,4396.12
2025-09-04 12:00:00,4396.12,4413.22,4353.36,4368.80
2025-09-04 16:00:00,4368.80,4432.00,4362.13,4404.40
2025-09-04 20:00:00,4404.40,4426.86,4291.00,4302.61
2025-09-05 00:00:00,4302.62,4320.99,4263.00,4273.83
2025-09-05 04:00:00,4273.83,4351.23,4270.41,4295.68
2025-09-05 08:00:00,4295.68,4333.43,4287.16,4326.50
2025-09-05 12:00:00,4326.51,4426.77,4314.05,4415.00
2025-09-05 16:00:00,4415.00,4425.00,4370.50,4415.57
2025-09-05 20:00:00,4415.56,4494.45,4252.47,4280.44
2025-09-06 00:00:00,4280.45,4329.53,4270.00,4328.97
2025-09-06 04:00:00,4328.96,4340.88,4285.00,4305.71
2025-09-06 08:00:00,4305.71,4327.00,4300.67,4318.36
2025-09-06 12:00:00,4318.36,4318.36,4288.40,4310.35
2025-09-06 16:00:00,4310.35,4313.36,4283.55,4298.08
2025-09-06 20:00:00,4298.08,4307.10,4260.11,4267.68
2025-09-07 00:00:00,4267.69,4304.00,4220.00,4253.95
2025-09-07 04:00:00,4253.95,4286.57,4251.50,4271.69
2025-09-07 08:00:00,4271.68,4302.51,4269.00,4295.07
2025-09-07 12:00:00,4295.08,4305.88,4276.78,4293.00
2025-09-07 16:00:00,4293.00,4313.99,4290.00,4308.76
2025-09-07 20:00:00,4308.77,4309.89,4286.52,4297.16
2025-09-08 00:00:00,4297.17,4299.72,4267.44,4291.32
2025-09-08 04:00:00,4291.31,4336.05,4279.02,4303.84
2025-09-08 08:00:00,4303.83,4329.50,4276.21,4310.00
2025-09-08 12:00:00,4310.00,4312.37,4284.77,4289.82
2025-09-08 16:00:00,4289.82,4336.82,4285.78,4310.47
2025-09-08 20:00:00,4310.46,4382.75,4303.61,4369.82
2025-09-09 00:00:00,4369.82,4371.88,4282.00,4291.27
2025-09-09 04:00:00,4291.28,4331.00,4280.22,4303.98
2025-09-09 08:00:00,4303.97,4313.91,4275.00,4304.98
2025-09-09 12:00:00,4304.99,4380.77,4300.03,4360.43
2025-09-09 16:00:00,4360.42,4366.33,4340.00,4345.83
2025-09-09 20:00:00,4345.83,4366.43,4275.00,4282.64
2025-09-10 00:00:00,4282.64,4297.99,4276.00,4292.55
2025-09-10 04:00:00,4292.55,4318.71,4279.00,4308.40
2025-09-10 08:00:00,4308.41,4325.53,4283.00,4318.84
2025-09-10 12:00:00,4318.83,4332.25,4292.66,4327.66
2025-09-10 16:00:00,4327.67,4333.01,4305.57,4329.58
2025-09-10 20:00:00,4329.58,4453.56,4328.00,4403.50
2025-09-11 00:00:00,4403.49,4407.35,4297.01,4320.26
2025-09-11 04:00:00,4320.26,4354.69,4318.33,4347.83
2025-09-11 08:00:00,4347.83,4407.00,4336.80,4402.00
2025-09-11 12:00:00,4402.01,4450.27,4393.66,4439.00
2025-09-11 16:00:00,4439.00,4441.67,4404.77,4428.06
2025-09-11 20:00:00,4428.06,4483.44,4328.88,4410.41
2025-09-12 00:00:00,4410.40,4440.00,4405.00,4422.31
2025-09-12 04:00:00,4422.36,4467.85,4413.16,4456.86
2025-09-12 08:00:00,4456.87,4538.60,4448.35,4503.61
2025-09-12 12:00:00,4503.61,4562.00,4498.08,4524.39
2025-09-12 16:00:00,4524.39,4534.76,4502.30,4519.32
2025-09-12 20:00:00,4519.32,4570.00,4501.66,4540.16
2025-09-13 00:00:00,4540.15,4658.80,4531.76,4656.00
2025-09-13 04:00:00,4656.00,4750.00,4628.05,4710.83
2025-09-13 08:00:00,4710.82,4768.00,4690.40,4754.75
2025-09-13 12:00:00,4754.76,4755.20,4699.03,4709.69
2025-09-13 16:00:00,4709.70,4738.33,4706.70,4717.86
2025-09-13 20:00:00,4717.86,4729.48,4635.00,4651.44
2025-09-14 00:00:00,4651.44,4665.02,4603.00,4635.85
2025-09-14 04:00:00,4635.84,4670.94,4634.87,4664.74
2025-09-14 08:00:00,4664.74,4691.30,4648.33,4661.00
2025-09-14 12:00:00,4661.01,4679.99,4630.82,4648.81
2025-09-14 16:00:00,4648.81,4672.61,4623.96,4632.87
2025-09-14 20:00:00,4632.88,4642.94,4575.00,4580.22
2025-09-15 00:00:00,4580.22,4628.00,4577.50,4613.96
2025-09-15 04:00:00,4613.95,4635.00,4596.32,4602.00
2025-09-15 08:00:00,4602.00,4641.81,4578.01,4634.46
2025-09-15 12:00:00,4634.46,4668.00,4585.16,4594.94
2025-09-15 16:00:00,4594.94,4594.94,4495.72,4528.25
2025-09-15 20:00:00,4528.25,4540.14,4463.00,4497.46
2025-09-16 00:00:00,4497.46,4512.32,4472.49,4491.80
2025-09-16 04:00:00,4491.79,4528.00,4486.04,4521.54
2025-09-16 08:00:00,4521.54,4536.31,4502.40,4518.97
2025-09-16 12:00:00,4518.97,4534.87,4485.02,4510.65
2025-09-16 16:00:00,4510.64,4529.90,4491.00,4499.39
2025-09-16 20:00:00,4499.40,4510.81,4421.01,4465.74
2025-09-17 00:00:00,4465.73,4508.77,4444.49,4488.96
2025-09-17 04:00:00,4488.96,4523.19,4481.01,4499.41
2025-09-17 08:00:00,4499.41,4551.49,4490.50,4495.23
2025-09-17 12:00:00,4495.23,4554.09,4461.38,4542.33
2025-09-17 16:00:00,4542.33,4543.98,4477.00,4489.22
2025-09-17 20:00:00,4489.23,4512.17,4465.00,4487.65
2025-09-18 00:00:00,4487.64,4532.16,4404.08,4515.15
2025-09-18 04:00:00,4515.14,4615.26,4483.92,4588.30
2025-09-18 08:00:00,4588.31,4642.60,4577.69,4612.01
2025-09-18 12:00:00,4612.00,4618.00,4551.75,4573.10
2025-09-18 16:00:00,4573.11,4606.49,4566.05,4573.99
2025-09-18 20:00:00,4573.99,4623.00,4555.17,4597.15
2025-09-19 00:00:00,4597.14,4634.84,4578.00,4586.53
2025-09-19 04:00:00,4586.54,4603.90,4568.40,4585.31
2025-09-19 08:00:00,4585.32,4619.50,4539.13,4547.46
2025-09-19 12:00:00,4547.45,4557.06,4515.65,4536.56
2025-09-19 16:00:00,4536.55,4546.78,4505.23,4511.46
2025-09-19 20:00:00,4511.46,4542.00,4442.30,4472.29
2025-09-20 00:00:00,4472.29,4486.78,4433.00,4438.89
2025-09-20 04:00:00,4438.90,4476.26,4436.21,4466.49
2025-09-20 08:00:00,4466.48,4474.00,4451.62,4463.60
2025-09-20 12:00:00,4463.60,4484.59,4461.00,4480.72
2025-09-20 16:00:00,4480.72,4480.72,4453.21,4468.00
2025-09-20 20:00:00,4467.99,4505.45,4461.50,4496.37
2025-09-21 00:00:00,4496.36,4506.75,4467.27,4477.86
2025-09-21 04:00:00,4477.86,4499.73,4475.89,4478.27
2025-09-21 08:00:00,4478.26,4487.68,4454.29,4476.11
2025-09-21 12:00:00,4476.12,4491.39,4464.34,4475.85
2025-09-21 16:00:00,4475.85,4477.76,4440.07,4458.26
2025-09-21 20:00:00,4458.25,4484.79,4458.01,4480.63
2025-09-22 00:00:00,4480.62,4497.01,4462.06,4492.21
2025-09-22 04:00:00,4492.21,4492.92,4440.01,4443.01
2025-09-22 08:00:00,4443.00,4454.01,4254.29,4303.62
2025-09-22 12:00:00,4303.61,4308.77,4000.88,4191.45
2025-09-22 16:00:00,4191.46,4205.82,4135.00,4179.53
2025-09-22 20:00:00,4179.54,4217.49,4156.00,4165.82
2025-09-23 00:00:00,4165.83,4181.17,4119.16,4133.39
2025-09-23 04:00:00,4133.39,4207.33,4132.27,4196.86
2025-09-23 08:00:00,4196.87,4209.99,4112.43,4186.49
2025-09-23 12:00:00,4186.49,4215.00,4152.25,4203.23
2025-09-23 16:00:00,4203.24,4230.06,4175.44,4189.68
2025-09-23 20:00:00,4189.69,4209.73,4158.21,4178.80
2025-09-24 00:00:00,4178.80,4205.96,4135.32,4151.37
2025-09-24 04:00:00,4151.36,4189.49,4137.08,4162.25
2025-09-24 08:00:00,4162.25,4193.00,4125.12,4145.40
2025-09-24 12:00:00,4145.41,4182.72,4070.00,4173.43
2025-09-24 16:00:00,4173.43,4197.06,4162.00,4179.96
2025-09-24 20:00:00,4179.96,4204.99,4145.00,4163.82
2025-09-25 00:00:00,4163.82,4192.00,4152.22,4158.95
2025-09-25 04:00:00,4158.95,4169.60,4126.01,4150.51
2025-09-25 08:00:00,4150.51,4158.95,4020.00,4059.76
2025-09-25 12:00:00,4059.76,4069.20,3961.00,4006.94
2025-09-25 16:00:00,4006.94,4052.05,3988.35,4000.93
2025-09-25 20:00:00,4000.93,4021.75,3911.39,4001.00
2025-09-26 00:00:00,4001.00,4004.77,3822.00,3910.36
2025-09-26 04:00:00,3910.36,3936.00,3848.00,3873.10
2025-09-26 08:00:00,3873.10,3970.00,3866.00,3964.00
2025-09-26 12:00:00,3963.99,3975.99,3905.13,3936.60
2025-09-26 16:00:00,3936.61,3943.31,3871.00,3903.90
2025-09-26 20:00:00,3903.89,3985.00,3873.41,3944.42
2025-09-27 00:00:00,3944.41,4066.39,3941.00,4021.40
2025-09-27 04:00:00,4021.40,4038.00,4002.64,4030.17
2025-09-27 08:00:00,4030.17,4031.20,4001.80,4017.20
2025-09-27 12:00:00,4017.21,4026.40,4004.01,4005.99
2025-09-27 16:00:00,4006.00,4017.00,3971.45,4000.86
2025-09-27 20:00:00,4000.87,4038.62,3992.95,4017.20
2025-09-28 00:00:00,4017.21,4018.27,3979.60,4000.66
2025-09-28 04:00:00,4000.66,4031.99,3998.62,4017.01
2025-09-28 08:00:00,4017.01,4030.55,3992.09,4000.58
2025-09-28 12:00:00,4000.57,4018.50,3994.55,4013.00
2025-09-28 16:00:00,4013.01,4014.75,3982.45,3990.72
2025-09-28 20:00:00,3990.73,4027.87,3963.10,4019.91
2025-09-29 00:00:00,4019.92,4054.66,4019.91,4037.43
2025-09-29 04:00:00,4037.44,4143.05,4033.76,4139.55
2025-09-29 08:00:00,4139.54,4143.99,4101.30,4119.68
2025-09-29 12:00:00,4119.67,4122.00,4086.23,4106.60
2025-09-29 16:00:00,4106.60,4138.00,4091.80,4100.88
2025-09-29 20:00:00,4100.88,4202.69,4080.00,4162.72
2025-09-30 00:00:00,4162.71,4192.00,4125.21,4185.94
2025-09-30 04:00:00,4185.94,4234.27,4179.41,4212.98
2025-09-30 08:00:00,4212.99,4246.87,4185.26,4196.16
2025-09-30 12:00:00,4196.17,4206.17,4167.22,4180.99
2025-09-30 16:00:00,4180.99,4182.00,4131.67,4162.78
2025-09-30 20:00:00,4162.78,4174.00,4091.51,4118.09
2025-10-01 00:00:00,4118.09,4170.00,4091.00,4158.48
2025-10-01 04:00:00,4158.48,4199.89,4113.04,4142.75
2025-10-01 08:00:00,4142.75,4172.47,4120.61,4126.84
2025-10-01 12:00:00,4126.84,4155.93,4121.33,4143.99
2025-10-01 16:00:00,4143.98,4329.00,4141.37,4295.88
2025-10-01 20:00:00,4295.88,4343.29,4276.23,4325.01
2025-10-02 00:00:00,4325.01,4338.04,4286.00,4332.24
2025-10-02 04:00:00,4332.23,4356.07,4284.55,4345.85
2025-10-02 08:00:00,4345.85,4397.73,4330.11,4374.99
2025-10-02 12:00:00,4375.00,4422.30,4356.01,4373.65
2025-10-02 16:00:00,4373.65,4394.37,4366.34,4377.24
2025-10-02 20:00:00,4377.24,4441.67,4332.23,4435.49
2025-10-03 00:00:00,4435.50,4516.65,4423.33,4493.06
2025-10-03 04:00:00,4493.07,4495.36,4453.46,4481.70
2025-10-03 08:00:00,4481.70,4559.00,4459.01,4498.96
2025-10-03 12:00:00,4498.97,4509.25,4451.46,4460.84
2025-10-03 16:00:00,4460.84,4493.08,4426.00,4476.20
2025-10-03 20:00:00,4476.20,4540.77,4433.64,4533.20
2025-10-04 00:00:00,4533.20,4590.83,4446.90,4517.65
2025-10-04 04:00:00,4517.66,4541.21,4491.37,4511.11
2025-10-04 08:00:00,4511.12,4515.48,4460.00,4484.48
2025-10-04 12:00:00,4484.48,4515.80,4477.07,4496.23
2025-10-04 16:00:00,4496.24,4502.45,4478.01,4482.43
2025-10-04 20:00:00,4482.42,4509.89,4438.80,4453.13
2025-10-05 00:00:00,4453.14,4475.04,4438.00,4465.39
2025-10-05 04:00:00,4465.40,4492.42,4465.40,4484.79
2025-10-05 08:00:00,4484.79,4575.14,4465.01,4530.11
2025-10-05 12:00:00,4530.10,4614.19,4526.70,4604.91
2025-10-05 16:00:00,4604.91,4618.44,4521.61,4549.08
2025-10-05 20:00:00,4549.09,4549.09,4525.00,4530.61
2025-10-06 00:00:00,4530.60,4539.53,4480.00,4485.33
2025-10-06 04:00:00,4485.32,4522.22,4470.74,4512.34
2025-10-06 08:00:00,4512.35,4551.74,4486.05,4534.90
2025-10-06 12:00:00,4534.90,4576.58,4507.63,4530.98
2025-10-06 16:00:00,4530.99,4593.25,4530.99,4569.54
2025-10-06 20:00:00,4569.54,4692.91,4568.00,4671.24
2025-10-07 00:00:00,4671.24,4732.38,4657.56,4720.86
2025-10-07 04:00:00,4720.85,4734.99,4670.40,4682.43
2025-10-07 08:00:00,4682.42,4697.99,4660.03,4688.73
2025-10-07 12:00:00,4688.74,4730.65,4662.01,4676.83
2025-10-07 16:00:00,4676.84,4712.12,4636.00,4706.44
2025-10-07 20:00:00,4706.44,4754.00,4472.94,4510.30
2025-10-08 00:00:00,4510.30,4522.33,4440.45,4477.54
2025-10-08 04:00:00,4477.55,4514.66,4422.44,4445.76
2025-10-08 08:00:00,4445.77,4497.05,4430.54,4441.83
2025-10-08 12:00:00,4441.82,4464.17,4408.69,4461.08
2025-10-08 16:00:00,4461.08,4505.00,4455.70,4485.21
2025-10-08 20:00:00,4485.20,4522.00,4434.59,4445.11
2025-10-09 00:00:00,4445.10,4556.75,4436.55,4512.64
2025-10-09 04:00:00,4512.65,4537.73,4497.30,4523.67
2025-10-09 08:00:00,4523.66,4529.15,4400.00,4448.81
2025-10-09 12:00:00,4448.80,4458.83,4408.00,4424.43
2025-10-09 16:00:00,4424.42,4425.17,4316.59,4371.00
2025-10-09 20:00:00,4370.99,4411.46,4290.00,4312.81
2025-10-10 00:00:00,4312.81,4343.69,4262.55,4336.39
2025-10-10 04:00:00,4336.38,4381.42,4325.30,4365.83
2025-10-10 08:00:00,4365.83,4392.00,4340.61,4345.01
2025-10-10 12:00:00,4345.01,4376.00,4312.53,4321.06
2025-10-10 16:00:00,4321.05,4349.70,4311.00,4341.42
2025-10-10 20:00:00,4341.42,4388.43,4067.44,4100.48
2025-10-11 00:00:00,4100.49,4136.08,3947.77,3994.99
2025-10-11 04:00:00,3994.99,4022.18,3400.00,3819.99
2025-10-11 08:00:00,3820.00,3874.28,3725.00,3789.56
2025-10-11 12:00:00,3789.55,3831.02,3731.20,3757.27
2025-10-11 16:00:00,3757.27,3856.00,3746.62,3838.68
2025-10-11 20:00:00,3838.67,3853.43,3783.07,3822.58
2025-10-12 00:00:00,3822.58,3845.98,3728.32,3758.00
2025-10-12 04:00:00,3758.00,3764.92,3640.00,3744.99
2025-10-12 08:00:00,3744.99,3819.33,3692.96,3779.99
2025-10-12 12:00:00,3779.99,3842.18,3774.08,3825.25
2025-10-12 16:00:00,3825.26,3866.06,3803.22,3818.14
2025-10-12 20:00:00,3818.13,4077.96,3791.79,4032.38
2025-10-13 00:00:00,4032.37,4175.90,4032.37,4133.11
2025-10-13 04:00:00,4133.12,4200.00,4077.59,4149.99
2025-10-13 08:00:00,4150.00,4219.43,4121.55,4138.63
2025-10-13 12:00:00,4138.63,4196.55,4113.45,4176.29
2025-10-13 16:00:00,4176.28,4193.89,4034.12,4078.36
2025-10-13 20:00:00,4078.35,4179.89,4054.26,4133.44
2025-10-14 00:00:00,4133.45,4269.65,4126.81,4250.00
2025-10-14 04:00:00,4250.00,4293.03,4232.98,4239.70
2025-10-14 08:00:00,4239.70,4262.00,4135.00,4151.29
2025-10-14 12:00:00,4151.29,4158.44,3964.40,3979.28
2025-10-14 16:00:00,3979.29,4013.42,3885.09,3970.13
2025-10-14 20:00:00,3970.13,4087.70,3890.13,4083.25
2025-10-15 00:00:00,4083.25,4163.25,4042.83,4100.67
2025-10-15 04:00:00,4100.68,4142.99,4067.39,4123.05
2025-10-15 08:00:00,4123.06,4144.49,4059.00,4079.71
2025-10-15 12:00:00,4079.70,4128.17,4070.00,4120.00
2025-10-15 16:00:00,4120.00,4216.12,4085.00,4098.55
2025-10-15 20:00:00,4098.55,4106.09,3957.47,3979.23
2025-10-16 00:00:00,3979.23,4011.56,3926.81,3981.28
2025-10-16 04:00:00,3981.27,3994.79,3925.00,3983.81
2025-10-16 08:00:00,3983.80,4035.00,3973.76,4012.92
2025-10-16 12:00:00,4012.93,4050.00,3976.96,4002.48
2025-10-16 16:00:00,4002.51,4077.54,3937.30,4060.50
2025-10-16 20:00:00,4060.51,4089.34,3890.00,3905.04
2025-10-17 00:00:00,3905.03,3966.29,3850.00,3865.97
2025-10-17 04:00:00,3865.97,3896.25,3822.50,3892.02
2025-10-17 08:00:00,3892.02,3948.06,3886.15,3931.44
2025-10-17 12:00:00,3931.45,3934.73,3751.00,3754.79
2025-10-17 16:00:00,3754.78,3817.40,3671.00,3776.30
2025-10-17 20:00:00,3776.29,3809.66,3712.51,3796.02
2025-10-18 00:00:00,3796.03,3849.01,3777.00,3826.16
2025-10-18 04:00:00,3826.15,3882.00,3816.00,3829.99
2025-10-18 08:00:00,3830.00,3880.63,3817.21,3869.00
2025-10-18 12:00:00,3868.99,3926.00,3838.81,3890.47
2025-10-18 16:00:00,3890.46,3903.80,3860.15,3880.78
2025-10-18 20:00:00,3880.78,3892.50,3846.11,3875.99
2025-10-19 00:00:00,3876.00,3898.00,3851.95,3891.60
2025-10-19 04:00:00,3891.61,3907.92,3867.32,3887.01
2025-10-19 08:00:00,3887.01,3905.73,3853.53,3904.70
2025-10-19 12:00:00,3904.70,3919.48,3871.50,3886.70
2025-10-19 16:00:00,3886.70,3960.00,3810.00,3922.20
2025-10-19 20:00:00,3922.21,4001.00,3906.76,3977.55
2025-10-20 00:00:00,3977.54,4026.31,3957.00,3984.63
2025-10-20 04:00:00,3984.63,4030.00,3967.00,3980.59
2025-10-20 08:00:00,3980.60,4040.00,3906.89,4025.88
2025-10-20 12:00:00,4025.87,4085.00,4021.42,4053.36
2025-10-20 16:00:00,4053.35,4069.89,4010.58,4032.83
2025-10-20 20:00:00,4032.83,4048.96,4001.00,4002.73
2025-10-21 00:00:00,4002.73,4002.73,3920.30,3978.78
2025-10-21 04:00:00,3978.76,4001.96,3968.74,3977.54
2025-10-21 08:00:00,3977.54,3984.68,3918.00,3921.41
2025-10-21 12:00:00,3921.42,3921.42,3838.21,3890.52
2025-10-21 16:00:00,3890.53,3896.00,3850.02,3888.33
2025-10-21 20:00:00,3888.34,4083.78,3850.20,4080.41
2025-10-22 00:00:00,4080.41,4108.41,3963.19,3994.04
2025-10-22 04:00:00,3994.03,3999.31,3855.55,3871.11
2025-10-22 08:00:00,3871.11,3887.45,3815.37,3858.14
2025-10-22 12:00:00,3858.13,3882.93,3835.69,3866.87
2025-10-22 16:00:00,3866.88,3867.47,3765.00,3827.02
2025-10-22 20:00:00,3827.03,3875.56,3777.03,3839.73
2025-10-23 00:00:00,3839.72,3859.64,3780.00,3802.52
2025-10-23 04:00:00,3802.53,3816.71,3706.31,3803.93
2025-10-23 08:00:00,3803.94,3835.32,3794.89,3825.18
2025-10-23 12:00:00,3825.19,3896.00,3820.51,3879.76
2025-10-23 16:00:00,3879.76,3905.47,3857.14,3861.86
2025-10-23 20:00:00,3861.86,3885.88,3807.01,3874.87
2025-10-24 00:00:00,3874.87,3933.40,3842.81,3857.69
2025-10-24 04:00:00,3857.69,3859.48,3816.88,3855.21
2025-10-24 08:00:00,3855.22,3895.19,3844.02,3889.43
2025-10-24 12:00:00,3889.44,3988.00,3884.32,3947.64
2025-10-24 16:00:00,3947.65,3967.42,3924.00,3945.00
2025-10-24 20:00:00,3944.99,4026.48,3870.00,3887.09
2025-10-25 00:00:00,3887.09,3936.89,3864.28,3924.66
2025-10-25 04:00:00,3924.66,3943.81,3922.19,3933.19
2025-10-25 08:00:00,3933.20,3938.03,3910.00,3919.43
2025-10-25 12:00:00,3919.42,3963.26,3918.37,3927.29
2025-10-25 16:00:00,3927.30,3955.00,3926.00,3938.66
2025-10-25 20:00:00,3938.66,3955.00,3922.83,3931.48
2025-10-26 00:00:00,3931.47,3968.93,3926.60,3956.05
2025-10-26 04:00:00,3956.06,3963.47,3932.50,3952.25
2025-10-26 08:00:00,3952.24,3960.00,3914.30,3929.95
2025-10-26 12:00:00,3929.95,3955.00,3927.01,3949.72
2025-10-26 16:00:00,3949.72,4054.00,3948.84,4043.08
2025-10-26 20:00:00,4043.08,4098.00,4039.00,4073.45
2025-10-27 00:00:00,4073.45,4079.86,4043.43,4066.58
2025-10-27 04:00:00,4066.58,4179.27,4053.07,4156.37
2025-10-27 08:00:00,4156.36,4225.14,4145.27,4203.21
2025-10-27 12:00:00,4203.22,4253.00,4193.06,4200.00
2025-10-27 16:00:00,4199.99,4200.42,4130.00,4160.51
2025-10-27 20:00:00,4160.50,4186.77,4122.02,4171.25
2025-10-28 00:00:00,4171.25,4231.64,4171.24,4192.42
2025-10-28 04:00:00,4192.41,4194.07,4090.61,4118.47
2025-10-28 08:00:00,4118.46,4140.26,4066.88,4092.48
2025-10-28 12:00:00,4092.47,4125.95,4064.29,4115.36
2025-10-28 16:00:00,4115.36,4134.46,4102.35,4110.11
2025-10-28 20:00:00,4110.11,4174.08,4066.00,4095.35
2025-10-29 00:00:00,4095.36,4149.87,4024.49,4037.26
2025-10-29 04:00:00,4037.22,4040.00,3925.01,3977.56
2025-10-29 08:00:00,3977.56,4006.00,3962.28,3996.00
2025-10-29 12:00:00,3996.01,4034.99,3994.35,4022.83
2025-10-29 16:00:00,4022.83,4024.83,3982.00,4009.14
2025-10-29 20:00:00,4009.13,4028.01,3939.14,3950.23
2025-10-30 00:00:00,3950.23,4017.11,3836.00,3903.54
2025-10-30 04:00:00,3903.54,3962.55,3871.17,3900.38
2025-10-30 08:00:00,3900.38,3947.00,3882.36,3932.54
2025-10-30 12:00:00,3932.53,3943.00,3836.82,3938.18
2025-10-30 16:00:00,3938.19,3938.41,3875.11,3879.52
2025-10-30 20:00:00,3879.52,3883.19,3755.81,3771.61
2025-10-31 00:00:00,3771.61,3800.45,3677.70,3685.25
2025-10-31 04:00:00,3685.25,3805.00,3678.33,3802.80
2025-10-31 08:00:00,3802.80,3860.00,3794.13,3827.60
2025-10-31 12:00:00,3827.60,3872.00,3818.78,3829.43
2025-10-31 16:00:00,3829.43,3882.00,3816.29,3872.15
2025-10-31 20:00:00,3872.16,3887.02,3830.00,3858.58
2025-11-01 00:00:00,3858.58,3904.90,3802.64,3884.91
2025-11-01 04:00:00,3884.91,3892.13,3838.68,3846.42
2025-11-01 08:00:00,3846.42,3863.27,3828.80,3860.00
2025-11-01 12:00:00,3860.00,3867.66,3851.30,3859.28
2025-11-01 16:00:00,3859.29,3882.00,3859.00,3876.08
2025-11-01 20:00:00,3876.08,3901.36,3855.66,3893.01
2025-11-02 00:00:00,3893.02,3907.61,3860.44,3878.34
2025-11-02 04:00:00,3878.33,3890.00,3862.44,3872.14
2025-11-02 08:00:00,3872.14,3885.83,3860.01,3879.25
2025-11-02 12:00:00,3879.25,3917.00,3874.08,3904.57
2025-11-02 16:00:00,3904.58,3909.34,3851.24,3888.92
2025-11-02 20:00:00,3888.93,3892.98,3837.04,3851.63
2025-11-03 00:00:00,3851.63,3865.89,3838.23,3854.38
2025-11-03 04:00:00,3854.38,3915.00,3842.41,3904.80
2025-11-03 08:00:00,3904.79,3913.34,3726.00,3734.73
2025-11-03 12:00:00,3734.74,3764.07,3682.00,3713.10
2025-11-03 16:00:00,3713.09,3739.98,3650.13,3710.00
2025-11-03 20:00:00,3710.01,3747.36,3578.40,3587.38
2025-11-04 00:00:00,3587.38,3681.23,3562.27,3629.60
2025-11-04 04:00:00,3629.61,3635.00,3556.00,3602.15
2025-11-04 08:00:00,3602.15,3653.65,3565.95,3640.90
2025-11-04 12:00:00,3640.91,3646.80,3470.58,3492.79
2025-11-04 16:00:00,3492.78,3534.14,3460.00,3527.78
2025-11-04 20:00:00,3527.78,3586.12,3471.38,3506.00
2025-11-05 00:00:00,3505.99,3518.95,3225.00,3229.84
2025-11-05 04:00:00,3229.83,3305.75,3055.00,3285.28
2025-11-05 08:00:00,3285.28,3347.75,3165.41,3333.44
2025-11-05 12:00:00,3333.45,3353.80,3301.51,3329.10
2025-11-05 16:00:00,3329.09,3329.19,3272.24,3320.97
2025-11-05 20:00:00,3320.98,3397.67,3311.26,3396.31
2025-11-06 00:00:00,3396.32,3478.50,3368.05,3453.32
2025-11-06 04:00:00,3453.31,3479.00,3413.62,3423.06
2025-11-06 08:00:00,3423.06,3449.37,3373.70,3431.33
2025-11-06 12:00:00,3431.34,3455.00,3357.94,3378.90
2025-11-06 16:00:00,3378.89,3414.30,3365.00,3397.85
2025-11-06 20:00:00,3397.84,3403.94,3275.19,3300.01
2025-11-07 00:00:00,3300.01,3351.81,3245.00,3324.54
2025-11-07 04:00:00,3324.56,3335.43,3285.97,3313.70
2025-11-07 08:00:00,3313.70,3364.00,3273.04,3343.67
2025-11-07 12:00:00,3343.68,3370.00,3318.15,3356.32
2025-11-07 16:00:00,3356.31,3359.29,3224.05,3258.62
2025-11-07 20:00:00,3258.61,3317.10,3192.92,3295.99
2025-11-08 00:00:00,3296.00,3449.00,3271.76,3441.94
2025-11-08 04:00:00,3441.93,3472.23,3428.35,3434.36
2025-11-08 08:00:00,3434.37,3465.77,3404.93,3452.50
2025-11-08 12:00:00,3452.51,3490.00,3414.49,3446.41
2025-11-08 16:00:00,3446.41,3468.43,3405.03,3411.53
2025-11-08 20:00:00,3411.54,3416.74,3367.81,3375.68
2025-11-09 00:00:00,3375.69,3406.46,3353.31,3387.61
2025-11-09 04:00:00,3387.62,3414.33,3378.40,3400.07
2025-11-09 08:00:00,3400.08,3403.00,3356.74,3374.82
2025-11-09 12:00:00,3374.82,3425.68,3368.62,3421.05
2025-11-09 16:00:00,3421.06,3434.00,3380.71,3426.99
2025-11-09 20:00:00,3427.00,3563.19,3423.22,3513.58
2025-11-10 00:00:00,3513.58,3578.70,3500.00,3578.04
2025-11-10 04:00:00,3578.03,3624.40,3560.07,3581.31
2025-11-10 08:00:00,3581.31,3658.00,3548.88,3626.45
2025-11-10 12:00:00,3626.44,3630.71,3587.56,3607.50
2025-11-10 16:00:00,3607.51,3630.30,3585.42,3608.90
2025-11-10 20:00:00,3608.89,3620.71,3506.66,3518.10
2025-11-11 00:00:00,3518.10,3574.73,3505.55,3556.83
2025-11-11 04:00:00,3556.83,3582.69,3527.06,3566.38
2025-11-11 08:00:00,3566.38,3647.54,3551.11,3604.20
2025-11-11 12:00:00,3604.21,3608.44,3528.80,3542.88
2025-11-11 16:00:00,3542.88,3585.29,3541.22,3572.40
2025-11-11 20:00:00,3572.40,3593.00,3466.00,3479.62
2025-11-12 00:00:00,3479.62,3499.10,3443.04,3455.65
2025-11-12 04:00:00,3455.66,3460.66,3403.02,3416.32
2025-11-12 08:00:00,3416.33,3454.68,3408.14,3437.52
2025-11-12 12:00:00,3437.52,3455.79,3422.17,3426.52
2025-11-12 16:00:00,3426.51,3569.00,3426.33,3548.25
2025-11-12 20:00:00,3548.24,3587.24,3416.27,3426.34
2025-11-13 00:00:00,3426.33,3455.00,3370.00,3406.58
2025-11-13 04:00:00,3406.58,3438.82,3390.01,3413.46
2025-11-13 08:00:00,3413.45,3473.00,3375.09,3451.33
2025-11-13 12:00:00,3451.32,3565.00,3432.02,3537.15
2025-11-13 16:00:00,3537.16,3549.00,3475.00,3499.98
2025-11-13 20:00:00,3499.97,3509.83,3365.00,3385.52
2025-11-14 00:00:00,3385.52,3397.96,3173.38,3196.23
2025-11-14 04:00:00,3196.22,3270.58,3152.49,3230.12
2025-11-14 08:00:00,3230.13,3250.00,3183.17,3226.50
2025-11-14 12:00:00,3226.49,3239.67,3104.00,3213.82
2025-11-14 16:00:00,3213.82,3217.80,3115.00,3142.93
2025-11-14 20:00:00,3142.93,3233.66,3068.00,3195.73
2025-11-15 00:00:00,3195.73,3255.95,3153.17,3206.37
2025-11-15 04:00:00,3206.37,3212.04,3088.00,3111.20
2025-11-15 08:00:00,3111.20,3192.80,3109.16,3177.88
2025-11-15 12:00:00,3177.88,3190.88,3157.12,3174.98
2025-11-15 16:00:00,3174.99,3176.60,3132.66,3151.22
2025-11-15 20:00:00,3151.21,3197.50,3146.00,3184.50
2025-11-16 00:00:00,3184.50,3230.56,3160.71,3196.70
2025-11-16 04:00:00,3196.69,3199.40,3151.33,3166.55
2025-11-16 08:00:00,3166.56,3209.51,3130.01,3201.56
2025-11-16 12:00:00,3201.56,3219.75,3185.76,3218.21
2025-11-16 16:00:00,3218.22,3248.50,3158.35,3167.18
2025-11-16 20:00:00,3167.17,3181.32,3095.84,3103.52
2025-11-17 00:00:00,3103.52,3127.21,3025.00,3090.13
2025-11-17 04:00:00,3090.13,3116.80,3001.01,3094.05
2025-11-17 08:00:00,3094.04,3179.79,3067.77,3175.65
2025-11-17 12:00:00,3175.67,3209.77,3165.30,3197.11
2025-11-17 16:00:00,3197.11,3223.22,3178.20,3202.57
2025-11-17 20:00:00,3202.57,3210.22,3093.43,3119.46
2025-11-18 00:00:00,3119.47,3142.10,2969.99,2981.00
2025-11-18 04:00:00,2980.99,3030.96,2958.00,3030.06
2025-11-18 08:00:00,3030.06,3049.00,2943.31,3022.93
2025-11-18 12:00:00,3022.94,3033.50,2956.63,3022.93
2025-11-18 16:00:00,3022.94,3073.71,3022.94,3056.44
2025-11-18 20:00:00,3056.45,3123.17,3020.01,3105.19
2025-11-19 00:00:00,3105.19,3169.28,3097.88,3144.64
2025-11-19 04:00:00,3144.64,3149.46,3095.99,3122.20
2025-11-19 08:00:00,3122.20,3125.05,3068.19,3072.01
2025-11-19 12:00:00,3072.01,3086.68,2990.15,3083.69
2025-11-19 16:00:00,3083.69,3112.96,3051.38,3082.50
2025-11-19 20:00:00,3082.50,3107.49,2966.00,2971.58
2025-11-20 00:00:00,2971.57,2985.54,2873.00,2880.79
2025-11-20 04:00:00,2880.79,3026.57,2873.63,3024.09
2025-11-20 08:00:00,3024.08,3057.00,3003.41,3037.83
2025-11-20 12:00:00,3037.84,3063.00,3005.69,3038.09
2025-11-20 16:00:00,3038.10,3043.68,2990.47,3022.13
2025-11-20 20:00:00,3022.14,3048.00,2950.00,2954.53
2025-11-21 00:00:00,2954.52,2960.11,2788.01,2846.39
2025-11-21 04:00:00,2846.39,2904.83,2818.00,2832.97
2025-11-21 08:00:00,2832.96,2885.84,2768.86,2807.76
2025-11-21 12:00:00,2807.76,2831.85,2642.65,2718.66
2025-11-21 16:00:00,2718.67,2753.18,2661.92,2687.44
2025-11-21 20:00:00,2687.44,2779.56,2620.00,2703.70
2025-11-22 00:00:00,2703.69,2805.94,2673.58,2750.62
2025-11-22 04:00:00,2750.62,2774.98,2707.00,2764.69
2025-11-22 08:00:00,2764.70,2783.34,2737.70,2751.17
2025-11-22 12:00:00,2751.16,2770.00,2725.24,2755.13
2025-11-22 16:00:00,2755.14,2755.36,2702.87,2734.00
2025-11-22 20:00:00,2734.01,2754.41,2709.25,2737.62
2025-11-23 00:00:00,2737.61,2758.00,2733.91,2749.26
2025-11-23 04:00:00,2749.26,2798.00,2732.34,2769.06
2025-11-23 08:00:00,2769.06,2833.00,2766.87,2823.02
2025-11-23 12:00:00,2823.01,2850.94,2775.00,2792.16
2025-11-23 16:00:00,2792.16,2823.14,2792.02,2814.41
2025-11-23 20:00:00,2814.42,2857.00,2808.00,2835.01
2025-11-24 00:00:00,2835.01,2845.53,2785.00,2821.52
2025-11-24 04:00:00,2821.51,2843.99,2793.19,2800.73
2025-11-24 08:00:00,2800.74,2866.34,2761.38,2855.52
2025-11-24 12:00:00,2855.51,2884.80,2800.99,2828.77
2025-11-24 16:00:00,2828.76,2841.92,2786.01,2802.07
2025-11-24 20:00:00,2802.06,2859.50,2782.20,2845.16
2025-11-25 00:00:00,2845.15,2978.99,2841.29,2957.80
2025-11-25 04:00:00,2957.81,2986.98,2944.70,2952.19
2025-11-25 08:00:00,2952.18,2952.51,2902.50,2910.29
2025-11-25 12:00:00,2910.29,2941.39,2900.01,2901.56
2025-11-25 16:00:00,2901.56,2907.67,2863.39,2889.53
2025-11-25 20:00:00,2889.54,2933.50,2855.00,2894.18
2025-11-26 00:00:00,2894.19,2957.00,2870.03,2921.19
2025-11-26 04:00:00,2921.18,2979.31,2905.59,2958.24
2025-11-26 08:00:00,2958.24,2983.80,2920.26,2925.54
2025-11-26 12:00:00,2925.54,2953.81,2918.56,2943.04
2025-11-26 16:00:00,2943.04,2949.25,2900.97,2912.82
2025-11-26 20:00:00,2912.82,2948.54,2887.09,2926.63
2025-11-27 00:00:00,2926.63,3044.46,2924.74,3031.08
2025-11-27 04:00:00,3031.08,3034.52,3006.66,3025.02
2025-11-27 08:00:00,3025.02,3070.00,3002.00,3032.32
2025-11-27 12:00:00,3032.31,3052.73,3015.26,3032.12
2025-11-27 16:00:00,3032.12,3044.00,3016.06,3026.75
2025-11-27 20:00:00,3026.75,3028.75,2983.81,3009.68
2025-11-28 00:00:00,3009.68,3038.00,3003.01,3030.48
2025-11-28 04:00:00,3030.49,3043.50,3002.00,3013.80
2025-11-28 08:00:00,3013.81,3023.16,2992.10,3007.19
2025-11-28 12:00:00,3007.19,3028.00,2998.40,3000.14
2025-11-28 16:00:00,3000.13,3080.00,2999.70,3032.44
2025-11-28 20:00:00,3032.44,3099.00,3024.34,3071.77
2025-11-29 00:00:00,3071.77,3072.53,3009.36,3048.50
2025-11-29 04:00:00,3048.50,3058.39,3018.20,3029.80
2025-11-29 08:00:00,3029.80,3051.46,3016.02,3021.51
2025-11-29 12:00:00,3021.51,3044.24,2989.12,3003.23
2025-11-29 16:00:00,3003.22,3009.85,2982.30,2998.45
2025-11-29 20:00:00,2998.45,3015.00,2985.40,3006.00
2025-11-30 00:00:00,3006.00,3011.10,2960.01,2987.49
2025-11-30 04:00:00,2987.49,2997.87,2980.80,2987.96
2025-11-30 08:00:00,2987.96,3011.97,2974.00,3000.44
2025-11-30 12:00:00,3000.44,3007.50,2984.20,3003.54
2025-11-30 16:00:00,3003.54,3019.29,2996.69,3001.76
2025-11-30 20:00:00,3001.77,3052.21,2998.38,3027.65
2025-12-01 00:00:00,3027.65,3048.44,3027.05,3033.44
2025-12-01 04:00:00,3033.45,3040.00,2988.28,2990.02
2025-12-01 08:00:00,2990.02,2998.84,2812.50,2824.80
2025-12-01 12:00:00,2824.81,2843.42,2805.55,2838.44
2025-12-01 16:00:00,2838.43,2854.56,2827.00,2836.48
2025-12-01 20:00:00,2836.48,2838.98,2718.07,2745.01
2025-12-02 00:00:00,2745.01,2756.93,2718.63,2739.58
2025-12-02 04:00:00,2739.57,2818.00,2738.97,2797.47
2025-12-02 08:00:00,2797.48,2825.57,2781.38,2803.25
2025-12-02 12:00:00,2803.24,2814.80,2796.00,2804.20
2025-12-02 16:00:00,2804.20,2834.02,2780.60,2824.67
2025-12-02 20:00:00,2824.68,3026.04,2815.00,3005.55
2025-12-03 00:00:00,3005.55,3034.94,2985.13,3014.61
2025-12-03 04:00:00,3014.60,3020.00,2970.04,2994.63
2025-12-03 08:00:00,2994.63,3048.00,2983.76,3029.08
2025-12-03 12:00:00,3029.07,3084.34,3028.05,3056.41
2025-12-03 16:00:00,3056.41,3079.15,3041.95,3071.95
2025-12-03 20:00:00,3071.94,3145.14,3030.00,3084.84
2025-12-04 00:00:00,3084.84,3141.17,3062.72,3126.78
2025-12-04 04:00:00,3126.79,3216.53,3115.60,3187.07
2025-12-04 08:00:00,3187.08,3239.27,3172.75,3208.57
2025-12-04 12:00:00,3208.57,3219.33,3170.06,3189.02
2025-12-04 16:00:00,3189.01,3207.59,3173.45,3185.09
2025-12-04 20:00:00,3185.09,3227.66,3138.15,3206.56
2025-12-05 00:00:00,3206.56,3225.00,3064.81,3117.66
2025-12-05 04:00:00,3117.66,3150.47,3104.05,3132.01
2025-12-05 08:00:00,3132.01,3192.72,3131.05,3169.61
2025-12-05 12:00:00,3169.61,3181.64,3150.43,3172.47
2025-12-05 16:00:00,3172.47,3172.47,3106.01,3130.00
2025-12-05 20:00:00,3129.99,3157.00,3081.09,3105.39
2025-12-06 00:00:00,3105.39,3107.48,2978.00,3037.09
2025-12-06 04:00:00,3037.09,3047.80,3005.12,3020.38
2025-12-06 08:00:00,3020.38,3044.80,3011.00,3038.64
2025-12-06 12:00:00,3038.64,3041.00,3022.98,3024.98
2025-12-06 16:00:00,3024.98,3040.70,3012.00,3037.46
2025-12-06 20:00:00,3037.46,3068.58,3025.00,3040.10
2025-12-07 00:00:00,3040.10,3065.59,3023.00,3029.03
2025-12-07 04:00:00,3029.04,3053.99,3024.35,3036.53
2025-12-07 08:00:00,3036.53,3056.60,3030.65,3052.58
2025-12-07 12:00:00,3052.57,3056.78,3029.16,3035.91
2025-12-07 16:00:00,3035.90,3042.90,3023.25,3034.52
2025-12-07 20:00:00,3034.52,3052.80,2903.75,3025.82
2025-12-08 00:00:00,3025.83,3150.00,2997.59,3136.77
2025-12-08 04:00:00,3136.77,3145.91,3010.00,3058.14
2025-12-08 08:00:00,3058.14,3133.69,3038.76,3109.65
2025-12-08 12:00:00,3109.65,3140.15,3107.15,3132.62
2025-12-08 16:00:00,3132.61,3179.99,3123.81,3140.61
2025-12-08 20:00:00,3140.61,3178.00,3087.34,3099.69
2025-12-09 00:00:00,3099.69,3132.26,3066.17,3117.55
2025-12-09 04:00:00,3117.56,3152.00,3111.65,3123.14
2025-12-09 08:00:00,3123.15,3142.30,3089.01,3127.99
2025-12-09 12:00:00,3128.00,3130.00,3094.00,3121.57
2025-12-09 16:00:00,3121.58,3129.60,3090.00,3116.91
2025-12-09 20:00:00,3116.91,3256.00,3097.00,3244.91
2025-12-10 00:00:00,3244.92,3397.50,3244.30,3357.06
2025-12-10 04:00:00,3357.05,3360.32,3283.51,3316.49
2025-12-10 08:00:00,3316.50,3327.43,3286.58,3308.00
2025-12-10 12:00:00,3308.01,3334.92,3305.22,3325.65
2025-12-10 16:00:00,3325.64,3374.93,3295.56,3316.75
2025-12-10 20:00:00,3316.76,3337.91,3302.61,3326.63
2025-12-11 00:00:00,3326.63,3436.95,3319.48,3388.97
2025-12-11 04:00:00,3388.98,3446.12,3316.90,3322.79
2025-12-11 08:00:00,3322.80,3326.74,3165.00,3189.78
2025-12-11 12:00:00,3189.77,3214.00,3179.00,3199.97
2025-12-11 16:00:00,3199.97,3212.00,3175.20,3191.29
2025-12-11 20:00:00,3191.29,3209.06,3142.92,3177.71
2025-12-12 00:00:00,3177.71,3232.89,3153.78,3192.70
2025-12-12 04:00:00,3192.69,3272.43,3190.77,3235.77
2025-12-12 08:00:00,3235.78,3264.78,3183.33,3244.03
2025-12-12 12:00:00,3244.03,3263.50,3230.53,3245.00
2025-12-12 16:00:00,3244.99,3254.74,3225.02,3241.17
2025-12-12 20:00:00,3241.17,3250.66,3050.00,3070.00
2025-12-13 00:00:00,3070.01,3098.28,3041.10,3071.94
2025-12-13 04:00:00,3071.94,3095.00,3065.79,3083.34
2025-12-13 08:00:00,3083.34,3094.07,3077.00,3088.46
2025-12-13 12:00:00,3088.46,3094.23,3082.18,3093.19
2025-12-13 16:00:00,3093.20,3135.00,3090.91,3117.99
2025-12-13 20:00:00,3118.00,3125.99,3092.64,3108.10
2025-12-14 00:00:00,3108.10,3115.25,3094.39,3107.12
2025-12-14 04:00:00,3107.13,3118.99,3075.00,3113.01
2025-12-14 08:00:00,3113.00,3128.65,3101.27,3117.40
2025-12-14 12:00:00,3117.40,3120.99,3103.01,3113.78
2025-12-14 16:00:00,3113.77,3118.72,3048.32,3083.45
2025-12-14 20:00:00,3083.46,3107.26,3068.85,3083.33
2025-12-15 00:00:00,3083.32,3107.00,3072.67,3091.88
2025-12-15 04:00:00,3091.88,3095.84,3022.51,3062.02
2025-12-15 08:00:00,3062.01,3150.00,3055.25,3107.48
2025-12-15 12:00:00,3107.49,3143.89,3102.08,3127.34
2025-12-15 16:00:00,3127.34,3177.00,3123.90,3155.69
2025-12-15 20:00:00,3155.68,3157.90,2985.00,3009.48
2025-12-16 00:00:00,3009.48,3016.55,2890.51,2938.68
2025-12-16 04:00:00,2938.68,2968.43,2915.18,2963.25
2025-12-16 08:00:00,2963.25,2976.94,2920.91,2935.44
2025-12-16 12:00:00,2935.44,2950.27,2870.00,2922.62
2025-12-16 16:00:00,2922.61,2962.99,2918.25,2956.57
2025-12-16 20:00:00,2956.57,2982.10,2885.46,2961.73
2025-12-17 00:00:00,2961.73,2966.98,2910.01,2943.80
2025-12-17 04:00:00,2943.82,2964.45,2936.46,2960.84
2025-12-17 08:00:00,2960.83,2973.52,2936.52,2946.45
2025-12-17 12:00:00,2946.46,2953.12,2912.36,2946.59
2025-12-17 16:00:00,2946.59,2946.59,2905.29,2927.36
2025-12-17 20:00:00,2927.36,3030.00,2882.49,2903.23
2025-12-18 00:00:00,2903.23,2924.79,2789.52,2819.01
2025-12-18 04:00:00,2819.02,2836.61,2804.48,2832.00
2025-12-18 08:00:00,2831.99,2846.81,2820.12,2830.57
2025-12-18 12:00:00,2830.57,2840.00,2821.00,2834.98
2025-12-18 16:00:00,2834.99,2863.18,2830.26,2857.65
2025-12-18 20:00:00,2857.66,2997.05,2852.58,2963.89
2025-12-19 00:00:00,2963.90,2966.28,2772.97,2780.40
2025-12-19 04:00:00,2780.40,2837.80,2778.06,2827.30
2025-12-19 08:00:00,2827.32,2934.93,2806.15,2907.56
2025-12-19 12:00:00,2907.55,2984.00,2905.79,2950.40
2025-12-19 16:00:00,2950.39,2969.89,2936.64,2964.00
2025-12-19 20:00:00,2964.00,3017.99,2941.49,2963.48
2025-12-20 00:00:00,2963.48,3006.76,2933.00,2983.61
2025-12-20 04:00:00,2983.62,3002.00,2973.33,2978.33
2025-12-20 08:00:00,2978.34,2992.81,2969.23,2987.97
2025-12-20 12:00:00,2987.98,2989.52,2973.12,2980.25
2025-12-20 16:00:00,2980.26,2989.40,2973.62,2985.98
2025-12-20 20:00:00,2985.99,2992.97,2965.28,2975.57
2025-12-21 00:00:00,2975.58,2979.99,2972.63,2976.57
2025-12-21 04:00:00,2976.57,2984.75,2971.28,2976.54
2025-12-21 08:00:00,2976.55,2979.91,2960.13,2971.70
2025-12-21 12:00:00,2971.70,2981.68,2970.60,2979.83
2025-12-21 16:00:00,2979.83,3011.99,2976.27,2995.16
2025-12-21 20:00:00,2995.16,3004.00,2943.00,2973.23
2025-12-22 00:00:00,2973.23,2996.63,2965.93,2989.48
2025-12-22 04:00:00,2989.48,3011.34,2969.45,3000.62
2025-12-22 08:00:00,3000.61,3060.39,2966.00,3020.18
2025-12-22 12:00:00,3020.18,3041.51,3018.40,3028.38
2025-12-22 16:00:00,3028.38,3057.00,3023.57,3047.61
2025-12-22 20:00:00,3047.61,3077.99,3020.40,3051.22
2025-12-23 00:00:00,3051.22,3058.61,2972.60,2979.15
2025-12-23 04:00:00,2979.16,3014.76,2961.00,3008.49
2025-12-23 08:00:00,3008.50,3035.00,2970.08,2990.48
2025-12-23 12:00:00,2990.48,2999.00,2945.00,2963.58
2025-12-23 16:00:00,2963.57,2974.46,2951.19,2972.06
2025-12-23 20:00:00,2972.06,2973.00,2899.30,2927.39
2025-12-24 00:00:00,2927.39,2965.81,2907.28,2942.71
2025-12-24 04:00:00,2942.71,2987.74,2939.19,2963.29
2025-12-24 08:00:00,2963.29,2976.48,2919.00,2944.47
2025-12-24 12:00:00,2944.47,2957.94,2916.11,2931.50
2025-12-24 16:00:00,2931.49,2938.71,2912.18,2923.96
2025-12-24 20:00:00,2923.96,2937.35,2886.75,2924.20
2025-12-25 00:00:00,2924.20,2954.79,2920.04,2944.78
2025-12-25 04:00:00,2944.78,2962.69,2939.86,2946.23
2025-12-25 08:00:00,2946.23,2955.92,2934.66,2945.90
2025-12-25 12:00:00,2945.89,2947.27,2936.55,2940.83
2025-12-25 16:00:00,2940.83,2946.00,2910.14,2923.51
2025-12-25 20:00:00,2923.51,2969.99,2918.52,2959.68
2025-12-26 00:00:00,2959.67,2966.49,2941.52,2955.15
2025-12-26 04:00:00,2955.15,2955.43,2888.88,2902.32
2025-12-26 08:00:00,2902.32,2994.00,2892.72,2963.76
2025-12-26 12:00:00,2963.76,2992.88,2950.79,2955.43
2025-12-26 16:00:00,2955.44,2975.48,2953.55,2963.66
2025-12-26 20:00:00,2963.65,2984.93,2893.00,2921.50
2025-12-27 00:00:00,2921.51,2934.28,2905.50,2924.50
2025-12-27 04:00:00,2924.50,2938.00,2920.23,2926.82
2025-12-27 08:00:00,2926.83,2932.24,2920.00,2931.98
2025-12-27 12:00:00,2931.98,2936.66,2926.35,2931.47
2025-12-27 16:00:00,2931.46,2939.82,2914.63,2929.58
2025-12-27 20:00:00,2929.59,2932.72,2924.00,2925.53
2025-12-28 00:00:00,2925.54,2929.70,2915.74,2929.60
2025-12-28 04:00:00,2929.60,2959.84,2927.06,2947.61
2025-12-28 08:00:00,2947.61,2950.63,2939.50,2942.34
2025-12-28 12:00:00,2942.34,2946.29,2927.76,2937.96
2025-12-28 16:00:00,2937.96,2946.46,2930.01,2942.99
2025-12-28 20:00:00,2942.99,2959.99,2936.20,2948.00
2025-12-29 00:00:00,2948.00,2953.50,2922.84,2932.18
2025-12-29 04:00:00,2932.18,2954.50,2927.10,2949.60
2025-12-29 08:00:00,2949.60,3047.89,2943.10,3042.30
2025-12-29 12:00:00,3042.30,3056.00,3001.00,3018.46
2025-12-29 16:00:00,3018.47,3025.00,2955.36,2958.52
2025-12-29 20:00:00,2958.52,2964.92,2908.58,2934.02
2025-12-30 00:00:00,2934.02,2944.79,2911.10,2930.88
2025-12-30 04:00:00,2930.88,2943.20,2924.50,2936.45
2025-12-30 08:00:00,2936.45,2955.01,2917.48,2950.60
2025-12-30 12:00:00,2950.61,2957.50,2935.88,2949.43
2025-12-30 16:00:00,2949.43,3003.00,2948.81,2977.85
2025-12-30 20:00:00,2977.85,3008.67,2956.79,2988.48
2025-12-31 00:00:00,2988.49,2993.60,2941.27,2970.32
2025-12-31 04:00:00,2970.32,2974.80,2953.00,2972.22
2025-12-31 08:00:00,2972.23,2983.97,2960.90,2969.18
2025-12-31 12:00:00,2969.19,2978.40,2967.13,2975.52
2025-12-31 16:00:00,2975.52,3002.01,2962.21,3000.48
2025-12-31 20:00:00,3000.48,3027.73,2966.00,2984.30
2026-01-01 00:00:00,2984.30,2996.43,2957.59,2970.21
2026-01-01 04:00:00,2970.21,2984.05,2962.20,2970.40
2026-01-01 08:00:00,2970.40,2988.48,2970.00,2979.01
2026-01-01 12:00:00,2979.01,2982.78,2972.10,2977.18
2026-01-01 16:00:00,2977.18,2991.94,2976.57,2988.00
2026-01-01 20:00:00,2988.00,2993.91,2976.00,2988.44
2026-01-02 00:00:00,2988.45,3005.00,2979.47,2994.06
2026-01-02 04:00:00,2994.08,3008.56,2985.90,3002.49
2026-01-02 08:00:00,3002.50,3034.36,2990.67,3021.04
2026-01-02 12:00:00,3021.04,3038.42,3007.00,3017.00
2026-01-02 16:00:00,3017.00,3068.97,3014.27,3046.70
2026-01-02 20:00:00,3046.69,3112.15,3017.64,3085.09
2026-01-03 00:00:00,3085.09,3149.00,3077.90,3122.46
2026-01-03 04:00:00,3122.46,3144.00,3109.85,3123.89
2026-01-03 08:00:00,3123.88,3135.00,3117.09,3123.90
2026-01-03 12:00:00,3123.91,3126.52,3074.52,3089.51
2026-01-03 16:00:00,3089.52,3109.60,3082.63,3097.00
2026-01-03 20:00:00,3097.00,3114.11,3092.19,3099.92
2026-01-04 00:00:00,3099.91,3118.61,3096.75,3112.00
2026-01-04 04:00:00,3112.00,3129.70,3105.76,3125.47
2026-01-04 08:00:00,3125.46,3165.99,3124.76,3145.73
2026-01-04 12:00:00,3145.73,3161.41,3132.24,3139.51
2026-01-04 16:00:00,3139.52,3147.37,3122.58,3138.32
2026-01-04 20:00:00,3138.32,3145.94,3115.00,3134.14
2026-01-05 00:00:00,3134.14,3142.85,3117.00,3131.31
2026-01-05 04:00:00,3131.31,3155.00,3129.37,3143.32
2026-01-05 08:00:00,3143.33,3221.00,3141.50,3184.74
2026-01-05 12:00:00,3184.75,3186.89,3131.47,3156.00
2026-01-05 16:00:00,3156.00,3183.36,3151.78,3178.88
2026-01-05 20:00:00,3178.88,3205.00,3132.58,3194.49
2026-01-06 00:00:00,3194.48,3230.86,3157.01,3221.63
2026-01-06 04:00:00,3221.64,3266.00,3218.55,3223.71
2026-01-06 08:00:00,3223.72,3246.00,3201.91,3223.88
2026-01-06 12:00:00,3223.88,3254.94,3210.02,3218.01
2026-01-06 16:00:00,3218.00,3241.76,3212.80,3236.36
2026-01-06 20:00:00,3236.36,3308.00,3228.19,3270.74
2026-01-07 00:00:00,3270.74,3277.76,3180.71,3222.18
2026-01-07 04:00:00,3222.19,3301.64,3221.91,3295.46
2026-01-07 08:00:00,3295.46,3295.79,3238.00,3265.57
2026-01-07 12:00:00,3265.57,3270.88,3245.72,3253.99
2026-01-07 16:00:00,3253.99,3262.00,3194.28,3218.75
2026-01-07 20:00:00,3218.74,3228.00,3142.82,3163.53
2026-01-08 00:00:00,3163.53,3178.44,3123.01,3144.37
2026-01-08 04:00:00,3144.38,3181.81,3126.55,3167.52
2026-01-08 08:00:00,3167.53,3183.68,3132.33,3141.35
2026-01-08 12:00:00,3141.35,3160.29,3086.26,3126.41
2026-01-08 16:00:00,3126.41,3135.70,3095.16,3119.35
2026-01-08 20:00:00,3119.35,3119.66,3052.43,3102.89
2026-01-09 00:00:00,3102.89,3138.44,3088.34,3110.13
2026-01-09 04:00:00,3110.12,3129.60,3087.35,3105.45
2026-01-09 08:00:00,3105.44,3148.00,3077.46,3118.38
2026-01-09 12:00:00,3118.38,3124.26,3109.22,3109.75
2026-01-09 16:00:00,3109.76,3114.32,3066.00,3088.99
2026-01-09 20:00:00,3089.00,3142.00,3056.79,3111.39
2026-01-10 00:00:00,3111.39,3144.99,3066.31,3079.00
2026-01-10 04:00:00,3079.00,3092.17,3064.00,3087.15
2026-01-10 08:00:00,3087.16,3093.53,3078.30,3085.52
2026-01-10 12:00:00,3085.52,3092.48,3077.22,3091.50
2026-01-10 16:00:00,3091.49,3102.68,3086.13,3095.64
2026-01-10 20:00:00,3095.63,3102.75,3087.25,3094.12
2026-01-11 00:00:00,3094.12,3097.56,3088.50,3090.79
2026-01-11 04:00:00,3090.78,3092.19,3077.08,3085.47
2026-01-11 08:00:00,3085.47,3096.41,3083.23,3095.48
2026-01-11 12:00:00,3095.49,3101.00,3088.31,3094.03
2026-01-11 16:00:00,3094.03,3108.45,3091.35,3103.80
2026-01-11 20:00:00,3103.80,3129.60,3103.46,3116.89
2026-01-12 00:00:00,3116.90,3147.00,3114.40,3123.47
2026-01-12 04:00:00,3123.46,3125.44,3090.70,3122.00
2026-01-12 08:00:00,3122.00,3170.88,3095.28,3151.18
2026-01-12 12:00:00,3151.17,3165.77,3131.58,3133.96
2026-01-12 16:00:00,3133.96,3146.13,3100.00,3114.12
2026-01-12 20:00:00,3114.12,3132.00,3061.35,3128.66
2026-01-13 00:00:00,3128.66,3145.93,3083.00,3120.33
2026-01-13 04:00:00,3120.33,3126.84,3083.00,3093.84
2026-01-13 08:00:00,3093.85,3118.00,3090.18,3114.98
2026-01-13 12:00:00,3114.98,3145.71,3110.71,3121.08
2026-01-13 16:00:00,3121.08,3148.15,3121.05,3132.77
2026-01-13 20:00:00,3132.77,3188.08,3127.94,3183.11
2026-01-14 00:00:00,3183.11,3217.60,3170.23,3214.45
2026-01-14 04:00:00,3214.46,3383.63,3188.72,3324.69
2026-01-14 08:00:00,3324.68,3360.00,3314.01,3351.04
2026-01-14 12:00:00,3351.03,3365.66,3321.12,3334.88
2026-01-14 16:00:00,3334.88,3342.00,3281.59,3285.20
2026-01-14 20:00:00,3285.19,3361.02,3280.00,3344.19
2026-01-15 00:00:00,3344.19,3403.77,3313.94,3366.49
2026-01-15 04:00:00,3366.48,3392.00,3346.24,3353.27
2026-01-15 08:00:00,3353.28,3354.61,3275.36,3284.79
2026-01-15 12:00:00,3284.80,3333.93,3282.89,3328.63
2026-01-15 16:00:00,3328.64,3377.78,3318.66,3348.63
2026-01-15 20:00:00,3348.63,3383.07,3282.07,3328.93
2026-01-16 00:00:00,3328.92,3336.22,3266.00,3294.01
2026-01-16 04:00:00,3294.01,3322.15,3275.00,3317.00
2026-01-16 08:00:00,3317.00,3325.34,3290.21,3293.90
2026-01-16 12:00:00,3293.91,3315.82,3274.05,3308.16
2026-01-16 16:00:00,3308.16,3319.43,3291.56,3300.69
2026-01-16 20:00:00,3300.70,3317.17,3251.42,3263.04
2026-01-17 00:00:00,3263.04,3288.88,3258.00,3275.64
2026-01-17 04:00:00,3275.65,3298.86,3263.06,3294.77
2026-01-17 08:00:00,3294.77,3296.02,3282.39,3288.12
2026-01-17 12:00:00,3288.12,3292.99,3284.67,3290.09
2026-01-17 16:00:00,3290.08,3304.96,3288.00,3301.40
2026-01-17 20:00:00,3301.39,3328.21,3298.00,3328.13
2026-01-18 00:00:00,3328.13,3328.36,3310.00,3315.10
2026-01-18 04:00:00,3315.09,3318.53,3295.42,3308.87
2026-01-18 08:00:00,3308.86,3319.77,3294.52,3314.52
2026-01-18 12:00:00,3314.52,3316.69,3304.20,3305.66
2026-01-18 16:00:00,3305.67,3324.41,3301.56,3320.60
2026-01-18 20:00:00,3320.61,3346.70,3312.71,3332.31
2026-01-19 00:00:00,3332.31,3367.98,3328.14,3345.36
2026-01-19 04:00:00,3345.36,3356.14,3277.42,3282.77
2026-01-19 08:00:00,3282.77,3283.20,3175.00,3210.36
2026-01-19 12:00:00,3210.35,3215.91,3184.15,3205.74
2026-01-19 16:00:00,3205.74,3229.66,3196.00,3222.18
2026-01-19 20:00:00,3222.18,3234.71,3200.01,3214.47
2026-01-20 00:00:00,3214.47,3226.19,3206.61,3218.34
2026-01-20 04:00:00,3218.34,3224.00,3165.00,3188.01
2026-01-20 08:00:00,3188.01,3199.73,3174.02,3187.41
2026-01-20 12:00:00,3187.41,3188.27,3106.66,3121.50
2026-01-20 16:00:00,3121.49,3122.54,3083.49,3108.14
2026-01-20 20:00:00,3108.15,3113.52,2990.91,3031.06
2026-01-21 00:00:00,3031.06,3041.58,2977.92,2995.04
2026-01-21 04:00:00,2995.04,3006.61,2910.00,2938.24
2026-01-21 08:00:00,2938.25,2983.70,2920.08,2980.27
2026-01-21 12:00:00,2980.26,3001.01,2964.45,2969.01
2026-01-21 16:00:00,2969.02,2973.62,2935.00,2942.17
2026-01-21 20:00:00,2942.17,3026.06,2900.31,3001.22
2026-01-22 00:00:00,3001.23,3069.34,2864.29,3054.07
2026-01-22 04:00:00,3054.08,3056.41,2970.65,2980.66
2026-01-22 08:00:00,2980.67,3037.49,2979.28,3012.24
2026-01-22 12:00:00,3012.23,3027.00,2999.16,2999.71
2026-01-22 16:00:00,2999.72,3015.58,2976.07,2984.78
2026-01-22 20:00:00,2984.79,3009.00,2904.11,2940.72
2026-01-23 00:00:00,2940.73,2971.84,2922.12,2952.56
2026-01-23 04:00:00,2952.56,2958.00,2928.90,2951.21
2026-01-23 08:00:00,2951.21,2971.10,2944.47,2963.17
2026-01-23 12:00:00,2963.18,2983.62,2933.56,2946.84
2026-01-23 16:00:00,2946.84,2949.81,2913.49,2939.52
2026-01-23 20:00:00,2939.53,2965.00,2890.20,2951.08
2026-01-24 00:00:00,2951.08,3020.45,2936.95,2958.24
2026-01-24 04:00:00,2958.24,2962.64,2929.00,2955.08
2026-01-24 08:00:00,2955.08,2968.75,2947.72,2961.10
2026-01-24 12:00:00,2961.11,2965.21,2953.03,2956.00
2026-01-24 16:00:00,2956.01,2963.61,2953.72,2959.93
2026-01-24 20:00:00,2959.93,2966.93,2942.00,2955.55
2026-01-25 00:00:00,2955.54,2967.30,2950.25,2952.77
2026-01-25 04:00:00,2952.77,2963.02,2947.00,2952.09
2026-01-25 08:00:00,2952.09,2959.27,2935.50,2941.54
2026-01-25 12:00:00,2941.54,2948.15,2933.05,2938.43
2026-01-25 16:00:00,2938.44,2947.00,2918.55,2936.16
2026-01-25 20:00:00,2936.15,2944.08,2920.33,2925.54
2026-01-26 00:00:00,2925.54,2926.35,2794.59,2810.90
2026-01-26 04:00:00,2810.91,2823.81,2784.15,2815.49
2026-01-26 08:00:00,2815.49,2898.02,2810.72,2849.69
2026-01-26 12:00:00,2849.70,2911.00,2848.47,2902.99
2026-01-26 16:00:00,2903.00,2935.00,2879.62,2890.92
2026-01-26 20:00:00,2890.91,2950.00,2872.78,2898.12
2026-01-27 00:00:00,2898.13,2935.10,2884.93,2921.94
2026-01-27 04:00:00,2921.94,2945.60,2893.90,2928.90
2026-01-27 08:00:00,2928.89,2948.00,2910.93,2939.68
2026-01-27 12:00:00,2939.69,2958.00,2923.21,2927.94
2026-01-27 16:00:00,2927.94,2931.46,2898.89,2915.89
2026-01-27 20:00:00,2915.88,2944.26,2904.15,2936.17
2026-01-28 00:00:00,2936.16,2997.64,2916.51,2979.46
2026-01-28 04:00:00,2979.46,3034.99,2977.65,3024.92
2026-01-28 08:00:00,3024.92,3028.50,2995.78,3003.79
2026-01-28 12:00:00,3003.79,3018.09,2991.53,3004.06
2026-01-28 16:00:00,3004.07,3045.00,2985.33,3038.41
2026-01-28 20:00:00,3038.40,3044.39,2981.70,3006.25
2026-01-29 00:00:00,3006.25,3030.78,2987.89,3015.25
2026-01-29 04:00:00,3015.26,3038.10,2995.01,3009.36
2026-01-29 08:00:00,3009.36,3012.04,2943.00,2951.40
2026-01-29 12:00:00,2951.40,2964.36,2936.39,2960.11
2026-01-29 16:00:00,2960.11,2969.00,2922.21,2928.08
2026-01-29 20:00:00,2928.09,2938.00,2795.03,2822.65
2026-01-30 00:00:00,2822.66,2858.88,2752.50,2796.53
2026-01-30 04:00:00,2796.53,2826.15,2788.00,2821.00
2026-01-30 08:00:00,2821.00,2827.27,2673.33,2739.74
2026-01-30 12:00:00,2739.74,2773.68,2695.03,2738.43
2026-01-30 16:00:00,2738.43,2767.80,2708.00,2758.50
2026-01-30 20:00:00,2758.49,2765.50,2689.00,2727.63
2026-01-31 00:00:00,2727.63,2760.00,2634.63,2741.36
2026-01-31 04:00:00,2741.36,2741.89,2662.47,2705.66
2026-01-31 08:00:00,2705.66,2713.43,2683.01,2694.79
2026-01-31 12:00:00,2694.79,2703.87,2665.00,2678.86
2026-01-31 16:00:00,2678.86,2682.60,2605.41,2639.04
2026-01-31 20:00:00,2639.04,2643.21,2507.47,2532.61
2026-02-01 00:00:00,2532.61,2549.98,2202.40,2381.56
2026-02-01 04:00:00,2381.57,2473.20,2352.36,2450.38
2026-02-01 08:00:00,2450.38,2474.98,2428.14,2444.17
2026-02-01 12:00:00,2444.18,2453.53,2392.04,2409.99
2026-02-01 16:00:00,2409.99,2437.95,2374.65,2410.65
2026-02-01 20:00:00,2410.65,2411.31,2284.68,2314.57
2026-02-02 00:00:00,2314.57,2378.09,2282.06,2319.29
2026-02-02 04:00:00,2319.29,2348.21,2218.00,2269.04
2026-02-02 08:00:00,2269.03,2322.71,2163.21,2237.41
2026-02-02 12:00:00,2237.40,2267.11,2156.00,2227.57
2026-02-02 16:00:00,2227.56,2317.49,2227.56,2281.21
2026-02-02 20:00:00,2281.20,2395.40,2280.78,2370.88
2026-02-03 00:00:00,2370.87,2385.56,2326.00,2329.75
2026-02-03 04:00:00,2329.75,2353.74,2311.47,2345.55
2026-02-03 08:00:00,2345.56,2358.60,2282.01,2343.10
2026-02-03 12:00:00,2343.10,2354.40,2296.45,2322.00
2026-02-03 16:00:00,2322.00,2331.86,2259.77,2275.63
2026-02-03 20:00:00,2275.63,2316.36,2250.66,2302.16
2026-02-04 00:00:00,2302.16,2302.70,2103.40,2204.33
2026-02-04 04:00:00,2204.33,2353.97,2186.69,2232.23
2026-02-04 08:00:00,2232.23,2295.00,2221.77,2282.23
2026-02-04 12:00:00,2282.22,2294.38,2255.13,2282.93
2026-02-04 16:00:00,2282.93,2285.29,2225.24,2253.73
2026-02-04 20:00:00,2253.73,2262.20,2135.00,2150.44
2026-02-05 00:00:00,2150.45,2195.00,2073.68,2187.77
2026-02-05 04:00:00,2187.76,2192.30,2086.00,2147.01
2026-02-05 08:00:00,2147.01,2173.00,2096.82,2109.11
2026-02-05 12:00:00,2109.12,2124.99,2061.22,2090.57
2026-02-05 16:00:00,2090.56,2149.38,2060.00,2078.74
2026-02-05 20:00:00,2078.72,2107.34,1925.41,1959.21
2026-02-06 00:00:00,1959.21,2017.49,1912.54,1927.24
2026-02-06 04:00:00,1927.24,1941.99,1813.44,1824.95
2026-02-06 08:00:00,1824.94,1947.50,1736.02,1891.17
2026-02-06 12:00:00,1891.18,1974.83,1885.02,1898.21
2026-02-06 16:00:00,1898.21,1939.80,1865.24,1931.76
2026-02-06 20:00:00,1931.75,2001.86,1914.00,1979.49
2026-02-07 00:00:00,1979.49,2090.00,1969.99,2065.15
2026-02-07 04:00:00,2065.14,2095.10,2041.41,2062.54
2026-02-07 08:00:00,2062.55,2085.52,2031.76,2079.62
2026-02-07 12:00:00,2079.61,2118.87,1993.34,2026.09
2026-02-07 16:00:00,2026.09,2031.53,1998.52,2017.52
2026-02-07 20:00:00,2017.53,2075.61,2008.18,2051.49
2026-02-08 00:00:00,2051.49,2125.00,2009.00,2090.11
2026-02-08 04:00:00,2090.10,2116.79,2072.00,2085.93
2026-02-08 08:00:00,2085.94,2106.00,2075.55,2077.86
2026-02-08 12:00:00,2077.87,2087.96,2065.28,2083.48
2026-02-08 16:00:00,2083.49,2137.00,2077.01,2130.98
2026-02-08 20:00:00,2130.98,2144.35,2096.00,2107.31
2026-02-09 00:00:00,2107.30,2128.88,2070.91,2125.76
2026-02-09 04:00:00,2125.78,2152.00,2070.46,2088.60
2026-02-09 08:00:00,2088.59,2102.42,2052.92,2099.01
2026-02-09 12:00:00,2099.01,2100.88,2063.28,2064.42
2026-02-09 16:00:00,2064.42,2069.20,2012.00,2027.43
2026-02-09 20:00:00,2027.44,2072.92,2008.00,2060.27
2026-02-10 00:00:00,2060.28,2142.82,2046.41,2130.56
2026-02-10 04:00:00,2130.55,2148.00,2086.87,2103.96
2026-02-10 08:00:00,2103.96,2123.70,2049.64,2063.70
2026-02-10 12:00:00,2063.71,2073.32,1996.06,2006.05
2026-02-10 16:00:00,2006.06,2029.00,1993.35,2001.87
2026-02-10 20:00:00,2001.87,2038.72,1983.77,2021.32
2026-02-11 00:00:00,2021.32,2046.10,1994.11,2016.82
2026-02-11 04:00:00,2016.82,2021.72,1995.57,2021.51
2026-02-11 08:00:00,2021.51,2031.00,1996.00,2008.41
2026-02-11 12:00:00,2008.40,2010.28,1937.00,1949.56
2026-02-11 16:00:00,1949.55,1955.99,1930.39,1952.33
2026-02-11 20:00:00,1952.32,2015.43,1901.22,1928.05
2026-02-12 00:00:00,1928.04,1959.00,1907.53,1951.26
2026-02-12 04:00:00,1951.26,1987.47,1929.62,1940.07
2026-02-12 08:00:00,1940.07,1977.00,1940.07,1967.75
2026-02-12 12:00:00,1967.74,1982.36,1952.24,1966.97
2026-02-12 16:00:00,1966.97,2000.90,1956.19,1987.88
2026-02-12 20:00:00,1987.87,1995.53,1943.44,1947.47
2026-02-13 00:00:00,1947.47,1949.00,1893.77,1924.36
2026-02-13 04:00:00,1924.36,1952.27,1908.29,1947.15
2026-02-13 08:00:00,1947.15,1957.94,1926.72,1952.49
2026-02-13 12:00:00,1952.49,1954.76,1923.29,1934.88
2026-02-13 16:00:00,1934.89,1968.49,1932.88,1959.25
2026-02-13 20:00:00,1959.26,2049.99,1951.59,2033.71
2026-02-14 00:00:00,2033.78,2073.00,2030.13,2056.82
2026-02-14 04:00:00,2056.82,2058.79,2036.76,2047.60
2026-02-14 08:00:00,2047.60,2056.91,2041.00,2053.39
2026-02-14 12:00:00,2053.40,2059.99,2047.20,2056.10
2026-02-14 16:00:00,2056.09,2107.02,2055.90,2098.22
2026-02-14 20:00:00,2098.22,2099.23,2063.16,2086.38
2026-02-15 00:00:00,2086.38,2089.61,2066.48,2087.31
2026-02-15 04:00:00,2087.31,2098.94,2077.29,2085.43
2026-02-15 08:00:00,2085.43,2089.00,2034.35,2058.09
2026-02-15 12:00:00,2058.08,2102.73,2058.08,2090.58
2026-02-15 16:00:00,2090.58,2096.00,2052.52,2060.97
2026-02-15 20:00:00,2060.98,2067.80,1992.00,2010.25
2026-02-16 00:00:00,2010.25,2010.33,1926.83,1941.17
2026-02-16 04:00:00,1941.18,1973.50,1933.29,1965.47
2026-02-16 08:00:00,1965.48,1980.64,1947.24,1957.72
2026-02-16 12:00:00,1957.73,1977.66,1951.59,1970.12
2026-02-16 16:00:00,1970.12,1992.23,1956.05,1975.15
2026-02-16 20:00:00,1975.15,2023.30,1935.39,1955.63
2026-02-17 00:00:00,1955.63,1988.00,1955.13,1973.37
2026-02-17 04:00:00,1973.37,2003.29,1970.10,1997.35
2026-02-17 08:00:00,1997.36,2008.64,1977.31,1984.89
2026-02-17 12:00:00,1984.89,1997.99,1963.50,1984.85
2026-02-17 16:00:00,1984.84,1989.92,1960.19,1967.58
2026-02-17 20:00:00,1967.58,2003.43,1940.01,1967.63
2026-02-18 00:00:00,1967.64,2014.91,1952.61,1997.30
2026-02-18 04:00:00,1997.31,2003.25,1985.59,1990.68
2026-02-18 08:00:00,1990.68,1999.64,1967.27,1995.85
2026-02-18 12:00:00,1995.85,2022.00,1992.13,2017.19
2026-02-18 16:00:00,2017.20,2038.27,1975.20,1980.19
2026-02-18 20:00:00,1980.19,2009.80,1953.20,1984.56
2026-02-19 00:00:00,1984.56,1986.99,1921.64,1939.82
2026-02-19 04:00:00,1939.83,1955.59,1934.11,1954.77
2026-02-19 08:00:00,1954.77,1973.57,1949.10,1971.19
2026-02-19 12:00:00,1971.20,1986.91,1963.00,1980.82
2026-02-19 16:00:00,1980.82,1981.79,1946.11,1948.70
2026-02-19 20:00:00,1948.71,1955.20,1910.00,1925.20
2026-02-20 00:00:00,1925.21,1946.75,1905.50,1940.14
2026-02-20 04:00:00,1940.13,1953.00,1933.68,1948.15
2026-02-20 08:00:00,1948.15,1963.56,1946.25,1954.06
2026-02-20 12:00:00,1954.06,1967.96,1928.52,1959.65
2026-02-20 16:00:00,1959.65,1972.99,1939.24,1942.76
2026-02-20 20:00:00,1942.76,1980.27,1921.53,1963.05
2026-02-21 00:00:00,1963.05,1980.73,1937.60,1962.88
2026-02-21 04:00:00,1962.89,1974.43,1960.71,1967.85
2026-02-21 08:00:00,1967.85,1969.99,1955.07,1958.29
2026-02-21 12:00:00,1958.30,1965.46,1955.17,1962.00
2026-02-21 16:00:00,1962.00,1988.20,1961.26,1976.25
2026-02-21 20:00:00,1976.24,1996.64,1968.31,1987.04
2026-02-22 00:00:00,1987.04,1994.59,1975.31,1987.48
2026-02-22 04:00:00,1987.48,1989.66,1967.03,1972.54
2026-02-22 08:00:00,1972.54,1982.83,1966.10,1973.76
2026-02-22 12:00:00,1973.76,1978.59,1970.01,1975.01
2026-02-22 16:00:00,1975.01,1982.67,1969.04,1979.84
2026-02-22 20:00:00,1979.85,1980.60,1942.24,1952.81
2026-02-23 00:00:00,1952.81,1954.67,1933.00,1942.81
2026-02-23 04:00:00,1942.81,1960.00,1938.92,1957.01
2026-02-23 08:00:00,1957.00,1957.58,1844.46,1860.94
2026-02-23 12:00:00,1860.93,1887.80,1852.00,1884.13
2026-02-23 16:00:00,1884.13,1927.73,1875.60,1914.41
2026-02-23 20:00:00,1914.40,1935.27,1891.42,1894.72
2026-02-24 00:00:00,1894.73,1899.34,1836.06,1856.15
2026-02-24 04:00:00,1856.16,1869.04,1846.00,1855.47
2026-02-24 08:00:00,1855.47,1868.94,1810.46,1830.94
2026-02-24 12:00:00,1830.94,1839.85,1812.52,1824.63
2026-02-24 16:00:00,1824.63,1835.55,1813.16,1825.74
2026-02-24 20:00:00,1825.75,1849.59,1796.00,1846.37
2026-02-25 00:00:00,1846.36,1864.58,1837.01,1851.56
2026-02-25 04:00:00,1851.56,1863.50,1843.83,1851.09
2026-02-25 08:00:00,1851.10,1945.70,1845.70,1905.37
2026-02-25 12:00:00,1905.38,1913.82,1877.06,1892.35
2026-02-25 16:00:00,1892.36,1927.89,1889.24,1925.28
2026-02-25 20:00:00,1925.27,2027.93,1921.23,2012.86
2026-02-26 00:00:00,2012.85,2084.93,2012.14,2070.32
2026-02-26 04:00:00,2070.34,2149.95,2033.18,2056.50
2026-02-26 08:00:00,2056.51,2076.00,2037.83,2053.15
2026-02-26 12:00:00,2053.15,2083.09,2050.50,2052.48
2026-02-26 16:00:00,2052.49,2082.65,2043.47,2056.51
2026-02-26 20:00:00,2056.52,2077.40,2010.38,2032.33
2026-02-27 00:00:00,2032.33,2036.79,1973.49,2029.00
2026-02-27 04:00:00,2029.00,2042.60,2016.70,2026.71
2026-02-27 08:00:00,2026.70,2048.91,1999.20,2044.48
2026-02-27 12:00:00,2044.48,2063.71,2021.00,2031.54
2026-02-27 16:00:00,2031.54,2045.59,1951.48,1960.79
2026-02-27 20:00:00,1960.79,1968.00,1936.00,1947.39
2026-02-28 00:00:00,1947.39,1947.75,1906.00,1920.02
2026-02-28 04:00:00,1920.02,1932.85,1885.00,1928.50
2026-02-28 08:00:00,1928.51,1937.37,1916.77,1923.33
2026-02-28 12:00:00,1923.33,1930.86,1834.06,1865.36
2026-02-28 16:00:00,1865.37,1880.39,1843.19,1862.27
2026-02-28 20:00:00,1862.28,1914.99,1861.01,1897.78
2026-03-01 00:00:00,1897.77,1954.00,1884.13,1945.78
2026-03-01 04:00:00,1945.78,1984.22,1936.69,1963.48
2026-03-01 08:00:00,1963.48,2054.67,1942.42,2022.29
2026-03-01 12:00:00,2022.29,2029.63,1988.21,2006.27
2026-03-01 16:00:00,2006.26,2009.30,1971.02,1982.30
2026-03-01 20:00:00,1982.30,2027.77,1967.34,1992.31
2026-03-02 00:00:00,1992.30,2010.00,1942.65,1952.97
2026-03-02 04:00:00,1952.96,1974.90,1905.91,1938.57
2026-03-02 08:00:00,1938.58,1988.52,1936.33,1971.36
2026-03-02 12:00:00,1971.36,1984.45,1924.14,1940.25
2026-03-02 16:00:00,1940.27,1966.93,1916.00,1946.56
2026-03-02 20:00:00,1946.55,2064.79,1919.77,2046.39
2026-03-03 00:00:00,2046.39,2089.00,2014.46,2042.44
2026-03-03 04:00:00,2042.44,2058.58,2023.26,2026.69
2026-03-03 08:00:00,2026.69,2041.22,1996.62,2007.69
2026-03-03 12:00:00,2007.69,2019.26,1986.13,1995.27
2026-03-03 16:00:00,1995.27,1999.70,1938.01,1960.09
2026-03-03 20:00:00,1960.10,1989.18,1926.32,1968.09
2026-03-04 00:00:00,1968.09,2013.33,1957.42,1985.14
2026-03-04 04:00:00,1985.14,2000.98,1958.16,1981.85
2026-03-04 08:00:00,1981.85,1997.99,1943.40,1959.59
2026-03-04 12:00:00,1959.59,2010.00,1948.81,2005.72
2026-03-04 16:00:00,2005.71,2093.00,1999.39,2054.18
2026-03-04 20:00:00,2054.18,2165.50,2035.20,2149.30
2026-03-05 00:00:00,2149.29,2199.47,2127.83,2176.46
2026-03-05 04:00:00,2176.47,2178.69,2115.33,2125.98
2026-03-05 08:00:00,2125.97,2141.57,2106.32,2119.11
2026-03-05 12:00:00,2119.10,2144.37,2093.88,2104.30
2026-03-05 16:00:00,2104.29,2163.00,2092.43,2136.76
2026-03-05 20:00:00,2136.76,2142.38,2066.31,2086.09
2026-03-06 00:00:00,2086.10,2093.96,2053.30,2073.61
2026-03-06 04:00:00,2073.60,2099.30,2066.77,2072.18
2026-03-06 08:00:00,2072.17,2092.39,2060.60,2082.88
2026-03-06 12:00:00,2082.88,2086.57,2058.00,2081.79
2026-03-06 16:00:00,2081.79,2081.79,2044.12,2050.02
2026-03-06 20:00:00,2050.03,2062.00,1963.92,1976.43
2026-03-07 00:00:00,1976.42,1991.98,1954.25,1982.52
2026-03-07 04:00:00,1982.53,1988.90,1968.30,1977.66
2026-03-07 08:00:00,1977.66,1995.74,1971.40,1979.14
2026-03-07 12:00:00,1979.15,1983.89,1961.66,1982.19
2026-03-07 16:00:00,1982.18,1993.83,1973.84,1987.51
2026-03-07 20:00:00,1987.52,1989.85,1969.20,1980.19
2026-03-08 00:00:00,1980.19,1982.81,1946.87,1954.01
2026-03-08 04:00:00,1954.01,1973.15,1953.64,1968.39
2026-03-08 08:00:00,1968.39,1976.33,1934.33,1946.40
2026-03-08 12:00:00,1946.40,1959.04,1927.58,1953.97
2026-03-08 16:00:00,1953.97,1979.03,1942.70,1950.29
2026-03-08 20:00:00,1950.28,1953.75,1922.86,1942.00
2026-03-09 00:00:00,1942.01,1969.19,1926.73,1963.20
2026-03-09 04:00:00,1963.21,1970.16,1906.63,1935.97
2026-03-09 08:00:00,1935.98,2004.84,1928.20,1976.60
2026-03-09 12:00:00,1976.60,2013.33,1962.27,1982.90
2026-03-09 16:00:00,1982.90,2021.88,1977.69,1991.49
2026-03-09 20:00:00,1991.49,2033.52,1991.42,2021.44
2026-03-10 00:00:00,2021.45,2052.83,2004.17,2032.67
2026-03-10 04:00:00,2032.66,2036.44,1988.18,1992.28
2026-03-10 08:00:00,1992.28,2053.93,1990.23,2025.61
2026-03-10 12:00:00,2025.61,2059.24,2025.32,2050.00
2026-03-10 16:00:00,2050.00,2074.00,2050.00,2060.77
2026-03-10 20:00:00,2060.77,2085.00,2007.77,2078.42
2026-03-11 00:00:00,2078.42,2088.00,2025.55,2035.84
2026-03-11 04:00:00,2035.84,2048.00,2015.78,2035.39
2026-03-11 08:00:00,2035.38,2041.00,2017.04,2020.28
2026-03-11 12:00:00,2020.28,2041.00,2005.90,2011.61
2026-03-11 16:00:00,2011.59,2033.54,2008.50,2016.96
2026-03-11 20:00:00,2016.97,2081.68,2011.51,2048.84
2026-03-12 00:00:00,2048.85,2084.98,2045.14,2075.13
2026-03-12 04:00:00,2075.13,2083.85,2044.12,2050.99
2026-03-12 08:00:00,2050.98,2057.37,2016.17,2022.07
2026-03-12 12:00:00,2022.07,2041.92,2018.17,2039.71
2026-03-12 16:00:00,2039.72,2075.65,2036.75,2061.77
2026-03-12 20:00:00,2061.77,2094.57,2036.18,2071.40
2026-03-13 00:00:00,2071.39,2077.47,2044.00,2068.63
2026-03-13 04:00:00,2068.61,2093.53,2054.40,2072.60
2026-03-13 08:00:00,2072.60,2148.00,2069.10,2117.77
2026-03-13 12:00:00,2117.78,2119.20,2088.52,2098.45
2026-03-13 16:00:00,2098.44,2133.00,2090.09,2120.02
2026-03-13 20:00:00,2120.01,2209.49,2119.30,2127.00
2026-03-14 00:00:00,2127.01,2142.83,2088.44,2101.72
2026-03-14 04:00:00,2101.73,2116.39,2077.03,2091.01
2026-03-14 08:00:00,2091.00,2103.62,2080.06,2100.00
2026-03-14 12:00:00,2100.00,2105.75,2067.13,2076.30
2026-03-14 16:00:00,2076.30,2080.22,2060.09,2072.65
2026-03-14 20:00:00,2072.65,2079.55,2068.34,2073.55
2026-03-15 00:00:00,2073.55,2078.44,2067.58,2076.25
2026-03-15 04:00:00,2076.25,2098.58,2074.79,2095.27
2026-03-15 08:00:00,2095.28,2107.00,2081.59,2095.17
2026-03-15 12:00:00,2095.17,2116.35,2095.00,2104.97
2026-03-15 16:00:00,2104.97,2123.25,2104.97,2118.60
2026-03-15 20:00:00,2118.61,2118.96,2085.10,2092.93
2026-03-16 00:00:00,2092.93,2117.62,2087.65,2112.33
2026-03-16 04:00:00,2112.32,2202.87,2108.91,2177.73
2026-03-16 08:00:00,2177.73,2253.60,2163.32,2235.13
2026-03-16 12:00:00,2235.14,2288.00,2235.13,2248.43
2026-03-16 16:00:00,2248.44,2279.68,2233.00,2268.81
2026-03-16 20:00:00,2268.82,2308.00,2253.51,2272.42
2026-03-17 00:00:00,2272.41,2347.99,2268.62,2329.98
2026-03-17 04:00:00,2329.98,2385.78,2322.37,2351.66
2026-03-17 08:00:00,2351.66,2377.00,2306.87,2319.11
2026-03-17 12:00:00,2319.12,2337.50,2292.57,2326.75
2026-03-17 16:00:00,2326.74,2334.73,2301.04,2325.75
2026-03-17 20:00:00,2325.75,2356.66,2303.00,2314.69
2026-03-18 00:00:00,2314.68,2341.83,2311.07,2319.10
2026-03-18 04:00:00,2319.09,2345.00,2315.51,2316.45
2026-03-18 08:00:00,2316.45,2349.99,2305.60,2339.60
2026-03-18 12:00:00,2339.61,2341.00,2310.07,2316.60
2026-03-18 16:00:00,2316.60,2332.98,2262.01,2268.10
2026-03-18 20:00:00,2268.11,2269.74,2168.00,2186.25
2026-03-19 00:00:00,2186.25,2219.00,2163.03,2184.91
2026-03-19 04:00:00,2184.90,2205.90,2150.70,2201.95
2026-03-19 08:00:00,2201.96,2232.64,2186.12,2210.87
2026-03-19 12:00:00,2210.86,2212.00,2141.79,2165.27
2026-03-19 16:00:00,2165.27,2191.99,2156.84,2166.00
2026-03-19 20:00:00,2165.99,2166.58,2098.02,2117.62
2026-03-20 00:00:00,2117.63,2155.90,2103.43,2139.99
2026-03-20 04:00:00,2139.99,2154.43,2129.37,2136.56
2026-03-20 08:00:00,2136.56,2159.67,2131.07,2150.20
2026-03-20 12:00:00,2150.20,2158.53,2120.04,2149.30
2026-03-20 16:00:00,2149.30,2175.64,2130.23,2140.37
2026-03-20 20:00:00,2140.36,2152.00,2114.20,2133.09
2026-03-21 00:00:00,2133.09,2144.00,2116.28,2132.10
2026-03-21 04:00:00,2132.10,2167.53,2122.90,2145.08
2026-03-21 08:00:00,2145.08,2159.00,2142.88,2152.41
2026-03-21 12:00:00,2152.40,2160.71,2149.06,2154.40
2026-03-21 16:00:00,2154.40,2158.16,2148.45,2156.53
2026-03-21 20:00:00,2156.54,2168.00,2145.00,2154.25
2026-03-22 00:00:00,2154.25,2154.66,2140.15,2151.19
2026-03-22 04:00:00,2151.19,2156.12,2068.78,2083.37
2026-03-22 08:00:00,2083.37,2126.38,2045.57,2112.84
2026-03-22 12:00:00,2112.83,2122.16,2091.39,2092.82
2026-03-22 16:00:00,2092.82,2096.73,2065.21,2068.97
2026-03-22 20:00:00,2068.96,2092.60,2066.87,2081.96
2026-03-23 00:00:00,2081.97,2083.56,2053.01,2062.00
2026-03-23 04:00:00,2062.00,2074.71,2024.11,2052.85
2026-03-23 08:00:00,2052.86,2071.92,2034.38,2051.55
2026-03-23 12:00:00,2051.55,2071.30,2021.58,2043.65
2026-03-23 16:00:00,2043.65,2199.00,2027.57,2133.89
2026-03-23 20:00:00,2133.90,2192.54,2105.39,2127.55
2026-03-24 00:00:00,2127.54,2179.00,2116.00,2153.37
2026-03-24 04:00:00,2153.36,2165.87,2139.06,2151.01
2026-03-24 08:00:00,2151.00,2155.36,2122.78,2140.40
2026-03-24 12:00:00,2140.41,2169.90,2127.82,2164.33
2026-03-24 16:00:00,2164.34,2174.71,2146.01,2164.75
2026-03-24 20:00:00,2164.74,2169.37,2117.71,2134.13
2026-03-25 00:00:00,2134.13,2139.88,2102.00,2115.96
2026-03-25 04:00:00,2115.96,2162.90,2114.70,2155.29
2026-03-25 08:00:00,2155.30,2168.00,2142.66,2157.50
2026-03-25 12:00:00,2157.49,2179.72,2155.57,2163.70
2026-03-25 16:00:00,2163.71,2200.11,2163.03,2185.01
2026-03-25 20:00:00,2185.01,2197.30,2145.59,2161.67
2026-03-26 00:00:00,2161.68,2187.63,2155.08,2171.73
2026-03-26 04:00:00,2171.73,2184.99,2158.01,2168.00
2026-03-26 08:00:00,2168.00,2171.32,2142.15,2152.15
2026-03-26 12:00:00,2152.15,2153.52,2110.72,2122.37
2026-03-26 16:00:00,2122.36,2126.24,2061.00,2067.33
2026-03-26 20:00:00,2067.34,2093.64,2050.54,2069.43
2026-03-27 00:00:00,2069.43,2070.00,2033.22,2047.86
2026-03-27 04:00:00,2047.85,2080.25,2045.17,2059.17
2026-03-27 08:00:00,2059.18,2076.43,2055.50,2060.45
2026-03-27 12:00:00,2060.44,2071.59,2041.32,2064.95
2026-03-27 16:00:00,2064.94,2068.60,1980.28,1990.24
2026-03-27 20:00:00,1990.24,2009.46,1966.20,1990.12
2026-03-28 00:00:00,1990.11,1996.88,1973.37,1990.28
2026-03-28 04:00:00,1990.28,1995.37,1977.90,1991.58
2026-03-28 08:00:00,1991.57,1994.30,1981.52,1987.95
2026-03-28 12:00:00,1987.95,2007.63,1986.00,2005.94
2026-03-28 16:00:00,2005.95,2007.46,1991.20,1996.41
2026-03-28 20:00:00,1996.41,2049.36,1991.23,2025.79
2026-03-29 00:00:00,2025.80,2028.97,2014.57,2019.52
2026-03-29 04:00:00,2019.52,2025.42,1988.16,1993.48
2026-03-29 08:00:00,1993.48,2019.00,1990.53,2010.14
2026-03-29 12:00:00,2010.14,2011.89,1996.26,2005.00
2026-03-29 16:00:00,2005.00,2007.29,1990.40,2002.65
2026-03-29 20:00:00,2002.65,2003.98,1982.21,1991.80
2026-03-30 00:00:00,1991.80,2003.20,1986.50,1995.04
2026-03-30 04:00:00,1995.05,2008.99,1936.54,1983.44
2026-03-30 08:00:00,1983.45,2043.26,1978.70,2034.97
2026-03-30 12:00:00,2034.97,2067.78,2034.97,2058.70
2026-03-30 16:00:00,2058.69,2086.99,2046.40,2070.40
2026-03-30 20:00:00,2070.40,2084.82,2042.88,2073.40
2026-03-31 00:00:00,2073.39,2074.00,2012.14,2022.69
2026-03-31 04:00:00,2022.69,2049.21,2012.59,2025.69
2026-03-31 08:00:00,2025.69,2093.00,2015.25,2065.92
2026-03-31 12:00:00,2065.91,2071.42,2040.88,2055.00
2026-03-31 16:00:00,2054.99,2058.66,2011.25,2040.23
2026-03-31 20:00:00,2040.23,2091.49,2033.89,2053.66
2026-04-01 00:00:00,2053.66,2124.51,2053.31,2095.68
2026-04-01 04:00:00,2095.68,2109.48,2087.00,2104.49
2026-04-01 08:00:00,2104.48,2117.44,2081.19,2101.87
2026-04-01 12:00:00,2101.87,2157.99,2099.18,2130.13
2026-04-01 16:00:00,2130.13,2142.76,2124.43,2134.18
2026-04-01 20:00:00,2134.18,2149.37,2107.53,2133.93
2026-04-02 00:00:00,2133.93,2167.20,2122.23,2140.24
2026-04-02 04:00:00,2140.25,2164.47,2129.20,2138.80
2026-04-02 08:00:00,2138.80,2158.42,2044.00,2054.73
2026-04-02 12:00:00,2054.73,2057.42,2037.23,2054.80
2026-04-02 16:00:00,2054.79,2054.79,2022.00,2032.04
2026-04-02 20:00:00,2032.03,2072.00,2015.55,2058.46
2026-04-03 00:00:00,2058.45,2076.00,2042.18,2064.39
2026-04-03 04:00:00,2064.40,2073.41,2052.26,2055.96
2026-04-03 08:00:00,2055.97,2061.88,2038.35,2053.00
2026-04-03 12:00:00,2053.01,2074.60,2046.16,2064.98
2026-04-03 16:00:00,2064.98,2071.14,2052.02,2061.87
2026-04-03 20:00:00,2061.88,2084.02,2040.26,2050.31
2026-04-04 00:00:00,2050.31,2055.90,2042.40,2051.43
2026-04-04 04:00:00,2051.42,2060.99,2048.37,2052.92
2026-04-04 08:00:00,2052.93,2053.00,2046.87,2049.21
2026-04-04 12:00:00,2049.21,2057.50,2047.51,2052.72
2026-04-04 16:00:00,2052.73,2054.50,2046.45,2051.06
2026-04-04 20:00:00,2051.06,2060.99,2043.00,2055.16
2026-04-05 00:00:00,2055.16,2083.36,2051.74,2063.77
2026-04-05 04:00:00,2063.77,2071.46,2058.63,2064.43
2026-04-05 08:00:00,2064.43,2064.60,2052.65,2055.69
2026-04-05 12:00:00,2055.69,2057.19,2026.32,2036.00
2026-04-05 16:00:00,2036.00,2051.83,2034.57,2040.88
2026-04-05 20:00:00,2040.88,2069.25,2020.61,2053.13
2026-04-06 00:00:00,2053.12,2068.88,2047.04,2060.99
2026-04-06 04:00:00,2061.00,2123.23,2048.66,2109.35
2026-04-06 08:00:00,2109.36,2147.73,2109.36,2128.38
2026-04-06 12:00:00,2128.38,2140.50,2119.04,2134.05
2026-04-06 16:00:00,2134.05,2174.41,2132.52,2150.55
2026-04-06 20:00:00,2150.54,2169.11,2136.42,2163.43
2026-04-07 00:00:00,2163.43,2167.52,2122.00,2143.29
2026-04-07 04:00:00,2143.30,2154.42,2086.29,2106.14
2026-04-07 08:00:00,2106.14,2119.78,2091.93,2107.19
2026-04-07 12:00:00,2107.20,2118.25,2095.35,2103.00
2026-04-07 16:00:00,2102.99,2132.96,2080.57,2088.47
2026-04-07 20:00:00,2088.48,2092.61,2058.01,2079.26
2026-04-08 00:00:00,2079.26,2117.00,2076.41,2112.52
2026-04-08 04:00:00,2112.52,2273.00,2109.43,2239.14
2026-04-08 08:00:00,2239.14,2250.71,2226.28,2233.89
2026-04-08 12:00:00,2233.89,2259.72,2233.88,2252.75
2026-04-08 16:00:00,2252.74,2262.75,2235.83,2246.53
2026-04-08 20:00:00,2246.53,2269.65,2186.03,2214.56
2026-04-09 00:00:00,2214.56,2238.66,2196.26,2210.01
2026-04-09 04:00:00,2210.00,2221.64,2177.77,2188.87
2026-04-09 08:00:00,2188.87,2193.23,2160.00,2181.31
2026-04-09 12:00:00,2181.31,2188.57,2174.39,2179.96
2026-04-09 16:00:00,2179.97,2196.53,2175.00,2179.02
2026-04-09 20:00:00,2179.02,2224.99,2156.00,2217.00
2026-04-10 00:00:00,2216.99,2230.00,2192.00,2215.36
2026-04-10 04:00:00,2215.36,2246.15,2181.70,2188.92
2026-04-10 08:00:00,2188.92,2203.19,2173.81,2185.16
2026-04-10 12:00:00,2185.16,2202.67,2175.25,2178.63
2026-04-10 16:00:00,2178.62,2223.00,2176.04,2214.72
2026-04-10 20:00:00,2214.71,2257.55,2206.77,2223.23
2026-04-11 00:00:00,2223.23,2254.67,2220.03,2251.80
2026-04-11 04:00:00,2251.80,2255.89,2233.74,2243.90
2026-04-11 08:00:00,2243.91,2251.33,2233.33,2235.94
2026-04-11 12:00:00,2235.94,2241.68,2227.03,2231.68
2026-04-11 16:00:00,2231.68,2248.28,2230.69,2245.00
2026-04-11 20:00:00,2245.00,2255.85,2232.20,2248.39
2026-04-12 00:00:00,2248.39,2329.99,2245.22,2315.24
2026-04-12 04:00:00,2315.25,2316.48,2275.20,2283.85
2026-04-12 08:00:00,2283.86,2288.12,2205.52,2212.71
2026-04-12 12:00:00,2212.71,2219.88,2207.00,2217.01
2026-04-12 16:00:00,2217.01,2217.98,2192.42,2203.11
2026-04-12 20:00:00,2203.11,2207.35,2173.00,2185.27
2026-04-13 00:00:00,2185.27,2206.00,2181.66,2197.24
2026-04-13 04:00:00,2197.23,2217.70,2182.65,2190.62
2026-04-13 08:00:00,2190.61,2207.90,2186.12,2193.27
2026-04-13 12:00:00,2193.27,2201.47,2181.02,2185.50
2026-04-13 16:00:00,2185.50,2194.62,2178.18,2186.30
2026-04-13 20:00:00,2186.29,2235.41,2174.48,2208.08
2026-04-14 00:00:00,2208.08,2268.70,2198.57,2261.20
2026-04-14 04:00:00,2261.20,2395.85,2246.39,2368.80
2026-04-14 08:00:00,2368.80,2378.00,2353.87,2364.68
2026-04-14 12:00:00,2364.69,2389.00,2353.87,2376.85
2026-04-14 16:00:00,2376.85,2395.30,2366.62,2373.12
2026-04-14 20:00:00,2373.13,2416.40,2331.46,2363.24
2026-04-15 00:00:00,2363.25,2370.29,2301.60,2312.54
2026-04-15 04:00:00,2312.56,2331.66,2307.42,2321.17
2026-04-15 08:00:00,2321.16,2342.07,2316.43,2327.60
2026-04-15 12:00:00,2327.59,2337.19,2306.80,2315.53
2026-04-15 16:00:00,2315.52,2340.00,2310.93,2336.20
2026-04-15 20:00:00,2336.21,2348.88,2316.17,2330.60
2026-04-16 00:00:00,2330.60,2384.67,2327.40,2373.70
2026-04-16 04:00:00,2373.69,2379.90,2347.18,2358.87
2026-04-16 08:00:00,2358.86,2368.45,2343.27,2356.52
2026-04-16 12:00:00,2356.51,2362.91,2334.00,2340.40
2026-04-16 16:00:00,2340.39,2347.06,2327.11,2334.42
2026-04-16 20:00:00,2334.43,2352.00,2282.70,2337.60
2026-04-17 00:00:00,2337.59,2361.00,2307.94,2358.39
2026-04-17 04:00:00,2358.39,2363.67,2333.45,2346.92
2026-04-17 08:00:00,2346.93,2349.85,2322.35,2324.46
2026-04-17 12:00:00,2324.45,2340.88,2314.08,2333.24
2026-04-17 16:00:00,2333.23,2376.96,2331.91,2353.63
2026-04-17 20:00:00,2353.64,2456.32,2348.00,2440.71
2026-04-18 00:00:00,2440.71,2463.86,2414.12,2426.48
2026-04-18 04:00:00,2426.48,2441.65,2414.14,2417.66
2026-04-18 08:00:00,2417.65,2426.62,2397.00,2404.00
2026-04-18 12:00:00,2404.00,2412.38,2398.00,2402.38
2026-04-18 16:00:00,2402.38,2403.84,2341.52,2351.45
2026-04-18 20:00:00,2351.46,2368.97,2343.56,2361.99
2026-04-19 00:00:00,2361.98,2374.15,2337.00,2347.04
2026-04-19 04:00:00,2347.04,2358.57,2343.42,2348.99
2026-04-19 08:00:00,2348.99,2353.99,2330.15,2338.60
2026-04-19 12:00:00,2338.61,2344.88,2291.29,2314.27
2026-04-19 16:00:00,2314.27,2329.99,2304.23,2327.66
2026-04-19 20:00:00,2327.66,2348.92,2313.39,2329.47
2026-04-20 00:00:00,2329.46,2330.05,2286.30,2298.63
2026-04-20 04:00:00,2298.63,2299.04,2250.91,2262.20
2026-04-20 08:00:00,2262.21,2292.91,2258.30,2285.07
2026-04-20 12:00:00,2285.08,2331.88,2262.06,2296.82
2026-04-20 16:00:00,2296.83,2319.19,2288.13,2306.94
2026-04-20 20:00:00,2306.95,2326.00,2276.71,2312.71
2026-04-21 00:00:00,2312.72,2343.27,2296.51,2330.39
2026-04-21 04:00:00,2330.39,2346.84,2306.01,2312.59
2026-04-21 08:00:00,2312.59,2325.42,2297.51,2310.14
2026-04-21 12:00:00,2310.13,2327.11,2302.90,2316.96
2026-04-21 16:00:00,2316.95,2337.99,2312.61,2318.91
2026-04-21 20:00:00,2318.91,2326.54,2288.79,2309.31
2026-04-22 00:00:00,2309.30,2330.00,2280.82,2297.04
2026-04-22 04:00:00,2297.04,2328.69,2293.50,2326.13
2026-04-22 08:00:00,2326.12,2379.19,2311.41,2362.69
2026-04-22 12:00:00,2362.69,2414.35,2357.26,2389.24
2026-04-22 16:00:00,2389.25,2399.84,2382.15,2397.59
2026-04-22 20:00:00,2397.59,2423.00,2388.76,2402.69
2026-04-23 00:00:00,2402.69,2412.82,2383.29,2396.75
2026-04-23 04:00:00,2396.76,2405.20,2372.60,2373.04
2026-04-23 08:00:00,2373.05,2381.85,2330.00,2339.62
2026-04-23 12:00:00,2339.62,2357.72,2336.00,2342.81
2026-04-23 16:00:00,2342.81,2343.72,2303.90,2327.93
2026-04-23 20:00:00,2327.92,2343.36,2314.08,2332.17
2026-04-24 00:00:00,2332.17,2334.88,2283.31,2311.78
2026-04-24 04:00:00,2311.77,2337.76,2311.42,2328.94
2026-04-24 08:00:00,2328.94,2336.46,2298.54,2307.14
2026-04-24 12:00:00,2307.15,2316.19,2298.44,2310.49
2026-04-24 16:00:00,2310.49,2331.00,2301.66,2326.70
2026-04-24 20:00:00,2326.71,2330.36,2300.00,2322.72
2026-04-25 00:00:00,2322.73,2324.00,2307.27,2320.37
2026-04-25 04:00:00,2320.36,2327.11,2305.20,2313.88
2026-04-25 08:00:00,2313.87,2320.00,2310.00,2317.51
2026-04-25 12:00:00,2317.52,2318.17,2312.05,2315.14
2026-04-25 16:00:00,2315.13,2322.22,2309.51,2312.47
2026-04-25 20:00:00,2312.47,2317.94,2298.98,2306.65
2026-04-26 00:00:00,2306.64,2312.95,2298.98,2308.88
2026-04-26 04:00:00,2308.89,2319.59,2307.80,2318.21
2026-04-26 08:00:00,2318.21,2318.58,2305.07,2308.64
2026-04-26 12:00:00,2308.64,2336.63,2307.38,2330.23
2026-04-26 16:00:00,2330.23,2336.99,2328.05,2334.78
2026-04-26 20:00:00,2334.78,2351.60,2321.97,2347.00
2026-04-27 00:00:00,2347.00,2376.51,2339.11,2366.18
2026-04-27 04:00:00,2366.19,2379.99,2347.00,2368.32
2026-04-27 08:00:00,2368.32,2403.99,2356.12,2393.68
2026-04-27 12:00:00,2393.68,2394.92,2310.09,2314.50
2026-04-27 16:00:00,2314.50,2324.29,2307.42,2318.77
2026-04-27 20:00:00,2318.76,2328.72,2263.88,2273.52
2026-04-28 00:00:00,2273.52,2291.00,2268.48,2287.76
2026-04-28 04:00:00,2287.77,2307.26,2283.05,2302.28
2026-04-28 08:00:00,2302.28,2309.73,2278.52,2289.47
2026-04-28 12:00:00,2289.47,2295.77,2266.54,2286.49
2026-04-28 16:00:00,2286.50,2290.32,2269.30,2274.39
2026-04-28 20:00:00,2274.39,2284.97,2256.03,2278.52
2026-04-29 00:00:00,2278.53,2304.93,2273.00,2300.87
2026-04-29 04:00:00,2300.86,2304.83,2282.76,2288.37
2026-04-29 08:00:00,2288.36,2315.72,2278.02,2310.55
2026-04-29 12:00:00,2310.54,2342.15,2308.04,2322.82
2026-04-29 16:00:00,2322.83,2346.48,2319.67,2330.57
2026-04-29 20:00:00,2330.56,2331.00,2261.88,2271.57
2026-04-30 00:00:00,2271.57,2284.86,2218.83,2232.35
2026-04-30 04:00:00,2232.34,2263.75,2229.06,2251.52
2026-04-30 08:00:00,2251.53,2277.92,2234.16,2251.81
2026-04-30 12:00:00,2251.82,2261.41,2230.10,2258.99
2026-04-30 16:00:00,2259.00,2273.00,2250.87,2257.05
2026-04-30 20:00:00,2257.05,2274.80,2244.96,2264.61
2026-05-01 00:00:00,2264.60,2266.09,2250.05,2260.70
2026-05-01 04:00:00,2260.71,2266.35,2250.98,2256.49
2026-05-01 08:00:00,2256.50,2294.99,2256.03,2281.60
2026-05-01 12:00:00,2281.60,2285.86,2270.62,2278.54
2026-05-01 16:00:00,2278.55,2292.33,2275.68,2285.32
2026-05-01 20:00:00,2285.32,2324.64,2282.68,2306.86
2026-05-02 00:00:00,2306.86,2313.33,2297.04,2303.88
2026-05-02 04:00:00,2303.89,2305.10,2278.00,2294.34
2026-05-02 08:00:00,2294.34,2308.09,2291.41,2303.06
2026-05-02 12:00:00,2303.06,2305.35,2295.13,2299.77
2026-05-02 16:00:00,2299.78,2306.90,2297.51,2301.00
2026-05-02 20:00:00,2300.99,2311.09,2299.84,2307.86
2026-05-03 00:00:00,2307.86,2312.94,2302.32,2310.15
2026-05-03 04:00:00,2310.15,2342.00,2308.41,2315.90
2026-05-03 08:00:00,2315.91,2316.62,2298.02,2300.65
2026-05-03 12:00:00,2300.65,2312.98,2296.01,2308.20
2026-05-03 16:00:00,2308.20,2327.29,2306.25,2318.87
2026-05-03 20:00:00,2318.88,2333.00,2318.88,2327.23
2026-05-04 00:00:00,2327.23,2337.16,2321.24,2334.60
2026-05-04 04:00:00,2334.60,2356.75,2313.11,2321.67
2026-05-04 08:00:00,2321.67,2391.62,2308.10,2384.08
2026-05-04 12:00:00,2384.07,2398.88,2353.00,2361.79
2026-05-04 16:00:00,2361.79,2369.82,2313.05,2336.20
2026-05-04 20:00:00,2336.20,2382.00,2324.20,2348.62
2026-05-05 00:00:00,2348.63,2378.85,2334.99,2355.36
2026-05-05 04:00:00,2355.36,2364.97,2343.61,2346.11
2026-05-05 08:00:00,2346.12,2388.42,2344.00,2380.96
2026-05-05 12:00:00,2380.96,2389.97,2365.77,2379.17
2026-05-05 16:00:00,2379.16,2383.57,2365.14,2378.65
2026-05-05 20:00:00,2378.65,2398.88,2366.96,2379.84
2026-05-06 00:00:00,2379.84,2381.98,2358.16,2370.58
2026-05-06 04:00:00,2370.58,2387.88,2352.79,2359.47
2026-05-06 08:00:00,2359.47,2379.88,2352.42,2375.32
2026-05-06 12:00:00,2375.33,2378.11,2352.50,2370.54
2026-05-06 16:00:00,2370.54,2422.52,2368.06,2408.99
2026-05-06 20:00:00,2408.99,2412.55,2343.27,2357.72
2026-05-07 00:00:00,2357.71,2368.58,2335.17,2347.14
2026-05-07 04:00:00,2347.15,2356.03,2337.00,2349.70
2026-05-07 08:00:00,2349.69,2351.29,2311.48,2320.86
2026-05-07 12:00:00,2320.86,2345.83,2316.00,2343.33
2026-05-07 16:00:00,2343.32,2345.60,2316.11,2329.02
2026-05-07 20:00:00,2329.01,2335.88,2284.06,2293.46
2026-05-08 00:00:00,2293.47,2303.20,2278.00,2294.93
2026-05-08 04:00:00,2294.94,2301.55,2278.74,2289.91
2026-05-08 08:00:00,2289.92,2293.28,2263.43,2277.71
2026-05-08 12:00:00,2277.71,2283.60,2266.00,2279.88
2026-05-08 16:00:00,2279.88,2297.14,2278.45,2293.85
2026-05-08 20:00:00,2293.85,2301.85,2268.32,2292.39
2026-05-09 00:00:00,2292.40,2320.66,2285.17,2315.20
2026-05-09 04:00:00,2315.21,2318.30,2302.30,2306.17
2026-05-09 08:00:00,2306.17,2319.72,2303.38,2314.24
2026-05-09 12:00:00,2314.24,2324.51,2309.90,2313.51
2026-05-09 16:00:00,2313.50,2319.38,2309.14,2313.68
2026-05-09 20:00:00,2313.69,2317.50,2296.66,2316.52
2026-05-10 00:00:00,2316.52,2337.79,2314.06,2331.13
2026-05-10 04:00:00,2331.14,2332.61,2323.47,2325.22
2026-05-10 08:00:00,2325.23,2333.95,2317.02,2326.79
2026-05-10 12:00:00,2326.79,2331.12,2325.10,2326.31
2026-05-10 16:00:00,2326.30,2333.10,2317.68,2321.50
2026-05-10 20:00:00,2321.51,2352.00,2319.70,2346.78
2026-05-11 00:00:00,2346.79,2367.66,2338.90,2364.58
2026-05-11 04:00:00,2364.59,2381.88,2310.01,2370.21
2026-05-11 08:00:00,2370.21,2373.91,2318.39,2329.23
2026-05-11 12:00:00,2329.24,2343.00,2325.34,2329.53
2026-05-11 16:00:00,2329.53,2339.00,2325.47,2334.72
2026-05-11 20:00:00,2334.72,2338.29,2302.51,2332.39
2026-05-12 00:00:00,2332.40,2343.31,2322.33,2339.38
2026-05-12 04:00:00,2339.39,2344.88,2333.86,2338.61
2026-05-12 08:00:00,2338.62,2339.80,2292.94,2308.26
2026-05-12 12:00:00,2308.26,2313.48,2290.00,2294.01
2026-05-12 16:00:00,2294.01,2295.50,2276.31,2285.91
2026-05-12 20:00:00,2285.91,2294.09,2255.22,2260.90
2026-05-13 00:00:00,2260.91,2286.64,2255.15,2284.11
2026-05-13 04:00:00,2284.12,2291.16,2272.59,2273.62
2026-05-13 08:00:00,2273.61,2302.80,2271.60,2300.48
2026-05-13 12:00:00,2300.47,2308.76,2294.34,2300.12
2026-05-13 16:00:00,2300.12,2322.68,2298.00,2300.74
2026-05-13 20:00:00,2300.74,2306.91,2233.00,2235.38
2026-05-14 00:00:00,2235.39,2267.98,2233.86,2255.60
2026-05-14 04:00:00,2255.61,2263.50,2249.63,2257.54
2026-05-14 08:00:00,2257.53,2268.75,2237.05,2241.03
2026-05-14 12:00:00,2241.03,2274.52,2238.17,2264.23
2026-05-14 16:00:00,2264.23,2269.99,2251.25,2252.81
2026-05-14 20:00:00,2252.80,2298.95,2245.01,2297.36
2026-05-15 00:00:00,2297.37,2318.60,2292.52,2297.42
2026-05-15 04:00:00,2297.43,2300.59,2278.87,2282.06
2026-05-15 08:00:00,2282.06,2299.36,2259.56,2272.36
2026-05-15 12:00:00,2272.36,2273.70,2236.25,2263.90
2026-05-15 16:00:00,2263.90,2264.21,2248.42,2256.32
2026-05-15 20:00:00,2256.33,2259.67,2203.55,2221.91
2026-05-16 00:00:00,2221.92,2232.00,2217.55,2222.31
2026-05-16 04:00:00,2222.30,2225.31,2213.09,2223.66
2026-05-16 08:00:00,2223.65,2230.79,2222.37,2226.63
2026-05-16 12:00:00,2226.63,2227.90,2180.12,2193.52
2026-05-16 16:00:00,2193.51,2196.06,2160.50,2175.33
2026-05-16 20:00:00,2175.33,2187.42,2171.11,2178.95
2026-05-17 00:00:00,2178.94,2184.33,2169.00,2178.71
2026-05-17 04:00:00,2178.72,2182.77,2178.16,2179.66
2026-05-17 08:00:00,2179.67,2184.79,2166.66,2180.57
2026-05-17 12:00:00,2180.57,2194.90,2180.00,2185.19
2026-05-17 16:00:00,2185.18,2197.63,2181.84,2191.13
2026-05-17 20:00:00,2191.13,2197.41,2176.09,2185.49
2026-05-18 00:00:00,2185.50,2192.87,2175.04,2191.40
2026-05-18 04:00:00,2191.40,2194.00,2085.00,2129.88
2026-05-18 08:00:00,2129.88,2131.00,2102.93,2117.63
2026-05-18 12:00:00,2117.62,2124.80,2108.33,2119.46
2026-05-18 16:00:00,2119.46,2139.18,2109.40,2132.98
2026-05-18 20:00:00,2132.98,2156.52,2092.60,2106.66
2026-05-19 00:00:00,2106.66,2127.96,2074.26,2124.48
2026-05-19 04:00:00,2124.50,2141.97,2113.52,2128.99
2026-05-19 08:00:00,2128.99,2146.99,2118.40,2130.46
2026-05-19 12:00:00,2130.46,2144.22,2122.27,2139.98
2026-05-19 16:00:00,2139.98,2140.45,2105.73,2109.74
2026-05-19 20:00:00,2109.73,2126.95,2093.16,2109.37
2026-05-20 00:00:00,2109.38,2124.50,2106.27,2112.27
2026-05-20 04:00:00,2112.26,2119.79,2101.21,2111.00
2026-05-20 08:00:00,2110.99,2118.50,2101.79,2110.62
2026-05-20 12:00:00,2110.63,2135.54,2106.01,2128.79
2026-05-20 16:00:00,2128.80,2138.00,2123.18,2127.38
2026-05-20 20:00:00,2127.38,2148.60,2112.50,2135.70
2026-05-21 00:00:00,2135.70,2147.92,2122.87,2138.17
2026-05-21 04:00:00,2138.16,2139.87,2117.41,2128.60
2026-05-21 08:00:00,2128.59,2157.00,2127.67,2144.77
2026-05-21 12:00:00,2144.77,2147.80,2123.33,2134.07
2026-05-21 16:00:00,2134.06,2147.51,2108.29,2114.08
2026-05-21 20:00:00,2114.08,2137.44,2103.51,2131.38
2026-05-22 00:00:00,2131.38,2152.78,2120.03,2142.09
2026-05-22 04:00:00,2142.09,2142.56,2125.90,2132.78
2026-05-22 08:00:00,2132.78,2140.75,2124.05,2136.87
2026-05-22 12:00:00,2136.87,2140.45,2121.00,2127.49
2026-05-22 16:00:00,2127.48,2132.67,2117.76,2129.65
2026-05-22 20:00:00,2129.64,2137.33,2111.00,2118.50
2026-05-23 00:00:00,2118.51,2129.39,2056.39,2064.60
2026-05-23 04:00:00,2064.60,2078.81,2056.05,2064.98
2026-05-23 08:00:00,2064.99,2071.10,2051.49,2069.87
2026-05-23 12:00:00,2069.88,2070.24,2007.00,2027.47
2026-05-23 16:00:00,2027.48,2035.00,2020.17,2030.46
2026-05-23 20:00:00,2030.46,2067.84,2026.10,2059.43
2026-05-24 00:00:00,2059.43,2083.00,2056.40,2076.51
2026-05-24 04:00:00,2076.50,2149.86,2073.52,2116.82
2026-05-24 08:00:00,2116.82,2126.73,2112.00,2118.09
2026-05-24 12:00:00,2118.09,2129.55,2112.80,2120.25
2026-05-24 16:00:00,2120.25,2131.10,2118.03,2125.07
2026-05-24 20:00:00,2125.08,2125.50,2075.60,2095.10
2026-05-25 00:00:00,2095.11,2108.59,2094.11,2099.87
2026-05-25 04:00:00,2099.87,2107.49,2061.26,2098.99
2026-05-25 08:00:00,2098.99,2112.67,2090.84,2094.55
2026-05-25 12:00:00,2094.56,2117.60,2090.96,2115.38
2026-05-25 16:00:00,2115.38,2123.72,2110.85,2113.89
2026-05-25 20:00:00,2113.88,2137.99,2111.04,2126.00
2026-05-26 00:00:00,2126.01,2141.60,2115.42,2120.41
2026-05-26 04:00:00,2120.41,2122.45,2101.09,2111.64
2026-05-26 08:00:00,2111.64,2112.95,2083.39,2092.48
2026-05-26 12:00:00,2092.49,2103.90,2087.80,2094.40
2026-05-26 16:00:00,2094.40,2136.84,2092.94,2120.00
2026-05-26 20:00:00,2119.99,2139.66,2076.46,2086.14
2026-05-27 00:00:00,2086.14,2089.00,2053.00,2073.65
2026-05-27 04:00:00,2073.65,2077.90,2064.59,2072.99
2026-05-27 08:00:00,2073.00,2083.54,2067.48,2068.80
2026-05-27 12:00:00,2068.79,2083.34,2055.00,2082.66
2026-05-27 16:00:00,2082.67,2096.13,2077.10,2079.58
2026-05-27 20:00:00,2079.57,2096.61,2051.00,2070.86
2026-05-28 00:00:00,2070.86,2073.79,2041.64,2056.84
2026-05-28 04:00:00,2056.85,2065.99,2013.98,2023.70
2026-05-28 08:00:00,2023.70,2028.47,1970.00,1980.66
2026-05-28 12:00:00,1980.65,1995.59,1965.48,1994.24
2026-05-28 16:00:00,1994.24,1997.95,1983.60,1988.73
2026-05-28 20:00:00,1988.73,2002.21,1966.15,1989.69
2026-05-29 00:00:00,1989.70,2029.50,1984.11,2013.86
2026-05-29 04:00:00,2013.87,2023.50,2004.43,2008.92
2026-05-29 08:00:00,2008.92,2016.29,1995.74,2002.06
2026-05-29 12:00:00,2002.05,2020.76,1997.53,2006.54
2026-05-29 16:00:00,2006.53,2015.40,2001.29,2006.62
2026-05-29 20:00:00,2006.63,2046.00,1975.37,2030.83
2026-05-30 00:00:00,2030.83,2043.69,2003.00,2016.03
2026-05-30 04:00:00,2016.02,2023.31,2005.79,2013.35
2026-05-30 08:00:00,2013.36,2022.69,2009.47,2015.90
2026-05-30 12:00:00,2015.90,2023.30,2000.83,2015.33
2026-05-30 16:00:00,2015.33,2021.88,2012.88,2016.54
2026-05-30 20:00:00,2016.54,2031.51,2016.16,2025.95
2026-05-31 00:00:00,2025.95,2029.72,2018.13,2027.96
2026-05-31 04:00:00,2027.97,2030.79,2019.24,2021.58
2026-05-31 08:00:00,2021.59,2037.55,2019.85,2032.66
2026-05-31 12:00:00,2032.66,2034.20,2021.53,2023.14
2026-05-31 16:00:00,2023.14,2028.40,2014.40,2022.23
2026-05-31 20:00:00,2022.22,2025.70,2004.53,2009.51
2026-06-01 00:00:00,2009.50,2011.50,1992.84,1998.76
2026-06-01 04:00:00,1998.76,2022.27,1998.76,2006.31
2026-06-01 08:00:00,2006.30,2020.90,1990.09,2008.48
2026-06-01 12:00:00,2008.47,2011.38,1970.30,1975.46
2026-06-01 16:00:00,1975.45,1989.46,1971.10,1980.73
2026-06-01 20:00:00,1980.73,1993.59,1954.42,1967.60
2026-06-02 00:00:00,1967.61,2008.25,1957.47,2003.92
2026-06-02 04:00:00,2003.92,2009.42,1983.51,2006.00
2026-06-02 08:00:00,2006.01,2006.44,1961.31,2003.32
2026-06-02 12:00:00,2003.32,2005.92,1972.60,1980.90
2026-06-02 16:00:00,1980.89,1988.80,1965.52,1977.52
2026-06-02 20:00:00,1977.53,1982.07,1888.00,1914.11
2026-06-03 00:00:00,1914.11,1944.65,1879.24,1911.40
2026-06-03 04:00:00,1911.40,1918.00,1837.01,1858.96
2026-06-03 08:00:00,1858.96,1873.72,1816.00,1827.22
2026-06-03 12:00:00,1827.22,1883.64,1826.85,1877.56
2026-06-03 16:00:00,1877.55,1892.39,1869.21,1877.60
2026-06-03 20:00:00,1877.61,1879.62,1835.17,1835.99
2026-06-04 00:00:00,1835.99,1843.26,1794.20,1802.41
2026-06-04 04:00:00,1802.42,1851.58,1767.71,1812.46
2026-06-04 08:00:00,1812.45,1819.90,1712.52,1808.50
2026-06-04 12:00:00,1808.50,1817.30,1772.29,1776.45
2026-06-04 16:00:00,1776.45,1782.63,1728.88,1750.67
2026-06-04 20:00:00,1750.67,1793.66,1743.27,1775.90
2026-06-05 00:00:00,1775.90,1787.38,1752.66,1776.24
2026-06-05 04:00:00,1776.23,1782.29,1751.60,1769.86
2026-06-05 08:00:00,1769.85,1774.34,1721.26,1729.05
2026-06-05 12:00:00,1729.05,1747.00,1622.31,1678.28
2026-06-05 16:00:00,1678.29,1689.23,1658.35,1662.39
2026-06-05 20:00:00,1662.39,1677.00,1571.21,1582.20
2026-06-06 00:00:00,1582.20,1612.14,1538.13,1573.01
2026-06-06 04:00:00,1573.03,1618.85,1556.11,1582.35
2026-06-06 08:00:00,1582.35,1600.56,1554.00,1562.32
2026-06-06 12:00:00,1562.33,1581.43,1503.60,1574.54
2026-06-06 16:00:00,1574.54,1592.80,1533.33,1557.73
2026-06-06 20:00:00,1557.74,1574.99,1542.72,1559.71
2026-06-07 00:00:00,1559.71,1565.80,1545.79,1553.71
2026-06-07 04:00:00,1553.71,1569.00,1550.07,1568.60
2026-06-07 08:00:00,1568.60,1599.99,1563.00,1593.97
2026-06-07 12:00:00,1593.98,1622.95,1583.69,1614.19
2026-06-07 16:00:00,1614.20,1648.00,1607.41,1629.39
2026-06-07 20:00:00,1629.39,1639.59,1605.46,1629.20
2026-06-08 00:00:00,1629.19,1636.99,1601.99,1611.91
2026-06-08 04:00:00,1611.90,1721.57,1608.09,1689.66
2026-06-08 08:00:00,1689.66,1710.97,1670.14,1678.93
2026-06-08 12:00:00,1678.93,1680.31,1643.65,1672.70
2026-06-08 16:00:00,1672.71,1696.22,1656.07,1682.93
2026-06-08 20:00:00,1682.93,1705.77,1664.92,1690.62
2026-06-09 00:00:00,1690.62,1702.99,1674.01,1683.75
2026-06-09 04:00:00,1683.75,1714.22,1678.01,1689.21
2026-06-09 08:00:00,1689.20,1695.77,1653.09,1668.61
2026-06-09 12:00:00,1668.61,1696.00,1663.39,1679.19
2026-06-09 16:00:00,1679.19,1679.88,1663.75,1670.74
2026-06-09 20:00:00,1670.73,1684.09,1632.84,1635.42
2026-06-10 00:00:00,1635.42,1657.76,1613.10,1656.56
2026-06-10 04:00:00,1656.56,1662.98,1628.90,1638.64
2026-06-10 08:00:00,1638.64,1646.27,1620.63,1629.88
2026-06-10 12:00:00,1629.87,1642.99,1615.34,1639.32
2026-06-10 16:00:00,1639.32,1640.08,1605.00,1619.18
2026-06-10 20:00:00,1619.17,1667.31,1615.01,1657.09
2026-06-11 00:00:00,1657.10,1658.12,1621.17,1629.22
2026-06-11 04:00:00,1629.22,1635.45,1602.05,1620.72
2026-06-11 08:00:00,1620.72,1662.07,1620.72,1653.19
2026-06-11 12:00:00,1653.20,1662.72,1645.36,1653.67
2026-06-11 16:00:00,1653.67,1673.59,1653.34,1665.76
2026-06-11 20:00:00,1665.77,1665.94,1635.20,1644.64
2026-06-12 00:00:00,1644.64,1693.38,1631.32,1680.29
2026-06-12 04:00:00,1680.29,1682.79,1666.00,1672.57
2026-06-12 08:00:00,1672.57,1678.16,1658.88,1672.39
2026-06-12 12:00:00,1672.40,1681.84,1651.17,1661.21
2026-06-12 16:00:00,1661.23,1684.99,1661.21,1672.85
2026-06-12 20:00:00,1672.86,1690.51,1652.50,1658.98
2026-06-13 00:00:00,1658.98,1677.50,1656.26,1665.08
2026-06-13 04:00:00,1665.08,1667.32,1657.80,1665.48
2026-06-13 08:00:00,1665.49,1675.98,1662.62,1664.40
2026-06-13 12:00:00,1664.39,1677.29,1661.20,1675.51
2026-06-13 16:00:00,1675.51,1679.33,1671.99,1677.53
2026-06-13 20:00:00,1677.54,1685.98,1675.66,1681.44
2026-06-14 00:00:00,1681.44,1681.94,1670.50,1677.51
2026-06-14 04:00:00,1677.50,1698.10,1674.00,1680.41
2026-06-14 08:00:00,1680.42,1689.90,1678.00,1680.98
2026-06-14 12:00:00,1680.99,1682.01,1672.67,1674.92
2026-06-14 16:00:00,1674.92,1678.40,1667.57,1672.74
2026-06-14 20:00:00,1672.74,1673.88,1653.36,1662.04
2026-06-15 00:00:00,1662.05,1667.95,1658.08,1664.64
2026-06-15 04:00:00,1664.64,1732.00,1661.63,1724.74
2026-06-15 08:00:00,1724.74,1731.76,1708.45,1720.12
2026-06-15 12:00:00,1720.11,1723.09,1715.04,1715.58
2026-06-15 16:00:00,1715.57,1770.00,1711.27,1763.78
2026-06-15 20:00:00,1763.78,1848.78,1759.35,1844.55
2026-06-16 00:00:00,1844.55,1846.89,1810.50,1820.94
2026-06-16 04:00:00,1820.94,1825.87,1781.87,1795.16
2026-06-16 08:00:00,1795.15,1801.86,1763.87,1778.22
2026-06-16 12:00:00,1778.21,1782.37,1757.36,1773.23
2026-06-16 16:00:00,1773.23,1807.32,1772.20,1798.73
2026-06-16 20:00:00,1798.73,1839.54,1762.17,1781.41
2026-06-17 00:00:00,1781.41,1807.71,1771.79,1794.63
2026-06-17 04:00:00,1794.63,1799.82,1788.30,1792.32
2026-06-17 08:00:00,1792.33,1809.67,1778.48,1792.83
2026-06-17 12:00:00,1792.83,1801.41,1777.52,1784.40
2026-06-17 16:00:00,1784.39,1785.68,1758.00,1763.22
2026-06-17 20:00:00,1763.22,1776.50,1740.36,1772.54
2026-06-18 00:00:00,1772.54,1795.58,1728.24,1734.02
2026-06-18 04:00:00,1734.02,1751.14,1724.22,1749.56
2026-06-18 08:00:00,1749.57,1762.34,1740.22,1743.27
2026-06-18 12:00:00,1743.27,1752.70,1720.90,1748.89
2026-06-18 16:00:00,1748.89,1752.74,1738.08,1742.32
2026-06-18 20:00:00,1742.33,1752.47,1678.05,1681.21
2026-06-19 00:00:00,1681.20,1706.86,1670.56,1704.79
2026-06-19 04:00:00,1704.80,1716.64,1699.11,1710.18
2026-06-19 08:00:00,1710.18,1718.83,1680.03,1696.62
2026-06-19 12:00:00,1696.63,1702.88,1684.66,1695.14
2026-06-19 16:00:00,1695.15,1699.17,1686.23,1691.05
2026-06-19 20:00:00,1691.05,1711.65,1678.17,1706.92
2026-06-20 00:00:00,1706.92,1711.00,1692.43,1700.44
2026-06-20 04:00:00,1700.44,1714.70,1697.82,1710.31
2026-06-20 08:00:00,1710.30,1717.72,1703.13,1707.37
2026-06-20 12:00:00,1707.37,1733.00,1705.59,1725.16
2026-06-20 16:00:00,1725.17,1731.10,1720.30,1726.37
2026-06-20 20:00:00,1726.38,1749.13,1707.11,1739.89
2026-06-21 00:00:00,1739.90,1740.27,1720.01,1728.37
2026-06-21 04:00:00,1728.37,1745.72,1725.51,1740.00
2026-06-21 08:00:00,1740.00,1740.57,1732.62,1737.03
2026-06-21 12:00:00,1737.03,1740.68,1728.49,1731.45
2026-06-21 16:00:00,1731.45,1736.31,1717.19,1724.66
2026-06-21 20:00:00,1724.66,1731.86,1716.00,1729.85
2026-06-22 00:00:00,1729.85,1738.42,1720.82,1733.31
2026-06-22 04:00:00,1733.31,1734.60,1700.37,1706.31
2026-06-22 08:00:00,1706.30,1759.35,1706.10,1729.31
2026-06-22 12:00:00,1729.31,1750.93,1726.77,1745.76
2026-06-22 16:00:00,1745.76,1774.19,1742.56,1766.94
2026-06-22 20:00:00,1766.95,1779.00,1741.13,1744.02
2026-06-23 00:00:00,1744.02,1746.99,1727.41,1733.69
2026-06-23 04:00:00,1733.69,1739.60,1716.01,1727.32
2026-06-23 08:00:00,1727.32,1735.63,1718.61,1729.10
2026-06-23 12:00:00,1729.09,1730.49,1680.00,1681.96
2026-06-23 16:00:00,1681.97,1683.88,1633.33,1659.93
2026-06-23 20:00:00,1659.93,1672.00,1643.66,1658.90
2026-06-24 00:00:00,1658.90,1673.60,1649.03,1661.96
2026-06-24 04:00:00,1661.97,1672.12,1659.27,1666.40
2026-06-24 08:00:00,1666.40,1679.92,1657.04,1666.03
2026-06-24 12:00:00,1666.02,1678.98,1657.19,1672.38
2026-06-24 16:00:00,1672.39,1692.00,1654.53,1678.65
2026-06-24 20:00:00,1678.64,1680.67,1616.00,1617.46
2026-06-25 00:00:00,1617.46,1636.00,1551.00,1583.72
2026-06-25 04:00:00,1583.72,1629.15,1579.00,1621.54
2026-06-25 08:00:00,1621.55,1625.98,1613.67,1618.89
2026-06-25 12:00:00,1618.89,1660.56,1616.22,1656.44
2026-06-25 16:00:00,1656.44,1658.33,1627.07,1632.26
2026-06-25 20:00:00,1632.26,1649.69,1530.00,1569.43
2026-06-26 00:00:00,1569.42,1587.00,1553.81,1558.82
2026-06-26 04:00:00,1558.83,1583.00,1556.00,1566.97
2026-06-26 08:00:00,1566.98,1571.12,1510.87,1557.07
2026-06-26 12:00:00,1557.07,1585.55,1542.28,1579.82
2026-06-26 16:00:00,1579.81,1581.34,1540.00,1544.40
2026-06-26 20:00:00,1544.40,1587.65,1520.34,1579.32
2026-06-27 00:00:00,1579.32,1594.89,1569.66,1573.82
2026-06-27 04:00:00,1573.92,1582.67,1567.12,1577.86
2026-06-27 08:00:00,1577.85,1586.42,1570.66,1579.77
2026-06-27 12:00:00,1579.77,1585.70,1574.39,1584.75
2026-06-27 16:00:00,1584.75,1585.19,1578.08,1583.13
2026-06-27 20:00:00,1583.13,1610.44,1580.55,1604.87
2026-06-28 00:00:00,1604.86,1607.30,1571.98,1577.52
2026-06-28 04:00:00,1577.52,1584.61,1561.69,1573.10
2026-06-28 08:00:00,1573.10,1579.28,1568.27,1574.27
2026-06-28 12:00:00,1574.27,1576.65,1561.59,1575.02
2026-06-28 16:00:00,1575.03,1585.69,1571.38,1582.10
2026-06-28 20:00:00,1582.10,1588.27,1574.01,1580.00
2026-06-29 00:00:00,1580.00,1581.14,1555.62,1563.78
2026-06-29 04:00:00,1563.78,1582.00,1547.00,1571.10
2026-06-29 08:00:00,1571.11,1588.92,1549.08,1583.97
2026-06-29 12:00:00,1583.98,1588.58,1561.16,1579.36
2026-06-29 16:00:00,1579.36,1586.55,1569.28,1574.16
2026-06-29 20:00:00,1574.16,1597.00,1556.54,1579.48
2026-06-30 00:00:00,1579.49,1637.20,1573.33,1624.73
2026-06-30 04:00:00,1624.74,1626.00,1606.74,1612.12
2026-06-30 08:00:00,1612.12,1613.56,1585.64,1586.26
2026-06-30 12:00:00,1586.26,1595.79,1578.64,1591.64
2026-06-30 16:00:00,1591.65,1593.59,1574.55,1577.87
2026-06-30 20:00:00,1577.88,1577.88,1549.16,1564.56
2026-07-01 00:00:00,1564.56,1581.62,1561.21,1579.78
2026-07-01 04:00:00,1579.77,1582.23,1565.29,1571.47
2026-07-01 08:00:00,1571.48,1598.98,1552.03,1594.07
2026-07-01 12:00:00,1594.08,1604.40,1570.43,1577.70
2026-07-01 16:00:00,1577.71,1584.49,1565.94,1569.02
2026-07-01 20:00:00,1569.02,1630.72,1564.17,1619.26
2026-07-02 00:00:00,1619.27,1628.65,1606.14,1617.14
2026-07-02 04:00:00,1617.14,1645.86,1607.42,1608.87
2026-07-02 08:00:00,1608.87,1643.47,1596.14,1638.85
2026-07-02 12:00:00,1638.84,1639.40,1613.99,1615.56
2026-07-02 16:00:00,1615.55,1654.36,1614.51,1649.41
2026-07-02 20:00:00,1649.42,1725.00,1646.89,1696.32
2026-07-03 00:00:00,1696.33,1706.49,1685.04,1699.42
2026-07-03 04:00:00,1699.41,1706.00,1691.30,1699.90
2026-07-03 08:00:00,1699.89,1718.39,1693.68,1705.61
2026-07-03 12:00:00,1705.61,1721.97,1701.63,1717.00
2026-07-03 16:00:00,1717.00,1748.67,1714.90,1741.66
2026-07-03 20:00:00,1741.66,1753.36,1728.03,1730.37
2026-07-04 00:00:00,1730.38,1752.97,1726.85,1744.78
2026-07-04 04:00:00,1744.79,1775.50,1742.76,1757.41
2026-07-04 08:00:00,1757.41,1763.39,1743.09,1753.14
2026-07-04 12:00:00,1753.14,1763.99,1750.51,1757.42
2026-07-04 16:00:00,1757.43,1765.42,1754.08,1757.27
2026-07-04 20:00:00,1757.28,1799.00,1757.27,1790.43
2026-07-05 00:00:00,1790.44,1808.00,1778.08,1792.00
2026-07-05 04:00:00,1792.00,1795.27,1770.88,1779.94
2026-07-05 08:00:00,1779.94,1780.03,1756.04,1760.65
2026-07-05 12:00:00,1760.65,1771.99,1759.13,1769.17
2026-07-05 16:00:00,1769.18,1772.69,1747.27,1759.39
2026-07-05 20:00:00,1759.39,1781.18,1755.15,1773.89
2026-07-06 00:00:00,1773.88,1786.35,1769.46,1780.67
2026-07-06 04:00:00,1780.66,1807.77,1768.04,1785.07
2026-07-06 08:00:00,1785.07,1798.40,1770.84,1778.92
2026-07-06 12:00:00,1778.93,1785.06,1763.66,1771.42
2026-07-06 16:00:00,1771.43,1777.96,1755.07,1758.51
2026-07-06 20:00:00,1758.51,1788.26,1728.30,1787.72
2026-07-07 00:00:00,1787.72,1804.50,1781.53,1791.81
2026-07-07 04:00:00,1791.82,1833.00,1786.46,1798.84
2026-07-07 08:00:00,1798.84,1809.87,1766.80,1770.70
2026-07-07 12:00:00,1770.70,1782.23,1756.62,1770.54
2026-07-07 16:00:00,1770.54,1784.34,1767.29,1779.90
2026-07-07 20:00:00,1779.91,1802.86,1760.01,1796.66
2026-07-08 00:00:00,1796.67,1812.85,1771.02,1789.59
2026-07-08 04:00:00,1789.59,1792.27,1764.50,1770.67
2026-07-08 08:00:00,1770.67,1784.16,1740.40,1750.78
2026-07-08 12:00:00,1750.78,1759.00,1744.30,1755.74
2026-07-08 16:00:00,1755.74,1757.96,1724.31,1747.36
2026-07-08 20:00:00,1747.35,1750.68,1712.45,1722.08
2026-07-09 00:00:00,1722.08,1745.80,1722.07,1740.34
2026-07-09 04:00:00,1740.35,1744.14,1730.52,1742.68
2026-07-09 08:00:00,1742.67,1755.28,1720.53,1729.90
2026-07-09 12:00:00,1729.89,1762.52,1729.41,1752.47
2026-07-09 16:00:00,1752.47,1758.30,1740.26,1743.17
2026-07-09 20:00:00,1743.18,1751.52,1732.49,1738.61
2026-07-10 00:00:00,1738.61,1759.65,1731.10,1747.81
2026-07-10 04:00:00,1747.81,1750.37,1740.65,1744.25
2026-07-10 08:00:00,1744.26,1779.38,1736.61,1775.41
2026-07-10 12:00:00,1775.40,1779.91,1767.71,1772.50
2026-07-10 16:00:00,1772.50,1803.24,1771.66,1800.64
2026-07-10 20:00:00,1800.63,1811.23,1774.83,1790.49
2026-07-11 00:00:00,1790.48,1798.86,1779.35,1791.85
2026-07-11 04:00:00,1791.85,1797.40,1788.57,1796.03
2026-07-11 08:00:00,1796.03,1798.86,1785.00,1795.65
2026-07-11 12:00:00,1795.66,1802.76,1793.84,1799.07
2026-07-11 16:00:00,1799.07,1802.99,1794.24,1799.60
2026-07-11 20:00:00,1799.60,1827.80,1797.52,1814.12
2026-07-12 00:00:00,1814.11,1829.52,1809.70,1823.72
2026-07-12 04:00:00,1823.72,1828.53,1785.01,1786.70
2026-07-12 08:00:00,1786.69,1814.58,1778.26,1810.83
2026-07-12 12:00:00,1810.84,1811.85,1788.12,1797.98
2026-07-12 16:00:00,1797.97,1808.30,1795.40,1802.99
2026-07-12 20:00:00,1802.99,1826.20,1802.16,1819.95
2026-07-13 00:00:00,1819.95,1823.43,1813.69,1820.58
2026-07-13 04:00:00,1820.57,1823.40,1796.50,1805.92
2026-07-13 08:00:00,1805.92,1848.00,1773.46,1779.76
2026-07-13 12:00:00,1779.77,1790.50,1772.00,1786.74
2026-07-13 16:00:00,1786.74,1792.49,1776.01,1779.90
2026-07-13 20:00:00,1779.90,1785.97,1761.63,1775.90
2026-07-14 00:00:00,1775.90,1780.20,1748.00,1773.86
2026-07-14 04:00:00,1773.86,1777.73,1751.42,1776.00
2026-07-14 08:00:00,1776.00,1793.90,1772.52,1782.99
2026-07-14 12:00:00,1783.00,1792.77,1778.40,1780.00
2026-07-14 16:00:00,1780.00,1804.53,1777.61,1797.04
2026-07-14 20:00:00,1797.03,1887.99,1793.34,1874.38
2026-07-15 00:00:00,1874.37,1881.09,1860.00,1875.86
2026-07-15 04:00:00,1875.85,1896.86,1871.07,1891.12
2026-07-15 08:00:00,1891.12,1892.50,1863.32,1875.32
2026-07-15 12:00:00,1875.31,1891.54,1863.57,1869.13
2026-07-15 16:00:00,1869.13,1885.66,1869.08,1883.64
2026-07-15 20:00:00,1883.63,1946.75,1878.47,1930.97
2026-07-16 00:00:00,1930.97,1936.51,1903.37,1923.20
2026-07-16 04:00:00,1923.20,1930.00,1913.91,1916.91
2026-07-16 08:00:00,1916.91,1928.34,1907.07,1917.94
2026-07-16 12:00:00,1917.94,1928.69,1904.05,1909.91
2026-07-16 16:00:00,1909.91,1912.19,1873.63,1884.15
2026-07-16 20:00:00,1884.15,1894.25,1866.53,1880.90
2026-07-17 00:00:00,1880.90,1882.42,1860.00,1874.83
2026-07-17 04:00:00,1874.83,1880.97,1855.38,1863.73
2026-07-17 08:00:00,1863.73,1870.44,1842.10,1851.75
2026-07-17 12:00:00,1851.75,1852.37,1819.90,1827.37
2026-07-17 16:00:00,1827.37,1842.65,1820.10,1838.32
2026-07-17 20:00:00,1838.33,1839.45,1802.46,1830.20
2026-07-18 00:00:00,1830.20,1855.90,1825.70,1842.81
2026-07-18 04:00:00,1842.81,1845.75,1834.20,1841.08
2026-07-18 08:00:00,1841.08,1845.99,1838.47,1845.23
2026-07-18 12:00:00,1845.23,1848.93,1841.54,1843.42
2026-07-18 16:00:00,1843.41,1848.67,1841.31,1844.70
2026-07-18 20:00:00,1844.70,1849.71,1836.36,1843.15
2026-07-19 00:00:00,1843.14,1867.00,1840.61,1857.40
2026-07-19 04:00:00,1857.40,1864.74,1854.31,1861.75
2026-07-19 08:00:00,1861.75,1876.91,1857.51,1866.33
2026-07-19 12:00:00,1866.33,1871.20,1863.35,1869.35
2026-07-19 16:00:00,1869.35,1878.76,1863.20,1870.49
2026-07-19 20:00:00,1870.49,1878.50,1863.35,1870.12
2026-07-20 00:00:00,1870.12,1873.15,1850.95,1861.46
2026-07-20 04:00:00,1861.47,1876.46,1856.01,1871.49
2026-07-20 08:00:00,1871.49,1891.20,1861.02,1878.88
2026-07-20 12:00:00,1878.88,1879.25,1841.84,1863.11
2026-07-20 16:00:00,1863.11,1896.21,1853.20,1892.43
2026-07-20 20:00:00,1892.43,1905.00,1852.66,1901.58
2026-07-21 00:00:00,1901.58,1917.92,1888.62,1897.69
2026-07-21 04:00:00,1897.68,1906.76,1893.33,1903.50
2026-07-21 08:00:00,1903.51,1927.96,1899.44,1925.81
2026-07-21 12:00:00,1925.81,1939.51,1920.90,1933.29
2026-07-21 16:00:00,1933.29,1953.64,1925.28,1934.85
2026-07-21 20:00:00,1934.86,1944.58,1922.58,1930.89
2026-07-22 00:00:00,1930.89,1934.58,1912.44,1922.40
2026-07-22 04:00:00,1922.39,1931.01,1915.51,1929.29
2026-07-22 08:00:00,1929.29,1943.98,1925.80,1927.65
2026-07-22 12:00:00,1927.66,1938.50,1909.32,1913.26
2026-07-22 16:00:00,1913.27,1932.90,1912.86,1926.42
2026-07-22 20:00:00,1926.42,1958.75,1912.28,1942.06
2026-07-23 00:00:00,1942.07,1955.80,1919.70,1924.01
2026-07-23 04:00:00,1924.01,1938.80,1921.63,1933.31
2026-07-23 08:00:00,1933.31,1940.66,1916.49,1919.46
2026-07-23 12:00:00,1919.46,1927.79,1911.44,1914.61
2026-07-23 16:00:00,1914.62,1930.74,1913.39,1924.65
2026-07-23 20:00:00,1924.64,1926.93,1882.00,1894.49
2026-07-24 00:00:00,1894.49,1894.70,1868.18,1874.74
2026-07-24 04:00:00,1874.74,1887.98,1873.00,1877.42
2026-07-24 08:00:00,1877.42,1881.07,1858.00,1879.71
2026-07-24 12:00:00,1879.70,1909.32,1872.47,1895.00
2026-07-24 16:00:00,1895.00,1895.00,1875.22,1883.03
2026-07-24 20:00:00,1883.02,1885.20,1846.17,1861.28
2026-07-25 00:00:00,1861.28,1865.81,1852.56,1862.74
2026-07-25 04:00:00,1862.75,1864.51,1855.75,1860.57
2026-07-25 08:00:00,1860.58,1863.86,1854.27,1857.83
2026-07-25 12:00:00,1857.84,1862.20,1853.44,1855.11
2026-07-25 16:00:00,1855.10,1859.38,1850.26,1857.05
2026-07-25 20:00:00,1857.04,1871.73,1856.05,1867.03
2026-07-26 00:00:00,1867.04,1876.42,1863.54,1873.80
2026-07-26 04:00:00,1873.80,1876.25,1866.59,1873.92
2026-07-26 08:00:00,1873.93,1883.17,1873.00,1881.40
2026-07-26 12:00:00,1881.40,1888.67,1877.24,1880.85
2026-07-26 16:00:00,1880.85,1887.00,1878.27,1884.99
2026-07-26 20:00:00,1885.00,1917.45,1880.66,1913.75
2026-07-27 00:00:00,1913.76,1927.90,1907.99,1913.42
2026-07-27 04:00:00,1913.43,1966.97,1910.55,1953.79
2026-07-27 08:00:00,1953.80,1954.83,1935.29,1948.92
2026-07-27 12:00:00,1948.92,1982.00,1947.66,1963.58
2026-07-27 16:00:00,1963.59,1971.62,1955.46,1958.76
2026-07-27 20:00:00,1958.77,1977.58,1917.90,1926.77
2026-07-28 00:00:00,1926.77,1954.48,1921.43,1947.42
2026-07-28 04:00:00,1947.43,1949.64,1881.16,1891.44
2026-07-28 08:00:00,1891.43,1893.33,1865.00,1880.35
2026-07-28 12:00:00,1880.35,1888.58,1875.43,1882.75
2026-07-28 16:00:00,1882.75,1884.81,1870.66,1875.69
2026-07-28 20:00:00,1875.70,1923.79,1855.82,1919.28
2026-07-29 00:00:00,1919.27,1928.31,1890.89,1921.34
2026-07-29 04:00:00,1921.34,1928.90,1903.03,1921.13
2026-07-29 08:00:00,1921.13,1927.98,1890.13,1891.95
2026-07-29 12:00:00,1891.96,1926.50,1883.38,1924.14
2026-07-29 16:00:00,1924.13,1924.74,1907.66,1914.32
2026-07-29 20:00:00,1914.31,1914.31,1886.28,1891.13
2026-07-30 00:00:00,1891.13,1935.00,1880.95,1887.91
2026-07-30 04:00:00,1887.93,1912.50,1870.26,1909.68
2026-07-30 08:00:00,1909.68,1921.91,1892.99,1909.40
2026-07-30 12:00:00,1909.40,1910.34,1898.57,1902.38
2026-07-30 16:00:00,1902.39,1925.59,1899.50,1922.30
2026-07-30 20:00:00,1922.30,1936.52,1912.10,1917.96
2026-07-31 00:00:00,1917.96,1928.80,1914.00,1922.95
2026-07-31 04:00:00,1922.96,1936.57,1915.12,1917.31
2026-07-31 08:00:00,1917.31,1936.00,1898.16,1907.82
2026-07-31 12:00:00,1907.82,1910.53,1883.18,1888.92
2026-07-31 16:00:00,1888.93,1892.21,1876.68,1883.55
2026-07-31 20:00:00,1883.55,1889.72,1847.28,1861.94
2026-08-01 00:00:00,1861.94,1877.40,1860.00,1867.40
2026-08-01 04:00:00,1867.41,1870.00,1857.89,1861.68
2026-08-01 08:00:00,1861.68,1869.47,1861.31,1869.00
2026-08-01 12:00:00,1869.01,1871.21,1864.17,1868.90
2026-08-01 16:00:00,1868.90,1869.72,1862.00,1866.17
2026-08-01 20:00:00,1866.18,1874.44,1866.17,1869.20
2026-08-02 00:00:00,1869.19,1872.96,1820.61,1836.48
2026-08-02 04:00:00,1836.47,1848.63,1832.14,1844.17
2026-08-02 08:00:00,1844.17,1885.00,1843.03,1876.61
2026-08-02 12:00:00,1876.61,1882.20,1874.12,1875.32
2026-08-02 16:00:00,1875.31,1878.26,1848.18,1851.75
2026-08-02 20:00:00,1851.74,1862.28,1851.30,1857.77
2026-08-03 00:00:00,1857.77,1887.00,1854.89,1881.39
2026-08-03 04:00:00,1881.39,1898.50,1875.31,1884.37
2026-08-03 08:00:00,1884.38,1885.16,1850.01,1856.18
2026-08-03 12:00:00,1856.19,1862.22,1838.56,1843.00
2026-08-03 16:00:00,1843.00,1853.58,1827.18,1838.97
2026-08-03 20:00:00,1838.97,1873.32,1835.61,1862.54
2026-08-04 00:00:00,1862.54,1875.98,1860.74,1869.26
2026-08-04 04:00:00,1869.27,1875.11,1851.00,1859.78
2026-08-04 08:00:00,1859.78,1871.27,1847.50,1863.56
2026-08-04 12:00:00,1863.55,1874.08,1852.55,1863.11
2026-08-04 16:00:00,1863.11,1874.12,1852.78,1871.98
2026-08-04 20:00:00,1871.99,1881.72,1857.38,1872.24
2026-08-05 00:00:00,1872.24,1880.95,1864.52,1874.46
2026-08-05 04:00:00,1874.46,1880.80,1865.31,1868.90
2026-08-05 08:00:00,1868.90,1877.45,1860.30,1866.86
2026-08-05 12:00:00,1866.87,1877.00,1862.50,1871.85
2026-08-05 16:00:00,1871.86,1875.38,1865.00,1867.93
2026-08-05 20:00:00,1867.93,1884.68,1854.51,1872.91
2026-08-06 00:00:00,1872.91,1927.19,1872.40,1916.09
2026-08-06 04:00:00,1916.09,1923.94,1903.14,1907.95
2026-08-06 08:00:00,1907.95,1912.99,1893.62,1897.94
2026-08-06 12:00:00,1897.94,1917.99,1894.67,1908.52
2026-08-06 16:00:00,1908.53,1920.92,1895.80,1906.89
2026-08-06 20:00:00,1906.88,1919.06,1891.46,1909.88
2026-08-07 00:00:00,1909.88,1917.89,1903.06,1908.77
2026-08-07 04:00:00,1908.77,1909.84,1897.82,1903.12
2026-08-07 08:00:00,1903.11,1907.89,1895.00,1896.53
2026-08-07 12:00:00,1896.52,1906.91,1893.37,1901.66
2026-08-07 16:00:00,1901.65,1920.50,1901.20,1915.51
2026-08-07 20:00:00,1915.51,1943.00,1909.34,1916.99
2026-08-08 00:00:00,1916.98,1924.41,1903.50,1917.85
2026-08-08 04:00:00,1917.85,1921.47,1911.80,1913.07
2026-08-08 08:00:00,1913.07,1918.31,1911.26,1917.20
2026-08-08 12:00:00,1917.20,1918.62,1913.00,1914.29
2026-08-08 16:00:00,1914.30,1923.32,1913.84,1920.05
2026-08-08 20:00:00,1920.04,1925.85,1917.71,1921.85
2026-08-09 00:00:00,1921.84,1925.55,1918.40,1919.61
2026-08-09 04:00:00,1919.61,1921.99,1913.68,1915.98
2026-08-09 08:00:00,1915.98,1919.37,1911.10,1913.07
2026-08-09 12:00:00,1913.06,1919.00,1912.00,1918.28
2026-08-09 16:00:00,1918.29,1924.63,1912.30,1918.35
2026-08-09 20:00:00,1918.34,1926.84,1915.59,1925.75
2026-08-10 00:00:00,1925.75,1926.21,1918.00,1921.16
2026-08-10 04:00:00,1921.15,1937.67,1906.41,1909.57
2026-08-10 08:00:00,1909.56,1931.50,1905.00,1916.50
2026-08-10 12:00:00,1916.51,1930.28,1911.47,1924.72
2026-08-10 16:00:00,1924.73,1929.00,1913.62,1919.60
2026-08-10 20:00:00,1919.61,1922.84,1870.15,1876.01
2026-08-11 00:00:00,1876.00,1879.84,1866.14,1877.70
2026-08-11 04:00:00,1877.69,1880.86,1869.23,1872.31
2026-08-11 08:00:00,1872.30,1881.36,1870.30,1880.14
2026-08-11 12:00:00,1880.14,1881.26,1869.69,1876.84
2026-08-11 16:00:00,1876.85,1895.20,1874.52,1892.12
2026-08-11 20:00:00,1892.12,1897.30,1852.22,1862.00
2026-08-12 00:00:00,1862.01,1884.64,1858.77,1881.17
2026-08-12 04:00:00,1881.18,1886.95,1878.06,1881.80
2026-08-12 08:00:00,1881.79,1887.56,1880.00,1885.77
2026-08-12 12:00:00,1885.76,1892.83,1884.44,1890.82
2026-08-12 16:00:00,1890.82,1915.55,1889.07,1914.87
2026-08-12 20:00:00,1914.87,1924.97,1883.33,1891.64
2026-08-13 00:00:00,1891.64,1894.90,1876.73,1878.61
2026-08-13 04:00:00,1878.60,1888.86,1872.00,1878.80
2026-08-13 08:00:00,1878.79,1888.33,1872.29,1886.70
2026-08-13 12:00:00,1886.70,1899.60,1884.69,1894.62
2026-08-13 16:00:00,1894.62,1896.19,1874.43,1879.48
