日期时间(北京),开盘,最高,最低,收盘
2025-05-30 16:00:00,33.38700,33.86300,32.58400,32.98700
2025-05-30 20:00:00,32.98800,33.67300,31.36900,32.51400
2025-05-31 00:00:00,32.51800,34.34800,31.71300,33.38600
2025-05-31 04:00:00,33.38600,33.81700,31.99800,32.81600
2025-05-31 08:00:00,32.83000,33.66300,30.88500,31.67000
2025-05-31 12:00:00,31.67000,32.21700,31.01500,31.51400
2025-05-31 16:00:00,31.51400,31.71600,30.72400,31.38200
2025-05-31 20:00:00,31.38200,33.24100,31.36200,32.66300
2025-06-01 00:00:00,32.66200,33.17000,32.40100,32.91300
2025-06-01 04:00:00,32.91000,33.41100,32.65300,32.67100
2025-06-01 08:00:00,32.67100,32.91000,32.15700,32.57800
2025-06-01 12:00:00,32.57700,33.40000,32.24400,32.48700
2025-06-01 16:00:00,32.48700,32.51700,31.63100,31.84500
2025-06-01 20:00:00,31.84300,32.46200,31.50500,32.44500
2025-06-02 00:00:00,32.44300,33.35900,32.35100,33.34600
2025-06-02 04:00:00,33.34700,34.27900,33.20000,34.15200
2025-06-02 08:00:00,34.15600,34.34700,33.23100,33.49500
2025-06-02 12:00:00,33.49300,33.77900,32.61000,33.62200
2025-06-02 16:00:00,33.62200,34.13000,32.48300,32.66400
2025-06-02 20:00:00,32.66100,33.64400,32.41700,33.62300
2025-06-03 00:00:00,33.62700,35.59600,33.22200,35.44700
2025-06-03 04:00:00,35.44700,36.66000,35.32800,36.47400
2025-06-03 08:00:00,36.47700,36.96900,35.68400,35.83700
2025-06-03 12:00:00,35.83600,36.38000,35.65800,36.14700
2025-06-03 16:00:00,36.14500,37.82900,35.76300,37.51600
2025-06-03 20:00:00,37.51600,38.23800,37.11600,37.84300
2025-06-04 00:00:00,37.84300,37.94400,36.55900,37.00400
2025-06-04 04:00:00,37.00100,37.04800,35.70600,36.09200
2025-06-04 08:00:00,36.09300,37.04400,35.73800,36.58900
2025-06-04 12:00:00,36.58500,36.85300,36.00000,36.18600
2025-06-04 16:00:00,36.18600,37.24000,36.07200,36.60600
2025-06-04 20:00:00,36.61200,37.14200,35.97600,36.85100
2025-06-05 00:00:00,36.84400,37.19000,35.93000,36.03300
2025-06-05 04:00:00,36.03200,36.21500,34.47900,35.63200
2025-06-05 08:00:00,35.64000,36.42600,35.28800,35.45000
2025-06-05 12:00:00,35.44900,35.75000,34.50000,34.76000
2025-06-05 16:00:00,34.76100,35.29800,34.51800,35.24300
2025-06-05 20:00:00,35.24200,35.70800,34.24500,34.96500
2025-06-06 00:00:00,34.96500,34.97600,32.90700,33.51600
2025-06-06 04:00:00,33.52200,34.69800,32.62600,34.02400
2025-06-06 08:00:00,34.02500,34.49700,33.48700,34.48100
2025-06-06 12:00:00,34.48800,35.02400,34.24000,34.63200
2025-06-06 16:00:00,34.63300,34.94600,34.29100,34.43500
2025-06-06 20:00:00,34.43900,35.61300,34.14100,35.00800
2025-06-07 00:00:00,35.00800,35.02800,33.41500,33.79200
2025-06-07 04:00:00,33.79200,34.11700,33.08100,33.33300
2025-06-07 08:00:00,33.33400,34.19600,33.01000,33.98600
2025-06-07 12:00:00,33.98600,34.32600,33.81800,34.02000
2025-06-07 16:00:00,34.02200,34.04200,33.47400,33.85200
2025-06-07 20:00:00,33.85300,34.93300,33.83100,34.68700
2025-06-08 00:00:00,34.68800,34.97900,34.32700,34.38000
2025-06-08 04:00:00,34.38000,35.16200,34.36100,34.92100
2025-06-08 08:00:00,34.91700,35.37400,34.49100,35.21400
2025-06-08 12:00:00,35.21400,35.43900,34.84100,35.39000
2025-06-08 16:00:00,35.39000,35.52500,34.74900,35.48500
2025-06-08 20:00:00,35.48500,35.58800,34.90000,35.21300
2025-06-09 00:00:00,35.20800,36.32800,35.17800,35.98700
2025-06-09 04:00:00,35.98700,36.07700,34.80000,34.98400
2025-06-09 08:00:00,34.98700,35.59200,34.70600,35.49700
2025-06-09 12:00:00,35.49600,35.66600,34.76100,35.04400
2025-06-09 16:00:00,35.04600,37.67300,35.02000,37.42500
2025-06-09 20:00:00,37.42600,37.75000,36.50000,37.66900
2025-06-10 00:00:00,37.67000,38.24100,37.48700,37.68300
2025-06-10 04:00:00,37.68200,39.16600,37.37100,38.84800
2025-06-10 08:00:00,38.84800,39.46400,38.40400,39.19000
2025-06-10 12:00:00,39.19000,39.66800,38.46600,39.09400
2025-06-10 16:00:00,39.09400,41.87500,38.89100,41.58000
2025-06-10 20:00:00,41.58000,41.70100,39.53000,40.14900
2025-06-11 00:00:00,40.15200,41.63500,39.72300,41.08900
2025-06-11 04:00:00,41.08900,42.41100,40.82200,42.24100
2025-06-11 08:00:00,42.24000,42.39600,40.83300,41.79700
2025-06-11 12:00:00,41.79100,42.79600,41.46100,42.60200
2025-06-11 16:00:00,42.60100,43.14000,41.15900,41.37500
2025-06-11 20:00:00,41.37600,44.08800,41.17600,43.53500
2025-06-12 00:00:00,43.53200,43.77400,42.02300,42.25500
2025-06-12 04:00:00,42.25200,42.68500,40.71000,41.82800
2025-06-12 08:00:00,41.82300,42.08200,40.61000,41.86700
2025-06-12 12:00:00,41.86600,42.21800,41.28000,41.47800
2025-06-12 16:00:00,41.47600,41.76200,40.30000,40.43300
2025-06-12 20:00:00,40.43300,43.49800,40.35000,42.44700
2025-06-13 00:00:00,42.44900,43.91300,41.66700,41.88500
2025-06-13 04:00:00,41.88200,42.05000,40.32900,40.51600
2025-06-13 08:00:00,40.52000,40.54900,37.33800,39.10600
2025-06-13 12:00:00,39.11200,39.90000,38.34000,39.39100
2025-06-13 16:00:00,39.39000,40.42200,39.00300,40.13600
2025-06-13 20:00:00,40.13700,41.58600,39.07000,41.23200
2025-06-14 00:00:00,41.23500,42.12500,40.11400,40.76000
2025-06-14 04:00:00,40.75700,43.06500,40.74800,42.29700
2025-06-14 08:00:00,42.29900,42.66600,41.54400,41.76300
2025-06-14 12:00:00,41.76000,42.72300,41.68700,42.45300
2025-06-14 16:00:00,42.45500,42.58300,41.05600,41.20800
2025-06-14 20:00:00,41.20600,41.66500,40.30600,40.51900
2025-06-15 00:00:00,40.51900,40.67400,39.29300,39.31100
2025-06-15 04:00:00,39.31000,40.29000,38.86700,40.13000
2025-06-15 08:00:00,40.13000,40.80900,39.94100,39.98500
2025-06-15 12:00:00,39.98500,41.20000,39.82100,40.61200
2025-06-15 16:00:00,40.61200,40.64000,39.86400,40.20100
2025-06-15 20:00:00,40.20100,41.18600,39.68400,40.78200
2025-06-16 00:00:00,40.78100,41.47800,40.58500,40.91100
2025-06-16 04:00:00,40.91100,41.42000,40.13000,41.19300
2025-06-16 08:00:00,41.19100,42.49500,40.68600,42.14400
2025-06-16 12:00:00,42.14500,44.88800,42.10900,44.67600
2025-06-16 16:00:00,44.67700,44.85700,43.01600,44.52700
2025-06-16 20:00:00,44.52700,45.84600,44.03600,44.60700
2025-06-17 00:00:00,44.61000,45.27100,44.05000,44.34400
2025-06-17 04:00:00,44.34400,44.65500,41.75400,41.91800
2025-06-17 08:00:00,41.92000,43.28900,41.21400,43.15400
2025-06-17 12:00:00,43.15400,43.54100,42.07400,42.27400
2025-06-17 16:00:00,42.27300,42.45800,40.07500,40.53200
2025-06-17 20:00:00,40.53100,40.73300,39.19100,39.63400
2025-06-18 00:00:00,39.63200,41.35600,38.31400,40.61300
2025-06-18 04:00:00,40.61100,40.90200,38.98700,39.96800
2025-06-18 08:00:00,39.96800,40.69400,39.61300,40.32800
2025-06-18 12:00:00,40.33000,41.12200,39.98700,40.28600
2025-06-18 16:00:00,40.28600,40.85700,38.70800,39.24400
2025-06-18 20:00:00,39.24500,40.34900,37.56100,39.03900
2025-06-19 00:00:00,39.03900,39.29100,37.75300,37.78500
2025-06-19 04:00:00,37.78000,39.65600,37.73800,39.48000
2025-06-19 08:00:00,39.47600,40.00000,38.13000,38.52300
2025-06-19 12:00:00,38.52400,38.54400,37.56400,37.84000
2025-06-19 16:00:00,37.84000,38.50000,37.16000,37.48200
2025-06-19 20:00:00,37.48600,38.02000,36.10000,36.27600
2025-06-20 00:00:00,36.27900,37.71500,36.03300,36.32000
2025-06-20 04:00:00,36.31900,37.12400,35.80000,36.87600
2025-06-20 08:00:00,36.87700,37.11800,36.01300,36.05600
2025-06-20 12:00:00,36.05800,37.70000,35.54300,37.67000
2025-06-20 16:00:00,37.67100,37.90100,36.61200,37.10000
2025-06-20 20:00:00,37.09600,37.79300,35.56700,35.70900
2025-06-21 00:00:00,35.71000,35.79500,33.37600,34.57200
2025-06-21 04:00:00,34.57300,34.95400,33.07400,33.38700
2025-06-21 08:00:00,33.38800,34.77100,32.90000,34.47200
2025-06-21 12:00:00,34.47100,35.00000,34.34000,34.95800
2025-06-21 16:00:00,34.95700,35.30000,34.75600,35.21700
2025-06-21 20:00:00,35.21700,35.31200,32.90000,33.28900
2025-06-22 00:00:00,33.28800,33.40900,31.78300,31.85300
2025-06-22 04:00:00,31.85300,34.57000,30.91300,34.42100
2025-06-22 08:00:00,34.41900,34.55300,32.72200,33.21100
2025-06-22 12:00:00,33.21100,34.61700,33.12400,33.86800
2025-06-22 16:00:00,33.86800,34.43600,33.23100,33.86600
2025-06-22 20:00:00,33.86300,34.00000,31.60000,32.91100
2025-06-23 00:00:00,32.90900,34.35200,32.40200,33.62000
2025-06-23 04:00:00,33.62000,36.06500,33.27500,35.75400
2025-06-23 08:00:00,35.76100,36.12600,35.01400,35.28900
2025-06-23 12:00:00,35.29000,35.94200,35.05800,35.89000
2025-06-23 16:00:00,35.88900,36.33200,34.65900,35.08900
2025-06-23 20:00:00,35.08900,36.73700,34.30800,34.49800
2025-06-24 00:00:00,34.49600,37.45500,33.27200,37.23400
2025-06-24 04:00:00,37.23700,38.48500,36.67400,38.17500
2025-06-24 08:00:00,38.17800,38.29800,36.45300,37.08800
2025-06-24 12:00:00,37.08500,37.95000,36.66400,36.96100
2025-06-24 16:00:00,36.96000,37.42600,36.25000,37.13400
2025-06-24 20:00:00,37.13400,38.31400,36.79100,37.73900
2025-06-25 00:00:00,37.74400,38.93600,36.72600,37.15800
2025-06-25 04:00:00,37.15900,37.73200,36.88400,37.51200
2025-06-25 08:00:00,37.51300,38.77500,37.16200,38.08200
2025-06-25 12:00:00,38.08400,38.44400,37.17800,37.94200
2025-06-25 16:00:00,37.94200,38.64200,37.47800,38.44400
2025-06-25 20:00:00,38.44600,39.09600,37.09000,37.45400
2025-06-26 00:00:00,37.45500,37.54700,36.67700,37.27300
2025-06-26 04:00:00,37.27300,37.81400,36.70700,37.01600
2025-06-26 08:00:00,37.01700,38.10400,36.63900,37.57600
2025-06-26 12:00:00,37.58100,38.01000,36.84300,37.66400
2025-06-26 16:00:00,37.66400,37.91300,36.90000,37.34300
2025-06-26 20:00:00,37.34300,38.00400,36.77100,37.35500
2025-06-27 00:00:00,37.35400,37.56300,36.00000,36.71200
2025-06-27 04:00:00,36.70600,37.66500,35.73500,35.80300
2025-06-27 08:00:00,35.80200,36.77700,35.34700,36.71200
2025-06-27 12:00:00,36.71500,36.94200,36.14200,36.27500
2025-06-27 16:00:00,36.27600,37.28500,36.20600,36.89900
2025-06-27 20:00:00,36.90000,37.20400,36.22600,36.81800
2025-06-28 00:00:00,36.81800,37.16400,35.76100,35.95800
2025-06-28 04:00:00,35.95800,36.63200,35.86800,36.62200
2025-06-28 08:00:00,36.62300,36.89800,36.21900,36.82800
2025-06-28 12:00:00,36.83200,37.13700,36.50800,37.11200
2025-06-28 16:00:00,37.10900,37.41800,36.81300,36.88200
2025-06-28 20:00:00,36.87800,36.95700,36.56400,36.88400
2025-06-29 00:00:00,36.88300,37.87900,36.83700,37.52000
2025-06-29 04:00:00,37.51900,37.90700,37.42000,37.79800
2025-06-29 08:00:00,37.79900,38.00000,37.60200,37.71200
2025-06-29 12:00:00,37.71200,38.47800,37.48900,38.47100
2025-06-29 16:00:00,38.47100,38.89900,38.24100,38.84700
2025-06-29 20:00:00,38.84700,39.41300,38.45100,38.45900
2025-06-30 00:00:00,38.46000,38.57600,37.96500,38.26400
2025-06-30 04:00:00,38.26200,39.90100,38.00400,39.77500
2025-06-30 08:00:00,39.77800,41.14500,39.41300,40.86700
2025-06-30 12:00:00,40.86700,41.26900,39.71500,40.05100
2025-06-30 16:00:00,40.04800,40.19400,39.53300,39.94500
2025-06-30 20:00:00,39.94500,40.34500,39.15600,39.87300
2025-07-01 00:00:00,39.87300,40.88400,39.66000,40.82100
2025-07-01 04:00:00,40.82100,41.25800,39.34500,39.55000
2025-07-01 08:00:00,39.55600,39.80900,39.04200,39.47400
2025-07-01 12:00:00,39.47600,39.48100,38.44400,38.99800
2025-07-01 16:00:00,38.99900,39.44000,38.58400,39.33100
2025-07-01 20:00:00,39.32900,39.50000,38.51100,39.04200
2025-07-02 00:00:00,39.03800,39.48700,36.98300,37.02500
2025-07-02 04:00:00,37.02600,37.70100,36.83900,36.90900
2025-07-02 08:00:00,36.91000,37.64400,36.80900,37.42400
2025-07-02 12:00:00,37.42300,38.23600,37.24100,38.08800
2025-07-02 16:00:00,38.09400,38.88500,38.09400,38.25700
2025-07-02 20:00:00,38.25700,38.98600,37.82600,38.88200
2025-07-03 00:00:00,38.88400,39.73800,38.51600,39.35800
2025-07-03 04:00:00,39.35900,40.38000,39.26200,39.87700
2025-07-03 08:00:00,39.87700,40.35100,39.67100,39.83500
2025-07-03 12:00:00,39.83200,40.78500,39.70000,40.76600
2025-07-03 16:00:00,40.76600,41.00500,40.29500,40.35800
2025-07-03 20:00:00,40.35900,41.21800,39.82800,39.95600
2025-07-04 00:00:00,39.95500,40.74100,39.55300,40.37700
2025-07-04 04:00:00,40.38400,40.82000,40.13700,40.25400
2025-07-04 08:00:00,40.25300,40.43700,39.13200,39.22400
2025-07-04 12:00:00,39.22500,39.44300,38.33100,38.51600
2025-07-04 16:00:00,38.51700,39.01700,38.20800,38.74800
2025-07-04 20:00:00,38.74700,38.84500,37.77500,37.88300
2025-07-05 00:00:00,37.88300,38.56000,37.54500,38.28000
2025-07-05 04:00:00,38.28000,39.13400,38.23500,38.96200
2025-07-05 08:00:00,38.96100,39.25500,38.64200,39.09300
2025-07-05 12:00:00,39.09300,39.62400,38.87700,39.46800
2025-07-05 16:00:00,39.46800,39.60600,39.03300,39.18900
2025-07-05 20:00:00,39.19200,39.61800,39.03000,39.29300
2025-07-06 00:00:00,39.29200,39.45800,38.27400,38.70200
2025-07-06 04:00:00,38.69700,39.26700,38.53100,39.14300
2025-07-06 08:00:00,39.13700,39.44600,38.83800,39.24700
2025-07-06 12:00:00,39.24700,39.43200,38.75600,38.90000
2025-07-06 16:00:00,38.90200,39.03800,38.58600,38.98400
2025-07-06 20:00:00,38.98400,39.67200,38.81000,39.34400
2025-07-07 00:00:00,39.34200,39.53100,39.00600,39.34600
2025-07-07 04:00:00,39.34500,40.03200,39.34300,39.82900
2025-07-07 08:00:00,39.82900,40.16100,39.46900,39.83700
2025-07-07 12:00:00,39.83700,39.94500,39.59100,39.90900
2025-07-07 16:00:00,39.90800,40.01600,39.42900,39.55900
2025-07-07 20:00:00,39.55800,39.85100,39.37000,39.45700
2025-07-08 00:00:00,39.45500,39.58700,38.65500,38.88500
2025-07-08 04:00:00,38.87700,38.87700,38.19400,38.54600
2025-07-08 08:00:00,38.54700,38.89500,37.05400,37.37500
2025-07-08 12:00:00,37.37400,37.90900,36.95200,37.90700
2025-07-08 16:00:00,37.90600,38.40000,37.56600,38.17100
2025-07-08 20:00:00,38.16900,38.43700,37.57200,37.63600
2025-07-09 00:00:00,37.63600,39.07900,37.50500,38.92100
2025-07-09 04:00:00,38.92100,38.93700,38.50900,38.80600
2025-07-09 08:00:00,38.80300,39.23600,38.73100,38.79200
2025-07-09 12:00:00,38.79200,39.39200,38.78600,39.36200
2025-07-09 16:00:00,39.36100,39.43400,38.89800,39.29800
2025-07-09 20:00:00,39.29700,39.67300,38.82000,39.08700
2025-07-10 00:00:00,39.08400,40.99500,39.08400,40.69200
2025-07-10 04:00:00,40.69300,41.04900,40.05000,40.67300
2025-07-10 08:00:00,40.67100,41.69900,40.50200,41.39300
2025-07-10 12:00:00,41.39300,41.96600,41.14200,41.76900
2025-07-10 16:00:00,41.76800,41.97800,41.02200,41.34700
2025-07-10 20:00:00,41.34800,41.85500,40.71800,41.84700
2025-07-11 00:00:00,41.84700,43.15900,41.76000,42.79600
2025-07-11 04:00:00,42.78800,44.09600,42.70400,43.81300
2025-07-11 08:00:00,43.81800,44.61100,43.38300,44.58800
2025-07-11 12:00:00,44.58600,46.27400,44.27500,45.26500
2025-07-11 16:00:00,45.26600,46.35600,45.26400,45.60600
2025-07-11 20:00:00,45.61200,46.46400,45.14000,45.22700
2025-07-12 00:00:00,45.23500,46.88800,45.04300,46.86900
2025-07-12 04:00:00,46.86200,46.93900,45.25400,46.38300
2025-07-12 08:00:00,46.38200,46.55100,45.72200,46.39400
2025-07-12 12:00:00,46.39400,47.16600,45.82700,46.84000
2025-07-12 16:00:00,46.84000,47.41200,46.50700,46.71200
2025-07-12 20:00:00,46.70900,46.88700,45.17500,45.47100
2025-07-13 00:00:00,45.47100,46.86600,45.08800,46.68500
2025-07-13 04:00:00,46.69000,47.32300,46.15900,47.09000
2025-07-13 08:00:00,47.09000,47.81700,46.93800,47.48300
2025-07-13 12:00:00,47.48400,48.03700,47.17200,47.98500
2025-07-13 16:00:00,47.98100,48.18400,47.58400,48.04600
2025-07-13 20:00:00,48.04500,48.82800,47.71700,48.44800
2025-07-14 00:00:00,48.44800,49.25000,48.06300,49.06900
2025-07-14 04:00:00,49.07300,49.30700,47.85000,48.95000
2025-07-14 08:00:00,48.94200,49.88000,48.83900,49.66100
2025-07-14 12:00:00,49.66100,49.92300,48.56200,49.31100
2025-07-14 16:00:00,49.31400,49.39800,47.96700,48.39800
2025-07-14 20:00:00,48.39800,49.04000,47.34900,47.72200
2025-07-15 00:00:00,47.72100,48.24200,46.57700,46.93500
2025-07-15 04:00:00,46.93500,47.67400,46.50400,47.60800
2025-07-15 08:00:00,47.60700,48.01300,46.83800,47.32600
2025-07-15 12:00:00,47.32700,48.39600,46.74500,47.50600
2025-07-15 16:00:00,47.50700,47.54400,46.64900,47.12600
2025-07-15 20:00:00,47.12900,48.32400,46.83400,47.44400
2025-07-16 00:00:00,47.44300,48.05300,47.04800,47.21600
2025-07-16 04:00:00,47.21900,48.16700,47.06600,47.86700
2025-07-16 08:00:00,47.86500,48.58600,47.21400,47.24100
2025-07-16 12:00:00,47.24100,48.02500,47.09800,47.78100
2025-07-16 16:00:00,47.77900,48.28900,47.58200,47.88900
2025-07-16 20:00:00,47.88500,48.26100,47.18500,47.97900
2025-07-17 00:00:00,47.97500,48.48900,47.44600,48.29000
2025-07-17 04:00:00,48.29100,48.44600,46.45400,46.98700
2025-07-17 08:00:00,46.98900,47.38200,45.53500,45.99900
2025-07-17 12:00:00,45.99700,47.00000,45.76200,46.70800
2025-07-17 16:00:00,46.71000,46.92800,45.85700,46.03700
2025-07-17 20:00:00,46.03700,46.94400,45.68900,46.80600
2025-07-18 00:00:00,46.80400,46.88900,45.77000,45.83500
2025-07-18 04:00:00,45.83000,46.98300,44.45000,45.59000
2025-07-18 08:00:00,45.58900,46.79600,44.86500,46.42500
2025-07-18 12:00:00,46.42500,47.43900,45.98900,46.17300
2025-07-18 16:00:00,46.17200,46.49100,45.43000,45.56200
2025-07-18 20:00:00,45.56600,45.97100,44.15800,44.47700
2025-07-19 00:00:00,44.47700,44.85100,43.04500,43.49400
2025-07-19 04:00:00,43.49200,44.53700,43.22300,44.33100
2025-07-19 08:00:00,44.33200,45.25500,44.21100,45.12900
2025-07-19 12:00:00,45.12900,45.29800,44.34800,44.57400
2025-07-19 16:00:00,44.57400,45.27900,44.35000,44.88900
2025-07-19 20:00:00,44.89000,45.04500,44.07500,44.78600
2025-07-20 00:00:00,44.78500,45.28500,44.37100,44.89300
2025-07-20 04:00:00,44.89400,45.09400,43.99100,44.48000
2025-07-20 08:00:00,44.47800,45.13800,44.18700,44.94600
2025-07-20 12:00:00,44.94700,45.18800,44.71000,45.06100
2025-07-20 16:00:00,45.06100,45.77500,45.06100,45.64700
2025-07-20 20:00:00,45.64400,46.73300,45.39500,46.70600
2025-07-21 00:00:00,46.70700,47.40500,46.33000,46.61800
2025-07-21 04:00:00,46.61800,46.83600,45.27500,45.99700
2025-07-21 08:00:00,45.99100,46.73900,45.29000,46.63700
2025-07-21 12:00:00,46.63700,47.45000,46.47600,46.99800
2025-07-21 16:00:00,46.99900,47.82300,46.83200,47.41500
2025-07-21 20:00:00,47.42200,47.58500,46.23600,46.45300
2025-07-22 00:00:00,46.45700,46.52100,44.29500,44.43400
2025-07-22 04:00:00,44.43300,45.21300,44.06400,44.32900
2025-07-22 08:00:00,44.32400,45.68500,43.60900,44.30500
2025-07-22 12:00:00,44.30100,44.33000,43.06600,43.70300
2025-07-22 16:00:00,43.70200,45.14700,43.25900,45.09400
2025-07-22 20:00:00,45.09400,45.38800,43.34900,44.26700
2025-07-23 00:00:00,44.25800,44.79000,43.52900,44.23600
2025-07-23 04:00:00,44.23700,46.32700,44.09100,46.27400
2025-07-23 08:00:00,46.27300,46.33800,44.77600,45.15300
2025-07-23 12:00:00,45.15000,45.26200,44.02700,44.10000
2025-07-23 16:00:00,44.10000,44.44300,43.59300,43.97000
2025-07-23 20:00:00,43.97000,44.05300,42.78100,43.44600
2025-07-24 00:00:00,43.44600,43.84500,42.38800,43.54900
2025-07-24 04:00:00,43.54600,44.15100,42.73000,43.70500
2025-07-24 08:00:00,43.70500,44.39400,43.45000,43.84300
2025-07-24 12:00:00,43.84100,44.02300,41.46300,42.46200
2025-07-24 16:00:00,42.46200,43.02700,41.58600,42.97100
2025-07-24 20:00:00,42.97000,43.57700,42.39900,43.00000
2025-07-25 00:00:00,43.00200,43.06500,41.93800,42.77600
2025-07-25 04:00:00,42.77700,43.16200,41.96700,42.07500
2025-07-25 08:00:00,42.07600,42.44200,41.12200,41.42500
2025-07-25 12:00:00,41.42400,42.73700,41.19600,42.08600
2025-07-25 16:00:00,42.08700,43.32600,42.01300,43.02400
2025-07-25 20:00:00,43.02100,43.21100,42.07600,42.41000
2025-07-26 00:00:00,42.40500,43.20000,42.23700,42.79500
2025-07-26 04:00:00,42.79500,44.19200,42.58300,44.12800
2025-07-26 08:00:00,44.12800,44.56500,43.73600,44.23100
2025-07-26 12:00:00,44.23100,44.86600,44.17200,44.28000
2025-07-26 16:00:00,44.28100,44.90600,44.26500,44.31000
2025-07-26 20:00:00,44.31000,44.57800,43.91200,44.17500
2025-07-27 00:00:00,44.17500,44.23100,43.54900,43.92000
2025-07-27 04:00:00,43.91900,44.25600,43.32700,43.36300
2025-07-27 08:00:00,43.36500,43.55000,43.04300,43.45700
2025-07-27 12:00:00,43.45500,43.78900,43.08100,43.14600
2025-07-27 16:00:00,43.14600,43.21800,42.73700,42.77000
2025-07-27 20:00:00,42.77100,43.13900,42.40200,43.06400
2025-07-28 00:00:00,43.06300,44.33300,42.94000,43.70500
2025-07-28 04:00:00,43.70500,44.04300,43.49100,43.64900
2025-07-28 08:00:00,43.65500,44.35300,43.41400,44.34700
2025-07-28 12:00:00,44.34700,44.90500,44.00400,44.19100
2025-07-28 16:00:00,44.19100,44.71100,43.90100,44.28700
2025-07-28 20:00:00,44.29000,45.77900,43.89400,45.10900
2025-07-29 00:00:00,45.10900,46.09500,44.28700,44.95700
2025-07-29 04:00:00,44.96000,44.99800,42.63000,43.74200
2025-07-29 08:00:00,43.74100,44.23100,43.03600,44.16700
2025-07-29 12:00:00,44.16600,44.61000,43.64200,44.59700
2025-07-29 16:00:00,44.59700,45.15500,43.99800,44.74600
2025-07-29 20:00:00,44.74800,45.29000,42.44800,43.22600
2025-07-30 00:00:00,43.22100,44.34100,42.91400,43.91700
2025-07-30 04:00:00,43.91700,44.23700,42.67000,43.48500
2025-07-30 08:00:00,43.48500,43.59600,42.35000,43.30400
2025-07-30 12:00:00,43.30500,43.72900,42.85300,42.95400
2025-07-30 16:00:00,42.94900,43.32700,42.32200,42.66700
2025-07-30 20:00:00,42.66700,43.34600,42.18900,42.99900
2025-07-31 00:00:00,42.99900,43.32400,40.69000,42.26700
2025-07-31 04:00:00,42.27200,42.53700,41.70000,42.22100
2025-07-31 08:00:00,42.22500,43.07600,42.03600,43.05800
2025-07-31 12:00:00,43.06000,43.55000,42.81700,43.38000
2025-07-31 16:00:00,43.38000,44.11600,43.38000,43.51900
2025-07-31 20:00:00,43.51900,44.43000,43.25300,43.69200
2025-08-01 00:00:00,43.69200,44.72100,41.60800,41.61500
2025-08-01 04:00:00,41.61500,41.89700,40.64000,40.82600
2025-08-01 08:00:00,40.82400,41.63500,40.31100,41.17300
2025-08-01 12:00:00,41.17200,41.17300,39.52500,40.00100
2025-08-01 16:00:00,40.00100,40.12700,39.20400,40.05300
2025-08-01 20:00:00,40.05300,40.41400,38.00200,39.14700
2025-08-02 00:00:00,39.14600,39.54500,37.06000,37.36400
2025-08-02 04:00:00,37.36800,37.96100,36.32300,37.61300
2025-08-02 08:00:00,37.61500,38.19900,37.52700,38.06800
2025-08-02 12:00:00,38.06800,38.48400,37.52800,38.46500
2025-08-02 16:00:00,38.46500,38.72900,37.95100,38.37100
2025-08-02 20:00:00,38.37700,38.42300,37.14700,37.18200
2025-08-03 00:00:00,37.18600,37.66100,35.49300,36.09700
2025-08-03 04:00:00,36.09800,37.49200,36.07900,36.89600
2025-08-03 08:00:00,36.89800,37.83500,36.41500,37.70900
2025-08-03 12:00:00,37.70900,38.44700,37.47000,38.36100
2025-08-03 16:00:00,38.35900,39.29900,38.19000,38.54400
2025-08-03 20:00:00,38.54400,38.56900,37.52000,37.95300
2025-08-04 00:00:00,37.95400,38.67600,37.76200,38.41400
2025-08-04 04:00:00,38.41600,38.67000,38.05100,38.18000
2025-08-04 08:00:00,38.18000,39.03700,38.03200,38.26600
2025-08-04 12:00:00,38.26500,38.47600,37.55400,38.33800
2025-08-04 16:00:00,38.33800,38.49800,37.24800,37.56900
2025-08-04 20:00:00,37.56900,38.97700,37.50000,38.36200
2025-08-05 00:00:00,38.36300,39.46200,37.60400,37.66800
2025-08-05 04:00:00,37.66900,39.04800,37.52200,38.80400
2025-08-05 08:00:00,38.80300,39.05600,38.33000,38.43800
2025-08-05 12:00:00,38.43800,39.26400,38.01300,38.26500
2025-08-05 16:00:00,38.26400,39.70500,38.03100,39.69200
2025-08-05 20:00:00,39.69000,39.86800,38.08800,38.10800
2025-08-06 00:00:00,38.10700,38.93800,37.72400,38.06900
2025-08-06 04:00:00,38.06900,38.62100,37.37200,38.49700
2025-08-06 08:00:00,38.49700,38.56800,37.03700,37.25400
2025-08-06 12:00:00,37.25300,37.83800,36.85500,37.83100
2025-08-06 16:00:00,37.83100,37.85200,37.15400,37.47900
2025-08-06 20:00:00,37.47900,38.86700,37.27700,38.80200
2025-08-07 00:00:00,38.80000,39.25800,38.22400,38.37200
2025-08-07 04:00:00,38.36900,38.39300,37.89200,38.07900
2025-08-07 08:00:00,38.07700,38.23400,37.57700,37.68000
2025-08-07 12:00:00,37.68000,38.21200,37.66400,37.94000
2025-08-07 16:00:00,37.94000,39.43000,37.80900,39.18300
2025-08-07 20:00:00,39.18300,39.63400,38.79100,39.55000
2025-08-08 00:00:00,39.54800,39.88500,38.63400,39.87000
2025-08-08 04:00:00,39.87000,40.98300,39.59700,40.89700
2025-08-08 08:00:00,40.89700,41.20500,40.36900,40.85700
2025-08-08 12:00:00,40.85600,41.24300,40.11000,40.76600
2025-08-08 16:00:00,40.76600,41.50500,40.44300,41.43600
2025-08-08 20:00:00,41.43500,41.75600,40.48600,40.58900
2025-08-09 00:00:00,40.59000,41.66900,40.25700,40.69000
2025-08-09 04:00:00,40.69300,41.25200,40.60000,40.99200
2025-08-09 08:00:00,40.99200,41.23900,40.54600,40.96200
2025-08-09 12:00:00,40.95900,42.65400,40.86300,42.65000
2025-08-09 16:00:00,42.64900,43.77100,42.63500,43.32300
2025-08-09 20:00:00,43.32400,44.07100,43.12100,43.63400
2025-08-10 00:00:00,43.63300,44.12100,43.37100,43.89400
2025-08-10 04:00:00,43.89300,44.74100,43.62200,43.66600
2025-08-10 08:00:00,43.66600,44.54700,43.63600,44.25500
2025-08-10 12:00:00,44.25600,44.49400,43.15400,43.17700
2025-08-10 16:00:00,43.17700,43.88600,42.81300,43.71300
2025-08-10 20:00:00,43.71500,45.12400,43.40200,45.03700
2025-08-11 00:00:00,45.03700,45.44600,44.71100,45.33500
2025-08-11 04:00:00,45.33000,45.36000,44.50900,45.26900
2025-08-11 08:00:00,45.27000,46.41400,45.11300,45.95700
2025-08-11 12:00:00,45.95700,46.79900,45.95700,46.07600
2025-08-11 16:00:00,46.07500,46.28500,44.58100,44.81300
2025-08-11 20:00:00,44.81300,45.14000,43.84500,44.76400
2025-08-12 00:00:00,44.76400,44.95800,43.45300,43.73800
2025-08-12 04:00:00,43.73700,44.07700,42.57800,43.16700
2025-08-12 08:00:00,43.16700,43.98200,43.01400,43.28400
2025-08-12 12:00:00,43.28400,43.74400,42.80000,43.34400
2025-08-12 16:00:00,43.34400,43.43700,42.15300,42.75900
2025-08-12 20:00:00,42.75700,44.52900,42.37700,44.46800
2025-08-13 00:00:00,44.46000,44.87000,43.63000,44.35100
2025-08-13 04:00:00,44.35600,45.87000,44.16000,44.72500
2025-08-13 08:00:00,44.72600,45.06800,43.80100,44.52500
2025-08-13 12:00:00,44.52600,44.65000,43.00200,44.17000
2025-08-13 16:00:00,44.16900,46.60000,43.96200,46.53600
2025-08-13 20:00:00,46.53600,47.02000,45.00700,45.36600
2025-08-14 00:00:00,45.36700,47.95700,45.29400,47.84800
2025-08-14 04:00:00,47.84300,48.02100,46.32300,47.63100
2025-08-14 08:00:00,47.62800,48.74600,47.09600,48.54500
2025-08-14 12:00:00,48.54500,48.88000,46.49200,46.85200
2025-08-14 16:00:00,46.85200,47.33000,46.00000,47.15800
2025-08-14 20:00:00,47.15200,47.40200,43.62700,44.71300
2025-08-15 00:00:00,44.71200,46.49000,44.08600,45.67600
2025-08-15 04:00:00,45.66300,46.38600,44.14600,45.44200
2025-08-15 08:00:00,45.44100,49.54200,45.30900,49.50700
2025-08-15 12:00:00,49.50700,49.56400,47.96000,48.33900
2025-08-15 16:00:00,48.33900,49.15000,48.01600,48.30600
2025-08-15 20:00:00,48.30700,48.69300,45.59800,46.30200
2025-08-16 00:00:00,46.30300,47.20000,45.90700,46.19500
2025-08-16 04:00:00,46.19500,48.55900,45.99700,47.79500
2025-08-16 08:00:00,47.79500,48.27800,47.57100,47.83600
2025-08-16 12:00:00,47.83600,48.01700,46.85600,47.27100
2025-08-16 16:00:00,47.27100,47.53200,46.38100,46.40000
2025-08-16 20:00:00,46.40000,47.13300,46.13900,46.53800
2025-08-17 00:00:00,46.53900,47.15900,46.40300,46.76300
2025-08-17 04:00:00,46.76400,46.99100,46.14800,46.29600
2025-08-17 08:00:00,46.29600,46.72900,45.78800,46.62000
2025-08-17 12:00:00,46.62000,47.30700,46.58400,47.30200
2025-08-17 16:00:00,47.30200,47.78600,47.15100,47.62600
2025-08-17 20:00:00,47.62400,47.69600,46.75200,47.10500
2025-08-18 00:00:00,47.10600,47.20700,46.07700,46.13100
2025-08-18 04:00:00,46.13100,46.81600,46.00400,46.04000
2025-08-18 08:00:00,46.04100,46.17200,43.89200,44.15300
2025-08-18 12:00:00,44.15000,44.38300,43.00000,43.57100
2025-08-18 16:00:00,43.57100,44.02500,43.00000,43.10200
2025-08-18 20:00:00,43.10200,44.21700,42.94000,44.20300
2025-08-19 00:00:00,44.20300,44.75700,43.53500,43.58000
2025-08-19 04:00:00,43.57900,44.30200,43.02200,43.32100
2025-08-19 08:00:00,43.32100,43.54700,41.77400,42.09000
2025-08-19 12:00:00,42.08600,42.37800,41.59200,42.05000
2025-08-19 16:00:00,42.04900,43.39200,41.84300,43.32000
2025-08-19 20:00:00,43.32000,44.17800,42.27800,42.44900
2025-08-20 00:00:00,42.45000,43.83300,41.71500,42.98100
2025-08-20 04:00:00,42.98700,43.20500,40.93900,41.30300
2025-08-20 08:00:00,41.30400,42.22000,41.24500,41.51300
2025-08-20 12:00:00,41.51700,42.15500,41.49400,41.51000
2025-08-20 16:00:00,41.51000,42.37000,41.21300,41.71200
2025-08-20 20:00:00,41.71000,42.85800,40.59600,41.97400
2025-08-21 00:00:00,41.97400,43.26200,41.76900,43.23200
2025-08-21 04:00:00,43.23100,43.27500,42.57500,42.99900
2025-08-21 08:00:00,42.99900,43.45100,42.28200,42.29600
2025-08-21 12:00:00,42.29700,42.64600,41.62700,41.91600
2025-08-21 16:00:00,41.91700,41.99600,40.95800,41.06200
2025-08-21 20:00:00,41.06200,42.28500,40.81700,41.06900
2025-08-22 00:00:00,41.07000,41.53300,40.60800,40.91200
2025-08-22 04:00:00,40.91000,41.33600,40.41500,40.45400
2025-08-22 08:00:00,40.45200,41.66600,40.45100,41.18000
2025-08-22 12:00:00,41.17900,42.18000,41.17900,42.13300
2025-08-22 16:00:00,42.13300,42.26300,41.68400,41.73700
2025-08-22 20:00:00,41.73900,44.17500,40.95800,43.66400
2025-08-23 00:00:00,43.66700,44.92800,43.66300,44.29600
2025-08-23 04:00:00,44.30000,45.53200,44.24800,45.33500
2025-08-23 08:00:00,45.33500,45.35500,43.45700,43.53800
2025-08-23 12:00:00,43.53800,44.71800,43.48500,43.71800
2025-08-23 16:00:00,43.71700,44.13800,43.29600,43.68600
2025-08-23 20:00:00,43.68800,44.20600,43.53100,43.87700
2025-08-24 00:00:00,43.87600,44.83600,43.86400,44.63100
2025-08-24 04:00:00,44.63100,44.96000,44.40000,44.91000
2025-08-24 08:00:00,44.91000,45.07700,43.97700,44.20600
2025-08-24 12:00:00,44.20600,44.44600,43.70600,44.04100
2025-08-24 16:00:00,44.04100,44.27400,43.42000,43.67200
2025-08-24 20:00:00,43.67200,44.62500,43.50100,44.12700
2025-08-25 00:00:00,44.12600,47.00000,44.09800,45.51900
2025-08-25 04:00:00,45.51800,46.57200,44.59000,46.06100
2025-08-25 08:00:00,46.06100,47.40600,45.14800,46.46600
2025-08-25 12:00:00,46.46600,46.49800,44.05200,44.28700
2025-08-25 16:00:00,44.28700,46.05200,43.90200,45.65800
2025-08-25 20:00:00,45.65700,46.71800,45.10700,45.83200
2025-08-26 00:00:00,45.82300,46.82500,43.81200,44.00300
2025-08-26 04:00:00,44.00600,44.32400,42.54200,42.97600
2025-08-26 08:00:00,42.97900,44.36000,42.35700,44.09800
2025-08-26 12:00:00,44.10000,45.61200,44.09600,45.52300
2025-08-26 16:00:00,45.52000,45.86800,44.88100,45.25000
2025-08-26 20:00:00,45.25000,47.04300,44.65500,46.55000
2025-08-27 00:00:00,46.55000,48.68100,46.54100,48.49100
2025-08-27 04:00:00,48.49000,49.78200,48.24400,48.79400
2025-08-27 08:00:00,48.79600,51.22200,48.15000,50.99700
2025-08-27 12:00:00,50.99600,51.25400,49.67900,49.97600
2025-08-27 16:00:00,49.97700,50.27500,48.22400,49.74800
2025-08-27 20:00:00,49.74300,50.77400,49.15000,50.58800
2025-08-28 00:00:00,50.58800,50.67400,48.68200,48.77800
2025-08-28 04:00:00,48.77700,49.46900,46.85500,47.04000
2025-08-28 08:00:00,47.03900,48.53800,46.71000,48.53100
2025-08-28 12:00:00,48.53100,49.00900,47.88800,48.81100
2025-08-28 16:00:00,48.81100,49.05000,47.81200,48.01100
2025-08-28 20:00:00,48.01200,48.88200,47.50000,47.99200
2025-08-29 00:00:00,47.99600,48.16100,45.83700,46.07400
2025-08-29 04:00:00,46.07500,46.57700,45.56200,45.60800
2025-08-29 08:00:00,45.60900,46.14600,45.32400,45.69600
2025-08-29 12:00:00,45.68900,46.04800,44.28600,44.43100
2025-08-29 16:00:00,44.43100,44.94000,43.74400,44.41700
2025-08-29 20:00:00,44.41700,45.43500,43.91300,44.83500
2025-08-30 00:00:00,44.84000,45.04200,43.49800,43.67900
2025-08-30 04:00:00,43.67900,44.80300,43.31800,44.43200
2025-08-30 08:00:00,44.43400,44.65000,43.70100,44.59100
2025-08-30 12:00:00,44.59200,44.92100,43.94200,44.34200
2025-08-30 16:00:00,44.34100,44.34400,43.28900,43.52000
2025-08-30 20:00:00,43.51900,44.19500,43.26600,44.17300
2025-08-31 00:00:00,44.16900,44.31800,43.83000,43.94500
2025-08-31 04:00:00,43.94500,44.20700,43.76200,44.06600
2025-08-31 08:00:00,44.06600,44.95700,44.03400,44.94100
2025-08-31 12:00:00,44.94100,45.08900,44.49200,44.51400
2025-08-31 16:00:00,44.51400,44.86700,44.20000,44.44700
2025-08-31 20:00:00,44.44500,44.63300,44.11700,44.48800
2025-09-01 00:00:00,44.48800,45.36700,44.40800,44.80400
2025-09-01 04:00:00,44.80800,45.18700,44.24000,44.28000
2025-09-01 08:00:00,44.28400,45.01700,43.83800,44.41900
2025-09-01 12:00:00,44.40800,45.01000,43.93400,45.01000
2025-09-01 16:00:00,45.01000,45.48000,44.40000,44.70700
2025-09-01 20:00:00,44.70800,44.92500,44.07200,44.29400
2025-09-02 00:00:00,44.29200,44.32100,43.37100,44.04500
2025-09-02 04:00:00,44.05100,44.11800,42.50400,43.12600
2025-09-02 08:00:00,43.12900,44.31000,42.95900,44.15700
2025-09-02 12:00:00,44.15700,44.93500,43.99200,44.49300
2025-09-02 16:00:00,44.49300,45.07900,44.21000,44.31400
2025-09-02 20:00:00,44.31500,44.96200,43.37000,44.09800
2025-09-03 00:00:00,44.09500,44.66800,43.74500,44.05800
2025-09-03 04:00:00,44.05800,44.92500,43.95800,44.90100
2025-09-03 08:00:00,44.90200,45.33600,44.54500,44.71900
2025-09-03 12:00:00,44.71800,44.79100,44.26600,44.52500
2025-09-03 16:00:00,44.52800,46.00600,44.45000,45.57800
2025-09-03 20:00:00,45.58800,46.21000,45.38000,46.08000
2025-09-04 00:00:00,46.08100,46.51800,45.60500,45.83200
2025-09-04 04:00:00,45.83700,46.13500,45.80000,45.88300
2025-09-04 08:00:00,45.88300,46.44900,45.41900,45.45600
2025-09-04 12:00:00,45.45600,45.75700,45.23500,45.66800
2025-09-04 16:00:00,45.66800,46.05000,45.50200,45.88900
2025-09-04 20:00:00,45.89000,46.08200,44.88400,45.21600
2025-09-05 00:00:00,45.21400,45.42800,44.43100,44.49000
2025-09-05 04:00:00,44.49100,45.88300,44.43100,45.37300
2025-09-05 08:00:00,45.37200,45.68000,45.07900,45.20700
2025-09-05 12:00:00,45.20800,46.34300,45.20800,46.28600
2025-09-05 16:00:00,46.28600,47.78000,45.83500,47.07000
2025-09-05 20:00:00,47.07200,47.74600,46.02000,46.63900
2025-09-06 00:00:00,46.64200,47.37100,46.06600,47.22000
2025-09-06 04:00:00,47.21400,47.54600,46.90800,47.27100
2025-09-06 08:00:00,47.27100,47.89500,47.26500,47.73000
2025-09-06 12:00:00,47.72900,47.72900,46.78000,46.86500
2025-09-06 16:00:00,46.86600,46.93700,46.52500,46.89600
2025-09-06 20:00:00,46.89600,47.06800,46.45000,46.48000
2025-09-07 00:00:00,46.47900,46.51200,45.43900,45.61400
2025-09-07 04:00:00,45.61200,46.28700,45.58500,46.01500
2025-09-07 08:00:00,46.01500,47.18400,46.00000,46.90100
2025-09-07 12:00:00,46.90100,47.04200,46.52100,47.04200
2025-09-07 16:00:00,47.04200,47.48600,46.96300,47.19400
2025-09-07 20:00:00,47.19400,47.72000,46.89600,47.57900
2025-09-08 00:00:00,47.57700,47.67700,46.87000,47.08200
2025-09-08 04:00:00,47.08100,47.51700,46.77200,47.11300
2025-09-08 08:00:00,47.11200,49.01100,46.97000,48.77600
2025-09-08 12:00:00,48.77500,50.15700,48.45300,50.07200
2025-09-08 16:00:00,50.07200,51.23700,50.06400,50.50000
2025-09-08 20:00:00,50.49800,51.97300,50.45000,51.53900
2025-09-09 00:00:00,51.53800,51.60000,50.25600,50.42400
2025-09-09 04:00:00,50.42400,51.08600,49.87600,50.90100
2025-09-09 08:00:00,50.90000,51.76700,50.53800,51.48900
2025-09-09 12:00:00,51.48800,55.15100,51.36500,54.54600
2025-09-09 16:00:00,54.54500,55.35900,53.69900,53.91500
2025-09-09 20:00:00,53.91400,54.32900,52.07600,52.66600
2025-09-10 00:00:00,52.66700,54.01000,52.36600,53.81400
2025-09-10 04:00:00,53.81300,53.99100,52.70900,53.31500
2025-09-10 08:00:00,53.31500,54.45300,52.57500,53.78500
2025-09-10 12:00:00,53.78600,55.50200,53.42600,55.15200
2025-09-10 16:00:00,55.15200,55.80800,54.03900,54.51600
2025-09-10 20:00:00,54.51500,55.50400,54.20100,55.13300
2025-09-11 00:00:00,55.13700,55.42000,53.70000,54.40500
2025-09-11 04:00:00,54.41000,56.12100,54.32800,55.49400
2025-09-11 08:00:00,55.48900,56.27300,55.32800,56.06900
2025-09-11 12:00:00,56.06900,56.12800,55.21000,55.32700
2025-09-11 16:00:00,55.33000,55.45000,53.03000,53.59700
2025-09-11 20:00:00,53.59600,54.87000,53.16200,54.72000
2025-09-12 00:00:00,54.72000,55.99000,54.45300,55.76100
2025-09-12 04:00:00,55.76100,57.20000,55.44900,57.05400
2025-09-12 08:00:00,57.05500,57.49900,56.40200,56.58600
2025-09-12 12:00:00,56.58500,57.37600,56.32200,56.39500
2025-09-12 16:00:00,56.39500,56.61100,55.60000,55.69100
2025-09-12 20:00:00,55.69200,56.86600,54.84600,55.40700
2025-09-13 00:00:00,55.40700,56.55400,55.00600,56.44500
2025-09-13 04:00:00,56.44000,56.44000,54.73800,55.25500
2025-09-13 08:00:00,55.25500,55.96800,54.88100,55.91200
2025-09-13 12:00:00,55.91300,55.91700,54.85000,55.17200
2025-09-13 16:00:00,55.17500,56.41000,55.17500,56.24200
2025-09-13 20:00:00,56.24100,56.87000,55.42900,55.71500
2025-09-14 00:00:00,55.71500,55.88800,54.16500,54.97600
2025-09-14 04:00:00,54.97900,55.13600,54.25300,54.45600
2025-09-14 08:00:00,54.45700,55.32400,53.86500,54.02000
2025-09-14 12:00:00,54.02700,54.95700,53.64000,54.36300
2025-09-14 16:00:00,54.36400,54.81000,53.81900,53.91900
2025-09-14 20:00:00,53.91900,54.44100,53.53000,54.02800
2025-09-15 00:00:00,54.02700,54.95900,54.00800,54.19700
2025-09-15 04:00:00,54.19700,54.37800,53.55600,53.68800
2025-09-15 08:00:00,53.68800,54.39900,53.20100,54.29600
2025-09-15 12:00:00,54.29700,54.64400,53.01500,53.22800
2025-09-15 16:00:00,53.22800,54.06100,52.34900,53.30900
2025-09-15 20:00:00,53.31200,53.75400,52.25000,52.66800
2025-09-16 00:00:00,52.66600,53.66300,52.05400,53.65200
2025-09-16 04:00:00,53.65200,54.02900,53.38300,54.00000
2025-09-16 08:00:00,54.00000,54.03200,53.18100,53.25800
2025-09-16 12:00:00,53.25900,53.95800,52.96800,53.35300
2025-09-16 16:00:00,53.35300,53.61700,52.42400,52.75800
2025-09-16 20:00:00,52.76100,54.15200,52.28100,54.08200
2025-09-17 00:00:00,54.08200,54.16300,53.52700,53.88000
2025-09-17 04:00:00,53.88300,54.61500,53.80400,54.45600
2025-09-17 08:00:00,54.45600,54.81800,53.85000,54.12300
2025-09-17 12:00:00,54.12300,55.31900,53.96200,54.98400
2025-09-17 16:00:00,54.98100,55.54900,54.70700,55.26900
2025-09-17 20:00:00,55.26900,55.58000,54.62100,54.62900
2025-09-18 00:00:00,54.62900,55.91400,54.32000,55.52000
2025-09-18 04:00:00,55.51700,58.04100,55.50500,57.76600
2025-09-18 08:00:00,57.76700,59.63000,57.70000,59.03200
2025-09-18 12:00:00,59.03200,59.09300,58.05900,58.39700
2025-09-18 16:00:00,58.39600,58.78300,57.57400,57.81900
2025-09-18 20:00:00,57.81800,58.30900,57.31200,57.84200
2025-09-19 00:00:00,57.84100,59.17000,57.68100,58.67400
2025-09-19 04:00:00,58.67400,58.99500,57.87200,58.68100
2025-09-19 08:00:00,58.68100,59.35100,57.10000,57.28000
2025-09-19 12:00:00,57.28100,57.54000,56.30600,56.38900
2025-09-19 16:00:00,56.39400,56.90100,55.67600,55.86800
2025-09-19 20:00:00,55.86900,57.22700,55.24000,56.11000
2025-09-20 00:00:00,56.11100,56.44500,55.63100,55.94200
2025-09-20 04:00:00,55.93500,56.39400,55.83900,56.18100
2025-09-20 08:00:00,56.18100,56.39400,55.63200,56.03700
2025-09-20 12:00:00,56.03600,56.66600,55.90000,56.61200
2025-09-20 16:00:00,56.61200,56.63300,55.43500,55.44600
2025-09-20 20:00:00,55.44500,55.98200,54.77000,55.65100
2025-09-21 00:00:00,55.65000,55.99500,53.85000,54.32000
2025-09-21 04:00:00,54.32100,54.91800,54.02800,54.25000
2025-09-21 08:00:00,54.24900,54.30900,53.65200,54.18800
2025-09-21 12:00:00,54.18800,54.38900,53.50000,53.62800
2025-09-21 16:00:00,53.62800,53.78600,52.14000,52.50100
2025-09-21 20:00:00,52.50100,52.93600,51.62800,52.05100
2025-09-22 00:00:00,52.05000,52.41700,50.63500,52.19300
2025-09-22 04:00:00,52.19200,52.22800,50.81400,50.89000
2025-09-22 08:00:00,50.89000,51.33700,48.97800,49.78000
2025-09-22 12:00:00,49.78000,50.36700,45.99000,48.56500
2025-09-22 16:00:00,48.56400,49.47000,48.49100,48.87000
2025-09-22 20:00:00,48.86900,50.24000,48.17800,48.35100
2025-09-23 00:00:00,48.35100,48.61900,47.01600,47.15000
2025-09-23 04:00:00,47.15800,48.05700,46.86600,47.27800
2025-09-23 08:00:00,47.27800,47.36400,45.30500,46.10200
2025-09-23 12:00:00,46.10200,48.87400,45.95300,48.67500
2025-09-23 16:00:00,48.67300,48.94600,47.71300,48.05300
2025-09-23 20:00:00,48.05200,48.62700,46.80100,47.31700
2025-09-24 00:00:00,47.31800,47.71900,44.47700,44.58000
2025-09-24 04:00:00,44.58000,45.61400,44.36400,44.67100
2025-09-24 08:00:00,44.67200,45.67400,44.05300,44.15900
2025-09-24 12:00:00,44.15900,45.20400,43.59600,44.50100
2025-09-24 16:00:00,44.50200,46.07500,43.27400,45.90900
2025-09-24 20:00:00,45.90800,46.81800,44.60700,45.27700
2025-09-25 00:00:00,45.28000,46.15700,44.86300,45.97700
2025-09-25 04:00:00,45.97800,46.35500,45.29100,45.64600
2025-09-25 08:00:00,45.65600,46.01900,42.84200,43.41900
2025-09-25 12:00:00,43.40900,43.82500,42.16100,42.20600
2025-09-25 16:00:00,42.20500,43.63900,41.68100,41.84800
2025-09-25 20:00:00,41.84500,42.45800,40.75100,41.72600
2025-09-26 00:00:00,41.72800,43.12100,41.16200,42.36600
2025-09-26 04:00:00,42.36800,43.49300,39.72000,40.41400
2025-09-26 08:00:00,40.41300,43.33200,40.38100,42.95100
2025-09-26 12:00:00,42.95500,43.36000,41.73400,42.50300
2025-09-26 16:00:00,42.50200,42.81000,40.78300,41.15500
2025-09-26 20:00:00,41.15200,44.36600,40.93000,44.27600
2025-09-27 00:00:00,44.27500,45.67800,44.10900,44.86700
2025-09-27 04:00:00,44.86700,45.34700,44.18600,44.82700
2025-09-27 08:00:00,44.82500,45.49700,43.87100,43.88100
2025-09-27 12:00:00,43.88100,44.96000,43.65800,44.52900
2025-09-27 16:00:00,44.52800,44.59100,43.06700,43.72200
2025-09-27 20:00:00,43.72200,45.90000,43.35000,45.80800
2025-09-28 00:00:00,45.80800,45.94500,45.10000,45.65100
2025-09-28 04:00:00,45.65100,46.60100,45.07400,45.75000
2025-09-28 08:00:00,45.75100,45.88300,44.50200,44.77800
2025-09-28 12:00:00,44.77900,44.93000,44.18300,44.84600
2025-09-28 16:00:00,44.84600,44.99600,43.42100,43.62500
2025-09-28 20:00:00,43.62500,44.56800,42.91200,44.55200
2025-09-29 00:00:00,44.55200,46.01400,44.53800,45.68700
2025-09-29 04:00:00,45.68700,47.33000,45.55800,47.17100
2025-09-29 08:00:00,47.17700,47.52400,46.28000,47.34700
2025-09-29 12:00:00,47.34800,47.94400,46.68600,47.73800
2025-09-29 16:00:00,47.73900,48.12400,45.90900,46.25600
2025-09-29 20:00:00,46.25600,47.86600,45.75000,46.67000
2025-09-30 00:00:00,46.67200,47.15800,44.96400,46.03200
2025-09-30 04:00:00,46.03900,47.10200,45.93600,46.19000
2025-09-30 08:00:00,46.19000,46.31300,44.53500,44.68200
2025-09-30 12:00:00,44.68100,45.31600,44.33200,44.99000
2025-09-30 16:00:00,44.99000,45.70000,43.61000,45.64500
2025-09-30 20:00:00,45.64700,45.64800,43.50600,43.86300
2025-10-01 00:00:00,43.86300,47.05400,43.51800,45.50900
2025-10-01 04:00:00,45.50900,46.51000,44.88400,45.22000
2025-10-01 08:00:00,45.22100,45.89000,44.57500,44.97400
2025-10-01 12:00:00,44.97400,45.72300,44.61900,45.70000
2025-10-01 16:00:00,45.70000,47.68900,45.59300,47.58600
2025-10-01 20:00:00,47.57800,48.10600,46.88000,47.23400
2025-10-02 00:00:00,47.23600,48.00600,46.67300,47.09400
2025-10-02 04:00:00,47.09400,47.27900,46.32900,47.23300
2025-10-02 08:00:00,47.22800,49.36900,46.99300,49.35900
2025-10-02 12:00:00,49.35900,49.71400,48.58300,48.80700
2025-10-02 16:00:00,48.80600,49.84500,48.67600,49.58300
2025-10-02 20:00:00,49.58100,49.89000,48.55100,49.18100
2025-10-03 00:00:00,49.17900,51.08900,48.95200,50.85500
2025-10-03 04:00:00,50.85400,50.91200,49.93500,50.81100
2025-10-03 08:00:00,50.81200,50.82900,49.64700,50.10600
2025-10-03 12:00:00,50.11300,50.40000,49.32300,49.54200
2025-10-03 16:00:00,49.54200,49.92400,48.50000,49.48600
2025-10-03 20:00:00,49.48700,50.73300,48.38700,50.43200
2025-10-04 00:00:00,50.43200,50.87800,49.59300,49.99900
2025-10-04 04:00:00,49.99900,50.16700,49.29900,49.43100
2025-10-04 08:00:00,49.43100,49.59000,48.61800,48.96200
2025-10-04 12:00:00,48.96400,49.27700,48.58400,48.69500
2025-10-04 16:00:00,48.69600,48.91300,47.76500,48.22800
2025-10-04 20:00:00,48.22800,48.85000,47.66600,47.89100
2025-10-05 00:00:00,47.89100,48.75700,47.88100,48.56500
2025-10-05 04:00:00,48.56500,49.31900,48.43600,49.12100
2025-10-05 08:00:00,49.12100,50.29800,48.86400,49.96500
2025-10-05 12:00:00,49.96600,51.33900,49.81800,51.27400
2025-10-05 16:00:00,51.27400,51.49600,48.91600,49.28900
2025-10-05 20:00:00,49.28900,49.55000,48.56200,48.99200
2025-10-06 00:00:00,48.99200,49.21800,47.33300,47.44700
2025-10-06 04:00:00,47.44400,48.45900,47.33600,48.19500
2025-10-06 08:00:00,48.19500,48.81700,47.82800,48.41300
2025-10-06 12:00:00,48.41300,49.12400,48.23500,48.47900
2025-10-06 16:00:00,48.48000,49.10000,48.05400,48.27500
2025-10-06 20:00:00,48.28100,49.17300,48.25000,48.79700
2025-10-07 00:00:00,48.79600,49.58700,48.24800,49.31200
2025-10-07 04:00:00,49.32500,49.73600,47.20000,47.21300
2025-10-07 08:00:00,47.21200,47.74800,46.33600,46.58400
2025-10-07 12:00:00,46.58400,46.63800,45.69000,45.82800
2025-10-07 16:00:00,45.82800,46.52800,45.55500,45.96000
2025-10-07 20:00:00,45.96000,46.54200,44.52600,45.22100
2025-10-08 00:00:00,45.22000,45.73300,44.65900,44.96800
2025-10-08 04:00:00,44.97200,45.68600,44.95500,45.12300
2025-10-08 08:00:00,45.12400,46.25200,44.84000,45.53200
2025-10-08 12:00:00,45.53200,46.36000,45.36300,46.35200
2025-10-08 16:00:00,46.35700,46.66500,45.79400,45.94500
2025-10-08 20:00:00,45.94500,46.55700,45.62700,45.76000
2025-10-09 00:00:00,45.75900,47.35200,45.74700,46.77800
2025-10-09 04:00:00,46.77900,46.84200,45.90200,46.64500
2025-10-09 08:00:00,46.64500,46.80400,44.92600,45.36200
2025-10-09 12:00:00,45.36500,45.92800,45.03900,45.29300
2025-10-09 16:00:00,45.29300,45.42000,44.26800,44.27800
2025-10-09 20:00:00,44.27900,44.98000,42.78800,43.20700
2025-10-10 00:00:00,43.20700,43.61600,42.35900,43.53300
2025-10-10 04:00:00,43.53300,44.56600,43.49900,43.96500
2025-10-10 08:00:00,43.96600,44.56400,43.94500,44.20200
2025-10-10 12:00:00,44.20000,44.34100,43.44400,43.68800
2025-10-10 16:00:00,43.69000,44.84400,43.69000,44.71600
2025-10-10 20:00:00,44.71700,45.41100,42.10000,42.60000
2025-10-11 00:00:00,42.59900,43.56200,42.11300,42.86200
2025-10-11 04:00:00,42.86500,46.06400,21.02900,37.73500
2025-10-11 08:00:00,37.73500,39.35200,36.07000,37.98900
2025-10-11 12:00:00,37.99100,40.03400,37.92800,39.16500
2025-10-11 16:00:00,39.16500,40.99000,38.72100,39.93600
2025-10-11 20:00:00,39.93300,40.03500,37.44400,38.10100
2025-10-12 00:00:00,38.10000,38.55800,36.15000,36.43900
2025-10-12 04:00:00,36.44000,37.49700,35.18800,36.82800
2025-10-12 08:00:00,36.82500,37.70000,35.90500,37.07900
2025-10-12 12:00:00,37.07900,38.89900,36.91900,37.77300
2025-10-12 16:00:00,37.77600,37.91100,36.39100,37.36000
2025-10-12 20:00:00,37.36000,40.03100,36.94200,39.40200
2025-10-13 00:00:00,39.40200,40.55200,39.15100,40.27100
2025-10-13 04:00:00,40.27200,40.92300,39.42000,39.62100
2025-10-13 08:00:00,39.62000,40.21100,38.93600,39.11500
2025-10-13 12:00:00,39.11400,42.49600,38.17700,42.45100
2025-10-13 16:00:00,42.45000,42.60100,39.42700,40.27800
2025-10-13 20:00:00,40.27300,41.45200,39.64800,39.75000
2025-10-14 00:00:00,39.75200,42.21700,39.71300,42.02100
2025-10-14 04:00:00,42.01900,43.62500,41.85500,42.42400
2025-10-14 08:00:00,42.42700,43.16900,41.18800,41.22600
2025-10-14 12:00:00,41.22000,41.35100,38.50000,38.75900
2025-10-14 16:00:00,38.76400,39.36800,37.70500,38.19900
2025-10-14 20:00:00,38.19800,40.12900,37.34900,40.08800
2025-10-15 00:00:00,40.09000,40.72400,38.83500,39.32600
2025-10-15 04:00:00,39.32700,39.81000,38.88400,39.39000
2025-10-15 08:00:00,39.39300,39.75800,38.56300,38.87400
2025-10-15 12:00:00,38.87500,40.13000,38.73100,40.12200
2025-10-15 16:00:00,40.12000,41.18900,40.06900,40.33600
2025-10-15 20:00:00,40.33600,40.46100,38.55000,38.79500
2025-10-16 00:00:00,38.79600,39.11800,38.20200,38.70900
2025-10-16 04:00:00,38.70700,38.88200,36.81500,37.36400
2025-10-16 08:00:00,37.36200,38.08700,37.10000,37.39100
2025-10-16 12:00:00,37.39200,38.10700,37.15000,37.65000
2025-10-16 16:00:00,37.65200,38.84600,36.90500,38.83900
2025-10-16 20:00:00,38.83900,39.45900,36.92500,37.00900
2025-10-17 00:00:00,37.00800,38.31200,36.56200,37.18000
2025-10-17 04:00:00,37.17800,37.42000,36.27600,36.79400
2025-10-17 08:00:00,36.79500,37.54100,36.50800,37.44500
2025-10-17 12:00:00,37.44100,37.46500,33.51200,33.67400
2025-10-17 16:00:00,33.67300,35.71000,33.27900,35.39600
2025-10-17 20:00:00,35.39500,35.99300,33.59300,35.48800
2025-10-18 00:00:00,35.49000,35.95800,34.56200,34.84400
2025-10-18 04:00:00,34.84000,36.19100,34.67200,35.46200
2025-10-18 08:00:00,35.46200,35.73600,34.98000,35.20100
2025-10-18 12:00:00,35.19700,35.77100,34.61400,35.29900
2025-10-18 16:00:00,35.29800,36.37200,35.26800,36.01700
2025-10-18 20:00:00,36.01800,36.14100,35.04900,35.48700
2025-10-19 00:00:00,35.48700,36.54400,34.92500,36.14900
2025-10-19 04:00:00,36.14800,36.91000,35.86600,36.86200
2025-10-19 08:00:00,36.86200,36.96700,36.16000,36.93100
2025-10-19 12:00:00,36.93100,36.97600,35.94500,36.41900
2025-10-19 16:00:00,36.42000,37.60300,35.68000,37.31600
2025-10-19 20:00:00,37.31500,38.42200,36.92500,38.27400
2025-10-20 00:00:00,38.27300,38.51300,37.56900,37.83600
2025-10-20 04:00:00,37.83600,38.14700,37.35000,37.39800
2025-10-20 08:00:00,37.39900,38.33900,36.70000,38.27700
2025-10-20 12:00:00,38.27800,38.83100,37.85900,38.41600
2025-10-20 16:00:00,38.41000,39.19300,37.91100,38.39500
2025-10-20 20:00:00,38.39500,39.57400,38.31600,38.84900
2025-10-21 00:00:00,38.84900,38.87600,37.50100,37.96700
2025-10-21 04:00:00,37.96300,38.45600,37.53700,37.93900
2025-10-21 08:00:00,37.93600,38.06400,37.03200,37.08300
2025-10-21 12:00:00,37.08300,37.12100,35.38000,35.99700
2025-10-21 16:00:00,35.99700,36.24300,35.40000,36.09000
2025-10-21 20:00:00,36.09000,38.28300,35.76600,37.86300
2025-10-22 00:00:00,37.86200,38.36000,36.75900,36.89700
2025-10-22 04:00:00,36.90100,37.02300,35.14900,35.34600
2025-10-22 08:00:00,35.34500,35.55600,34.62700,35.22300
2025-10-22 12:00:00,35.22300,35.34200,34.45400,34.81100
2025-10-22 16:00:00,34.81000,36.09800,34.70300,35.83200
2025-10-22 20:00:00,35.83300,36.66800,35.60700,36.36300
2025-10-23 00:00:00,36.36500,36.78800,35.57100,36.06900
2025-10-23 04:00:00,36.07100,36.83100,34.68200,36.23300
2025-10-23 08:00:00,36.22700,38.42800,36.14800,37.72000
2025-10-23 12:00:00,37.72400,39.22000,37.01000,38.88700
2025-10-23 16:00:00,38.88700,39.45800,38.58000,38.65300
2025-10-23 20:00:00,38.65200,40.79800,38.47000,39.94300
2025-10-24 00:00:00,39.94300,40.28100,38.99000,39.41500
2025-10-24 04:00:00,39.41500,40.21200,38.88800,40.19800
2025-10-24 08:00:00,40.19900,40.45400,39.08000,39.46300
2025-10-24 12:00:00,39.46400,40.88300,39.27600,40.56000
2025-10-24 16:00:00,40.56100,40.62800,39.47200,39.64300
2025-10-24 20:00:00,39.64400,40.52800,38.97500,39.18700
2025-10-25 00:00:00,39.18800,39.39500,38.67300,39.15600
2025-10-25 04:00:00,39.15800,39.77100,39.05000,39.28800
2025-10-25 08:00:00,39.28900,40.12200,38.86100,40.07000
2025-10-25 12:00:00,40.06900,40.26600,39.50800,40.12900
2025-10-25 16:00:00,40.12500,41.16500,40.06000,41.09600
2025-10-25 20:00:00,41.09200,41.74400,40.66100,40.88700
2025-10-26 00:00:00,40.88800,43.18900,40.83000,42.96800
2025-10-26 04:00:00,42.96800,44.65700,42.74000,44.21300
2025-10-26 08:00:00,44.21400,44.80300,43.55000,43.70100
2025-10-26 12:00:00,43.70200,44.64200,43.51000,44.62800
2025-10-26 16:00:00,44.63200,47.95000,44.63100,47.85300
2025-10-26 20:00:00,47.85200,48.60400,46.82800,47.30400
2025-10-27 00:00:00,47.30400,47.82800,46.74500,47.34800
2025-10-27 04:00:00,47.34800,48.32400,46.57200,47.29500
2025-10-27 08:00:00,47.30000,48.75000,47.09200,48.08200
2025-10-27 12:00:00,48.08800,49.50000,46.65900,47.31400
2025-10-27 16:00:00,47.31400,47.51600,45.80200,47.43900
2025-10-27 20:00:00,47.44000,47.52200,46.06200,46.37100
2025-10-28 00:00:00,46.37000,47.69200,46.35100,46.80900
2025-10-28 04:00:00,46.80600,48.80700,45.39000,46.52000
2025-10-28 08:00:00,46.51500,47.71300,46.05300,47.47900
2025-10-28 12:00:00,47.47800,47.94600,46.67300,47.33400
2025-10-28 16:00:00,47.33400,48.46200,46.50000,47.98200
2025-10-28 20:00:00,47.98300,49.36500,47.45900,47.67000
2025-10-29 00:00:00,47.67200,48.89700,46.28300,46.38300
2025-10-29 04:00:00,46.38000,48.24100,45.93200,47.65700
2025-10-29 08:00:00,47.65000,48.58400,47.34600,47.78300
2025-10-29 12:00:00,47.78300,48.84800,47.35100,47.63100
2025-10-29 16:00:00,47.62900,49.50000,46.91100,49.18200
2025-10-29 20:00:00,49.18200,49.43300,46.30700,46.69500
2025-10-30 00:00:00,46.69400,48.88800,45.50000,47.87800
2025-10-30 04:00:00,47.87900,49.97100,47.34600,47.95200
2025-10-30 08:00:00,47.95200,48.81900,47.33000,48.45600
2025-10-30 12:00:00,48.45100,49.76300,46.62600,49.57800
2025-10-30 16:00:00,49.57800,50.23800,47.38800,47.50000
2025-10-30 20:00:00,47.50000,47.62000,44.60900,45.37900
2025-10-31 00:00:00,45.37500,45.98100,42.66900,43.08000
2025-10-31 04:00:00,43.08000,45.64300,42.82000,45.38900
2025-10-31 08:00:00,45.38900,46.25000,44.29100,44.92900
2025-10-31 12:00:00,44.92900,45.96300,43.83000,43.99900
2025-10-31 16:00:00,43.99900,44.97300,43.37100,44.30900
2025-10-31 20:00:00,44.30400,45.13500,42.97900,44.01700
2025-11-01 00:00:00,44.01800,44.09700,42.35600,43.43100
2025-11-01 04:00:00,43.43100,44.10300,43.12800,43.68500
2025-11-01 08:00:00,43.68400,44.41700,42.72000,44.20500
2025-11-01 12:00:00,44.20100,44.52300,43.29800,43.80400
2025-11-01 16:00:00,43.80400,44.08000,43.08000,43.70200
2025-11-01 20:00:00,43.70300,43.85600,42.64300,43.36100
2025-11-02 00:00:00,43.36200,44.32800,43.14700,43.51800
2025-11-02 04:00:00,43.51700,43.73400,42.84400,43.26200
2025-11-02 08:00:00,43.26300,43.27100,42.24300,43.02600
2025-11-02 12:00:00,43.02700,43.43600,42.61500,43.24500
2025-11-02 16:00:00,43.24600,43.46500,41.35700,42.89000
2025-11-02 20:00:00,42.89100,43.04200,41.47400,41.49700
2025-11-03 00:00:00,41.49800,42.05600,41.09200,41.65800
2025-11-03 04:00:00,41.65800,42.65200,41.29300,42.44300
2025-11-03 08:00:00,42.44300,42.73000,40.51900,40.54400
2025-11-03 12:00:00,40.54000,41.83700,40.12800,41.34600
2025-11-03 16:00:00,41.34600,41.54000,40.20200,41.40100
2025-11-03 20:00:00,41.40000,41.94100,38.25300,39.10100
2025-11-04 00:00:00,39.10200,41.29200,38.55400,39.85800
2025-11-04 04:00:00,39.86000,40.36600,39.03800,40.18700
2025-11-04 08:00:00,40.18600,40.82900,39.20900,40.57300
2025-11-04 12:00:00,40.57400,40.78800,36.71100,37.96700
2025-11-04 16:00:00,37.96600,38.38300,36.94900,38.19100
2025-11-04 20:00:00,38.19000,40.29600,37.04800,39.12900
2025-11-05 00:00:00,39.12700,39.50700,36.43700,37.26600
2025-11-05 04:00:00,37.25900,39.33900,35.40800,39.01200
2025-11-05 08:00:00,39.01400,40.45600,37.50000,40.14700
2025-11-05 12:00:00,40.14700,41.03400,39.73600,40.66900
2025-11-05 16:00:00,40.66900,41.58500,39.39800,41.54700
2025-11-05 20:00:00,41.55600,42.24000,40.70900,42.09400
2025-11-06 00:00:00,42.09300,42.16900,41.29200,41.49700
2025-11-06 04:00:00,41.49500,41.64900,40.70000,41.35700
2025-11-06 08:00:00,41.35700,41.35700,40.41000,40.98800
2025-11-06 12:00:00,40.98900,41.21200,39.49600,39.63900
2025-11-06 16:00:00,39.63800,40.41100,39.35700,40.39100
2025-11-06 20:00:00,40.39100,40.54300,38.55500,38.94400
2025-11-07 00:00:00,38.94500,39.23500,37.58800,38.74600
2025-11-07 04:00:00,38.74600,38.98100,38.15600,38.49800
2025-11-07 08:00:00,38.49900,39.48600,38.25300,38.58400
2025-11-07 12:00:00,38.58400,40.38800,38.15500,40.36600
2025-11-07 16:00:00,40.36300,40.76700,38.30100,38.85600
2025-11-07 20:00:00,38.85400,40.84100,38.00000,40.51200
2025-11-08 00:00:00,40.51200,42.99900,40.19100,42.84800
2025-11-08 04:00:00,42.84800,43.38800,42.23800,42.24300
2025-11-08 08:00:00,42.24300,43.32700,41.73700,42.22400
2025-11-08 12:00:00,42.22500,42.60000,40.39700,40.86500
2025-11-08 16:00:00,40.86700,41.76600,40.58200,40.83400
2025-11-08 20:00:00,40.83500,41.48600,39.82800,40.24200
2025-11-09 00:00:00,40.24200,40.94400,39.69900,40.01500
2025-11-09 04:00:00,40.01300,40.52300,39.67200,40.14500
2025-11-09 08:00:00,40.14600,40.50600,39.50000,40.10900
2025-11-09 12:00:00,40.11100,40.35500,39.79300,40.17600
2025-11-09 16:00:00,40.17500,40.46600,39.20300,39.73200
2025-11-09 20:00:00,39.73300,41.33300,39.62300,40.94600
2025-11-10 00:00:00,40.94600,42.58200,40.59200,42.56400
2025-11-10 04:00:00,42.56900,42.83400,41.62800,41.81300
2025-11-10 08:00:00,41.81300,43.03600,41.47200,42.76300
2025-11-10 12:00:00,42.76200,43.26400,42.55300,43.03000
2025-11-10 16:00:00,43.03200,43.14600,41.92000,42.11700
2025-11-10 20:00:00,42.11600,42.40800,41.00100,41.21400
2025-11-11 00:00:00,41.21300,41.95400,40.82800,41.72100
2025-11-11 04:00:00,41.72000,42.38700,41.30600,41.44300
2025-11-11 08:00:00,41.44400,41.99500,40.58700,41.54000
2025-11-11 12:00:00,41.54000,41.55500,39.70200,39.83000
2025-11-11 16:00:00,39.82900,40.47400,39.68200,40.32500
2025-11-11 20:00:00,40.32500,40.47000,39.56300,39.88800
2025-11-12 00:00:00,39.89300,39.93500,39.04700,39.34600
2025-11-12 04:00:00,39.34600,39.42500,38.44800,38.68200
2025-11-12 08:00:00,38.68300,39.35100,38.37900,39.13100
2025-11-12 12:00:00,39.12700,39.70000,38.91000,39.26900
2025-11-12 16:00:00,39.26900,40.85900,39.26500,40.46100
2025-11-12 20:00:00,40.46100,40.69100,38.61600,38.75300
2025-11-13 00:00:00,38.75200,39.04100,37.45000,38.36700
2025-11-13 04:00:00,38.36900,38.98300,38.14800,38.35600
2025-11-13 08:00:00,38.35600,39.11400,37.90200,38.53600
2025-11-13 12:00:00,38.53700,39.84600,38.27900,39.19700
2025-11-13 16:00:00,39.19600,39.43300,38.69000,39.05300
2025-11-13 20:00:00,39.05200,39.23900,38.10000,38.35700
2025-11-14 00:00:00,38.35700,38.49100,36.60000,37.49200
2025-11-14 04:00:00,37.49000,39.10500,37.14400,38.52700
2025-11-14 08:00:00,38.52900,38.59800,37.53200,37.81200
2025-11-14 12:00:00,37.81100,37.89700,36.35600,37.48300
2025-11-14 16:00:00,37.48400,37.73800,36.65100,36.87000
2025-11-14 20:00:00,36.87100,38.06300,36.00000,38.02200
2025-11-15 00:00:00,38.02300,38.28700,36.75900,37.98300
2025-11-15 04:00:00,37.98400,38.56300,37.02900,37.49200
2025-11-15 08:00:00,37.49300,38.85900,37.31000,38.81700
2025-11-15 12:00:00,38.81600,39.29200,38.31100,39.11800
2025-11-15 16:00:00,39.11700,39.56000,38.46800,38.66000
2025-11-15 20:00:00,38.65900,39.29700,38.51000,39.20100
2025-11-16 00:00:00,39.20000,39.20000,38.50200,38.66900
2025-11-16 04:00:00,38.66800,38.81600,38.29300,38.56700
2025-11-16 08:00:00,38.56900,38.87500,38.03300,38.65700
2025-11-16 12:00:00,38.65600,39.28600,38.53200,39.18700
2025-11-16 16:00:00,39.18900,40.50200,38.87700,39.26900
2025-11-16 20:00:00,39.26700,39.52500,38.05400,38.16700
2025-11-17 00:00:00,38.16600,38.49200,37.45000,38.04800
2025-11-17 04:00:00,38.04900,38.76300,37.49900,38.69900
2025-11-17 08:00:00,38.69800,39.02500,38.18200,38.71700
2025-11-17 12:00:00,38.71600,38.75700,38.22200,38.53000
2025-11-17 16:00:00,38.53100,39.24000,38.30000,39.21400
2025-11-17 20:00:00,39.21300,39.29800,37.32700,37.52700
2025-11-18 00:00:00,37.52600,38.20000,37.10100,37.68100
2025-11-18 04:00:00,37.68000,39.34100,37.56600,39.33500
2025-11-18 08:00:00,39.33500,40.92000,38.53300,40.41300
2025-11-18 12:00:00,40.41400,41.70900,39.57100,40.26200
2025-11-18 16:00:00,40.26100,41.48800,40.22500,41.10600
2025-11-18 20:00:00,41.10700,41.66400,38.32200,38.88100
2025-11-19 00:00:00,38.88400,39.58600,38.23800,38.59300
2025-11-19 04:00:00,38.59400,39.35400,38.51500,38.65300
2025-11-19 08:00:00,38.65300,39.10700,38.25600,38.34400
2025-11-19 12:00:00,38.34400,38.71700,37.58200,38.60300
2025-11-19 16:00:00,38.60300,38.71500,37.94000,38.19200
2025-11-19 20:00:00,38.19300,38.52700,37.28300,37.34300
2025-11-20 00:00:00,37.34100,37.88000,37.12000,37.62200
2025-11-20 04:00:00,37.62200,38.96900,37.56900,38.84200
2025-11-20 08:00:00,38.84100,39.80000,38.36300,39.27900
2025-11-20 12:00:00,39.28000,39.70600,38.92500,39.43600
2025-11-20 16:00:00,39.43600,39.48700,38.97800,39.28700
2025-11-20 20:00:00,39.28700,39.42300,38.40000,38.45500
2025-11-21 00:00:00,38.45500,38.54100,37.34600,37.88000
2025-11-21 04:00:00,37.87900,38.38400,37.45000,37.54100
2025-11-21 08:00:00,37.54200,38.54700,36.80300,36.86500
2025-11-21 12:00:00,36.86200,37.27800,32.75800,34.26700
2025-11-21 16:00:00,34.27300,34.78500,32.24100,32.48500
2025-11-21 20:00:00,32.48700,34.17800,31.66000,32.85000
2025-11-22 00:00:00,32.85000,34.59700,32.09500,33.52200
2025-11-22 04:00:00,33.52100,34.32200,33.01400,33.85000
2025-11-22 08:00:00,33.85100,34.35800,33.47800,33.89200
2025-11-22 12:00:00,33.89300,34.52400,33.20200,33.93700
2025-11-22 16:00:00,33.93800,33.93900,32.72200,32.88900
2025-11-22 20:00:00,32.88900,32.94100,31.87200,31.90700
2025-11-23 00:00:00,31.90800,32.00800,30.47900,30.51300
2025-11-23 04:00:00,30.51200,30.63700,29.35000,29.97700
2025-11-23 08:00:00,29.97700,31.57600,29.61400,31.24500
2025-11-23 12:00:00,31.24200,31.86000,30.35300,30.88200
2025-11-23 16:00:00,30.88300,31.68900,30.72200,31.55400
2025-11-23 20:00:00,31.55500,32.06900,30.61000,31.18100
2025-11-24 00:00:00,31.18000,31.24000,30.23900,31.01200
2025-11-24 04:00:00,31.01100,32.64200,30.89500,31.86300
2025-11-24 08:00:00,31.86300,33.77900,31.49700,33.07000
2025-11-24 12:00:00,33.07000,33.08200,31.14800,31.57800
2025-11-24 16:00:00,31.57700,31.79400,31.04900,31.21200
2025-11-24 20:00:00,31.21200,31.94500,30.40700,31.02900
2025-11-25 00:00:00,31.03000,32.46800,31.03000,32.45800
2025-11-25 04:00:00,32.45900,34.66000,32.37400,33.72800
2025-11-25 08:00:00,33.72800,33.82000,32.21200,32.59900
2025-11-25 12:00:00,32.60000,32.89500,31.78900,31.88200
2025-11-25 16:00:00,31.88200,34.49600,31.88200,32.51700
2025-11-25 20:00:00,32.51800,33.14900,31.80100,32.27100
2025-11-26 00:00:00,32.26700,32.69900,31.80000,32.33900
2025-11-26 04:00:00,32.34400,33.93100,32.16000,33.71700
2025-11-26 08:00:00,33.71700,34.65300,33.62400,33.90100
2025-11-26 12:00:00,33.90000,35.01900,33.60000,34.74200
2025-11-26 16:00:00,34.74100,34.78400,33.59400,33.68600
2025-11-26 20:00:00,33.68500,34.30000,33.01000,33.82700
2025-11-27 00:00:00,33.82700,35.65500,33.77200,35.19800
2025-11-27 04:00:00,35.19800,36.35900,34.83100,36.22200
2025-11-27 08:00:00,36.22000,36.53700,35.52900,35.65000
2025-11-27 12:00:00,35.65200,35.91600,35.29700,35.54800
2025-11-27 16:00:00,35.54900,35.61400,34.45500,34.79500
2025-11-27 20:00:00,34.79500,34.95400,34.50100,34.69600
2025-11-28 00:00:00,34.69600,35.79800,34.52700,35.72100
2025-11-28 04:00:00,35.72100,35.96100,34.65000,34.72300
2025-11-28 08:00:00,34.72300,34.87200,33.76900,34.87100
2025-11-28 12:00:00,34.87200,35.53300,34.47400,34.66500
2025-11-28 16:00:00,34.66400,36.32000,34.61700,35.95800
2025-11-28 20:00:00,35.95800,36.80900,35.29400,35.47900
2025-11-29 00:00:00,35.47900,35.59700,34.14000,34.54100
2025-11-29 04:00:00,34.54100,35.29900,34.25800,34.92400
2025-11-29 08:00:00,34.92300,35.14500,34.61400,34.81800
2025-11-29 12:00:00,34.81900,36.44900,34.07900,35.94600
2025-11-29 16:00:00,35.94600,36.03700,35.24100,35.71500
2025-11-29 20:00:00,35.71600,36.23300,34.50000,34.74500
2025-11-30 00:00:00,34.74500,35.06700,34.00100,34.45500
2025-11-30 04:00:00,34.45500,34.77300,34.17700,34.32900
2025-11-30 08:00:00,34.33000,34.54900,34.00100,34.27800
2025-11-30 12:00:00,34.27800,34.33100,33.33400,33.96000
2025-11-30 16:00:00,33.96000,34.06800,32.89800,32.99900
2025-11-30 20:00:00,32.99900,33.77300,32.86800,33.03500
2025-12-01 00:00:00,33.03600,33.97700,33.03600,33.72400
2025-12-01 04:00:00,33.72400,33.81200,31.82700,31.93400
2025-12-01 08:00:00,31.93400,32.06700,30.51100,30.75500
2025-12-01 12:00:00,30.75300,31.24300,30.27700,31.19800
2025-12-01 16:00:00,31.19800,31.42800,30.56400,30.62900
2025-12-01 20:00:00,30.63000,30.80900,29.13500,29.76400
2025-12-02 00:00:00,29.76400,30.00400,29.21800,29.52800
2025-12-02 04:00:00,29.52800,31.48900,29.52000,31.01000
2025-12-02 08:00:00,31.01000,31.53200,30.34900,31.06300
2025-12-02 12:00:00,31.06200,31.96700,30.90200,31.67900
2025-12-02 16:00:00,31.68000,32.01500,31.09100,31.80800
2025-12-02 20:00:00,31.80700,33.46600,31.47800,32.97200
2025-12-03 00:00:00,32.97100,33.71500,32.60700,33.09300
2025-12-03 04:00:00,33.09200,34.40600,32.60200,33.84800
2025-12-03 08:00:00,33.84500,34.81400,33.34900,34.20100
2025-12-03 12:00:00,34.20100,35.38500,34.02400,34.22100
2025-12-03 16:00:00,34.22200,34.62000,33.44900,33.76100
2025-12-03 20:00:00,33.76000,34.70000,33.43600,34.04900
2025-12-04 00:00:00,34.04900,34.77500,33.86400,34.74700
2025-12-04 04:00:00,34.74700,35.10000,34.28500,34.65000
2025-12-04 08:00:00,34.65100,36.18900,34.22400,35.57900
2025-12-04 12:00:00,35.57900,35.57900,34.66100,35.23100
2025-12-04 16:00:00,35.23300,35.36200,34.56100,34.74900
2025-12-04 20:00:00,34.75000,34.95300,34.02000,34.54200
2025-12-05 00:00:00,34.54200,34.90600,33.20300,33.47200
2025-12-05 04:00:00,33.47400,33.69300,33.06100,33.51900
2025-12-05 08:00:00,33.51900,33.89000,33.23800,33.68200
2025-12-05 12:00:00,33.68200,33.81400,33.17200,33.19600
2025-12-05 16:00:00,33.19700,33.27600,31.81100,31.91400
2025-12-05 20:00:00,31.91300,32.05300,31.09200,31.49100
2025-12-06 00:00:00,31.49200,31.52100,30.45400,31.08400
2025-12-06 04:00:00,31.08300,31.32600,30.78200,30.96500
2025-12-06 08:00:00,30.96500,31.21600,30.60500,31.08400
2025-12-06 12:00:00,31.08200,31.38100,31.01000,31.06100
2025-12-06 16:00:00,31.06200,31.08500,30.64000,30.84700
2025-12-06 20:00:00,30.84600,31.17700,30.56700,30.84700
2025-12-07 00:00:00,30.84700,31.47300,30.83000,31.00600
2025-12-07 04:00:00,31.00600,31.27500,30.72900,30.94600
2025-12-07 08:00:00,30.94600,31.17000,30.79500,30.95000
2025-12-07 12:00:00,30.95100,31.23700,30.49900,30.51600
2025-12-07 16:00:00,30.51600,30.53900,29.13300,29.67100
2025-12-07 20:00:00,29.67200,30.08800,28.11500,29.05900
2025-12-08 00:00:00,29.05700,29.87000,28.76600,29.68000
2025-12-08 04:00:00,29.68000,29.91200,28.40400,29.71900
2025-12-08 08:00:00,29.71800,30.95100,29.44000,29.98400
2025-12-08 12:00:00,29.98400,30.53000,29.85200,29.99300
2025-12-08 16:00:00,29.99100,30.84200,29.95400,30.65100
2025-12-08 20:00:00,30.65100,30.69300,29.10000,29.55800
2025-12-09 00:00:00,29.55800,30.01300,28.63800,29.07800
2025-12-09 04:00:00,29.07600,29.88300,29.03900,29.48400
2025-12-09 08:00:00,29.48300,29.52700,28.44400,28.63100
2025-12-09 12:00:00,28.63200,28.72700,27.43100,28.30200
2025-12-09 16:00:00,28.30200,28.42200,27.48000,27.97800
2025-12-09 20:00:00,27.97700,28.80000,27.77700,28.53100
2025-12-10 00:00:00,28.53100,29.30400,28.25000,29.06700
2025-12-10 04:00:00,29.06700,29.14500,27.45000,27.89600
2025-12-10 08:00:00,27.89700,28.92800,27.61000,28.83000
2025-12-10 12:00:00,28.83000,29.53200,28.63100,29.30300
2025-12-10 16:00:00,29.30300,29.47700,28.94200,29.10600
2025-12-10 20:00:00,29.10500,29.30500,28.70400,29.02700
2025-12-11 00:00:00,29.02600,29.93000,28.74700,29.47300
2025-12-11 04:00:00,29.47300,29.98500,28.79200,28.81700
2025-12-11 08:00:00,28.81700,29.15800,28.12000,28.59400
2025-12-11 12:00:00,28.59400,28.83100,27.86300,28.05600
2025-12-11 16:00:00,28.05600,28.08500,27.06500,27.20600
2025-12-11 20:00:00,27.20600,28.10300,26.86200,27.52500
2025-12-12 00:00:00,27.52600,28.55400,27.41100,28.16600
2025-12-12 04:00:00,28.16600,29.22100,28.15900,29.12800
2025-12-12 08:00:00,29.12800,29.60900,28.80300,29.43400
2025-12-12 12:00:00,29.43300,29.80400,29.26400,29.48000
2025-12-12 16:00:00,29.48000,29.97900,29.11100,29.83700
2025-12-12 20:00:00,29.83600,29.90900,28.56400,28.88700
2025-12-13 00:00:00,28.88500,30.28400,28.62400,28.80300
2025-12-13 04:00:00,28.80400,29.03900,28.30400,28.58800
2025-12-13 08:00:00,28.58900,28.84300,28.32800,28.50500
2025-12-13 12:00:00,28.50500,28.52300,27.90500,28.02400
2025-12-13 16:00:00,28.02400,29.00000,27.89700,28.88900
2025-12-13 20:00:00,28.88800,29.45200,28.80800,29.15400
2025-12-14 00:00:00,29.15300,29.35900,28.73600,28.89200
2025-12-14 04:00:00,28.89200,29.72400,28.57600,29.57600
2025-12-14 08:00:00,29.57500,29.82800,29.15200,29.23400
2025-12-14 12:00:00,29.23400,29.56800,28.87700,29.52400
2025-12-14 16:00:00,29.52500,29.58300,28.57500,28.79400
2025-12-14 20:00:00,28.79300,29.89600,28.62100,28.81100
2025-12-15 00:00:00,28.81100,29.50100,28.70100,29.10300
2025-12-15 04:00:00,29.10300,29.25200,28.23400,28.80600
2025-12-15 08:00:00,28.80600,29.56400,28.58600,28.95900
2025-12-15 12:00:00,28.95800,29.25800,28.92100,29.10200
2025-12-15 16:00:00,29.10200,29.51300,28.96600,29.37400
2025-12-15 20:00:00,29.37500,29.49400,27.35500,27.71600
2025-12-16 00:00:00,27.71700,28.05800,27.15400,27.52500
2025-12-16 04:00:00,27.52400,27.73200,27.09500,27.58300
2025-12-16 08:00:00,27.58400,27.64800,26.32800,26.69600
2025-12-16 12:00:00,26.69000,26.77300,26.03400,26.29600
2025-12-16 16:00:00,26.29600,27.40000,26.23700,27.38800
2025-12-16 20:00:00,27.38600,27.59400,26.77400,27.26600
2025-12-17 00:00:00,27.26600,27.31700,26.24000,26.89700
2025-12-17 04:00:00,26.89900,27.17600,26.50400,26.79000
2025-12-17 08:00:00,26.79200,28.36000,26.20000,27.01900
2025-12-17 12:00:00,27.01900,27.26800,26.54000,27.16800
2025-12-17 16:00:00,27.16800,27.66600,26.65600,27.61200
2025-12-17 20:00:00,27.61000,27.87600,26.56300,26.71900
2025-12-18 00:00:00,26.72000,27.03400,24.66300,24.74000
2025-12-18 04:00:00,24.74000,25.02000,24.18700,24.47300
2025-12-18 08:00:00,24.47200,24.77800,24.09700,24.18700
2025-12-18 12:00:00,24.18700,24.57400,23.86400,23.97900
2025-12-18 16:00:00,23.97900,24.49400,23.65600,24.36800
2025-12-18 20:00:00,24.36900,25.28800,24.10000,24.67400
2025-12-19 00:00:00,24.67500,24.81000,22.56800,22.78700
2025-12-19 04:00:00,22.78700,23.24100,22.40000,22.45800
2025-12-19 08:00:00,22.45900,23.29200,22.18500,23.07700
2025-12-19 12:00:00,23.07700,24.21200,23.01200,23.91400
2025-12-19 16:00:00,23.91300,24.79000,23.75500,24.58100
2025-12-19 20:00:00,24.58100,24.70800,23.69900,23.86500
2025-12-20 00:00:00,23.86500,25.12600,23.81000,24.75400
2025-12-20 04:00:00,24.75300,24.94100,24.41800,24.86200
2025-12-20 08:00:00,24.86100,24.89300,24.31100,24.57900
2025-12-20 12:00:00,24.58000,24.97200,24.52800,24.91700
2025-12-20 16:00:00,24.91600,25.55000,24.47000,24.68400
2025-12-20 20:00:00,24.68300,24.84200,24.46400,24.68400
2025-12-21 00:00:00,24.68400,25.36300,24.62000,25.15100
2025-12-21 04:00:00,25.15000,25.27600,23.80000,23.99200
2025-12-21 08:00:00,23.99200,24.12300,23.55200,23.89400
2025-12-21 12:00:00,23.89300,24.29900,23.82700,24.18600
2025-12-21 16:00:00,24.18500,24.61900,24.00000,24.28200
2025-12-21 20:00:00,24.28200,24.40700,23.67300,24.16600
2025-12-22 00:00:00,24.16500,24.55500,24.00700,24.35700
2025-12-22 04:00:00,24.35800,24.84100,24.02000,24.82500
2025-12-22 08:00:00,24.82400,25.00000,24.44300,24.76100
2025-12-22 12:00:00,24.76100,25.40500,24.64000,25.38000
2025-12-22 16:00:00,25.38000,25.69800,24.96600,25.06000
2025-12-22 20:00:00,25.06100,25.43800,24.38300,24.69900
2025-12-23 00:00:00,24.70000,25.21600,24.52800,24.64200
2025-12-23 04:00:00,24.64100,25.10300,24.51500,24.87100
2025-12-23 08:00:00,24.87200,25.00000,24.31900,24.33600
2025-12-23 12:00:00,24.33600,24.49100,24.02700,24.26600
2025-12-23 16:00:00,24.26600,24.42200,23.82300,24.30100
2025-12-23 20:00:00,24.30200,24.60300,23.63500,24.06800
2025-12-24 00:00:00,24.06800,24.59100,24.03000,24.55500
2025-12-24 04:00:00,24.55500,24.74800,23.80000,23.95600
2025-12-24 08:00:00,23.95600,24.39900,23.63400,24.06500
2025-12-24 12:00:00,24.06400,24.25700,23.70500,23.71500
2025-12-24 16:00:00,23.71600,23.99200,23.61200,23.91600
2025-12-24 20:00:00,23.91500,24.29700,23.78300,24.27300
2025-12-25 00:00:00,24.27300,24.72400,24.14000,24.66300
2025-12-25 04:00:00,24.66400,25.24400,24.42800,25.15600
2025-12-25 08:00:00,25.15600,25.19300,24.70400,24.86200
2025-12-25 12:00:00,24.86400,25.13600,24.53800,24.70400
2025-12-25 16:00:00,24.70200,24.74000,24.46200,24.63400
2025-12-25 20:00:00,24.63400,24.89700,24.52500,24.80500
2025-12-26 00:00:00,24.80600,25.22900,24.76100,24.91600
2025-12-26 04:00:00,24.91600,25.01500,24.17000,24.38400
2025-12-26 08:00:00,24.38300,25.12000,24.34700,24.93400
2025-12-26 12:00:00,24.93400,25.49900,24.77500,25.09400
2025-12-26 16:00:00,25.09300,25.48600,24.86000,24.91700
2025-12-26 20:00:00,24.91600,25.16800,24.70100,24.98100
2025-12-27 00:00:00,24.98100,25.04900,24.73200,24.99000
2025-12-27 04:00:00,24.99000,25.89000,24.96100,25.77400
2025-12-27 08:00:00,25.77300,26.45000,25.55500,25.91800
2025-12-27 12:00:00,25.91900,26.09200,25.76200,25.93700
2025-12-27 16:00:00,25.93800,26.35500,25.93800,26.09600
2025-12-27 20:00:00,26.09500,26.16800,25.69300,25.94900
2025-12-28 00:00:00,25.95000,25.96300,25.38300,25.68800
2025-12-28 04:00:00,25.68800,26.16600,25.57600,25.96100
2025-12-28 08:00:00,25.96100,26.19700,25.86700,26.10400
2025-12-28 12:00:00,26.10000,26.37000,25.68800,25.81600
2025-12-28 16:00:00,25.81600,26.06200,25.75100,25.86700
2025-12-28 20:00:00,25.86800,25.91100,25.02500,25.16500
2025-12-29 00:00:00,25.16500,25.46700,24.90400,24.97500
2025-12-29 04:00:00,24.97500,25.43900,24.76600,25.34200
2025-12-29 08:00:00,25.34300,26.30100,25.24600,26.09400
2025-12-29 12:00:00,26.09400,26.29300,25.77200,25.94400
2025-12-29 16:00:00,25.94400,26.11600,25.50000,25.64900
2025-12-29 20:00:00,25.64800,26.11600,25.30600,26.01400
2025-12-30 00:00:00,26.01300,26.43400,25.62000,25.63800
2025-12-30 04:00:00,25.64400,26.00000,25.61500,25.79100
2025-12-30 08:00:00,25.79000,25.90100,25.35000,25.76200
2025-12-30 12:00:00,25.76100,26.43900,25.72800,26.13300
2025-12-30 16:00:00,26.13500,26.69800,25.70500,25.88500
2025-12-30 20:00:00,25.88500,25.88600,25.35900,25.77000
2025-12-31 00:00:00,25.77000,25.98400,25.51400,25.98200
2025-12-31 04:00:00,25.98200,26.09500,25.75700,25.96500
2025-12-31 08:00:00,25.96600,26.11800,25.68400,25.81900
2025-12-31 12:00:00,25.81900,26.07500,25.73100,25.75100
2025-12-31 16:00:00,25.75200,25.92900,25.69500,25.79100
2025-12-31 20:00:00,25.79100,26.24200,25.75000,25.92800
2026-01-01 00:00:00,25.92900,26.12100,25.54000,25.75800
2026-01-01 04:00:00,25.75800,25.90500,25.28100,25.45200
2026-01-01 08:00:00,25.45200,26.10500,25.41500,25.59500
2026-01-01 12:00:00,25.59400,25.72000,25.39100,25.67900
2026-01-01 16:00:00,25.68000,25.85900,25.56700,25.79200
2026-01-01 20:00:00,25.79300,25.80100,24.04100,24.32600
2026-01-02 00:00:00,24.32500,24.65100,23.97600,24.40800
2026-01-02 04:00:00,24.40800,24.50700,23.72000,24.24300
2026-01-02 08:00:00,24.24400,24.64100,24.06700,24.51500
2026-01-02 12:00:00,24.51500,24.79700,24.20000,24.32100
2026-01-02 16:00:00,24.32000,25.04100,24.28700,24.46600
2026-01-02 20:00:00,24.46600,24.72900,24.25000,24.50600
2026-01-03 00:00:00,24.50500,24.88600,24.41100,24.62600
2026-01-03 04:00:00,24.62700,24.68700,24.06300,24.59800
2026-01-03 08:00:00,24.59800,24.78000,24.40000,24.57000
2026-01-03 12:00:00,24.57100,25.25900,24.30100,24.51400
2026-01-03 16:00:00,24.51300,24.68700,24.26200,24.39100
2026-01-03 20:00:00,24.39100,24.97600,24.30700,24.78000
2026-01-04 00:00:00,24.78100,25.21800,24.69500,24.79500
2026-01-04 04:00:00,24.79500,25.44400,24.45900,25.37600
2026-01-04 08:00:00,25.37700,25.58000,25.04200,25.29400
2026-01-04 12:00:00,25.29400,25.34800,24.94400,25.14000
2026-01-04 16:00:00,25.14000,25.34500,24.82700,25.23900
2026-01-04 20:00:00,25.24000,26.17200,25.06400,26.15300
2026-01-05 00:00:00,26.15100,26.40000,25.75800,25.86500
2026-01-05 04:00:00,25.86600,26.90000,25.81200,26.86200
2026-01-05 08:00:00,26.86500,27.39800,26.33700,26.42300
2026-01-05 12:00:00,26.42300,26.64300,26.08000,26.40200
2026-01-05 16:00:00,26.40200,26.77700,25.92500,26.34000
2026-01-05 20:00:00,26.34000,26.56600,25.76100,26.40900
2026-01-06 00:00:00,26.40900,27.20200,26.15400,27.05900
2026-01-06 04:00:00,27.05900,27.48000,26.39000,26.50000
2026-01-06 08:00:00,26.50100,26.80300,26.08100,26.39200
2026-01-06 12:00:00,26.39200,27.14900,26.31100,26.38100
2026-01-06 16:00:00,26.38100,27.01400,26.20000,26.92400
2026-01-06 20:00:00,26.92400,27.44000,26.86900,27.16800
2026-01-07 00:00:00,27.16700,27.60100,26.45800,27.08500
2026-01-07 04:00:00,27.08500,28.40000,27.07600,28.23600
2026-01-07 08:00:00,28.23700,28.38700,27.44800,27.80300
2026-01-07 12:00:00,27.80400,27.98800,27.27800,27.60900
2026-01-07 16:00:00,27.60900,27.73900,26.98400,27.03200
2026-01-07 20:00:00,27.03100,27.07700,26.46100,26.47200
2026-01-08 00:00:00,26.47200,27.34000,26.46200,26.88000
2026-01-08 04:00:00,26.88000,27.07400,26.50900,26.86400
2026-01-08 08:00:00,26.86400,27.09000,26.35100,26.49400
2026-01-08 12:00:00,26.49400,26.72500,26.11600,26.69900
2026-01-08 16:00:00,26.69900,26.74200,25.83600,26.15200
2026-01-08 20:00:00,26.15200,26.26600,25.68000,26.18900
2026-01-09 00:00:00,26.18900,26.29600,25.76800,25.95000
2026-01-09 04:00:00,25.95000,25.97000,25.58200,25.67200
2026-01-09 08:00:00,25.67300,25.79600,25.41700,25.74000
2026-01-09 12:00:00,25.74100,26.20200,25.69900,26.08700
2026-01-09 16:00:00,26.08700,26.12900,25.24000,25.50500
2026-01-09 20:00:00,25.50500,25.99600,25.32100,25.61500
2026-01-10 00:00:00,25.61700,25.91400,24.97100,25.11400
2026-01-10 04:00:00,25.11600,25.23100,24.91800,25.07100
2026-01-10 08:00:00,25.07200,25.08400,24.22400,24.40600
2026-01-10 12:00:00,24.40700,24.44500,24.17500,24.33500
2026-01-10 16:00:00,24.33500,24.69800,24.25400,24.57000
2026-01-10 20:00:00,24.57200,24.64100,24.22200,24.33400
2026-01-11 00:00:00,24.33400,24.35900,23.81200,24.13400
2026-01-11 04:00:00,24.13500,24.25200,23.75100,24.03700
2026-01-11 08:00:00,24.03800,24.21200,23.98800,24.20600
2026-01-11 12:00:00,24.20700,24.50000,24.14500,24.46100
2026-01-11 16:00:00,24.46100,24.52100,24.31900,24.44000
2026-01-11 20:00:00,24.44100,24.65000,24.35100,24.43300
2026-01-12 00:00:00,24.43400,24.66600,24.38100,24.55600
2026-01-12 04:00:00,24.55600,24.55600,24.24200,24.43200
2026-01-12 08:00:00,24.43200,25.41000,24.29900,24.89600
2026-01-12 12:00:00,24.89600,25.11900,24.69900,24.73500
2026-01-12 16:00:00,24.73100,24.86100,23.60700,23.99600
2026-01-12 20:00:00,23.99600,24.12300,23.10800,23.58300
2026-01-13 00:00:00,23.58200,23.94000,23.26100,23.89800
2026-01-13 04:00:00,23.89800,24.15000,23.67900,23.75000
2026-01-13 08:00:00,23.75000,24.26800,23.72900,24.22600
2026-01-13 12:00:00,24.22600,24.49300,24.17800,24.27700
2026-01-13 16:00:00,24.27600,24.67300,24.04100,24.30800
2026-01-13 20:00:00,24.30900,24.69800,24.24100,24.39300
2026-01-14 00:00:00,24.39300,25.03000,24.38000,24.97000
2026-01-14 04:00:00,24.97000,25.84200,24.70200,25.74900
2026-01-14 08:00:00,25.75000,26.13100,25.60300,26.06600
2026-01-14 12:00:00,26.06600,26.19700,25.70300,26.18000
2026-01-14 16:00:00,26.18000,26.51100,25.79200,25.82100
2026-01-14 20:00:00,25.82100,26.60000,25.73800,26.33600
2026-01-15 00:00:00,26.33600,26.88400,25.77700,26.33600
2026-01-15 04:00:00,26.33600,26.47500,25.64100,25.96500
2026-01-15 08:00:00,25.96600,26.09500,24.70900,24.74200
2026-01-15 12:00:00,24.74200,25.29200,24.71500,25.03400
2026-01-15 16:00:00,25.03300,25.34600,24.93400,25.20400
2026-01-15 20:00:00,25.20300,25.59200,24.44600,24.89600
2026-01-16 00:00:00,24.89500,25.27500,24.49300,24.99100
2026-01-16 04:00:00,24.99000,25.17400,24.33800,24.72200
2026-01-16 08:00:00,24.72200,24.85500,24.53100,24.58300
2026-01-16 12:00:00,24.58300,25.03500,24.47500,24.82000
2026-01-16 16:00:00,24.82100,25.12100,24.68100,25.11500
2026-01-16 20:00:00,25.11400,25.23300,24.59300,24.80400
2026-01-17 00:00:00,24.80400,25.10500,24.73000,24.81600
2026-01-17 04:00:00,24.81700,25.08400,24.65800,24.99400
2026-01-17 08:00:00,24.99500,25.02500,24.77300,24.81700
2026-01-17 12:00:00,24.81600,25.02500,24.74600,24.93800
2026-01-17 16:00:00,24.93900,25.33800,24.93500,25.26000
2026-01-17 20:00:00,25.25900,25.66900,25.05500,25.65300
2026-01-18 00:00:00,25.65300,25.83500,25.34700,25.64100
2026-01-18 04:00:00,25.64000,25.72900,25.32400,25.41900
2026-01-18 08:00:00,25.41800,25.57100,25.21700,25.47100
2026-01-18 12:00:00,25.47400,26.02900,25.41700,25.82600
2026-01-18 16:00:00,25.82700,26.12800,25.72200,26.00700
2026-01-18 20:00:00,26.00700,26.01900,25.65900,25.81600
2026-01-19 00:00:00,25.81600,25.88600,25.07000,25.16600
2026-01-19 04:00:00,25.16600,25.28200,24.34600,24.45600
2026-01-19 08:00:00,24.45500,24.57300,22.65100,23.92400
2026-01-19 12:00:00,23.92500,24.02000,23.64400,23.81500
2026-01-19 16:00:00,23.81600,24.23100,23.77200,24.10200
2026-01-19 20:00:00,24.10100,24.10100,23.45000,23.73900
2026-01-20 00:00:00,23.73900,24.13300,23.71600,24.03100
2026-01-20 04:00:00,24.03000,24.10000,23.53300,23.71400
2026-01-20 08:00:00,23.71300,23.76100,23.42800,23.74900
2026-01-20 12:00:00,23.74900,23.85700,23.08100,23.09500
2026-01-20 16:00:00,23.09600,23.26400,22.71300,22.75400
2026-01-20 20:00:00,22.75500,22.88600,21.57100,22.07300
2026-01-21 00:00:00,22.07200,22.17300,20.97700,21.52900
2026-01-21 04:00:00,21.52800,21.84200,20.81100,20.98200
2026-01-21 08:00:00,20.98300,21.55200,20.88700,21.42900
2026-01-21 12:00:00,21.42800,21.78600,21.22500,21.26300
2026-01-21 16:00:00,21.26300,21.26800,20.55900,20.70500
2026-01-21 20:00:00,20.70300,21.59300,20.50100,21.56800
2026-01-22 00:00:00,21.56700,22.00000,20.47500,21.87700
2026-01-22 04:00:00,21.87700,22.10800,21.40700,21.52800
2026-01-22 08:00:00,21.52900,22.19400,21.50000,21.57800
2026-01-22 12:00:00,21.57800,21.96300,21.57700,21.93300
2026-01-22 16:00:00,21.93200,22.22600,21.80200,21.80800
2026-01-22 20:00:00,21.80800,21.97100,21.10100,21.26500
2026-01-23 00:00:00,21.26600,21.74600,21.11100,21.41600
2026-01-23 04:00:00,21.41600,21.49200,21.25000,21.44000
2026-01-23 08:00:00,21.44000,21.81200,21.36000,21.80700
2026-01-23 12:00:00,21.80800,21.86400,21.40200,21.45200
2026-01-23 16:00:00,21.45100,21.49200,20.82900,21.23600
2026-01-23 20:00:00,21.23700,22.36600,21.15700,22.32200
2026-01-24 00:00:00,22.32200,23.10300,22.20300,22.39400
2026-01-24 04:00:00,22.39400,22.73400,22.28500,22.63400
2026-01-24 08:00:00,22.63400,23.28900,22.56100,23.09200
2026-01-24 12:00:00,23.09300,23.16400,22.80300,22.81400
2026-01-24 16:00:00,22.81400,23.49700,22.81000,23.20900
2026-01-24 20:00:00,23.20900,23.45800,22.98900,23.04100
2026-01-25 00:00:00,23.04200,23.65400,22.90000,23.43200
2026-01-25 04:00:00,23.43200,23.74600,23.16900,23.20400
2026-01-25 08:00:00,23.20300,23.41800,22.91900,22.93000
2026-01-25 12:00:00,22.93100,22.99200,22.72300,22.89500
2026-01-25 16:00:00,22.89600,22.99200,22.33400,22.50100
2026-01-25 20:00:00,22.50100,22.71400,22.42200,22.45400
2026-01-26 00:00:00,22.45400,22.61500,21.65500,21.79800
2026-01-26 04:00:00,21.79700,22.27000,21.62200,22.19300
2026-01-26 08:00:00,22.19300,22.52000,21.81200,21.96300
2026-01-26 12:00:00,21.96300,22.33300,21.93500,22.31200
2026-01-26 16:00:00,22.31100,22.61800,22.01400,22.27100
2026-01-26 20:00:00,22.27100,22.87800,22.11400,22.44600
2026-01-27 00:00:00,22.44700,24.41800,22.40600,24.11700
2026-01-27 04:00:00,24.11600,25.33800,23.97000,24.93100
2026-01-27 08:00:00,24.93000,26.45100,24.89400,26.08800
2026-01-27 12:00:00,26.08800,27.79900,26.02500,27.41300
2026-01-27 16:00:00,27.41400,28.08100,27.19600,27.72200
2026-01-27 20:00:00,27.72000,28.30000,27.14500,28.15300
2026-01-28 00:00:00,28.15200,29.13500,27.42000,28.79100
2026-01-28 04:00:00,28.79000,30.99000,28.73400,30.80000
2026-01-28 08:00:00,30.80000,33.92000,30.71000,33.54200
2026-01-28 12:00:00,33.54100,34.28100,32.39000,33.50800
2026-01-28 16:00:00,33.50900,34.84900,33.40300,33.90400
2026-01-28 20:00:00,33.90900,34.69500,33.01300,33.47500
2026-01-29 00:00:00,33.47600,33.59400,32.33900,33.36600
2026-01-29 04:00:00,33.36700,34.52700,32.80300,34.42800
2026-01-29 08:00:00,34.42800,34.44300,31.65100,31.74800
2026-01-29 12:00:00,31.74800,33.24800,31.12900,32.42900
2026-01-29 16:00:00,32.43000,33.69400,31.85300,33.29500
2026-01-29 20:00:00,33.29500,34.56600,31.79800,33.14100
2026-01-30 00:00:00,33.14000,33.97900,31.97100,32.12700
2026-01-30 04:00:00,32.12700,32.90900,30.37700,30.79000
2026-01-30 08:00:00,30.79100,30.84500,28.13900,29.21400
2026-01-30 12:00:00,29.21600,29.76900,28.55200,29.13300
2026-01-30 16:00:00,29.13400,30.92500,29.00900,30.62600
2026-01-30 20:00:00,30.62700,30.71000,28.73200,28.98400
2026-01-31 00:00:00,28.98300,32.89800,28.54200,32.09900
2026-01-31 04:00:00,32.09900,32.12300,30.32000,30.62300
2026-01-31 08:00:00,30.62300,32.15000,30.53400,31.67700
2026-01-31 12:00:00,31.67800,31.87600,30.44900,30.65300
2026-01-31 16:00:00,30.65200,30.93200,29.80000,30.27000
2026-01-31 20:00:00,30.26800,30.49800,28.47400,28.68000
2026-02-01 00:00:00,28.68100,30.00000,27.41700,29.07900
2026-02-01 04:00:00,29.08000,31.18100,28.63100,31.01200
2026-02-01 08:00:00,31.01100,32.59000,30.95900,31.46900
2026-02-01 12:00:00,31.47000,32.02400,30.22100,30.70100
2026-02-01 16:00:00,30.70200,31.56300,30.22300,30.96400
2026-02-01 20:00:00,30.96400,31.09200,28.45500,28.99400
2026-02-02 00:00:00,28.99600,30.26600,28.77100,29.41800
2026-02-02 04:00:00,29.41700,31.20200,28.93100,30.57300
2026-02-02 08:00:00,30.57300,32.08900,30.08900,31.99700
2026-02-02 12:00:00,31.99900,32.04700,29.49200,31.22100
2026-02-02 16:00:00,31.22300,31.63600,30.54400,30.92000
2026-02-02 20:00:00,30.92300,33.38200,30.41500,32.72500
2026-02-03 00:00:00,32.72500,33.73500,31.61600,32.46700
2026-02-03 04:00:00,32.46600,33.95800,32.20200,33.28200
2026-02-03 08:00:00,33.28100,38.23600,33.12400,37.92000
2026-02-03 12:00:00,37.92000,38.48300,36.71000,37.28600
2026-02-03 16:00:00,37.28600,37.98800,35.70000,36.07000
2026-02-03 20:00:00,36.07100,36.43000,33.50000,34.18400
2026-02-04 00:00:00,34.19000,34.69800,32.24500,33.85900
2026-02-04 04:00:00,33.85900,35.72800,32.48300,32.69500
2026-02-04 08:00:00,32.69500,33.83100,32.37500,33.67100
2026-02-04 12:00:00,33.67100,34.04200,32.84800,33.37000
2026-02-04 16:00:00,33.37100,33.62400,32.51600,33.31900
2026-02-04 20:00:00,33.32000,34.32200,32.46900,34.03800
2026-02-05 00:00:00,34.03800,35.38000,33.08700,35.36200
2026-02-05 04:00:00,35.36200,36.26700,34.45300,35.48000
2026-02-05 08:00:00,35.48100,35.51300,33.20400,33.48700
2026-02-05 12:00:00,33.48600,34.74600,33.25700,34.21300
2026-02-05 16:00:00,34.21300,35.29700,32.60000,32.90500
2026-02-05 20:00:00,32.90300,33.05000,31.08600,31.85100
2026-02-06 00:00:00,31.85100,33.39600,31.05600,32.52000
2026-02-06 04:00:00,32.51800,34.53300,31.88700,33.08700
2026-02-06 08:00:00,33.08800,36.82600,31.37300,34.75600
2026-02-06 12:00:00,34.75600,35.57200,32.86800,32.91600
2026-02-06 16:00:00,32.91500,34.38600,32.20000,33.90300
2026-02-06 20:00:00,33.90300,34.96700,32.30100,32.44900
2026-02-07 00:00:00,32.45000,34.53700,32.23100,33.25400
2026-02-07 04:00:00,33.25000,33.25500,32.13800,32.37700
2026-02-07 08:00:00,32.37600,33.12300,31.50700,33.11400
2026-02-07 12:00:00,33.11400,33.32600,32.34000,32.96800
2026-02-07 16:00:00,32.96900,33.85800,32.48200,32.73600
2026-02-07 20:00:00,32.73500,33.27300,31.87700,32.06200
2026-02-08 00:00:00,32.06000,32.52600,31.18000,31.54900
2026-02-08 04:00:00,31.55000,32.06600,31.00300,31.40100
2026-02-08 08:00:00,31.40100,31.95700,30.93100,31.31100
2026-02-08 12:00:00,31.31200,31.89500,30.48000,31.03000
2026-02-08 16:00:00,31.03000,32.16600,30.70200,32.04800
2026-02-08 20:00:00,32.04800,32.26400,31.07600,31.61900
2026-02-09 00:00:00,31.61800,32.96700,31.39600,32.73800
2026-02-09 04:00:00,32.73900,33.03100,32.03700,32.44100
2026-02-09 08:00:00,32.44100,33.52000,32.22600,33.12100
2026-02-09 12:00:00,33.12100,33.25300,32.27200,32.42700
2026-02-09 16:00:00,32.42600,32.52800,31.23100,31.36900
2026-02-09 20:00:00,31.37000,32.15700,31.15400,31.27100
2026-02-10 00:00:00,31.27100,32.24800,30.90200,32.05700
2026-02-10 04:00:00,32.05600,32.16100,31.22400,31.32900
2026-02-10 08:00:00,31.32800,31.55700,30.58600,30.78000
2026-02-10 12:00:00,30.78000,31.01500,29.71700,30.00800
2026-02-10 16:00:00,30.00800,30.29500,29.50400,29.54000
2026-02-10 20:00:00,29.54000,30.06300,29.22200,29.80200
2026-02-11 00:00:00,29.80300,30.53200,29.57000,29.83700
2026-02-11 04:00:00,29.83700,29.89300,28.75100,28.84200
2026-02-11 08:00:00,28.84300,29.25600,28.68800,28.79100
2026-02-11 12:00:00,28.79100,29.42400,28.56200,28.74000
2026-02-11 16:00:00,28.74000,29.29700,28.35900,29.09300
2026-02-11 20:00:00,29.09200,29.37800,28.27300,28.90200
2026-02-12 00:00:00,28.90200,29.80000,28.89900,29.51300
2026-02-12 04:00:00,29.51200,30.19900,29.17300,29.38000
2026-02-12 08:00:00,29.38000,30.94900,29.36600,30.54000
2026-02-12 12:00:00,30.53900,30.70000,29.96500,30.22300
2026-02-12 16:00:00,30.22300,31.79700,30.10800,31.62400
2026-02-12 20:00:00,31.62300,31.82400,30.63100,30.78000
2026-02-13 00:00:00,30.78100,30.90300,29.28100,29.73500
2026-02-13 04:00:00,29.73600,31.12700,29.37100,31.09000
2026-02-13 08:00:00,31.08900,31.40900,30.41500,30.74900
2026-02-13 12:00:00,30.74800,30.97000,30.46100,30.71500
2026-02-13 16:00:00,30.71500,30.77500,30.18600,30.52900
2026-02-13 20:00:00,30.52800,32.34400,29.95300,31.54900
2026-02-14 00:00:00,31.53300,32.13200,31.31200,31.39200
2026-02-14 04:00:00,31.39200,31.75000,31.00500,31.56300
2026-02-14 08:00:00,31.56400,32.24900,31.45800,31.90100
2026-02-14 12:00:00,31.90000,31.91400,31.24000,31.77500
2026-02-14 16:00:00,31.77500,32.29500,31.46900,32.09500
2026-02-14 20:00:00,32.09400,32.20900,30.95900,31.45200
2026-02-15 00:00:00,31.45300,31.52900,30.70300,31.45800
2026-02-15 04:00:00,31.45800,31.95200,31.34800,31.83500
2026-02-15 08:00:00,31.83200,32.00500,31.13500,31.42100
2026-02-15 12:00:00,31.42100,31.80600,31.21300,31.33700
2026-02-15 16:00:00,31.33700,31.65500,30.68000,31.47200
2026-02-15 20:00:00,31.47400,31.67000,30.47600,30.94300
2026-02-16 00:00:00,30.94500,31.14600,30.42100,30.56200
2026-02-16 04:00:00,30.56200,30.71200,30.23500,30.69900
2026-02-16 08:00:00,30.69800,30.95900,30.00000,30.30100
2026-02-16 12:00:00,30.30100,30.35400,29.52800,29.66200
2026-02-16 16:00:00,29.66300,30.16300,29.59700,29.92600
2026-02-16 20:00:00,29.92600,30.61300,29.56000,29.81500
2026-02-17 00:00:00,29.81500,30.06300,29.67300,29.87000
2026-02-17 04:00:00,29.86900,31.27400,29.82900,31.24600
2026-02-17 08:00:00,31.24700,31.41500,30.76100,30.86000
2026-02-17 12:00:00,30.86000,31.06700,30.02000,30.12800
2026-02-17 16:00:00,30.12800,30.23400,29.23300,29.35600
2026-02-17 20:00:00,29.35500,29.84100,29.01100,29.56700
2026-02-18 00:00:00,29.56800,30.13900,29.24900,29.53500
2026-02-18 04:00:00,29.53500,29.91300,29.33800,29.50200
2026-02-18 08:00:00,29.50300,29.60500,28.81700,29.26700
2026-02-18 12:00:00,29.26800,29.71500,29.19800,29.65300
2026-02-18 16:00:00,29.65300,29.77900,28.80000,28.88900
2026-02-18 20:00:00,28.88900,29.59100,28.52800,29.20100
2026-02-19 00:00:00,29.20100,29.28300,28.40000,28.74000
2026-02-19 04:00:00,28.74100,28.96200,28.21000,28.67200
2026-02-19 08:00:00,28.67500,28.78500,28.22700,28.73700
2026-02-19 12:00:00,28.73700,29.19800,28.51200,29.18400
2026-02-19 16:00:00,29.18400,29.20900,28.28100,28.38800
2026-02-19 20:00:00,28.38700,28.45400,27.69000,28.35300
2026-02-20 00:00:00,28.35300,28.93400,28.14300,28.67400
2026-02-20 04:00:00,28.67300,29.41000,28.63000,29.00000
2026-02-20 08:00:00,28.99900,29.59100,28.96800,29.48800
2026-02-20 12:00:00,29.48800,29.52300,29.00300,29.05800
2026-02-20 16:00:00,29.05800,29.74300,28.92700,29.39800
2026-02-20 20:00:00,29.39800,29.90700,28.60800,29.83100
2026-02-21 00:00:00,29.83100,30.36100,29.51500,30.07500
2026-02-21 04:00:00,30.07600,30.43000,29.89500,30.36400
2026-02-21 08:00:00,30.36400,30.58000,30.12200,30.27400
2026-02-21 12:00:00,30.27400,30.42000,30.05500,30.08700
2026-02-21 16:00:00,30.08700,30.54600,30.08700,30.12200
2026-02-21 20:00:00,30.12200,30.21000,29.73200,29.91800
2026-02-22 00:00:00,29.91800,30.09800,29.65900,29.84300
2026-02-22 04:00:00,29.84200,29.88600,29.52400,29.73000
2026-02-22 08:00:00,29.73100,29.95100,29.58700,29.71600
2026-02-22 12:00:00,29.71500,29.76000,29.42500,29.43300
2026-02-22 16:00:00,29.43200,29.85000,29.35100,29.68600
2026-02-22 20:00:00,29.68500,29.71300,28.98300,29.20200
2026-02-23 00:00:00,29.20300,29.21200,28.68000,28.75700
2026-02-23 04:00:00,28.75700,29.03800,28.75300,29.01500
2026-02-23 08:00:00,29.01600,29.04800,26.84200,27.24500
2026-02-23 12:00:00,27.24500,27.88800,26.91800,27.69900
2026-02-23 16:00:00,27.70000,28.23600,27.40900,27.63100
2026-02-23 20:00:00,27.63100,27.69300,26.35100,26.57000
2026-02-24 00:00:00,26.56900,26.74900,25.61300,26.29300
2026-02-24 04:00:00,26.29300,26.65300,26.09300,26.36800
2026-02-24 08:00:00,26.36900,26.54400,25.62100,26.24600
2026-02-24 12:00:00,26.24600,26.37400,25.87700,26.27400
2026-02-24 16:00:00,26.27500,26.67400,26.16400,26.47200
2026-02-24 20:00:00,26.47000,27.05200,26.07900,26.77200
2026-02-25 00:00:00,26.77100,27.29300,26.73900,27.21000
2026-02-25 04:00:00,27.21000,27.42100,26.94900,27.08000
2026-02-25 08:00:00,27.08000,27.98400,26.95800,27.04500
2026-02-25 12:00:00,27.04400,27.28100,26.73900,26.90400
2026-02-25 16:00:00,26.90400,27.18200,26.74800,27.17500
2026-02-25 20:00:00,27.17400,28.51500,27.01800,27.97200
2026-02-26 00:00:00,27.97100,29.05700,27.89800,28.77500
2026-02-26 04:00:00,28.77500,28.99400,27.59300,27.88400
2026-02-26 08:00:00,27.88300,28.64000,27.71900,28.02900
2026-02-26 12:00:00,28.03000,28.57400,27.99700,28.23700
2026-02-26 16:00:00,28.23700,29.38800,28.07700,28.44100
2026-02-26 20:00:00,28.44100,29.41400,28.12100,28.44500
2026-02-27 00:00:00,28.44500,28.73500,27.82200,28.50600
2026-02-27 04:00:00,28.50600,28.71200,28.08900,28.10800
2026-02-27 08:00:00,28.10700,28.84600,27.86900,28.82800
2026-02-27 12:00:00,28.82900,29.61800,28.76900,29.28800
2026-02-27 16:00:00,29.28800,29.94700,28.25400,28.31500
2026-02-27 20:00:00,28.31400,28.41700,27.80700,28.16400
2026-02-28 00:00:00,28.16400,28.17900,26.83400,27.08700
2026-02-28 04:00:00,27.08800,27.42300,26.72900,27.27900
2026-02-28 08:00:00,27.28000,27.55800,26.78000,26.87800
2026-02-28 12:00:00,26.87800,27.05000,26.07500,26.62500
2026-02-28 16:00:00,26.62400,27.70600,26.53900,27.26100
2026-02-28 20:00:00,27.26200,28.22000,27.10900,28.16300
2026-03-01 00:00:00,28.16300,29.68800,28.00400,29.48400
2026-03-01 04:00:00,29.48500,31.40000,29.37300,31.20400
2026-03-01 08:00:00,31.20400,31.30000,30.16100,30.89000
2026-03-01 12:00:00,30.89200,31.53700,30.63100,30.91500
2026-03-01 16:00:00,30.91600,31.20000,30.41900,31.03600
2026-03-01 20:00:00,31.03500,31.61300,30.59200,31.39200
2026-03-02 00:00:00,31.39300,31.91500,30.72100,31.57500
2026-03-02 04:00:00,31.57600,32.32700,31.20000,31.53000
2026-03-02 08:00:00,31.53000,32.76400,31.49100,32.02700
2026-03-02 12:00:00,32.02700,32.06900,29.91600,30.31700
2026-03-02 16:00:00,30.31800,30.78000,30.18100,30.68800
2026-03-02 20:00:00,30.68700,32.52800,30.34200,32.15900
2026-03-03 00:00:00,32.16000,33.69000,31.93000,32.42900
2026-03-03 04:00:00,32.42900,33.24900,31.91500,32.80900
2026-03-03 08:00:00,32.80800,33.28900,32.25200,32.96900
2026-03-03 12:00:00,32.96900,33.54500,32.30800,33.02200
2026-03-03 16:00:00,33.02000,33.04400,31.54000,31.92000
2026-03-03 20:00:00,31.92000,32.40500,31.00000,31.88900
2026-03-04 00:00:00,31.88500,32.85600,31.66500,31.77200
2026-03-04 04:00:00,31.77500,31.89700,30.80000,31.28800
2026-03-04 08:00:00,31.28900,31.64800,30.71200,30.96900
2026-03-04 12:00:00,30.96900,32.22700,30.76800,32.18000
2026-03-04 16:00:00,32.17700,32.99400,31.74800,32.54300
2026-03-04 20:00:00,32.54200,33.19900,32.11200,33.11300
2026-03-05 00:00:00,33.11000,33.20700,32.00000,32.41800
2026-03-05 04:00:00,32.41500,32.52000,31.35700,32.14500
2026-03-05 08:00:00,32.14500,32.22300,31.28600,31.48400
2026-03-05 12:00:00,31.48300,31.85900,31.34000,31.53800
2026-03-05 16:00:00,31.53900,32.29000,31.50900,31.79500
2026-03-05 20:00:00,31.79600,32.07300,30.92300,31.28700
2026-03-06 00:00:00,31.28700,31.29000,30.23100,30.37000
2026-03-06 04:00:00,30.37000,30.95100,30.37000,30.53500
2026-03-06 08:00:00,30.53600,30.73600,30.33300,30.65300
2026-03-06 12:00:00,30.65200,31.13500,30.48600,30.79700
2026-03-06 16:00:00,30.79700,30.88700,30.16200,30.34900
2026-03-06 20:00:00,30.34900,30.85700,29.50900,29.84200
2026-03-07 00:00:00,29.84300,30.50000,29.43500,30.35600
2026-03-07 04:00:00,30.35600,31.31800,30.31400,31.01900
2026-03-07 08:00:00,31.01800,31.09900,30.59500,30.75900
2026-03-07 12:00:00,30.75900,30.77000,30.25000,30.43400
2026-03-07 16:00:00,30.43400,31.06400,30.26900,30.89400
2026-03-07 20:00:00,30.89400,31.10000,30.59300,30.70600
2026-03-08 00:00:00,30.70600,30.94500,29.78300,30.15200
2026-03-08 04:00:00,30.15100,30.30800,29.86000,30.28800
2026-03-08 08:00:00,30.28800,30.35900,30.00300,30.06600
2026-03-08 12:00:00,30.06600,30.25000,29.66700,30.16500
2026-03-08 16:00:00,30.16400,30.65800,30.03000,30.32000
2026-03-08 20:00:00,30.32100,30.80000,30.05100,30.51700
2026-03-09 00:00:00,30.51700,30.76400,30.08000,30.76400
2026-03-09 04:00:00,30.76300,31.27800,30.07900,30.68500
2026-03-09 08:00:00,30.68500,31.41700,30.23700,30.51400
2026-03-09 12:00:00,30.51400,31.07600,30.38000,30.68300
2026-03-09 16:00:00,30.68400,31.45700,30.65800,31.38800
2026-03-09 20:00:00,31.38900,33.47300,31.37000,32.38200
2026-03-10 00:00:00,32.38200,34.81500,32.34900,34.09500
2026-03-10 04:00:00,34.09400,35.36400,33.92000,34.66100
2026-03-10 08:00:00,34.66000,34.75000,33.43500,34.71700
2026-03-10 12:00:00,34.71700,34.85700,33.84500,34.53600
2026-03-10 16:00:00,34.53600,35.20000,34.51100,34.91400
2026-03-10 20:00:00,34.91400,35.17100,33.92300,34.79000
2026-03-11 00:00:00,34.78800,34.86900,33.63300,33.93600
2026-03-11 04:00:00,33.93500,34.25600,33.57000,34.15100
2026-03-11 08:00:00,34.15100,34.86300,34.05400,34.33700
2026-03-11 12:00:00,34.33700,34.99500,34.30700,34.38400
2026-03-11 16:00:00,34.38400,35.02000,34.09800,34.85700
2026-03-11 20:00:00,34.85700,37.00000,34.75200,36.32100
2026-03-12 00:00:00,36.32000,36.76500,35.88800,36.31400
2026-03-12 04:00:00,36.31300,36.58100,35.74800,36.20600
2026-03-12 08:00:00,36.20500,37.06900,35.77400,35.84400
2026-03-12 12:00:00,35.84200,37.46500,35.84100,36.80300
2026-03-12 16:00:00,36.80200,38.04600,36.72700,37.31100
2026-03-12 20:00:00,37.31100,37.98800,36.85400,37.38800
2026-03-13 00:00:00,37.38900,37.85100,36.96700,37.07500
2026-03-13 04:00:00,37.07600,37.48700,36.82400,37.24800
2026-03-13 08:00:00,37.24800,38.53400,37.14500,38.07200
2026-03-13 12:00:00,38.07200,38.22700,37.27500,37.72600
2026-03-13 16:00:00,37.72600,37.74700,36.91100,37.32500
2026-03-13 20:00:00,37.32500,37.67000,36.10200,36.25300
2026-03-14 00:00:00,36.25400,36.80900,36.00000,36.73400
2026-03-14 04:00:00,36.73500,36.94000,35.96700,36.43000
2026-03-14 08:00:00,36.42800,37.08000,36.33600,36.98200
2026-03-14 12:00:00,36.98200,37.51800,36.93200,37.19900
2026-03-14 16:00:00,37.19800,37.21500,36.56300,36.89400
2026-03-14 20:00:00,36.89400,38.36800,36.89300,37.97700
2026-03-15 00:00:00,37.97600,38.84600,37.78400,38.05000
2026-03-15 04:00:00,38.05000,38.27900,37.65600,37.79300
2026-03-15 08:00:00,37.79300,38.21900,37.57600,38.10000
2026-03-15 12:00:00,38.10000,38.27200,37.37300,37.50000
2026-03-15 16:00:00,37.49900,37.73800,37.06900,37.63800
2026-03-15 20:00:00,37.63800,37.64400,37.17100,37.28100
2026-03-16 00:00:00,37.28100,37.50500,36.77400,37.09300
2026-03-16 04:00:00,37.09200,37.68400,36.85400,37.24200
2026-03-16 08:00:00,37.24200,38.16400,37.20300,37.79300
2026-03-16 12:00:00,37.79400,39.34300,37.71800,38.73700
2026-03-16 16:00:00,38.73800,39.63000,38.70100,39.51300
2026-03-16 20:00:00,39.51400,39.71600,38.40100,39.02900
2026-03-17 00:00:00,39.02800,39.59700,38.62200,39.55200
2026-03-17 04:00:00,39.55200,41.44400,39.39100,40.78400
2026-03-17 08:00:00,40.78300,41.23900,40.00600,40.47900
2026-03-17 12:00:00,40.48000,41.56800,40.22200,41.44700
2026-03-17 16:00:00,41.44800,41.77400,40.41300,41.41800
2026-03-17 20:00:00,41.41600,41.64000,39.59900,39.86600
2026-03-18 00:00:00,39.86600,41.31500,39.85600,40.98100
2026-03-18 04:00:00,40.98200,42.14900,40.87500,41.14600
2026-03-18 08:00:00,41.14700,42.35400,40.49300,42.17200
2026-03-18 12:00:00,42.17200,42.26800,41.31100,41.67400
2026-03-18 16:00:00,41.67400,42.02900,40.86300,41.16000
2026-03-18 20:00:00,41.16100,43.08600,40.13600,41.56400
2026-03-19 00:00:00,41.56400,43.75300,41.45500,42.52900
2026-03-19 04:00:00,42.53000,43.00400,41.53800,42.07900
2026-03-19 08:00:00,42.07900,42.22100,41.03600,41.51200
2026-03-19 12:00:00,41.51200,41.60600,40.01300,40.12200
2026-03-19 16:00:00,40.12300,40.27900,39.04200,39.47200
2026-03-19 20:00:00,39.47200,39.80000,38.58900,39.59000
2026-03-20 00:00:00,39.59100,40.56700,39.07200,39.76900
2026-03-20 04:00:00,39.76900,40.05700,39.00900,39.32900
2026-03-20 08:00:00,39.32800,40.37200,39.21900,39.86400
2026-03-20 12:00:00,39.86500,40.38700,39.13100,40.34300
2026-03-20 16:00:00,40.34400,40.75500,39.18700,39.49200
2026-03-20 20:00:00,39.49100,39.63200,38.64400,39.46500
2026-03-21 00:00:00,39.46500,39.91400,38.34300,39.12000
2026-03-21 04:00:00,39.11900,40.14000,38.75000,39.52800
2026-03-21 08:00:00,39.52800,39.84000,39.28600,39.63200
2026-03-21 12:00:00,39.63100,39.80500,39.18000,39.68800
2026-03-21 16:00:00,39.68900,40.09800,39.43200,40.06700
2026-03-21 20:00:00,40.06800,40.18000,39.67900,39.90800
2026-03-22 00:00:00,39.91600,40.44700,39.81000,40.15200
2026-03-22 04:00:00,40.15100,40.26700,38.91000,39.13500
2026-03-22 08:00:00,39.13400,39.50900,38.50800,39.04700
2026-03-22 12:00:00,39.04700,39.24400,38.03400,38.27400
2026-03-22 16:00:00,38.27400,38.33900,37.40900,37.92600
2026-03-22 20:00:00,37.92700,38.42200,37.91100,38.05800
2026-03-23 00:00:00,38.05800,38.21800,37.83700,37.99900
2026-03-23 04:00:00,37.99800,38.72100,37.44100,38.34200
2026-03-23 08:00:00,38.34200,38.44100,37.50900,38.02200
2026-03-23 12:00:00,38.02200,38.44300,37.35200,37.47400
2026-03-23 16:00:00,37.47100,39.58700,36.75200,37.55700
2026-03-23 20:00:00,37.55800,38.97900,37.13000,37.67700
2026-03-24 00:00:00,37.67800,38.20900,37.32500,37.92200
2026-03-24 04:00:00,37.92400,38.21700,37.03100,37.34100
2026-03-24 08:00:00,37.34200,37.86700,37.21900,37.86100
2026-03-24 12:00:00,37.86000,38.55000,37.77100,38.53200
2026-03-24 16:00:00,38.53100,38.83900,38.07400,38.59600
2026-03-24 20:00:00,38.59600,39.84700,37.94400,39.38700
2026-03-25 00:00:00,39.38700,39.94900,38.77800,39.69800
2026-03-25 04:00:00,39.69700,40.48500,39.65000,40.32100
2026-03-25 08:00:00,40.32000,40.94700,39.85800,40.28400
2026-03-25 12:00:00,40.28300,40.45000,39.97700,40.26700
2026-03-25 16:00:00,40.27100,41.58000,40.26600,41.34800
2026-03-25 20:00:00,41.34500,41.38800,40.02200,40.27200
2026-03-26 00:00:00,40.27100,40.84100,40.24900,40.47000
2026-03-26 04:00:00,40.47100,40.47800,39.66000,40.30800
2026-03-26 08:00:00,40.30700,40.36000,39.25900,39.43200
2026-03-26 12:00:00,39.43100,39.44400,38.71200,39.01800
2026-03-26 16:00:00,39.01900,39.48400,38.85300,39.07200
2026-03-26 20:00:00,39.07300,39.79800,39.05000,39.20600
2026-03-27 00:00:00,39.20600,39.24100,38.34700,38.44600
2026-03-27 04:00:00,38.44700,39.21800,38.27100,39.14900
2026-03-27 08:00:00,39.14900,39.36000,38.43300,38.62300
2026-03-27 12:00:00,38.62000,39.40000,38.49000,39.31100
2026-03-27 16:00:00,39.31100,39.43000,37.88100,38.30800
2026-03-27 20:00:00,38.30900,38.98000,37.94700,38.64900
2026-03-28 00:00:00,38.64900,38.82700,38.09800,38.72700
2026-03-28 04:00:00,38.72800,38.88800,38.23500,38.65800
2026-03-28 08:00:00,38.65900,38.65900,37.97000,38.52000
2026-03-28 12:00:00,38.52000,39.38100,38.29800,39.36600
2026-03-28 16:00:00,39.36600,39.70700,39.13300,39.51600
2026-03-28 20:00:00,39.51600,40.29000,39.41500,40.22400
2026-03-29 00:00:00,40.22100,40.28100,39.52900,39.90000
2026-03-29 04:00:00,39.89900,39.97000,39.38000,39.46200
2026-03-29 08:00:00,39.46200,39.98600,39.24000,39.93100
2026-03-29 12:00:00,39.93000,40.05600,39.60900,39.68600
2026-03-29 16:00:00,39.68600,39.90000,39.21700,39.32000
2026-03-29 20:00:00,39.32000,39.46900,38.72900,38.99900
2026-03-30 00:00:00,38.99800,39.14300,38.58000,38.59200
2026-03-30 04:00:00,38.59200,38.93300,37.72600,37.83800
2026-03-30 08:00:00,37.83900,38.78200,37.46400,38.27200
2026-03-30 12:00:00,38.27200,38.79900,37.97500,38.43300
2026-03-30 16:00:00,38.43400,38.63000,37.84400,38.05700
2026-03-30 20:00:00,38.05800,38.55500,37.71300,38.26000
2026-03-31 00:00:00,38.25800,38.27300,36.49100,37.09300
2026-03-31 04:00:00,37.09100,37.27300,36.65300,36.83900
2026-03-31 08:00:00,36.84000,37.64900,36.63000,37.31200
2026-03-31 12:00:00,37.31300,37.34700,36.44000,36.73200
2026-03-31 16:00:00,36.73200,36.77100,35.66200,35.80400
2026-03-31 20:00:00,35.80500,36.99100,35.73600,35.99100
2026-04-01 00:00:00,35.99100,37.33300,35.98400,36.60900
2026-04-01 04:00:00,36.60800,37.01800,36.11600,36.59900
2026-04-01 08:00:00,36.59900,36.66200,35.97300,36.43800
2026-04-01 12:00:00,36.43800,37.81300,36.34300,37.37400
2026-04-01 16:00:00,37.37400,37.48700,36.73700,37.23200
2026-04-01 20:00:00,37.23200,37.46500,36.60800,37.39500
2026-04-02 00:00:00,37.39400,37.45100,36.08500,36.16800
2026-04-02 04:00:00,36.16300,36.29700,35.85100,36.02500
2026-04-02 08:00:00,36.02500,36.29500,35.06300,35.20100
2026-04-02 12:00:00,35.20100,35.52100,34.87500,35.08800
2026-04-02 16:00:00,35.08700,35.33000,34.63200,34.79800
2026-04-02 20:00:00,34.80000,34.97400,34.44400,34.87300
2026-04-03 00:00:00,34.87400,35.22600,34.57100,34.91800
2026-04-03 04:00:00,34.91800,35.36800,34.83700,35.18800
2026-04-03 08:00:00,35.18800,35.62500,35.08100,35.42400
2026-04-03 12:00:00,35.42500,35.89900,35.35800,35.81200
2026-04-03 16:00:00,35.81100,36.06300,35.63200,35.94400
2026-04-03 20:00:00,35.94300,36.14400,35.39400,35.78100
2026-04-04 00:00:00,35.78000,36.06900,35.49000,35.76100
2026-04-04 04:00:00,35.76000,35.93400,35.50700,35.60200
2026-04-04 08:00:00,35.60200,35.95500,35.50300,35.85900
2026-04-04 12:00:00,35.85800,35.86200,35.59500,35.73400
2026-04-04 16:00:00,35.73300,35.83300,35.60600,35.80000
2026-04-04 20:00:00,35.80000,35.91200,35.50000,35.88400
2026-04-05 00:00:00,35.88500,36.23100,35.85800,35.95700
2026-04-05 04:00:00,35.95700,36.56000,35.92000,36.36100
2026-04-05 08:00:00,36.36100,36.40600,35.88800,35.92000
2026-04-05 12:00:00,35.92100,35.96800,35.43900,35.64000
2026-04-05 16:00:00,35.63900,35.91300,35.63000,35.64200
2026-04-05 20:00:00,35.64200,35.81000,35.11600,35.54200
2026-04-06 00:00:00,35.54300,35.83700,35.43100,35.83600
2026-04-06 04:00:00,35.83700,37.00000,35.68400,36.84400
2026-04-06 08:00:00,36.84600,37.24500,36.54400,37.11500
2026-04-06 12:00:00,37.11500,37.32300,36.74400,37.13900
2026-04-06 16:00:00,37.13900,37.58500,37.04000,37.21900
2026-04-06 20:00:00,37.21800,37.72100,36.96500,37.66900
2026-04-07 00:00:00,37.66800,37.77000,36.80300,37.30600
2026-04-07 04:00:00,37.30600,37.35200,35.99100,36.28900
2026-04-07 08:00:00,36.28800,36.54100,36.06200,36.39500
2026-04-07 12:00:00,36.39400,36.50200,36.06400,36.19500
2026-04-07 16:00:00,36.19500,37.13200,36.19100,36.38400
2026-04-07 20:00:00,36.38500,36.49300,35.74300,36.04300
2026-04-08 00:00:00,36.04300,37.17200,36.02400,37.16200
2026-04-08 04:00:00,37.16300,39.17100,36.92300,38.60100
2026-04-08 08:00:00,38.60000,38.82700,38.10600,38.28300
2026-04-08 12:00:00,38.28300,39.42000,38.24900,39.37000
2026-04-08 16:00:00,39.37100,39.70200,39.05500,39.26400
2026-04-08 20:00:00,39.26500,39.79400,38.48000,38.84200
2026-04-09 00:00:00,38.84100,38.94000,37.74000,38.06600
2026-04-09 04:00:00,38.06500,39.70700,37.91300,38.73800
2026-04-09 08:00:00,38.73800,38.77700,38.13500,38.66800
2026-04-09 12:00:00,38.66700,38.93000,38.20100,38.72500
2026-04-09 16:00:00,38.72500,39.28300,38.69400,38.81200
2026-04-09 20:00:00,38.81100,39.82100,38.73100,39.55600
2026-04-10 00:00:00,39.55600,40.29900,39.35300,40.02400
2026-04-10 04:00:00,40.02400,40.41500,39.30100,39.45200
2026-04-10 08:00:00,39.45200,40.93800,39.41200,40.13800
2026-04-10 12:00:00,40.13800,40.79100,39.99400,40.02700
2026-04-10 16:00:00,40.02700,41.17300,40.02500,41.10600
2026-04-10 20:00:00,41.10700,42.24700,40.99500,41.70400
2026-04-11 00:00:00,41.70500,42.24000,41.55700,41.66700
2026-04-11 04:00:00,41.66500,41.83300,41.25300,41.57700
2026-04-11 08:00:00,41.57600,42.11600,41.45700,41.81200
2026-04-11 12:00:00,41.81200,42.68000,41.53700,42.50200
2026-04-11 16:00:00,42.50300,42.57300,42.07900,42.37400
2026-04-11 20:00:00,42.37200,42.52800,41.73400,41.86000
2026-04-12 00:00:00,41.86000,43.17900,41.84100,42.98700
2026-04-12 04:00:00,42.98800,43.01800,42.01400,42.24200
2026-04-12 08:00:00,42.24100,42.81000,40.93100,41.03000
2026-04-12 12:00:00,41.02900,41.11500,40.52500,40.73600
2026-04-12 16:00:00,40.73600,40.93700,40.35000,40.38800
2026-04-12 20:00:00,40.38800,40.87300,40.17200,40.80000
2026-04-13 00:00:00,40.79900,41.38000,40.77500,41.07700
2026-04-13 04:00:00,41.07700,41.24900,40.43000,40.82300
2026-04-13 08:00:00,40.82300,41.99600,40.77200,41.53300
2026-04-13 12:00:00,41.53300,41.69000,41.01600,41.22600
2026-04-13 16:00:00,41.22600,41.85400,41.07100,41.82000
2026-04-13 20:00:00,41.82100,42.84500,41.50200,42.42700
2026-04-14 00:00:00,42.42500,43.99900,42.15500,43.58800
2026-04-14 04:00:00,43.58700,44.56800,43.07700,44.27600
2026-04-14 08:00:00,44.27800,44.98000,44.10100,44.63000
2026-04-14 12:00:00,44.63000,44.98500,44.41100,44.48600
2026-04-14 16:00:00,44.48700,45.27300,44.34600,44.77400
2026-04-14 20:00:00,44.77300,45.15800,43.26800,43.48600
2026-04-15 00:00:00,43.48600,43.85300,43.03300,43.34700
2026-04-15 04:00:00,43.34800,43.51500,42.91000,43.49900
2026-04-15 08:00:00,43.49900,44.47900,43.40900,43.94700
2026-04-15 12:00:00,43.94800,44.05800,43.10800,43.33200
2026-04-15 16:00:00,43.33600,44.21200,43.21100,44.18200
2026-04-15 20:00:00,44.18200,44.71600,43.93200,44.55900
2026-04-16 00:00:00,44.55800,45.43800,44.18800,44.83100
2026-04-16 04:00:00,44.83300,44.98600,44.25700,44.61900
2026-04-16 08:00:00,44.61800,45.20300,44.05000,44.81000
2026-04-16 12:00:00,44.81000,45.75000,44.77200,45.25300
2026-04-16 16:00:00,45.25200,45.46000,44.41800,44.59400
2026-04-16 20:00:00,44.59000,45.09400,44.23700,44.71600
2026-04-17 00:00:00,44.71700,44.84800,43.41500,44.07600
2026-04-17 04:00:00,44.07500,44.13900,43.27700,43.78700
2026-04-17 08:00:00,43.78700,44.35300,43.13800,43.27000
2026-04-17 12:00:00,43.27000,43.91500,43.24200,43.87200
2026-04-17 16:00:00,43.87200,44.43200,43.25000,43.62800
2026-04-17 20:00:00,43.62800,45.28000,43.52900,45.24000
2026-04-18 00:00:00,45.24000,45.55000,43.94300,44.38200
2026-04-18 04:00:00,44.38400,44.85500,44.09400,44.60800
2026-04-18 08:00:00,44.60800,45.42800,44.45700,45.13000
2026-04-18 12:00:00,45.13200,45.15600,44.57000,44.58600
2026-04-18 16:00:00,44.58700,45.11700,44.00300,44.28600
2026-04-18 20:00:00,44.28600,44.62600,43.95300,44.56300
2026-04-19 00:00:00,44.56400,44.67800,43.70000,43.98000
2026-04-19 04:00:00,43.98100,44.28000,43.74600,43.77000
2026-04-19 08:00:00,43.76700,43.92800,43.14200,43.33100
2026-04-19 12:00:00,43.33100,43.64500,42.84300,43.13500
2026-04-19 16:00:00,43.13500,43.43200,42.71000,43.38300
2026-04-19 20:00:00,43.38400,43.91900,43.12900,43.35800
2026-04-20 00:00:00,43.35900,43.38500,41.40000,41.54600
2026-04-20 04:00:00,41.54600,41.62500,40.51200,40.70300
2026-04-20 08:00:00,40.70300,41.59100,40.69300,41.21300
2026-04-20 12:00:00,41.21200,41.53600,40.71000,40.88600
2026-04-20 16:00:00,40.88500,41.22400,40.67300,41.17300
2026-04-20 20:00:00,41.17200,41.78800,40.60000,41.16100
2026-04-21 00:00:00,41.16900,41.62300,40.66000,41.29100
2026-04-21 04:00:00,41.29000,41.56700,40.54100,40.68800
2026-04-21 08:00:00,40.68800,41.39700,40.35200,41.23800
2026-04-21 12:00:00,41.23700,41.35900,40.61000,40.89600
2026-04-21 16:00:00,40.89600,41.40000,40.54000,40.86200
2026-04-21 20:00:00,40.86300,40.88800,39.76200,40.00300
2026-04-22 00:00:00,40.00400,40.10900,38.86700,38.95100
2026-04-22 04:00:00,38.94800,39.89700,38.90000,39.75400
2026-04-22 08:00:00,39.75400,40.69900,39.61500,40.08300
2026-04-22 12:00:00,40.08300,40.65400,39.93000,40.37700
2026-04-22 16:00:00,40.37700,41.07800,40.29000,41.02000
2026-04-22 20:00:00,41.01900,41.49900,40.72200,40.95100
2026-04-23 00:00:00,40.95100,41.42200,40.74000,40.93000
2026-04-23 04:00:00,40.92900,41.72000,40.82200,41.13100
2026-04-23 08:00:00,41.13100,41.38800,40.53100,40.65700
2026-04-23 12:00:00,40.65700,41.25500,40.54200,41.21900
2026-04-23 16:00:00,41.21900,41.35000,40.50000,41.06400
2026-04-23 20:00:00,41.06500,41.90000,41.03200,41.82400
2026-04-24 00:00:00,41.82300,41.83800,40.70400,40.94500
2026-04-24 04:00:00,40.94500,41.33200,40.91400,41.28900
2026-04-24 08:00:00,41.28900,41.49500,40.85000,41.05600
2026-04-24 12:00:00,41.05400,41.22200,40.84900,41.00400
2026-04-24 16:00:00,41.00400,41.12300,40.64200,41.01700
2026-04-24 20:00:00,41.01700,41.18900,40.68800,41.15700
2026-04-25 00:00:00,41.15700,41.34900,40.84600,41.25100
2026-04-25 04:00:00,41.25100,41.49600,41.07100,41.14600
2026-04-25 08:00:00,41.14600,41.23300,40.96500,41.16500
2026-04-25 12:00:00,41.16600,41.27600,41.01100,41.21800
2026-04-25 16:00:00,41.21600,41.88700,41.12800,41.71200
2026-04-25 20:00:00,41.71500,41.74200,41.30300,41.40000
2026-04-26 00:00:00,41.40000,41.47100,40.82500,41.16000
2026-04-26 04:00:00,41.16100,41.47900,41.07200,41.47400
2026-04-26 08:00:00,41.47600,41.53600,41.20800,41.26000
2026-04-26 12:00:00,41.26000,41.55400,41.08400,41.23100
2026-04-26 16:00:00,41.23200,41.32100,41.09000,41.13100
2026-04-26 20:00:00,41.13000,41.36400,40.93100,41.35000
2026-04-27 00:00:00,41.35000,42.03400,41.20900,41.97000
2026-04-27 04:00:00,41.97000,42.59100,41.79300,42.42800
2026-04-27 08:00:00,42.42900,43.60000,42.27900,43.31600
2026-04-27 12:00:00,43.31600,43.36000,42.20000,42.34500
2026-04-27 16:00:00,42.34500,42.64000,42.13800,42.37000
2026-04-27 20:00:00,42.37000,42.92300,41.56400,41.69200
2026-04-28 00:00:00,41.69200,41.82800,41.24300,41.58400
2026-04-28 04:00:00,41.58400,41.66600,41.22200,41.63000
2026-04-28 08:00:00,41.63300,41.82200,40.77900,41.02700
2026-04-28 12:00:00,41.02700,41.35500,40.14800,40.58300
2026-04-28 16:00:00,40.58200,40.70100,39.67300,40.11900
2026-04-28 20:00:00,40.11900,40.20000,39.48500,39.73200
2026-04-29 00:00:00,39.73500,40.13300,39.44300,40.09800
2026-04-29 04:00:00,40.09800,40.19600,39.81200,40.16400
2026-04-29 08:00:00,40.16300,40.59000,39.91700,40.30100
2026-04-29 12:00:00,40.30100,40.90100,40.11100,40.53300
2026-04-29 16:00:00,40.53300,40.68700,40.20000,40.34900
2026-04-29 20:00:00,40.34800,40.38100,39.30000,39.55700
2026-04-30 00:00:00,39.55600,39.96100,39.14600,39.92500
2026-04-30 04:00:00,39.92600,40.17000,39.68900,39.93300
2026-04-30 08:00:00,39.93300,40.34800,39.47800,39.67800
2026-04-30 12:00:00,39.67800,39.68500,39.23200,39.51400
2026-04-30 16:00:00,39.51500,39.57500,38.70600,38.87400
2026-04-30 20:00:00,38.87400,39.42400,38.74800,39.22400
2026-05-01 00:00:00,39.22400,39.38800,38.90400,39.23700
2026-05-01 04:00:00,39.23700,39.71900,39.05200,39.69900
2026-05-01 08:00:00,39.69900,40.49400,39.66800,40.30900
2026-05-01 12:00:00,40.30900,40.38800,39.71100,39.90200
2026-05-01 16:00:00,39.90200,40.90300,39.87700,40.68200
2026-05-01 20:00:00,40.68200,41.15200,40.46300,40.97400
2026-05-02 00:00:00,40.97200,41.14900,40.66800,40.94700
2026-05-02 04:00:00,40.94700,41.17900,40.67700,41.15000
2026-05-02 08:00:00,41.15000,41.45300,40.99400,41.39500
2026-05-02 12:00:00,41.39500,41.72000,41.17900,41.71300
2026-05-02 16:00:00,41.71400,42.45600,41.45500,41.52000
2026-05-02 20:00:00,41.52000,41.75000,41.28400,41.58000
2026-05-03 00:00:00,41.58100,41.86100,41.44300,41.59600
2026-05-03 04:00:00,41.59600,41.64100,41.25100,41.25400
2026-05-03 08:00:00,41.25400,41.37000,40.85300,41.02400
2026-05-03 12:00:00,41.02400,41.12300,40.80000,41.02000
2026-05-03 16:00:00,41.02100,41.29600,40.90000,40.98400
2026-05-03 20:00:00,40.98500,41.20700,40.74000,40.75600
2026-05-04 00:00:00,40.75600,41.26500,40.65600,41.22000
2026-05-04 04:00:00,41.21900,41.71600,41.03600,41.54000
2026-05-04 08:00:00,41.54000,42.22200,40.95500,42.19500
2026-05-04 12:00:00,42.19500,42.60500,41.66900,41.82700
2026-05-04 16:00:00,41.83200,41.93700,41.06800,41.34400
2026-05-04 20:00:00,41.34400,41.72200,40.87700,41.36700
2026-05-05 00:00:00,41.36300,41.77700,41.10100,41.59400
2026-05-05 04:00:00,41.59500,42.50000,41.51000,41.80500
2026-05-05 08:00:00,41.80500,42.46700,41.77000,42.45500
2026-05-05 12:00:00,42.45500,43.28700,42.27200,43.23100
2026-05-05 16:00:00,43.23100,43.88400,42.74000,43.83100
2026-05-05 20:00:00,43.83100,44.22200,43.55700,44.03200
2026-05-06 00:00:00,44.03300,44.54900,43.73200,44.02100
2026-05-06 04:00:00,44.02200,44.62000,43.57900,43.69000
2026-05-06 08:00:00,43.69000,44.19600,43.59200,44.14100
2026-05-06 12:00:00,44.14100,44.43000,43.80000,44.39400
2026-05-06 16:00:00,44.39400,44.66200,43.66300,44.65500
2026-05-06 20:00:00,44.65500,44.82000,43.14400,43.51800
2026-05-07 00:00:00,43.51800,43.72600,42.91300,43.24500
2026-05-07 04:00:00,43.24800,43.40000,42.94100,43.10300
2026-05-07 08:00:00,43.10300,43.15800,42.28700,42.30100
2026-05-07 12:00:00,42.30000,43.33500,42.25400,43.32000
2026-05-07 16:00:00,43.32000,43.54000,42.48300,42.75700
2026-05-07 20:00:00,42.75700,43.23500,42.02200,42.08900
2026-05-08 00:00:00,42.09000,42.53600,41.85200,42.31900
2026-05-08 04:00:00,42.32000,42.66500,42.25500,42.52000
2026-05-08 08:00:00,42.52100,42.75800,42.14400,42.24900
2026-05-08 12:00:00,42.25000,42.73900,42.00000,42.73100
2026-05-08 16:00:00,42.73200,42.95500,42.32100,42.51600
2026-05-08 20:00:00,42.51600,43.14600,42.11200,43.10000
2026-05-09 00:00:00,43.09900,43.47600,42.68700,43.08600
2026-05-09 04:00:00,43.08600,43.36800,43.00000,43.23500
2026-05-09 08:00:00,43.23600,44.06200,43.18300,44.02900
2026-05-09 12:00:00,44.02900,44.34700,43.76100,43.77900
2026-05-09 16:00:00,43.77900,44.26700,43.21800,43.74300
2026-05-09 20:00:00,43.74300,43.97300,42.94100,43.08900
2026-05-10 00:00:00,43.09000,43.30600,42.86000,43.10000
2026-05-10 04:00:00,43.10100,43.14300,42.82000,42.91000
2026-05-10 08:00:00,42.91000,42.94400,42.39900,42.84100
2026-05-10 12:00:00,42.84100,43.17300,42.78300,43.04200
2026-05-10 16:00:00,43.04100,43.15200,42.67000,42.81300
2026-05-10 20:00:00,42.81400,43.30100,42.55500,43.23800
2026-05-11 00:00:00,43.23800,43.69600,43.11200,43.45000
2026-05-11 04:00:00,43.44900,43.68500,42.13100,42.99600
2026-05-11 08:00:00,42.99700,43.14300,41.96700,42.22200
2026-05-11 12:00:00,42.22000,42.31600,41.71600,41.86000
2026-05-11 16:00:00,41.85900,42.10500,41.30100,41.44000
2026-05-11 20:00:00,41.44100,41.67700,40.82100,41.66400
2026-05-12 00:00:00,41.66400,42.23100,41.51100,42.17100
2026-05-12 04:00:00,42.17100,42.21200,41.79200,41.99500
2026-05-12 08:00:00,41.99500,42.07700,40.86700,40.98300
2026-05-12 12:00:00,40.98300,41.35900,40.81200,41.28100
2026-05-12 16:00:00,41.28000,41.39200,40.57300,41.04000
2026-05-12 20:00:00,41.03900,41.13500,40.05900,40.28400
2026-05-13 00:00:00,40.28500,40.47400,39.77200,40.41700
2026-05-13 04:00:00,40.41600,40.56700,40.06100,40.24300
2026-05-13 08:00:00,40.24300,40.69900,40.03000,40.42900
2026-05-13 12:00:00,40.42900,40.44100,39.86600,40.16400
2026-05-13 16:00:00,40.16400,40.20000,39.22400,39.23100
2026-05-13 20:00:00,39.23200,39.59200,38.84700,38.86100
2026-05-14 00:00:00,38.86000,39.34600,38.85200,39.09500
2026-05-14 04:00:00,39.09500,39.21800,38.68800,38.82100
2026-05-14 08:00:00,38.82200,39.05500,38.15500,38.32200
2026-05-14 12:00:00,38.32100,39.29400,38.29500,38.99600
2026-05-14 16:00:00,38.99500,39.15900,38.87000,38.89900
2026-05-14 20:00:00,38.89800,42.78200,38.88300,42.60600
2026-05-15 00:00:00,42.60700,44.76800,42.31900,44.66300
2026-05-15 04:00:00,44.66200,44.69300,43.60100,44.12500
2026-05-15 08:00:00,44.12500,46.99300,44.12300,46.66300
2026-05-15 12:00:00,46.65800,46.92500,45.11100,46.66200
2026-05-15 16:00:00,46.66300,46.68000,44.92000,45.67300
2026-05-15 20:00:00,45.67400,45.76700,42.62000,44.09700
2026-05-16 00:00:00,44.09400,45.09800,43.67200,44.57800
2026-05-16 04:00:00,44.57800,44.94200,43.81100,44.16800
2026-05-16 08:00:00,44.16800,44.50000,43.00600,43.21200
2026-05-16 12:00:00,43.21000,43.21700,41.32200,41.98400
2026-05-16 16:00:00,41.98300,42.10300,40.31700,40.83100
2026-05-16 20:00:00,40.83000,41.30400,40.70600,40.86200
2026-05-17 00:00:00,40.86100,41.85200,40.56500,41.64000
2026-05-17 04:00:00,41.64100,42.06600,41.63100,41.81100
2026-05-17 08:00:00,41.81100,42.69200,41.33600,42.39400
2026-05-17 12:00:00,42.39400,42.95000,41.91600,42.77700
2026-05-17 16:00:00,42.77800,43.52500,42.59500,42.90100
2026-05-17 20:00:00,42.90000,44.02500,42.50700,43.58900
2026-05-18 00:00:00,43.58900,47.10000,43.36800,46.70800
2026-05-18 04:00:00,46.70900,47.27500,44.58900,45.70000
2026-05-18 08:00:00,45.70100,47.00000,45.06600,45.48800
2026-05-18 12:00:00,45.49000,46.07400,44.81300,45.27200
2026-05-18 16:00:00,45.27500,45.89000,44.80000,45.49100
2026-05-18 20:00:00,45.49100,46.26100,44.18000,44.74700
2026-05-19 00:00:00,44.74600,46.46000,44.68600,46.38500
2026-05-19 04:00:00,46.38500,47.94800,45.68600,47.74000
2026-05-19 08:00:00,47.73900,48.58200,46.82300,47.75700
2026-05-19 12:00:00,47.75900,48.41700,47.19800,47.81000
2026-05-19 16:00:00,47.80900,48.69300,47.51700,47.75400
2026-05-19 20:00:00,47.75300,48.49700,47.26800,47.80700
2026-05-20 00:00:00,47.80800,48.92400,47.67600,48.74300
2026-05-20 04:00:00,48.74100,48.76100,47.63600,48.03600
2026-05-20 08:00:00,48.03600,48.06900,47.06300,47.45800
2026-05-20 12:00:00,47.45800,48.67300,47.33200,48.46500
2026-05-20 16:00:00,48.46400,50.13100,48.43100,49.73500
2026-05-20 20:00:00,49.73000,52.18600,49.50500,51.43600
2026-05-21 00:00:00,51.43500,52.98400,51.19900,52.94700
2026-05-21 04:00:00,52.94600,54.86200,51.66600,54.80200
2026-05-21 08:00:00,54.80300,57.16800,54.70100,56.75100
2026-05-21 12:00:00,56.75100,58.56300,55.73600,58.37500
2026-05-21 16:00:00,58.37500,59.25000,56.66900,57.20000
2026-05-21 20:00:00,57.20000,62.65100,56.75300,61.11300
2026-05-22 00:00:00,61.11300,61.17700,57.27300,57.82600
2026-05-22 04:00:00,57.82500,59.20900,56.28700,58.60500
2026-05-22 08:00:00,58.60600,58.66700,56.64700,57.52400
2026-05-22 12:00:00,57.52500,58.36300,57.03100,57.95100
2026-05-22 16:00:00,57.95100,60.94500,57.63700,60.89600
2026-05-22 20:00:00,60.89500,61.95800,57.71900,57.91100
2026-05-23 00:00:00,57.91100,58.55700,55.05500,55.67800
2026-05-23 04:00:00,55.67700,56.45700,54.35000,54.62900
2026-05-23 08:00:00,54.62800,55.98000,54.04000,55.97400
2026-05-23 12:00:00,55.97200,55.97400,54.68600,55.61700
2026-05-23 16:00:00,55.61700,56.31700,54.91700,55.03700
2026-05-23 20:00:00,55.03700,57.75200,54.47600,57.20900
2026-05-24 00:00:00,57.21000,58.84200,57.02600,58.31100
2026-05-24 04:00:00,58.31200,59.96300,57.44500,58.72700
2026-05-24 08:00:00,58.72700,61.54100,58.64700,60.16100
2026-05-24 12:00:00,60.16500,62.18000,59.68200,61.99400
2026-05-24 16:00:00,61.99300,64.47900,61.56800,62.87900
2026-05-24 20:00:00,62.87900,64.40000,61.57900,63.72700
2026-05-25 00:00:00,63.72800,64.79500,62.60100,63.01900
2026-05-25 04:00:00,63.02000,63.81000,61.39000,62.79200
2026-05-25 08:00:00,62.79200,62.97600,60.75600,61.49400
2026-05-25 12:00:00,61.49500,63.60000,61.00000,63.47200
2026-05-25 16:00:00,63.47200,64.10000,62.70000,63.41200
2026-05-25 20:00:00,63.41300,63.85400,62.31900,62.57400
2026-05-26 00:00:00,62.57500,62.67300,61.41000,62.04300
2026-05-26 04:00:00,62.04200,62.04700,61.00200,61.14600
2026-05-26 08:00:00,61.14700,61.30500,58.58100,59.35500
2026-05-26 12:00:00,59.35500,60.80800,59.00000,59.77100
2026-05-26 16:00:00,59.77200,61.84500,59.17900,61.17800
2026-05-26 20:00:00,61.17500,64.78700,60.43400,62.52300
2026-05-27 00:00:00,62.52300,63.66000,60.15700,60.80700
2026-05-27 04:00:00,60.80800,60.86900,58.70600,59.57700
2026-05-27 08:00:00,59.57800,61.18200,59.40100,60.11200
2026-05-27 12:00:00,60.11200,62.78100,59.56600,62.18800
2026-05-27 16:00:00,62.18700,63.35900,61.82500,62.33700
2026-05-27 20:00:00,62.33900,63.13100,59.63600,60.54800
2026-05-28 00:00:00,60.54800,60.70100,58.91000,60.14800
2026-05-28 04:00:00,60.14900,60.59200,57.41100,57.74500
2026-05-28 08:00:00,57.74700,58.63400,56.80000,57.14500
2026-05-28 12:00:00,57.14400,58.34600,56.62900,58.10500
2026-05-28 16:00:00,58.10600,58.12600,56.35100,57.09800
2026-05-28 20:00:00,57.09800,58.86600,56.30700,57.68800
2026-05-29 00:00:00,57.68800,61.57700,57.40300,60.95000
2026-05-29 04:00:00,60.95000,62.14300,60.14800,61.55200
2026-05-29 08:00:00,61.55200,62.60000,60.36700,61.32900
2026-05-29 12:00:00,61.32800,62.88700,60.80200,62.85000
2026-05-29 16:00:00,62.85000,63.59900,61.91200,62.21500
2026-05-29 20:00:00,62.21200,66.81000,61.43600,65.66000
2026-05-30 00:00:00,65.66100,67.62400,64.80000,66.26700
2026-05-30 04:00:00,66.26500,66.49800,63.86100,64.44200
2026-05-30 08:00:00,64.44100,66.04200,64.11600,65.15000
2026-05-30 12:00:00,65.15100,66.33900,64.00400,66.07500
2026-05-30 16:00:00,66.07600,68.08500,65.82000,67.85400
2026-05-30 20:00:00,67.85300,68.68000,66.62000,67.17100
2026-05-31 00:00:00,67.17100,68.35600,66.19300,67.83600
2026-05-31 04:00:00,67.83600,68.32800,67.03400,68.30300
2026-05-31 08:00:00,68.30400,69.66600,67.98000,68.79800
2026-05-31 12:00:00,68.79700,70.47300,68.40000,69.22400
2026-05-31 16:00:00,69.22300,69.70000,67.42700,67.79400
2026-05-31 20:00:00,67.79300,69.33800,67.51500,68.62100
2026-06-01 00:00:00,68.62200,69.34800,67.69700,69.29200
2026-06-01 04:00:00,69.29300,73.21400,69.00000,72.09300
2026-06-01 08:00:00,72.09300,74.40000,71.68900,73.53200
2026-06-01 12:00:00,73.53300,74.11200,72.10400,72.38200
2026-06-01 16:00:00,72.38100,74.07600,71.42700,73.17400
2026-06-01 20:00:00,73.17000,74.73300,70.25300,70.98000
2026-06-02 00:00:00,70.98000,73.98900,70.50400,73.82600
2026-06-02 04:00:00,73.82700,75.87400,71.78100,73.66500
2026-06-02 08:00:00,73.66400,75.71700,72.67000,74.64100
2026-06-02 12:00:00,74.64200,74.99400,71.28600,72.10300
2026-06-02 16:00:00,72.10000,73.07400,70.62000,72.59900
2026-06-02 20:00:00,72.60000,74.06100,70.60000,71.97900
2026-06-03 00:00:00,71.97800,72.90200,69.04000,70.89000
2026-06-03 04:00:00,70.89000,71.71000,67.80200,69.84900
2026-06-03 08:00:00,69.84900,70.98800,68.40700,70.62900
2026-06-03 12:00:00,70.62900,73.70000,70.60000,73.07100
2026-06-03 16:00:00,73.07000,73.52000,71.50400,72.34100
2026-06-03 20:00:00,72.34100,74.11500,71.70900,72.10000
2026-06-04 00:00:00,72.09900,74.60000,71.41000,73.42700
2026-06-04 04:00:00,73.42600,75.63400,72.06300,74.57500
2026-06-04 08:00:00,74.57500,75.53500,70.33400,74.01100
2026-06-04 12:00:00,74.01100,75.06900,67.82300,67.85900
2026-06-04 16:00:00,67.85900,69.12300,64.87200,66.60700
2026-06-04 20:00:00,66.60800,68.66200,65.36300,67.46600
2026-06-05 00:00:00,67.46600,68.94900,65.77800,66.50600
2026-06-05 04:00:00,66.50700,67.77500,63.06600,64.43900
2026-06-05 08:00:00,64.43900,65.98300,61.55600,61.74400
2026-06-05 12:00:00,61.74300,63.83100,58.93500,62.70700
2026-06-05 16:00:00,62.70700,62.72100,60.81900,61.68800
2026-06-05 20:00:00,61.68700,63.48200,57.20000,57.78600
2026-06-06 00:00:00,57.78600,60.38600,56.66100,58.54600
2026-06-06 04:00:00,58.54500,60.68700,58.09100,59.77600
2026-06-06 08:00:00,59.77200,61.17200,58.66600,58.85400
2026-06-06 12:00:00,58.85400,60.46900,57.34300,59.89200
2026-06-06 16:00:00,59.89000,61.02900,58.16300,59.64000
2026-06-06 20:00:00,59.64000,59.93600,57.61100,58.29700
2026-06-07 00:00:00,58.29900,58.71100,55.53400,55.56400
2026-06-07 04:00:00,55.56100,57.00000,55.45800,56.50200
2026-06-07 08:00:00,56.50600,58.44200,56.10300,57.80400
2026-06-07 12:00:00,57.80200,59.99200,57.52000,59.84800
2026-06-07 16:00:00,59.84800,60.45100,58.52400,58.85400
2026-06-07 20:00:00,58.85300,59.19400,56.41900,58.44100
2026-06-08 00:00:00,58.44000,59.47600,56.81400,57.57600
2026-06-08 04:00:00,57.57600,59.89600,57.45500,59.71300
2026-06-08 08:00:00,59.71400,62.07700,59.28000,61.30000
2026-06-08 12:00:00,61.29900,63.43500,60.18600,63.03100
2026-06-08 16:00:00,63.03000,63.14200,61.03700,62.14000
2026-06-08 20:00:00,62.14000,65.79900,61.26100,64.81900
2026-06-09 00:00:00,64.82000,65.02600,63.31500,63.69600
2026-06-09 04:00:00,63.69700,64.53500,62.76500,63.81700
2026-06-09 08:00:00,63.81700,64.04200,61.30100,61.63900
2026-06-09 12:00:00,61.63900,62.58400,60.86800,62.22800
2026-06-09 16:00:00,62.22700,62.90000,61.48400,61.78500
2026-06-09 20:00:00,61.78400,62.33200,58.65500,58.89900
2026-06-10 00:00:00,58.89900,59.47000,57.87400,58.60000
2026-06-10 04:00:00,58.59800,59.48000,57.30300,57.78600
2026-06-10 08:00:00,57.78700,58.16500,55.57900,56.60300
2026-06-10 12:00:00,56.60400,56.64800,55.05300,55.71600
2026-06-10 16:00:00,55.71800,56.65800,55.23000,55.64500
2026-06-10 20:00:00,55.64200,58.36200,54.82800,57.47400
2026-06-11 00:00:00,57.47400,57.53200,53.54700,53.91700
2026-06-11 04:00:00,53.91600,54.27100,52.63600,53.30800
2026-06-11 08:00:00,53.30900,55.33800,52.85300,55.16900
2026-06-11 12:00:00,55.17000,56.38000,54.35600,55.56300
2026-06-11 16:00:00,55.56800,57.15700,55.51100,56.83500
2026-06-11 20:00:00,56.83500,57.57000,55.69200,56.72600
2026-06-12 00:00:00,56.72600,59.61100,55.82100,58.66500
2026-06-12 04:00:00,58.66400,59.59700,58.12700,58.95800
2026-06-12 08:00:00,58.95800,59.75000,58.20600,59.22900
2026-06-12 12:00:00,59.23000,59.46000,56.76000,56.97600
2026-06-12 16:00:00,56.97700,59.59200,56.94100,59.22900
2026-06-12 20:00:00,59.22900,61.23600,59.00900,59.77200
2026-06-13 00:00:00,59.77200,62.47000,59.40900,60.79000
2026-06-13 04:00:00,60.79100,61.35000,59.21900,59.29800
2026-06-13 08:00:00,59.29700,59.70400,58.30600,58.57800
2026-06-13 12:00:00,58.57900,58.99500,57.24100,58.75800
2026-06-13 16:00:00,58.75800,59.20600,57.82900,58.63900
2026-06-13 20:00:00,58.63900,60.46000,58.49900,59.89800
2026-06-14 00:00:00,59.89900,60.29700,58.90000,59.86400
2026-06-14 04:00:00,59.86200,60.91700,59.62500,60.68400
2026-06-14 08:00:00,60.68200,61.19900,60.30800,60.57700
2026-06-14 12:00:00,60.57800,60.63500,59.65200,60.07400
2026-06-14 16:00:00,60.07500,61.59000,59.68900,60.99800
2026-06-14 20:00:00,60.99900,61.32300,59.61300,60.22600
2026-06-15 00:00:00,60.22700,60.76900,59.58900,60.49300
2026-06-15 04:00:00,60.49400,64.07900,60.22400,63.86300
2026-06-15 08:00:00,63.86400,65.39900,63.11100,65.29100
2026-06-15 12:00:00,65.29100,65.83000,64.38900,65.19900
2026-06-15 16:00:00,65.20000,68.48600,65.10900,67.93900
2026-06-15 20:00:00,67.93900,68.45000,66.66600,68.00600
2026-06-16 00:00:00,68.00500,68.75700,67.00400,67.18600
2026-06-16 04:00:00,67.18600,68.37000,66.06900,66.86800
2026-06-16 08:00:00,66.87000,69.88000,66.34400,69.75400
2026-06-16 12:00:00,69.75300,73.09000,69.04100,72.96300
2026-06-16 16:00:00,72.96200,76.66000,72.54000,75.59600
2026-06-16 20:00:00,75.59700,76.99100,73.31400,74.93100
2026-06-17 00:00:00,74.93100,75.39900,72.15000,72.52100
2026-06-17 04:00:00,72.52100,74.06500,72.16800,73.65100
2026-06-17 08:00:00,73.65100,75.11400,72.60600,74.50900
2026-06-17 12:00:00,74.50700,75.34800,72.82800,73.44000
2026-06-17 16:00:00,73.44100,73.51800,70.63200,71.02500
2026-06-17 20:00:00,71.02600,74.63100,69.95400,74.40400
2026-06-18 00:00:00,74.40200,76.72000,71.02300,72.25800
2026-06-18 04:00:00,72.26000,72.82800,70.21900,71.15800
2026-06-18 08:00:00,71.15900,73.73600,70.68000,70.98500
2026-06-18 12:00:00,70.98400,71.67900,68.60200,71.52200
2026-06-18 16:00:00,71.52400,72.80000,70.58900,70.93900
2026-06-18 20:00:00,70.94000,72.33800,67.32900,67.52500
2026-06-19 00:00:00,67.52600,68.78200,66.52600,68.18000
2026-06-19 04:00:00,68.17700,69.33600,67.31400,68.34900
2026-06-19 08:00:00,68.34900,68.36600,66.67200,66.81000
2026-06-19 12:00:00,66.80900,67.77600,65.61300,66.53700
2026-06-19 16:00:00,66.53600,67.71800,66.40000,67.38400
2026-06-19 20:00:00,67.38400,69.59700,66.50000,69.35500
2026-06-20 00:00:00,69.35500,71.37400,69.20000,70.55900
2026-06-20 04:00:00,70.55200,70.98000,68.90200,70.28800
2026-06-20 08:00:00,70.28700,70.42400,68.39900,68.93800
2026-06-20 12:00:00,68.93800,70.95500,68.67000,69.99100
2026-06-20 16:00:00,69.98500,71.30000,69.94100,71.07000
2026-06-20 20:00:00,71.07000,71.42900,68.68300,71.10000
2026-06-21 00:00:00,71.10000,71.11600,68.97800,69.86100
2026-06-21 04:00:00,69.86200,71.00000,69.35600,70.73900
2026-06-21 08:00:00,70.73900,70.89800,69.67300,69.71900
2026-06-21 12:00:00,69.72000,70.12300,68.06300,68.53300
2026-06-21 16:00:00,68.53200,68.62900,67.25000,67.79800
2026-06-21 20:00:00,67.79900,68.78700,67.26500,68.69000
2026-06-22 00:00:00,68.68900,68.77200,67.56400,68.54600
2026-06-22 04:00:00,68.54700,68.87700,66.58000,66.93600
2026-06-22 08:00:00,66.93600,68.91900,65.20200,65.48100
2026-06-22 12:00:00,65.48100,67.56800,65.24600,67.28800
2026-06-22 16:00:00,67.28800,68.54300,67.06900,68.04300
2026-06-22 20:00:00,68.04300,69.54500,66.83800,66.96100
2026-06-23 00:00:00,66.96200,69.41200,66.53500,67.41200
2026-06-23 04:00:00,67.41000,67.72700,65.82200,66.29300
2026-06-23 08:00:00,66.29300,67.37700,65.75300,67.07800
2026-06-23 12:00:00,67.07800,67.21500,63.46600,63.60500
2026-06-23 16:00:00,63.60600,63.83800,62.29600,63.25500
2026-06-23 20:00:00,63.25600,63.68800,61.66800,62.40200
2026-06-24 00:00:00,62.40000,63.04700,61.75200,62.27900
2026-06-24 04:00:00,62.27900,62.94300,61.73100,62.20500
2026-06-24 08:00:00,62.20400,63.25400,60.60200,61.32700
2026-06-24 12:00:00,61.32800,62.67300,60.43800,62.00600
2026-06-24 16:00:00,62.00600,63.35200,61.57100,62.54500
2026-06-24 20:00:00,62.54400,62.63400,59.76600,59.97800
2026-06-25 00:00:00,59.97700,60.94700,59.10300,60.86300
2026-06-25 04:00:00,60.86400,64.30000,60.62900,63.94300
2026-06-25 08:00:00,63.94500,64.16400,62.77100,63.06600
2026-06-25 12:00:00,63.06200,64.62700,62.57700,63.76900
2026-06-25 16:00:00,63.77000,63.97100,62.43500,62.90400
2026-06-25 20:00:00,62.90300,63.90800,58.50100,61.84600
2026-06-26 00:00:00,61.84600,63.66300,61.06500,63.56600
2026-06-26 04:00:00,63.56600,65.47400,62.87100,64.11200
2026-06-26 08:00:00,64.11400,64.50200,61.40500,63.85100
2026-06-26 12:00:00,63.85000,65.08900,62.01500,65.03000
2026-06-26 16:00:00,65.02700,65.47400,61.72200,62.09200
2026-06-26 20:00:00,62.09200,65.07900,60.99300,64.87000
2026-06-27 00:00:00,64.87100,65.49500,63.88800,64.69200
2026-06-27 04:00:00,64.70300,65.17500,63.28900,64.38800
2026-06-27 08:00:00,64.38800,64.50000,63.23300,64.02700
2026-06-27 12:00:00,64.02300,64.77900,63.20800,63.62700
2026-06-27 16:00:00,63.62700,63.99200,62.63600,63.44700
2026-06-27 20:00:00,63.44600,64.74900,62.94200,64.43700
2026-06-28 00:00:00,64.43600,64.43600,62.17300,62.21400
2026-06-28 04:00:00,62.21400,62.80700,61.50700,61.68200
2026-06-28 08:00:00,61.68100,62.28400,61.43000,62.23100
2026-06-28 12:00:00,62.23100,62.65400,61.56000,62.63000
2026-06-28 16:00:00,62.63100,63.54600,62.30600,63.22000
2026-06-28 20:00:00,63.22000,63.59100,62.53300,63.11400
2026-06-29 00:00:00,63.11500,63.27800,61.61200,62.01500
2026-06-29 04:00:00,62.01100,62.45500,60.50000,61.46000
2026-06-29 08:00:00,61.46100,62.94500,60.64000,62.72600
2026-06-29 12:00:00,62.72400,63.23500,61.54300,62.59400
2026-06-29 16:00:00,62.59500,63.85400,62.27100,63.37700
2026-06-29 20:00:00,63.38100,64.97800,63.11900,64.87900
2026-06-30 00:00:00,64.87900,67.19800,64.22400,66.95900
2026-06-30 04:00:00,66.96200,67.84800,66.27300,66.92200
2026-06-30 08:00:00,66.92200,67.00400,65.59800,65.77100
2026-06-30 12:00:00,65.77100,66.51600,65.23100,65.66300
2026-06-30 16:00:00,65.66300,66.34100,64.88100,65.69600
2026-06-30 20:00:00,65.69700,66.04200,64.40400,65.03400
2026-07-01 00:00:00,65.02900,65.55600,64.14200,65.50500
2026-07-01 04:00:00,65.49900,65.74900,64.16700,65.06100
2026-07-01 08:00:00,65.06100,65.81500,62.94400,65.60000
2026-07-01 12:00:00,65.60000,66.03000,64.06000,64.47600
2026-07-01 16:00:00,64.47700,64.47700,62.38100,62.67800
2026-07-01 20:00:00,62.67900,64.86600,62.41200,64.61200
2026-07-02 00:00:00,64.61200,65.09900,62.86600,62.98600
2026-07-02 04:00:00,62.98700,64.20000,61.96200,62.37100
2026-07-02 08:00:00,62.37100,63.68000,61.69300,63.62800
2026-07-02 12:00:00,63.62000,63.85500,62.89900,63.14900
2026-07-02 16:00:00,63.14800,65.31500,63.00000,65.08900
2026-07-02 20:00:00,65.08900,66.50800,64.66000,65.40300
2026-07-03 00:00:00,65.39900,67.19200,65.06900,66.27400
2026-07-03 04:00:00,66.27500,67.00000,65.50000,66.92900
2026-07-03 08:00:00,66.92600,67.09300,65.92100,66.69900
2026-07-03 12:00:00,66.70000,67.82000,66.24400,67.28600
2026-07-03 16:00:00,67.28700,69.54700,67.28400,69.28000
2026-07-03 20:00:00,69.27900,70.82900,68.75100,69.96100
2026-07-04 00:00:00,69.96000,70.80500,69.49600,70.28200
2026-07-04 04:00:00,70.28200,71.27400,70.22900,70.67700
2026-07-04 08:00:00,70.67700,71.72400,69.95900,71.35600
2026-07-04 12:00:00,71.35700,72.08600,70.80100,71.48900
2026-07-04 16:00:00,71.49300,71.59200,70.38400,70.64300
2026-07-04 20:00:00,70.64400,71.34400,70.34300,70.64600
2026-07-05 00:00:00,70.64500,70.88700,69.41800,69.92400
2026-07-05 04:00:00,69.92200,70.25600,69.52300,69.87100
2026-07-05 08:00:00,69.87200,69.90000,68.30000,68.67300
2026-07-05 12:00:00,68.67300,69.35800,68.22200,68.68200
2026-07-05 16:00:00,68.68100,69.11100,68.30200,68.89300
2026-07-05 20:00:00,68.89400,69.86600,68.69200,69.53700
2026-07-06 00:00:00,69.53700,69.96900,69.12400,69.80500
2026-07-06 04:00:00,69.80600,71.71900,69.75900,71.36400
2026-07-06 08:00:00,71.36400,72.71000,71.14200,71.63400
2026-07-06 12:00:00,71.63200,71.79300,70.67500,70.85100
2026-07-06 16:00:00,70.85000,71.10800,69.70400,70.02500
2026-07-06 20:00:00,70.02500,70.85300,68.56200,70.72500
2026-07-07 00:00:00,70.72600,71.73400,70.68100,71.59500
2026-07-07 04:00:00,71.59300,71.77100,70.51600,70.60800
2026-07-07 08:00:00,70.60900,72.05600,70.10000,70.21400
2026-07-07 12:00:00,70.21300,71.30000,69.48000,70.58100
2026-07-07 16:00:00,70.58100,71.96300,70.51400,71.95100
2026-07-07 20:00:00,71.95100,72.98500,70.82000,71.98200
2026-07-08 00:00:00,71.98200,72.31900,69.33600,70.15400
2026-07-08 04:00:00,70.15500,70.48200,68.90300,69.18600
2026-07-08 08:00:00,69.18700,69.75000,67.15200,68.03900
2026-07-08 12:00:00,68.03900,68.45000,67.71800,68.24700
2026-07-08 16:00:00,68.24800,69.11400,67.36500,68.86500
2026-07-08 20:00:00,68.86800,68.89700,66.53600,66.90500
2026-07-09 00:00:00,66.90600,67.95400,66.62700,67.33600
2026-07-09 04:00:00,67.33800,67.69200,66.16200,67.60200
2026-07-09 08:00:00,67.60200,68.36400,66.98200,67.15400
2026-07-09 12:00:00,67.15300,68.43000,67.03900,68.07100
2026-07-09 16:00:00,68.07100,68.41800,67.02800,67.47000
2026-07-09 20:00:00,67.47000,68.74800,67.07500,67.45800
2026-07-10 00:00:00,67.45800,68.03400,66.61000,66.94600
2026-07-10 04:00:00,66.94600,67.44000,66.91000,67.10600
2026-07-10 08:00:00,67.10600,68.46500,66.82200,68.45000
2026-07-10 12:00:00,68.45000,68.53600,67.70400,68.28300
2026-07-10 16:00:00,68.28400,69.37300,68.21900,68.84300
2026-07-10 20:00:00,68.84400,69.01200,67.19200,67.48000
2026-07-11 00:00:00,67.48100,67.97900,67.00100,67.26900
2026-07-11 04:00:00,67.26800,67.64000,66.63200,67.51700
2026-07-11 08:00:00,67.51600,67.68700,66.79200,67.05300
2026-07-11 12:00:00,67.05300,67.08900,66.17900,66.44700
2026-07-11 16:00:00,66.44700,67.02500,66.42500,67.00500
2026-07-11 20:00:00,67.00600,67.82500,66.33200,67.23100
2026-07-12 00:00:00,67.23100,67.85100,66.87400,67.54800
2026-07-12 04:00:00,67.54900,68.26500,66.73800,66.74200
2026-07-12 08:00:00,66.74300,67.44000,66.59300,67.24300
2026-07-12 12:00:00,67.24200,67.34900,66.47000,66.94800
2026-07-12 16:00:00,66.94900,67.48300,66.56500,66.88200
2026-07-12 20:00:00,66.88100,67.87900,66.61100,67.54000
2026-07-13 00:00:00,67.54000,68.34200,67.51200,68.25200
2026-07-13 04:00:00,68.25100,68.38100,66.91500,67.30600
2026-07-13 08:00:00,67.30600,68.22300,66.51100,66.59300
2026-07-13 12:00:00,66.59200,66.71000,64.78000,65.50300
2026-07-13 16:00:00,65.49900,65.79500,64.83300,65.05400
2026-07-13 20:00:00,65.05300,65.11000,63.33300,63.89500
2026-07-14 00:00:00,63.89500,63.98100,63.15000,63.68600
2026-07-14 04:00:00,63.68500,63.69300,62.50000,63.44400
2026-07-14 08:00:00,63.44400,63.76300,62.55500,63.25500
2026-07-14 12:00:00,63.25400,64.16900,63.03300,63.51800
2026-07-14 16:00:00,63.52000,64.08000,63.42500,63.82800
2026-07-14 20:00:00,63.82800,65.39500,63.58800,64.73400
2026-07-15 00:00:00,64.73500,65.73900,64.41700,65.23000
2026-07-15 04:00:00,65.23100,66.20000,64.94300,65.56800
2026-07-15 08:00:00,65.56800,67.60900,64.86300,67.29500
2026-07-15 12:00:00,67.29600,67.57600,66.64500,66.87700
2026-07-15 16:00:00,66.87800,68.55100,66.72100,68.47400
2026-07-15 20:00:00,68.47400,69.04200,67.62600,67.92000
2026-07-16 00:00:00,67.92300,68.37000,66.77200,66.85000
2026-07-16 04:00:00,66.85100,67.51400,66.78000,66.87900
2026-07-16 08:00:00,66.87800,67.23000,66.01900,66.13200
2026-07-16 12:00:00,66.13200,66.95600,65.96100,66.48500
2026-07-16 16:00:00,66.48600,66.62400,65.54400,65.87300
2026-07-16 20:00:00,65.87300,66.17800,65.16000,65.33600
2026-07-17 00:00:00,65.33500,65.34100,61.83200,62.29100
2026-07-17 04:00:00,62.29100,62.76700,60.49800,60.72200
2026-07-17 08:00:00,60.72100,61.74200,59.61600,59.99000
2026-07-17 12:00:00,59.99000,60.19400,58.43800,58.63800
2026-07-17 16:00:00,58.63900,61.17000,58.55100,60.33100
2026-07-17 20:00:00,60.33100,60.97300,58.91200,60.77500
2026-07-18 00:00:00,60.77600,60.80200,59.68500,60.25500
2026-07-18 04:00:00,60.25500,60.31000,59.45700,59.76000
2026-07-18 08:00:00,59.76000,60.10000,59.36500,59.63500
2026-07-18 12:00:00,59.63600,59.65200,58.52200,59.37400
2026-07-18 16:00:00,59.37300,59.52500,58.56200,58.81000
2026-07-18 20:00:00,58.80900,59.69300,58.16300,59.18600
2026-07-19 00:00:00,59.18500,60.19500,59.10200,59.85600
2026-07-19 04:00:00,59.85700,60.60400,59.75800,60.21500
2026-07-19 08:00:00,60.21500,61.10500,60.20400,60.68000
2026-07-19 12:00:00,60.67900,61.05000,60.58600,60.74900
2026-07-19 16:00:00,60.74900,61.39900,60.69400,61.05500
2026-07-19 20:00:00,61.05500,61.34100,60.61500,60.90600
2026-07-20 00:00:00,60.90300,61.19700,60.23300,61.09000
2026-07-20 04:00:00,61.08900,61.48200,60.80400,61.12000
2026-07-20 08:00:00,61.12100,61.62700,60.06600,60.32500
2026-07-20 12:00:00,60.32100,60.87500,59.80500,60.71300
2026-07-20 16:00:00,60.71400,61.43700,60.42000,61.37000
2026-07-20 20:00:00,61.36900,62.31000,60.42000,62.19400
2026-07-21 00:00:00,62.19300,62.54500,61.78600,62.00000
2026-07-21 04:00:00,61.99700,62.97400,61.93900,62.44800
2026-07-21 08:00:00,62.44800,62.81800,62.25000,62.63200
2026-07-21 12:00:00,62.63300,63.44100,62.56000,62.94900
2026-07-21 16:00:00,62.94900,63.26800,62.51400,62.84300
2026-07-21 20:00:00,62.84200,62.89200,61.53000,61.79600
2026-07-22 00:00:00,61.79500,61.95000,59.87900,60.28600
2026-07-22 04:00:00,60.28600,60.94700,59.80600,60.85200
2026-07-22 08:00:00,60.85300,61.18800,60.08600,60.11900
2026-07-22 12:00:00,60.11800,60.58400,57.93000,58.52800
2026-07-22 16:00:00,58.52900,59.21900,58.46000,58.65600
2026-07-22 20:00:00,58.65600,59.14100,57.99900,58.06800
2026-07-23 00:00:00,58.06800,59.92800,57.36500,59.16700
2026-07-23 04:00:00,59.17000,60.06700,58.74800,59.35700
2026-07-23 08:00:00,59.35800,59.77500,58.43800,59.05200
2026-07-23 12:00:00,59.05100,59.53300,58.26600,58.61100
2026-07-23 16:00:00,58.61000,59.49000,58.60200,59.26400
2026-07-23 20:00:00,59.26400,60.03400,58.80900,59.51200
2026-07-24 00:00:00,59.51300,59.52600,57.60000,57.94300
2026-07-24 04:00:00,57.94200,58.46800,57.11300,57.45900
2026-07-24 08:00:00,57.46000,58.36900,57.17200,58.18700
2026-07-24 12:00:00,58.18700,59.04200,58.16700,58.66600
2026-07-24 16:00:00,58.66600,59.10000,58.25500,58.54100
2026-07-24 20:00:00,58.54000,59.39100,57.89000,58.78500
2026-07-25 00:00:00,58.78500,59.13800,58.06000,58.14200
2026-07-25 04:00:00,58.14300,58.30400,56.45900,57.41600
2026-07-25 08:00:00,57.41600,57.73700,57.03800,57.41000
2026-07-25 12:00:00,57.40900,57.51200,57.08000,57.16100
2026-07-25 16:00:00,57.16100,57.99100,56.93400,57.71300
2026-07-25 20:00:00,57.71300,57.99000,57.20200,57.74100
2026-07-26 00:00:00,57.74200,58.53000,57.63100,58.06100
2026-07-26 04:00:00,58.06000,58.28500,57.82600,58.10400
2026-07-26 08:00:00,58.10300,58.65300,58.05200,58.57600
2026-07-26 12:00:00,58.57600,58.82300,58.31900,58.59000
2026-07-26 16:00:00,58.58900,58.91100,58.35900,58.60400
2026-07-26 20:00:00,58.60400,59.15000,58.46800,58.99500
2026-07-27 00:00:00,58.99600,59.59000,58.76700,58.99700
2026-07-27 04:00:00,58.99800,59.88800,58.78600,59.62000
2026-07-27 08:00:00,59.62100,59.94500,59.09400,59.90600
2026-07-27 12:00:00,59.90700,60.47100,59.83100,59.95800
2026-07-27 16:00:00,59.96100,60.39400,59.71600,59.80800
2026-07-27 20:00:00,59.80800,60.07400,57.33800,57.43700
2026-07-28 00:00:00,57.43700,57.92400,56.28000,57.27000
2026-07-28 04:00:00,57.27100,57.28600,55.70100,56.08500
2026-07-28 08:00:00,56.08600,56.43000,55.60100,56.18300
2026-07-28 12:00:00,56.18300,56.40000,54.67700,55.35100
2026-07-28 16:00:00,55.35100,55.42900,54.32100,54.37500
2026-07-28 20:00:00,54.37500,55.61000,54.00000,55.30200
2026-07-29 00:00:00,55.30200,55.85900,54.63600,55.40600
2026-07-29 04:00:00,55.40900,55.76500,54.50600,55.17900
2026-07-29 08:00:00,55.17800,55.38400,54.22300,54.34600
2026-07-29 12:00:00,54.34600,55.58700,54.05200,55.43900
2026-07-29 16:00:00,55.43900,55.45000,54.53100,54.91900
2026-07-29 20:00:00,54.92000,55.52100,54.56500,54.77100
2026-07-30 00:00:00,54.77100,55.53200,53.10100,53.12700
2026-07-30 04:00:00,53.13000,54.14500,53.08500,53.91900
2026-07-30 08:00:00,53.91800,54.38100,53.76300,54.08200
2026-07-30 12:00:00,54.08200,54.13000,53.44700,53.69800
2026-07-30 16:00:00,53.69900,54.16500,52.80000,53.17800
2026-07-30 20:00:00,53.17900,54.61800,52.84300,54.45200
2026-07-31 00:00:00,54.45100,55.43600,54.38000,55.39900
2026-07-31 04:00:00,55.39900,56.12700,54.92400,55.84000
2026-07-31 08:00:00,55.84000,56.13900,54.77000,55.04800
2026-07-31 12:00:00,55.04800,55.67200,54.45800,54.56900
2026-07-31 16:00:00,54.56700,55.00000,54.12200,54.94300
2026-07-31 20:00:00,54.94400,55.53300,54.02600,54.29400
2026-08-01 00:00:00,54.29500,54.55200,52.16100,52.35400
2026-08-01 04:00:00,52.35500,53.01400,51.82300,52.55800
2026-08-01 08:00:00,52.55900,52.71100,52.10700,52.31900
2026-08-01 12:00:00,52.31900,52.43900,51.45000,51.89000
2026-08-01 16:00:00,51.89100,52.51700,51.85700,52.16300
2026-08-01 20:00:00,52.16300,52.69800,52.07600,52.43900
2026-08-02 00:00:00,52.43900,52.65100,51.63000,52.06900
2026-08-02 04:00:00,52.06900,52.32200,51.89500,52.20100
2026-08-02 08:00:00,52.20100,53.06300,52.20100,52.79200
2026-08-02 12:00:00,52.79000,52.90800,51.87200,51.92500
2026-08-02 16:00:00,51.92800,52.18400,51.10700,51.31500
2026-08-02 20:00:00,51.31500,51.73000,51.15600,51.39000
2026-08-03 00:00:00,51.38700,52.88200,51.30300,52.72900
2026-08-03 04:00:00,52.72900,53.04400,52.40800,52.59500
2026-08-03 08:00:00,52.59400,52.74500,52.01100,52.24300
2026-08-03 12:00:00,52.24300,52.86600,51.90800,52.37700
2026-08-03 16:00:00,52.37700,53.24700,51.98600,52.75000
2026-08-03 20:00:00,52.75000,54.44800,52.62900,54.33000
2026-08-04 00:00:00,54.33300,54.87000,54.06200,54.51000
2026-08-04 04:00:00,54.50900,54.75400,53.76900,53.99900
2026-08-04 08:00:00,53.99900,54.53100,53.55400,54.15800
2026-08-04 12:00:00,54.15900,54.96100,54.11300,54.77400
2026-08-04 16:00:00,54.77400,55.55800,54.50000,55.53200
2026-08-04 20:00:00,55.53200,55.87000,55.03100,55.43800
2026-08-05 00:00:00,55.43800,55.82700,55.21600,55.58400
2026-08-05 04:00:00,55.58300,55.78000,55.03100,55.06000
2026-08-05 08:00:00,55.05900,56.62800,54.67100,56.01800
2026-08-05 12:00:00,56.01800,57.33400,55.95800,57.11200
2026-08-05 16:00:00,57.11200,57.92800,56.64900,57.06500
2026-08-05 20:00:00,57.06400,57.74300,56.57100,57.07600
2026-08-06 00:00:00,57.07800,57.99900,57.07800,57.23000
2026-08-06 04:00:00,57.23000,57.31700,56.65600,56.95300
2026-08-06 08:00:00,56.95300,57.22700,56.06200,56.34800
2026-08-06 12:00:00,56.34700,56.72400,55.76400,56.02900
2026-08-06 16:00:00,56.03000,56.22100,55.31500,55.37900
2026-08-06 20:00:00,55.37900,56.18000,54.63900,55.59900
2026-08-07 00:00:00,55.59900,56.64700,55.30400,56.06800
2026-08-07 04:00:00,56.06500,56.34200,55.81000,56.20900
2026-08-07 08:00:00,56.21000,56.22300,55.44100,55.64700
2026-08-07 12:00:00,55.64700,55.79300,55.06500,55.62400
2026-08-07 16:00:00,55.62400,57.08900,55.59100,56.97300
2026-08-07 20:00:00,56.97400,57.02500,55.46800,55.77800
2026-08-08 00:00:00,55.78000,55.81400,53.32800,54.62500
2026-08-08 04:00:00,54.62600,54.64000,53.81700,54.08700
2026-08-08 08:00:00,54.08700,54.42400,53.86100,54.35100
2026-08-08 12:00:00,54.35100,54.46900,54.14300,54.39300
2026-08-08 16:00:00,54.39300,54.84700,54.35200,54.52800
2026-08-08 20:00:00,54.52800,54.99000,54.32200,54.74700
2026-08-09 00:00:00,54.74700,55.19200,54.70500,54.93300
2026-08-09 04:00:00,54.93300,55.28200,54.88300,55.11400
2026-08-09 08:00:00,55.11300,55.34000,54.61500,54.73800
2026-08-09 12:00:00,54.73700,55.04200,54.50500,54.76900
2026-08-09 16:00:00,54.76900,54.92000,54.10800,54.25500
2026-08-09 20:00:00,54.25600,54.91000,54.14000,54.82800
2026-08-10 00:00:00,54.82800,55.03500,54.54600,54.67700
2026-08-10 04:00:00,54.67700,54.83400,53.74000,53.85700
2026-08-10 08:00:00,53.85600,54.53500,53.81500,54.09400
2026-08-10 12:00:00,54.09400,54.83200,53.93200,54.75500
2026-08-10 16:00:00,54.75500,54.88700,54.23500,54.79100
2026-08-10 20:00:00,54.79100,55.30300,54.01800,54.32900
2026-08-11 00:00:00,54.32900,55.94300,53.97900,55.88800
2026-08-11 04:00:00,55.88500,56.12600,55.01100,55.09000
2026-08-11 08:00:00,55.09000,55.64500,54.77500,55.43100
2026-08-11 12:00:00,55.43100,55.66300,54.81500,55.08500
2026-08-11 16:00:00,55.08600,55.42500,54.90900,55.32300
2026-08-11 20:00:00,55.32300,55.36500,53.71100,53.89600
2026-08-12 00:00:00,53.89700,54.63900,53.80000,54.56900
2026-08-12 04:00:00,54.57000,54.77700,54.24000,54.49200
2026-08-12 08:00:00,54.49200,54.78700,54.28500,54.63900
2026-08-12 12:00:00,54.63900,55.22500,54.43300,55.15900
2026-08-12 16:00:00,55.15800,55.81900,54.88000,55.78900
2026-08-12 20:00:00,55.78800,56.64000,55.47400,56.54700
2026-08-13 00:00:00,56.54800,56.95200,56.17400,56.23400
2026-08-13 04:00:00,56.23400,56.50300,55.91400,56.06000
2026-08-13 08:00:00,56.06000,56.69100,56.02300,56.46300
2026-08-13 12:00:00,56.46400,57.47500,56.40000,57.31600
2026-08-13 16:00:00,57.31600,57.76700,56.82500,57.05900
