日期时间(北京),开盘,最高,最低,收盘
2025-05-30 18:00:00,33.38700,33.86300,33.23200,33.42100
2025-05-30 19:00:00,33.42700,33.49200,32.58400,32.98700
2025-05-30 20:00:00,32.98800,33.57300,32.63400,33.37900
2025-05-30 21:00:00,33.38000,33.67300,32.36500,32.37800
2025-05-30 22:00:00,32.37800,32.60900,31.36900,31.78900
2025-05-30 23:00:00,31.78800,32.78500,31.69500,32.51400
2025-05-31 00:00:00,32.51800,32.84000,31.71300,32.40000
2025-05-31 01:00:00,32.40800,33.21300,32.24800,33.09900
2025-05-31 02:00:00,33.09800,34.21200,33.05700,34.20100
2025-05-31 03:00:00,34.20200,34.34800,33.36300,33.38600
2025-05-31 04:00:00,33.38600,33.81700,33.11500,33.13000
2025-05-31 05:00:00,33.13000,33.78200,33.01800,33.53800
2025-05-31 06:00:00,33.54200,33.66100,32.12700,32.28900
2025-05-31 07:00:00,32.29300,32.84000,31.99800,32.81600
2025-05-31 08:00:00,32.83000,33.66300,32.76400,32.98000
2025-05-31 09:00:00,32.99100,33.08000,32.10200,32.10200
2025-05-31 10:00:00,32.10500,32.20000,30.93100,31.02000
2025-05-31 11:00:00,31.02300,31.77700,30.88500,31.67000
2025-05-31 12:00:00,31.67000,32.21700,31.10100,31.89600
2025-05-31 13:00:00,31.89100,32.10000,31.37600,31.38900
2025-05-31 14:00:00,31.39000,32.01900,31.35700,31.93900
2025-05-31 15:00:00,31.93800,31.99400,31.01500,31.51400
2025-05-31 16:00:00,31.51400,31.71600,31.09900,31.14500
2025-05-31 17:00:00,31.14000,31.52100,30.93100,31.04000
2025-05-31 18:00:00,31.04600,31.32400,30.72400,31.31700
2025-05-31 19:00:00,31.32100,31.65600,31.18100,31.38200
2025-05-31 20:00:00,31.38200,32.41200,31.36200,32.38600
2025-05-31 21:00:00,32.38500,32.90500,32.33400,32.69800
2025-05-31 22:00:00,32.69700,32.97700,32.23900,32.83800
2025-05-31 23:00:00,32.83700,33.24100,32.47300,32.66300
2025-06-01 00:00:00,32.66200,33.17000,32.54100,32.91600
2025-06-01 01:00:00,32.91600,32.93100,32.42100,32.50700
2025-06-01 02:00:00,32.51100,32.90700,32.40100,32.90300
2025-06-01 03:00:00,32.90400,33.13100,32.74400,32.91300
2025-06-01 04:00:00,32.91000,33.00500,32.71100,32.78000
2025-06-01 05:00:00,32.77700,33.39100,32.77000,33.26300
2025-06-01 06:00:00,33.26400,33.41100,33.00300,33.02600
2025-06-01 07:00:00,33.02300,33.16900,32.65300,32.67100
2025-06-01 08:00:00,32.67100,32.91000,32.52200,32.64600
2025-06-01 09:00:00,32.64100,32.85900,32.28100,32.41700
2025-06-01 10:00:00,32.41700,32.66700,32.15700,32.59200
2025-06-01 11:00:00,32.59200,32.70900,32.17800,32.57800
2025-06-01 12:00:00,32.57700,33.08800,32.38300,33.02000
2025-06-01 13:00:00,33.02700,33.40000,32.86500,33.09000
2025-06-01 14:00:00,33.08900,33.24500,32.50600,32.56300
2025-06-01 15:00:00,32.56700,32.62900,32.24400,32.48700
2025-06-01 16:00:00,32.48700,32.51700,32.12900,32.42600
2025-06-01 17:00:00,32.42500,32.50600,31.80300,32.00700
2025-06-01 18:00:00,32.00900,32.10900,31.63200,31.79000
2025-06-01 19:00:00,31.78200,32.15100,31.63100,31.84500
2025-06-01 20:00:00,31.84300,31.98600,31.50500,31.75600
2025-06-01 21:00:00,31.75400,32.14800,31.67100,31.88500
2025-06-01 22:00:00,31.89000,32.36900,31.89000,32.03100
2025-06-01 23:00:00,32.03100,32.46200,31.84300,32.44500
2025-06-02 00:00:00,32.44300,33.31300,32.35100,32.94400
2025-06-02 01:00:00,32.94600,33.15000,32.75500,33.11400
2025-06-02 02:00:00,33.11200,33.22000,32.55000,32.92200
2025-06-02 03:00:00,32.92200,33.35900,32.72300,33.34600
2025-06-02 04:00:00,33.34700,33.85100,33.20000,33.41000
2025-06-02 05:00:00,33.41700,34.11900,33.31700,34.06200
2025-06-02 06:00:00,34.06100,34.15800,33.66300,33.92300
2025-06-02 07:00:00,33.91900,34.27900,33.86600,34.15200
2025-06-02 08:00:00,34.15600,34.34700,33.73000,33.79800
2025-06-02 09:00:00,33.80200,33.99900,33.65400,33.69800
2025-06-02 10:00:00,33.69800,33.75000,33.41600,33.47000
2025-06-02 11:00:00,33.47100,33.73900,33.23100,33.49500
2025-06-02 12:00:00,33.49300,33.60400,33.24800,33.30000
2025-06-02 13:00:00,33.30000,33.38500,32.61000,32.92200
2025-06-02 14:00:00,32.92000,33.41600,32.74300,33.27400
2025-06-02 15:00:00,33.27300,33.77900,33.24400,33.62200
2025-06-02 16:00:00,33.62200,34.13000,33.23500,33.27000
2025-06-02 17:00:00,33.27600,33.28600,32.68700,32.79400
2025-06-02 18:00:00,32.79500,33.04000,32.58800,32.63700
2025-06-02 19:00:00,32.63800,32.84400,32.48300,32.66400
2025-06-02 20:00:00,32.66100,33.09600,32.56500,33.02700
2025-06-02 21:00:00,33.02700,33.35900,32.41700,32.62200
2025-06-02 22:00:00,32.61800,33.49900,32.47000,33.20100
2025-06-02 23:00:00,33.19600,33.64400,32.95900,33.62300
2025-06-03 00:00:00,33.62700,33.71900,33.22200,33.40700
2025-06-03 01:00:00,33.40000,33.93300,33.32700,33.92500
2025-06-03 02:00:00,33.92400,34.86300,33.90500,34.46800
2025-06-03 03:00:00,34.47400,35.59600,34.25700,35.44700
2025-06-03 04:00:00,35.44700,36.02100,35.32900,35.88400
2025-06-03 05:00:00,35.88300,36.07000,35.32800,35.89500
2025-06-03 06:00:00,35.89300,36.37400,35.81800,35.92100
2025-06-03 07:00:00,35.92100,36.66000,35.83800,36.47400
2025-06-03 08:00:00,36.47700,36.96900,36.24600,36.45900
2025-06-03 09:00:00,36.45900,36.69100,36.14600,36.17700
2025-06-03 10:00:00,36.18000,36.34600,35.82700,36.05400
2025-06-03 11:00:00,36.05300,36.16200,35.68400,35.83700
2025-06-03 12:00:00,35.83600,36.00700,35.65800,35.69700
2025-06-03 13:00:00,35.69300,36.27700,35.69300,36.23500
2025-06-03 14:00:00,36.23700,36.38000,35.91400,36.25700
2025-06-03 15:00:00,36.25700,36.29700,35.91400,36.14700
2025-06-03 16:00:00,36.14500,36.43400,35.76300,36.41700
2025-06-03 17:00:00,36.41700,36.97800,36.28900,36.74500
2025-06-03 18:00:00,36.73700,37.74600,36.54200,37.67500
2025-06-03 19:00:00,37.67500,37.82900,37.27000,37.51600
2025-06-03 20:00:00,37.51600,37.88800,37.22600,37.64100
2025-06-03 21:00:00,37.63800,37.92400,37.11600,37.91200
2025-06-03 22:00:00,37.91000,38.23800,37.31000,38.13900
2025-06-03 23:00:00,38.13900,38.23500,37.66900,37.84300
2025-06-04 00:00:00,37.84300,37.94400,36.86900,36.97800
2025-06-04 01:00:00,36.98000,37.39300,36.70800,36.81700
2025-06-04 02:00:00,36.82000,36.94600,36.55900,36.80600
2025-06-04 03:00:00,36.80600,37.26900,36.79800,37.00400
2025-06-04 04:00:00,37.00100,37.04800,36.20400,36.84200
2025-06-04 05:00:00,36.84300,36.92100,35.70600,35.82100
2025-06-04 06:00:00,35.81900,36.89600,35.74100,36.59200
2025-06-04 07:00:00,36.59200,36.74800,36.07200,36.09200
2025-06-04 08:00:00,36.09300,36.45100,35.73800,36.43700
2025-06-04 09:00:00,36.44000,37.04400,36.43300,36.93900
2025-06-04 10:00:00,36.94200,37.02600,36.30700,36.46400
2025-06-04 11:00:00,36.46400,36.85300,36.34100,36.58900
2025-06-04 12:00:00,36.58500,36.71500,36.24900,36.29400
2025-06-04 13:00:00,36.29300,36.68700,36.18500,36.56000
2025-06-04 14:00:00,36.55900,36.85300,36.42400,36.72700
2025-06-04 15:00:00,36.72800,36.76000,36.00000,36.18600
2025-06-04 16:00:00,36.18600,36.58200,36.16700,36.43200
2025-06-04 17:00:00,36.43400,36.57500,36.07200,36.53300
2025-06-04 18:00:00,36.53300,36.81000,36.46200,36.69000
2025-06-04 19:00:00,36.68800,37.24000,36.43000,36.60600
2025-06-04 20:00:00,36.61200,37.02500,36.26800,36.44200
2025-06-04 21:00:00,36.43800,36.97800,36.13100,36.24400
2025-06-04 22:00:00,36.25000,36.86300,35.97600,36.80700
2025-06-04 23:00:00,36.80600,37.14200,36.66800,36.85100
2025-06-05 00:00:00,36.84400,37.07100,36.69700,37.05300
2025-06-05 01:00:00,37.05600,37.19000,36.46200,36.71800
2025-06-05 02:00:00,36.72700,37.05000,36.25900,36.28700
2025-06-05 03:00:00,36.28700,36.53700,35.93000,36.03300
2025-06-05 04:00:00,36.03200,36.21500,34.60800,34.97600
2025-06-05 05:00:00,34.97400,35.48900,34.47900,35.41800
2025-06-05 06:00:00,35.41800,35.68600,35.21500,35.46800
2025-06-05 07:00:00,35.46900,35.85700,35.32600,35.63200
2025-06-05 08:00:00,35.64000,36.42600,35.28800,36.13500
2025-06-05 09:00:00,36.13500,36.40700,35.70500,35.92600
2025-06-05 10:00:00,35.92700,36.04300,35.40700,35.40900
2025-06-05 11:00:00,35.40900,35.60500,35.29200,35.45000
2025-06-05 12:00:00,35.44900,35.75000,35.29400,35.62100
2025-06-05 13:00:00,35.61700,35.68300,34.95900,35.05000
2025-06-05 14:00:00,35.05300,35.13300,34.52100,34.56900
2025-06-05 15:00:00,34.57000,35.05600,34.50000,34.76000
2025-06-05 16:00:00,34.76100,35.28800,34.76100,35.11100
2025-06-05 17:00:00,35.11200,35.21000,34.86500,35.02800
2025-06-05 18:00:00,35.02500,35.11800,34.51800,34.88800
2025-06-05 19:00:00,34.88900,35.29800,34.76800,35.24300
2025-06-05 20:00:00,35.24200,35.70800,34.96500,35.56300
2025-06-05 21:00:00,35.56300,35.68300,34.64700,34.71300
2025-06-05 22:00:00,34.71300,35.09100,34.24500,34.81800
2025-06-05 23:00:00,34.81800,35.11100,34.49800,34.96500
2025-06-06 00:00:00,34.96500,34.97600,33.75000,33.80100
2025-06-06 01:00:00,33.80400,34.50900,33.79300,33.98100
2025-06-06 02:00:00,33.98600,34.37700,33.68500,34.24300
2025-06-06 03:00:00,34.24500,34.28500,32.90700,33.51600
2025-06-06 04:00:00,33.52200,33.72700,32.62600,32.81700
2025-06-06 05:00:00,32.81800,34.27900,32.68800,33.98600
2025-06-06 06:00:00,33.98600,34.69800,33.69100,34.37400
2025-06-06 07:00:00,34.37400,34.64000,34.00000,34.02400
2025-06-06 08:00:00,34.02500,34.23500,33.75200,34.14600
2025-06-06 09:00:00,34.14600,34.28100,33.72200,33.74500
2025-06-06 10:00:00,33.74800,34.09800,33.48700,34.09300
2025-06-06 11:00:00,34.09300,34.49700,33.91700,34.48100
2025-06-06 12:00:00,34.48800,35.02400,34.24000,34.81000
2025-06-06 13:00:00,34.80800,34.99100,34.39100,34.96700
2025-06-06 14:00:00,34.96600,34.99400,34.39200,34.53800
2025-06-06 15:00:00,34.53900,34.88900,34.50700,34.63200
2025-06-06 16:00:00,34.63300,34.94600,34.48000,34.50300
2025-06-06 17:00:00,34.50300,34.75600,34.29100,34.63000
2025-06-06 18:00:00,34.62900,34.91300,34.55600,34.56800
2025-06-06 19:00:00,34.56600,34.73100,34.36200,34.43500
2025-06-06 20:00:00,34.43900,34.63100,34.14100,34.53300
2025-06-06 21:00:00,34.53900,35.52700,34.53000,35.13100
2025-06-06 22:00:00,35.13100,35.61300,34.93300,35.20400
2025-06-06 23:00:00,35.19800,35.23200,34.62600,35.00800
2025-06-07 00:00:00,35.00800,35.02800,34.45800,34.49500
2025-06-07 01:00:00,34.49500,34.63100,33.41500,34.26000
2025-06-07 02:00:00,34.26000,34.74800,34.00700,34.10700
2025-06-07 03:00:00,34.10700,34.22800,33.51300,33.79200
2025-06-07 04:00:00,33.79200,34.11700,33.50400,33.71000
2025-06-07 05:00:00,33.71000,33.96200,33.54500,33.82300
2025-06-07 06:00:00,33.82300,33.84200,33.09000,33.32400
2025-06-07 07:00:00,33.32500,33.41700,33.08100,33.33300
2025-06-07 08:00:00,33.33400,33.81800,33.01000,33.73900
2025-06-07 09:00:00,33.73400,33.84200,33.35500,33.50400
2025-06-07 10:00:00,33.50400,33.64000,33.23600,33.60600
2025-06-07 11:00:00,33.60600,34.19600,33.50900,33.98600
2025-06-07 12:00:00,33.98600,34.22600,33.81800,34.22000
2025-06-07 13:00:00,34.21600,34.30000,34.06200,34.14000
2025-06-07 14:00:00,34.13800,34.24600,33.93100,34.23900
2025-06-07 15:00:00,34.23900,34.32600,33.93300,34.02000
2025-06-07 16:00:00,34.02200,34.04200,33.65300,33.69800
2025-06-07 17:00:00,33.69800,33.77100,33.47400,33.62600
2025-06-07 18:00:00,33.62600,34.01400,33.58200,33.95600
2025-06-07 19:00:00,33.95400,34.02300,33.74300,33.85200
2025-06-07 20:00:00,33.85300,34.35300,33.83100,34.19300
2025-06-07 21:00:00,34.19900,34.48700,34.06400,34.32900
2025-06-07 22:00:00,34.32900,34.87800,34.27900,34.72700
2025-06-07 23:00:00,34.72800,34.93300,34.65000,34.68700
2025-06-08 00:00:00,34.68800,34.93400,34.46500,34.49800
2025-06-08 01:00:00,34.50100,34.97900,34.46700,34.59100
2025-06-08 02:00:00,34.59800,34.73300,34.32700,34.47000
2025-06-08 03:00:00,34.46900,34.62200,34.36900,34.38000
2025-06-08 04:00:00,34.38000,34.59100,34.36100,34.44500
2025-06-08 05:00:00,34.44600,34.76600,34.41500,34.60400
2025-06-08 06:00:00,34.60300,35.16200,34.60300,35.12900
2025-06-08 07:00:00,35.12700,35.13100,34.80900,34.92100
2025-06-08 08:00:00,34.91700,34.99400,34.56300,34.56300
2025-06-08 09:00:00,34.56400,34.89100,34.49100,34.68900
2025-06-08 10:00:00,34.68900,35.00000,34.59500,34.78500
2025-06-08 11:00:00,34.78500,35.37400,34.78100,35.21400
2025-06-08 12:00:00,35.21400,35.37700,35.02200,35.26300
2025-06-08 13:00:00,35.26400,35.38600,35.07200,35.08800
2025-06-08 14:00:00,35.08800,35.25100,34.88100,34.88400
2025-06-08 15:00:00,34.88500,35.43900,34.84100,35.39000
2025-06-08 16:00:00,35.39000,35.52100,35.21600,35.26300
2025-06-08 17:00:00,35.26300,35.29600,35.03100,35.05400
2025-06-08 18:00:00,35.05600,35.45000,34.74900,35.38400
2025-06-08 19:00:00,35.38700,35.52500,35.22200,35.48500
2025-06-08 20:00:00,35.48500,35.58800,35.30400,35.33300
2025-06-08 21:00:00,35.33600,35.44500,34.90900,34.95000
2025-06-08 22:00:00,34.94800,35.21000,34.90000,35.19700
2025-06-08 23:00:00,35.19100,35.32100,35.11100,35.21300
2025-06-09 00:00:00,35.20800,35.89800,35.17800,35.82300
2025-06-09 01:00:00,35.82400,36.21700,35.64100,35.91900
2025-06-09 02:00:00,35.91300,36.32800,35.82700,36.16900
2025-06-09 03:00:00,36.16900,36.21600,35.95000,35.98700
2025-06-09 04:00:00,35.98700,36.06000,35.71500,35.82400
2025-06-09 05:00:00,35.82300,36.07700,35.82000,35.85800
2025-06-09 06:00:00,35.85900,35.88500,35.19600,35.26900
2025-06-09 07:00:00,35.26800,35.46200,34.80000,34.98400
2025-06-09 08:00:00,34.98700,35.09800,34.70600,34.99900
2025-06-09 09:00:00,34.99600,35.20700,34.80900,34.98800
2025-06-09 10:00:00,34.98900,35.43500,34.92600,35.32700
2025-06-09 11:00:00,35.32800,35.59200,35.14100,35.49700
2025-06-09 12:00:00,35.49600,35.66600,34.95100,35.10900
2025-06-09 13:00:00,35.10600,35.14400,34.88600,35.02700
2025-06-09 14:00:00,35.02300,35.29400,34.76100,35.23800
2025-06-09 15:00:00,35.23700,35.31200,34.96500,35.04400
2025-06-09 16:00:00,35.04600,35.46400,35.02000,35.45200
2025-06-09 17:00:00,35.45000,35.64900,35.19700,35.24700
2025-06-09 18:00:00,35.24200,36.64700,35.24200,36.47900
2025-06-09 19:00:00,36.48200,37.67300,36.46400,37.42500
2025-06-09 20:00:00,37.42600,37.49500,36.80600,36.92700
2025-06-09 21:00:00,36.92800,36.93200,36.50000,36.61300
2025-06-09 22:00:00,36.61600,37.74800,36.61400,37.42600
2025-06-09 23:00:00,37.43300,37.75000,37.31700,37.66900
2025-06-10 00:00:00,37.67000,38.11000,37.48700,37.84400
2025-06-10 01:00:00,37.84800,38.24100,37.76600,38.09500
2025-06-10 02:00:00,38.09400,38.23100,37.76800,37.86700
2025-06-10 03:00:00,37.86900,38.02400,37.55500,37.68300
2025-06-10 04:00:00,37.68200,38.00700,37.37100,37.99000
2025-06-10 05:00:00,37.99000,38.58400,37.97500,38.48500
2025-06-10 06:00:00,38.48700,39.16600,38.28800,38.61900
2025-06-10 07:00:00,38.62200,38.95900,38.14000,38.84800
2025-06-10 08:00:00,38.84800,39.20900,38.40400,38.73000
2025-06-10 09:00:00,38.72900,39.37500,38.56200,39.34300
2025-06-10 10:00:00,39.34300,39.46400,38.97800,39.16500
2025-06-10 11:00:00,39.16600,39.32500,38.71300,39.19000
2025-06-10 12:00:00,39.19000,39.66800,39.04900,39.53900
2025-06-10 13:00:00,39.54200,39.59100,38.46600,38.95500
2025-06-10 14:00:00,38.95700,39.43300,38.62400,39.24600
2025-06-10 15:00:00,39.24900,39.50300,38.85500,39.09400
2025-06-10 16:00:00,39.09400,39.41300,38.89100,39.16600
2025-06-10 17:00:00,39.16600,41.54000,39.11400,40.93800
2025-06-10 18:00:00,40.93800,41.41800,40.23900,41.14400
2025-06-10 19:00:00,41.14400,41.87500,40.82800,41.58000
2025-06-10 20:00:00,41.58000,41.70100,40.86100,40.91900
2025-06-10 21:00:00,40.92000,41.07700,40.35700,40.45600
2025-06-10 22:00:00,40.45500,40.52300,39.66400,39.84300
2025-06-10 23:00:00,39.84100,40.29100,39.53000,40.14900
2025-06-11 00:00:00,40.15200,40.48900,39.76200,39.86600
2025-06-11 01:00:00,39.86400,40.29500,39.72300,39.97500
2025-06-11 02:00:00,39.97600,40.96200,39.81200,40.79400
2025-06-11 03:00:00,40.78800,41.63500,40.72900,41.08900
2025-06-11 04:00:00,41.08900,42.06200,40.82200,41.75200
2025-06-11 05:00:00,41.75500,41.84500,41.10100,41.53000
2025-06-11 06:00:00,41.53000,42.41100,41.45000,41.82600
2025-06-11 07:00:00,41.82700,42.33000,41.73100,42.24100
2025-06-11 08:00:00,42.24000,42.39600,41.17500,41.45200
2025-06-11 09:00:00,41.45900,41.89500,40.85800,41.18100
2025-06-11 10:00:00,41.18100,41.44200,40.83300,41.35700
2025-06-11 11:00:00,41.35500,41.81900,41.26500,41.79700
2025-06-11 12:00:00,41.79100,41.88700,41.46100,41.80800
2025-06-11 13:00:00,41.80900,42.17400,41.52800,41.81400
2025-06-11 14:00:00,41.81400,42.72900,41.81400,42.57800
2025-06-11 15:00:00,42.57500,42.79600,42.38100,42.60200
2025-06-11 16:00:00,42.60100,43.14000,42.29800,42.38800
2025-06-11 17:00:00,42.38800,42.57500,41.72700,41.76500
2025-06-11 18:00:00,41.76000,41.91100,41.44300,41.83600
2025-06-11 19:00:00,41.83200,41.84500,41.15900,41.37500
2025-06-11 20:00:00,41.37600,42.54600,41.17600,42.32100
2025-06-11 21:00:00,42.32100,42.97900,42.06500,42.87800
2025-06-11 22:00:00,42.89700,43.55000,42.65400,43.52200
2025-06-11 23:00:00,43.52300,44.08800,43.35100,43.53500
2025-06-12 00:00:00,43.53200,43.77400,42.85200,42.94000
2025-06-12 01:00:00,42.94300,43.30600,42.67200,42.91300
2025-06-12 02:00:00,42.91200,43.03700,42.23800,42.36400
2025-06-12 03:00:00,42.36500,42.78200,42.02300,42.25500
2025-06-12 04:00:00,42.25200,42.68500,41.94000,42.15100
2025-06-12 05:00:00,42.14800,42.52600,40.94900,41.03000
2025-06-12 06:00:00,41.02900,41.52800,40.71000,41.18800
2025-06-12 07:00:00,41.18700,41.95000,41.09400,41.82800
2025-06-12 08:00:00,41.82300,41.84800,40.61000,41.05700
2025-06-12 09:00:00,41.05600,41.23600,40.66000,41.20000
2025-06-12 10:00:00,41.19800,41.70700,41.15400,41.39400
2025-06-12 11:00:00,41.38800,42.08200,41.20200,41.86700
2025-06-12 12:00:00,41.86600,42.03200,41.37100,41.75200
2025-06-12 13:00:00,41.75400,42.21800,41.46700,41.88800
2025-06-12 14:00:00,41.88800,42.01300,41.51700,41.85800
2025-06-12 15:00:00,41.85500,42.02800,41.28000,41.47800
2025-06-12 16:00:00,41.47600,41.76200,41.15900,41.63800
2025-06-12 17:00:00,41.63400,41.72300,41.34600,41.50600
2025-06-12 18:00:00,41.50500,41.60600,40.51800,40.73500
2025-06-12 19:00:00,40.72900,40.94800,40.30000,40.43300
2025-06-12 20:00:00,40.43300,41.21300,40.35000,40.91700
2025-06-12 21:00:00,40.91400,41.91500,40.88800,41.75400
2025-06-12 22:00:00,41.75500,43.01000,41.72200,42.76700
2025-06-12 23:00:00,42.76300,43.49800,42.00000,42.44700
2025-06-13 00:00:00,42.44900,43.36600,42.43500,43.01500
2025-06-13 01:00:00,43.01500,43.91300,42.81700,43.59100
2025-06-13 02:00:00,43.59000,43.64100,42.49800,42.80000
2025-06-13 03:00:00,42.80100,42.89100,41.66700,41.88500
2025-06-13 04:00:00,41.88200,42.05000,40.83300,41.26800
2025-06-13 05:00:00,41.26400,41.56500,40.37100,40.41200
2025-06-13 06:00:00,40.41100,41.05600,40.32900,40.64000
2025-06-13 07:00:00,40.63800,41.20200,40.50900,40.51600
2025-06-13 08:00:00,40.52000,40.54900,38.07100,38.72300
2025-06-13 09:00:00,38.72200,38.88800,37.33800,38.73300
2025-06-13 10:00:00,38.73400,38.91400,37.63100,38.21500
2025-06-13 11:00:00,38.21500,39.48900,38.17200,39.10600
2025-06-13 12:00:00,39.11200,39.75000,38.40200,39.74100
2025-06-13 13:00:00,39.74300,39.90000,39.15100,39.34500
2025-06-13 14:00:00,39.34600,39.55200,38.55600,38.98200
2025-06-13 15:00:00,38.98100,39.55000,38.34000,39.39100
2025-06-13 16:00:00,39.39000,40.12500,39.00300,39.15500
2025-06-13 17:00:00,39.15400,40.37300,39.01900,40.01700
2025-06-13 18:00:00,40.01400,40.42200,39.73800,40.05100
2025-06-13 19:00:00,40.05100,40.24200,39.47100,40.13600
2025-06-13 20:00:00,40.13700,40.67100,39.96000,40.19700
2025-06-13 21:00:00,40.19700,40.62500,39.76800,40.16400
2025-06-13 22:00:00,40.17200,40.58600,39.07000,40.44800
2025-06-13 23:00:00,40.45000,41.58600,40.28700,41.23200
2025-06-14 00:00:00,41.23500,42.12500,40.85600,41.69500
2025-06-14 01:00:00,41.69500,41.74100,40.65000,41.12900
2025-06-14 02:00:00,41.12800,41.33400,40.11400,40.62000
2025-06-14 03:00:00,40.61600,40.93700,40.28500,40.76000
2025-06-14 04:00:00,40.75700,41.72600,40.74800,41.47500
2025-06-14 05:00:00,41.47100,42.06600,41.12300,42.03500
2025-06-14 06:00:00,42.04800,43.06500,41.74400,41.86100
2025-06-14 07:00:00,41.86200,42.55000,41.82700,42.29700
2025-06-14 08:00:00,42.29900,42.66600,42.04400,42.40000
2025-06-14 09:00:00,42.39700,42.40800,41.54400,41.74000
2025-06-14 10:00:00,41.74300,41.98300,41.57200,41.70100
2025-06-14 11:00:00,41.69900,42.16300,41.58900,41.76300
2025-06-14 12:00:00,41.76000,42.38300,41.69700,42.34500
2025-06-14 13:00:00,42.34500,42.62900,41.98900,42.54800
2025-06-14 14:00:00,42.54900,42.72300,41.98200,42.19500
2025-06-14 15:00:00,42.19100,42.61700,41.68700,42.45300
2025-06-14 16:00:00,42.45500,42.58300,42.04400,42.40800
2025-06-14 17:00:00,42.41000,42.52000,41.88500,41.92300
2025-06-14 18:00:00,41.92200,42.02100,41.67600,41.69000
2025-06-14 19:00:00,41.68700,41.77800,41.05600,41.20800
2025-06-14 20:00:00,41.20600,41.32400,40.67300,40.99500
2025-06-14 21:00:00,40.99300,41.42500,40.84300,41.39100
2025-06-14 22:00:00,41.38900,41.66500,40.80200,41.03100
2025-06-14 23:00:00,41.03600,41.15100,40.30600,40.51900
2025-06-15 00:00:00,40.51900,40.67400,39.72900,39.91000
2025-06-15 01:00:00,39.90900,40.37100,39.73100,40.22900
2025-06-15 02:00:00,40.22800,40.32800,39.38100,39.58600
2025-06-15 03:00:00,39.59000,39.88000,39.29300,39.31100
2025-06-15 04:00:00,39.31000,39.62400,38.86700,39.58900
2025-06-15 05:00:00,39.58800,40.07100,39.41800,40.05200
2025-06-15 06:00:00,40.05400,40.23200,39.87400,40.09200
2025-06-15 07:00:00,40.09000,40.29000,39.95100,40.13000
2025-06-15 08:00:00,40.13000,40.61200,40.08800,40.55600
2025-06-15 09:00:00,40.55400,40.71000,40.15000,40.26800
2025-06-15 10:00:00,40.26800,40.80900,40.26200,40.72500
2025-06-15 11:00:00,40.72500,40.80500,39.94100,39.98500
2025-06-15 12:00:00,39.98500,40.23500,39.82100,40.16300
2025-06-15 13:00:00,40.16300,41.16400,39.91500,41.16300
2025-06-15 14:00:00,41.16300,41.20000,40.38300,40.42600
2025-06-15 15:00:00,40.42400,40.63500,40.22700,40.61200
2025-06-15 16:00:00,40.61200,40.64000,40.06100,40.19600
2025-06-15 17:00:00,40.19700,40.19900,39.86400,39.92900
2025-06-15 18:00:00,39.93000,40.36800,39.88700,40.31700
2025-06-15 19:00:00,40.31700,40.49800,40.03600,40.20100
2025-06-15 20:00:00,40.20100,40.47300,40.06800,40.24800
2025-06-15 21:00:00,40.24800,40.76700,39.68400,40.69800
2025-06-15 22:00:00,40.69900,41.11200,40.27300,40.90900
2025-06-15 23:00:00,40.91300,41.18600,40.74000,40.78200
2025-06-16 00:00:00,40.78100,41.00900,40.58500,40.91500
2025-06-16 01:00:00,40.91500,41.45400,40.78400,41.27900
2025-06-16 02:00:00,41.27900,41.45200,41.05600,41.16400
2025-06-16 03:00:00,41.16500,41.47800,40.74000,40.91100
2025-06-16 04:00:00,40.91100,41.03200,40.18900,40.32800
2025-06-16 05:00:00,40.32100,40.48900,40.13000,40.27500
2025-06-16 06:00:00,40.27400,41.22700,40.16100,41.18100
2025-06-16 07:00:00,41.18300,41.42000,40.96900,41.19300
2025-06-16 08:00:00,41.19100,41.42700,40.95300,41.18400
2025-06-16 09:00:00,41.18000,41.90000,40.68600,41.76200
2025-06-16 10:00:00,41.76200,42.41400,41.70800,42.21800
2025-06-16 11:00:00,42.21800,42.49500,42.05400,42.14400
2025-06-16 12:00:00,42.14500,43.19400,42.10900,43.14000
2025-06-16 13:00:00,43.14300,43.88000,42.87900,43.60500
2025-06-16 14:00:00,43.60600,44.61800,43.48500,44.32700
2025-06-16 15:00:00,44.32800,44.88800,44.13700,44.67600
2025-06-16 16:00:00,44.67700,44.74300,44.03600,44.40500
2025-06-16 17:00:00,44.40000,44.59700,44.06200,44.48800
2025-06-16 18:00:00,44.48900,44.85700,43.70000,44.07600
2025-06-16 19:00:00,44.07700,44.71900,43.01600,44.52700
2025-06-16 20:00:00,44.52700,44.58400,44.03600,44.49300
2025-06-16 21:00:00,44.49300,45.00000,44.23800,44.94700
2025-06-16 22:00:00,44.94800,45.84600,44.93100,45.14700
2025-06-16 23:00:00,45.14700,45.59000,44.50000,44.60700
2025-06-17 00:00:00,44.61000,45.27100,44.54700,45.03600
2025-06-17 01:00:00,45.03600,45.09900,44.45700,44.60000
2025-06-17 02:00:00,44.60100,44.76800,44.22700,44.67000
2025-06-17 03:00:00,44.67000,45.22800,44.05000,44.34400
2025-06-17 04:00:00,44.34400,44.65500,44.08200,44.56600
2025-06-17 05:00:00,44.56700,44.58200,43.67100,43.82600
2025-06-17 06:00:00,43.82600,44.20800,42.50700,42.89600
2025-06-17 07:00:00,42.89400,43.46600,41.75400,41.91800
2025-06-17 08:00:00,41.92000,42.84600,41.21400,42.72500
2025-06-17 09:00:00,42.72300,43.01600,42.15200,42.27200
2025-06-17 10:00:00,42.27300,43.10900,41.85700,43.08500
2025-06-17 11:00:00,43.08400,43.28900,42.77600,43.15400
2025-06-17 12:00:00,43.15400,43.54100,42.80100,42.88300
2025-06-17 13:00:00,42.88200,43.10700,42.31700,42.57800
2025-06-17 14:00:00,42.57800,42.73300,42.07400,42.33900
2025-06-17 15:00:00,42.33900,42.58900,42.10000,42.27400
2025-06-17 16:00:00,42.27300,42.45800,40.86300,40.98500
2025-06-17 17:00:00,40.98500,41.10200,40.34700,40.64000
2025-06-17 18:00:00,40.64100,40.72900,40.14600,40.72200
2025-06-17 19:00:00,40.72000,40.72200,40.07500,40.53200
2025-06-17 20:00:00,40.53100,40.73300,39.74300,39.96000
2025-06-17 21:00:00,39.96000,40.25200,39.58800,39.81800
2025-06-17 22:00:00,39.81500,40.68200,39.78800,39.99800
2025-06-17 23:00:00,39.99800,40.24800,39.19100,39.63400
2025-06-18 00:00:00,39.63200,39.87100,38.51300,38.64200
2025-06-18 01:00:00,38.64400,39.42900,38.31400,39.07000
2025-06-18 02:00:00,39.07200,39.85000,38.59500,39.84700
2025-06-18 03:00:00,39.84600,41.35600,39.76800,40.61300
2025-06-18 04:00:00,40.61100,40.90200,39.67200,39.89800
2025-06-18 05:00:00,39.89700,39.99000,39.21100,39.52800
2025-06-18 06:00:00,39.53000,40.37100,38.98700,39.86900
2025-06-18 07:00:00,39.87200,40.34600,39.70700,39.96800
2025-06-18 08:00:00,39.96800,40.35800,39.61300,40.30800
2025-06-18 09:00:00,40.30800,40.69400,39.99100,40.07000
2025-06-18 10:00:00,40.07100,40.34800,39.90000,40.04600
2025-06-18 11:00:00,40.04400,40.56500,39.98800,40.32800
2025-06-18 12:00:00,40.33000,40.86900,40.00800,40.86000
2025-06-18 13:00:00,40.86000,41.10500,40.69400,40.80700
2025-06-18 14:00:00,40.80700,41.12200,40.12100,40.37500
2025-06-18 15:00:00,40.37400,40.54900,39.98700,40.28600
2025-06-18 16:00:00,40.28600,40.61800,40.26100,40.49700
2025-06-18 17:00:00,40.49800,40.85700,39.70700,39.87000
2025-06-18 18:00:00,39.87000,39.97000,38.86800,39.16600
2025-06-18 19:00:00,39.16600,39.34200,38.70800,39.24400
2025-06-18 20:00:00,39.24500,39.26800,38.41200,38.57800
2025-06-18 21:00:00,38.57900,39.45500,37.56100,39.04500
2025-06-18 22:00:00,39.04500,40.34900,38.80300,39.52500
2025-06-18 23:00:00,39.52100,39.81700,38.77600,39.03900
2025-06-19 00:00:00,39.03900,39.22100,38.51600,38.54900
2025-06-19 01:00:00,38.55000,39.12400,38.25800,39.09400
2025-06-19 02:00:00,39.10000,39.29100,38.22700,38.31900
2025-06-19 03:00:00,38.32200,38.90600,37.75300,37.78500
2025-06-19 04:00:00,37.78000,39.25900,37.73800,38.92900
2025-06-19 05:00:00,38.92800,39.14800,38.06600,39.10600
2025-06-19 06:00:00,39.10500,39.45300,38.73500,39.09600
2025-06-19 07:00:00,39.09600,39.65600,38.92600,39.48000
2025-06-19 08:00:00,39.47600,40.00000,39.08600,39.51300
2025-06-19 09:00:00,39.51300,39.53100,38.44500,38.73000
2025-06-19 10:00:00,38.72900,38.83600,38.13000,38.24000
2025-06-19 11:00:00,38.24500,38.62500,38.22200,38.52300
2025-06-19 12:00:00,38.52400,38.54400,37.56400,38.24600
2025-06-19 13:00:00,38.24600,38.48500,38.13900,38.18000
2025-06-19 14:00:00,38.18000,38.30700,37.65600,37.88200
2025-06-19 15:00:00,37.88200,38.12400,37.72700,37.84000
2025-06-19 16:00:00,37.84000,38.16500,37.63100,37.64800
2025-06-19 17:00:00,37.64900,38.36600,37.24000,38.32100
2025-06-19 18:00:00,38.32000,38.50000,38.00000,38.14700
2025-06-19 19:00:00,38.14600,38.14600,37.16000,37.48200
2025-06-19 20:00:00,37.48600,38.02000,37.18500,37.62400
2025-06-19 21:00:00,37.62400,37.65100,36.73500,36.86100
2025-06-19 22:00:00,36.86200,37.15600,36.30500,36.45100
2025-06-19 23:00:00,36.45500,36.89300,36.10000,36.27600
2025-06-20 00:00:00,36.27900,36.78400,36.07100,36.11900
2025-06-20 01:00:00,36.12000,37.71500,36.03300,36.82700
2025-06-20 02:00:00,36.82700,37.31100,36.43000,36.69500
2025-06-20 03:00:00,36.69600,36.84700,36.08000,36.32000
2025-06-20 04:00:00,36.31900,37.03000,35.83500,36.16500
2025-06-20 05:00:00,36.16100,36.40200,35.80000,36.16700
2025-06-20 06:00:00,36.17000,36.88400,36.16800,36.74800
2025-06-20 07:00:00,36.74900,37.12400,36.58000,36.87600
2025-06-20 08:00:00,36.87700,37.11800,36.52900,36.57500
2025-06-20 09:00:00,36.57900,37.00000,36.25200,36.97800
2025-06-20 10:00:00,36.97800,37.08100,36.46800,36.68900
2025-06-20 11:00:00,36.68900,36.73900,36.01300,36.05600
2025-06-20 12:00:00,36.05800,36.07400,35.61300,35.62600
2025-06-20 13:00:00,35.62800,36.31700,35.54300,36.15900
2025-06-20 14:00:00,36.15800,36.75300,36.07500,36.59000
2025-06-20 15:00:00,36.59400,37.70000,36.30700,37.67000
2025-06-20 16:00:00,37.67100,37.90100,37.29100,37.35600
2025-06-20 17:00:00,37.35500,37.64900,37.06300,37.23200
2025-06-20 18:00:00,37.23000,37.44600,37.05900,37.24500
2025-06-20 19:00:00,37.24200,37.37200,36.61200,37.10000
2025-06-20 20:00:00,37.09600,37.70300,36.93300,37.41000
2025-06-20 21:00:00,37.40700,37.79300,36.78200,37.03100
2025-06-20 22:00:00,37.02800,37.14400,35.56700,35.65500
2025-06-20 23:00:00,35.65500,36.12200,35.61000,35.70900
2025-06-21 00:00:00,35.71000,35.79500,34.10900,34.27100
2025-06-21 01:00:00,34.27100,34.47000,33.37600,34.34000
2025-06-21 02:00:00,34.33900,34.60000,34.03400,34.32300
2025-06-21 03:00:00,34.32900,34.71800,33.98200,34.57200
2025-06-21 04:00:00,34.57300,34.95400,34.41300,34.42300
2025-06-21 05:00:00,34.42800,34.43800,33.90400,34.07100
2025-06-21 06:00:00,34.07100,34.07900,33.07400,33.55100
2025-06-21 07:00:00,33.55200,33.60000,33.15500,33.38700
2025-06-21 08:00:00,33.38800,33.43600,32.90000,33.27900
2025-06-21 09:00:00,33.28000,34.53700,33.10800,34.47400
2025-06-21 10:00:00,34.47500,34.72300,34.23500,34.54800
2025-06-21 11:00:00,34.54500,34.77100,34.36200,34.47200
2025-06-21 12:00:00,34.47100,34.70400,34.34000,34.48000
2025-06-21 13:00:00,34.48000,35.00000,34.37800,34.69200
2025-06-21 14:00:00,34.69300,34.95200,34.50400,34.81500
2025-06-21 15:00:00,34.81600,34.99900,34.53000,34.95800
2025-06-21 16:00:00,34.95700,35.18300,34.75600,35.17400
2025-06-21 17:00:00,35.17300,35.27800,34.82700,35.11500
2025-06-21 18:00:00,35.11500,35.30000,34.84100,34.96700
2025-06-21 19:00:00,34.96900,35.30000,34.83100,35.21700
2025-06-21 20:00:00,35.21700,35.31200,34.93700,34.94200
2025-06-21 21:00:00,34.94200,35.14300,33.91400,34.06200
2025-06-21 22:00:00,34.06300,34.41500,33.92900,34.10700
2025-06-21 23:00:00,34.10400,34.26600,32.90000,33.28900
2025-06-22 00:00:00,33.28800,33.40900,32.58000,32.74000
2025-06-22 01:00:00,32.74200,33.36800,32.32600,32.48300
2025-06-22 02:00:00,32.48300,33.12100,32.45600,32.55100
2025-06-22 03:00:00,32.55400,32.78100,31.78300,31.85300
2025-06-22 04:00:00,31.85300,32.66200,31.78300,32.48800
2025-06-22 05:00:00,32.49000,32.70000,30.91300,32.08300
2025-06-22 06:00:00,32.08000,33.67100,31.85400,33.27400
2025-06-22 07:00:00,33.27500,34.57000,32.62400,34.42100
2025-06-22 08:00:00,34.41900,34.55300,33.14700,33.84600
2025-06-22 09:00:00,33.84300,34.17400,33.19200,33.28200
2025-06-22 10:00:00,33.28400,33.75500,32.72200,33.32900
2025-06-22 11:00:00,33.32800,33.49600,32.78700,33.21100
2025-06-22 12:00:00,33.21100,34.00800,33.12400,33.81200
2025-06-22 13:00:00,33.81100,34.43000,33.80600,34.38000
2025-06-22 14:00:00,34.37500,34.61700,34.15100,34.24200
2025-06-22 15:00:00,34.24000,34.24200,33.40000,33.86800
2025-06-22 16:00:00,33.86800,34.16300,33.65000,34.10300
2025-06-22 17:00:00,34.10200,34.25100,33.24000,33.28000
2025-06-22 18:00:00,33.27600,33.76400,33.23100,33.68400
2025-06-22 19:00:00,33.68300,34.43600,33.67200,33.86600
2025-06-22 20:00:00,33.86300,34.00000,33.15400,33.55600
2025-06-22 21:00:00,33.55900,33.70900,31.87800,32.45600
2025-06-22 22:00:00,32.45600,33.46400,31.60000,33.19200
2025-06-22 23:00:00,33.19200,33.61200,32.59000,32.91100
2025-06-23 00:00:00,32.90900,33.62700,32.40200,33.60100
2025-06-23 01:00:00,33.60100,34.35200,33.31000,34.07600
2025-06-23 02:00:00,34.07500,34.32500,33.71100,33.93100
2025-06-23 03:00:00,33.93000,34.28300,33.43500,33.62000
2025-06-23 04:00:00,33.62000,34.99800,33.27500,34.63000
2025-06-23 05:00:00,34.62900,35.00300,34.26400,34.32800
2025-06-23 06:00:00,34.32700,36.03300,34.29100,36.02100
2025-06-23 07:00:00,36.02200,36.06500,35.50500,35.75400
2025-06-23 08:00:00,35.76100,36.00000,35.01400,35.55300
2025-06-23 09:00:00,35.56000,36.01500,35.20200,35.97900
2025-06-23 10:00:00,35.97800,36.12600,35.60700,35.71800
2025-06-23 11:00:00,35.71700,35.85000,35.13500,35.28900
2025-06-23 12:00:00,35.29000,35.68500,35.05800,35.19300
2025-06-23 13:00:00,35.19400,35.79900,35.19400,35.73900
2025-06-23 14:00:00,35.73900,35.94200,35.20300,35.36800
2025-06-23 15:00:00,35.36700,35.91900,35.36100,35.89000
2025-06-23 16:00:00,35.88900,36.33200,35.65300,35.98600
2025-06-23 17:00:00,35.98700,36.05500,35.20400,35.50000
2025-06-23 18:00:00,35.49900,35.52500,34.90200,35.12000
2025-06-23 19:00:00,35.12100,35.27800,34.65900,35.08900
2025-06-23 20:00:00,35.08900,35.79300,34.56500,35.74600
2025-06-23 21:00:00,35.74600,36.25100,34.71000,36.08900
2025-06-23 22:00:00,36.09000,36.73700,34.92300,35.11000
2025-06-23 23:00:00,35.11000,35.34400,34.30800,34.49800
2025-06-24 00:00:00,34.49600,34.60800,33.27200,34.49300
2025-06-24 01:00:00,34.49300,36.24400,34.40700,35.96300
2025-06-24 02:00:00,35.96700,37.45500,35.96700,36.91000
2025-06-24 03:00:00,36.90700,37.25200,36.50900,37.23400
2025-06-24 04:00:00,37.23700,38.02400,36.87100,37.41400
2025-06-24 05:00:00,37.41400,37.75500,36.67400,36.68800
2025-06-24 06:00:00,36.69000,38.48100,36.69000,37.99500
2025-06-24 07:00:00,37.99800,38.48500,37.88900,38.17500
2025-06-24 08:00:00,38.17800,38.29800,36.56200,36.96900
2025-06-24 09:00:00,36.96800,37.55800,36.50900,37.53500
2025-06-24 10:00:00,37.53400,37.53400,36.45300,36.72100
2025-06-24 11:00:00,36.72000,37.28700,36.68100,37.08800
2025-06-24 12:00:00,37.08500,37.25200,36.66400,36.78400
2025-06-24 13:00:00,36.78500,37.93600,36.68800,37.78400
2025-06-24 14:00:00,37.78300,37.92400,37.24400,37.60600
2025-06-24 15:00:00,37.60600,37.95000,36.88200,36.96100
2025-06-24 16:00:00,36.96000,37.17800,36.53600,36.82700
2025-06-24 17:00:00,36.82700,37.42600,36.65600,36.70500
2025-06-24 18:00:00,36.70400,36.96800,36.25000,36.88700
2025-06-24 19:00:00,36.88700,37.31200,36.61000,37.13400
2025-06-24 20:00:00,37.13400,37.44400,36.88400,37.21400
2025-06-24 21:00:00,37.21100,37.50000,36.79100,37.03900
2025-06-24 22:00:00,37.03800,38.31400,36.94000,37.88000
2025-06-24 23:00:00,37.88100,38.18900,37.39600,37.73900
2025-06-25 00:00:00,37.74400,38.83000,37.43300,38.75200
2025-06-25 01:00:00,38.75200,38.93600,37.77800,37.98100
2025-06-25 02:00:00,37.97800,38.22700,37.33900,37.38500
2025-06-25 03:00:00,37.38500,37.62200,36.72600,37.15800
2025-06-25 04:00:00,37.15900,37.73200,36.88400,37.67100
2025-06-25 05:00:00,37.67300,37.67300,37.01400,37.53100
2025-06-25 06:00:00,37.52600,37.53200,36.93500,37.27000
2025-06-25 07:00:00,37.27000,37.53200,36.96000,37.51200
2025-06-25 08:00:00,37.51300,37.86200,37.16200,37.83700
2025-06-25 09:00:00,37.83500,38.29200,37.59600,37.92700
2025-06-25 10:00:00,37.92800,38.71800,37.88600,38.65800
2025-06-25 11:00:00,38.65700,38.77500,38.00000,38.08200
2025-06-25 12:00:00,38.08400,38.44400,37.48500,37.64000
2025-06-25 13:00:00,37.64000,37.83000,37.33300,37.44900
2025-06-25 14:00:00,37.44900,37.69800,37.17800,37.59900
2025-06-25 15:00:00,37.59900,38.15700,37.36800,37.94200
2025-06-25 16:00:00,37.94200,38.12500,37.47800,37.85700
2025-06-25 17:00:00,37.85400,38.50400,37.72400,37.84600
2025-06-25 18:00:00,37.84400,38.43100,37.68200,38.40100
2025-06-25 19:00:00,38.40100,38.64200,37.96000,38.44400
2025-06-25 20:00:00,38.44600,38.45600,37.98200,38.41200
2025-06-25 21:00:00,38.41400,39.09600,38.10600,38.86100
2025-06-25 22:00:00,38.86200,39.02000,37.45200,37.80500
2025-06-25 23:00:00,37.80100,37.88400,37.09000,37.45400
2025-06-26 00:00:00,37.45500,37.54700,36.77800,36.96400
2025-06-26 01:00:00,36.96400,37.37000,36.67700,36.96300
2025-06-26 02:00:00,36.96400,37.31600,36.88100,37.30900
2025-06-26 03:00:00,37.30900,37.48500,37.09300,37.27300
2025-06-26 04:00:00,37.27300,37.72400,37.05700,37.66800
2025-06-26 05:00:00,37.66700,37.81400,37.17000,37.29000
2025-06-26 06:00:00,37.29100,37.31900,36.77900,36.78300
2025-06-26 07:00:00,36.78400,37.04200,36.70700,37.01600
2025-06-26 08:00:00,37.01700,37.25900,36.76900,37.03900
2025-06-26 09:00:00,37.04000,37.55100,36.63900,37.53300
2025-06-26 10:00:00,37.53400,37.83000,37.22100,37.67900
2025-06-26 11:00:00,37.67900,38.10400,37.46400,37.57600
2025-06-26 12:00:00,37.58100,37.74200,37.07200,37.26800
2025-06-26 13:00:00,37.26800,37.26900,36.84300,36.98800
2025-06-26 14:00:00,36.98300,37.30200,36.87600,37.26600
2025-06-26 15:00:00,37.26300,38.01000,37.22500,37.66400
2025-06-26 16:00:00,37.66400,37.91300,37.52200,37.53900
2025-06-26 17:00:00,37.54000,37.64200,37.06700,37.14700
2025-06-26 18:00:00,37.14800,37.43800,37.03100,37.14800
2025-06-26 19:00:00,37.15000,37.43600,36.90000,37.34300
2025-06-26 20:00:00,37.34300,37.73100,37.08400,37.57300
2025-06-26 21:00:00,37.57400,37.76900,37.23600,37.68000
2025-06-26 22:00:00,37.68300,38.00400,37.44000,37.59900
2025-06-26 23:00:00,37.60100,37.66900,36.77100,37.35500
2025-06-27 00:00:00,37.35400,37.56300,36.36100,36.40900
2025-06-27 01:00:00,36.41000,36.75900,36.11500,36.39700
2025-06-27 02:00:00,36.39700,36.69400,36.04200,36.13400
2025-06-27 03:00:00,36.13500,36.83800,36.00000,36.71200
2025-06-27 04:00:00,36.70600,37.66500,36.58600,37.45900
2025-06-27 05:00:00,37.45900,37.47300,36.58100,36.83000
2025-06-27 06:00:00,36.82800,37.09000,36.08900,36.11000
2025-06-27 07:00:00,36.11000,36.31000,35.73500,35.80300
2025-06-27 08:00:00,35.80200,35.93200,35.34700,35.50200
2025-06-27 09:00:00,35.50100,36.41600,35.46800,36.19700
2025-06-27 10:00:00,36.19400,36.69700,36.09700,36.65600
2025-06-27 11:00:00,36.66100,36.77700,36.47700,36.71200
2025-06-27 12:00:00,36.71500,36.84100,36.52600,36.65700
2025-06-27 13:00:00,36.66000,36.87600,36.44700,36.59400
2025-06-27 14:00:00,36.59300,36.94200,36.55800,36.74900
2025-06-27 15:00:00,36.74900,36.93100,36.14200,36.27500
2025-06-27 16:00:00,36.27600,37.27800,36.20600,37.23600
2025-06-27 17:00:00,37.24800,37.28500,36.77400,36.92300
2025-06-27 18:00:00,36.92500,37.15800,36.79700,37.00300
2025-06-27 19:00:00,36.99600,37.05300,36.67500,36.89900
2025-06-27 20:00:00,36.90000,37.20400,36.46400,36.57300
2025-06-27 21:00:00,36.57200,36.94000,36.43000,36.75800
2025-06-27 22:00:00,36.75900,37.05100,36.49700,36.54200
2025-06-27 23:00:00,36.54300,36.93400,36.22600,36.81800
2025-06-28 00:00:00,36.81800,37.16400,36.51200,36.95200
2025-06-28 01:00:00,36.94800,36.97800,36.06900,36.48600
2025-06-28 02:00:00,36.48000,36.56000,35.83300,36.01200
2025-06-28 03:00:00,36.01100,36.16500,35.76100,35.95800
2025-06-28 04:00:00,35.95800,36.41200,35.86800,36.38900
2025-06-28 05:00:00,36.39000,36.58600,36.15500,36.38800
2025-06-28 06:00:00,36.38900,36.55300,36.26100,36.48000
2025-06-28 07:00:00,36.48000,36.63200,36.34700,36.62200
2025-06-28 08:00:00,36.62300,36.63700,36.31000,36.53700
2025-06-28 09:00:00,36.53400,36.64900,36.21900,36.56900
2025-06-28 10:00:00,36.56900,36.80000,36.37300,36.71600
2025-06-28 11:00:00,36.71600,36.89800,36.61000,36.82800
2025-06-28 12:00:00,36.83200,36.90000,36.50800,36.59900
2025-06-28 13:00:00,36.59900,36.93400,36.59900,36.87300
2025-06-28 14:00:00,36.87300,36.95000,36.66300,36.90100
2025-06-28 15:00:00,36.90200,37.13700,36.69800,37.11200
2025-06-28 16:00:00,37.10900,37.23700,36.81300,37.13900
2025-06-28 17:00:00,37.13800,37.41800,36.99100,37.19600
2025-06-28 18:00:00,37.19700,37.28100,36.95800,37.05000
2025-06-28 19:00:00,37.05000,37.11100,36.85200,36.88200
2025-06-28 20:00:00,36.87800,36.93500,36.66700,36.71200
2025-06-28 21:00:00,36.71200,36.95700,36.58200,36.64300
2025-06-28 22:00:00,36.64300,36.80600,36.56400,36.59300
2025-06-28 23:00:00,36.59400,36.91800,36.57200,36.88400
2025-06-29 00:00:00,36.88300,37.16800,36.88300,36.97400
2025-06-29 01:00:00,36.97000,37.37600,36.83700,37.30800
2025-06-29 02:00:00,37.30800,37.61300,37.10100,37.59900
2025-06-29 03:00:00,37.59700,37.87900,37.46200,37.52000
2025-06-29 04:00:00,37.51900,37.82600,37.42000,37.61600
2025-06-29 05:00:00,37.61800,37.81900,37.49700,37.77400
2025-06-29 06:00:00,37.77400,37.90700,37.62200,37.82800
2025-06-29 07:00:00,37.82700,37.84800,37.55600,37.79800
2025-06-29 08:00:00,37.79900,37.93000,37.65300,37.81500
2025-06-29 09:00:00,37.81700,37.96500,37.69900,37.74400
2025-06-29 10:00:00,37.74300,37.83600,37.60200,37.74500
2025-06-29 11:00:00,37.74400,38.00000,37.70800,37.71200
2025-06-29 12:00:00,37.71200,37.94500,37.68900,37.78000
2025-06-29 13:00:00,37.78300,37.80000,37.48900,37.62700
2025-06-29 14:00:00,37.63200,37.99800,37.61700,37.97700
2025-06-29 15:00:00,37.97600,38.47800,37.90200,38.47100
2025-06-29 16:00:00,38.47100,38.56500,38.24100,38.51600
2025-06-29 17:00:00,38.51000,38.76500,38.41200,38.44200
2025-06-29 18:00:00,38.44200,38.80700,38.40200,38.65400
2025-06-29 19:00:00,38.65400,38.89900,38.54000,38.84700
2025-06-29 20:00:00,38.84700,39.06000,38.66700,38.98700
2025-06-29 21:00:00,38.98400,39.05500,38.80000,38.95100
2025-06-29 22:00:00,38.95100,39.41300,38.80700,38.91600
2025-06-29 23:00:00,38.91800,39.13400,38.45100,38.45900
2025-06-30 00:00:00,38.46000,38.57600,38.30000,38.49200
2025-06-30 01:00:00,38.49200,38.56500,38.05400,38.25400
2025-06-30 02:00:00,38.25400,38.29300,37.99000,38.13600
2025-06-30 03:00:00,38.13700,38.27100,37.96500,38.26400
2025-06-30 04:00:00,38.26200,38.29500,38.00400,38.14300
2025-06-30 05:00:00,38.14600,38.78200,38.04300,38.59000
2025-06-30 06:00:00,38.59000,39.70400,38.56400,39.49300
2025-06-30 07:00:00,39.49400,39.90100,39.49100,39.77500
2025-06-30 08:00:00,39.77800,39.87800,39.46300,39.68800
2025-06-30 09:00:00,39.69200,40.47900,39.41300,40.29000
2025-06-30 10:00:00,40.29200,41.14500,40.13500,40.68100
2025-06-30 11:00:00,40.68600,41.11200,40.62500,40.86700
2025-06-30 12:00:00,40.86700,40.92800,40.42700,40.66200
2025-06-30 13:00:00,40.66300,41.26900,40.48400,41.16900
2025-06-30 14:00:00,41.16900,41.20000,39.71500,39.97400
2025-06-30 15:00:00,39.97300,40.34100,39.82600,40.05100
2025-06-30 16:00:00,40.04800,40.19400,39.53300,39.77200
2025-06-30 17:00:00,39.77300,40.03700,39.75900,39.81600
2025-06-30 18:00:00,39.82000,40.09400,39.73300,39.82000
2025-06-30 19:00:00,39.82000,40.07100,39.71100,39.94500
2025-06-30 20:00:00,39.94500,40.09300,39.77000,39.87200
2025-06-30 21:00:00,39.87400,40.34500,39.81200,39.95600
2025-06-30 22:00:00,39.95900,40.26600,39.42600,39.47000
2025-06-30 23:00:00,39.47100,40.12900,39.15600,39.87300
2025-07-01 00:00:00,39.87300,40.70700,39.66000,40.56400
2025-07-01 01:00:00,40.56400,40.72900,40.20400,40.60000
2025-07-01 02:00:00,40.60000,40.69000,40.01000,40.20400
2025-07-01 03:00:00,40.20400,40.88400,40.18100,40.82100
2025-07-01 04:00:00,40.82100,41.05200,40.43500,40.91100
2025-07-01 05:00:00,40.91100,41.25800,40.50800,40.60700
2025-07-01 06:00:00,40.60700,40.71400,39.88200,40.05300
2025-07-01 07:00:00,40.05200,40.16400,39.34500,39.55000
2025-07-01 08:00:00,39.55600,39.66100,39.04200,39.27900
2025-07-01 09:00:00,39.27900,39.80900,39.23500,39.42800
2025-07-01 10:00:00,39.42600,39.73900,39.30000,39.34400
2025-07-01 11:00:00,39.34500,39.57900,39.16200,39.47400
2025-07-01 12:00:00,39.47600,39.48100,38.87200,39.01600
2025-07-01 13:00:00,39.01600,39.17300,38.44400,38.82900
2025-07-01 14:00:00,38.83000,38.85900,38.64300,38.78100
2025-07-01 15:00:00,38.78200,39.15100,38.46500,38.99800
2025-07-01 16:00:00,38.99900,39.09700,38.58500,38.72900
2025-07-01 17:00:00,38.72900,39.13400,38.58400,39.05000
2025-07-01 18:00:00,39.05100,39.34500,38.88500,39.27300
2025-07-01 19:00:00,39.27100,39.44000,39.08800,39.33100
2025-07-01 20:00:00,39.32900,39.50000,39.07700,39.18300
2025-07-01 21:00:00,39.18300,39.28400,38.71700,39.01300
2025-07-01 22:00:00,39.01800,39.44600,38.51100,38.89800
2025-07-01 23:00:00,38.89800,39.13000,38.60400,39.04200
2025-07-02 00:00:00,39.03800,39.48700,38.80900,38.85000
2025-07-02 01:00:00,38.85100,39.09000,38.58400,38.69600
2025-07-02 02:00:00,38.70000,38.80000,37.53500,37.67400
2025-07-02 03:00:00,37.67400,37.83900,36.98300,37.02500
2025-07-02 04:00:00,37.02600,37.66300,36.93600,37.44800
2025-07-02 05:00:00,37.44900,37.70100,37.03700,37.27700
2025-07-02 06:00:00,37.27500,37.49100,37.06000,37.14400
2025-07-02 07:00:00,37.14800,37.16100,36.83900,36.90900
2025-07-02 08:00:00,36.91000,37.24500,36.80900,37.12500
2025-07-02 09:00:00,37.12500,37.25800,36.84100,37.15500
2025-07-02 10:00:00,37.15800,37.27400,36.91400,37.17700
2025-07-02 11:00:00,37.17800,37.64400,37.13900,37.42400
2025-07-02 12:00:00,37.42300,37.77400,37.24100,37.77200
2025-07-02 13:00:00,37.77100,37.99300,37.53800,37.85100
2025-07-02 14:00:00,37.85100,38.09200,37.64800,38.02300
2025-07-02 15:00:00,38.02400,38.23600,37.68700,38.08800
2025-07-02 16:00:00,38.09400,38.52200,38.09400,38.51500
2025-07-02 17:00:00,38.51400,38.63200,38.31900,38.54600
2025-07-02 18:00:00,38.54200,38.88400,38.47100,38.87700
2025-07-02 19:00:00,38.87900,38.88500,38.13800,38.25700
2025-07-02 20:00:00,38.25700,38.33400,37.82600,38.17700
2025-07-02 21:00:00,38.17700,38.51700,38.09200,38.37000
2025-07-02 22:00:00,38.36900,38.75900,38.34300,38.74100
2025-07-02 23:00:00,38.74500,38.98600,38.63400,38.88200
2025-07-03 00:00:00,38.88400,39.72200,38.78300,39.64800
2025-07-03 01:00:00,39.64800,39.73800,38.51600,38.86200
2025-07-03 02:00:00,38.86200,39.18000,38.69100,39.14300
2025-07-03 03:00:00,39.14700,39.39100,38.85800,39.35800
2025-07-03 04:00:00,39.35900,39.65600,39.26200,39.45600
2025-07-03 05:00:00,39.45800,40.17900,39.45200,40.07300
2025-07-03 06:00:00,40.07500,40.30600,39.76000,40.23200
2025-07-03 07:00:00,40.23100,40.38000,39.85500,39.87700
2025-07-03 08:00:00,39.87700,40.19300,39.68300,40.19300
2025-07-03 09:00:00,40.19300,40.35100,39.91900,40.23400
2025-07-03 10:00:00,40.23400,40.26100,39.67100,39.93000
2025-07-03 11:00:00,39.93200,40.24900,39.77900,39.83500
2025-07-03 12:00:00,39.83200,39.99800,39.70000,39.76300
2025-07-03 13:00:00,39.76500,40.37900,39.74100,40.28000
2025-07-03 14:00:00,40.28000,40.43400,40.06600,40.30400
2025-07-03 15:00:00,40.30300,40.78500,40.19600,40.76600
2025-07-03 16:00:00,40.76600,40.90100,40.54400,40.59800
2025-07-03 17:00:00,40.60000,41.00500,40.44000,40.95800
2025-07-03 18:00:00,40.95800,40.99500,40.38300,40.62000
2025-07-03 19:00:00,40.61900,40.75000,40.29500,40.35800
2025-07-03 20:00:00,40.35900,40.92400,39.82800,40.28300
2025-07-03 21:00:00,40.27700,41.21800,40.09100,41.10100
2025-07-03 22:00:00,41.09700,41.20600,40.27700,40.32500
2025-07-03 23:00:00,40.32500,40.41000,39.90300,39.95600
2025-07-04 00:00:00,39.95500,40.74100,39.94100,40.26200
2025-07-04 01:00:00,40.26400,40.43500,40.01200,40.03700
2025-07-04 02:00:00,40.03800,40.34400,39.55300,40.24500
2025-07-04 03:00:00,40.24400,40.58200,40.21700,40.37700
2025-07-04 04:00:00,40.38400,40.78600,40.32900,40.77100
2025-07-04 05:00:00,40.77100,40.82000,40.46000,40.67200
2025-07-04 06:00:00,40.67300,40.71000,40.44300,40.51100
2025-07-04 07:00:00,40.51000,40.64900,40.13700,40.25400
2025-07-04 08:00:00,40.25300,40.38800,40.00100,40.11200
2025-07-04 09:00:00,40.11600,40.43700,39.83600,39.88800
2025-07-04 10:00:00,39.88800,39.91200,39.15400,39.26700
2025-07-04 11:00:00,39.26800,39.47100,39.13200,39.22400
2025-07-04 12:00:00,39.22500,39.44100,38.99500,39.00400
2025-07-04 13:00:00,39.00500,39.44300,38.92000,39.23700
2025-07-04 14:00:00,39.23700,39.25600,38.78000,38.91600
2025-07-04 15:00:00,38.91100,39.00100,38.33100,38.51600
2025-07-04 16:00:00,38.51700,38.77600,38.20800,38.74600
2025-07-04 17:00:00,38.74700,38.91900,38.71400,38.87200
2025-07-04 18:00:00,38.87200,39.01300,38.75700,38.80700
2025-07-04 19:00:00,38.80800,39.01700,38.70000,38.74800
2025-07-04 20:00:00,38.74700,38.84500,38.50300,38.62300
2025-07-04 21:00:00,38.62300,38.74400,38.14800,38.22900
2025-07-04 22:00:00,38.22700,38.57500,38.15400,38.20500
2025-07-04 23:00:00,38.20400,38.32900,37.77500,37.88300
2025-07-05 00:00:00,37.88300,38.21300,37.54500,38.18100
2025-07-05 01:00:00,38.18000,38.53000,38.10900,38.51000
2025-07-05 02:00:00,38.51100,38.56000,38.04400,38.15300
2025-07-05 03:00:00,38.15400,38.31100,37.93000,38.28000
2025-07-05 04:00:00,38.28000,38.68000,38.23500,38.32900
2025-07-05 05:00:00,38.32900,38.67800,38.31000,38.63200
2025-07-05 06:00:00,38.63100,39.01700,38.59600,38.95100
2025-07-05 07:00:00,38.95100,39.13400,38.74300,38.96200
2025-07-05 08:00:00,38.96100,39.25500,38.87700,39.14500
2025-07-05 09:00:00,39.14500,39.15900,38.75500,38.85100
2025-07-05 10:00:00,38.85400,39.15200,38.64200,39.09000
2025-07-05 11:00:00,39.09000,39.25000,39.04500,39.09300
2025-07-05 12:00:00,39.09300,39.22000,38.87700,38.95100
2025-07-05 13:00:00,38.95100,39.45700,38.88000,39.41400
2025-07-05 14:00:00,39.41500,39.57800,39.30600,39.57300
2025-07-05 15:00:00,39.57500,39.62400,39.40600,39.46800
2025-07-05 16:00:00,39.46800,39.60600,39.23100,39.40200
2025-07-05 17:00:00,39.40200,39.50400,39.03300,39.42800
2025-07-05 18:00:00,39.42500,39.49800,39.22700,39.26100
2025-07-05 19:00:00,39.26200,39.38100,39.16100,39.18900
2025-07-05 20:00:00,39.19200,39.44300,39.03000,39.34000
2025-07-05 21:00:00,39.33900,39.56000,39.22900,39.46500
2025-07-05 22:00:00,39.47100,39.61500,39.37500,39.53800
2025-07-05 23:00:00,39.53700,39.61800,39.26300,39.29300
2025-07-06 00:00:00,39.29200,39.45800,38.70000,38.87200
2025-07-06 01:00:00,38.87400,39.15000,38.51400,38.64100
2025-07-06 02:00:00,38.64500,38.76900,38.33600,38.36400
2025-07-06 03:00:00,38.36500,38.77800,38.27400,38.70200
2025-07-06 04:00:00,38.69700,38.83700,38.53100,38.83000
2025-07-06 05:00:00,38.82900,39.04300,38.75600,39.01600
2025-07-06 06:00:00,39.01500,39.26700,38.86800,39.19600
2025-07-06 07:00:00,39.19800,39.25300,38.98200,39.14300
2025-07-06 08:00:00,39.13700,39.18500,38.83800,39.17700
2025-07-06 09:00:00,39.17800,39.25600,39.05500,39.23200
2025-07-06 10:00:00,39.23200,39.44600,39.20500,39.28700
2025-07-06 11:00:00,39.28700,39.31200,39.04400,39.24700
2025-07-06 12:00:00,39.24700,39.43200,39.11300,39.12300
2025-07-06 13:00:00,39.12300,39.20000,38.86000,38.87800
2025-07-06 14:00:00,38.87900,39.13500,38.79800,38.88300
2025-07-06 15:00:00,38.88400,38.97400,38.75600,38.90000
2025-07-06 16:00:00,38.90200,38.93000,38.58600,38.71200
2025-07-06 17:00:00,38.71200,38.95900,38.60400,38.72500
2025-07-06 18:00:00,38.72600,39.03800,38.70800,38.97500
2025-07-06 19:00:00,38.97500,39.02300,38.84400,38.98400
2025-07-06 20:00:00,38.98400,39.14000,38.81000,39.13100
2025-07-06 21:00:00,39.13200,39.67200,39.08600,39.35100
2025-07-06 22:00:00,39.35300,39.58500,39.14300,39.41100
2025-07-06 23:00:00,39.40700,39.43000,39.02100,39.34400
2025-07-07 00:00:00,39.34200,39.49100,39.14500,39.48000
2025-07-07 01:00:00,39.48000,39.53100,39.28900,39.37100
2025-07-07 02:00:00,39.37000,39.48600,39.00600,39.23600
2025-07-07 03:00:00,39.23800,39.36600,39.12600,39.34600
2025-07-07 04:00:00,39.34500,39.66500,39.34300,39.55300
2025-07-07 05:00:00,39.55300,39.85300,39.51000,39.76100
2025-07-07 06:00:00,39.76400,40.03200,39.71300,39.96800
2025-07-07 07:00:00,39.97000,40.02100,39.50300,39.82900
2025-07-07 08:00:00,39.82900,39.97000,39.55800,39.67400
2025-07-07 09:00:00,39.67400,39.76400,39.46900,39.67900
2025-07-07 10:00:00,39.67900,40.00200,39.67900,39.92500
2025-07-07 11:00:00,39.92500,40.16100,39.80200,39.83700
2025-07-07 12:00:00,39.83700,39.94000,39.63300,39.65300
2025-07-07 13:00:00,39.65300,39.78600,39.59100,39.71200
2025-07-07 14:00:00,39.71300,39.94500,39.65900,39.73200
2025-07-07 15:00:00,39.73500,39.91700,39.59700,39.90900
2025-07-07 16:00:00,39.90800,40.01600,39.79500,39.93300
2025-07-07 17:00:00,39.93200,39.93300,39.61600,39.66500
2025-07-07 18:00:00,39.66500,39.74600,39.42900,39.55000
2025-07-07 19:00:00,39.55200,39.70800,39.47800,39.55900
2025-07-07 20:00:00,39.55800,39.66900,39.38600,39.54700
2025-07-07 21:00:00,39.54300,39.76400,39.37000,39.71900
2025-07-07 22:00:00,39.71900,39.85100,39.38300,39.59600
2025-07-07 23:00:00,39.59800,39.71000,39.45400,39.45700
2025-07-08 00:00:00,39.45500,39.58700,39.07300,39.09600
2025-07-08 01:00:00,39.09800,39.38100,38.85400,39.10700
2025-07-08 02:00:00,39.10800,39.21000,38.65500,39.06400
2025-07-08 03:00:00,39.06300,39.38900,38.72800,38.88500
2025-07-08 04:00:00,38.87700,38.87700,38.37200,38.50400
2025-07-08 05:00:00,38.50500,38.67300,38.19400,38.43000
2025-07-08 06:00:00,38.43200,38.52300,38.20100,38.52100
2025-07-08 07:00:00,38.51900,38.73000,38.42400,38.54600
2025-07-08 08:00:00,38.54700,38.89500,38.48700,38.78800
2025-07-08 09:00:00,38.78700,38.82300,37.94600,38.01400
2025-07-08 10:00:00,38.01400,38.04800,37.05400,37.20400
2025-07-08 11:00:00,37.20300,37.57200,37.12300,37.37500
2025-07-08 12:00:00,37.37400,37.44500,37.10400,37.34000
2025-07-08 13:00:00,37.34000,37.45400,36.95200,37.30300
2025-07-08 14:00:00,37.30200,37.75800,37.25800,37.67500
2025-07-08 15:00:00,37.67400,37.90900,37.51500,37.90700
2025-07-08 16:00:00,37.90600,38.04500,37.57800,37.69400
2025-07-08 17:00:00,37.69400,38.09400,37.56600,37.94700
2025-07-08 18:00:00,37.94700,38.33000,37.84600,38.28400
2025-07-08 19:00:00,38.28400,38.40000,38.10600,38.17100
2025-07-08 20:00:00,38.16900,38.43700,38.16600,38.35400
2025-07-08 21:00:00,38.35300,38.39400,37.95300,38.29800
2025-07-08 22:00:00,38.29800,38.31800,37.57200,37.68100
2025-07-08 23:00:00,37.68000,37.86100,37.57200,37.63600
2025-07-09 00:00:00,37.63600,37.83800,37.50500,37.77700
2025-07-09 01:00:00,37.77700,38.79800,37.76000,38.50300
2025-07-09 02:00:00,38.50300,39.03200,38.46000,39.00800
2025-07-09 03:00:00,39.00600,39.07900,38.72800,38.92100
2025-07-09 04:00:00,38.92100,38.93500,38.50900,38.52600
2025-07-09 05:00:00,38.52200,38.82000,38.52200,38.75700
2025-07-09 06:00:00,38.75500,38.84500,38.54100,38.67700
2025-07-09 07:00:00,38.67700,38.93700,38.61400,38.80600
2025-07-09 08:00:00,38.80300,39.23600,38.73100,39.10100
2025-07-09 09:00:00,39.10000,39.21400,38.78300,38.89200
2025-07-09 10:00:00,38.89400,39.11700,38.81800,38.86300
2025-07-09 11:00:00,38.86200,39.01600,38.73700,38.79200
2025-07-09 12:00:00,38.79200,39.08600,38.78600,39.04200
2025-07-09 13:00:00,39.04400,39.26400,38.90500,39.22600
2025-07-09 14:00:00,39.22600,39.33200,39.10400,39.20300
2025-07-09 15:00:00,39.20300,39.39200,39.14100,39.36200
2025-07-09 16:00:00,39.36100,39.43400,39.05900,39.21800
2025-07-09 17:00:00,39.21800,39.24900,38.96100,39.01200
2025-07-09 18:00:00,39.01200,39.15000,38.89800,39.08600
2025-07-09 19:00:00,39.08600,39.36200,39.02200,39.29800
2025-07-09 20:00:00,39.29700,39.67300,39.23500,39.50500
2025-07-09 21:00:00,39.50500,39.60000,39.08700,39.15100
2025-07-09 22:00:00,39.15100,39.35200,38.82000,39.08000
2025-07-09 23:00:00,39.07900,39.17600,38.90700,39.08700
2025-07-10 00:00:00,39.08400,40.00200,39.08400,39.82900
2025-07-10 01:00:00,39.83000,40.17400,39.58400,39.74100
2025-07-10 02:00:00,39.74100,40.38800,39.66300,40.26500
2025-07-10 03:00:00,40.26500,40.99500,40.18700,40.69200
2025-07-10 04:00:00,40.69300,40.74900,40.05000,40.35400
2025-07-10 05:00:00,40.35300,41.00000,40.32900,40.60100
2025-07-10 06:00:00,40.60200,41.04900,40.60200,40.85200
2025-07-10 07:00:00,40.85100,40.99600,40.66300,40.67300
2025-07-10 08:00:00,40.67100,40.99700,40.50200,40.54400
2025-07-10 09:00:00,40.54500,41.03700,40.52000,40.94100
2025-07-10 10:00:00,40.93700,41.69900,40.92900,41.68100
2025-07-10 11:00:00,41.68300,41.69700,41.32400,41.39300
2025-07-10 12:00:00,41.39300,41.84200,41.14200,41.72800
2025-07-10 13:00:00,41.73100,41.76400,41.35000,41.53800
2025-07-10 14:00:00,41.53800,41.81800,41.43600,41.75300
2025-07-10 15:00:00,41.75300,41.96600,41.69300,41.76900
2025-07-10 16:00:00,41.76800,41.97800,41.66200,41.91900
2025-07-10 17:00:00,41.91700,41.94800,41.58500,41.63200
2025-07-10 18:00:00,41.63200,41.73600,41.02200,41.20000
2025-07-10 19:00:00,41.20000,41.40000,41.12200,41.34700
2025-07-10 20:00:00,41.34800,41.34800,40.71800,41.16900
2025-07-10 21:00:00,41.16800,41.61100,41.07600,41.30200
2025-07-10 22:00:00,41.30300,41.78300,41.20700,41.78200
2025-07-10 23:00:00,41.78000,41.85500,41.50000,41.84700
2025-07-11 00:00:00,41.84700,42.72200,41.76000,42.53200
2025-07-11 01:00:00,42.53600,43.15900,42.42100,43.11400
2025-07-11 02:00:00,43.11500,43.15000,42.61300,42.91100
2025-07-11 03:00:00,42.90300,43.01500,42.47300,42.79600
2025-07-11 04:00:00,42.78800,43.22600,42.70400,43.07300
2025-07-11 05:00:00,43.06500,43.99200,43.02000,43.83400
2025-07-11 06:00:00,43.83400,44.09600,43.54400,43.74700
2025-07-11 07:00:00,43.74800,44.01000,43.40300,43.81300
2025-07-11 08:00:00,43.81800,43.98300,43.38300,43.55000
2025-07-11 09:00:00,43.54900,44.20700,43.46400,44.04400
2025-07-11 10:00:00,44.04300,44.26600,43.82500,44.12900
2025-07-11 11:00:00,44.12900,44.61100,43.98400,44.58800
2025-07-11 12:00:00,44.58600,45.19700,44.27500,45.18200
2025-07-11 13:00:00,45.18100,45.65500,45.00200,45.32800
2025-07-11 14:00:00,45.33300,46.27400,45.26900,45.35800
2025-07-11 15:00:00,45.36000,45.77100,45.06700,45.26500
2025-07-11 16:00:00,45.26600,45.89100,45.26400,45.84100
2025-07-11 17:00:00,45.84300,46.35600,45.60000,46.11500
2025-07-11 18:00:00,46.11500,46.22200,45.66600,45.88500
2025-07-11 19:00:00,45.88400,45.98500,45.47300,45.60600
2025-07-11 20:00:00,45.61200,45.74600,45.14000,45.60400
2025-07-11 21:00:00,45.60500,45.94700,45.22200,45.78700
2025-07-11 22:00:00,45.78800,46.46400,45.55000,45.71100
2025-07-11 23:00:00,45.70800,45.90500,45.15100,45.22700
2025-07-12 00:00:00,45.23500,46.03600,45.04300,46.01600
2025-07-12 01:00:00,46.01700,46.52400,46.01300,46.39000
2025-07-12 02:00:00,46.39100,46.64600,46.09600,46.57500
2025-07-12 03:00:00,46.57000,46.88800,46.33000,46.86900
2025-07-12 04:00:00,46.86200,46.93900,45.93500,45.98000
2025-07-12 05:00:00,45.98000,46.13500,45.48700,45.66800
2025-07-12 06:00:00,45.66400,45.82300,45.25400,45.75600
2025-07-12 07:00:00,45.75600,46.40900,45.71100,46.38300
2025-07-12 08:00:00,46.38200,46.45900,45.72200,46.19300
2025-07-12 09:00:00,46.19400,46.53900,46.05700,46.48200
2025-07-12 10:00:00,46.48200,46.55100,46.14000,46.17900
2025-07-12 11:00:00,46.17900,46.44100,46.14500,46.39400
2025-07-12 12:00:00,46.39400,46.41200,45.88900,46.02200
2025-07-12 13:00:00,46.02300,46.40000,45.82700,46.37500
2025-07-12 14:00:00,46.37600,46.73700,46.10700,46.57800
2025-07-12 15:00:00,46.57900,47.16600,46.51600,46.84000
2025-07-12 16:00:00,46.84000,47.14200,46.50700,46.66500
2025-07-12 17:00:00,46.66400,47.24500,46.56700,47.08000
2025-07-12 18:00:00,47.08100,47.41200,46.85500,47.19600
2025-07-12 19:00:00,47.19600,47.40900,46.65400,46.71200
2025-07-12 20:00:00,46.70900,46.88700,45.92700,46.29800
2025-07-12 21:00:00,46.29900,46.29900,45.17500,45.89800
2025-07-12 22:00:00,45.89900,46.35700,45.55000,45.55100
2025-07-12 23:00:00,45.55100,45.90100,45.22800,45.47100
2025-07-13 00:00:00,45.47100,46.03200,45.09100,45.28900
2025-07-13 01:00:00,45.29000,45.87200,45.08800,45.85800
2025-07-13 02:00:00,45.85800,46.49900,45.80900,46.49200
2025-07-13 03:00:00,46.49100,46.86600,46.31000,46.68500
2025-07-13 04:00:00,46.69000,46.74600,46.17600,46.19500
2025-07-13 05:00:00,46.18900,46.93700,46.15900,46.91600
2025-07-13 06:00:00,46.91600,47.28000,46.68400,47.01800
2025-07-13 07:00:00,47.01700,47.32300,46.78200,47.09000
2025-07-13 08:00:00,47.09000,47.49800,46.93800,47.44000
2025-07-13 09:00:00,47.43200,47.81700,47.38500,47.46500
2025-07-13 10:00:00,47.46600,47.59200,47.09100,47.33200
2025-07-13 11:00:00,47.33200,47.67900,47.30200,47.48300
2025-07-13 12:00:00,47.48400,47.86900,47.17200,47.81700
2025-07-13 13:00:00,47.81500,47.91900,47.44700,47.45600
2025-07-13 14:00:00,47.46100,47.85000,47.39200,47.77600
2025-07-13 15:00:00,47.77700,48.03700,47.64300,47.98500
2025-07-13 16:00:00,47.98100,48.06200,47.64800,47.86400
2025-07-13 17:00:00,47.86400,47.99500,47.58400,47.95400
2025-07-13 18:00:00,47.95900,48.12300,47.81700,47.88400
2025-07-13 19:00:00,47.89100,48.18400,47.83800,48.04600
2025-07-13 20:00:00,48.04500,48.12200,47.71700,48.01600
2025-07-13 21:00:00,48.00800,48.52000,47.89500,48.32400
2025-07-13 22:00:00,48.32400,48.80000,48.08600,48.25800
2025-07-13 23:00:00,48.25800,48.82800,48.19600,48.44800
2025-07-14 00:00:00,48.44800,48.65600,48.25800,48.34700
2025-07-14 01:00:00,48.34400,48.63000,48.06300,48.48800
2025-07-14 02:00:00,48.48900,49.07100,48.44100,49.05500
2025-07-14 03:00:00,49.05500,49.25000,48.89700,49.06900
2025-07-14 04:00:00,49.07300,49.30700,48.70800,49.04500
2025-07-14 05:00:00,49.04500,49.04500,48.17700,48.53200
2025-07-14 06:00:00,48.53200,48.60600,47.85000,48.25300
2025-07-14 07:00:00,48.25300,48.95200,48.21300,48.95000
2025-07-14 08:00:00,48.94200,49.53700,48.83900,49.12000
2025-07-14 09:00:00,49.12200,49.47100,48.97600,49.25200
2025-07-14 10:00:00,49.25700,49.65200,49.03100,49.33300
2025-07-14 11:00:00,49.33300,49.88000,49.23700,49.66100
2025-07-14 12:00:00,49.66100,49.92300,49.43700,49.82500
2025-07-14 13:00:00,49.82600,49.91900,49.18300,49.67000
2025-07-14 14:00:00,49.67100,49.68500,48.87600,48.91700
2025-07-14 15:00:00,48.91800,49.42300,48.56200,49.31100
2025-07-14 16:00:00,49.31400,49.39800,48.43800,48.83100
2025-07-14 17:00:00,48.83000,48.92000,48.18400,48.25500
2025-07-14 18:00:00,48.26000,48.83900,47.96700,48.75700
2025-07-14 19:00:00,48.75700,48.79400,48.13500,48.39800
2025-07-14 20:00:00,48.39800,48.70900,48.06400,48.69400
2025-07-14 21:00:00,48.69300,48.77800,48.29500,48.73800
2025-07-14 22:00:00,48.73500,49.04000,47.61500,48.16200
2025-07-14 23:00:00,48.16500,48.16500,47.34900,47.72200
2025-07-15 00:00:00,47.72100,48.24200,47.06100,48.10800
2025-07-15 01:00:00,48.10700,48.19900,47.56700,47.71000
2025-07-15 02:00:00,47.71100,47.77400,46.57700,46.84700
2025-07-15 03:00:00,46.84600,47.18100,46.63300,46.93500
2025-07-15 04:00:00,46.93500,47.51200,46.50400,47.36100
2025-07-15 05:00:00,47.35500,47.67400,47.10400,47.63200
2025-07-15 06:00:00,47.63200,47.63400,47.34400,47.42100
2025-07-15 07:00:00,47.42100,47.66600,47.16600,47.60800
2025-07-15 08:00:00,47.60700,47.88100,47.19900,47.25800
2025-07-15 09:00:00,47.25800,47.78600,46.88000,47.48000
2025-07-15 10:00:00,47.47200,48.01300,47.13600,47.79100
2025-07-15 11:00:00,47.79100,47.93900,46.83800,47.32600
2025-07-15 12:00:00,47.32700,48.39000,46.74500,48.35000
2025-07-15 13:00:00,48.35000,48.39600,47.97100,48.15800
2025-07-15 14:00:00,48.16100,48.37100,47.83500,48.10200
2025-07-15 15:00:00,48.10500,48.29400,47.46700,47.50600
2025-07-15 16:00:00,47.50700,47.53300,47.03300,47.14500
2025-07-15 17:00:00,47.15300,47.54400,47.07400,47.19900
2025-07-15 18:00:00,47.19400,47.30700,47.11000,47.21800
2025-07-15 19:00:00,47.22000,47.30900,46.64900,47.12600
2025-07-15 20:00:00,47.12900,47.73900,46.83400,47.66900
2025-07-15 21:00:00,47.66900,48.19900,47.53400,48.03300
2025-07-15 22:00:00,48.03400,48.32400,46.94900,47.07300
2025-07-15 23:00:00,47.07800,47.67500,46.89900,47.44400
2025-07-16 00:00:00,47.44300,48.05300,47.34300,47.35500
2025-07-16 01:00:00,47.35400,47.87100,47.06300,47.84000
2025-07-16 02:00:00,47.84400,47.87800,47.28700,47.53000
2025-07-16 03:00:00,47.52600,47.87300,47.04800,47.21600
2025-07-16 04:00:00,47.21900,47.45700,47.09100,47.12800
2025-07-16 05:00:00,47.12700,47.59900,47.06600,47.54600
2025-07-16 06:00:00,47.54600,47.56700,47.15900,47.50200
2025-07-16 07:00:00,47.50300,48.16700,47.48500,47.86700
2025-07-16 08:00:00,47.86500,48.58600,47.79600,48.32900
2025-07-16 09:00:00,48.33100,48.33900,47.57500,47.63100
2025-07-16 10:00:00,47.63000,47.74500,47.28700,47.30600
2025-07-16 11:00:00,47.30600,47.51900,47.21400,47.24100
2025-07-16 12:00:00,47.24100,47.64100,47.09800,47.47400
2025-07-16 13:00:00,47.48000,47.80000,47.34200,47.36200
2025-07-16 14:00:00,47.36200,48.02500,47.17200,47.72300
2025-07-16 15:00:00,47.72300,47.92900,47.55900,47.78100
2025-07-16 16:00:00,47.77900,48.23800,47.72400,48.17400
2025-07-16 17:00:00,48.17900,48.28900,47.81300,47.98600
2025-07-16 18:00:00,47.99800,48.00400,47.60000,47.60300
2025-07-16 19:00:00,47.60200,48.03600,47.58200,47.88900
2025-07-16 20:00:00,47.88500,48.26100,47.72600,47.81500
2025-07-16 21:00:00,47.81500,48.10600,47.55400,47.94600
2025-07-16 22:00:00,47.94600,47.99500,47.39200,47.63200
2025-07-16 23:00:00,47.63100,47.99200,47.18500,47.97900
2025-07-17 00:00:00,47.97500,48.40500,47.44600,48.22000
2025-07-17 01:00:00,48.21700,48.43400,47.85500,48.22900
2025-07-17 02:00:00,48.22200,48.48300,48.00000,48.13800
2025-07-17 03:00:00,48.13700,48.48900,47.88000,48.29000
2025-07-17 04:00:00,48.29100,48.33200,47.83400,47.85900
2025-07-17 05:00:00,47.86000,48.44600,47.42200,47.45900
2025-07-17 06:00:00,47.46300,47.81500,46.89600,47.08100
2025-07-17 07:00:00,47.07900,47.27100,46.45400,46.98700
2025-07-17 08:00:00,46.98900,47.38200,46.68200,46.70300
2025-07-17 09:00:00,46.70300,46.88700,45.72700,46.23000
2025-07-17 10:00:00,46.22900,46.51000,46.00500,46.36200
2025-07-17 11:00:00,46.36100,46.36900,45.53500,45.99900
2025-07-17 12:00:00,45.99700,46.38000,45.76200,46.34500
2025-07-17 13:00:00,46.34500,46.34500,45.84300,46.27800
2025-07-17 14:00:00,46.27900,47.00000,46.19000,46.98000
2025-07-17 15:00:00,46.98100,46.98100,46.49100,46.70800
2025-07-17 16:00:00,46.71000,46.79700,45.85700,46.10500
2025-07-17 17:00:00,46.10700,46.92600,45.93600,46.82900
2025-07-17 18:00:00,46.82700,46.92800,46.47300,46.86700
2025-07-17 19:00:00,46.86700,46.88900,46.00000,46.03700
2025-07-17 20:00:00,46.03700,46.81700,45.68900,46.51600
2025-07-17 21:00:00,46.51600,46.75100,45.82500,46.33200
2025-07-17 22:00:00,46.33300,46.94400,46.32800,46.78000
2025-07-17 23:00:00,46.78000,46.93700,46.34400,46.80600
2025-07-18 00:00:00,46.80400,46.88900,45.90900,46.25900
2025-07-18 01:00:00,46.26000,46.43900,45.92800,46.28700
2025-07-18 02:00:00,46.29100,46.70000,46.21500,46.61000
2025-07-18 03:00:00,46.60600,46.72000,45.77000,45.83500
2025-07-18 04:00:00,45.83000,45.88900,44.45000,45.26600
2025-07-18 05:00:00,45.26600,46.98300,45.24400,46.46100
2025-07-18 06:00:00,46.46200,46.88700,46.03300,46.27000
2025-07-18 07:00:00,46.27000,46.36900,45.45800,45.59000
2025-07-18 08:00:00,45.58900,45.98500,44.86500,45.75000
2025-07-18 09:00:00,45.75200,46.79600,45.06300,46.74700
2025-07-18 10:00:00,46.74600,46.77400,46.07200,46.62400
2025-07-18 11:00:00,46.62900,46.76700,46.38600,46.42500
2025-07-18 12:00:00,46.42500,46.58800,45.98900,46.57800
2025-07-18 13:00:00,46.58300,47.43900,46.56100,47.14500
2025-07-18 14:00:00,47.14500,47.23900,46.43500,46.72400
2025-07-18 15:00:00,46.72500,46.85200,46.11900,46.17300
2025-07-18 16:00:00,46.17200,46.49100,45.85200,46.10200
2025-07-18 17:00:00,46.10100,46.30600,45.87900,46.08400
2025-07-18 18:00:00,46.08000,46.20700,45.78000,46.19000
2025-07-18 19:00:00,46.19000,46.19600,45.43000,45.56200
2025-07-18 20:00:00,45.56600,45.91500,45.54500,45.89600
2025-07-18 21:00:00,45.90100,45.92200,45.42400,45.63300
2025-07-18 22:00:00,45.62900,45.97100,44.80000,45.08800
2025-07-18 23:00:00,45.08700,45.13100,44.15800,44.47700
2025-07-19 00:00:00,44.47700,44.65100,44.00000,44.44100
2025-07-19 01:00:00,44.44200,44.85100,44.20400,44.71300
2025-07-19 02:00:00,44.71700,44.72900,44.01800,44.02600
2025-07-19 03:00:00,44.02600,44.11500,43.04500,43.49400
2025-07-19 04:00:00,43.49200,44.21700,43.22300,43.98400
2025-07-19 05:00:00,43.98300,44.44900,43.93700,44.25500
2025-07-19 06:00:00,44.25300,44.53700,43.95400,44.29800
2025-07-19 07:00:00,44.29700,44.50900,43.81400,44.33100
2025-07-19 08:00:00,44.33200,44.73500,44.23300,44.43500
2025-07-19 09:00:00,44.43500,45.01200,44.21100,45.00400
2025-07-19 10:00:00,45.00400,45.20400,44.72500,45.11800
2025-07-19 11:00:00,45.11800,45.25500,45.02500,45.12900
2025-07-19 12:00:00,45.12900,45.29800,44.53500,44.62000
2025-07-19 13:00:00,44.62000,44.95200,44.50800,44.77200
2025-07-19 14:00:00,44.77300,44.96600,44.43300,44.45400
2025-07-19 15:00:00,44.45700,44.63100,44.34800,44.57400
2025-07-19 16:00:00,44.57400,44.77600,44.35000,44.62200
2025-07-19 17:00:00,44.62300,45.04900,44.59600,44.70800
2025-07-19 18:00:00,44.70900,45.16000,44.69400,45.08100
2025-07-19 19:00:00,45.08200,45.27900,44.87700,44.88900
2025-07-19 20:00:00,44.89000,44.96300,44.53400,44.82400
2025-07-19 21:00:00,44.82500,45.04500,44.58000,44.72200
2025-07-19 22:00:00,44.72300,44.77600,44.07500,44.15300
2025-07-19 23:00:00,44.15500,44.95900,44.14200,44.78600
2025-07-20 00:00:00,44.78500,45.19100,44.50000,45.17500
2025-07-20 01:00:00,45.17500,45.28500,44.43200,44.47900
2025-07-20 02:00:00,44.47300,44.77600,44.37100,44.60400
2025-07-20 03:00:00,44.60900,44.89900,44.37500,44.89300
2025-07-20 04:00:00,44.89400,45.09400,44.77000,44.78100
2025-07-20 05:00:00,44.78000,44.88200,43.99100,44.17500
2025-07-20 06:00:00,44.17500,44.36300,44.06800,44.28900
2025-07-20 07:00:00,44.28600,44.49400,44.11200,44.48000
2025-07-20 08:00:00,44.47800,44.61700,44.18700,44.57600
2025-07-20 09:00:00,44.57600,45.01600,44.55000,44.67400
2025-07-20 10:00:00,44.67400,44.85900,44.54100,44.85400
2025-07-20 11:00:00,44.85300,45.13800,44.61600,44.94600
2025-07-20 12:00:00,44.94700,45.02500,44.71000,44.87600
2025-07-20 13:00:00,44.87600,45.06400,44.75500,45.05700
2025-07-20 14:00:00,45.05600,45.05600,44.75500,44.75500
2025-07-20 15:00:00,44.75600,45.18800,44.75100,45.06100
2025-07-20 16:00:00,45.06100,45.68700,45.06100,45.52100
2025-07-20 17:00:00,45.52200,45.70000,45.41000,45.45500
2025-07-20 18:00:00,45.45500,45.68800,45.25400,45.50600
2025-07-20 19:00:00,45.50200,45.77500,45.34900,45.64700
2025-07-20 20:00:00,45.64400,45.74500,45.39500,45.48100
2025-07-20 21:00:00,45.48000,46.44800,45.45600,46.30000
2025-07-20 22:00:00,46.29700,46.33700,45.79600,46.11300
2025-07-20 23:00:00,46.11600,46.73300,45.89200,46.70600
2025-07-21 00:00:00,46.70700,47.40500,46.69500,47.01700
2025-07-21 01:00:00,47.01600,47.07900,46.33000,46.39800
2025-07-21 02:00:00,46.40000,47.06800,46.35900,47.02200
2025-07-21 03:00:00,47.02200,47.25200,46.52100,46.61800
2025-07-21 04:00:00,46.61800,46.83600,46.32700,46.47200
2025-07-21 05:00:00,46.47300,46.52300,45.69200,46.31600
2025-07-21 06:00:00,46.31600,46.36800,45.27500,46.16000
2025-07-21 07:00:00,46.16200,46.17100,45.73900,45.99700
2025-07-21 08:00:00,45.99100,46.00100,45.29000,45.85200
2025-07-21 09:00:00,45.85100,46.14500,45.53500,46.13400
2025-07-21 10:00:00,46.13400,46.34300,45.95600,46.34300
2025-07-21 11:00:00,46.34100,46.73900,46.32500,46.63700
2025-07-21 12:00:00,46.63700,46.78600,46.47600,46.69700
2025-07-21 13:00:00,46.69800,47.28600,46.66000,47.26500
2025-07-21 14:00:00,47.26500,47.45000,46.84500,46.99100
2025-07-21 15:00:00,46.99200,47.27400,46.91200,46.99800
2025-07-21 16:00:00,46.99900,47.28800,46.91200,47.00500
2025-07-21 17:00:00,47.00500,47.20600,46.83200,47.13600
2025-07-21 18:00:00,47.13600,47.28900,46.87300,47.17700
2025-07-21 19:00:00,47.17700,47.82300,47.08700,47.41500
2025-07-21 20:00:00,47.42200,47.58500,47.11400,47.18700
2025-07-21 21:00:00,47.18700,47.38200,46.23600,47.19600
2025-07-21 22:00:00,47.19700,47.53000,46.98400,47.26200
2025-07-21 23:00:00,47.26000,47.38100,46.33800,46.45300
2025-07-22 00:00:00,46.45700,46.52100,45.72600,46.21500
2025-07-22 01:00:00,46.21500,46.27900,44.78100,45.86800
2025-07-22 02:00:00,45.86800,46.41200,44.80400,44.93200
2025-07-22 03:00:00,44.92900,45.25000,44.29500,44.43400
2025-07-22 04:00:00,44.43300,44.65100,44.10800,44.13900
2025-07-22 05:00:00,44.13600,44.70800,44.06400,44.34500
2025-07-22 06:00:00,44.34500,45.21300,44.31500,44.75400
2025-07-22 07:00:00,44.75400,44.83800,44.13800,44.32900
2025-07-22 08:00:00,44.32400,44.55900,44.01100,44.17500
2025-07-22 09:00:00,44.17200,45.37600,43.60900,45.34100
2025-07-22 10:00:00,45.34000,45.68500,44.68200,44.93200
2025-07-22 11:00:00,44.93100,45.16900,43.91500,44.30500
2025-07-22 12:00:00,44.30100,44.33000,43.06600,43.09800
2025-07-22 13:00:00,43.09600,43.86100,43.07300,43.67100
2025-07-22 14:00:00,43.67200,43.99200,43.45700,43.79700
2025-07-22 15:00:00,43.79700,44.24000,43.52200,43.70300
2025-07-22 16:00:00,43.70200,44.00800,43.25900,43.83200
2025-07-22 17:00:00,43.83200,44.17400,43.53800,44.07100
2025-07-22 18:00:00,44.07000,44.74000,44.03100,44.67300
2025-07-22 19:00:00,44.67200,45.14700,44.52100,45.09400
2025-07-22 20:00:00,45.09400,45.19400,44.72600,45.01700
2025-07-22 21:00:00,45.01600,45.19100,43.60000,43.66300
2025-07-22 22:00:00,43.66000,44.60000,43.34900,44.59100
2025-07-22 23:00:00,44.58300,45.38800,44.09000,44.26700
2025-07-23 00:00:00,44.25800,44.79000,44.00000,44.48400
2025-07-23 01:00:00,44.48400,44.58300,43.52900,44.20300
2025-07-23 02:00:00,44.20200,44.62300,43.96800,44.48100
2025-07-23 03:00:00,44.48000,44.76300,43.94000,44.23600
2025-07-23 04:00:00,44.23700,44.81400,44.09100,44.62800
2025-07-23 05:00:00,44.63100,44.85600,44.28900,44.73600
2025-07-23 06:00:00,44.74300,45.37700,44.68500,45.32000
2025-07-23 07:00:00,45.32000,46.32700,45.27500,46.27400
2025-07-23 08:00:00,46.27300,46.33800,45.19700,45.29800
2025-07-23 09:00:00,45.29900,45.64800,44.77600,45.45700
2025-07-23 10:00:00,45.46300,45.76200,45.37000,45.55300
2025-07-23 11:00:00,45.55200,45.67200,44.84200,45.15300
2025-07-23 12:00:00,45.15000,45.26200,44.89400,45.11500
2025-07-23 13:00:00,45.11700,45.13200,44.38200,44.39900
2025-07-23 14:00:00,44.39900,44.50800,44.08500,44.25700
2025-07-23 15:00:00,44.25700,44.41500,44.02700,44.10000
2025-07-23 16:00:00,44.10000,44.39400,44.04400,44.37900
2025-07-23 17:00:00,44.37900,44.44300,43.77700,43.80300
2025-07-23 18:00:00,43.80300,44.14400,43.59300,44.02400
2025-07-23 19:00:00,44.02300,44.14800,43.84400,43.97000
2025-07-23 20:00:00,43.97000,44.05300,43.42800,43.48700
2025-07-23 21:00:00,43.48600,43.73500,42.78100,43.08900
2025-07-23 22:00:00,43.08800,43.59000,42.93000,43.47700
2025-07-23 23:00:00,43.47700,43.47700,42.86500,43.44600
2025-07-24 00:00:00,43.44600,43.50800,42.53000,42.57100
2025-07-24 01:00:00,42.57100,43.09300,42.38800,43.06700
2025-07-24 02:00:00,43.06900,43.44700,43.00900,43.30800
2025-07-24 03:00:00,43.30800,43.84500,43.21100,43.54900
2025-07-24 04:00:00,43.54600,43.78800,42.76600,43.12200
2025-07-24 05:00:00,43.12700,43.80000,42.73000,43.79200
2025-07-24 06:00:00,43.79400,44.14600,43.47200,43.83100
2025-07-24 07:00:00,43.83100,44.15100,43.59000,43.70500
2025-07-24 08:00:00,43.70500,44.12400,43.45000,43.91600
2025-07-24 09:00:00,43.91800,44.06700,43.52500,44.05600
2025-07-24 10:00:00,44.05600,44.29300,43.90600,44.00900
2025-07-24 11:00:00,44.00800,44.39400,43.83000,43.84300
2025-07-24 12:00:00,43.84100,44.02300,43.05700,43.26600
2025-07-24 13:00:00,43.26600,43.29600,42.30000,42.31100
2025-07-24 14:00:00,42.31300,42.45100,41.61800,41.93400
2025-07-24 15:00:00,41.93500,42.48400,41.46300,42.46200
2025-07-24 16:00:00,42.46200,42.80100,42.27000,42.75300
2025-07-24 17:00:00,42.75700,42.81900,42.18400,42.38700
2025-07-24 18:00:00,42.38700,42.49100,41.58600,42.20800
2025-07-24 19:00:00,42.20800,43.02700,42.14400,42.97100
2025-07-24 20:00:00,42.97000,43.11500,42.58300,43.08000
2025-07-24 21:00:00,43.07900,43.28800,42.60100,42.62600
2025-07-24 22:00:00,42.62600,43.53700,42.39900,43.46800
2025-07-24 23:00:00,43.46600,43.57700,42.80800,43.00000
2025-07-25 00:00:00,43.00200,43.06500,41.93800,42.23400
2025-07-25 01:00:00,42.23600,42.92400,42.13100,42.59900
2025-07-25 02:00:00,42.59700,42.97800,42.49900,42.79000
2025-07-25 03:00:00,42.79000,43.03700,42.64200,42.77600
2025-07-25 04:00:00,42.77700,43.16200,42.72200,43.10200
2025-07-25 05:00:00,43.10000,43.12300,42.52000,42.63000
2025-07-25 06:00:00,42.63100,42.76500,42.34800,42.60600
2025-07-25 07:00:00,42.60500,42.60500,41.96700,42.07500
2025-07-25 08:00:00,42.07600,42.14800,41.44400,41.62300
2025-07-25 09:00:00,41.62200,42.33400,41.43500,42.24500
2025-07-25 10:00:00,42.24400,42.44200,41.32100,41.42400
2025-07-25 11:00:00,41.42400,41.70600,41.12200,41.42500
2025-07-25 12:00:00,41.42400,42.36400,41.19600,42.34000
2025-07-25 13:00:00,42.34000,42.39700,41.96900,42.00900
2025-07-25 14:00:00,42.00900,42.57600,41.82600,42.50100
2025-07-25 15:00:00,42.50500,42.73700,41.72400,42.08600
2025-07-25 16:00:00,42.08700,42.53900,42.01300,42.37500
2025-07-25 17:00:00,42.37500,42.84000,42.16200,42.76200
2025-07-25 18:00:00,42.76900,43.18300,42.73300,43.13500
2025-07-25 19:00:00,43.13500,43.32600,42.93800,43.02400
2025-07-25 20:00:00,43.02100,43.21100,42.78800,42.95400
2025-07-25 21:00:00,42.95400,43.18800,42.75200,43.17800
2025-07-25 22:00:00,43.17800,43.20800,42.17000,42.20400
2025-07-25 23:00:00,42.20500,42.61800,42.07600,42.41000
2025-07-26 00:00:00,42.40500,43.01000,42.23700,43.00700
2025-07-26 01:00:00,43.00600,43.20000,42.76600,42.88600
2025-07-26 02:00:00,42.88600,43.03300,42.82300,42.90700
2025-07-26 03:00:00,42.90600,43.08300,42.72700,42.79500
2025-07-26 04:00:00,42.79500,43.18800,42.58300,42.99600
2025-07-26 05:00:00,43.00200,43.64300,43.00200,43.64200
2025-07-26 06:00:00,43.64300,43.79100,43.45800,43.76400
2025-07-26 07:00:00,43.76400,44.19200,43.62600,44.12800
2025-07-26 08:00:00,44.12800,44.18600,43.73600,44.15000
2025-07-26 09:00:00,44.15000,44.27400,43.88300,43.88300
2025-07-26 10:00:00,43.88900,44.36700,43.88000,44.30700
2025-07-26 11:00:00,44.30600,44.56500,44.21300,44.23100
2025-07-26 12:00:00,44.23100,44.64400,44.17200,44.62000
2025-07-26 13:00:00,44.61900,44.86600,44.53600,44.73200
2025-07-26 14:00:00,44.73100,44.73100,44.36300,44.48200
2025-07-26 15:00:00,44.48200,44.56300,44.23000,44.28000
2025-07-26 16:00:00,44.28100,44.61100,44.27200,44.53400
2025-07-26 17:00:00,44.53400,44.75000,44.43400,44.59600
2025-07-26 18:00:00,44.59700,44.90600,44.52700,44.57400
2025-07-26 19:00:00,44.57100,44.63400,44.26500,44.31000
2025-07-26 20:00:00,44.31000,44.53700,44.25800,44.34900
2025-07-26 21:00:00,44.35000,44.57800,44.28000,44.34500
2025-07-26 22:00:00,44.34400,44.45100,44.11400,44.21600
2025-07-26 23:00:00,44.21200,44.35000,43.91200,44.17500
2025-07-27 00:00:00,44.17500,44.23100,43.62900,43.74800
2025-07-27 01:00:00,43.74800,43.85500,43.54900,43.78500
2025-07-27 02:00:00,43.78900,44.05200,43.66700,43.93600
2025-07-27 03:00:00,43.93700,44.14500,43.78600,43.92000
2025-07-27 04:00:00,43.91900,43.91900,43.69400,43.83900
2025-07-27 05:00:00,43.83600,44.08600,43.79300,44.05100
2025-07-27 06:00:00,44.05000,44.25600,43.71600,43.80000
2025-07-27 07:00:00,43.79800,43.85500,43.32700,43.36300
2025-07-27 08:00:00,43.36500,43.48800,43.06600,43.19800
2025-07-27 09:00:00,43.19800,43.42100,43.04300,43.34800
2025-07-27 10:00:00,43.34700,43.53200,43.20900,43.52800
2025-07-27 11:00:00,43.52800,43.55000,43.36200,43.45700
2025-07-27 12:00:00,43.45500,43.63700,43.42000,43.59700
2025-07-27 13:00:00,43.59600,43.78900,43.51000,43.55200
2025-07-27 14:00:00,43.55800,43.59600,43.34000,43.43300
2025-07-27 15:00:00,43.43200,43.49300,43.08100,43.14600
2025-07-27 16:00:00,43.14600,43.21800,43.00000,43.07500
2025-07-27 17:00:00,43.07600,43.18800,42.80100,42.82400
2025-07-27 18:00:00,42.82300,43.18300,42.80200,43.06400
2025-07-27 19:00:00,43.06400,43.15200,42.73700,42.77000
2025-07-27 20:00:00,42.77100,43.04300,42.67600,42.82300
2025-07-27 21:00:00,42.82200,42.89100,42.40200,42.77500
2025-07-27 22:00:00,42.76900,42.95800,42.59400,42.76300
2025-07-27 23:00:00,42.76300,43.13900,42.56500,43.06400
2025-07-28 00:00:00,43.06300,43.94100,43.06300,43.28400
2025-07-28 01:00:00,43.28300,43.65600,42.94000,43.64100
2025-07-28 02:00:00,43.64100,44.29100,43.62100,44.27600
2025-07-28 03:00:00,44.28400,44.33300,43.67700,43.70500
2025-07-28 04:00:00,43.70500,44.02200,43.54900,43.56200
2025-07-28 05:00:00,43.56800,43.83900,43.49100,43.78700
2025-07-28 06:00:00,43.78800,44.04300,43.69000,43.70400
2025-07-28 07:00:00,43.70600,43.80400,43.59700,43.64900
2025-07-28 08:00:00,43.65500,44.03700,43.60700,43.77900
2025-07-28 09:00:00,43.78000,43.89200,43.41400,43.58000
2025-07-28 10:00:00,43.57500,44.32800,43.53700,44.27600
2025-07-28 11:00:00,44.27600,44.35300,43.87200,44.34700
2025-07-28 12:00:00,44.34700,44.42300,44.02100,44.19800
2025-07-28 13:00:00,44.19800,44.69700,44.04000,44.65500
2025-07-28 14:00:00,44.65500,44.90500,44.58300,44.74000
2025-07-28 15:00:00,44.74100,44.76500,44.00400,44.19100
2025-07-28 16:00:00,44.19100,44.50900,44.13000,44.49000
2025-07-28 17:00:00,44.48700,44.55500,44.15700,44.33600
2025-07-28 18:00:00,44.33600,44.66100,44.28000,44.64400
2025-07-28 19:00:00,44.64400,44.71100,43.90100,44.28700
2025-07-28 20:00:00,44.29000,44.50000,44.03300,44.39000
2025-07-28 21:00:00,44.39100,45.77900,44.32600,45.23000
2025-07-28 22:00:00,45.23100,45.24800,43.89400,44.82200
2025-07-28 23:00:00,44.82100,45.39400,44.74300,45.10900
2025-07-29 00:00:00,45.10900,46.00000,45.05500,45.84300
2025-07-29 01:00:00,45.84500,46.09500,44.69900,44.75200
2025-07-29 02:00:00,44.75400,45.24000,44.70500,45.13800
2025-07-29 03:00:00,45.14100,45.51100,44.28700,44.95700
2025-07-29 04:00:00,44.96000,44.99800,43.41700,44.03600
2025-07-29 05:00:00,44.04100,44.18800,43.46500,43.76900
2025-07-29 06:00:00,43.76800,44.06200,42.63000,42.97600
2025-07-29 07:00:00,42.97900,43.75900,42.95600,43.74200
2025-07-29 08:00:00,43.74100,44.23100,43.45000,43.87800
2025-07-29 09:00:00,43.87800,44.13000,43.49500,43.49600
2025-07-29 10:00:00,43.49600,43.66100,43.03600,43.14600
2025-07-29 11:00:00,43.15000,44.16700,43.13900,44.16700
2025-07-29 12:00:00,44.16600,44.32500,43.81400,43.83900
2025-07-29 13:00:00,43.84100,44.12500,43.64200,44.10700
2025-07-29 14:00:00,44.10500,44.22800,43.77600,43.78000
2025-07-29 15:00:00,43.78100,44.61000,43.78100,44.59700
2025-07-29 16:00:00,44.59700,45.07300,44.51700,44.77500
2025-07-29 17:00:00,44.77600,45.15500,44.63300,44.97000
2025-07-29 18:00:00,44.96900,44.99400,44.02500,44.02600
2025-07-29 19:00:00,44.02700,45.01100,43.99800,44.74600
2025-07-29 20:00:00,44.74800,45.16300,44.68900,44.87700
2025-07-29 21:00:00,44.87700,45.29000,44.40800,44.60400
2025-07-29 22:00:00,44.60500,44.63200,42.44800,43.32900
2025-07-29 23:00:00,43.32600,43.71700,42.72300,43.22600
2025-07-30 00:00:00,43.22100,43.83800,42.91400,43.61700
2025-07-30 01:00:00,43.61700,44.11300,43.43400,43.72800
2025-07-30 02:00:00,43.73000,44.18800,43.55600,44.10200
2025-07-30 03:00:00,44.10200,44.34100,43.73100,43.91700
2025-07-30 04:00:00,43.91700,44.23700,43.04000,43.34000
2025-07-30 05:00:00,43.35000,43.36200,42.67000,43.24500
2025-07-30 06:00:00,43.24700,43.59600,42.85500,43.54400
2025-07-30 07:00:00,43.54800,43.65400,43.17400,43.48500
2025-07-30 08:00:00,43.48500,43.50600,42.80000,43.04600
2025-07-30 09:00:00,43.05100,43.23100,42.35000,43.12400
2025-07-30 10:00:00,43.11900,43.57200,43.02400,43.38700
2025-07-30 11:00:00,43.38600,43.59600,43.23900,43.30400
2025-07-30 12:00:00,43.30500,43.60900,42.89600,42.93700
2025-07-30 13:00:00,42.93800,43.33200,42.85300,43.20200
2025-07-30 14:00:00,43.20100,43.57600,43.06300,43.49000
2025-07-30 15:00:00,43.49800,43.72900,42.86900,42.95400
2025-07-30 16:00:00,42.94900,43.32700,42.76300,43.09600
2025-07-30 17:00:00,43.09600,43.18100,42.69700,42.95000
2025-07-30 18:00:00,42.94900,43.17200,42.69100,42.75600
2025-07-30 19:00:00,42.75700,42.92500,42.32200,42.66700
2025-07-30 20:00:00,42.66700,42.76000,42.18900,42.55700
2025-07-30 21:00:00,42.55700,42.79100,42.25300,42.69400
2025-07-30 22:00:00,42.69400,43.34600,42.64300,43.30800
2025-07-30 23:00:00,43.30700,43.33200,42.88300,42.99900
2025-07-31 00:00:00,42.99900,43.32400,42.82500,43.04400
2025-07-31 01:00:00,43.04500,43.21300,42.71800,42.84900
2025-07-31 02:00:00,42.84100,43.06800,41.66000,41.68400
2025-07-31 03:00:00,41.68300,42.34700,40.69000,42.26700
2025-07-31 04:00:00,42.27200,42.53700,42.17200,42.40200
2025-07-31 05:00:00,42.40100,42.46800,41.78200,42.21600
2025-07-31 06:00:00,42.21400,42.23500,41.70000,41.80500
2025-07-31 07:00:00,41.80400,42.29100,41.79500,42.22100
2025-07-31 08:00:00,42.22500,42.67600,42.03600,42.64500
2025-07-31 09:00:00,42.64600,42.72200,42.23700,42.57000
2025-07-31 10:00:00,42.56900,42.66400,42.31100,42.65400
2025-07-31 11:00:00,42.65400,43.07600,42.59700,43.05800
2025-07-31 12:00:00,43.06000,43.15800,42.81700,43.13100
2025-07-31 13:00:00,43.13000,43.36100,42.96700,43.25900
2025-07-31 14:00:00,43.25900,43.38100,43.01200,43.33200
2025-07-31 15:00:00,43.33200,43.55000,43.27100,43.38000
2025-07-31 16:00:00,43.38000,43.78000,43.38000,43.78000
2025-07-31 17:00:00,43.78000,43.99000,43.66000,43.97600
2025-07-31 18:00:00,43.97600,44.11600,43.80000,43.85200
2025-07-31 19:00:00,43.85300,43.98500,43.40200,43.51900
2025-07-31 20:00:00,43.51900,44.43000,43.51700,44.15200
2025-07-31 21:00:00,44.15100,44.18500,43.60600,44.01600
2025-07-31 22:00:00,44.01200,44.16200,43.25300,43.69100
2025-07-31 23:00:00,43.69600,44.07900,43.65700,43.69200
2025-08-01 00:00:00,43.69200,44.72100,43.63500,44.48900
2025-08-01 01:00:00,44.48900,44.50700,43.02100,43.06200
2025-08-01 02:00:00,43.06700,43.10700,42.53900,42.76700
2025-08-01 03:00:00,42.77400,42.82900,41.60800,41.61500
2025-08-01 04:00:00,41.61500,41.89700,41.08000,41.29700
2025-08-01 05:00:00,41.29000,41.63600,40.96000,41.24600
2025-08-01 06:00:00,41.24700,41.59500,40.98600,41.09200
2025-08-01 07:00:00,41.09300,41.50700,40.64000,40.82600
2025-08-01 08:00:00,40.82400,41.30700,40.31100,41.23400
2025-08-01 09:00:00,41.23400,41.46500,40.68900,41.19800
2025-08-01 10:00:00,41.19600,41.63500,40.99900,41.37800
2025-08-01 11:00:00,41.37700,41.57000,41.12700,41.17300
2025-08-01 12:00:00,41.17200,41.17300,40.41100,40.44100
2025-08-01 13:00:00,40.43800,40.78000,40.05200,40.45200
2025-08-01 14:00:00,40.45300,40.51100,39.59200,39.91800
2025-08-01 15:00:00,39.91600,40.27000,39.52500,40.00100
2025-08-01 16:00:00,40.00100,40.02100,39.20400,39.49700
2025-08-01 17:00:00,39.49500,39.96400,39.41500,39.48300
2025-08-01 18:00:00,39.48300,39.78200,39.43500,39.67500
2025-08-01 19:00:00,39.67600,40.12700,39.36400,40.05300
2025-08-01 20:00:00,40.05300,40.41400,39.79300,39.89100
2025-08-01 21:00:00,39.88700,40.12300,38.00200,38.40000
2025-08-01 22:00:00,38.40100,39.71100,38.22400,39.53800
2025-08-01 23:00:00,39.53500,39.57900,38.71300,39.14700
2025-08-02 00:00:00,39.14600,39.54500,38.42900,38.50300
2025-08-02 01:00:00,38.50300,38.62900,38.17200,38.32000
2025-08-02 02:00:00,38.31900,38.34500,37.22400,37.64200
2025-08-02 03:00:00,37.64300,37.75000,37.06000,37.36400
2025-08-02 04:00:00,37.36800,37.86900,37.05400,37.63600
2025-08-02 05:00:00,37.63800,37.96100,37.45200,37.53600
2025-08-02 06:00:00,37.54000,37.58800,36.32300,37.04200
2025-08-02 07:00:00,37.04600,37.64000,36.89600,37.61300
2025-08-02 08:00:00,37.61500,37.99700,37.52700,37.90500
2025-08-02 09:00:00,37.90100,38.01300,37.60600,37.82500
2025-08-02 10:00:00,37.82500,38.11300,37.71300,38.08800
2025-08-02 11:00:00,38.08900,38.19900,37.90000,38.06800
2025-08-02 12:00:00,38.06800,38.23700,37.97200,38.11100
2025-08-02 13:00:00,38.11000,38.30700,37.96000,38.28600
2025-08-02 14:00:00,38.28600,38.31800,37.52800,37.74900
2025-08-02 15:00:00,37.74800,38.48400,37.63600,38.46500
2025-08-02 16:00:00,38.46500,38.72900,38.26300,38.48000
2025-08-02 17:00:00,38.47900,38.59400,38.15800,38.56600
2025-08-02 18:00:00,38.56500,38.59200,38.04700,38.16500
2025-08-02 19:00:00,38.16400,38.40800,37.95100,38.37100
2025-08-02 20:00:00,38.37700,38.42300,37.98800,38.15600
2025-08-02 21:00:00,38.15500,38.18400,37.58700,37.98400
2025-08-02 22:00:00,37.98800,38.09700,37.28600,37.57400
2025-08-02 23:00:00,37.57300,38.03000,37.14700,37.18200
2025-08-03 00:00:00,37.18600,37.66100,36.88400,37.19700
2025-08-03 01:00:00,37.19600,37.61900,36.46400,36.55200
2025-08-03 02:00:00,36.55400,36.71100,35.49300,35.68700
2025-08-03 03:00:00,35.68700,36.75000,35.67600,36.09700
2025-08-03 04:00:00,36.09800,36.95600,36.07900,36.95600
2025-08-03 05:00:00,36.95600,37.39300,36.85000,37.15300
2025-08-03 06:00:00,37.15300,37.49200,36.90800,37.35800
2025-08-03 07:00:00,37.35600,37.37900,36.77500,36.89600
2025-08-03 08:00:00,36.89800,37.04100,36.41500,36.89500
2025-08-03 09:00:00,36.89600,37.03800,36.49600,36.66900
2025-08-03 10:00:00,36.66900,37.65600,36.66800,37.60000
2025-08-03 11:00:00,37.60500,37.83500,37.35700,37.70900
2025-08-03 12:00:00,37.70900,37.85200,37.47000,37.83800
2025-08-03 13:00:00,37.84000,37.90300,37.66200,37.82600
2025-08-03 14:00:00,37.82600,38.16100,37.65000,38.13600
2025-08-03 15:00:00,38.13500,38.44700,38.00100,38.36100
2025-08-03 16:00:00,38.35900,38.49300,38.19000,38.48500
2025-08-03 17:00:00,38.48600,38.62600,38.36600,38.60700
2025-08-03 18:00:00,38.60800,39.29900,38.60000,38.96100
2025-08-03 19:00:00,38.96100,39.26000,38.49300,38.54400
2025-08-03 20:00:00,38.54400,38.56900,37.83000,38.06300
2025-08-03 21:00:00,38.06300,38.36600,37.79400,38.06000
2025-08-03 22:00:00,38.06300,38.16200,37.61400,37.80500
2025-08-03 23:00:00,37.80400,38.05400,37.52000,37.95300
2025-08-04 00:00:00,37.95400,38.32000,37.76200,38.31800
2025-08-04 01:00:00,38.31500,38.45200,38.13700,38.43000
2025-08-04 02:00:00,38.42900,38.49500,38.31000,38.41200
2025-08-04 03:00:00,38.41200,38.67600,38.25700,38.41400
2025-08-04 04:00:00,38.41600,38.47600,38.13500,38.40900
2025-08-04 05:00:00,38.40900,38.67000,38.20200,38.34400
2025-08-04 06:00:00,38.34400,38.47600,38.05100,38.23300
2025-08-04 07:00:00,38.23300,38.47000,38.14700,38.18000
2025-08-04 08:00:00,38.18000,39.03700,38.03200,38.98700
2025-08-04 09:00:00,38.98600,38.98600,38.52000,38.60200
2025-08-04 10:00:00,38.60200,38.77400,38.28700,38.75200
2025-08-04 11:00:00,38.74900,38.76900,38.24500,38.26600
2025-08-04 12:00:00,38.26500,38.43500,37.70600,37.77600
2025-08-04 13:00:00,37.77700,37.89700,37.55400,37.86200
2025-08-04 14:00:00,37.86000,37.98200,37.66900,37.96400
2025-08-04 15:00:00,37.96200,38.47600,37.95400,38.33800
2025-08-04 16:00:00,38.33800,38.49800,37.96400,38.04600
2025-08-04 17:00:00,38.04800,38.28600,37.55400,37.63400
2025-08-04 18:00:00,37.63500,37.75300,37.36000,37.50200
2025-08-04 19:00:00,37.50400,37.60100,37.24800,37.56900
2025-08-04 20:00:00,37.56900,37.91800,37.50000,37.85900
2025-08-04 21:00:00,37.85900,38.54900,37.64800,38.53200
2025-08-04 22:00:00,38.53200,38.97700,38.17000,38.34700
2025-08-04 23:00:00,38.34900,38.50100,37.95200,38.36200
2025-08-05 00:00:00,38.36300,38.93800,38.31900,38.90700
2025-08-05 01:00:00,38.90700,39.46200,38.45300,38.53600
2025-08-05 02:00:00,38.53500,38.78700,37.98400,38.02400
2025-08-05 03:00:00,38.02400,38.17900,37.60400,37.66800
2025-08-05 04:00:00,37.66900,38.31400,37.52200,38.01700
2025-08-05 05:00:00,38.01700,38.76200,38.00700,38.71100
2025-08-05 06:00:00,38.71400,39.04800,38.67400,39.03100
2025-08-05 07:00:00,39.03000,39.04400,38.65800,38.80400
2025-08-05 08:00:00,38.80300,38.88100,38.38900,38.80900
2025-08-05 09:00:00,38.80900,38.98900,38.58400,38.64200
2025-08-05 10:00:00,38.64300,38.82200,38.33800,38.80100
2025-08-05 11:00:00,38.80300,39.05600,38.33000,38.43800
2025-08-05 12:00:00,38.43800,38.70700,38.01300,38.28200
2025-08-05 13:00:00,38.28000,38.85600,38.23600,38.83400
2025-08-05 14:00:00,38.83400,39.26400,38.59200,38.71400
2025-08-05 15:00:00,38.70800,38.94400,38.19300,38.26500
2025-08-05 16:00:00,38.26400,38.39300,38.03100,38.25300
2025-08-05 17:00:00,38.25100,39.43800,38.22200,39.39200
2025-08-05 18:00:00,39.39200,39.70400,39.06500,39.10400
2025-08-05 19:00:00,39.10400,39.70500,38.98500,39.69200
2025-08-05 20:00:00,39.69000,39.79600,38.94200,39.22800
2025-08-05 21:00:00,39.22900,39.86800,38.94100,39.82200
2025-08-05 22:00:00,39.82800,39.86800,38.47500,38.91700
2025-08-05 23:00:00,38.91900,39.30100,38.08800,38.10800
2025-08-06 00:00:00,38.10700,38.55900,37.96300,38.47400
2025-08-06 01:00:00,38.47500,38.92900,38.29800,38.77000
2025-08-06 02:00:00,38.77200,38.93800,38.49800,38.60000
2025-08-06 03:00:00,38.59700,38.77700,37.72400,38.06900
2025-08-06 04:00:00,38.06900,38.39700,37.75900,37.86200
2025-08-06 05:00:00,37.86500,38.27200,37.71400,37.71600
2025-08-06 06:00:00,37.71800,38.28200,37.37200,38.24700
2025-08-06 07:00:00,38.24900,38.62100,38.24900,38.49700
2025-08-06 08:00:00,38.49700,38.56800,37.92100,37.95500
2025-08-06 09:00:00,37.95200,37.95200,37.20000,37.57000
2025-08-06 10:00:00,37.56900,37.69200,37.25700,37.29100
2025-08-06 11:00:00,37.29100,37.44000,37.03700,37.25400
2025-08-06 12:00:00,37.25300,37.33600,37.01000,37.01700
2025-08-06 13:00:00,37.01700,37.63300,36.85500,37.29900
2025-08-06 14:00:00,37.30000,37.61300,37.15700,37.48900
2025-08-06 15:00:00,37.49000,37.83800,37.34800,37.83100
2025-08-06 16:00:00,37.83100,37.85200,37.32000,37.47100
2025-08-06 17:00:00,37.47100,37.77200,37.33900,37.38800
2025-08-06 18:00:00,37.38800,37.51200,37.15400,37.22900
2025-08-06 19:00:00,37.23100,37.63600,37.17100,37.47900
2025-08-06 20:00:00,37.47900,37.66400,37.27700,37.53200
2025-08-06 21:00:00,37.53500,38.01000,37.47800,37.99600
2025-08-06 22:00:00,37.99400,38.47800,37.84800,38.47500
2025-08-06 23:00:00,38.47500,38.86700,38.11300,38.80200
2025-08-07 00:00:00,38.80000,38.82200,38.28000,38.70400
2025-08-07 01:00:00,38.69700,39.04700,38.65000,38.83900
2025-08-07 02:00:00,38.84000,39.25800,38.31000,38.60000
2025-08-07 03:00:00,38.60000,38.63700,38.22400,38.37200
2025-08-07 04:00:00,38.36900,38.39300,38.09300,38.16300
2025-08-07 05:00:00,38.16300,38.29200,37.89200,38.09300
2025-08-07 06:00:00,38.09400,38.23400,38.01000,38.07100
2025-08-07 07:00:00,38.07700,38.10000,37.94200,38.07900
2025-08-07 08:00:00,38.07700,38.14200,37.92000,37.92000
2025-08-07 09:00:00,37.92100,38.23400,37.91700,37.93600
2025-08-07 10:00:00,37.93500,38.10000,37.82500,37.91300
2025-08-07 11:00:00,37.90900,37.96100,37.57700,37.68000
2025-08-07 12:00:00,37.68000,37.84400,37.66400,37.74200
2025-08-07 13:00:00,37.74200,38.07600,37.73500,38.07400
2025-08-07 14:00:00,38.07400,38.20000,37.98000,38.06900
2025-08-07 15:00:00,38.06900,38.21200,37.84600,37.94000
2025-08-07 16:00:00,37.94000,38.34400,37.90900,37.95400
2025-08-07 17:00:00,37.95500,38.05000,37.80900,38.03800
2025-08-07 18:00:00,38.03500,39.11600,37.99000,39.06700
2025-08-07 19:00:00,39.06800,39.43000,39.00900,39.18300
2025-08-07 20:00:00,39.18300,39.33900,38.79100,38.97000
2025-08-07 21:00:00,38.97000,39.42700,38.95100,39.42200
2025-08-07 22:00:00,39.42000,39.62600,39.08800,39.55900
2025-08-07 23:00:00,39.55900,39.63400,39.29000,39.55000
2025-08-08 00:00:00,39.54800,39.68600,38.63400,39.20000
2025-08-08 01:00:00,39.20100,39.50400,38.99900,39.17500
2025-08-08 02:00:00,39.17600,39.27400,38.82200,39.22200
2025-08-08 03:00:00,39.22200,39.88500,39.22200,39.87000
2025-08-08 04:00:00,39.87000,40.24300,39.59700,40.01200
2025-08-08 05:00:00,40.01400,40.43800,39.95500,40.21300
2025-08-08 06:00:00,40.21400,40.70400,40.10800,40.69200
2025-08-08 07:00:00,40.68800,40.98300,40.56100,40.89700
2025-08-08 08:00:00,40.89700,41.20500,40.51800,40.70600
2025-08-08 09:00:00,40.70700,40.98600,40.55300,40.64000
2025-08-08 10:00:00,40.64000,41.01200,40.36900,40.94800
2025-08-08 11:00:00,40.94600,41.14000,40.73800,40.85700
2025-08-08 12:00:00,40.85600,41.24300,40.65200,40.81700
2025-08-08 13:00:00,40.81700,40.89700,40.29600,40.30900
2025-08-08 14:00:00,40.30900,40.52800,40.11000,40.52200
2025-08-08 15:00:00,40.52200,40.79500,40.31100,40.76600
2025-08-08 16:00:00,40.76600,40.96500,40.52000,40.62400
2025-08-08 17:00:00,40.62200,40.84500,40.44300,40.82100
2025-08-08 18:00:00,40.82100,41.03300,40.71600,40.99800
2025-08-08 19:00:00,40.99900,41.50500,40.91700,41.43600
2025-08-08 20:00:00,41.43500,41.46300,41.02100,41.18300
2025-08-08 21:00:00,41.18100,41.70800,41.12900,41.51000
2025-08-08 22:00:00,41.50900,41.75600,40.82300,41.03200
2025-08-08 23:00:00,41.03900,41.04800,40.48600,40.58900
2025-08-09 00:00:00,40.59000,40.80700,40.25700,40.47500
2025-08-09 01:00:00,40.47600,41.39000,40.46200,41.37700
2025-08-09 02:00:00,41.38000,41.66900,40.75800,41.02800
2025-08-09 03:00:00,41.03000,41.17600,40.61100,40.69000
2025-08-09 04:00:00,40.69300,41.09600,40.60000,41.01900
2025-08-09 05:00:00,41.01600,41.13500,40.85200,41.05600
2025-08-09 06:00:00,41.05400,41.22000,40.90800,41.16800
2025-08-09 07:00:00,41.16800,41.25200,40.94400,40.99200
2025-08-09 08:00:00,40.99200,41.04700,40.55500,40.61600
2025-08-09 09:00:00,40.61100,41.02500,40.54600,41.01400
2025-08-09 10:00:00,41.01400,41.23000,40.95100,41.12100
2025-08-09 11:00:00,41.12100,41.23900,40.81400,40.96200
2025-08-09 12:00:00,40.95900,41.24900,40.86300,41.23700
2025-08-09 13:00:00,41.24100,41.99500,41.19300,41.80100
2025-08-09 14:00:00,41.80100,41.90700,41.32700,41.89500
2025-08-09 15:00:00,41.89400,42.65400,41.82600,42.65000
2025-08-09 16:00:00,42.64900,43.38400,42.63500,43.08700
2025-08-09 17:00:00,43.08600,43.47900,42.75800,43.44900
2025-08-09 18:00:00,43.44900,43.77100,43.27100,43.40600
2025-08-09 19:00:00,43.40500,43.71400,43.24000,43.32300
2025-08-09 20:00:00,43.32400,43.97900,43.12100,43.82500
2025-08-09 21:00:00,43.82600,43.93100,43.46700,43.63200
2025-08-09 22:00:00,43.63000,43.99300,43.28100,43.85300
2025-08-09 23:00:00,43.85300,44.07100,43.59200,43.63400
2025-08-10 00:00:00,43.63300,43.89000,43.37100,43.80800
2025-08-10 01:00:00,43.80700,44.12100,43.48100,43.57700
2025-08-10 02:00:00,43.57500,43.88600,43.50400,43.71900
2025-08-10 03:00:00,43.71900,44.04600,43.59300,43.89400
2025-08-10 04:00:00,43.89300,44.47900,43.84000,44.45700
2025-08-10 05:00:00,44.45600,44.74100,43.89100,44.26900
2025-08-10 06:00:00,44.26900,44.46900,43.95400,44.07100
2025-08-10 07:00:00,44.07000,44.15800,43.62200,43.66600
2025-08-10 08:00:00,43.66600,44.03700,43.63600,44.01100
2025-08-10 09:00:00,44.01000,44.08500,43.73200,43.90700
2025-08-10 10:00:00,43.90800,44.15300,43.84700,44.00800
2025-08-10 11:00:00,44.01400,44.54700,43.94400,44.25500
2025-08-10 12:00:00,44.25600,44.49400,44.09300,44.46600
2025-08-10 13:00:00,44.46100,44.47600,43.59800,43.82000
2025-08-10 14:00:00,43.82000,43.87200,43.31200,43.68000
2025-08-10 15:00:00,43.68100,43.83200,43.15400,43.17700
2025-08-10 16:00:00,43.17700,43.56800,42.81300,43.37300
2025-08-10 17:00:00,43.37300,43.77700,43.37300,43.70800
2025-08-10 18:00:00,43.70900,43.76400,43.17200,43.31900
2025-08-10 19:00:00,43.32000,43.88600,43.17800,43.71300
2025-08-10 20:00:00,43.71500,43.91800,43.51600,43.80900
2025-08-10 21:00:00,43.81000,43.99700,43.48900,43.53300
2025-08-10 22:00:00,43.53000,44.35800,43.40200,44.32500
2025-08-10 23:00:00,44.32500,45.12400,44.25800,45.03700
2025-08-11 00:00:00,45.03700,45.09400,44.73300,45.07400
2025-08-11 01:00:00,45.07200,45.27000,44.71100,45.19600
2025-08-11 02:00:00,45.19400,45.36000,44.97500,45.26700
2025-08-11 03:00:00,45.26300,45.44600,45.19300,45.33500
2025-08-11 04:00:00,45.33000,45.36000,44.95900,44.97600
2025-08-11 05:00:00,44.97700,45.21400,44.50900,45.06100
2025-08-11 06:00:00,45.06100,45.25200,44.78100,45.24800
2025-08-11 07:00:00,45.25000,45.28500,44.81700,45.26900
2025-08-11 08:00:00,45.27000,45.48300,45.11300,45.36600
2025-08-11 09:00:00,45.36500,46.13900,45.21900,46.10400
2025-08-11 10:00:00,46.10400,46.41400,45.88500,46.15600
2025-08-11 11:00:00,46.15500,46.22300,45.76400,45.95700
2025-08-11 12:00:00,45.95700,46.45800,45.95700,46.28300
2025-08-11 13:00:00,46.28600,46.60300,46.17600,46.53400
2025-08-11 14:00:00,46.53400,46.76700,46.34400,46.74000
2025-08-11 15:00:00,46.74100,46.79900,45.96200,46.07600
2025-08-11 16:00:00,46.07500,46.26500,45.89000,46.24100
2025-08-11 17:00:00,46.24100,46.28500,45.78200,45.86600
2025-08-11 18:00:00,45.87100,46.06000,45.62700,45.72000
2025-08-11 19:00:00,45.72100,45.76900,44.58100,44.81300
2025-08-11 20:00:00,44.81300,44.87400,44.32600,44.42900
2025-08-11 21:00:00,44.43200,44.94400,43.84500,44.69900
2025-08-11 22:00:00,44.70000,45.14000,44.38700,44.39500
2025-08-11 23:00:00,44.39600,44.78300,44.13000,44.76400
2025-08-12 00:00:00,44.76400,44.95800,44.29900,44.44500
2025-08-12 01:00:00,44.44300,44.55500,43.67400,43.73700
2025-08-12 02:00:00,43.73700,43.97000,43.45300,43.96400
2025-08-12 03:00:00,43.96400,44.19500,43.48600,43.73800
2025-08-12 04:00:00,43.73700,43.90400,43.40000,43.77900
2025-08-12 05:00:00,43.77700,44.07700,43.00500,43.23000
2025-08-12 06:00:00,43.23000,43.26800,42.57800,43.18700
2025-08-12 07:00:00,43.19300,43.41700,43.01000,43.16700
2025-08-12 08:00:00,43.16700,43.46200,43.01400,43.39300
2025-08-12 09:00:00,43.39200,43.70300,43.19300,43.67000
2025-08-12 10:00:00,43.67000,43.98200,43.43300,43.69500
2025-08-12 11:00:00,43.69500,43.80900,43.22100,43.28400
2025-08-12 12:00:00,43.28400,43.74400,43.22400,43.54900
2025-08-12 13:00:00,43.55000,43.55000,42.82100,43.11900
2025-08-12 14:00:00,43.11800,43.29800,42.80000,43.05700
2025-08-12 15:00:00,43.05700,43.46100,43.05700,43.34400
2025-08-12 16:00:00,43.34400,43.43700,43.04900,43.22200
2025-08-12 17:00:00,43.22200,43.34700,42.73500,42.75000
2025-08-12 18:00:00,42.74900,42.86700,42.35600,42.48700
2025-08-12 19:00:00,42.48800,42.78900,42.15300,42.75900
2025-08-12 20:00:00,42.75700,44.52900,42.37700,44.27400
2025-08-12 21:00:00,44.27400,44.31300,42.82300,43.22600
2025-08-12 22:00:00,43.22800,43.66400,43.09600,43.51000
2025-08-12 23:00:00,43.50900,44.47600,43.46400,44.46800
2025-08-13 00:00:00,44.46000,44.64400,44.05900,44.43400
2025-08-13 01:00:00,44.43500,44.87000,44.02600,44.09600
2025-08-13 02:00:00,44.10000,44.61100,43.63000,43.79300
2025-08-13 03:00:00,43.79700,44.48900,43.79700,44.35100
2025-08-13 04:00:00,44.35600,45.05000,44.16000,44.90400
2025-08-13 05:00:00,44.90300,45.87000,44.87600,45.53300
2025-08-13 06:00:00,45.53400,45.57600,44.77000,45.03000
2025-08-13 07:00:00,45.03000,45.42000,44.70400,44.72500
2025-08-13 08:00:00,44.72600,45.06800,44.66400,44.82000
2025-08-13 09:00:00,44.81700,44.85200,43.80100,43.97900
2025-08-13 10:00:00,43.97900,44.79900,43.81600,44.77700
2025-08-13 11:00:00,44.77600,44.88000,44.41100,44.52500
2025-08-13 12:00:00,44.52600,44.65000,43.70800,43.82500
2025-08-13 13:00:00,43.82000,43.89900,43.29300,43.43100
2025-08-13 14:00:00,43.43200,43.60900,43.00200,43.47300
2025-08-13 15:00:00,43.47300,44.29200,43.40800,44.17000
2025-08-13 16:00:00,44.16900,44.77600,43.96200,44.76900
2025-08-13 17:00:00,44.76900,45.39800,44.62800,45.03000
2025-08-13 18:00:00,45.03000,46.05000,44.72100,46.03200
2025-08-13 19:00:00,46.03600,46.60000,45.91700,46.53600
2025-08-13 20:00:00,46.53600,46.87200,45.92100,45.95500
2025-08-13 21:00:00,45.95900,47.02000,45.93600,46.81000
2025-08-13 22:00:00,46.80900,47.00000,45.52000,45.68800
2025-08-13 23:00:00,45.68800,45.89000,45.00700,45.36600
2025-08-14 00:00:00,45.36700,46.40100,45.29400,46.38000
2025-08-14 01:00:00,46.38300,47.47600,46.21100,47.30300
2025-08-14 02:00:00,47.30200,47.49700,46.63000,47.02000
2025-08-14 03:00:00,47.02300,47.95700,46.78300,47.84800
2025-08-14 04:00:00,47.84300,48.02100,46.63200,46.72900
2025-08-14 05:00:00,46.72500,47.31200,46.32300,46.61600
2025-08-14 06:00:00,46.61400,47.60300,46.53400,47.06000
2025-08-14 07:00:00,47.05700,47.88900,47.04600,47.63100
2025-08-14 08:00:00,47.62800,48.06800,47.33100,47.46100
2025-08-14 09:00:00,47.46400,47.70800,47.15900,47.33800
2025-08-14 10:00:00,47.33700,47.93800,47.09600,47.84500
2025-08-14 11:00:00,47.84500,48.74600,47.69800,48.54500
2025-08-14 12:00:00,48.54500,48.88000,47.79100,47.80100
2025-08-14 13:00:00,47.80000,48.14200,47.52100,47.63600
2025-08-14 14:00:00,47.63500,47.65100,46.49200,47.47400
2025-08-14 15:00:00,47.47000,47.59600,46.63600,46.85200
2025-08-14 16:00:00,46.85200,46.91600,46.28300,46.40700
2025-08-14 17:00:00,46.40900,47.21800,46.00000,47.18200
2025-08-14 18:00:00,47.18200,47.33000,46.35600,46.78500
2025-08-14 19:00:00,46.78500,47.27000,46.70300,47.15800
2025-08-14 20:00:00,47.15200,47.40200,43.75000,44.99500
2025-08-14 21:00:00,44.99800,46.35100,43.62700,45.97800
2025-08-14 22:00:00,45.97800,46.65800,45.40400,46.03000
2025-08-14 23:00:00,46.02600,46.12700,44.51100,44.71300
2025-08-15 00:00:00,44.71200,45.02900,44.08600,44.82700
2025-08-15 01:00:00,44.83200,45.58600,44.44900,45.31500
2025-08-15 02:00:00,45.31500,45.75600,44.60200,45.67000
2025-08-15 03:00:00,45.67600,46.49000,45.58600,45.67600
2025-08-15 04:00:00,45.66300,46.38600,45.51400,46.07600
2025-08-15 05:00:00,46.07600,46.07600,44.14600,44.80500
2025-08-15 06:00:00,44.80500,45.24100,44.65300,45.03800
2025-08-15 07:00:00,45.03800,45.76300,44.97000,45.44200
2025-08-15 08:00:00,45.44100,46.46600,45.30900,45.87900
2025-08-15 09:00:00,45.87600,47.25500,45.75100,47.16400
2025-08-15 10:00:00,47.16300,48.76400,46.84200,48.63400
2025-08-15 11:00:00,48.63600,49.54200,48.40200,49.50700
2025-08-15 12:00:00,49.50700,49.56400,48.45000,48.63500
2025-08-15 13:00:00,48.63300,48.81000,48.04600,48.48400
2025-08-15 14:00:00,48.48400,48.90600,48.30100,48.51900
2025-08-15 15:00:00,48.51100,48.82700,47.96000,48.33900
2025-08-15 16:00:00,48.33900,49.15000,48.26400,48.99800
2025-08-15 17:00:00,48.99700,49.05200,48.01600,48.22900
2025-08-15 18:00:00,48.23500,48.70000,48.16200,48.34200
2025-08-15 19:00:00,48.34200,48.75400,48.04000,48.30600
2025-08-15 20:00:00,48.30700,48.59000,47.76600,48.46800
2025-08-15 21:00:00,48.46600,48.69300,47.48100,47.63500
2025-08-15 22:00:00,47.63100,48.15300,46.23800,46.56100
2025-08-15 23:00:00,46.56200,46.96900,45.59800,46.30200
2025-08-16 00:00:00,46.30300,47.11300,45.90700,46.81000
2025-08-16 01:00:00,46.81100,47.20000,46.22400,46.76000
2025-08-16 02:00:00,46.76200,46.90600,45.91900,46.11000
2025-08-16 03:00:00,46.11400,46.54600,45.94400,46.19500
2025-08-16 04:00:00,46.19500,47.26400,45.99700,47.02000
2025-08-16 05:00:00,47.03200,47.81200,46.73600,47.80300
2025-08-16 06:00:00,47.79100,48.47400,47.61200,48.43800
2025-08-16 07:00:00,48.43800,48.55900,47.47600,47.79500
2025-08-16 08:00:00,47.79500,48.27800,47.62700,47.79600
2025-08-16 09:00:00,47.80400,48.12000,47.57100,48.12000
2025-08-16 10:00:00,48.12000,48.22200,47.86500,47.87800
2025-08-16 11:00:00,47.87200,48.26400,47.76600,47.83600
2025-08-16 12:00:00,47.83600,48.01700,47.60300,47.77100
2025-08-16 13:00:00,47.77100,47.80100,47.03200,47.11300
2025-08-16 14:00:00,47.12000,47.28600,46.95000,46.96300
2025-08-16 15:00:00,46.96600,47.48600,46.85600,47.27100
2025-08-16 16:00:00,47.27100,47.53200,47.06300,47.20900
2025-08-16 17:00:00,47.20900,47.36600,46.63100,46.68600
2025-08-16 18:00:00,46.68200,46.86000,46.49200,46.61000
2025-08-16 19:00:00,46.61100,46.97500,46.38100,46.40000
2025-08-16 20:00:00,46.40000,46.90000,46.13900,46.88800
2025-08-16 21:00:00,46.88700,47.13300,46.55000,46.57600
2025-08-16 22:00:00,46.57600,46.94000,46.43300,46.89700
2025-08-16 23:00:00,46.89600,46.95900,46.47200,46.53800
2025-08-17 00:00:00,46.53900,46.82000,46.50700,46.80200
2025-08-17 01:00:00,46.80300,46.81300,46.54800,46.80900
2025-08-17 02:00:00,46.80900,46.80900,46.40300,46.79700
2025-08-17 03:00:00,46.79800,47.15900,46.68700,46.76300
2025-08-17 04:00:00,46.76400,46.99100,46.63500,46.89800
2025-08-17 05:00:00,46.89800,46.90500,46.57000,46.60900
2025-08-17 06:00:00,46.60500,46.88500,46.54600,46.71000
2025-08-17 07:00:00,46.71100,46.72400,46.14800,46.29600
2025-08-17 08:00:00,46.29600,46.45400,45.84500,45.93200
2025-08-17 09:00:00,45.93300,46.17100,45.78800,46.16200
2025-08-17 10:00:00,46.16100,46.54700,45.94100,46.51400
2025-08-17 11:00:00,46.51500,46.72900,46.31900,46.62000
2025-08-17 12:00:00,46.62000,47.12100,46.58400,47.09400
2025-08-17 13:00:00,47.08900,47.24000,46.92000,47.00000
2025-08-17 14:00:00,47.00200,47.21400,46.70700,46.71400
2025-08-17 15:00:00,46.71700,47.30700,46.68000,47.30200
2025-08-17 16:00:00,47.30200,47.77100,47.21700,47.69200
2025-08-17 17:00:00,47.69000,47.78600,47.40000,47.75600
2025-08-17 18:00:00,47.75400,47.75400,47.25200,47.53100
2025-08-17 19:00:00,47.53000,47.63200,47.15100,47.62600
2025-08-17 20:00:00,47.62400,47.69600,47.02700,47.10000
2025-08-17 21:00:00,47.10000,47.21600,46.75200,46.96300
2025-08-17 22:00:00,46.96700,47.08400,46.75200,46.97200
2025-08-17 23:00:00,46.96800,47.16400,46.76400,47.10500
2025-08-18 00:00:00,47.10600,47.20700,46.46000,46.62900
2025-08-18 01:00:00,46.63100,46.78500,46.44300,46.67300
2025-08-18 02:00:00,46.67400,46.78800,46.33600,46.59600
2025-08-18 03:00:00,46.60000,46.73900,46.07700,46.13100
2025-08-18 04:00:00,46.13100,46.39200,46.05200,46.15300
2025-08-18 05:00:00,46.15400,46.52100,46.11700,46.37900
2025-08-18 06:00:00,46.37900,46.81600,46.32900,46.63900
2025-08-18 07:00:00,46.63800,46.67600,46.00400,46.04000
2025-08-18 08:00:00,46.04100,46.17200,45.66700,45.83000
2025-08-18 09:00:00,45.82800,45.88400,45.06300,45.17300
2025-08-18 10:00:00,45.17000,45.21300,44.32800,44.46500
2025-08-18 11:00:00,44.46400,44.80200,43.89200,44.15300
2025-08-18 12:00:00,44.15000,44.38300,43.81500,44.15900
2025-08-18 13:00:00,44.15900,44.26500,43.40000,43.84300
2025-08-18 14:00:00,43.84400,43.85500,43.00000,43.51400
2025-08-18 15:00:00,43.51300,43.79700,43.41500,43.57100
2025-08-18 16:00:00,43.57100,44.02500,43.51200,43.56000
2025-08-18 17:00:00,43.56000,43.57500,43.11100,43.21600
2025-08-18 18:00:00,43.21700,43.49800,43.02500,43.32600
2025-08-18 19:00:00,43.33100,43.33900,43.00000,43.10200
2025-08-18 20:00:00,43.10200,43.78500,42.94000,43.77200
2025-08-18 21:00:00,43.77500,43.86400,43.12500,43.14000
2025-08-18 22:00:00,43.14300,43.82700,43.11000,43.81600
2025-08-18 23:00:00,43.81500,44.21700,43.49600,44.20300
2025-08-19 00:00:00,44.20300,44.51600,43.81000,44.05500
2025-08-19 01:00:00,44.05500,44.75700,44.02600,44.17300
2025-08-19 02:00:00,44.17200,44.39500,43.80700,44.09900
2025-08-19 03:00:00,44.09900,44.17600,43.53500,43.58000
2025-08-19 04:00:00,43.57900,43.79900,43.36100,43.59200
2025-08-19 05:00:00,43.59100,43.93900,43.45000,43.80700
2025-08-19 06:00:00,43.81100,44.30200,43.79800,43.84500
2025-08-19 07:00:00,43.84900,44.00600,43.02200,43.32100
2025-08-19 08:00:00,43.32100,43.46600,42.60400,43.32000
2025-08-19 09:00:00,43.31600,43.54700,42.55400,42.64200
2025-08-19 10:00:00,42.64300,42.88500,42.43500,42.46700
2025-08-19 11:00:00,42.46800,42.50300,41.77400,42.09000
2025-08-19 12:00:00,42.08600,42.28500,41.59200,42.25900
2025-08-19 13:00:00,42.25900,42.37800,42.10500,42.13500
2025-08-19 14:00:00,42.13500,42.29900,41.99000,42.14400
2025-08-19 15:00:00,42.14500,42.17900,41.70300,42.05000
2025-08-19 16:00:00,42.04900,42.39300,41.84300,42.29300
2025-08-19 17:00:00,42.29500,42.79700,42.27300,42.60300
2025-08-19 18:00:00,42.60400,43.34100,42.55300,43.24000
2025-08-19 19:00:00,43.24000,43.39200,42.96600,43.32000
2025-08-19 20:00:00,43.32000,43.80400,43.17000,43.80200
2025-08-19 21:00:00,43.80100,44.17800,43.20200,43.48700
2025-08-19 22:00:00,43.48600,43.68900,42.28200,42.55200
2025-08-19 23:00:00,42.55500,42.91800,42.27800,42.44900
2025-08-20 00:00:00,42.45000,42.65400,41.71500,41.91600
2025-08-20 01:00:00,41.91500,42.89800,41.80400,42.88700
2025-08-20 02:00:00,42.88200,43.40800,42.80400,42.94400
2025-08-20 03:00:00,42.94300,43.83300,42.53300,42.98100
2025-08-20 04:00:00,42.98700,43.20500,42.55200,43.08400
2025-08-20 05:00:00,43.09100,43.11700,42.53600,42.54200
2025-08-20 06:00:00,42.54300,42.64800,41.83800,41.84800
2025-08-20 07:00:00,41.84800,41.87600,40.93900,41.30300
2025-08-20 08:00:00,41.30400,41.85000,41.24500,41.82600
2025-08-20 09:00:00,41.82600,41.98300,41.27600,41.70500
2025-08-20 10:00:00,41.70500,41.87300,41.56400,41.73200
2025-08-20 11:00:00,41.72900,42.22000,41.50800,41.51300
2025-08-20 12:00:00,41.51700,42.15500,41.51100,41.85200
2025-08-20 13:00:00,41.85200,41.86100,41.50600,41.85300
2025-08-20 14:00:00,41.85900,41.99900,41.68500,41.82000
2025-08-20 15:00:00,41.81600,42.14800,41.49400,41.51000
2025-08-20 16:00:00,41.51000,42.31400,41.48700,42.26800
2025-08-20 17:00:00,42.26700,42.37000,41.96600,42.01900
2025-08-20 18:00:00,42.01900,42.25000,41.90900,41.97600
2025-08-20 19:00:00,41.97600,42.06000,41.21300,41.71200
2025-08-20 20:00:00,41.71000,42.16900,41.55400,42.11200
2025-08-20 21:00:00,42.11300,42.11400,41.02800,41.03800
2025-08-20 22:00:00,41.03700,42.02200,40.59600,41.64600
2025-08-20 23:00:00,41.64700,42.85800,41.55900,41.97400
2025-08-21 00:00:00,41.97400,42.51700,41.76900,41.84700
2025-08-21 01:00:00,41.84700,42.75700,41.77300,42.71400
2025-08-21 02:00:00,42.71600,42.73700,41.84600,41.90800
2025-08-21 03:00:00,41.90800,43.26200,41.87800,43.23200
2025-08-21 04:00:00,43.23100,43.24600,42.57500,43.03800
2025-08-21 05:00:00,43.03800,43.20100,42.64900,43.05100
2025-08-21 06:00:00,43.05100,43.27500,42.77100,43.21800
2025-08-21 07:00:00,43.21800,43.23900,42.81300,42.99900
2025-08-21 08:00:00,42.99900,43.12100,42.62500,43.05100
2025-08-21 09:00:00,43.05200,43.22800,42.62900,43.21400
2025-08-21 10:00:00,43.21400,43.45100,42.30800,42.64400
2025-08-21 11:00:00,42.64000,43.04600,42.28200,42.29600
2025-08-21 12:00:00,42.29700,42.35700,42.08700,42.22200
2025-08-21 13:00:00,42.22200,42.64600,42.05900,42.62300
2025-08-21 14:00:00,42.62700,42.63100,42.04000,42.18500
2025-08-21 15:00:00,42.18200,42.21000,41.62700,41.91600
2025-08-21 16:00:00,41.91700,41.99600,41.43300,41.43900
2025-08-21 17:00:00,41.44000,41.68000,41.26700,41.48300
2025-08-21 18:00:00,41.48400,41.67700,41.17700,41.28500
2025-08-21 19:00:00,41.28500,41.40500,40.95800,41.06200
2025-08-21 20:00:00,41.06200,41.20200,40.81700,41.12200
2025-08-21 21:00:00,41.12100,41.76900,41.03800,41.43600
2025-08-21 22:00:00,41.43600,42.28500,41.30800,41.62800
2025-08-21 23:00:00,41.62800,41.68700,41.01000,41.06900
2025-08-22 00:00:00,41.07000,41.33200,40.70000,40.76600
2025-08-22 01:00:00,40.76800,41.52200,40.60800,41.51600
2025-08-22 02:00:00,41.51600,41.53300,41.01500,41.21500
2025-08-22 03:00:00,41.21500,41.30400,40.65300,40.91200
2025-08-22 04:00:00,40.91000,41.30100,40.72300,41.10100
2025-08-22 05:00:00,41.10100,41.19800,40.88100,41.06300
2025-08-22 06:00:00,41.06300,41.33600,40.91200,41.01300
2025-08-22 07:00:00,41.01600,41.03300,40.41500,40.45400
2025-08-22 08:00:00,40.45200,40.88600,40.45100,40.70000
2025-08-22 09:00:00,40.69900,41.66600,40.65300,41.39500
2025-08-22 10:00:00,41.39400,41.64300,41.28500,41.42000
2025-08-22 11:00:00,41.42000,41.54400,41.05000,41.18000
2025-08-22 12:00:00,41.17900,41.60300,41.17900,41.45600
2025-08-22 13:00:00,41.45800,42.07600,41.45800,41.84300
2025-08-22 14:00:00,41.84200,42.09700,41.70000,41.79600
2025-08-22 15:00:00,41.79600,42.18000,41.74000,42.13300
2025-08-22 16:00:00,42.13300,42.26300,41.90700,41.94100
2025-08-22 17:00:00,41.94300,42.22600,41.75100,42.19300
2025-08-22 18:00:00,42.19400,42.22400,41.71500,42.07800
2025-08-22 19:00:00,42.07800,42.14500,41.68400,41.73700
2025-08-22 20:00:00,41.73900,41.83100,40.95800,41.38200
2025-08-22 21:00:00,41.38600,41.81400,41.07300,41.57400
2025-08-22 22:00:00,41.57100,44.05700,41.56400,43.65800
2025-08-22 23:00:00,43.65700,44.17500,43.64500,43.66400
2025-08-23 00:00:00,43.66700,44.41200,43.66300,43.99000
2025-08-23 01:00:00,43.98700,44.92800,43.95300,44.44700
2025-08-23 02:00:00,44.44600,44.72400,44.31500,44.48200
2025-08-23 03:00:00,44.48100,44.64900,44.19600,44.29600
2025-08-23 04:00:00,44.30000,44.85600,44.24800,44.60600
2025-08-23 05:00:00,44.60700,44.86200,44.42500,44.75700
2025-08-23 06:00:00,44.75900,45.00000,44.65700,44.88300
2025-08-23 07:00:00,44.88200,45.53200,44.87900,45.33500
2025-08-23 08:00:00,45.33500,45.35500,44.86300,44.94200
2025-08-23 09:00:00,44.94200,45.05700,44.30500,44.54800
2025-08-23 10:00:00,44.54900,44.58300,43.75600,44.25000
2025-08-23 11:00:00,44.25000,44.33000,43.45700,43.53800
2025-08-23 12:00:00,43.53800,44.28900,43.53500,44.20100
2025-08-23 13:00:00,44.20200,44.67200,43.93000,44.58600
2025-08-23 14:00:00,44.58700,44.71800,43.71600,43.76400
2025-08-23 15:00:00,43.76500,43.77700,43.48500,43.71800
2025-08-23 16:00:00,43.71700,43.80400,43.29600,43.54300
2025-08-23 17:00:00,43.54300,43.92300,43.37500,43.91400
2025-08-23 18:00:00,43.91300,44.13800,43.46100,43.52800
2025-08-23 19:00:00,43.52900,43.98600,43.50200,43.68600
2025-08-23 20:00:00,43.68800,43.97500,43.53100,43.72700
2025-08-23 21:00:00,43.72700,43.90500,43.56900,43.71000
2025-08-23 22:00:00,43.70700,44.20600,43.65000,43.75500
2025-08-23 23:00:00,43.75500,44.01800,43.71400,43.87700
2025-08-24 00:00:00,43.87600,44.16200,43.86400,44.06200
2025-08-24 01:00:00,44.06100,44.57500,44.05300,44.34800
2025-08-24 02:00:00,44.34800,44.66500,44.17800,44.57700
2025-08-24 03:00:00,44.57700,44.83600,44.51300,44.63100
2025-08-24 04:00:00,44.63100,44.88500,44.54800,44.84400
2025-08-24 05:00:00,44.84300,44.96000,44.66000,44.69400
2025-08-24 06:00:00,44.69400,44.78800,44.40000,44.66500
2025-08-24 07:00:00,44.67000,44.92300,44.60300,44.91000
2025-08-24 08:00:00,44.91000,45.07700,44.73000,44.85500
2025-08-24 09:00:00,44.85500,44.97500,44.36400,44.67100
2025-08-24 10:00:00,44.67500,44.74100,44.24100,44.26000
2025-08-24 11:00:00,44.26100,44.29600,43.97700,44.20600
2025-08-24 12:00:00,44.20600,44.44600,44.09200,44.26700
2025-08-24 13:00:00,44.26700,44.26700,43.96500,44.00100
2025-08-24 14:00:00,44.00300,44.02200,43.70600,43.80000
2025-08-24 15:00:00,43.79900,44.16200,43.78200,44.04100
2025-08-24 16:00:00,44.04100,44.23700,43.91500,44.10600
2025-08-24 17:00:00,44.10500,44.27400,43.97200,44.11200
2025-08-24 18:00:00,44.11200,44.17700,43.45000,43.54000
2025-08-24 19:00:00,43.54000,43.74400,43.42000,43.67200
2025-08-24 20:00:00,43.67200,43.86200,43.50100,43.73900
2025-08-24 21:00:00,43.73500,44.04400,43.71100,44.01300
2025-08-24 22:00:00,44.01400,44.46900,43.77300,44.36000
2025-08-24 23:00:00,44.36000,44.62500,44.07700,44.12700
2025-08-25 00:00:00,44.12600,44.72900,44.09800,44.64300
2025-08-25 01:00:00,44.64400,45.68300,44.50100,45.62000
2025-08-25 02:00:00,45.62100,46.71200,45.39700,46.52800
2025-08-25 03:00:00,46.52700,47.00000,44.88100,45.51900
2025-08-25 04:00:00,45.51800,45.80000,44.59000,45.24300
2025-08-25 05:00:00,45.25100,46.35100,45.04000,45.82600
2025-08-25 06:00:00,45.82600,46.29500,45.23500,46.29500
2025-08-25 07:00:00,46.29600,46.57200,45.81100,46.06100
2025-08-25 08:00:00,46.06100,46.40300,45.14800,45.58900
2025-08-25 09:00:00,45.58900,46.27800,45.50000,46.20300
2025-08-25 10:00:00,46.20400,47.40600,46.17600,47.03300
2025-08-25 11:00:00,47.02800,47.14400,46.38700,46.46600
2025-08-25 12:00:00,46.46600,46.49800,45.80100,46.32700
2025-08-25 13:00:00,46.32800,46.41000,45.59800,45.78500
2025-08-25 14:00:00,45.78600,45.91700,44.79200,44.94000
2025-08-25 15:00:00,44.93600,45.14800,44.05200,44.28700
2025-08-25 16:00:00,44.28700,45.34200,43.90200,45.15000
2025-08-25 17:00:00,45.15600,45.83500,44.78400,45.82900
2025-08-25 18:00:00,45.82800,46.05200,44.61400,45.05300
2025-08-25 19:00:00,45.05200,45.68300,44.84500,45.65800
2025-08-25 20:00:00,45.65700,46.05900,45.39100,45.80500
2025-08-25 21:00:00,45.80400,46.00000,45.10700,45.52300
2025-08-25 22:00:00,45.53600,46.71800,45.33300,46.30100
2025-08-25 23:00:00,46.30100,46.44100,45.50000,45.83200
2025-08-26 00:00:00,45.82300,46.82500,45.57200,45.85600
2025-08-26 01:00:00,45.85200,45.97000,45.25000,45.51400
2025-08-26 02:00:00,45.51500,45.67800,45.10700,45.13400
2025-08-26 03:00:00,45.13500,45.14000,43.81200,44.00300
2025-08-26 04:00:00,44.00600,44.32400,43.23000,43.27100
2025-08-26 05:00:00,43.27200,43.34300,42.54200,42.84200
2025-08-26 06:00:00,42.84300,43.61800,42.69400,43.13500
2025-08-26 07:00:00,43.13900,43.35700,42.88000,42.97600
2025-08-26 08:00:00,42.97900,43.13800,42.35700,42.63600
2025-08-26 09:00:00,42.63600,44.14200,42.45600,44.10100
2025-08-26 10:00:00,44.10100,44.29500,43.61100,43.96500
2025-08-26 11:00:00,43.96500,44.36000,43.90200,44.09800
2025-08-26 12:00:00,44.10000,45.47800,44.09600,45.35700
2025-08-26 13:00:00,45.35700,45.61200,45.10600,45.11400
2025-08-26 14:00:00,45.11700,45.36900,44.77000,44.93100
2025-08-26 15:00:00,44.92600,45.57600,44.78300,45.52300
2025-08-26 16:00:00,45.52000,45.86800,45.10800,45.36800
2025-08-26 17:00:00,45.36800,45.51900,45.01700,45.24000
2025-08-26 18:00:00,45.24000,45.69500,45.18900,45.40900
2025-08-26 19:00:00,45.40900,45.54400,44.88100,45.25000
2025-08-26 20:00:00,45.25000,46.31000,44.65500,45.86600
2025-08-26 21:00:00,45.86700,45.87500,45.12000,45.55500
2025-08-26 22:00:00,45.55800,46.72100,45.10200,46.65300
2025-08-26 23:00:00,46.65100,47.04300,46.30000,46.55000
2025-08-27 00:00:00,46.55000,47.62800,46.54100,47.56900
2025-08-27 01:00:00,47.56800,47.78400,47.12000,47.65400
2025-08-27 02:00:00,47.65500,47.94600,47.13300,47.92700
2025-08-27 03:00:00,47.92700,48.68100,47.73800,48.49100
2025-08-27 04:00:00,48.49000,49.04700,48.25400,48.94500
2025-08-27 05:00:00,48.94400,49.78200,48.71000,49.40700
2025-08-27 06:00:00,49.40700,49.60600,48.24400,48.86000
2025-08-27 07:00:00,48.86100,49.24400,48.49600,48.79400
2025-08-27 08:00:00,48.79600,49.01000,48.39500,48.47100
2025-08-27 09:00:00,48.47100,49.25900,48.15000,49.24700
2025-08-27 10:00:00,49.24300,50.27000,48.67500,49.62100
2025-08-27 11:00:00,49.62300,51.22200,49.25200,50.99700
2025-08-27 12:00:00,50.99600,51.25400,50.44600,50.94000
2025-08-27 13:00:00,50.94500,51.21900,50.51800,50.76000
2025-08-27 14:00:00,50.76300,50.81100,50.06700,50.31000
2025-08-27 15:00:00,50.31200,50.46900,49.67900,49.97600
2025-08-27 16:00:00,49.97700,50.27500,48.22400,48.95000
2025-08-27 17:00:00,48.94900,49.10400,48.57700,49.07200
2025-08-27 18:00:00,49.07200,49.26100,48.69200,48.79500
2025-08-27 19:00:00,48.79500,49.76600,48.79000,49.74800
2025-08-27 20:00:00,49.74300,50.07000,49.35600,49.56000
2025-08-27 21:00:00,49.55900,49.94900,49.15000,49.75900
2025-08-27 22:00:00,49.76000,50.77400,49.61600,50.11000
2025-08-27 23:00:00,50.10700,50.64900,50.03300,50.58800
2025-08-28 00:00:00,50.58800,50.67400,49.66600,49.68600
2025-08-28 01:00:00,49.68600,50.38600,49.64000,50.20600
2025-08-28 02:00:00,50.20500,50.56500,49.80700,50.04600
2025-08-28 03:00:00,50.05300,50.27000,48.68200,48.77800
2025-08-28 04:00:00,48.77700,49.46900,48.32800,49.26000
2025-08-28 05:00:00,49.26200,49.26600,47.82100,47.97400
2025-08-28 06:00:00,47.98000,48.15500,47.40900,47.58300
2025-08-28 07:00:00,47.58200,47.74600,46.85500,47.04000
2025-08-28 08:00:00,47.03900,47.29200,46.71000,47.28600
2025-08-28 09:00:00,47.28600,48.26400,47.13500,48.15200
2025-08-28 10:00:00,48.15500,48.31900,47.65100,47.94300
2025-08-28 11:00:00,47.94100,48.53800,47.67200,48.53100
2025-08-28 12:00:00,48.53100,48.74500,48.28000,48.32300
2025-08-28 13:00:00,48.32000,48.42500,47.88800,48.24700
2025-08-28 14:00:00,48.24600,48.74900,47.97200,48.73000
2025-08-28 15:00:00,48.72700,49.00900,48.38000,48.81100
2025-08-28 16:00:00,48.81100,49.05000,48.28600,48.46900
2025-08-28 17:00:00,48.46400,48.49700,47.81200,48.03500
2025-08-28 18:00:00,48.03500,48.37100,47.94700,48.36500
2025-08-28 19:00:00,48.36600,48.36600,48.00800,48.01100
2025-08-28 20:00:00,48.01200,48.55000,47.93600,48.53200
2025-08-28 21:00:00,48.53300,48.88200,47.50000,48.24000
2025-08-28 22:00:00,48.24600,48.61400,47.99500,48.51100
2025-08-28 23:00:00,48.51400,48.62000,47.82800,47.99200
2025-08-29 00:00:00,47.99600,48.16100,47.20300,47.22900
2025-08-29 01:00:00,47.22900,47.27800,46.06900,46.76300
2025-08-29 02:00:00,46.76200,47.35000,46.57200,46.83000
2025-08-29 03:00:00,46.82900,47.25000,45.83700,46.07400
2025-08-29 04:00:00,46.07500,46.57700,45.91600,45.92100
2025-08-29 05:00:00,45.92100,46.10500,45.68500,46.08000
2025-08-29 06:00:00,46.07800,46.32700,45.79400,45.92800
2025-08-29 07:00:00,45.92500,46.09300,45.56200,45.60800
2025-08-29 08:00:00,45.60900,45.99600,45.32400,45.91400
2025-08-29 09:00:00,45.92500,46.14600,45.71300,45.76700
2025-08-29 10:00:00,45.76700,46.09000,45.56700,45.56700
2025-08-29 11:00:00,45.56800,45.94700,45.32400,45.69600
2025-08-29 12:00:00,45.68900,46.04800,45.55900,45.78100
2025-08-29 13:00:00,45.78300,45.82400,45.46100,45.47200
2025-08-29 14:00:00,45.47300,45.47900,44.88800,45.34900
2025-08-29 15:00:00,45.34900,45.35000,44.28600,44.43100
2025-08-29 16:00:00,44.43100,44.94000,44.00200,44.07900
2025-08-29 17:00:00,44.07800,44.40600,43.74400,44.24500
2025-08-29 18:00:00,44.24100,44.71100,44.19100,44.35700
2025-08-29 19:00:00,44.35700,44.41700,44.16500,44.41700
2025-08-29 20:00:00,44.41700,45.41200,44.41100,45.31900
2025-08-29 21:00:00,45.31800,45.43500,44.27800,44.52000
2025-08-29 22:00:00,44.52100,44.99800,43.91300,44.20300
2025-08-29 23:00:00,44.20700,45.11800,44.16000,44.83500
2025-08-30 00:00:00,44.84000,45.04200,44.58900,44.65200
2025-08-30 01:00:00,44.65200,44.80000,44.18700,44.72800
2025-08-30 02:00:00,44.72800,44.73400,43.65600,43.68400
2025-08-30 03:00:00,43.68300,44.33800,43.49800,43.67900
2025-08-30 04:00:00,43.67900,44.27400,43.31800,44.19600
2025-08-30 05:00:00,44.20000,44.80300,43.94800,44.32400
2025-08-30 06:00:00,44.32400,44.59300,44.12100,44.46100
2025-08-30 07:00:00,44.46000,44.65100,44.28500,44.43200
2025-08-30 08:00:00,44.43400,44.53500,44.01500,44.15400
2025-08-30 09:00:00,44.15500,44.19900,43.70100,43.77200
2025-08-30 10:00:00,43.77100,44.31300,43.70900,44.11800
2025-08-30 11:00:00,44.11900,44.65000,44.11800,44.59100
2025-08-30 12:00:00,44.59200,44.78500,44.37600,44.53000
2025-08-30 13:00:00,44.53000,44.92100,44.18900,44.20000
2025-08-30 14:00:00,44.20100,44.32700,43.96000,43.97600
2025-08-30 15:00:00,43.97600,44.35600,43.94200,44.34200
2025-08-30 16:00:00,44.34100,44.34400,43.63400,43.68400
2025-08-30 17:00:00,43.68700,43.76500,43.38100,43.55900
2025-08-30 18:00:00,43.56000,43.77900,43.28900,43.45500
2025-08-30 19:00:00,43.45600,43.61900,43.36300,43.52000
2025-08-30 20:00:00,43.51900,43.66800,43.26600,43.63400
2025-08-30 21:00:00,43.63400,43.82100,43.38900,43.71300
2025-08-30 22:00:00,43.71300,43.79800,43.52400,43.68800
2025-08-30 23:00:00,43.68800,44.19500,43.56200,44.17300
2025-08-31 00:00:00,44.16900,44.17900,43.86400,44.05600
2025-08-31 01:00:00,44.05800,44.22300,43.83000,44.11800
2025-08-31 02:00:00,44.11700,44.31800,44.05800,44.27700
2025-08-31 03:00:00,44.27700,44.28900,43.86900,43.94500
2025-08-31 04:00:00,43.94500,44.04200,43.83800,43.99200
2025-08-31 05:00:00,43.99200,44.07700,43.82700,43.91500
2025-08-31 06:00:00,43.91400,43.99500,43.76200,43.95500
2025-08-31 07:00:00,43.95600,44.20700,43.94900,44.06600
2025-08-31 08:00:00,44.06600,44.86700,44.03400,44.76300
2025-08-31 09:00:00,44.76100,44.82300,44.44300,44.71000
2025-08-31 10:00:00,44.71000,44.72900,44.47000,44.64600
2025-08-31 11:00:00,44.64900,44.95700,44.61400,44.94100
2025-08-31 12:00:00,44.94100,44.95000,44.59400,44.83700
2025-08-31 13:00:00,44.83800,44.94000,44.68600,44.94000
2025-08-31 14:00:00,44.94000,45.00200,44.70400,44.78100
2025-08-31 15:00:00,44.78000,45.08900,44.49200,44.51400
2025-08-31 16:00:00,44.51400,44.86700,44.45500,44.85800
2025-08-31 17:00:00,44.85800,44.85800,44.31000,44.35900
2025-08-31 18:00:00,44.35800,44.46000,44.20000,44.39500
2025-08-31 19:00:00,44.39500,44.45600,44.24100,44.44700
2025-08-31 20:00:00,44.44500,44.52600,44.25600,44.49900
2025-08-31 21:00:00,44.49700,44.63300,44.22100,44.28600
2025-08-31 22:00:00,44.29200,44.46400,44.11700,44.28300
2025-08-31 23:00:00,44.28300,44.52300,44.16700,44.48800
2025-09-01 00:00:00,44.48800,45.08100,44.40800,45.07200
2025-09-01 01:00:00,45.07200,45.36700,44.90000,45.16000
2025-09-01 02:00:00,45.16100,45.34600,45.04800,45.06000
2025-09-01 03:00:00,45.05800,45.07600,44.69300,44.80400
2025-09-01 04:00:00,44.80800,44.97000,44.71700,44.86400
2025-09-01 05:00:00,44.86000,45.04300,44.67800,45.00300
2025-09-01 06:00:00,45.00300,45.18700,44.72800,44.82700
2025-09-01 07:00:00,44.82600,44.82600,44.24000,44.28000
2025-09-01 08:00:00,44.28400,44.72400,43.83800,44.52600
2025-09-01 09:00:00,44.53000,45.01700,44.37300,44.80800
2025-09-01 10:00:00,44.80700,44.81100,44.18000,44.39100
2025-09-01 11:00:00,44.38700,44.57300,44.01300,44.41900
2025-09-01 12:00:00,44.40800,44.53900,43.96600,44.13600
2025-09-01 13:00:00,44.13700,44.48800,43.93400,44.21600
2025-09-01 14:00:00,44.21600,44.36000,43.96400,44.14800
2025-09-01 15:00:00,44.14700,45.01000,43.99200,45.01000
2025-09-01 16:00:00,45.01000,45.47000,44.99200,45.37600
2025-09-01 17:00:00,45.37600,45.48000,44.91400,44.94300
2025-09-01 18:00:00,44.94800,45.02000,44.58600,44.92600
2025-09-01 19:00:00,44.92600,44.93800,44.40000,44.70700
2025-09-01 20:00:00,44.70800,44.79900,44.42800,44.53100
2025-09-01 21:00:00,44.53100,44.89100,44.45500,44.57400
2025-09-01 22:00:00,44.57500,44.92500,44.43900,44.53500
2025-09-01 23:00:00,44.53500,44.66000,44.07200,44.29400
2025-09-02 00:00:00,44.29200,44.32100,43.54600,43.66400
2025-09-02 01:00:00,43.66800,43.83300,43.37100,43.66800
2025-09-02 02:00:00,43.66800,44.10500,43.64300,44.09300
2025-09-02 03:00:00,44.09300,44.21000,43.95100,44.04500
2025-09-02 04:00:00,44.05100,44.11800,43.38600,43.64400
2025-09-02 05:00:00,43.64400,43.64400,42.69300,42.97600
2025-09-02 06:00:00,42.97400,42.99200,42.50400,42.71700
2025-09-02 07:00:00,42.71400,43.15000,42.67300,43.12600
2025-09-02 08:00:00,43.12900,43.35400,42.95900,43.12400
2025-09-02 09:00:00,43.12400,43.74900,43.05400,43.47500
2025-09-02 10:00:00,43.48000,43.99300,43.32600,43.99000
2025-09-02 11:00:00,43.99000,44.31000,43.75700,44.15700
2025-09-02 12:00:00,44.15700,44.53000,43.99200,44.33600
2025-09-02 13:00:00,44.33700,44.54800,44.20200,44.48200
2025-09-02 14:00:00,44.48300,44.93500,44.45600,44.65000
2025-09-02 15:00:00,44.65100,44.71100,44.40000,44.49300
2025-09-02 16:00:00,44.49300,45.05100,44.48900,44.81000
2025-09-02 17:00:00,44.81000,45.07900,44.58500,44.80700
2025-09-02 18:00:00,44.80800,44.90000,44.37400,44.48500
2025-09-02 19:00:00,44.48600,44.49000,44.21000,44.31400
2025-09-02 20:00:00,44.31500,44.41200,43.40200,43.42400
2025-09-02 21:00:00,43.42500,44.66000,43.37000,44.52600
2025-09-02 22:00:00,44.52600,44.96200,44.30200,44.62000
2025-09-02 23:00:00,44.61800,44.85200,44.00000,44.09800
2025-09-03 00:00:00,44.09500,44.37700,43.97700,44.14800
2025-09-03 01:00:00,44.15200,44.66800,44.11300,44.12900
2025-09-03 02:00:00,44.13200,44.18300,43.74500,43.97400
2025-09-03 03:00:00,43.97300,44.17500,43.82200,44.05800
2025-09-03 04:00:00,44.05800,44.47000,43.95800,44.31800
2025-09-03 05:00:00,44.31900,44.80600,44.30900,44.77200
2025-09-03 06:00:00,44.77300,44.85300,44.54900,44.84900
2025-09-03 07:00:00,44.84900,44.92500,44.63100,44.90100
2025-09-03 08:00:00,44.90200,45.30400,44.77600,44.80800
2025-09-03 09:00:00,44.81100,45.27100,44.54500,45.19900
2025-09-03 10:00:00,45.19900,45.33600,44.97000,45.16800
2025-09-03 11:00:00,45.16800,45.26700,44.71700,44.71900
2025-09-03 12:00:00,44.71800,44.79100,44.53400,44.73300
2025-09-03 13:00:00,44.73300,44.74800,44.42400,44.45600
2025-09-03 14:00:00,44.46000,44.55000,44.26600,44.37900
2025-09-03 15:00:00,44.38000,44.56800,44.27900,44.52500
2025-09-03 16:00:00,44.52800,44.75800,44.45000,44.70700
2025-09-03 17:00:00,44.70700,45.50000,44.61400,45.48100
2025-09-03 18:00:00,45.48100,45.79700,45.25300,45.53200
2025-09-03 19:00:00,45.52800,46.00600,45.46700,45.57800
2025-09-03 20:00:00,45.58800,45.82300,45.38000,45.54200
2025-09-03 21:00:00,45.54200,46.14700,45.40000,45.67600
2025-09-03 22:00:00,45.67800,46.21000,45.42900,46.03700
2025-09-03 23:00:00,46.03700,46.15100,45.73900,46.08000
2025-09-04 00:00:00,46.08100,46.27200,45.85000,46.15700
2025-09-04 01:00:00,46.15700,46.51800,46.06700,46.17100
2025-09-04 02:00:00,46.17200,46.30000,45.60500,45.83100
2025-09-04 03:00:00,45.82800,45.94400,45.67200,45.83200
2025-09-04 04:00:00,45.83700,46.10700,45.81000,45.99200
2025-09-04 05:00:00,45.99200,46.09500,45.80000,46.00100
2025-09-04 06:00:00,46.00100,46.12500,45.91400,46.12000
2025-09-04 07:00:00,46.12000,46.13500,45.80400,45.88300
2025-09-04 08:00:00,45.88300,46.44900,45.73200,46.28500
2025-09-04 09:00:00,46.28600,46.28800,45.87800,46.05600
2025-09-04 10:00:00,46.05000,46.07500,45.53900,45.71900
2025-09-04 11:00:00,45.71900,45.89900,45.41900,45.45600
2025-09-04 12:00:00,45.45600,45.75700,45.41000,45.45600
2025-09-04 13:00:00,45.45600,45.56200,45.30000,45.51900
2025-09-04 14:00:00,45.51900,45.62800,45.23500,45.45500
2025-09-04 15:00:00,45.45400,45.71600,45.33600,45.66800
2025-09-04 16:00:00,45.66800,45.92300,45.50200,45.58000
2025-09-04 17:00:00,45.58000,45.97200,45.58000,45.96500
2025-09-04 18:00:00,45.96500,45.99300,45.74500,45.75700
2025-09-04 19:00:00,45.75800,46.05000,45.70500,45.88900
2025-09-04 20:00:00,45.89000,46.08200,45.73400,45.95500
2025-09-04 21:00:00,45.95400,45.96700,45.52500,45.54100
2025-09-04 22:00:00,45.54400,45.67600,45.03800,45.33100
2025-09-04 23:00:00,45.33100,45.33300,44.88400,45.21600
2025-09-05 00:00:00,45.21400,45.37800,44.86600,45.05500
2025-09-05 01:00:00,45.05600,45.39700,45.02600,45.25900
2025-09-05 02:00:00,45.25800,45.42800,44.87700,44.95900
2025-09-05 03:00:00,44.95900,45.09100,44.43100,44.49000
2025-09-05 04:00:00,44.49100,45.15400,44.43100,45.02100
2025-09-05 05:00:00,45.02200,45.38100,44.93600,45.19300
2025-09-05 06:00:00,45.19300,45.80300,45.15200,45.78900
2025-09-05 07:00:00,45.79000,45.88300,45.23700,45.37300
2025-09-05 08:00:00,45.37200,45.55400,45.16900,45.19000
2025-09-05 09:00:00,45.19100,45.51200,45.16600,45.41300
2025-09-05 10:00:00,45.41300,45.68000,45.23600,45.62700
2025-09-05 11:00:00,45.62700,45.66000,45.07900,45.20700
2025-09-05 12:00:00,45.20800,45.54300,45.20800,45.49600
2025-09-05 13:00:00,45.48700,45.63500,45.42300,45.60000
2025-09-05 14:00:00,45.60000,45.83400,45.54400,45.81800
2025-09-05 15:00:00,45.81900,46.34300,45.79000,46.28600
2025-09-05 16:00:00,46.28600,46.29500,45.90500,45.95600
2025-09-05 17:00:00,45.95400,46.23300,45.83500,46.17600
2025-09-05 18:00:00,46.17600,46.37000,46.15500,46.26500
2025-09-05 19:00:00,46.26500,47.78000,46.13500,47.07000
2025-09-05 20:00:00,47.07200,47.33500,46.37000,47.29600
2025-09-05 21:00:00,47.30500,47.74600,46.59500,47.38100
2025-09-05 22:00:00,47.38200,47.42500,46.02000,46.25300
2025-09-05 23:00:00,46.25100,46.98300,46.05500,46.63900
2025-09-06 00:00:00,46.64200,46.83400,46.33100,46.80700
2025-09-06 01:00:00,46.80800,46.89900,46.21500,46.43600
2025-09-06 02:00:00,46.43600,46.58900,46.06600,46.57600
2025-09-06 03:00:00,46.57600,47.37100,46.44000,47.22000
2025-09-06 04:00:00,47.21400,47.40000,46.90800,47.37300
2025-09-06 05:00:00,47.37200,47.51300,46.95200,47.26400
2025-09-06 06:00:00,47.26100,47.41900,47.06100,47.19500
2025-09-06 07:00:00,47.19400,47.54600,47.16300,47.27100
2025-09-06 08:00:00,47.27100,47.89500,47.26500,47.82000
2025-09-06 09:00:00,47.82200,47.87000,47.49700,47.52900
2025-09-06 10:00:00,47.52900,47.71900,47.28200,47.42400
2025-09-06 11:00:00,47.42300,47.87900,47.35500,47.73000
2025-09-06 12:00:00,47.72900,47.72900,47.33500,47.35900
2025-09-06 13:00:00,47.36000,47.36600,46.90600,47.19800
2025-09-06 14:00:00,47.19700,47.20200,46.92500,47.08200
2025-09-06 15:00:00,47.08100,47.13100,46.78000,46.86500
2025-09-06 16:00:00,46.86600,46.93700,46.67800,46.77300
2025-09-06 17:00:00,46.77000,46.77100,46.52500,46.63100
2025-09-06 18:00:00,46.63100,46.86000,46.61400,46.83600
2025-09-06 19:00:00,46.83600,46.90000,46.67800,46.89600
2025-09-06 20:00:00,46.89600,46.99900,46.81300,46.83400
2025-09-06 21:00:00,46.83300,46.95000,46.66600,46.89400
2025-09-06 22:00:00,46.89500,47.06800,46.86100,46.97000
2025-09-06 23:00:00,46.97000,47.02200,46.45000,46.48000
2025-09-07 00:00:00,46.47900,46.51200,46.06400,46.24000
2025-09-07 01:00:00,46.24000,46.24200,45.76200,45.94400
2025-09-07 02:00:00,45.94300,46.11100,45.62600,45.80300
2025-09-07 03:00:00,45.80400,45.84700,45.43900,45.61400
2025-09-07 04:00:00,45.61200,46.03000,45.58500,46.02300
2025-09-07 05:00:00,46.02500,46.06000,45.85500,46.05600
2025-09-07 06:00:00,46.05600,46.25500,45.99000,46.19300
2025-09-07 07:00:00,46.19000,46.28700,46.01500,46.01500
2025-09-07 08:00:00,46.01500,46.66600,46.00000,46.59000
2025-09-07 09:00:00,46.58900,46.95700,46.54800,46.76500
2025-09-07 10:00:00,46.76600,47.18400,46.65500,46.94900
2025-09-07 11:00:00,46.94400,47.05400,46.81700,46.90100
2025-09-07 12:00:00,46.90100,46.95900,46.75000,46.79600
2025-09-07 13:00:00,46.80200,46.94600,46.66800,46.79700
2025-09-07 14:00:00,46.79700,46.82200,46.58300,46.59400
2025-09-07 15:00:00,46.59300,47.04200,46.52100,47.04200
2025-09-07 16:00:00,47.04200,47.36700,46.96300,47.24100
2025-09-07 17:00:00,47.24200,47.48600,47.04500,47.29900
2025-09-07 18:00:00,47.30000,47.40300,47.17300,47.28300
2025-09-07 19:00:00,47.28300,47.34100,47.09100,47.19400
2025-09-07 20:00:00,47.19400,47.22100,46.89600,47.06100
2025-09-07 21:00:00,47.06100,47.31000,47.02400,47.29300
2025-09-07 22:00:00,47.29300,47.54700,47.09800,47.43500
2025-09-07 23:00:00,47.43600,47.72000,47.28000,47.57900
2025-09-08 00:00:00,47.57700,47.67700,47.08200,47.16500
2025-09-08 01:00:00,47.16400,47.23000,46.92100,47.11000
2025-09-08 02:00:00,47.10900,47.11800,46.87000,47.05900
2025-09-08 03:00:00,47.05900,47.24400,46.90100,47.08200
2025-09-08 04:00:00,47.08100,47.18400,46.77200,47.15700
2025-09-08 05:00:00,47.15700,47.17800,46.84200,46.89100
2025-09-08 06:00:00,46.88600,47.24200,46.87600,47.18200
2025-09-08 07:00:00,47.19000,47.51700,47.06500,47.11300
2025-09-08 08:00:00,47.11200,47.36400,46.97000,47.19300
2025-09-08 09:00:00,47.19300,47.59500,47.10300,47.46200
2025-09-08 10:00:00,47.46200,48.46600,47.42200,48.42000
2025-09-08 11:00:00,48.42600,49.01100,48.28000,48.77600
2025-09-08 12:00:00,48.77500,48.85700,48.45300,48.77900
2025-09-08 13:00:00,48.78000,49.65200,48.77000,49.64000
2025-09-08 14:00:00,49.63900,50.07300,49.19100,49.79700
2025-09-08 15:00:00,49.80400,50.15700,49.56000,50.07200
2025-09-08 16:00:00,50.07200,51.07800,50.06400,51.02300
2025-09-08 17:00:00,51.02300,51.23700,50.49800,50.66500
2025-09-08 18:00:00,50.66100,50.90900,50.55400,50.75900
2025-09-08 19:00:00,50.75800,50.86300,50.32000,50.50000
2025-09-08 20:00:00,50.49800,50.97500,50.45000,50.90700
2025-09-08 21:00:00,50.90800,51.97300,50.84500,51.33400
2025-09-08 22:00:00,51.33200,51.84300,51.26600,51.54900
2025-09-08 23:00:00,51.55000,51.96000,51.17600,51.53900
2025-09-09 00:00:00,51.53800,51.60000,50.91100,50.99500
2025-09-09 01:00:00,50.99800,51.00100,50.43300,50.65700
2025-09-09 02:00:00,50.65800,50.94300,50.42100,50.72300
2025-09-09 03:00:00,50.72300,50.75800,50.25600,50.42400
2025-09-09 04:00:00,50.42400,50.51100,49.87600,50.25000
2025-09-09 05:00:00,50.25400,50.72800,50.14100,50.70100
2025-09-09 06:00:00,50.70100,51.08600,50.43400,50.81800
2025-09-09 07:00:00,50.81900,51.03300,50.65500,50.90100
2025-09-09 08:00:00,50.90000,51.26700,50.53800,51.01800
2025-09-09 09:00:00,51.01800,51.47700,50.84800,51.19400
2025-09-09 10:00:00,51.19500,51.33600,50.65600,50.88400
2025-09-09 11:00:00,50.89100,51.76700,50.79100,51.48900
2025-09-09 12:00:00,51.48800,53.18100,51.36500,53.07900
2025-09-09 13:00:00,53.07800,53.62300,52.88000,53.60500
2025-09-09 14:00:00,53.60600,55.10600,53.52300,54.67700
2025-09-09 15:00:00,54.67600,55.15100,54.02100,54.54600
2025-09-09 16:00:00,54.54500,54.92800,54.34100,54.42800
2025-09-09 17:00:00,54.42900,55.35900,54.35000,54.91900
2025-09-09 18:00:00,54.91700,55.24800,54.41600,55.01100
2025-09-09 19:00:00,55.01100,55.10100,53.69900,53.91500
2025-09-09 20:00:00,53.91400,54.25700,53.18700,53.77000
2025-09-09 21:00:00,53.76900,54.12200,53.33300,53.60000
2025-09-09 22:00:00,53.60500,54.32900,52.81600,53.54500
2025-09-09 23:00:00,53.54500,53.61500,52.07600,52.66600
2025-09-10 00:00:00,52.66700,53.44500,52.50800,52.58100
2025-09-10 01:00:00,52.58100,53.04100,52.39700,52.40900
2025-09-10 02:00:00,52.41000,53.14200,52.36600,53.03200
2025-09-10 03:00:00,53.03300,54.01000,52.94400,53.81400
2025-09-10 04:00:00,53.81300,53.99100,52.85800,53.47000
2025-09-10 05:00:00,53.46900,53.82200,53.21600,53.31100
2025-09-10 06:00:00,53.31000,53.49400,53.07600,53.19200
2025-09-10 07:00:00,53.19500,53.37100,52.70900,53.31500
2025-09-10 08:00:00,53.31500,53.37600,52.58100,52.65900
2025-09-10 09:00:00,52.65900,53.32000,52.57500,53.24000
2025-09-10 10:00:00,53.24300,54.45300,53.22900,54.05600
2025-09-10 11:00:00,54.05200,54.05200,53.39500,53.78500
2025-09-10 12:00:00,53.78600,54.47200,53.42600,54.23800
2025-09-10 13:00:00,54.23700,54.99900,54.00000,54.60000
2025-09-10 14:00:00,54.59900,55.14300,54.40000,54.94900
2025-09-10 15:00:00,54.94900,55.50200,54.83200,55.15200
2025-09-10 16:00:00,55.15200,55.46100,54.78300,54.95900
2025-09-10 17:00:00,54.96000,55.80800,54.80200,54.81300
2025-09-10 18:00:00,54.81400,54.87300,54.10800,54.28900
2025-09-10 19:00:00,54.29000,54.51600,54.03900,54.51600
2025-09-10 20:00:00,54.51500,55.38400,54.20100,54.42600
2025-09-10 21:00:00,54.42700,55.50400,54.38600,55.15900
2025-09-10 22:00:00,55.16000,55.34100,54.85200,54.96800
2025-09-10 23:00:00,54.96700,55.45400,54.66000,55.13300
2025-09-11 00:00:00,55.13700,55.42000,54.78700,55.02700
2025-09-11 01:00:00,55.02800,55.14200,54.49000,55.10500
2025-09-11 02:00:00,55.10500,55.17300,54.54200,55.07400
2025-09-11 03:00:00,55.06900,55.06900,53.70000,54.40500
2025-09-11 04:00:00,54.41000,55.01500,54.32800,54.91800
2025-09-11 05:00:00,54.92000,55.26900,54.83400,55.20500
2025-09-11 06:00:00,55.20500,56.11500,55.17700,56.08300
2025-09-11 07:00:00,56.08200,56.12100,55.18600,55.49400
2025-09-11 08:00:00,55.48900,56.11000,55.42000,55.90100
2025-09-11 09:00:00,55.90000,56.27300,55.50600,55.64200
2025-09-11 10:00:00,55.64200,55.69300,55.32800,55.53600
2025-09-11 11:00:00,55.53500,56.12400,55.42900,56.06900
2025-09-11 12:00:00,56.06900,56.12800,55.50300,55.74600
2025-09-11 13:00:00,55.75200,55.85500,55.51000,55.72900
2025-09-11 14:00:00,55.73800,55.77600,55.24000,55.48100
2025-09-11 15:00:00,55.48400,55.61400,55.21000,55.32700
2025-09-11 16:00:00,55.33000,55.45000,55.18000,55.20800
2025-09-11 17:00:00,55.20800,55.21600,54.62500,54.67900
2025-09-11 18:00:00,54.67900,54.80400,53.74000,54.30200
2025-09-11 19:00:00,54.30000,54.40000,53.03000,53.59700
2025-09-11 20:00:00,53.59600,54.67700,53.16200,54.17100
2025-09-11 21:00:00,54.16500,54.77000,53.71600,54.71000
2025-09-11 22:00:00,54.71000,54.81200,54.00000,54.46300
2025-09-11 23:00:00,54.46500,54.87000,54.26400,54.72000
2025-09-12 00:00:00,54.72000,55.09700,54.45300,54.74200
2025-09-12 01:00:00,54.74200,55.18800,54.68000,55.01900
2025-09-12 02:00:00,55.01900,55.24900,54.79000,54.98500
2025-09-12 03:00:00,54.98500,55.99000,54.91200,55.76100
2025-09-12 04:00:00,55.76100,55.83900,55.44900,55.71100
2025-09-12 05:00:00,55.70700,56.00000,55.63000,55.87400
2025-09-12 06:00:00,55.87400,56.80500,55.84700,56.46500
2025-09-12 07:00:00,56.46600,57.20000,56.42200,57.05400
2025-09-12 08:00:00,57.05500,57.49900,56.69500,56.82100
2025-09-12 09:00:00,56.82300,57.08900,56.46400,56.61200
2025-09-12 10:00:00,56.61200,57.10400,56.53300,56.68600
2025-09-12 11:00:00,56.68300,56.72000,56.40200,56.58600
2025-09-12 12:00:00,56.58500,56.89800,56.52600,56.79100
2025-09-12 13:00:00,56.79200,57.37600,56.76100,57.19500
2025-09-12 14:00:00,57.19400,57.26400,56.80800,56.87500
2025-09-12 15:00:00,56.87500,57.07000,56.32200,56.39500
2025-09-12 16:00:00,56.39500,56.61100,56.13200,56.31400
2025-09-12 17:00:00,56.31300,56.43500,56.04100,56.30200
2025-09-12 18:00:00,56.30200,56.59700,56.04600,56.54200
2025-09-12 19:00:00,56.54200,56.55400,55.60000,55.69100
2025-09-12 20:00:00,55.69200,56.11800,55.57400,55.97100
2025-09-12 21:00:00,55.97100,56.54300,55.96500,56.36400
2025-09-12 22:00:00,56.36400,56.86600,56.09800,56.26300
2025-09-12 23:00:00,56.25200,56.27700,54.84600,55.40700
2025-09-13 00:00:00,55.40700,55.77000,55.00600,55.75300
2025-09-13 01:00:00,55.75200,55.99300,55.35000,55.89100
2025-09-13 02:00:00,55.89100,56.35700,55.67400,56.34700
2025-09-13 03:00:00,56.34800,56.55400,56.05800,56.44500
2025-09-13 04:00:00,56.44000,56.44000,55.64100,55.98600
2025-09-13 05:00:00,55.98600,55.99400,55.41100,55.49200
2025-09-13 06:00:00,55.49200,56.08400,54.91800,55.11600
2025-09-13 07:00:00,55.11600,55.31200,54.73800,55.25500
2025-09-13 08:00:00,55.25500,55.56500,54.88100,55.17100
2025-09-13 09:00:00,55.17100,55.62000,55.12500,55.43400
2025-09-13 10:00:00,55.43400,55.74200,55.22700,55.59900
2025-09-13 11:00:00,55.60200,55.96800,55.42600,55.91200
2025-09-13 12:00:00,55.91300,55.91700,55.41000,55.50100
2025-09-13 13:00:00,55.50000,55.53500,54.92700,55.17400
2025-09-13 14:00:00,55.17400,55.34900,54.90600,55.04600
2025-09-13 15:00:00,55.04300,55.22200,54.85000,55.17200
2025-09-13 16:00:00,55.17500,55.54200,55.17500,55.49200
2025-09-13 17:00:00,55.49900,56.25700,55.44600,55.99200
2025-09-13 18:00:00,55.99400,56.21500,55.84200,55.91200
2025-09-13 19:00:00,55.91200,56.41000,55.66900,56.24200
2025-09-13 20:00:00,56.24100,56.71900,55.96300,56.71400
2025-09-13 21:00:00,56.71300,56.87000,55.46700,55.90900
2025-09-13 22:00:00,55.90700,56.23800,55.46000,55.91400
2025-09-13 23:00:00,55.91300,56.26000,55.42900,55.71500
2025-09-14 00:00:00,55.71500,55.88800,55.00000,55.03200
2025-09-14 01:00:00,55.03200,55.19200,54.52700,54.57500
2025-09-14 02:00:00,54.57500,54.88500,54.16500,54.84500
2025-09-14 03:00:00,54.84500,54.99600,54.65000,54.97600
2025-09-14 04:00:00,54.97900,55.13600,54.58300,54.82400
2025-09-14 05:00:00,54.82500,54.99300,54.43500,54.61600
2025-09-14 06:00:00,54.61600,54.62200,54.25300,54.52600
2025-09-14 07:00:00,54.52700,54.79600,54.42800,54.45600
2025-09-14 08:00:00,54.45700,55.23900,54.40800,54.91200
2025-09-14 09:00:00,54.91600,55.32100,54.48900,55.08300
2025-09-14 10:00:00,55.07500,55.32400,54.58700,54.60400
2025-09-14 11:00:00,54.60400,54.66000,53.86500,54.02000
2025-09-14 12:00:00,54.02700,54.56100,53.64000,54.44000
2025-09-14 13:00:00,54.44000,54.91500,54.34600,54.70700
2025-09-14 14:00:00,54.70400,54.94200,54.53300,54.93400
2025-09-14 15:00:00,54.93500,54.95700,54.27600,54.36300
2025-09-14 16:00:00,54.36400,54.81000,54.28800,54.46500
2025-09-14 17:00:00,54.46500,54.60500,54.15400,54.53400
2025-09-14 18:00:00,54.53500,54.68800,54.20900,54.27700
2025-09-14 19:00:00,54.27800,54.45600,53.81900,53.91900
2025-09-14 20:00:00,53.91900,54.15100,53.62400,53.74600
2025-09-14 21:00:00,53.75000,54.20100,53.53000,54.12900
2025-09-14 22:00:00,54.12500,54.28700,53.53400,53.91700
2025-09-14 23:00:00,53.91700,54.44100,53.69600,54.02800
2025-09-15 00:00:00,54.02700,54.95900,54.00800,54.81600
2025-09-15 01:00:00,54.81300,54.86800,54.30000,54.77800
2025-09-15 02:00:00,54.77700,54.84000,54.22300,54.35000
2025-09-15 03:00:00,54.35000,54.66300,54.16000,54.19700
2025-09-15 04:00:00,54.19700,54.37800,54.04700,54.14300
2025-09-15 05:00:00,54.14300,54.27600,53.94000,54.16200
2025-09-15 06:00:00,54.16300,54.28500,53.91500,54.25300
2025-09-15 07:00:00,54.25300,54.25300,53.55600,53.68800
2025-09-15 08:00:00,53.68800,54.05100,53.67900,53.73300
2025-09-15 09:00:00,53.73200,53.90900,53.20100,53.79000
2025-09-15 10:00:00,53.78000,54.26900,53.76800,54.01800
2025-09-15 11:00:00,54.01800,54.39900,54.00100,54.29600
2025-09-15 12:00:00,54.29700,54.64400,54.23700,54.29400
2025-09-15 13:00:00,54.29500,54.50400,54.00900,54.02900
2025-09-15 14:00:00,54.03000,54.10200,53.47400,53.56500
2025-09-15 15:00:00,53.56400,53.92300,53.01500,53.22800
2025-09-15 16:00:00,53.22800,53.59800,52.34900,52.79000
2025-09-15 17:00:00,52.79000,53.62000,52.67400,53.57700
2025-09-15 18:00:00,53.57700,54.06100,53.31300,53.52300
2025-09-15 19:00:00,53.52600,53.59800,53.20800,53.30900
2025-09-15 20:00:00,53.31200,53.75400,52.93400,53.05500
2025-09-15 21:00:00,53.06100,53.23900,52.49100,52.60600
2025-09-15 22:00:00,52.60700,53.12800,52.25000,52.90900
2025-09-15 23:00:00,52.91700,53.15300,52.31300,52.66800
2025-09-16 00:00:00,52.66600,52.95300,52.20000,52.30700
2025-09-16 01:00:00,52.30700,52.56900,52.05400,52.54200
2025-09-16 02:00:00,52.54200,53.02200,52.27000,52.85000
2025-09-16 03:00:00,52.85000,53.66300,52.64800,53.65200
2025-09-16 04:00:00,53.65200,53.83200,53.38300,53.79500
2025-09-16 05:00:00,53.80500,53.87100,53.42500,53.55900
2025-09-16 06:00:00,53.55900,53.72900,53.43400,53.67600
2025-09-16 07:00:00,53.67600,54.02900,53.61200,54.00000
2025-09-16 08:00:00,54.00000,54.03200,53.18300,53.33600
2025-09-16 09:00:00,53.33900,53.78400,53.19900,53.31300
2025-09-16 10:00:00,53.31400,53.64300,53.21500,53.33300
2025-09-16 11:00:00,53.33400,53.51700,53.18100,53.25800
2025-09-16 12:00:00,53.25900,53.50300,52.96800,53.45600
2025-09-16 13:00:00,53.45700,53.89800,53.38500,53.84700
2025-09-16 14:00:00,53.84700,53.95800,53.29100,53.39600
2025-09-16 15:00:00,53.39700,53.53600,53.25300,53.35300
2025-09-16 16:00:00,53.35300,53.61700,53.16600,53.37600
2025-09-16 17:00:00,53.37900,53.47400,53.05800,53.24400
2025-09-16 18:00:00,53.24500,53.34500,52.85800,52.86100
2025-09-16 19:00:00,52.86200,52.90000,52.42400,52.75800
2025-09-16 20:00:00,52.76100,52.76100,52.29600,52.39200
2025-09-16 21:00:00,52.39200,54.11900,52.28100,53.36500
2025-09-16 22:00:00,53.36500,53.84300,52.94300,53.81100
2025-09-16 23:00:00,53.81000,54.15200,53.52700,54.08200
2025-09-17 00:00:00,54.08200,54.08900,53.52700,53.70900
2025-09-17 01:00:00,53.70800,54.16300,53.70000,54.07700
2025-09-17 02:00:00,54.07700,54.12700,53.87400,54.01200
2025-09-17 03:00:00,54.01200,54.02900,53.71100,53.88000
2025-09-17 04:00:00,53.88300,54.12000,53.80400,54.00600
2025-09-17 05:00:00,54.00600,54.45800,53.96700,54.43900
2025-09-17 06:00:00,54.43900,54.59700,54.29000,54.43900
2025-09-17 07:00:00,54.43900,54.61500,54.29700,54.45600
2025-09-17 08:00:00,54.45600,54.50400,54.03000,54.12700
2025-09-17 09:00:00,54.12700,54.46900,53.86500,53.97100
2025-09-17 10:00:00,53.97200,54.81800,53.85000,54.76400
2025-09-17 11:00:00,54.76400,54.79300,54.08000,54.12300
2025-09-17 12:00:00,54.12300,54.46000,53.96200,54.22000
2025-09-17 13:00:00,54.21500,54.77700,54.10000,54.68900
2025-09-17 14:00:00,54.68800,55.31900,54.62000,55.31300
2025-09-17 15:00:00,55.31300,55.31900,54.75900,54.98400
2025-09-17 16:00:00,54.98100,55.11600,54.70700,55.03600
2025-09-17 17:00:00,55.03500,55.06700,54.76600,54.90100
2025-09-17 18:00:00,54.90100,55.26200,54.73200,55.00500
2025-09-17 19:00:00,55.00500,55.54900,54.93200,55.26900
2025-09-17 20:00:00,55.26900,55.52000,54.90700,55.12800
2025-09-17 21:00:00,55.12800,55.41400,54.74100,55.06600
2025-09-17 22:00:00,55.07000,55.28800,54.78400,55.09200
2025-09-17 23:00:00,55.09200,55.58000,54.62100,54.62900
2025-09-18 00:00:00,54.62900,54.96900,54.32000,54.94800
2025-09-18 01:00:00,54.94800,55.71500,54.92300,54.94700
2025-09-18 02:00:00,54.99800,55.91400,54.63400,54.78300
2025-09-18 03:00:00,54.78300,55.76500,54.74700,55.52000
2025-09-18 04:00:00,55.51700,56.42000,55.50500,56.06900
2025-09-18 05:00:00,56.06500,57.03200,55.70000,56.94600
2025-09-18 06:00:00,56.94700,57.84000,56.90000,57.56200
2025-09-18 07:00:00,57.56400,58.04100,56.32600,57.76600
2025-09-18 08:00:00,57.76700,58.81800,57.70000,58.62400
2025-09-18 09:00:00,58.62100,59.63000,58.36900,58.84400
2025-09-18 10:00:00,58.84400,59.09500,58.25700,59.08200
2025-09-18 11:00:00,59.08100,59.42800,58.83600,59.03200
2025-09-18 12:00:00,59.03200,59.09300,58.40400,58.67700
2025-09-18 13:00:00,58.67900,58.82600,58.27900,58.42800
2025-09-18 14:00:00,58.43900,58.48900,58.05900,58.32300
2025-09-18 15:00:00,58.32300,58.79600,58.29400,58.39700
2025-09-18 16:00:00,58.39600,58.67500,58.02900,58.49700
2025-09-18 17:00:00,58.49300,58.78300,58.32900,58.59700
2025-09-18 18:00:00,58.59600,58.60600,57.57400,57.94700
2025-09-18 19:00:00,57.95000,58.32900,57.75000,57.81900
2025-09-18 20:00:00,57.81800,57.94900,57.46500,57.49300
2025-09-18 21:00:00,57.49300,57.99800,57.31200,57.76300
2025-09-18 22:00:00,57.76000,58.30900,57.70100,57.99100
2025-09-18 23:00:00,57.99100,58.10000,57.62100,57.84200
2025-09-19 00:00:00,57.84100,58.11800,57.68100,58.05900
2025-09-19 01:00:00,58.05800,58.36300,57.91300,58.36100
2025-09-19 02:00:00,58.36000,59.17000,58.29600,59.00000
2025-09-19 03:00:00,59.00200,59.01200,58.33600,58.67400
2025-09-19 04:00:00,58.67400,58.99500,58.46400,58.49900
2025-09-19 05:00:00,58.49900,58.52800,57.87200,58.17400
2025-09-19 06:00:00,58.17400,58.40000,57.92000,58.25400
2025-09-19 07:00:00,58.25300,58.69100,57.91200,58.68100
2025-09-19 08:00:00,58.68100,59.35100,58.40800,58.52500
2025-09-19 09:00:00,58.52500,58.59700,57.95400,57.98900
2025-09-19 10:00:00,57.98800,58.13000,57.61100,57.82000
2025-09-19 11:00:00,57.82000,57.87000,57.10000,57.28000
2025-09-19 12:00:00,57.28100,57.54000,57.01400,57.37700
2025-09-19 13:00:00,57.37700,57.43300,56.69700,56.96700
2025-09-19 14:00:00,56.96000,56.97800,56.30600,56.32000
2025-09-19 15:00:00,56.32000,57.01100,56.31500,56.38900
2025-09-19 16:00:00,56.39400,56.90100,56.36700,56.38600
2025-09-19 17:00:00,56.38600,56.53700,56.04100,56.07300
2025-09-19 18:00:00,56.07300,56.35200,55.81400,56.18000
2025-09-19 19:00:00,56.17900,56.23300,55.67600,55.86800
2025-09-19 20:00:00,55.86900,56.40000,55.79800,56.20300
2025-09-19 21:00:00,56.20300,57.22700,56.08000,56.85900
2025-09-19 22:00:00,56.86000,56.94200,55.70600,55.96000
2025-09-19 23:00:00,55.96400,56.48900,55.24000,56.11000
2025-09-20 00:00:00,56.11100,56.44500,55.88800,56.19900
2025-09-20 01:00:00,56.19900,56.24300,55.63100,55.83300
2025-09-20 02:00:00,55.83300,56.09600,55.69200,56.04700
2025-09-20 03:00:00,56.04700,56.31000,55.86100,55.94200
2025-09-20 04:00:00,55.93500,56.28300,55.91700,56.16000
2025-09-20 05:00:00,56.16000,56.36900,56.02900,56.25000
2025-09-20 06:00:00,56.25100,56.39400,56.20800,56.35400
2025-09-20 07:00:00,56.34800,56.37400,55.83900,56.18100
2025-09-20 08:00:00,56.18100,56.39400,55.93200,56.29400
2025-09-20 09:00:00,56.29500,56.29500,55.80700,55.87400
2025-09-20 10:00:00,55.87400,56.34300,55.63200,56.14700
2025-09-20 11:00:00,56.14700,56.17100,55.81000,56.03700
2025-09-20 12:00:00,56.03600,56.36900,55.90000,56.27000
2025-09-20 13:00:00,56.27000,56.49800,56.10800,56.48600
2025-09-20 14:00:00,56.48300,56.65700,56.32600,56.56300
2025-09-20 15:00:00,56.56300,56.66600,56.39200,56.61200
2025-09-20 16:00:00,56.61200,56.63300,56.14800,56.22000
2025-09-20 17:00:00,56.21900,56.44200,55.91000,55.91700
2025-09-20 18:00:00,55.91800,56.06800,55.60600,55.61700
2025-09-20 19:00:00,55.61800,55.88100,55.43500,55.44600
2025-09-20 20:00:00,55.44500,55.58400,55.10000,55.39500
2025-09-20 21:00:00,55.39500,55.51100,55.21700,55.38800
2025-09-20 22:00:00,55.38700,55.62000,54.77000,55.53800
2025-09-20 23:00:00,55.53800,55.98200,55.46800,55.65100
2025-09-21 00:00:00,55.65000,55.99500,55.40000,55.88700
2025-09-21 01:00:00,55.88800,55.91700,54.56600,54.65200
2025-09-21 02:00:00,54.65300,54.75700,54.01800,54.05700
2025-09-21 03:00:00,54.05700,54.42500,53.85000,54.32000
2025-09-21 04:00:00,54.32100,54.83100,54.19300,54.74700
2025-09-21 05:00:00,54.73700,54.91800,54.51600,54.53900
2025-09-21 06:00:00,54.54000,54.61200,54.13000,54.20500
2025-09-21 07:00:00,54.20500,54.26000,54.02800,54.25000
2025-09-21 08:00:00,54.24900,54.30900,53.65200,54.04900
2025-09-21 09:00:00,54.04400,54.15100,53.79800,53.87700
2025-09-21 10:00:00,53.87600,54.28800,53.74600,54.14900
2025-09-21 11:00:00,54.14900,54.24700,54.01700,54.18800
2025-09-21 12:00:00,54.18800,54.24200,54.00200,54.21900
2025-09-21 13:00:00,54.22000,54.38900,54.17500,54.28700
2025-09-21 14:00:00,54.29000,54.31400,53.92200,53.93900
2025-09-21 15:00:00,53.93800,54.06900,53.50000,53.62800
2025-09-21 16:00:00,53.62800,53.78600,53.13800,53.28200
2025-09-21 17:00:00,53.28300,53.40600,52.87500,52.89800
2025-09-21 18:00:00,52.89800,53.11700,52.16100,52.21400
2025-09-21 19:00:00,52.21300,52.74900,52.14000,52.50100
2025-09-21 20:00:00,52.50100,52.79900,52.41700,52.70800
2025-09-21 21:00:00,52.70900,52.89000,52.63900,52.83300
2025-09-21 22:00:00,52.83400,52.93600,52.33000,52.39500
2025-09-21 23:00:00,52.39400,52.58000,51.62800,52.05100
2025-09-22 00:00:00,52.05000,52.41700,51.02300,51.26600
2025-09-22 01:00:00,51.26600,51.76600,50.63500,51.58200
2025-09-22 02:00:00,51.58300,52.27900,51.34400,51.97700
2025-09-22 03:00:00,51.97600,52.21800,51.66500,52.19300
2025-09-22 04:00:00,52.19200,52.22800,51.78200,51.84000
2025-09-22 05:00:00,51.84000,51.91600,51.48200,51.57200
2025-09-22 06:00:00,51.57100,51.73600,51.29600,51.60700
2025-09-22 07:00:00,51.60700,51.61100,50.81400,50.89000
2025-09-22 08:00:00,50.89000,51.33700,49.50000,50.05000
2025-09-22 09:00:00,50.05400,50.34800,49.54400,49.79000
2025-09-22 10:00:00,49.79100,50.12900,48.97800,49.57700
2025-09-22 11:00:00,49.57600,49.81500,49.31500,49.78000
2025-09-22 12:00:00,49.78000,50.36700,49.52100,50.15300
2025-09-22 13:00:00,50.15200,50.31500,48.53000,48.53700
2025-09-22 14:00:00,48.53400,49.55600,45.99000,49.37200
2025-09-22 15:00:00,49.37100,49.37200,48.27400,48.56500
2025-09-22 16:00:00,48.56400,49.44900,48.49100,49.29100
2025-09-22 17:00:00,49.29200,49.36200,48.61500,48.76500
2025-09-22 18:00:00,48.76500,49.45100,48.51800,49.35500
2025-09-22 19:00:00,49.35300,49.47000,48.59600,48.87000
2025-09-22 20:00:00,48.86900,49.28300,48.62200,49.06800
2025-09-22 21:00:00,49.07000,49.99400,48.93200,49.93300
2025-09-22 22:00:00,49.93200,50.24000,49.14500,49.18900
2025-09-22 23:00:00,49.18800,49.32000,48.17800,48.35100
2025-09-23 00:00:00,48.35100,48.60900,47.74700,47.88200
2025-09-23 01:00:00,47.88500,48.61900,47.54000,48.03500
2025-09-23 02:00:00,48.03400,48.22700,47.67100,47.89100
2025-09-23 03:00:00,47.89600,47.95200,47.01600,47.15000
2025-09-23 04:00:00,47.15800,47.89700,46.86600,47.88100
2025-09-23 05:00:00,47.88000,48.05700,47.69000,47.91400
2025-09-23 06:00:00,47.91300,47.97200,47.32000,47.32300
2025-09-23 07:00:00,47.32700,47.57200,47.18100,47.27800
2025-09-23 08:00:00,47.27800,47.36400,46.25800,46.48700
2025-09-23 09:00:00,46.48600,46.56400,46.10600,46.13400
2025-09-23 10:00:00,46.13400,46.28400,45.52000,45.52300
2025-09-23 11:00:00,45.52500,46.72200,45.30500,46.10200
2025-09-23 12:00:00,46.10200,46.70900,45.95300,46.44900
2025-09-23 13:00:00,46.45000,48.24100,46.33900,47.98000
2025-09-23 14:00:00,47.98000,48.87400,47.88600,48.69400
2025-09-23 15:00:00,48.69700,48.77300,48.14800,48.67500
2025-09-23 16:00:00,48.67300,48.90400,48.42200,48.71800
2025-09-23 17:00:00,48.71700,48.94600,47.85400,48.07000
2025-09-23 18:00:00,48.07000,48.30900,47.91900,48.17200
2025-09-23 19:00:00,48.17300,48.17900,47.71300,48.05300
2025-09-23 20:00:00,48.05200,48.07700,47.46100,47.63800
2025-09-23 21:00:00,47.63800,48.04600,47.25800,47.86700
2025-09-23 22:00:00,47.87000,48.62700,47.06700,47.10200
2025-09-23 23:00:00,47.10000,47.62200,46.80100,47.31700
2025-09-24 00:00:00,47.31800,47.71900,47.05500,47.43600
2025-09-24 01:00:00,47.43600,47.51300,46.48000,46.56300
2025-09-24 02:00:00,46.56300,46.67200,45.03200,45.14300
2025-09-24 03:00:00,45.14400,46.05000,44.47700,44.58000
2025-09-24 04:00:00,44.58000,45.41900,44.58000,45.39300
2025-09-24 05:00:00,45.39200,45.61400,44.98600,45.04000
2025-09-24 06:00:00,45.04100,45.45100,44.83800,45.26700
2025-09-24 07:00:00,45.26800,45.27300,44.36400,44.67100
2025-09-24 08:00:00,44.67200,45.32200,44.34100,44.71100
2025-09-24 09:00:00,44.71200,45.58500,44.55800,45.55600
2025-09-24 10:00:00,45.55700,45.67400,44.90700,45.14400
2025-09-24 11:00:00,45.14500,45.20000,44.05300,44.15900
2025-09-24 12:00:00,44.15900,44.53000,43.59600,43.97700
2025-09-24 13:00:00,43.97800,44.83800,43.88900,44.46900
2025-09-24 14:00:00,44.46800,45.20400,44.38500,45.13800
2025-09-24 15:00:00,45.13700,45.13700,44.13500,44.50100
2025-09-24 16:00:00,44.50200,44.64000,43.30700,43.64400
2025-09-24 17:00:00,43.64500,44.57700,43.27400,44.54200
2025-09-24 18:00:00,44.54100,45.00000,44.22500,44.68700
2025-09-24 19:00:00,44.68600,46.07500,44.48100,45.90900
2025-09-24 20:00:00,45.90800,46.47100,45.46000,45.56200
2025-09-24 21:00:00,45.56100,45.84600,44.60700,44.64500
2025-09-24 22:00:00,44.64400,46.81800,44.62400,46.35400
2025-09-24 23:00:00,46.35400,46.50800,45.20400,45.27700
2025-09-25 00:00:00,45.28000,45.46200,44.86300,44.96800
2025-09-25 01:00:00,44.97000,45.69500,44.92200,45.58400
2025-09-25 02:00:00,45.58300,45.75300,45.12600,45.52400
2025-09-25 03:00:00,45.52500,46.15700,45.47900,45.97700
2025-09-25 04:00:00,45.97800,46.32100,45.84000,46.17200
2025-09-25 05:00:00,46.17000,46.35500,45.50000,45.60200
2025-09-25 06:00:00,45.60300,46.32200,45.59500,45.98300
2025-09-25 07:00:00,45.98300,46.26500,45.29100,45.64600
2025-09-25 08:00:00,45.65600,46.01900,45.36200,45.52500
2025-09-25 09:00:00,45.52300,45.74900,44.64800,44.68900
2025-09-25 10:00:00,44.69200,44.86800,43.90000,43.99400
2025-09-25 11:00:00,43.99400,44.08900,42.84200,43.41900
2025-09-25 12:00:00,43.40900,43.82500,42.56600,42.95700
2025-09-25 13:00:00,42.95900,43.52600,42.59100,42.97300
2025-09-25 14:00:00,42.97200,43.07800,42.25500,42.30900
2025-09-25 15:00:00,42.30900,42.90600,42.16100,42.20600
2025-09-25 16:00:00,42.20500,42.96400,42.13400,42.81900
2025-09-25 17:00:00,42.82000,43.63900,42.70000,42.98900
2025-09-25 18:00:00,42.98800,43.38500,42.44500,42.48600
2025-09-25 19:00:00,42.48600,42.63500,41.68100,41.84800
2025-09-25 20:00:00,41.84500,41.91000,40.81600,41.38800
2025-09-25 21:00:00,41.38600,42.10000,40.75100,41.84100
2025-09-25 22:00:00,41.84300,42.45800,41.35800,41.51600
2025-09-25 23:00:00,41.51500,41.73000,40.87300,41.72600
2025-09-26 00:00:00,41.72800,42.23000,41.32700,41.50400
2025-09-26 01:00:00,41.49800,42.20800,41.16200,41.94700
2025-09-26 02:00:00,41.94600,43.12100,41.56000,43.10800
2025-09-26 03:00:00,43.10800,43.11500,42.21300,42.36600
2025-09-26 04:00:00,42.36800,42.38200,41.25000,41.75200
2025-09-26 05:00:00,41.75200,43.49300,41.18000,41.78800
2025-09-26 06:00:00,41.78600,42.10400,40.51000,41.12100
2025-09-26 07:00:00,41.12100,41.43600,39.72000,40.41400
2025-09-26 08:00:00,40.41300,42.17000,40.38100,42.09100
2025-09-26 09:00:00,42.09700,42.73200,42.01900,42.29500
2025-09-26 10:00:00,42.29500,43.05200,42.22600,42.55100
2025-09-26 11:00:00,42.55100,43.33200,42.45600,42.95100
2025-09-26 12:00:00,42.95500,43.36000,42.27600,42.31900
2025-09-26 13:00:00,42.32800,42.84600,41.93400,42.12000
2025-09-26 14:00:00,42.12000,42.52400,41.73400,41.98600
2025-09-26 15:00:00,41.99100,42.53500,41.91600,42.50300
2025-09-26 16:00:00,42.50200,42.81000,42.32100,42.49600
2025-09-26 17:00:00,42.49500,42.65800,41.89300,42.22600
2025-09-26 18:00:00,42.22500,42.25800,41.23400,41.25900
2025-09-26 19:00:00,41.25800,41.31800,40.78300,41.15500
2025-09-26 20:00:00,41.15200,42.64100,40.93000,42.50800
2025-09-26 21:00:00,42.50800,43.70900,42.22300,43.49100
2025-09-26 22:00:00,43.48600,43.65100,42.64000,43.22100
2025-09-26 23:00:00,43.22000,44.36600,43.14100,44.27600
2025-09-27 00:00:00,44.27500,44.99900,44.10900,44.66100
2025-09-27 01:00:00,44.66000,45.44600,44.48000,45.09400
2025-09-27 02:00:00,45.09400,45.67800,44.83200,45.59100
2025-09-27 03:00:00,45.59200,45.61200,44.72700,44.86700
2025-09-27 04:00:00,44.86700,45.34700,44.45400,44.54500
2025-09-27 05:00:00,44.54500,44.78300,44.31500,44.33900
2025-09-27 06:00:00,44.34000,44.82600,44.18600,44.66600
2025-09-27 07:00:00,44.66500,45.04200,44.38400,44.82700
2025-09-27 08:00:00,44.82500,45.46000,44.72900,45.44500
2025-09-27 09:00:00,45.43800,45.49700,44.57300,44.80900
2025-09-27 10:00:00,44.81000,44.88300,44.26000,44.26800
2025-09-27 11:00:00,44.27200,44.56100,43.87100,43.88100
2025-09-27 12:00:00,43.88100,44.24800,43.65800,44.21800
2025-09-27 13:00:00,44.21800,44.76000,44.01800,44.71500
2025-09-27 14:00:00,44.71400,44.83900,44.46200,44.82100
2025-09-27 15:00:00,44.82100,44.96000,44.32000,44.52900
2025-09-27 16:00:00,44.52800,44.59100,43.28400,43.55200
2025-09-27 17:00:00,43.54900,43.80600,43.06700,43.66100
2025-09-27 18:00:00,43.66100,43.93600,43.36600,43.84100
2025-09-27 19:00:00,43.84400,44.10100,43.71700,43.72200
2025-09-27 20:00:00,43.72200,44.15400,43.35000,44.02600
2025-09-27 21:00:00,44.02700,45.90000,43.97200,45.07300
2025-09-27 22:00:00,45.07000,45.50000,44.85900,45.03100
2025-09-27 23:00:00,45.03000,45.84700,44.69000,45.80800
2025-09-28 00:00:00,45.80800,45.87300,45.23700,45.38800
2025-09-28 01:00:00,45.38600,45.94500,45.10000,45.92600
2025-09-28 02:00:00,45.92600,45.93700,45.35700,45.49500
2025-09-28 03:00:00,45.49500,45.73000,45.19300,45.65100
2025-09-28 04:00:00,45.65100,46.17800,45.56000,45.68000
2025-09-28 05:00:00,45.68000,46.11400,45.50700,45.81000
2025-09-28 06:00:00,45.81500,46.60100,45.76600,46.00500
2025-09-28 07:00:00,46.00800,46.21800,45.07400,45.75000
2025-09-28 08:00:00,45.75100,45.88300,45.39500,45.46600
2025-09-28 09:00:00,45.46700,45.69100,45.08300,45.08700
2025-09-28 10:00:00,45.08600,45.29700,44.92600,45.16100
2025-09-28 11:00:00,45.16100,45.37200,44.50200,44.77800
2025-09-28 12:00:00,44.77900,44.93000,44.60900,44.71400
2025-09-28 13:00:00,44.71500,44.89000,44.38000,44.47900
2025-09-28 14:00:00,44.47900,44.54200,44.18300,44.53000
2025-09-28 15:00:00,44.53000,44.87500,44.35900,44.84600
2025-09-28 16:00:00,44.84600,44.99600,44.27200,44.28400
2025-09-28 17:00:00,44.28400,44.41800,43.81100,44.02000
2025-09-28 18:00:00,44.01500,44.01500,43.71600,43.98700
2025-09-28 19:00:00,43.98700,44.03700,43.42100,43.62500
2025-09-28 20:00:00,43.62500,43.66000,42.91200,43.20500
2025-09-28 21:00:00,43.20700,43.82900,43.16400,43.75800
2025-09-28 22:00:00,43.75800,44.25200,43.49200,44.23600
2025-09-28 23:00:00,44.23900,44.56800,44.07000,44.55200
2025-09-29 00:00:00,44.55200,45.36600,44.53800,45.27700
2025-09-29 01:00:00,45.27700,46.01400,45.20000,45.70100
2025-09-29 02:00:00,45.70100,45.93500,45.46900,45.92500
2025-09-29 03:00:00,45.92400,45.99900,45.30000,45.68700
2025-09-29 04:00:00,45.68700,46.95700,45.55800,46.57800
2025-09-29 05:00:00,46.58100,47.22000,46.24800,46.47100
2025-09-29 06:00:00,46.47300,47.23000,46.27700,47.14400
2025-09-29 07:00:00,47.14300,47.33000,46.71500,47.17100
2025-09-29 08:00:00,47.17700,47.21000,46.28000,46.86000
2025-09-29 09:00:00,46.86100,47.52400,46.76000,47.02000
2025-09-29 10:00:00,47.01900,47.51300,46.97600,47.43900
2025-09-29 11:00:00,47.43800,47.46400,46.68400,47.34700
2025-09-29 12:00:00,47.34800,47.76500,46.97700,47.02700
2025-09-29 13:00:00,47.03700,47.22000,46.68900,46.98000
2025-09-29 14:00:00,46.98000,47.13400,46.68600,46.98700
2025-09-29 15:00:00,46.98500,47.94400,46.76800,47.73800
2025-09-29 16:00:00,47.73900,48.08000,47.39400,47.96500
2025-09-29 17:00:00,47.96300,48.12400,47.17300,47.20100
2025-09-29 18:00:00,47.20000,47.34000,46.56500,46.60400
2025-09-29 19:00:00,46.60500,46.76900,45.90900,46.25600
2025-09-29 20:00:00,46.25600,46.64400,45.92400,46.05900
2025-09-29 21:00:00,46.05800,47.25000,45.75000,46.94900
2025-09-29 22:00:00,46.95300,47.86600,46.72600,47.58200
2025-09-29 23:00:00,47.58400,47.81000,46.52800,46.67000
2025-09-30 00:00:00,46.67200,47.15800,46.10400,46.12900
2025-09-30 01:00:00,46.12900,46.19100,44.96400,45.57000
2025-09-30 02:00:00,45.57000,45.85200,45.24100,45.83300
2025-09-30 03:00:00,45.83300,46.09200,45.61800,46.03200
2025-09-30 04:00:00,46.03900,47.10200,45.93600,46.85800
2025-09-30 05:00:00,46.85800,46.99400,46.46100,46.61800
2025-09-30 06:00:00,46.61900,46.68900,46.29600,46.54500
2025-09-30 07:00:00,46.55000,46.56800,46.07400,46.19000
2025-09-30 08:00:00,46.19000,46.31300,45.51100,45.64000
2025-09-30 09:00:00,45.63900,45.91700,44.77700,45.03700
2025-09-30 10:00:00,45.03700,45.59300,44.95200,45.02200
2025-09-30 11:00:00,45.02300,45.27400,44.53500,44.68200
2025-09-30 12:00:00,44.68100,44.87300,44.33200,44.50000
2025-09-30 13:00:00,44.50100,44.98500,44.36700,44.81600
2025-09-30 14:00:00,44.81600,45.25800,44.58300,45.13500
2025-09-30 15:00:00,45.13400,45.31600,44.67100,44.99000
2025-09-30 16:00:00,44.99000,45.24800,44.58400,44.61600
2025-09-30 17:00:00,44.61900,44.69100,43.61000,44.10300
2025-09-30 18:00:00,44.10300,45.63900,44.02700,45.49500
2025-09-30 19:00:00,45.49500,45.70000,45.11200,45.64500
2025-09-30 20:00:00,45.64700,45.64800,44.84000,44.94800
2025-09-30 21:00:00,44.94800,45.51900,44.63900,44.91800
2025-09-30 22:00:00,44.91700,45.12900,44.55000,44.78800
2025-09-30 23:00:00,44.78600,44.81100,43.50600,43.86300
2025-10-01 00:00:00,43.86300,44.11200,43.51800,43.91900
2025-10-01 01:00:00,43.92000,47.05400,43.74700,44.96200
2025-10-01 02:00:00,44.96400,45.60900,44.69200,44.90400
2025-10-01 03:00:00,44.90400,45.76300,44.46000,45.50900
2025-10-01 04:00:00,45.50900,46.51000,45.23000,46.28200
2025-10-01 05:00:00,46.28300,46.38500,45.50000,45.50100
2025-10-01 06:00:00,45.50000,45.81500,45.05400,45.08100
2025-10-01 07:00:00,45.08000,45.33300,44.88400,45.22000
2025-10-01 08:00:00,45.22100,45.59400,44.57500,45.10600
2025-10-01 09:00:00,45.10700,45.85200,44.91600,45.77200
2025-10-01 10:00:00,45.77200,45.89000,45.27700,45.40800
2025-10-01 11:00:00,45.40600,45.55500,44.65800,44.97400
2025-10-01 12:00:00,44.97400,45.44400,44.85100,44.92000
2025-10-01 13:00:00,44.92100,45.34000,44.82000,44.90300
2025-10-01 14:00:00,44.89800,45.01000,44.61900,44.75900
2025-10-01 15:00:00,44.75800,45.72300,44.72700,45.70000
2025-10-01 16:00:00,45.70000,47.08500,45.59300,46.77600
2025-10-01 17:00:00,46.77600,47.30000,46.19000,46.93300
2025-10-01 18:00:00,46.93300,47.13900,46.54000,46.80000
2025-10-01 19:00:00,46.80000,47.68900,46.68400,47.58600
2025-10-01 20:00:00,47.57800,47.67800,47.24300,47.29300
2025-10-01 21:00:00,47.29300,47.88500,47.29300,47.70500
2025-10-01 22:00:00,47.70000,48.10600,47.14900,47.26800
2025-10-01 23:00:00,47.26700,47.59600,46.88000,47.23400
2025-10-02 00:00:00,47.23600,48.00600,47.11600,47.32000
2025-10-02 01:00:00,47.32100,47.49900,46.67300,46.96000
2025-10-02 02:00:00,46.95900,47.14500,46.67300,46.93800
2025-10-02 03:00:00,46.93700,47.35300,46.87400,47.09400
2025-10-02 04:00:00,47.09400,47.18600,46.60700,46.71100
2025-10-02 05:00:00,46.71100,46.80800,46.32900,46.79200
2025-10-02 06:00:00,46.79300,47.25800,46.64000,47.04200
2025-10-02 07:00:00,47.04500,47.27900,46.82900,47.23300
2025-10-02 08:00:00,47.22800,47.98800,46.99300,47.14500
2025-10-02 09:00:00,47.15200,48.84900,47.05800,48.66000
2025-10-02 10:00:00,48.66900,48.84200,48.12500,48.33300
2025-10-02 11:00:00,48.33300,49.36900,48.29000,49.35900
2025-10-02 12:00:00,49.35900,49.62100,48.81200,49.35600
2025-10-02 13:00:00,49.35600,49.71400,49.06100,49.07900
2025-10-02 14:00:00,49.07900,49.57700,48.91200,49.20300
2025-10-02 15:00:00,49.20200,49.23100,48.58300,48.80700
2025-10-02 16:00:00,48.80600,49.24400,48.67600,49.23000
2025-10-02 17:00:00,49.23100,49.51400,48.98500,49.43200
2025-10-02 18:00:00,49.43200,49.54800,49.13900,49.41000
2025-10-02 19:00:00,49.40100,49.84500,49.32900,49.58300
2025-10-02 20:00:00,49.58100,49.89000,49.37600,49.68900
2025-10-02 21:00:00,49.68800,49.69400,48.89500,49.08500
2025-10-02 22:00:00,49.08500,49.10600,48.55100,48.79000
2025-10-02 23:00:00,48.79000,49.34300,48.58000,49.18100
2025-10-03 00:00:00,49.17900,49.97500,49.07600,49.18100
2025-10-03 01:00:00,49.18200,49.97600,48.95200,49.81200
2025-10-03 02:00:00,49.81200,50.41500,49.76600,50.01600
2025-10-03 03:00:00,50.01800,51.08900,49.99500,50.85500
2025-10-03 04:00:00,50.85400,50.86800,50.10500,50.73600
2025-10-03 05:00:00,50.73600,50.91200,50.00400,50.15300
2025-10-03 06:00:00,50.15200,50.47100,49.93500,50.13900
2025-10-03 07:00:00,50.13400,50.86800,50.11000,50.81100
2025-10-03 08:00:00,50.81200,50.82900,50.24800,50.49800
2025-10-03 09:00:00,50.49700,50.73600,49.64700,49.72600
2025-10-03 10:00:00,49.72600,50.59500,49.69200,50.58700
2025-10-03 11:00:00,50.58600,50.82800,50.06400,50.10600
2025-10-03 12:00:00,50.11300,50.37400,49.54900,50.32400
2025-10-03 13:00:00,50.32700,50.37800,49.93900,50.13000
2025-10-03 14:00:00,50.13000,50.40000,49.64500,49.79700
2025-10-03 15:00:00,49.79600,49.96500,49.32300,49.54200
2025-10-03 16:00:00,49.54200,49.68200,48.50000,49.08000
2025-10-03 17:00:00,49.08000,49.49800,48.85700,49.35300
2025-10-03 18:00:00,49.35500,49.92400,49.23500,49.91500
2025-10-03 19:00:00,49.91200,49.91500,49.16400,49.48600
2025-10-03 20:00:00,49.48700,49.64900,48.87700,49.05600
2025-10-03 21:00:00,49.05700,49.29100,48.75300,48.90800
2025-10-03 22:00:00,48.90800,49.67500,48.38700,49.30500
2025-10-03 23:00:00,49.30400,50.73300,48.96000,50.43200
2025-10-04 00:00:00,50.43200,50.87800,50.03600,50.12400
2025-10-04 01:00:00,50.12400,50.87500,49.60300,50.02900
2025-10-04 02:00:00,50.03100,50.55400,49.59300,50.20000
2025-10-04 03:00:00,50.20100,50.33300,49.71500,49.99900
2025-10-04 04:00:00,49.99900,50.16700,49.65200,50.06700
2025-10-04 05:00:00,50.06800,50.09600,49.70400,49.78900
2025-10-04 06:00:00,49.78900,50.10100,49.66300,50.02400
2025-10-04 07:00:00,50.02200,50.02200,49.29900,49.43100
2025-10-04 08:00:00,49.43100,49.59000,48.80400,48.95300
2025-10-04 09:00:00,48.95400,49.04300,48.62700,48.73800
2025-10-04 10:00:00,48.73800,49.10400,48.61800,49.02200
2025-10-04 11:00:00,49.02400,49.17900,48.85000,48.96200
2025-10-04 12:00:00,48.96400,49.15500,48.78400,48.96400
2025-10-04 13:00:00,48.96500,49.27700,48.65400,48.72400
2025-10-04 14:00:00,48.72300,49.17500,48.58400,49.02000
2025-10-04 15:00:00,49.02000,49.16700,48.62800,48.69500
2025-10-04 16:00:00,48.69600,48.91300,48.12200,48.25100
2025-10-04 17:00:00,48.25100,48.56400,48.24000,48.28800
2025-10-04 18:00:00,48.28900,48.69000,48.02500,48.06900
2025-10-04 19:00:00,48.07000,48.32500,47.76500,48.22800
2025-10-04 20:00:00,48.22800,48.50400,48.06600,48.15300
2025-10-04 21:00:00,48.15300,48.80200,48.12300,48.61900
2025-10-04 22:00:00,48.62000,48.85000,47.91400,47.92300
2025-10-04 23:00:00,47.92500,48.08800,47.66600,47.89100
2025-10-05 00:00:00,47.89100,48.33300,47.88100,48.31000
2025-10-05 01:00:00,48.31100,48.47000,48.15500,48.36400
2025-10-05 02:00:00,48.36400,48.75700,48.28400,48.36900
2025-10-05 03:00:00,48.36900,48.74400,48.31900,48.56500
2025-10-05 04:00:00,48.56500,48.76000,48.43600,48.56400
2025-10-05 05:00:00,48.56400,49.06800,48.56100,48.80200
2025-10-05 06:00:00,48.80200,49.08000,48.76300,49.00700
2025-10-05 07:00:00,49.00600,49.31900,48.78300,49.12100
2025-10-05 08:00:00,49.12100,49.93100,48.86400,48.89000
2025-10-05 09:00:00,48.89000,49.50900,48.86600,49.31300
2025-10-05 10:00:00,49.31100,50.24000,49.08700,50.16900
2025-10-05 11:00:00,50.16900,50.29800,49.77200,49.96500
2025-10-05 12:00:00,49.96600,50.84700,49.81800,50.52300
2025-10-05 13:00:00,50.52300,51.02800,50.27200,50.59600
2025-10-05 14:00:00,50.59600,50.67600,50.10600,50.63400
2025-10-05 15:00:00,50.63500,51.33900,50.57000,51.27400
2025-10-05 16:00:00,51.27400,51.49600,50.74500,50.88800
2025-10-05 17:00:00,50.88900,51.00500,49.97800,50.08000
2025-10-05 18:00:00,50.08000,50.14200,49.04300,49.15400
2025-10-05 19:00:00,49.15200,49.48300,48.91600,49.28900
2025-10-05 20:00:00,49.28900,49.30000,48.85400,48.97500
2025-10-05 21:00:00,48.97600,49.50000,48.94500,49.37700
2025-10-05 22:00:00,49.37800,49.55000,48.56200,48.94500
2025-10-05 23:00:00,48.94400,49.16700,48.82200,48.99200
2025-10-06 00:00:00,48.99200,49.17200,48.52300,49.11500
2025-10-06 01:00:00,49.11500,49.21800,48.46400,48.50000
2025-10-06 02:00:00,48.50000,48.63200,47.71000,47.91500
2025-10-06 03:00:00,47.91600,48.06600,47.33300,47.44700
2025-10-06 04:00:00,47.44400,48.01400,47.33600,47.85600
2025-10-06 05:00:00,47.85600,47.99300,47.71700,47.88500
2025-10-06 06:00:00,47.88500,48.32600,47.88500,48.26500
2025-10-06 07:00:00,48.26200,48.45900,48.12000,48.19500
2025-10-06 08:00:00,48.19500,48.69300,47.82800,48.02500
2025-10-06 09:00:00,48.02400,48.81700,47.91600,48.52200
2025-10-06 10:00:00,48.52100,48.74800,48.17300,48.55500
2025-10-06 11:00:00,48.55300,48.57700,48.28600,48.41300
2025-10-06 12:00:00,48.41300,48.72200,48.26200,48.31600
2025-10-06 13:00:00,48.31600,48.74600,48.23500,48.62900
2025-10-06 14:00:00,48.62900,49.00500,48.57500,48.84800
2025-10-06 15:00:00,48.85000,49.12400,48.27100,48.47900
2025-10-06 16:00:00,48.48000,48.88600,48.48000,48.78200
2025-10-06 17:00:00,48.78300,49.10000,48.61800,48.71000
2025-10-06 18:00:00,48.70800,48.74400,48.33300,48.36400
2025-10-06 19:00:00,48.36400,48.60000,48.05400,48.27500
2025-10-06 20:00:00,48.28100,49.05000,48.25000,48.62600
2025-10-06 21:00:00,48.62500,48.95400,48.27800,48.82600
2025-10-06 22:00:00,48.83000,49.17300,48.32000,48.40900
2025-10-06 23:00:00,48.40800,49.01000,48.33200,48.79700
2025-10-07 00:00:00,48.79600,49.00800,48.24800,48.70900
2025-10-07 01:00:00,48.70700,48.94500,48.31000,48.85400
2025-10-07 02:00:00,48.85500,49.46500,48.68400,49.36500
2025-10-07 03:00:00,49.36500,49.58700,49.06200,49.31200
2025-10-07 04:00:00,49.32500,49.73600,48.72700,49.01200
2025-10-07 05:00:00,49.00800,49.11500,48.47500,48.85300
2025-10-07 06:00:00,48.85300,48.88900,48.23400,48.31700
2025-10-07 07:00:00,48.31800,48.37200,47.20000,47.21300
2025-10-07 08:00:00,47.21200,47.74800,47.01000,47.27500
2025-10-07 09:00:00,47.27600,47.27600,46.58700,46.95200
2025-10-07 10:00:00,46.95200,47.12600,46.70400,46.86000
2025-10-07 11:00:00,46.86400,47.01200,46.33600,46.58400
2025-10-07 12:00:00,46.58400,46.58400,46.06200,46.45800
2025-10-07 13:00:00,46.45300,46.63800,46.08200,46.62900
2025-10-07 14:00:00,46.63200,46.63300,45.77200,45.95400
2025-10-07 15:00:00,45.95600,46.20600,45.69000,45.82800
2025-10-07 16:00:00,45.82800,46.21800,45.55500,46.01200
2025-10-07 17:00:00,46.01200,46.33000,45.97900,46.20300
2025-10-07 18:00:00,46.20300,46.52800,46.06400,46.11400
2025-10-07 19:00:00,46.11500,46.35900,45.87000,45.96000
2025-10-07 20:00:00,45.96000,46.47000,45.83100,46.44400
2025-10-07 21:00:00,46.45000,46.54200,45.53900,45.64600
2025-10-07 22:00:00,45.64900,45.73600,44.82000,44.91200
2025-10-07 23:00:00,44.91200,45.42000,44.52600,45.22100
2025-10-08 00:00:00,45.22000,45.73300,45.05200,45.55200
2025-10-08 01:00:00,45.55100,45.71500,45.02500,45.02900
2025-10-08 02:00:00,45.03000,45.28000,44.65900,44.77100
2025-10-08 03:00:00,44.77100,45.17900,44.69700,44.96800
2025-10-08 04:00:00,44.97200,45.42300,44.95500,45.18800
2025-10-08 05:00:00,45.18900,45.56900,45.04800,45.15300
2025-10-08 06:00:00,45.15400,45.68600,45.04400,45.38900
2025-10-08 07:00:00,45.39000,45.41700,45.00000,45.12300
2025-10-08 08:00:00,45.12400,45.67600,44.84000,45.43900
2025-10-08 09:00:00,45.43900,45.97000,45.28000,45.78500
2025-10-08 10:00:00,45.78500,46.25200,45.64300,45.99100
2025-10-08 11:00:00,45.99000,46.14300,45.31500,45.53200
2025-10-08 12:00:00,45.53200,46.13400,45.41100,45.98400
2025-10-08 13:00:00,45.98300,45.98300,45.36700,45.62600
2025-10-08 14:00:00,45.62500,45.78400,45.36300,45.77700
2025-10-08 15:00:00,45.77900,46.36000,45.75600,46.35200
2025-10-08 16:00:00,46.35700,46.50300,46.24900,46.40800
2025-10-08 17:00:00,46.40800,46.50800,46.07000,46.12300
2025-10-08 18:00:00,46.12300,46.66500,46.05600,46.43600
2025-10-08 19:00:00,46.43300,46.56700,45.79400,45.94500
2025-10-08 20:00:00,45.94500,46.12400,45.82000,45.96600
2025-10-08 21:00:00,45.96400,46.18200,45.62700,46.15000
2025-10-08 22:00:00,46.15100,46.55700,45.70300,45.86700
2025-10-08 23:00:00,45.87000,46.15700,45.73500,45.76000
2025-10-09 00:00:00,45.75900,47.03000,45.74700,46.91600
2025-10-09 01:00:00,46.91600,47.21300,46.47000,46.57200
2025-10-09 02:00:00,46.57200,47.35200,46.41200,46.91600
2025-10-09 03:00:00,46.91600,47.01000,46.47400,46.77800
2025-10-09 04:00:00,46.77900,46.84200,46.32500,46.34600
2025-10-09 05:00:00,46.34800,46.60500,46.18400,46.27200
2025-10-09 06:00:00,46.27100,46.48700,46.20900,46.21000
2025-10-09 07:00:00,46.21000,46.64600,45.90200,46.64500
2025-10-09 08:00:00,46.64500,46.80400,46.09600,46.14000
2025-10-09 09:00:00,46.14000,46.24600,45.41300,45.77700
2025-10-09 10:00:00,45.77700,45.82300,44.92600,45.05300
2025-10-09 11:00:00,45.05300,45.64000,45.04400,45.36200
2025-10-09 12:00:00,45.36500,45.91800,45.03900,45.73600
2025-10-09 13:00:00,45.73400,45.83600,45.52800,45.71900
2025-10-09 14:00:00,45.72000,45.92800,45.24800,45.55200
2025-10-09 15:00:00,45.55300,45.62700,45.10100,45.29300
2025-10-09 16:00:00,45.29300,45.42000,44.53000,44.69700
2025-10-09 17:00:00,44.70000,45.01900,44.30000,44.61200
2025-10-09 18:00:00,44.61100,44.86800,44.41000,44.44200
2025-10-09 19:00:00,44.44200,44.67000,44.26800,44.27800
2025-10-09 20:00:00,44.27900,44.98000,44.17900,44.74200
2025-10-09 21:00:00,44.74200,44.85300,44.20900,44.25200
2025-10-09 22:00:00,44.25300,44.53700,43.27500,43.40400
2025-10-09 23:00:00,43.40900,43.65700,42.78800,43.20700
2025-10-10 00:00:00,43.20700,43.45000,42.35900,42.56700
2025-10-10 01:00:00,42.56700,43.17900,42.38000,43.12600
2025-10-10 02:00:00,43.12600,43.17100,42.67500,42.97600
2025-10-10 03:00:00,42.97800,43.61600,42.95200,43.53300
2025-10-10 04:00:00,43.53300,44.06400,43.49900,43.80900
2025-10-10 05:00:00,43.80900,44.10000,43.69700,44.07600
2025-10-10 06:00:00,44.07700,44.56600,43.96600,44.23200
2025-10-10 07:00:00,44.23100,44.31000,43.91800,43.96500
2025-10-10 08:00:00,43.96600,44.18300,43.94500,44.09000
2025-10-10 09:00:00,44.09100,44.30200,44.02100,44.24600
2025-10-10 10:00:00,44.24600,44.45300,44.09300,44.12700
2025-10-10 11:00:00,44.12700,44.56400,43.94600,44.20200
2025-10-10 12:00:00,44.20000,44.34100,43.49100,43.71400
2025-10-10 13:00:00,43.71400,43.96800,43.44400,43.92200
2025-10-10 14:00:00,43.92400,44.25100,43.82000,43.96000
2025-10-10 15:00:00,43.96000,43.97000,43.46600,43.68800
2025-10-10 16:00:00,43.69000,44.35500,43.69000,44.31000
2025-10-10 17:00:00,44.30900,44.75900,44.21200,44.33900
2025-10-10 18:00:00,44.33900,44.67000,44.30100,44.56600
2025-10-10 19:00:00,44.56700,44.84400,44.43000,44.71600
2025-10-10 20:00:00,44.71700,44.81500,44.40400,44.70000
2025-10-10 21:00:00,44.70000,45.19200,44.52900,45.05400
2025-10-10 22:00:00,45.05300,45.41100,44.23100,44.30000
2025-10-10 23:00:00,44.30100,44.36400,42.10000,42.60000
2025-10-11 00:00:00,42.59900,43.17200,42.20000,42.67400
2025-10-11 01:00:00,42.67400,43.56200,42.53700,42.84800
2025-10-11 02:00:00,42.84900,43.17600,42.31800,42.40200
2025-10-11 03:00:00,42.40100,42.98700,42.11300,42.86200
2025-10-11 04:00:00,42.86500,43.38600,40.61200,40.85800
2025-10-11 05:00:00,40.85800,46.06400,21.02900,41.97300
2025-10-11 06:00:00,41.98000,42.11300,38.44000,39.62600
2025-10-11 07:00:00,39.61800,40.41900,37.52100,37.73500
2025-10-11 08:00:00,37.73500,39.11300,37.23800,38.62000
2025-10-11 09:00:00,38.61900,38.90200,36.07000,36.98800
2025-10-11 10:00:00,36.99000,39.35200,36.90600,39.21400
2025-10-11 11:00:00,39.21900,39.24400,37.49300,37.98900
2025-10-11 12:00:00,37.99100,39.27200,37.92800,39.27200
2025-10-11 13:00:00,39.27200,39.78300,38.86100,38.89700
2025-10-11 14:00:00,38.89800,39.34100,38.38400,39.04900
2025-10-11 15:00:00,39.05200,40.03400,38.59500,39.16500
2025-10-11 16:00:00,39.16500,40.02800,38.72100,39.92000
2025-10-11 17:00:00,39.91500,40.99000,39.76200,40.29200
2025-10-11 18:00:00,40.29400,40.94300,39.98100,40.32200
2025-10-11 19:00:00,40.32200,40.32800,39.43100,39.93600
2025-10-11 20:00:00,39.93300,40.03500,38.89400,39.38700
2025-10-11 21:00:00,39.38700,39.48500,38.48700,38.63900
2025-10-11 22:00:00,38.63900,38.75400,37.92400,38.29700
2025-10-11 23:00:00,38.29700,38.85100,37.44400,38.10100
2025-10-12 00:00:00,38.10000,38.55800,37.56300,37.81500
2025-10-12 01:00:00,37.81200,38.43500,37.80500,38.30100
2025-10-12 02:00:00,38.30100,38.30100,37.68400,37.85400
2025-10-12 03:00:00,37.85800,37.91200,36.15000,36.43900
2025-10-12 04:00:00,36.44000,36.60000,35.18800,36.11600
2025-10-12 05:00:00,36.11600,37.42100,35.66200,36.94400
2025-10-12 06:00:00,36.94300,37.49700,36.75600,37.18800
2025-10-12 07:00:00,37.18900,37.22000,36.76600,36.82800
2025-10-12 08:00:00,36.82500,37.19500,36.22800,36.31900
2025-10-12 09:00:00,36.32000,37.37100,36.22900,37.20500
2025-10-12 10:00:00,37.20300,37.70000,35.90500,36.50900
2025-10-12 11:00:00,36.50900,37.56600,36.42100,37.07900
2025-10-12 12:00:00,37.07900,38.34400,36.91900,38.17300
2025-10-12 13:00:00,38.17300,38.83800,37.89200,38.45500
2025-10-12 14:00:00,38.45900,38.89900,38.17100,38.26100
2025-10-12 15:00:00,38.26400,38.27700,37.58400,37.77300
2025-10-12 16:00:00,37.77600,37.91100,36.96000,37.03600
2025-10-12 17:00:00,37.03900,37.23400,36.39100,37.12200
2025-10-12 18:00:00,37.12400,37.27700,36.77900,36.93400
2025-10-12 19:00:00,36.93400,37.64500,36.89800,37.36000
2025-10-12 20:00:00,37.36000,38.16000,37.30900,37.98800
2025-10-12 21:00:00,37.99100,38.00300,36.94200,37.18500
2025-10-12 22:00:00,37.18500,39.18800,37.14800,38.63900
2025-10-12 23:00:00,38.63900,40.03100,38.59400,39.40200
2025-10-13 00:00:00,39.40200,40.55200,39.40100,40.14200
2025-10-13 01:00:00,40.14100,40.49500,39.44200,39.77100
2025-10-13 02:00:00,39.77200,40.13500,39.15100,39.55100
2025-10-13 03:00:00,39.55500,40.37800,39.53700,40.27100
2025-10-13 04:00:00,40.27200,40.92300,40.01100,40.43500
2025-10-13 05:00:00,40.43300,40.45100,39.42000,39.92600
2025-10-13 06:00:00,39.92800,40.40700,39.73500,40.30600
2025-10-13 07:00:00,40.30600,40.33500,39.48100,39.62100
2025-10-13 08:00:00,39.62000,40.07400,39.29100,39.51300
2025-10-13 09:00:00,39.51200,40.17300,39.24100,40.08000
2025-10-13 10:00:00,40.07900,40.21100,39.29800,39.74700
2025-10-13 11:00:00,39.74600,39.83000,38.93600,39.11500
2025-10-13 12:00:00,39.11400,39.14100,38.57100,38.93600
2025-10-13 13:00:00,38.93500,38.95100,38.17700,38.34100
2025-10-13 14:00:00,38.34000,41.81400,38.21000,41.67300
2025-10-13 15:00:00,41.67200,42.49600,41.01900,42.45100
2025-10-13 16:00:00,42.45000,42.60100,41.71700,41.79800
2025-10-13 17:00:00,41.79800,42.08800,41.34900,41.87400
2025-10-13 18:00:00,41.87500,42.16900,40.88000,40.93700
2025-10-13 19:00:00,40.94000,40.96500,39.42700,40.27800
2025-10-13 20:00:00,40.27300,40.74300,39.82400,40.39600
2025-10-13 21:00:00,40.39400,41.45200,40.05500,41.33700
2025-10-13 22:00:00,41.33900,41.44000,39.79800,39.85700
2025-10-13 23:00:00,39.86000,40.37100,39.64800,39.75000
2025-10-14 00:00:00,39.75200,40.35400,39.71300,40.17200
2025-10-14 01:00:00,40.17100,40.92500,40.02600,40.89100
2025-10-14 02:00:00,40.89000,41.36200,40.52900,41.33600
2025-10-14 03:00:00,41.33700,42.21700,41.18100,42.02100
2025-10-14 04:00:00,42.01900,43.08000,41.85500,42.99600
2025-10-14 05:00:00,42.99500,43.26300,42.57700,42.86400
2025-10-14 06:00:00,42.86900,43.30000,42.70900,43.14700
2025-10-14 07:00:00,43.14400,43.62500,42.01400,42.42400
2025-10-14 08:00:00,42.42700,43.16900,42.36600,42.77000
2025-10-14 09:00:00,42.76800,42.80500,41.90500,42.10300
2025-10-14 10:00:00,42.10000,42.15700,41.50800,41.61300
2025-10-14 11:00:00,41.61300,41.83600,41.18800,41.22600
2025-10-14 12:00:00,41.22000,41.35100,40.24800,40.53500
2025-10-14 13:00:00,40.53600,40.96900,39.80000,39.96800
2025-10-14 14:00:00,39.96800,40.42100,38.50000,39.16700
2025-10-14 15:00:00,39.17300,39.43000,38.61100,38.75900
2025-10-14 16:00:00,38.76400,39.23900,38.41000,38.73900
2025-10-14 17:00:00,38.74200,39.36800,38.63800,38.82500
2025-10-14 18:00:00,38.82200,38.89400,37.70500,37.98800
2025-10-14 19:00:00,37.99000,38.46700,37.82000,38.19900
2025-10-14 20:00:00,38.19800,38.31500,37.48600,37.61200
2025-10-14 21:00:00,37.61100,38.55500,37.34900,38.24400
2025-10-14 22:00:00,38.24300,39.39900,38.17800,38.61500
2025-10-14 23:00:00,38.61400,40.12900,38.59300,40.08800
2025-10-15 00:00:00,40.09000,40.41500,39.50300,40.01100
2025-10-15 01:00:00,40.01200,40.72400,39.56100,40.11400
2025-10-15 02:00:00,40.11500,40.51100,39.60200,39.74000
2025-10-15 03:00:00,39.74100,39.99000,38.83500,39.32600
2025-10-15 04:00:00,39.32700,39.50100,38.88400,39.48300
2025-10-15 05:00:00,39.48500,39.49800,38.96700,39.47700
2025-10-15 06:00:00,39.47700,39.81000,39.23100,39.40700
2025-10-15 07:00:00,39.40600,39.70800,39.34800,39.39000
2025-10-15 08:00:00,39.39300,39.57700,38.89000,39.13200
2025-10-15 09:00:00,39.13100,39.17800,38.56300,39.01600
2025-10-15 10:00:00,39.01500,39.75800,39.00900,39.42800
2025-10-15 11:00:00,39.42800,39.54400,38.74800,38.87400
2025-10-15 12:00:00,38.87500,39.06800,38.73100,38.98600
2025-10-15 13:00:00,38.98800,39.17800,38.73200,39.14500
2025-10-15 14:00:00,39.14400,39.85000,38.77100,39.56900
2025-10-15 15:00:00,39.56900,40.13000,39.34500,40.12200
2025-10-15 16:00:00,40.12000,41.18900,40.06900,40.69400
2025-10-15 17:00:00,40.69500,41.08300,40.52300,40.74200
2025-10-15 18:00:00,40.74000,40.89300,40.10100,40.31000
2025-10-15 19:00:00,40.30900,40.92600,40.28400,40.33600
2025-10-15 20:00:00,40.33600,40.46100,39.40500,39.72000
2025-10-15 21:00:00,39.72200,39.83700,38.60000,39.19300
2025-10-15 22:00:00,39.19300,40.34400,38.80800,38.95100
2025-10-15 23:00:00,38.94800,39.32800,38.55000,38.79500
2025-10-16 00:00:00,38.79600,39.04300,38.53400,38.67600
2025-10-16 01:00:00,38.67600,38.81200,38.20200,38.75200
2025-10-16 02:00:00,38.75000,39.11800,38.43600,39.07100
2025-10-16 03:00:00,39.07100,39.09800,38.47500,38.70900
2025-10-16 04:00:00,38.70700,38.88200,37.76800,38.27600
2025-10-16 05:00:00,38.27500,38.46100,37.50200,37.62100
2025-10-16 06:00:00,37.62200,37.79300,36.81500,37.19400
2025-10-16 07:00:00,37.19400,37.52800,37.06000,37.36400
2025-10-16 08:00:00,37.36200,37.54300,37.10000,37.24900
2025-10-16 09:00:00,37.25100,37.95200,37.20400,37.87800
2025-10-16 10:00:00,37.87800,38.08700,37.47600,37.86700
2025-10-16 11:00:00,37.86500,37.93900,37.32600,37.39100
2025-10-16 12:00:00,37.39200,37.76200,37.21100,37.26400
2025-10-16 13:00:00,37.26400,37.71900,37.15000,37.50600
2025-10-16 14:00:00,37.50700,38.10700,37.48500,38.04300
2025-10-16 15:00:00,38.04200,38.06600,37.43300,37.65000
2025-10-16 16:00:00,37.65200,37.76700,37.45400,37.57400
2025-10-16 17:00:00,37.57300,38.44500,36.90500,38.19000
2025-10-16 18:00:00,38.19000,38.62600,38.06300,38.54500
2025-10-16 19:00:00,38.54300,38.84600,38.35400,38.83900
2025-10-16 20:00:00,38.83900,39.45900,38.77500,39.20600
2025-10-16 21:00:00,39.20300,39.40500,38.24800,38.48300
2025-10-16 22:00:00,38.48300,38.86600,37.74000,38.28700
2025-10-16 23:00:00,38.28700,38.48400,36.92500,37.00900
2025-10-17 00:00:00,37.00800,38.12700,36.56200,38.10100
2025-10-17 01:00:00,38.10500,38.31200,37.45700,37.64900
2025-10-17 02:00:00,37.64900,38.06600,37.09400,37.99600
2025-10-17 03:00:00,37.99500,38.06300,36.78900,37.18000
2025-10-17 04:00:00,37.17800,37.42000,36.48000,36.65500
2025-10-17 05:00:00,36.65500,37.10100,36.45200,37.07300
2025-10-17 06:00:00,37.07300,37.12600,36.27600,36.32900
2025-10-17 07:00:00,36.32900,36.86700,36.29200,36.79400
2025-10-17 08:00:00,36.79500,37.54000,36.56700,37.19800
2025-10-17 09:00:00,37.19800,37.54100,36.50800,36.96500
2025-10-17 10:00:00,36.96300,37.26700,36.59300,37.12600
2025-10-17 11:00:00,37.12500,37.46400,36.96400,37.44500
2025-10-17 12:00:00,37.44100,37.46500,37.00700,37.01200
2025-10-17 13:00:00,37.01400,37.08800,36.55100,36.79100
2025-10-17 14:00:00,36.79000,36.94100,35.13300,35.20700
2025-10-17 15:00:00,35.21100,35.41600,33.51200,33.67400
2025-10-17 16:00:00,33.67300,34.45100,33.27900,33.87400
2025-10-17 17:00:00,33.87600,35.04000,33.65800,34.04500
2025-10-17 18:00:00,34.04500,34.52800,33.81000,34.41400
2025-10-17 19:00:00,34.41300,35.71000,34.28500,35.39600
2025-10-17 20:00:00,35.39500,35.73400,34.96200,35.11900
2025-10-17 21:00:00,35.11900,35.99300,34.93000,35.57300
2025-10-17 22:00:00,35.57000,35.67200,33.59300,34.18900
2025-10-17 23:00:00,34.18800,35.50000,34.10900,35.48800
2025-10-18 00:00:00,35.49000,35.95800,34.77800,34.95500
2025-10-18 01:00:00,34.95400,35.38800,34.76200,35.14200
2025-10-18 02:00:00,35.14300,35.72400,34.99700,35.07300
2025-10-18 03:00:00,35.07200,35.33200,34.56200,34.84400
2025-10-18 04:00:00,34.84000,35.48600,34.67200,35.28000
2025-10-18 05:00:00,35.27500,35.99500,35.26100,35.81300
2025-10-18 06:00:00,35.81300,36.19100,35.28700,35.50400
2025-10-18 07:00:00,35.50400,35.52500,35.08900,35.46200
2025-10-18 08:00:00,35.46200,35.58200,34.99800,35.19700
2025-10-18 09:00:00,35.19700,35.73600,35.15300,35.49600
2025-10-18 10:00:00,35.49700,35.59400,34.98000,35.07700
2025-10-18 11:00:00,35.07600,35.40400,35.06800,35.20100
2025-10-18 12:00:00,35.19700,35.20600,34.61400,34.64100
2025-10-18 13:00:00,34.64200,35.23700,34.63700,35.06600
2025-10-18 14:00:00,35.06900,35.24500,34.79600,35.07300
2025-10-18 15:00:00,35.07800,35.77100,35.05600,35.29900
2025-10-18 16:00:00,35.29800,36.37200,35.26800,35.94500
2025-10-18 17:00:00,35.94600,36.29400,35.69100,36.22800
2025-10-18 18:00:00,36.22800,36.30000,35.74600,35.94500
2025-10-18 19:00:00,35.94500,36.05400,35.75000,36.01700
2025-10-18 20:00:00,36.01800,36.14100,35.64400,35.66800
2025-10-18 21:00:00,35.66500,35.67000,35.10400,35.23000
2025-10-18 22:00:00,35.23100,35.66000,35.04900,35.64400
2025-10-18 23:00:00,35.64400,35.84100,35.29500,35.48700
2025-10-19 00:00:00,35.48700,35.66700,34.92500,35.19700
2025-10-19 01:00:00,35.19700,35.98500,35.05900,35.91800
2025-10-19 02:00:00,35.91900,36.54400,35.80000,36.22500
2025-10-19 03:00:00,36.22400,36.53000,35.90900,36.14900
2025-10-19 04:00:00,36.14800,36.84200,36.09900,36.24700
2025-10-19 05:00:00,36.24400,36.42300,35.86600,36.28900
2025-10-19 06:00:00,36.28800,36.57600,36.15000,36.49500
2025-10-19 07:00:00,36.49300,36.91000,36.41900,36.86200
2025-10-19 08:00:00,36.86200,36.94500,36.27000,36.47600
2025-10-19 09:00:00,36.47600,36.63000,36.16000,36.50000
2025-10-19 10:00:00,36.50000,36.64000,36.32400,36.36200
2025-10-19 11:00:00,36.36200,36.96700,36.34900,36.93100
2025-10-19 12:00:00,36.93100,36.97600,36.60100,36.74200
2025-10-19 13:00:00,36.74300,36.79700,36.10900,36.23200
2025-10-19 14:00:00,36.23100,36.30800,35.94500,36.07700
2025-10-19 15:00:00,36.07700,36.48100,36.06700,36.41900
2025-10-19 16:00:00,36.42000,36.78500,35.97900,36.11200
2025-10-19 17:00:00,36.11300,36.79700,35.68000,36.55000
2025-10-19 18:00:00,36.54800,37.25200,36.36300,37.19400
2025-10-19 19:00:00,37.19400,37.60300,37.08500,37.31600
2025-10-19 20:00:00,37.31500,37.66100,36.92500,37.33100
2025-10-19 21:00:00,37.33200,38.16100,37.18000,37.99500
2025-10-19 22:00:00,37.99800,38.42200,37.73100,38.17500
2025-10-19 23:00:00,38.17400,38.38900,37.99700,38.27400
2025-10-20 00:00:00,38.27300,38.32200,37.74700,37.93400
2025-10-20 01:00:00,37.93500,38.43600,37.81400,38.02900
2025-10-20 02:00:00,38.03100,38.51300,38.01300,38.28200
2025-10-20 03:00:00,38.28100,38.40500,37.56900,37.83600
2025-10-20 04:00:00,37.83600,37.98600,37.67000,37.76700
2025-10-20 05:00:00,37.76700,37.97100,37.46400,37.94400
2025-10-20 06:00:00,37.94600,38.14700,37.80800,37.86000
2025-10-20 07:00:00,37.86200,37.87500,37.35000,37.39800
2025-10-20 08:00:00,37.39900,37.40000,36.83800,37.18400
2025-10-20 09:00:00,37.18300,37.83400,36.84300,36.88300
2025-10-20 10:00:00,36.88200,37.40700,36.70000,37.23200
2025-10-20 11:00:00,37.23400,38.33900,36.93400,38.27700
2025-10-20 12:00:00,38.27800,38.54600,38.19600,38.49300
2025-10-20 13:00:00,38.49600,38.80000,37.85900,38.58100
2025-10-20 14:00:00,38.58200,38.69200,38.31400,38.58000
2025-10-20 15:00:00,38.58000,38.83100,38.29300,38.41600
2025-10-20 16:00:00,38.41000,39.19300,38.24400,38.54500
2025-10-20 17:00:00,38.54400,38.61600,38.26200,38.44800
2025-10-20 18:00:00,38.44600,38.79400,38.03400,38.20600
2025-10-20 19:00:00,38.20800,38.43800,37.91100,38.39500
2025-10-20 20:00:00,38.39500,38.88100,38.31600,38.82400
2025-10-20 21:00:00,38.82300,39.38500,38.62400,39.18000
2025-10-20 22:00:00,39.18200,39.39600,38.67200,39.32200
2025-10-20 23:00:00,39.32300,39.57400,38.80100,38.84900
2025-10-21 00:00:00,38.84900,38.87600,37.76500,38.27800
2025-10-21 01:00:00,38.27700,38.80800,37.56000,37.70200
2025-10-21 02:00:00,37.70300,38.24900,37.50100,38.13500
2025-10-21 03:00:00,38.13500,38.16500,37.63000,37.96700
2025-10-21 04:00:00,37.96300,38.41500,37.77800,38.27100
2025-10-21 05:00:00,38.26700,38.45600,37.53700,37.66500
2025-10-21 06:00:00,37.66400,38.10100,37.62700,38.04300
2025-10-21 07:00:00,38.04400,38.09100,37.82800,37.93900
2025-10-21 08:00:00,37.93600,38.06400,37.59600,37.97400
2025-10-21 09:00:00,37.97400,38.05200,37.34700,37.48600
2025-10-21 10:00:00,37.49500,37.53100,37.17700,37.19300
2025-10-21 11:00:00,37.19300,37.28700,37.03200,37.08300
2025-10-21 12:00:00,37.08300,37.12100,36.09700,36.23000
2025-10-21 13:00:00,36.23100,36.29200,35.38000,35.59900
2025-10-21 14:00:00,35.59900,36.11500,35.46200,35.87600
2025-10-21 15:00:00,35.87600,36.09500,35.45900,35.99700
2025-10-21 16:00:00,35.99700,36.00000,35.40000,35.71000
2025-10-21 17:00:00,35.71000,35.87600,35.49700,35.77600
2025-10-21 18:00:00,35.77600,36.24300,35.58500,35.86800
2025-10-21 19:00:00,35.86700,36.19000,35.62700,36.09000
2025-10-21 20:00:00,36.09000,36.85400,35.91300,36.45500
2025-10-21 21:00:00,36.45400,36.57500,35.76600,35.97600
2025-10-21 22:00:00,35.97700,37.81600,35.94900,37.76200
2025-10-21 23:00:00,37.76300,38.28300,37.31200,37.86300
2025-10-22 00:00:00,37.86200,38.36000,37.07000,37.27600
2025-10-22 01:00:00,37.27800,37.72900,36.79800,37.38700
2025-10-22 02:00:00,37.39000,37.51300,36.75900,37.09700
2025-10-22 03:00:00,37.08900,37.14700,36.82600,36.89700
2025-10-22 04:00:00,36.90100,37.02300,36.11000,36.19600
2025-10-22 05:00:00,36.19500,36.69200,35.70100,36.68400
2025-10-22 06:00:00,36.68400,36.68400,35.56300,35.66300
2025-10-22 07:00:00,35.66300,35.85700,35.14900,35.34600
2025-10-22 08:00:00,35.34500,35.55600,34.81000,34.88100
2025-10-22 09:00:00,34.88300,35.20500,34.62700,35.01300
2025-10-22 10:00:00,35.01300,35.44400,34.93800,35.39000
2025-10-22 11:00:00,35.38800,35.45000,34.92600,35.22300
2025-10-22 12:00:00,35.22300,35.34200,34.74200,34.90600
2025-10-22 13:00:00,34.90700,34.93900,34.45400,34.79500
2025-10-22 14:00:00,34.79500,35.07900,34.62100,34.77000
2025-10-22 15:00:00,34.77000,35.01600,34.51500,34.81100
2025-10-22 16:00:00,34.81000,35.26100,34.70300,35.03900
2025-10-22 17:00:00,35.03900,35.19900,34.77300,35.01800
2025-10-22 18:00:00,35.01800,35.49700,34.98700,35.13300
2025-10-22 19:00:00,35.13500,36.09800,34.84300,35.83200
2025-10-22 20:00:00,35.83300,36.47700,35.71300,36.04400
2025-10-22 21:00:00,36.04200,36.53100,35.78300,36.39100
2025-10-22 22:00:00,36.38900,36.41900,35.60700,36.13000
2025-10-22 23:00:00,36.13000,36.66800,35.76000,36.36300
2025-10-23 00:00:00,36.36500,36.66900,35.83800,36.00000
2025-10-23 01:00:00,36.00100,36.31500,35.57100,35.73600
2025-10-23 02:00:00,35.73700,35.97500,35.59100,35.87800
2025-10-23 03:00:00,35.87800,36.78800,35.68900,36.06900
2025-10-23 04:00:00,36.07100,36.14600,35.20000,35.30500
2025-10-23 05:00:00,35.30500,35.43300,34.80000,34.84400
2025-10-23 06:00:00,34.84600,35.81600,34.68200,35.06700
2025-10-23 07:00:00,35.06600,36.83100,35.03000,36.23300
2025-10-23 08:00:00,36.22700,36.77900,36.14800,36.76500
2025-10-23 09:00:00,36.77000,37.97300,36.68600,37.79900
2025-10-23 10:00:00,37.80000,38.42800,37.51000,38.40600
2025-10-23 11:00:00,38.40600,38.42300,37.60000,37.72000
2025-10-23 12:00:00,37.72400,37.88100,37.33100,37.37100
2025-10-23 13:00:00,37.37400,38.10500,37.01000,38.09800
2025-10-23 14:00:00,38.09600,39.22000,38.01700,39.11300
2025-10-23 15:00:00,39.11300,39.15600,38.43500,38.88700
2025-10-23 16:00:00,38.88700,39.17700,38.70400,39.03800
2025-10-23 17:00:00,39.03800,39.18700,38.83300,39.10200
2025-10-23 18:00:00,39.10400,39.45800,39.04400,39.22600
2025-10-23 19:00:00,39.22700,39.22800,38.58000,38.65300
2025-10-23 20:00:00,38.65200,40.44200,38.47000,40.31300
2025-10-23 21:00:00,40.31700,40.69100,39.54200,40.21300
2025-10-23 22:00:00,40.21500,40.79800,39.47100,40.38900
2025-10-23 23:00:00,40.39000,40.71500,39.47400,39.94300
2025-10-24 00:00:00,39.94300,40.28100,39.50800,39.76400
2025-10-24 01:00:00,39.76200,39.94500,39.22000,39.52700
2025-10-24 02:00:00,39.52600,39.59700,39.16800,39.37600
2025-10-24 03:00:00,39.37600,39.61500,38.99000,39.41500
2025-10-24 04:00:00,39.41500,39.48600,38.88800,39.02400
2025-10-24 05:00:00,39.02400,39.87000,38.91800,39.82900
2025-10-24 06:00:00,39.82800,40.14800,39.77300,39.96000
2025-10-24 07:00:00,39.96100,40.21200,39.92600,40.19800
2025-10-24 08:00:00,40.19900,40.45400,39.95900,40.21900
2025-10-24 09:00:00,40.21900,40.34100,39.76100,39.98300
2025-10-24 10:00:00,39.98600,40.00000,39.55900,39.58900
2025-10-24 11:00:00,39.59000,39.66000,39.08000,39.46300
2025-10-24 12:00:00,39.46400,40.41600,39.27600,40.27400
2025-10-24 13:00:00,40.27300,40.54900,40.00500,40.53700
2025-10-24 14:00:00,40.53800,40.79800,40.12900,40.76900
2025-10-24 15:00:00,40.76300,40.88300,40.26600,40.56000
2025-10-24 16:00:00,40.56100,40.62800,40.20600,40.38500
2025-10-24 17:00:00,40.38500,40.59600,39.99400,40.08100
2025-10-24 18:00:00,40.08400,40.10400,39.57600,39.71700
2025-10-24 19:00:00,39.71700,39.84300,39.47200,39.64300
2025-10-24 20:00:00,39.64400,40.52800,39.59700,39.82700
2025-10-24 21:00:00,39.82800,39.97800,39.24200,39.67900
2025-10-24 22:00:00,39.67700,39.67700,39.05600,39.35600
2025-10-24 23:00:00,39.36000,39.56800,38.97500,39.18700
2025-10-25 00:00:00,39.18800,39.23000,38.67300,39.05800
2025-10-25 01:00:00,39.05800,39.20600,38.80500,38.90200
2025-10-25 02:00:00,38.90300,39.24900,38.86700,38.99000
2025-10-25 03:00:00,38.98900,39.39500,38.95400,39.15600
2025-10-25 04:00:00,39.15800,39.55700,39.09500,39.48500
2025-10-25 05:00:00,39.48600,39.77100,39.33300,39.66600
2025-10-25 06:00:00,39.66500,39.72600,39.16500,39.20700
2025-10-25 07:00:00,39.20700,39.35300,39.05000,39.28800
2025-10-25 08:00:00,39.28900,39.28900,38.86100,38.93500
2025-10-25 09:00:00,38.93600,39.43000,38.87000,39.24000
2025-10-25 10:00:00,39.24100,39.75000,39.22200,39.66800
2025-10-25 11:00:00,39.66800,40.12200,39.57100,40.07000
2025-10-25 12:00:00,40.06900,40.20900,39.78100,39.90900
2025-10-25 13:00:00,39.90900,40.04400,39.50800,39.66800
2025-10-25 14:00:00,39.66800,40.00200,39.60500,39.95100
2025-10-25 15:00:00,39.95100,40.26600,39.87300,40.12900
2025-10-25 16:00:00,40.12500,40.45700,40.06000,40.43600
2025-10-25 17:00:00,40.43700,40.46400,40.11400,40.44000
2025-10-25 18:00:00,40.44100,40.79800,40.18400,40.59800
2025-10-25 19:00:00,40.59900,41.16500,40.53200,41.09600
2025-10-25 20:00:00,41.09200,41.74400,40.90200,41.35800
2025-10-25 21:00:00,41.35900,41.61900,41.08700,41.30900
2025-10-25 22:00:00,41.31200,41.37300,40.82200,41.06500
2025-10-25 23:00:00,41.06400,41.06400,40.66100,40.88700
2025-10-26 00:00:00,40.88800,41.38800,40.83000,41.35900
2025-10-26 01:00:00,41.35900,41.98500,41.24900,41.85600
2025-10-26 02:00:00,41.85300,43.06700,41.82900,42.68600
2025-10-26 03:00:00,42.68700,43.18900,42.53800,42.96800
2025-10-26 04:00:00,42.96800,43.38700,42.74000,42.84900
2025-10-26 05:00:00,42.84900,44.07800,42.84900,43.70000
2025-10-26 06:00:00,43.70000,44.65700,43.62800,44.40300
2025-10-26 07:00:00,44.40400,44.41200,44.01400,44.21300
2025-10-26 08:00:00,44.21400,44.80300,43.70600,44.15400
2025-10-26 09:00:00,44.15300,44.34300,43.87900,44.13400
2025-10-26 10:00:00,44.13400,44.26600,43.73800,43.98000
2025-10-26 11:00:00,43.97900,44.06500,43.55000,43.70100
2025-10-26 12:00:00,43.70200,43.90700,43.51000,43.60100
2025-10-26 13:00:00,43.60100,44.14100,43.54100,43.81200
2025-10-26 14:00:00,43.81300,44.55600,43.81200,44.41200
2025-10-26 15:00:00,44.41100,44.64200,44.13100,44.62800
2025-10-26 16:00:00,44.63200,45.55400,44.63100,45.30000
2025-10-26 17:00:00,45.30100,46.63000,45.04500,46.39600
2025-10-26 18:00:00,46.40100,46.55200,45.95400,46.18900
2025-10-26 19:00:00,46.19000,47.95000,46.14000,47.85300
2025-10-26 20:00:00,47.85200,48.60400,47.40000,47.67500
2025-10-26 21:00:00,47.67400,48.14900,47.32200,47.52500
2025-10-26 22:00:00,47.52400,47.59500,46.92400,46.96900
2025-10-26 23:00:00,46.97000,47.72600,46.82800,47.30400
2025-10-27 00:00:00,47.30400,47.48500,46.81600,46.87700
2025-10-27 01:00:00,46.87600,47.56700,46.74500,47.46000
2025-10-27 02:00:00,47.46100,47.82800,47.10600,47.40400
2025-10-27 03:00:00,47.40300,47.55200,47.22300,47.34800
2025-10-27 04:00:00,47.34800,47.37300,46.62200,47.03000
2025-10-27 05:00:00,47.03100,47.39000,46.57200,47.30200
2025-10-27 06:00:00,47.30200,48.32400,47.30200,48.03000
2025-10-27 07:00:00,48.02900,48.09800,47.20700,47.29500
2025-10-27 08:00:00,47.30000,48.20400,47.09200,48.17900
2025-10-27 09:00:00,48.17800,48.69300,47.76400,48.66900
2025-10-27 10:00:00,48.66900,48.75000,47.62600,47.73300
2025-10-27 11:00:00,47.73300,48.23900,47.50300,48.08200
2025-10-27 12:00:00,48.08800,48.90200,48.02500,48.59900
2025-10-27 13:00:00,48.59800,49.50000,48.50000,48.65100
2025-10-27 14:00:00,48.65000,48.92400,47.86600,48.66000
2025-10-27 15:00:00,48.66000,48.75200,46.65900,47.31400
2025-10-27 16:00:00,47.31400,47.32200,46.30800,46.80600
2025-10-27 17:00:00,46.80700,47.17800,45.80200,47.09400
2025-10-27 18:00:00,47.09400,47.43400,46.83500,47.22400
2025-10-27 19:00:00,47.22500,47.51600,46.91100,47.43900
2025-10-27 20:00:00,47.44000,47.52200,46.90800,46.91900
2025-10-27 21:00:00,46.91900,47.47500,46.32700,47.11700
2025-10-27 22:00:00,47.11600,47.28400,46.51300,46.93400
2025-10-27 23:00:00,46.93300,47.08600,46.06200,46.37100
2025-10-28 00:00:00,46.37000,47.44100,46.35100,47.21700
2025-10-28 01:00:00,47.21700,47.65600,47.07400,47.21500
2025-10-28 02:00:00,47.21400,47.69200,46.63800,46.86500
2025-10-28 03:00:00,46.86600,47.12400,46.46000,46.80900
2025-10-28 04:00:00,46.80600,47.81800,46.30000,47.06200
2025-10-28 05:00:00,47.06300,48.80700,47.02100,48.42100
2025-10-28 06:00:00,48.42000,48.72300,46.77800,46.86500
2025-10-28 07:00:00,46.86600,46.90100,45.39000,46.52000
2025-10-28 08:00:00,46.51500,46.79500,46.05300,46.71600
2025-10-28 09:00:00,46.71400,47.71300,46.69300,47.22500
2025-10-28 10:00:00,47.22500,47.41800,46.66800,47.19100
2025-10-28 11:00:00,47.19300,47.60000,47.02600,47.47900
2025-10-28 12:00:00,47.47800,47.90000,47.30800,47.72200
2025-10-28 13:00:00,47.72200,47.94600,46.76400,46.98600
2025-10-28 14:00:00,46.98700,47.26600,46.67300,47.18000
2025-10-28 15:00:00,47.18200,47.81500,47.14000,47.33400
2025-10-28 16:00:00,47.33400,47.62500,46.87200,46.97700
2025-10-28 17:00:00,46.97200,47.26500,46.50000,47.25800
2025-10-28 18:00:00,47.25900,47.34200,47.02100,47.32400
2025-10-28 19:00:00,47.32500,48.46200,47.21300,47.98200
2025-10-28 20:00:00,47.98300,48.61000,47.45900,48.44000
2025-10-28 21:00:00,48.44000,49.36500,48.39000,49.23300
2025-10-28 22:00:00,49.23500,49.30600,47.58000,47.95400
2025-10-28 23:00:00,47.95600,48.38000,47.50100,47.67000
2025-10-29 00:00:00,47.67200,48.28800,47.57500,48.04700
2025-10-29 01:00:00,48.04700,48.89700,47.90000,48.06000
2025-10-29 02:00:00,48.06000,48.17700,47.08000,47.73600
2025-10-29 03:00:00,47.73700,47.76100,46.28300,46.38300
2025-10-29 04:00:00,46.38000,47.38600,45.93200,47.15800
2025-10-29 05:00:00,47.16100,47.61300,46.62100,47.45400
2025-10-29 06:00:00,47.45300,48.24100,47.33500,48.14900
2025-10-29 07:00:00,48.14900,48.17300,47.35600,47.65700
2025-10-29 08:00:00,47.65000,48.15200,47.34600,47.47600
2025-10-29 09:00:00,47.47600,48.12900,47.40000,48.06300
2025-10-29 10:00:00,48.06200,48.58400,47.95400,48.21600
2025-10-29 11:00:00,48.21700,48.24700,47.70000,47.78300
2025-10-29 12:00:00,47.78300,48.24000,47.71300,48.11700
2025-10-29 13:00:00,48.11600,48.84800,47.73600,47.94400
2025-10-29 14:00:00,47.94400,47.98600,47.35100,47.72400
2025-10-29 15:00:00,47.72400,47.93500,47.47500,47.63100
2025-10-29 16:00:00,47.62900,47.67900,46.91100,47.38100
2025-10-29 17:00:00,47.38100,47.64000,47.14800,47.41500
2025-10-29 18:00:00,47.41500,48.32100,47.22000,47.98000
2025-10-29 19:00:00,47.98000,49.50000,47.85100,49.18200
2025-10-29 20:00:00,49.18200,49.43300,48.57000,48.62400
2025-10-29 21:00:00,48.62200,49.32100,48.34800,48.45000
2025-10-29 22:00:00,48.45100,48.61700,47.66300,48.01200
2025-10-29 23:00:00,48.01200,48.15400,46.30700,46.69500
2025-10-30 00:00:00,46.69400,47.39400,46.26200,47.26100
2025-10-30 01:00:00,47.26000,48.05800,46.66300,48.00100
2025-10-30 02:00:00,48.00000,48.17200,45.50000,47.70500
2025-10-30 03:00:00,47.70600,48.88800,47.65300,47.87800
2025-10-30 04:00:00,47.87900,49.27700,47.34600,49.15100
2025-10-30 05:00:00,49.14800,49.97100,48.92000,49.00700
2025-10-30 06:00:00,49.00700,49.19300,48.50500,48.67100
2025-10-30 07:00:00,48.67200,48.69000,47.40100,47.95200
2025-10-30 08:00:00,47.95200,48.12700,47.40000,47.94600
2025-10-30 09:00:00,47.94500,48.00000,47.33000,47.79300
2025-10-30 10:00:00,47.79400,48.81900,47.61400,48.51100
2025-10-30 11:00:00,48.51200,48.60000,48.05400,48.45600
2025-10-30 12:00:00,48.45100,48.48900,46.62600,46.92400
2025-10-30 13:00:00,46.92000,48.44700,46.72800,48.18400
2025-10-30 14:00:00,48.18500,48.71800,47.78100,48.30800
2025-10-30 15:00:00,48.31000,49.76300,48.30300,49.57800
2025-10-30 16:00:00,49.57800,50.23800,48.99300,49.26800
2025-10-30 17:00:00,49.26800,49.65900,48.06700,48.42100
2025-10-30 18:00:00,48.42100,48.59000,47.96000,48.30500
2025-10-30 19:00:00,48.30400,48.32900,47.38800,47.50000
2025-10-30 20:00:00,47.50000,47.62000,46.05500,46.32200
2025-10-30 21:00:00,46.32700,46.77500,44.91100,46.17800
2025-10-30 22:00:00,46.18000,47.45300,46.17500,46.77900
2025-10-30 23:00:00,46.77800,46.89700,44.60900,45.37900
2025-10-31 00:00:00,45.37500,45.98100,44.94800,45.92600
2025-10-31 01:00:00,45.92600,45.92600,43.28600,44.15600
2025-10-31 02:00:00,44.15800,44.58300,43.55800,43.69700
2025-10-31 03:00:00,43.69400,44.17800,42.66900,43.08000
2025-10-31 04:00:00,43.08000,44.48100,42.82000,44.41900
2025-10-31 05:00:00,44.41900,44.74200,43.84400,44.61100
2025-10-31 06:00:00,44.60600,45.18000,44.40800,45.06600
2025-10-31 07:00:00,45.06600,45.64300,44.83700,45.38900
2025-10-31 08:00:00,45.38900,46.04900,45.26800,45.89400
2025-10-31 09:00:00,45.88800,46.25000,45.69900,45.91600
2025-10-31 10:00:00,45.91500,45.93800,44.88000,45.07800
2025-10-31 11:00:00,45.07500,45.28800,44.29100,44.92900
2025-10-31 12:00:00,44.92900,45.96300,44.74000,45.56200
2025-10-31 13:00:00,45.56100,45.56100,44.70000,44.81000
2025-10-31 14:00:00,44.81200,44.90300,44.48300,44.52300
2025-10-31 15:00:00,44.52300,44.63200,43.83000,43.99900
2025-10-31 16:00:00,43.99900,44.73300,43.66100,44.72400
2025-10-31 17:00:00,44.72400,44.97300,44.04800,44.16800
2025-10-31 18:00:00,44.16900,44.61900,44.12800,44.23300
2025-10-31 19:00:00,44.23300,44.38200,43.37100,44.30900
2025-10-31 20:00:00,44.30400,44.52300,42.97900,43.03300
2025-10-31 21:00:00,43.03400,44.33400,43.03400,44.13200
2025-10-31 22:00:00,44.13400,44.99800,43.80000,44.85400
2025-10-31 23:00:00,44.85500,45.13500,43.96900,44.01700
2025-11-01 00:00:00,44.01800,44.09700,42.90500,43.03400
2025-11-01 01:00:00,43.03500,43.46200,42.35600,43.17700
2025-11-01 02:00:00,43.17600,43.59800,42.37500,42.84900
2025-11-01 03:00:00,42.85000,43.66500,42.50200,43.43100
2025-11-01 04:00:00,43.43100,43.80900,43.12800,43.38700
2025-11-01 05:00:00,43.38600,43.97800,43.18700,43.96700
2025-11-01 06:00:00,43.96600,44.10300,43.59000,43.93400
2025-11-01 07:00:00,43.92900,44.07100,43.56100,43.68500
2025-11-01 08:00:00,43.68400,44.22100,43.33200,44.16100
2025-11-01 09:00:00,44.16000,44.41700,43.00300,43.12400
2025-11-01 10:00:00,43.12400,43.84000,42.72000,43.64200
2025-11-01 11:00:00,43.64300,44.26400,43.64300,44.20500
2025-11-01 12:00:00,44.20100,44.47700,43.80100,44.28800
2025-11-01 13:00:00,44.28800,44.52300,43.82900,43.92900
2025-11-01 14:00:00,43.92800,43.98600,43.29800,43.56900
2025-11-01 15:00:00,43.56800,44.00800,43.41600,43.80400
2025-11-01 16:00:00,43.80400,43.99400,43.53800,43.87200
2025-11-01 17:00:00,43.87200,43.90400,43.08000,43.15700
2025-11-01 18:00:00,43.16100,43.66300,43.10000,43.61900
2025-11-01 19:00:00,43.61600,44.08000,43.48600,43.70200
2025-11-01 20:00:00,43.70300,43.85600,43.33400,43.40500
2025-11-01 21:00:00,43.40600,43.78000,43.17300,43.62300
2025-11-01 22:00:00,43.62600,43.77800,42.64300,42.90000
2025-11-01 23:00:00,42.90000,43.40900,42.78500,43.36100
2025-11-02 00:00:00,43.36200,43.92200,43.14700,43.85300
2025-11-02 01:00:00,43.85200,44.32800,43.60500,43.79300
2025-11-02 02:00:00,43.79300,44.24000,43.76600,44.01300
2025-11-02 03:00:00,44.01400,44.06600,43.41300,43.51800
2025-11-02 04:00:00,43.51700,43.73400,43.36800,43.54000
2025-11-02 05:00:00,43.54100,43.58400,42.84400,42.88000
2025-11-02 06:00:00,42.87800,43.27500,42.85000,43.26300
2025-11-02 07:00:00,43.26400,43.45900,43.15900,43.26200
2025-11-02 08:00:00,43.26300,43.27100,42.36300,42.57600
2025-11-02 09:00:00,42.57500,42.80700,42.24300,42.69000
2025-11-02 10:00:00,42.68900,43.15300,42.50800,42.60300
2025-11-02 11:00:00,42.59900,43.03200,42.38000,43.02600
2025-11-02 12:00:00,43.02700,43.39100,42.92800,43.35500
2025-11-02 13:00:00,43.35600,43.38400,43.00500,43.13300
2025-11-02 14:00:00,43.13300,43.33900,43.00500,43.14000
2025-11-02 15:00:00,43.14100,43.43600,42.61500,43.24500
2025-11-02 16:00:00,43.24600,43.34400,42.78100,43.04400
2025-11-02 17:00:00,43.04300,43.46500,42.71300,42.76300
2025-11-02 18:00:00,42.76400,42.85600,41.35700,42.03200
2025-11-02 19:00:00,42.03300,42.93800,41.75000,42.89000
2025-11-02 20:00:00,42.89100,43.04200,41.80000,42.14400
2025-11-02 21:00:00,42.14400,42.40000,41.85300,42.33500
2025-11-02 22:00:00,42.33500,42.57400,41.80000,41.93000
2025-11-02 23:00:00,41.93000,42.19600,41.47400,41.49700
2025-11-03 00:00:00,41.49800,41.90200,41.09200,41.72000
2025-11-03 01:00:00,41.72000,41.99800,41.38300,41.64000
2025-11-03 02:00:00,41.63800,42.05600,41.51700,41.83600
2025-11-03 03:00:00,41.83300,41.89600,41.24000,41.65800
2025-11-03 04:00:00,41.65800,41.70500,41.29300,41.64800
2025-11-03 05:00:00,41.64800,42.00000,41.60300,41.87000
2025-11-03 06:00:00,41.87000,41.88800,41.52400,41.82600
2025-11-03 07:00:00,41.82600,42.65200,41.82500,42.44300
2025-11-03 08:00:00,42.44300,42.73000,41.85600,41.88100
2025-11-03 09:00:00,41.88400,42.48500,41.73800,42.33800
2025-11-03 10:00:00,42.33700,42.43000,41.12000,41.54600
2025-11-03 11:00:00,41.54600,41.76000,40.51900,40.54400
2025-11-03 12:00:00,40.54000,41.01400,40.12800,40.98400
2025-11-03 13:00:00,40.98300,41.37900,40.86300,41.16300
2025-11-03 14:00:00,41.16400,41.53000,40.60500,41.09300
2025-11-03 15:00:00,41.09500,41.83700,40.82900,41.34600
2025-11-03 16:00:00,41.34600,41.54000,40.64100,40.71200
2025-11-03 17:00:00,40.71200,41.19500,40.24300,40.35000
2025-11-03 18:00:00,40.35000,40.77300,40.20200,40.36300
2025-11-03 19:00:00,40.36400,41.52400,40.35600,41.40100
2025-11-03 20:00:00,41.40000,41.94100,41.15300,41.22900
2025-11-03 21:00:00,41.22900,41.56000,41.05900,41.28200
2025-11-03 22:00:00,41.28400,41.82000,40.97600,41.79600
2025-11-03 23:00:00,41.79300,41.84700,38.25300,39.10100
2025-11-04 00:00:00,39.10200,40.32900,38.55400,40.10600
2025-11-04 01:00:00,40.10500,41.15700,39.88500,41.06600
2025-11-04 02:00:00,41.06600,41.29200,40.22300,40.28300
2025-11-04 03:00:00,40.28200,40.54200,39.79300,39.85800
2025-11-04 04:00:00,39.86000,39.94200,39.03800,39.28100
2025-11-04 05:00:00,39.28100,40.36600,39.25100,40.31300
2025-11-04 06:00:00,40.31300,40.35600,39.44800,39.72600
2025-11-04 07:00:00,39.72600,40.28000,39.38800,40.18700
2025-11-04 08:00:00,40.18600,40.27400,39.20900,39.79000
2025-11-04 09:00:00,39.79200,40.18100,39.47800,39.91000
2025-11-04 10:00:00,39.90900,40.46000,39.76900,40.00800
2025-11-04 11:00:00,40.00800,40.82900,39.74100,40.57300
2025-11-04 12:00:00,40.57400,40.78800,40.04400,40.06400
2025-11-04 13:00:00,40.06400,40.16200,37.33400,37.35200
2025-11-04 14:00:00,37.35300,38.57900,36.71100,37.76800
2025-11-04 15:00:00,37.76800,38.14500,37.35000,37.96700
2025-11-04 16:00:00,37.96600,37.97200,36.94900,37.18900
2025-11-04 17:00:00,37.18900,37.86400,37.07100,37.47000
2025-11-04 18:00:00,37.46800,38.02900,37.34700,37.82500
2025-11-04 19:00:00,37.82600,38.38300,37.63600,38.19100
2025-11-04 20:00:00,38.19000,38.23300,37.41600,37.87200
2025-11-04 21:00:00,37.87200,38.01000,37.04800,37.59800
2025-11-04 22:00:00,37.59900,39.21800,37.33000,38.79100
2025-11-04 23:00:00,38.78800,40.29600,38.77800,39.12900
2025-11-05 00:00:00,39.12700,39.50700,37.97800,38.21800
2025-11-05 01:00:00,38.21800,38.79200,37.00600,37.84400
2025-11-05 02:00:00,37.84500,38.34500,36.43700,38.12100
2025-11-05 03:00:00,38.12100,38.39600,37.10300,37.26600
2025-11-05 04:00:00,37.25900,37.56300,35.40800,37.12400
2025-11-05 05:00:00,37.12500,37.64500,35.56700,37.62200
2025-11-05 06:00:00,37.62300,39.33900,37.20000,38.64200
2025-11-05 07:00:00,38.64200,39.30000,38.42200,39.01200
2025-11-05 08:00:00,39.01400,39.28000,38.43100,38.87600
2025-11-05 09:00:00,38.87800,38.96400,37.50000,38.67700
2025-11-05 10:00:00,38.67800,39.89600,38.65700,39.87900
2025-11-05 11:00:00,39.87800,40.45600,39.64000,40.14700
2025-11-05 12:00:00,40.14700,40.76200,39.95000,40.17900
2025-11-05 13:00:00,40.17100,40.43800,39.73600,40.20800
2025-11-05 14:00:00,40.20500,41.03400,40.00200,40.95500
2025-11-05 15:00:00,40.95500,40.96000,40.13600,40.66900
2025-11-05 16:00:00,40.66900,40.68600,39.39800,40.01000
2025-11-05 17:00:00,40.00900,40.67700,39.70000,40.48000
2025-11-05 18:00:00,40.47900,40.52700,39.88000,40.03400
2025-11-05 19:00:00,40.03400,41.58500,40.01600,41.54700
2025-11-05 20:00:00,41.55600,41.59600,41.00600,41.32300
2025-11-05 21:00:00,41.32200,41.81100,40.90000,41.25800
2025-11-05 22:00:00,41.25800,41.45200,40.70900,41.26900
2025-11-05 23:00:00,41.27000,42.24000,41.04100,42.09400
2025-11-06 00:00:00,42.09300,42.16900,41.29200,41.95700
2025-11-06 01:00:00,41.95800,41.98000,41.37300,41.55700
2025-11-06 02:00:00,41.55800,41.98100,41.38600,41.67100
2025-11-06 03:00:00,41.66900,41.84200,41.32800,41.49700
2025-11-06 04:00:00,41.49500,41.64900,40.91200,40.97000
2025-11-06 05:00:00,40.97300,41.26400,40.70000,41.13800
2025-11-06 06:00:00,41.14000,41.42400,41.02300,41.38400
2025-11-06 07:00:00,41.38400,41.55800,41.12200,41.35700
2025-11-06 08:00:00,41.35700,41.35700,40.71700,41.17600
2025-11-06 09:00:00,41.17500,41.18000,40.41000,40.86300
2025-11-06 10:00:00,40.86200,41.07400,40.46700,40.72400
2025-11-06 11:00:00,40.72200,41.26300,40.69300,40.98800
2025-11-06 12:00:00,40.98900,41.21200,40.91600,41.12800
2025-11-06 13:00:00,41.12700,41.16400,39.84800,40.06100
2025-11-06 14:00:00,40.06000,40.30100,39.77200,39.89000
2025-11-06 15:00:00,39.89100,40.15100,39.49600,39.63900
2025-11-06 16:00:00,39.63800,39.84000,39.35700,39.62400
2025-11-06 17:00:00,39.62300,40.14400,39.49300,39.70500
2025-11-06 18:00:00,39.70500,40.05800,39.36200,40.01700
2025-11-06 19:00:00,40.01600,40.41100,39.68800,40.39100
2025-11-06 20:00:00,40.39100,40.44100,39.49400,39.49700
2025-11-06 21:00:00,39.49700,40.52600,39.49100,40.35300
2025-11-06 22:00:00,40.35300,40.54300,39.36800,39.41700
2025-11-06 23:00:00,39.41700,39.82500,38.55500,38.94400
2025-11-07 00:00:00,38.94500,39.23500,37.58800,38.25200
2025-11-07 01:00:00,38.25300,38.96800,38.00100,38.88600
2025-11-07 02:00:00,38.88400,39.11400,38.06200,38.85500
2025-11-07 03:00:00,38.85200,39.04000,38.43000,38.74600
2025-11-07 04:00:00,38.74600,38.96700,38.15600,38.66100
2025-11-07 05:00:00,38.66000,38.98100,38.21800,38.76100
2025-11-07 06:00:00,38.76100,38.94600,38.37400,38.76500
2025-11-07 07:00:00,38.76500,38.76500,38.28000,38.49800
2025-11-07 08:00:00,38.49900,39.42600,38.29500,39.38500
2025-11-07 09:00:00,39.38400,39.48600,38.25300,38.87200
2025-11-07 10:00:00,38.87100,38.98100,38.26500,38.94400
2025-11-07 11:00:00,38.94400,39.30300,38.57900,38.58400
2025-11-07 12:00:00,38.58400,38.71500,38.15500,38.67700
2025-11-07 13:00:00,38.67700,39.69000,38.62400,39.65700
2025-11-07 14:00:00,39.65600,39.78000,39.32100,39.51200
2025-11-07 15:00:00,39.51300,40.38800,39.40700,40.36600
2025-11-07 16:00:00,40.36300,40.76700,39.81000,40.00700
2025-11-07 17:00:00,40.00700,40.11300,39.34900,39.86500
2025-11-07 18:00:00,39.86500,39.99900,39.20100,39.24600
2025-11-07 19:00:00,39.24500,39.24500,38.30100,38.85600
2025-11-07 20:00:00,38.85400,39.09800,38.00000,38.56300
2025-11-07 21:00:00,38.56100,39.57400,38.44900,39.40000
2025-11-07 22:00:00,39.40000,40.48900,38.74900,40.39200
2025-11-07 23:00:00,40.39600,40.84100,39.90500,40.51200
2025-11-08 00:00:00,40.51200,41.47600,40.19100,41.31200
2025-11-08 01:00:00,41.31200,42.28400,41.13400,41.92800
2025-11-08 02:00:00,41.92800,42.41200,41.85800,42.18200
2025-11-08 03:00:00,42.18200,42.99900,42.10300,42.84800
2025-11-08 04:00:00,42.84800,43.38800,42.60000,43.03700
2025-11-08 05:00:00,43.03600,43.10600,42.45800,42.81300
2025-11-08 06:00:00,42.81300,42.96100,42.56300,42.76000
2025-11-08 07:00:00,42.76100,42.88200,42.23800,42.24300
2025-11-08 08:00:00,42.24300,42.57900,41.73700,41.76300
2025-11-08 09:00:00,41.76300,42.73600,41.73800,42.49400
2025-11-08 10:00:00,42.49500,43.32700,42.38300,42.62200
2025-11-08 11:00:00,42.62100,42.91300,42.21200,42.22400
2025-11-08 12:00:00,42.22500,42.60000,42.21100,42.21100
2025-11-08 13:00:00,42.21000,42.38400,41.16600,41.34100
2025-11-08 14:00:00,41.34200,41.39600,40.86800,41.05300
2025-11-08 15:00:00,41.05300,41.05300,40.39700,40.86500
2025-11-08 16:00:00,40.86700,41.20900,40.68100,41.04600
2025-11-08 17:00:00,41.04700,41.16200,40.58200,40.81200
2025-11-08 18:00:00,40.81100,41.48600,40.74100,41.41800
2025-11-08 19:00:00,41.41700,41.76600,40.80000,40.83400
2025-11-08 20:00:00,40.83500,41.48600,40.81900,41.46100
2025-11-08 21:00:00,41.46000,41.47300,40.45000,40.54100
2025-11-08 22:00:00,40.54200,40.75200,40.05800,40.60900
2025-11-08 23:00:00,40.60700,40.61900,39.82800,40.24200
2025-11-09 00:00:00,40.24200,40.30400,39.69900,40.20600
2025-11-09 01:00:00,40.20600,40.63100,40.09600,40.37700
2025-11-09 02:00:00,40.37600,40.94400,40.32200,40.82400
2025-11-09 03:00:00,40.82300,40.90000,39.88200,40.01500
2025-11-09 04:00:00,40.01300,40.11200,39.71500,39.89000
2025-11-09 05:00:00,39.89900,40.26000,39.67200,40.24500
2025-11-09 06:00:00,40.24600,40.52300,40.14800,40.37600
2025-11-09 07:00:00,40.37400,40.47900,40.05800,40.14500
2025-11-09 08:00:00,40.14600,40.27200,39.79800,40.02400
2025-11-09 09:00:00,40.02400,40.40900,39.98200,40.27900
2025-11-09 10:00:00,40.28000,40.50600,39.50000,39.61300
2025-11-09 11:00:00,39.61400,40.11500,39.53400,40.10900
2025-11-09 12:00:00,40.11100,40.18300,39.79300,39.95000
2025-11-09 13:00:00,39.95100,40.25700,39.90000,40.18600
2025-11-09 14:00:00,40.18500,40.29500,39.92900,39.97900
2025-11-09 15:00:00,39.97900,40.35500,39.88000,40.17600
2025-11-09 16:00:00,40.17500,40.46600,39.93200,40.10800
2025-11-09 17:00:00,40.10800,40.30500,39.75600,39.76000
2025-11-09 18:00:00,39.76000,39.90200,39.20300,39.69800
2025-11-09 19:00:00,39.69800,39.93600,39.61700,39.73200
2025-11-09 20:00:00,39.73300,40.12400,39.62300,39.88000
2025-11-09 21:00:00,39.88000,40.41200,39.84000,40.22800
2025-11-09 22:00:00,40.22600,41.19700,40.07000,40.36000
2025-11-09 23:00:00,40.36100,41.33300,40.35700,40.94600
2025-11-10 00:00:00,40.94600,41.48300,40.59200,41.40400
2025-11-10 01:00:00,41.40300,41.43300,40.88300,41.18800
2025-11-10 02:00:00,41.18800,42.17100,41.07200,42.12100
2025-11-10 03:00:00,42.12100,42.58200,41.74000,42.56400
2025-11-10 04:00:00,42.56900,42.83400,41.89700,42.03200
2025-11-10 05:00:00,42.03200,42.15900,41.79100,41.96700
2025-11-10 06:00:00,41.96700,42.35600,41.80400,42.33100
2025-11-10 07:00:00,42.33100,42.53400,41.62800,41.81300
2025-11-10 08:00:00,41.81300,42.78700,41.47200,42.30700
2025-11-10 09:00:00,42.30700,42.52100,41.65600,42.14300
2025-11-10 10:00:00,42.14300,42.76600,42.02800,42.67800
2025-11-10 11:00:00,42.67800,43.03600,42.48900,42.76300
2025-11-10 12:00:00,42.76200,43.02800,42.57000,42.95600
2025-11-10 13:00:00,42.95500,43.07200,42.63600,42.98200
2025-11-10 14:00:00,42.98200,43.05300,42.55300,42.74400
2025-11-10 15:00:00,42.74500,43.26400,42.66800,43.03000
2025-11-10 16:00:00,43.03200,43.14600,42.27500,42.47800
2025-11-10 17:00:00,42.47800,43.13700,42.47200,42.94100
2025-11-10 18:00:00,42.94200,42.97700,42.05700,42.18800
2025-11-10 19:00:00,42.18800,42.47100,41.92000,42.11700
2025-11-10 20:00:00,42.11600,42.14600,41.49000,41.88400
2025-11-10 21:00:00,41.88400,42.40800,41.83800,42.18600
2025-11-10 22:00:00,42.18700,42.19400,41.07900,41.52400
2025-11-10 23:00:00,41.52200,41.83300,41.00100,41.21400
2025-11-11 00:00:00,41.21300,41.53200,40.82800,40.98800
2025-11-11 01:00:00,40.98600,41.73600,40.91500,41.70500
2025-11-11 02:00:00,41.70500,41.81500,41.46300,41.49000
2025-11-11 03:00:00,41.49000,41.95400,41.39500,41.72100
2025-11-11 04:00:00,41.72000,42.38700,41.71000,42.22200
2025-11-11 05:00:00,42.22100,42.22400,41.30600,41.51900
2025-11-11 06:00:00,41.51900,42.02800,41.35400,41.97400
2025-11-11 07:00:00,41.97800,42.03400,41.34600,41.44300
2025-11-11 08:00:00,41.44400,41.50000,40.58700,40.96500
2025-11-11 09:00:00,40.96300,41.69000,40.88600,41.18600
2025-11-11 10:00:00,41.18600,41.93800,40.93200,41.60100
2025-11-11 11:00:00,41.60400,41.99500,41.43200,41.54000
2025-11-11 12:00:00,41.54000,41.55500,40.73000,40.80400
2025-11-11 13:00:00,40.80400,40.80700,40.13500,40.18400
2025-11-11 14:00:00,40.18800,40.37600,39.80500,40.34800
2025-11-11 15:00:00,40.34800,40.36500,39.70200,39.83000
2025-11-11 16:00:00,39.82900,40.28400,39.68200,40.17600
2025-11-11 17:00:00,40.17200,40.46800,39.99200,40.03200
2025-11-11 18:00:00,40.03100,40.32100,40.00000,40.20800
2025-11-11 19:00:00,40.20700,40.47400,40.14800,40.32500
2025-11-11 20:00:00,40.32500,40.43900,39.86700,40.03500
2025-11-11 21:00:00,40.03900,40.34100,39.95400,40.12400
2025-11-11 22:00:00,40.12600,40.47000,39.80500,40.44000
2025-11-11 23:00:00,40.44000,40.44400,39.56300,39.88800
2025-11-12 00:00:00,39.89300,39.91200,39.39100,39.69200
2025-11-12 01:00:00,39.68700,39.93500,39.38400,39.72500
2025-11-12 02:00:00,39.72400,39.81200,39.04700,39.44600
2025-11-12 03:00:00,39.44900,39.58800,39.21900,39.34600
2025-11-12 04:00:00,39.34600,39.40800,38.84400,39.05100
2025-11-12 05:00:00,39.05300,39.42500,38.44800,38.75200
2025-11-12 06:00:00,38.75000,39.13100,38.59200,38.95300
2025-11-12 07:00:00,38.95300,38.96600,38.56900,38.68200
2025-11-12 08:00:00,38.68300,38.95800,38.37900,38.48400
2025-11-12 09:00:00,38.48300,38.95700,38.45600,38.95700
2025-11-12 10:00:00,38.95600,39.35100,38.88500,39.15600
2025-11-12 11:00:00,39.15600,39.26900,39.06400,39.13100
2025-11-12 12:00:00,39.12700,39.26000,38.91000,39.13600
2025-11-12 13:00:00,39.13700,39.34500,39.02500,39.04900
2025-11-12 14:00:00,39.04900,39.70000,39.03700,39.48400
2025-11-12 15:00:00,39.48400,39.64300,39.21600,39.26900
2025-11-12 16:00:00,39.26900,39.94700,39.26500,39.80500
2025-11-12 17:00:00,39.80400,40.04500,39.64300,39.86300
2025-11-12 18:00:00,39.86300,40.56700,39.81800,40.53400
2025-11-12 19:00:00,40.53400,40.85900,40.22700,40.46100
2025-11-12 20:00:00,40.46100,40.69100,40.05900,40.20400
2025-11-12 21:00:00,40.20400,40.39900,39.83000,40.11400
2025-11-12 22:00:00,40.11200,40.11200,39.02200,39.30700
2025-11-12 23:00:00,39.30700,39.59200,38.61600,38.75300
2025-11-13 00:00:00,38.75200,38.82100,37.45000,38.62400
2025-11-13 01:00:00,38.62400,39.04100,38.20500,38.90300
2025-11-13 02:00:00,38.90200,39.00100,38.43000,38.43500
2025-11-13 03:00:00,38.43400,38.57100,38.03300,38.36700
2025-11-13 04:00:00,38.36900,38.98300,38.17000,38.58000
2025-11-13 05:00:00,38.58000,38.72600,38.25300,38.53800
2025-11-13 06:00:00,38.53800,38.54000,38.14800,38.45200
2025-11-13 07:00:00,38.45200,38.46300,38.14800,38.35600
2025-11-13 08:00:00,38.35600,38.62500,38.17700,38.40200
2025-11-13 09:00:00,38.40200,39.11400,38.36200,38.73500
2025-11-13 10:00:00,38.73600,38.85200,38.43900,38.44900
2025-11-13 11:00:00,38.44700,38.91600,37.90200,38.53600
2025-11-13 12:00:00,38.53700,38.73900,38.27900,38.54500
2025-11-13 13:00:00,38.54500,39.67300,38.36500,39.42600
2025-11-13 14:00:00,39.42600,39.83200,39.17400,39.51300
2025-11-13 15:00:00,39.51300,39.84600,39.07600,39.19700
2025-11-13 16:00:00,39.19600,39.43300,39.06600,39.17600
2025-11-13 17:00:00,39.17800,39.24600,38.69000,38.78000
2025-11-13 18:00:00,38.78000,39.13900,38.72500,38.82400
2025-11-13 19:00:00,38.82400,39.14600,38.82400,39.05300
2025-11-13 20:00:00,39.05200,39.23900,38.96200,39.11000
2025-11-13 21:00:00,39.11000,39.12400,38.43600,38.63500
2025-11-13 22:00:00,38.63600,39.14400,38.21500,38.84800
2025-11-13 23:00:00,38.85000,39.00000,38.10000,38.35700
2025-11-14 00:00:00,38.35700,38.49100,37.80000,37.87100
2025-11-14 01:00:00,37.87000,37.94600,37.22600,37.31500
2025-11-14 02:00:00,37.31400,37.65400,36.60000,37.65400
2025-11-14 03:00:00,37.65500,38.07800,37.35200,37.49200
2025-11-14 04:00:00,37.49000,37.95500,37.14400,37.44300
2025-11-14 05:00:00,37.44200,37.90300,37.38600,37.77300
2025-11-14 06:00:00,37.77200,38.52500,37.58200,38.47800
2025-11-14 07:00:00,38.47700,39.10500,38.31000,38.52700
2025-11-14 08:00:00,38.52900,38.59800,37.80000,37.99900
2025-11-14 09:00:00,37.99900,38.25000,37.70100,37.76200
2025-11-14 10:00:00,37.76200,38.36100,37.74700,38.12100
2025-11-14 11:00:00,38.12200,38.18700,37.53200,37.81200
2025-11-14 12:00:00,37.81100,37.82000,36.59000,37.12200
2025-11-14 13:00:00,37.12200,37.36600,36.94600,37.09500
2025-11-14 14:00:00,37.09600,37.40600,36.35600,37.37700
2025-11-14 15:00:00,37.37500,37.89700,37.33000,37.48300
2025-11-14 16:00:00,37.48400,37.52600,37.01100,37.24400
2025-11-14 17:00:00,37.24600,37.51400,36.88600,36.96000
2025-11-14 18:00:00,36.95900,37.73800,36.95200,37.33900
2025-11-14 19:00:00,37.33900,37.34100,36.65100,36.87000
2025-11-14 20:00:00,36.87100,36.87100,36.00000,36.67700
2025-11-14 21:00:00,36.67700,36.88800,36.16800,36.85700
2025-11-14 22:00:00,36.85700,38.03600,36.67900,37.50000
2025-11-14 23:00:00,37.50100,38.06300,37.07500,38.02200
2025-11-15 00:00:00,38.02300,38.28700,37.60300,37.76100
2025-11-15 01:00:00,37.75900,37.86600,36.77400,36.84800
2025-11-15 02:00:00,36.84800,37.43600,36.75900,37.35500
2025-11-15 03:00:00,37.35400,37.99300,37.25200,37.98300
2025-11-15 04:00:00,37.98400,37.99700,37.02900,37.42800
2025-11-15 05:00:00,37.42700,37.95700,37.38000,37.88500
2025-11-15 06:00:00,37.88800,38.56300,37.86900,38.11400
2025-11-15 07:00:00,38.11400,38.13300,37.06700,37.49200
2025-11-15 08:00:00,37.49300,37.80000,37.31000,37.62700
2025-11-15 09:00:00,37.62600,38.12200,37.53200,38.06800
2025-11-15 10:00:00,38.06800,38.69700,37.92500,38.68500
2025-11-15 11:00:00,38.68500,38.85900,38.52000,38.81700
2025-11-15 12:00:00,38.81600,38.81700,38.31100,38.45800
2025-11-15 13:00:00,38.45700,38.66100,38.32800,38.59300
2025-11-15 14:00:00,38.59300,38.90000,38.56700,38.73800
2025-11-15 15:00:00,38.73800,39.29200,38.73400,39.11800
2025-11-15 16:00:00,39.11700,39.21800,38.77700,39.01500
2025-11-15 17:00:00,39.01400,39.56000,38.87200,38.93600
2025-11-15 18:00:00,38.93600,39.19900,38.80100,38.99600
2025-11-15 19:00:00,38.99700,39.06600,38.46800,38.66000
2025-11-15 20:00:00,38.65900,39.01500,38.56800,38.76700
2025-11-15 21:00:00,38.76700,39.04600,38.59900,39.03100
2025-11-15 22:00:00,39.03000,39.06400,38.51000,38.91700
2025-11-15 23:00:00,38.91700,39.29700,38.73000,39.20100
2025-11-16 00:00:00,39.20000,39.20000,38.77400,39.09600
2025-11-16 01:00:00,39.09600,39.12500,38.50200,38.79100
2025-11-16 02:00:00,38.79100,39.00100,38.71700,38.79600
2025-11-16 03:00:00,38.79600,38.93000,38.57500,38.66900
2025-11-16 04:00:00,38.66800,38.70500,38.32700,38.45100
2025-11-16 05:00:00,38.45000,38.81600,38.35800,38.36800
2025-11-16 06:00:00,38.36600,38.62200,38.29300,38.61200
2025-11-16 07:00:00,38.61100,38.72700,38.45800,38.56700
2025-11-16 08:00:00,38.56900,38.64100,38.31200,38.45100
2025-11-16 09:00:00,38.45100,38.63000,38.03300,38.39200
2025-11-16 10:00:00,38.39200,38.84800,38.25800,38.73700
2025-11-16 11:00:00,38.73200,38.87500,38.53800,38.65700
2025-11-16 12:00:00,38.65600,38.94300,38.53200,38.75400
2025-11-16 13:00:00,38.75400,39.00700,38.73600,38.83800
2025-11-16 14:00:00,38.83700,39.26200,38.79800,39.11300
2025-11-16 15:00:00,39.11600,39.28600,39.02000,39.18700
2025-11-16 16:00:00,39.18900,39.29400,38.98400,39.10400
2025-11-16 17:00:00,39.10400,39.77200,38.87700,39.74000
2025-11-16 18:00:00,39.74100,40.50200,39.58900,40.04500
2025-11-16 19:00:00,40.04400,40.20100,39.06600,39.26900
2025-11-16 20:00:00,39.26700,39.52500,38.91200,39.10400
2025-11-16 21:00:00,39.10400,39.22200,38.33000,38.65600
2025-11-16 22:00:00,38.65600,38.87300,38.55000,38.65000
2025-11-16 23:00:00,38.65000,38.68200,38.05400,38.16700
2025-11-17 00:00:00,38.16600,38.49200,37.80800,37.91300
2025-11-17 01:00:00,37.91100,37.99400,37.45000,37.85300
2025-11-17 02:00:00,37.85200,38.47700,37.67000,37.88000
2025-11-17 03:00:00,37.88000,38.34900,37.82000,38.04800
2025-11-17 04:00:00,38.04900,38.46900,38.00200,38.03500
2025-11-17 05:00:00,38.03600,38.12900,37.49900,37.85000
2025-11-17 06:00:00,37.85200,38.50700,37.56100,38.27800
2025-11-17 07:00:00,38.27900,38.76300,37.73800,38.69900
2025-11-17 08:00:00,38.69800,39.02500,38.18200,38.86500
2025-11-17 09:00:00,38.86500,38.98500,38.33300,38.36000
2025-11-17 10:00:00,38.36000,38.71200,38.25300,38.38600
2025-11-17 11:00:00,38.39000,38.71800,38.37800,38.71700
2025-11-17 12:00:00,38.71600,38.75700,38.44800,38.54600
2025-11-17 13:00:00,38.54500,38.67100,38.24000,38.36600
2025-11-17 14:00:00,38.36700,38.57900,38.22200,38.52300
2025-11-17 15:00:00,38.52400,38.69600,38.40000,38.53000
2025-11-17 16:00:00,38.53100,38.82000,38.51000,38.73500
2025-11-17 17:00:00,38.73500,38.85300,38.30000,38.81800
2025-11-17 18:00:00,38.81800,38.94100,38.65200,38.75800
2025-11-17 19:00:00,38.75800,39.24000,38.71600,39.21400
2025-11-17 20:00:00,39.21300,39.29800,38.75500,38.81500
2025-11-17 21:00:00,38.81600,38.84300,37.32700,37.70200
2025-11-17 22:00:00,37.70200,38.52900,37.47800,38.00200
2025-11-17 23:00:00,38.00800,38.12700,37.43400,37.52700
2025-11-18 00:00:00,37.52600,38.13000,37.10100,38.12600
2025-11-18 01:00:00,38.12400,38.15200,37.37200,37.71100
2025-11-18 02:00:00,37.71100,38.20000,37.54300,38.04800
2025-11-18 03:00:00,38.04900,38.07500,37.32400,37.68100
2025-11-18 04:00:00,37.68000,38.70300,37.56600,38.46500
2025-11-18 05:00:00,38.46500,38.92200,38.11000,38.29500
2025-11-18 06:00:00,38.29600,38.57400,38.11900,38.26600
2025-11-18 07:00:00,38.26600,39.34100,38.20400,39.33500
2025-11-18 08:00:00,39.33500,39.52600,38.53300,39.22800
2025-11-18 09:00:00,39.23000,39.81100,39.01700,39.13700
2025-11-18 10:00:00,39.13600,40.11800,38.70500,39.59600
2025-11-18 11:00:00,39.59600,40.92000,39.32900,40.41300
2025-11-18 12:00:00,40.41400,40.60000,39.74500,40.55900
2025-11-18 13:00:00,40.56000,41.70900,40.33800,40.75400
2025-11-18 14:00:00,40.75400,40.79400,39.66900,39.74600
2025-11-18 15:00:00,39.74600,40.52800,39.57100,40.26200
2025-11-18 16:00:00,40.26100,41.48800,40.22500,41.15200
2025-11-18 17:00:00,41.15200,41.35400,40.71000,41.29500
2025-11-18 18:00:00,41.29600,41.38200,40.86200,41.15000
2025-11-18 19:00:00,41.15800,41.29800,40.70800,41.10600
2025-11-18 20:00:00,41.10700,41.66400,40.90200,41.13000
2025-11-18 21:00:00,41.13000,41.20300,40.10000,40.44700
2025-11-18 22:00:00,40.44100,40.56700,38.32200,38.55700
2025-11-18 23:00:00,38.55700,39.34900,38.41400,38.88100
2025-11-19 00:00:00,38.88400,39.58600,38.70900,39.05500
2025-11-19 01:00:00,39.05500,39.07800,38.23800,38.56700
2025-11-19 02:00:00,38.56700,38.89300,38.34700,38.48000
2025-11-19 03:00:00,38.48100,38.70800,38.38900,38.59300
2025-11-19 04:00:00,38.59400,39.08400,38.51500,38.86700
2025-11-19 05:00:00,38.86800,39.35400,38.74100,38.77900
2025-11-19 06:00:00,38.78000,39.11700,38.76000,39.03700
2025-11-19 07:00:00,39.03700,39.10900,38.62000,38.65300
2025-11-19 08:00:00,38.65300,38.80000,38.25600,38.73300
2025-11-19 09:00:00,38.73500,38.78000,38.45100,38.78000
2025-11-19 10:00:00,38.77900,39.10700,38.62700,38.98600
2025-11-19 11:00:00,38.98800,39.00800,38.30000,38.34400
2025-11-19 12:00:00,38.34400,38.39000,37.83900,38.11300
2025-11-19 13:00:00,38.11400,38.33400,37.58200,37.78700
2025-11-19 14:00:00,37.78700,38.56000,37.66700,38.49300
2025-11-19 15:00:00,38.49200,38.71700,38.34300,38.60300
2025-11-19 16:00:00,38.60300,38.71500,38.21000,38.30800
2025-11-19 17:00:00,38.30600,38.33500,37.94600,38.18400
2025-11-19 18:00:00,38.18500,38.25000,38.03900,38.04900
2025-11-19 19:00:00,38.04900,38.32900,37.94000,38.19200
2025-11-19 20:00:00,38.19300,38.37200,37.95000,38.15500
2025-11-19 21:00:00,38.15400,38.22600,37.79400,37.81900
2025-11-19 22:00:00,37.82000,38.13600,37.67800,38.02600
2025-11-19 23:00:00,38.02700,38.52700,37.28300,37.34300
2025-11-20 00:00:00,37.34100,37.58400,37.12000,37.40500
2025-11-20 01:00:00,37.40500,37.88000,37.18700,37.66000
2025-11-20 02:00:00,37.66000,37.80900,37.26400,37.61800
2025-11-20 03:00:00,37.61900,37.72000,37.18500,37.62200
2025-11-20 04:00:00,37.62200,38.42100,37.56900,38.36000
2025-11-20 05:00:00,38.35700,38.96900,38.06700,38.30600
2025-11-20 06:00:00,38.30700,38.44700,38.07100,38.35100
2025-11-20 07:00:00,38.35000,38.89800,38.34500,38.84200
2025-11-20 08:00:00,38.84100,39.11100,38.36300,38.84500
2025-11-20 09:00:00,38.84400,39.34000,38.73900,39.15100
2025-11-20 10:00:00,39.15000,39.42500,39.10000,39.34500
2025-11-20 11:00:00,39.34500,39.80000,39.25400,39.27900
2025-11-20 12:00:00,39.28000,39.60900,38.92500,39.57300
2025-11-20 13:00:00,39.57300,39.70600,39.35100,39.48000
2025-11-20 14:00:00,39.47900,39.52700,38.93400,39.11300
2025-11-20 15:00:00,39.11400,39.45900,39.04800,39.43600
2025-11-20 16:00:00,39.43600,39.48700,39.25800,39.39200
2025-11-20 17:00:00,39.39000,39.39400,38.97800,39.21500
2025-11-20 18:00:00,39.21500,39.27100,38.98300,39.20700
2025-11-20 19:00:00,39.20600,39.30900,39.04700,39.28700
2025-11-20 20:00:00,39.28700,39.42300,39.16600,39.24700
2025-11-20 21:00:00,39.24600,39.36800,38.89500,38.95500
2025-11-20 22:00:00,38.95600,39.12600,38.58000,38.91500
2025-11-20 23:00:00,38.91500,38.94900,38.40000,38.45500
2025-11-21 00:00:00,38.45500,38.54100,37.60200,37.97100
2025-11-21 01:00:00,37.97000,38.24800,37.42000,38.21100
2025-11-21 02:00:00,38.20900,38.29100,37.40200,37.54200
2025-11-21 03:00:00,37.54200,37.94500,37.34600,37.88000
2025-11-21 04:00:00,37.87900,37.87900,37.45000,37.61200
2025-11-21 05:00:00,37.61500,38.27600,37.60300,37.94300
2025-11-21 06:00:00,37.94200,38.37900,37.87800,38.34400
2025-11-21 07:00:00,38.34400,38.38400,37.48000,37.54100
2025-11-21 08:00:00,37.54200,38.48900,37.52600,38.37300
2025-11-21 09:00:00,38.37300,38.54700,37.93000,37.95200
2025-11-21 10:00:00,37.95300,38.10900,37.50000,37.59100
2025-11-21 11:00:00,37.59000,38.00100,36.80300,36.86500
2025-11-21 12:00:00,36.86200,37.05400,36.56500,37.03400
2025-11-21 13:00:00,37.03300,37.27800,36.56900,36.64400
2025-11-21 14:00:00,36.64500,36.84800,35.57100,35.59400
2025-11-21 15:00:00,35.59300,35.62700,32.75800,34.26700
2025-11-21 16:00:00,34.27300,34.78500,33.98900,34.27600
2025-11-21 17:00:00,34.27300,34.55000,33.10600,33.43900
2025-11-21 18:00:00,33.43800,33.70800,32.31200,32.93000
2025-11-21 19:00:00,32.93000,33.38600,32.24100,32.48500
2025-11-21 20:00:00,32.48700,33.58300,31.66000,33.24900
2025-11-21 21:00:00,33.24900,33.84000,32.88900,33.23300
2025-11-21 22:00:00,33.23200,34.12000,32.79100,34.05100
2025-11-21 23:00:00,34.05400,34.17800,32.68800,32.85000
2025-11-22 00:00:00,32.85000,34.37600,32.09500,34.32000
2025-11-22 01:00:00,34.32000,34.59700,33.21200,33.30000
2025-11-22 02:00:00,33.30100,33.38600,32.74100,33.06600
2025-11-22 03:00:00,33.06600,33.81200,33.00300,33.52200
2025-11-22 04:00:00,33.52100,33.86400,33.29700,33.73600
2025-11-22 05:00:00,33.73500,34.32200,33.44800,33.98300
2025-11-22 06:00:00,33.98400,34.05600,33.08200,33.09500
2025-11-22 07:00:00,33.09500,33.94300,33.01400,33.85000
2025-11-22 08:00:00,33.85100,33.97100,33.47800,33.79700
2025-11-22 09:00:00,33.80000,34.32300,33.75300,34.30700
2025-11-22 10:00:00,34.30700,34.35800,33.90300,34.23500
2025-11-22 11:00:00,34.23500,34.26600,33.83800,33.89200
2025-11-22 12:00:00,33.89300,33.95700,33.20200,33.53900
2025-11-22 13:00:00,33.54000,34.18000,33.34000,33.75100
2025-11-22 14:00:00,33.75100,34.52400,33.55000,34.51100
2025-11-22 15:00:00,34.51100,34.51100,33.89000,33.93700
2025-11-22 16:00:00,33.93800,33.93900,33.29300,33.34100
2025-11-22 17:00:00,33.34200,33.64500,33.02200,33.13200
2025-11-22 18:00:00,33.13000,33.37400,32.72200,32.85800
2025-11-22 19:00:00,32.85800,33.30800,32.80400,32.88900
2025-11-22 20:00:00,32.88900,32.94100,32.48200,32.66700
2025-11-22 21:00:00,32.66800,32.90200,32.01200,32.28200
2025-11-22 22:00:00,32.28200,32.79000,32.27600,32.59800
2025-11-22 23:00:00,32.59700,32.70800,31.87200,31.90700
2025-11-23 00:00:00,31.90800,32.00800,31.30500,31.58400
2025-11-23 01:00:00,31.58400,31.71400,31.04400,31.07900
2025-11-23 02:00:00,31.08000,31.29500,30.55400,30.79300
2025-11-23 03:00:00,30.79400,31.37000,30.47900,30.51300
2025-11-23 04:00:00,30.51200,30.63700,29.35000,29.97400
2025-11-23 05:00:00,29.97600,30.34500,29.73900,30.00700
2025-11-23 06:00:00,30.00900,30.55600,29.60400,30.51000
2025-11-23 07:00:00,30.51100,30.57800,29.61300,29.97700
2025-11-23 08:00:00,29.97700,30.37000,29.61400,30.31800
2025-11-23 09:00:00,30.31900,31.57600,30.23600,31.21200
2025-11-23 10:00:00,31.21100,31.53000,30.72100,31.16200
2025-11-23 11:00:00,31.16200,31.54100,31.00500,31.24500
2025-11-23 12:00:00,31.24200,31.77400,31.16500,31.50800
2025-11-23 13:00:00,31.50900,31.75300,31.39000,31.71700
2025-11-23 14:00:00,31.71700,31.86000,31.02200,31.16000
2025-11-23 15:00:00,31.16100,31.20600,30.35300,30.88200
2025-11-23 16:00:00,30.88300,31.19800,30.72200,31.07500
2025-11-23 17:00:00,31.07600,31.60400,30.97300,31.53400
2025-11-23 18:00:00,31.53500,31.59500,31.27900,31.38700
2025-11-23 19:00:00,31.38700,31.68900,31.31500,31.55400
2025-11-23 20:00:00,31.55500,32.06900,31.28200,31.37000
2025-11-23 21:00:00,31.37300,31.39200,30.85800,31.25500
2025-11-23 22:00:00,31.25400,31.41700,30.61000,30.72700
2025-11-23 23:00:00,30.72700,31.27100,30.61400,31.18100
2025-11-24 00:00:00,31.18000,31.21200,30.23900,30.27400
2025-11-24 01:00:00,30.27500,30.72900,30.25200,30.60900
2025-11-24 02:00:00,30.60900,30.89000,30.53700,30.80800
2025-11-24 03:00:00,30.80800,31.24000,30.70600,31.01200
2025-11-24 04:00:00,31.01100,31.92800,30.89500,31.86000
2025-11-24 05:00:00,31.86200,32.50000,31.51600,32.27900
2025-11-24 06:00:00,32.27800,32.64200,32.00800,32.32800
2025-11-24 07:00:00,32.33000,32.35400,31.48600,31.86300
2025-11-24 08:00:00,31.86300,32.23900,31.49700,31.85500
2025-11-24 09:00:00,31.85300,32.78100,31.71300,32.71800
2025-11-24 10:00:00,32.71800,33.72900,32.66100,33.67000
2025-11-24 11:00:00,33.66700,33.77900,32.97100,33.07000
2025-11-24 12:00:00,33.07000,33.08200,31.21500,31.51000
2025-11-24 13:00:00,31.50900,32.16700,31.41100,31.59400
2025-11-24 14:00:00,31.59400,31.62700,31.14800,31.50900
2025-11-24 15:00:00,31.50800,31.82600,31.34000,31.57800
2025-11-24 16:00:00,31.57700,31.70900,31.18800,31.45300
2025-11-24 17:00:00,31.45600,31.64400,31.04900,31.53200
2025-11-24 18:00:00,31.53000,31.79400,31.50400,31.69600
2025-11-24 19:00:00,31.69500,31.76500,31.19600,31.21200
2025-11-24 20:00:00,31.21200,31.28400,30.40700,30.54600
2025-11-24 21:00:00,30.54700,31.48800,30.46600,31.15800
2025-11-24 22:00:00,31.15600,31.94500,30.90500,31.14300
2025-11-24 23:00:00,31.14400,31.26100,30.61700,31.02900
2025-11-25 00:00:00,31.03000,31.50500,31.03000,31.14600
2025-11-25 01:00:00,31.14800,31.91500,31.10500,31.87800
2025-11-25 02:00:00,31.87700,32.39200,31.87100,32.23800
2025-11-25 03:00:00,32.23700,32.46800,32.06200,32.45800
2025-11-25 04:00:00,32.45900,32.98500,32.45900,32.88800
2025-11-25 05:00:00,32.89100,32.92000,32.37400,32.42100
2025-11-25 06:00:00,32.42100,33.67400,32.40400,33.40300
2025-11-25 07:00:00,33.40000,34.66000,33.18900,33.72800
2025-11-25 08:00:00,33.72800,33.74600,33.10600,33.27800
2025-11-25 09:00:00,33.27800,33.82000,33.10300,33.13500
2025-11-25 10:00:00,33.13700,33.27200,32.60100,33.04700
2025-11-25 11:00:00,33.04700,33.16200,32.21200,32.59900
2025-11-25 12:00:00,32.60000,32.89500,32.51000,32.69600
2025-11-25 13:00:00,32.69700,32.79700,32.41600,32.66300
2025-11-25 14:00:00,32.66300,32.66400,31.94300,32.12700
2025-11-25 15:00:00,32.12800,32.24100,31.78900,31.88200
2025-11-25 16:00:00,31.88200,33.70700,31.88200,32.93400
2025-11-25 17:00:00,32.93400,34.44000,32.50000,34.34900
2025-11-25 18:00:00,34.34800,34.49600,32.50200,32.70700
2025-11-25 19:00:00,32.70000,32.79600,32.36300,32.51700
2025-11-25 20:00:00,32.51800,33.00300,32.45600,32.75600
2025-11-25 21:00:00,32.75600,33.14900,32.24500,32.39700
2025-11-25 22:00:00,32.39800,32.82600,31.80100,32.16100
2025-11-25 23:00:00,32.16000,32.63300,31.91300,32.27100
2025-11-26 00:00:00,32.26700,32.50100,31.98600,32.23400
2025-11-26 01:00:00,32.23300,32.69900,32.06700,32.44400
2025-11-26 02:00:00,32.44300,32.51600,32.22800,32.26900
2025-11-26 03:00:00,32.27100,32.37000,31.80000,32.33900
2025-11-26 04:00:00,32.34400,32.87500,32.16000,32.69400
2025-11-26 05:00:00,32.69600,32.95100,32.52600,32.68400
2025-11-26 06:00:00,32.68300,33.30200,32.34500,33.25100
2025-11-26 07:00:00,33.25000,33.93100,33.14600,33.71700
2025-11-26 08:00:00,33.71700,34.30000,33.62400,34.06000
2025-11-26 09:00:00,34.06000,34.44500,33.87800,34.25700
2025-11-26 10:00:00,34.25700,34.65300,34.02800,34.20100
2025-11-26 11:00:00,34.20000,34.34400,33.78600,33.90100
2025-11-26 12:00:00,33.90000,34.04200,33.60000,34.00700
2025-11-26 13:00:00,34.00600,34.78400,33.97900,34.64000
2025-11-26 14:00:00,34.63900,35.01900,34.44100,34.49900
2025-11-26 15:00:00,34.49800,34.79900,34.30000,34.74200
2025-11-26 16:00:00,34.74100,34.78400,34.45800,34.55800
2025-11-26 17:00:00,34.56000,34.62300,33.82400,33.91100
2025-11-26 18:00:00,33.91300,33.99400,33.59400,33.76200
2025-11-26 19:00:00,33.76300,34.02200,33.65400,33.68600
2025-11-26 20:00:00,33.68500,33.72500,33.01000,33.31900
2025-11-26 21:00:00,33.31900,33.96600,33.21100,33.74300
2025-11-26 22:00:00,33.74300,34.30000,33.59300,33.74300
2025-11-26 23:00:00,33.74100,34.16000,33.65500,33.82700
2025-11-27 00:00:00,33.82700,34.50600,33.77200,34.36100
2025-11-27 01:00:00,34.36200,35.39600,34.23700,35.36800
2025-11-27 02:00:00,35.36900,35.65500,35.03000,35.25000
2025-11-27 03:00:00,35.25000,35.39600,34.91800,35.19800
2025-11-27 04:00:00,35.19800,35.79000,34.83100,35.71400
2025-11-27 05:00:00,35.71400,36.28800,35.56000,36.14600
2025-11-27 06:00:00,36.14700,36.35900,35.89800,36.30500
2025-11-27 07:00:00,36.30400,36.33200,35.68000,36.22200
2025-11-27 08:00:00,36.22000,36.22000,35.71800,35.96000
2025-11-27 09:00:00,35.96000,36.53700,35.81700,36.34100
2025-11-27 10:00:00,36.34000,36.46200,36.11800,36.15900
2025-11-27 11:00:00,36.15900,36.24000,35.52900,35.65000
2025-11-27 12:00:00,35.65200,35.91600,35.46300,35.59000
2025-11-27 13:00:00,35.59000,35.61500,35.29700,35.33200
2025-11-27 14:00:00,35.33300,35.66900,35.33300,35.39500
2025-11-27 15:00:00,35.39500,35.59500,35.31500,35.54800
2025-11-27 16:00:00,35.54900,35.61400,35.17400,35.42300
2025-11-27 17:00:00,35.42200,35.53500,35.23200,35.30100
2025-11-27 18:00:00,35.30000,35.31600,34.90800,35.00700
2025-11-27 19:00:00,35.00600,35.01100,34.45500,34.79500
2025-11-27 20:00:00,34.79500,34.95400,34.53600,34.62900
2025-11-27 21:00:00,34.63100,34.91700,34.61700,34.84700
2025-11-27 22:00:00,34.84700,34.87300,34.54800,34.70500
2025-11-27 23:00:00,34.70500,34.80200,34.50100,34.69600
2025-11-28 00:00:00,34.69600,35.50800,34.52700,35.36000
2025-11-28 01:00:00,35.36000,35.76600,35.25100,35.47100
2025-11-28 02:00:00,35.47100,35.79500,35.30000,35.79500
2025-11-28 03:00:00,35.79400,35.79800,35.55800,35.72100
2025-11-28 04:00:00,35.72100,35.96100,35.48300,35.50100
2025-11-28 05:00:00,35.50100,35.61400,35.03200,35.08300
2025-11-28 06:00:00,35.08100,35.17400,34.67400,34.73300
2025-11-28 07:00:00,34.73400,34.92200,34.65000,34.72300
2025-11-28 08:00:00,34.72300,34.83800,34.47200,34.49500
2025-11-28 09:00:00,34.49500,34.57800,34.08200,34.20500
2025-11-28 10:00:00,34.20500,34.27300,33.76900,34.09800
2025-11-28 11:00:00,34.09800,34.87200,34.05000,34.87100
2025-11-28 12:00:00,34.87200,35.53300,34.69500,35.30000
2025-11-28 13:00:00,35.30100,35.49800,34.96900,35.16600
2025-11-28 14:00:00,35.16700,35.16800,34.79600,34.82300
2025-11-28 15:00:00,34.82300,34.89900,34.47400,34.66500
2025-11-28 16:00:00,34.66400,35.10500,34.61700,35.09000
2025-11-28 17:00:00,35.09300,35.90200,35.02500,35.75500
2025-11-28 18:00:00,35.75500,36.32000,35.62400,36.09200
2025-11-28 19:00:00,36.09000,36.22100,35.68000,35.95800
2025-11-28 20:00:00,35.95800,36.15600,35.69500,35.80900
2025-11-28 21:00:00,35.81000,36.29600,35.60200,36.19900
2025-11-28 22:00:00,36.19900,36.80900,36.01700,36.43600
2025-11-28 23:00:00,36.43600,36.51200,35.29400,35.47900
2025-11-29 00:00:00,35.47900,35.59700,34.72300,34.76000
2025-11-29 01:00:00,34.76000,34.88300,34.50100,34.68400
2025-11-29 02:00:00,34.68500,34.94600,34.14000,34.45000
2025-11-29 03:00:00,34.44900,34.75400,34.38200,34.54100
2025-11-29 04:00:00,34.54100,34.65000,34.34900,34.63300
2025-11-29 05:00:00,34.63300,34.68600,34.28800,34.44700
2025-11-29 06:00:00,34.44800,35.00000,34.25800,34.95900
2025-11-29 07:00:00,34.95900,35.29900,34.80600,34.92400
2025-11-29 08:00:00,34.92300,35.14500,34.82400,35.07000
2025-11-29 09:00:00,35.06900,35.09700,34.75300,34.96900
2025-11-29 10:00:00,34.97100,35.08900,34.61400,34.74800
2025-11-29 11:00:00,34.74200,34.87900,34.64000,34.81800
2025-11-29 12:00:00,34.81900,34.93000,34.35100,34.76700
2025-11-29 13:00:00,34.76100,35.07600,34.61800,34.85400
2025-11-29 14:00:00,34.85500,34.85700,34.07900,34.50400
2025-11-29 15:00:00,34.50200,36.44900,34.25700,35.94600
2025-11-29 16:00:00,35.94600,36.03700,35.30000,35.43000
2025-11-29 17:00:00,35.43100,35.71300,35.31300,35.46700
2025-11-29 18:00:00,35.46800,35.95600,35.25800,35.50000
2025-11-29 19:00:00,35.50100,35.76800,35.24100,35.71500
2025-11-29 20:00:00,35.71600,36.23300,35.64100,36.00500
2025-11-29 21:00:00,36.00500,36.15600,35.78200,35.98200
2025-11-29 22:00:00,35.98000,35.98700,34.89900,35.06000
2025-11-29 23:00:00,35.06100,35.15000,34.50000,34.74500
2025-11-30 00:00:00,34.74500,35.06700,34.58200,34.92200
2025-11-30 01:00:00,34.92200,35.06600,34.31100,34.45500
2025-11-30 02:00:00,34.45500,34.81300,34.00100,34.61800
2025-11-30 03:00:00,34.61800,34.71800,34.32900,34.45500
2025-11-30 04:00:00,34.45500,34.64700,34.17700,34.60200
2025-11-30 05:00:00,34.60100,34.74500,34.37600,34.65800
2025-11-30 06:00:00,34.65900,34.77300,34.44800,34.50900
2025-11-30 07:00:00,34.51200,34.51200,34.28100,34.32900
2025-11-30 08:00:00,34.33000,34.54900,34.01500,34.12900
2025-11-30 09:00:00,34.12900,34.48500,34.10600,34.30000
2025-11-30 10:00:00,34.30100,34.46400,34.23300,34.27200
2025-11-30 11:00:00,34.27200,34.45200,34.00100,34.27800
2025-11-30 12:00:00,34.27800,34.33100,34.06200,34.10900
2025-11-30 13:00:00,34.11000,34.11500,33.45900,33.57900
2025-11-30 14:00:00,33.57700,33.93800,33.33400,33.69300
2025-11-30 15:00:00,33.69400,34.01100,33.61800,33.96000
2025-11-30 16:00:00,33.96000,34.06800,33.83800,33.99600
2025-11-30 17:00:00,33.99700,34.06800,33.69100,33.81700
2025-11-30 18:00:00,33.81800,33.87500,33.20300,33.22500
2025-11-30 19:00:00,33.22600,33.33000,32.89800,32.99900
2025-11-30 20:00:00,32.99900,33.29700,32.86800,33.13800
2025-11-30 21:00:00,33.13900,33.77300,33.13900,33.58800
2025-11-30 22:00:00,33.58900,33.64100,33.14100,33.21000
2025-11-30 23:00:00,33.20800,33.21800,32.88900,33.03500
2025-12-01 00:00:00,33.03600,33.59900,33.03600,33.56300
2025-12-01 01:00:00,33.56300,33.74400,33.36000,33.70900
2025-12-01 02:00:00,33.70900,33.97700,33.53600,33.90300
2025-12-01 03:00:00,33.90300,33.96600,33.67200,33.72400
2025-12-01 04:00:00,33.72400,33.81200,33.31500,33.33400
2025-12-01 05:00:00,33.33500,33.38600,33.13300,33.15200
2025-12-01 06:00:00,33.15200,33.26100,32.69900,32.77300
2025-12-01 07:00:00,32.77300,32.78800,31.82700,31.93400
2025-12-01 08:00:00,31.93400,32.06700,30.60000,30.61000
2025-12-01 09:00:00,30.60800,31.37200,30.51100,31.24000
2025-12-01 10:00:00,31.24000,31.72100,31.15400,31.66000
2025-12-01 11:00:00,31.66200,31.71200,30.66600,30.75500
2025-12-01 12:00:00,30.75300,30.85000,30.50200,30.51100
2025-12-01 13:00:00,30.51200,30.75200,30.27700,30.43700
2025-12-01 14:00:00,30.43800,30.76700,30.41000,30.74000
2025-12-01 15:00:00,30.73900,31.24300,30.69300,31.19800
2025-12-01 16:00:00,31.19800,31.37600,30.78200,31.14600
2025-12-01 17:00:00,31.14400,31.36500,30.93000,31.05800
2025-12-01 18:00:00,31.05800,31.42800,31.00900,31.25600
2025-12-01 19:00:00,31.25600,31.25600,30.56400,30.62900
2025-12-01 20:00:00,30.63000,30.80900,29.85000,30.23600
2025-12-01 21:00:00,30.23600,30.57900,29.13500,29.60900
2025-12-01 22:00:00,29.60500,30.10700,29.20000,29.75500
2025-12-01 23:00:00,29.75400,29.96600,29.38600,29.76400
2025-12-02 00:00:00,29.76400,29.77400,29.21800,29.54700
2025-12-02 01:00:00,29.54800,29.81300,29.35900,29.56500
2025-12-02 02:00:00,29.56500,30.00400,29.53600,29.68100
2025-12-02 03:00:00,29.68000,29.78400,29.37300,29.52800
2025-12-02 04:00:00,29.52800,30.27700,29.52000,30.23200
2025-12-02 05:00:00,30.23200,30.67800,30.16100,30.60300
2025-12-02 06:00:00,30.60300,31.26300,30.59400,31.20700
2025-12-02 07:00:00,31.20600,31.48900,30.97200,31.01000
2025-12-02 08:00:00,31.01000,31.53200,30.59000,30.74200
2025-12-02 09:00:00,30.74300,31.18700,30.35100,30.41900
2025-12-02 10:00:00,30.41900,30.89500,30.34900,30.61000
2025-12-02 11:00:00,30.60900,31.19300,30.56600,31.06300
2025-12-02 12:00:00,31.06200,31.39800,30.90200,31.11200
2025-12-02 13:00:00,31.11200,31.39000,30.97400,31.32700
2025-12-02 14:00:00,31.32700,31.83600,31.11800,31.79000
2025-12-02 15:00:00,31.78600,31.96700,31.60000,31.67900
2025-12-02 16:00:00,31.68000,31.78400,31.09100,31.23800
2025-12-02 17:00:00,31.24000,31.47800,31.13000,31.29400
2025-12-02 18:00:00,31.29300,32.01500,31.27800,31.88000
2025-12-02 19:00:00,31.88000,31.97700,31.68400,31.80800
2025-12-02 20:00:00,31.80700,32.05000,31.74800,31.87200
2025-12-02 21:00:00,31.87200,32.53300,31.80400,32.10600
2025-12-02 22:00:00,32.10600,33.46600,31.47800,32.60100
2025-12-02 23:00:00,32.60000,33.10000,32.30200,32.97200
2025-12-03 00:00:00,32.97100,33.71500,32.63800,32.75900
2025-12-03 01:00:00,32.75800,33.22400,32.60700,32.80400
2025-12-03 02:00:00,32.80400,33.39400,32.74900,33.38400
2025-12-03 03:00:00,33.38300,33.70400,33.07000,33.09300
2025-12-03 04:00:00,33.09200,33.14100,32.60200,32.83800
2025-12-03 05:00:00,32.83700,32.98000,32.73600,32.89700
2025-12-03 06:00:00,32.89700,33.71400,32.78000,33.70100
2025-12-03 07:00:00,33.70000,34.40600,33.62000,33.84800
2025-12-03 08:00:00,33.84500,33.98500,33.44500,33.48800
2025-12-03 09:00:00,33.48800,33.79100,33.34900,33.53200
2025-12-03 10:00:00,33.53000,33.97700,33.50400,33.73900
2025-12-03 11:00:00,33.73900,34.81400,33.66600,34.20100
2025-12-03 12:00:00,34.20100,34.76100,34.19200,34.62900
2025-12-03 13:00:00,34.62800,35.38500,34.48000,34.48500
2025-12-03 14:00:00,34.48500,34.74000,34.16500,34.23600
2025-12-03 15:00:00,34.23800,34.40400,34.02400,34.22100
2025-12-03 16:00:00,34.22200,34.45400,34.03300,34.11700
2025-12-03 17:00:00,34.11800,34.55900,34.08700,34.47500
2025-12-03 18:00:00,34.47500,34.62000,33.77300,33.82300
2025-12-03 19:00:00,33.82500,34.06200,33.44900,33.76100
2025-12-03 20:00:00,33.76000,33.99400,33.61200,33.98100
2025-12-03 21:00:00,33.98000,34.30000,33.89900,34.02500
2025-12-03 22:00:00,34.02500,34.70000,33.43600,33.86800
2025-12-03 23:00:00,33.86900,34.27800,33.63600,34.04900
2025-12-04 00:00:00,34.04900,34.50100,33.86400,34.13300
2025-12-04 01:00:00,34.13300,34.47200,33.90500,34.41900
2025-12-04 02:00:00,34.41800,34.59300,33.98900,34.14000
2025-12-04 03:00:00,34.14000,34.77500,34.05500,34.74700
2025-12-04 04:00:00,34.74700,34.91200,34.28500,34.55400
2025-12-04 05:00:00,34.55500,35.10000,34.54600,35.08300
2025-12-04 06:00:00,35.08200,35.10000,34.62700,34.88900
2025-12-04 07:00:00,34.89000,35.02700,34.56100,34.65000
2025-12-04 08:00:00,34.65100,35.18300,34.22400,35.09400
2025-12-04 09:00:00,35.09400,35.85300,34.95000,35.79900
2025-12-04 10:00:00,35.80000,36.18900,35.66700,35.93900
2025-12-04 11:00:00,35.94000,36.04300,35.29600,35.57900
2025-12-04 12:00:00,35.57900,35.57900,35.17600,35.38900
2025-12-04 13:00:00,35.39000,35.42100,34.75000,34.86400
2025-12-04 14:00:00,34.86400,35.15800,34.83200,34.99600
2025-12-04 15:00:00,34.99500,35.25900,34.66100,35.23100
2025-12-04 16:00:00,35.23300,35.36200,34.79300,34.83700
2025-12-04 17:00:00,34.83700,35.07400,34.78200,34.87800
2025-12-04 18:00:00,34.87800,35.00100,34.72900,34.75400
2025-12-04 19:00:00,34.75400,34.97600,34.56100,34.74900
2025-12-04 20:00:00,34.75000,34.78800,34.22700,34.43500
2025-12-04 21:00:00,34.43400,34.53200,34.22000,34.38600
2025-12-04 22:00:00,34.38600,34.73800,34.02000,34.10400
2025-12-04 23:00:00,34.10200,34.95300,34.09600,34.54200
2025-12-05 00:00:00,34.54200,34.90600,34.25500,34.54900
2025-12-05 01:00:00,34.54900,34.60900,33.93400,34.31000
2025-12-05 02:00:00,34.30900,34.37300,33.78100,33.82400
2025-12-05 03:00:00,33.82500,33.87600,33.20300,33.47200
2025-12-05 04:00:00,33.47400,33.69300,33.22900,33.53300
2025-12-05 05:00:00,33.53200,33.69200,33.06100,33.18000
2025-12-05 06:00:00,33.18000,33.56100,33.16900,33.50100
2025-12-05 07:00:00,33.50200,33.59800,33.35600,33.51900
2025-12-05 08:00:00,33.51900,33.58000,33.29900,33.36400
2025-12-05 09:00:00,33.36400,33.73900,33.23800,33.68200
2025-12-05 10:00:00,33.68200,33.89000,33.61500,33.74200
2025-12-05 11:00:00,33.74300,33.76000,33.41700,33.68200
2025-12-05 12:00:00,33.68200,33.81400,33.30700,33.41000
2025-12-05 13:00:00,33.41000,33.52900,33.37800,33.52400
2025-12-05 14:00:00,33.52500,33.62500,33.28500,33.36300
2025-12-05 15:00:00,33.36300,33.55700,33.17200,33.19600
2025-12-05 16:00:00,33.19700,33.27600,32.65000,32.71800
2025-12-05 17:00:00,32.71900,32.76800,32.09000,32.12200
2025-12-05 18:00:00,32.12100,32.49700,32.08600,32.24600
2025-12-05 19:00:00,32.24600,32.29200,31.81100,31.91400
2025-12-05 20:00:00,31.91300,32.05300,31.75700,31.90600
2025-12-05 21:00:00,31.90600,31.98700,31.24500,31.37500
2025-12-05 22:00:00,31.38000,31.50400,31.09200,31.21100
2025-12-05 23:00:00,31.20800,32.04900,31.18600,31.49100
2025-12-06 00:00:00,31.49200,31.52100,30.68300,31.02600
2025-12-06 01:00:00,31.02800,31.21300,30.80800,31.01000
2025-12-06 02:00:00,31.00900,31.27400,30.55600,30.58000
2025-12-06 03:00:00,30.58100,31.18000,30.45400,31.08400
2025-12-06 04:00:00,31.08300,31.30300,30.87100,31.20300
2025-12-06 05:00:00,31.20300,31.32600,30.93600,31.15000
2025-12-06 06:00:00,31.15100,31.17600,30.98800,31.10700
2025-12-06 07:00:00,31.10700,31.12900,30.78200,30.96500
2025-12-06 08:00:00,30.96500,31.00000,30.60500,30.77300
2025-12-06 09:00:00,30.77300,31.01400,30.76300,30.92200
2025-12-06 10:00:00,30.92100,30.92100,30.63700,30.89400
2025-12-06 11:00:00,30.89400,31.21600,30.85500,31.08400
2025-12-06 12:00:00,31.08200,31.26200,31.01200,31.13200
2025-12-06 13:00:00,31.13300,31.29300,31.08000,31.14700
2025-12-06 14:00:00,31.14700,31.38100,31.07800,31.26600
2025-12-06 15:00:00,31.26600,31.29000,31.01000,31.06100
2025-12-06 16:00:00,31.06200,31.08500,30.64000,30.67600
2025-12-06 17:00:00,30.67700,31.00800,30.65500,30.89500
2025-12-06 18:00:00,30.89600,30.96300,30.72000,30.76600
2025-12-06 19:00:00,30.76700,30.85800,30.73500,30.84700
2025-12-06 20:00:00,30.84600,30.89000,30.56700,30.64600
2025-12-06 21:00:00,30.64700,30.93400,30.64400,30.70600
2025-12-06 22:00:00,30.70700,31.17700,30.65000,31.09300
2025-12-06 23:00:00,31.09300,31.12200,30.70400,30.84700
2025-12-07 00:00:00,30.84700,31.18400,30.83000,31.09400
2025-12-07 01:00:00,31.09400,31.40000,31.08000,31.39400
2025-12-07 02:00:00,31.39300,31.47300,31.17600,31.21600
2025-12-07 03:00:00,31.21600,31.31300,30.90000,31.00600
2025-12-07 04:00:00,31.00600,31.16100,31.00100,31.09700
2025-12-07 05:00:00,31.09600,31.24300,31.07700,31.21500
2025-12-07 06:00:00,31.21400,31.27500,30.95300,31.04800
2025-12-07 07:00:00,31.04700,31.11000,30.72900,30.94600
2025-12-07 08:00:00,30.94600,31.17000,30.92300,31.09700
2025-12-07 09:00:00,31.09800,31.13500,30.85200,30.85200
2025-12-07 10:00:00,30.85300,30.98600,30.79500,30.92800
2025-12-07 11:00:00,30.92800,30.97600,30.81600,30.95000
2025-12-07 12:00:00,30.95100,31.01800,30.80100,30.85100
2025-12-07 13:00:00,30.85200,30.88800,30.77400,30.84600
2025-12-07 14:00:00,30.84600,31.17800,30.82300,31.17200
2025-12-07 15:00:00,31.17200,31.23700,30.49900,30.51600
2025-12-07 16:00:00,30.51600,30.53900,29.78400,29.84100
2025-12-07 17:00:00,29.84100,29.89700,29.13300,29.30600
2025-12-07 18:00:00,29.30900,29.45500,29.19100,29.40800
2025-12-07 19:00:00,29.40900,30.04000,29.36700,29.67100
2025-12-07 20:00:00,29.67200,30.08800,29.62700,29.89100
2025-12-07 21:00:00,29.89000,29.95400,29.17500,29.42900
2025-12-07 22:00:00,29.43000,29.45800,28.20000,28.32700
2025-12-07 23:00:00,28.32700,29.12200,28.11500,29.05900
2025-12-08 00:00:00,29.05700,29.36000,28.76600,29.36000
2025-12-08 01:00:00,29.35900,29.68000,29.14300,29.64500
2025-12-08 02:00:00,29.64500,29.76700,29.24900,29.27700
2025-12-08 03:00:00,29.27700,29.87000,29.19400,29.68000
2025-12-08 04:00:00,29.68000,29.91200,29.47300,29.84900
2025-12-08 05:00:00,29.84800,29.91100,28.90000,29.03500
2025-12-08 06:00:00,29.03500,29.65800,28.40400,29.21500
2025-12-08 07:00:00,29.21600,29.82800,29.07200,29.71900
2025-12-08 08:00:00,29.71800,30.08000,29.44000,29.85000
2025-12-08 09:00:00,29.85000,30.95100,29.82300,30.08100
2025-12-08 10:00:00,30.08100,30.24100,29.86100,29.96200
2025-12-08 11:00:00,29.96100,30.05300,29.81300,29.98400
2025-12-08 12:00:00,29.98400,30.27200,29.89100,29.99600
2025-12-08 13:00:00,29.99500,30.34900,29.85200,30.33400
2025-12-08 14:00:00,30.33400,30.53000,30.12700,30.20300
2025-12-08 15:00:00,30.20400,30.27600,29.93600,29.99300
2025-12-08 16:00:00,29.99100,30.69800,29.95400,30.63100
2025-12-08 17:00:00,30.63200,30.84200,30.33000,30.47100
2025-12-08 18:00:00,30.47000,30.72500,30.31200,30.54200
2025-12-08 19:00:00,30.54200,30.71000,30.33300,30.65100
2025-12-08 20:00:00,30.65100,30.69300,30.23800,30.37400
2025-12-08 21:00:00,30.37300,30.56000,30.16800,30.22100
2025-12-08 22:00:00,30.22000,30.56600,29.58000,29.68000
2025-12-08 23:00:00,29.67800,29.92400,29.10000,29.55800
2025-12-09 00:00:00,29.55800,29.98500,29.43300,29.82800
2025-12-09 01:00:00,29.82800,30.01300,29.60500,29.77800
2025-12-09 02:00:00,29.77800,29.85300,28.89000,29.07500
2025-12-09 03:00:00,29.07500,29.15300,28.63800,29.07800
2025-12-09 04:00:00,29.07600,29.71700,29.03900,29.65400
2025-12-09 05:00:00,29.65500,29.88300,29.61500,29.82600
2025-12-09 06:00:00,29.82600,29.86300,29.40000,29.49300
2025-12-09 07:00:00,29.49300,29.56500,29.20000,29.48400
2025-12-09 08:00:00,29.48300,29.52700,29.09400,29.37900
2025-12-09 09:00:00,29.37800,29.43900,29.21100,29.26100
2025-12-09 10:00:00,29.26200,29.38200,28.84700,28.85700
2025-12-09 11:00:00,28.85700,28.89100,28.44400,28.63100
2025-12-09 12:00:00,28.63200,28.72700,27.73100,27.89700
2025-12-09 13:00:00,27.89700,28.29800,27.76600,28.09700
2025-12-09 14:00:00,28.09800,28.11100,27.43100,27.81500
2025-12-09 15:00:00,27.81600,28.31900,27.72700,28.30200
2025-12-09 16:00:00,28.30200,28.42200,27.80800,27.90700
2025-12-09 17:00:00,27.90800,28.00400,27.64700,27.80200
2025-12-09 18:00:00,27.80000,28.08300,27.48000,28.02500
2025-12-09 19:00:00,28.02400,28.13200,27.80900,27.97800
2025-12-09 20:00:00,27.97700,28.30500,27.91600,28.06100
2025-12-09 21:00:00,28.06100,28.13100,27.77700,27.91000
2025-12-09 22:00:00,27.90900,28.15400,27.78800,27.94100
2025-12-09 23:00:00,27.94100,28.80000,27.90200,28.53100
2025-12-10 00:00:00,28.53100,29.13700,28.53000,28.71700
2025-12-10 01:00:00,28.71600,29.11400,28.25000,28.74600
2025-12-10 02:00:00,28.74600,28.85500,28.56100,28.67200
2025-12-10 03:00:00,28.67500,29.30400,28.50000,29.06700
2025-12-10 04:00:00,29.06700,29.14500,28.08300,28.17800
2025-12-10 05:00:00,28.17900,28.18500,27.45000,27.76700
2025-12-10 06:00:00,27.76600,28.20300,27.73500,28.06600
2025-12-10 07:00:00,28.06500,28.09300,27.73300,27.89600
2025-12-10 08:00:00,27.89700,28.38800,27.61000,28.08500
2025-12-10 09:00:00,28.08500,28.19500,27.73300,28.11300
2025-12-10 10:00:00,28.11200,28.53100,27.96400,28.52700
2025-12-10 11:00:00,28.52800,28.92800,28.31000,28.83000
2025-12-10 12:00:00,28.83000,28.89400,28.66100,28.76000
2025-12-10 13:00:00,28.76000,29.31600,28.63100,28.96100
2025-12-10 14:00:00,28.96100,29.07200,28.69000,28.91300
2025-12-10 15:00:00,28.91400,29.53200,28.86000,29.30300
2025-12-10 16:00:00,29.30300,29.44400,29.10900,29.17100
2025-12-10 17:00:00,29.17100,29.47700,29.10000,29.29200
2025-12-10 18:00:00,29.29200,29.40100,29.11600,29.17600
2025-12-10 19:00:00,29.17600,29.34900,28.94200,29.10600
2025-12-10 20:00:00,29.10500,29.12800,28.71800,28.81300
2025-12-10 21:00:00,28.81300,29.00400,28.70400,28.78000
2025-12-10 22:00:00,28.78000,29.30500,28.73200,29.04500
2025-12-10 23:00:00,29.04400,29.14700,28.76600,29.02700
2025-12-11 00:00:00,29.02600,29.28000,28.90300,29.02400
2025-12-11 01:00:00,29.02400,29.18200,28.87200,28.90500
2025-12-11 02:00:00,28.90400,29.44900,28.80100,29.22100
2025-12-11 03:00:00,29.22000,29.93000,28.74700,29.47300
2025-12-11 04:00:00,29.47300,29.98500,28.99100,29.19800
2025-12-11 05:00:00,29.19900,29.88800,28.93200,29.54400
2025-12-11 06:00:00,29.54400,29.70900,29.12900,29.28200
2025-12-11 07:00:00,29.28200,29.31100,28.79200,28.81700
2025-12-11 08:00:00,28.81700,28.93600,28.36800,28.66400
2025-12-11 09:00:00,28.66400,29.15800,28.41700,28.62100
2025-12-11 10:00:00,28.62100,28.73300,28.20100,28.65200
2025-12-11 11:00:00,28.65200,28.75700,28.12000,28.59400
2025-12-11 12:00:00,28.59400,28.83100,28.36300,28.50900
2025-12-11 13:00:00,28.50900,28.74900,28.42800,28.54000
2025-12-11 14:00:00,28.54000,28.58000,27.86300,27.98300
2025-12-11 15:00:00,27.98300,28.17800,27.89600,28.05600
2025-12-11 16:00:00,28.05600,28.08500,27.76700,27.92500
2025-12-11 17:00:00,27.92500,28.07800,27.84000,27.89900
2025-12-11 18:00:00,27.90000,27.93000,27.27700,27.52300
2025-12-11 19:00:00,27.52200,27.68500,27.06500,27.20600
2025-12-11 20:00:00,27.20600,27.38200,27.03800,27.07300
2025-12-11 21:00:00,27.07300,27.59300,26.86200,27.50900
2025-12-11 22:00:00,27.51000,27.73700,27.16400,27.45700
2025-12-11 23:00:00,27.45600,28.10300,27.37800,27.52500
2025-12-12 00:00:00,27.52600,27.93000,27.41100,27.80400
2025-12-12 01:00:00,27.80400,28.42300,27.74000,28.06200
2025-12-12 02:00:00,28.06200,28.55400,28.03300,28.31200
2025-12-12 03:00:00,28.31200,28.50000,28.11200,28.16600
2025-12-12 04:00:00,28.16600,28.64100,28.15900,28.61500
2025-12-12 05:00:00,28.61600,29.06700,28.57800,28.91400
2025-12-12 06:00:00,28.91600,29.03600,28.76300,28.88800
2025-12-12 07:00:00,28.88700,29.22100,28.83500,29.12800
2025-12-12 08:00:00,29.12800,29.24700,28.80300,28.93100
2025-12-12 09:00:00,28.93200,29.26500,28.87200,29.21800
2025-12-12 10:00:00,29.21800,29.40700,29.07500,29.39000
2025-12-12 11:00:00,29.39100,29.60900,29.14100,29.43400
2025-12-12 12:00:00,29.43300,29.56100,29.26400,29.45900
2025-12-12 13:00:00,29.45900,29.65300,29.27400,29.56200
2025-12-12 14:00:00,29.56500,29.80400,29.36500,29.40300
2025-12-12 15:00:00,29.40300,29.65200,29.38200,29.48000
2025-12-12 16:00:00,29.48000,29.53700,29.16000,29.21900
2025-12-12 17:00:00,29.21900,29.82600,29.11100,29.80900
2025-12-12 18:00:00,29.81000,29.97900,29.44300,29.46700
2025-12-12 19:00:00,29.46600,29.96000,29.36500,29.83700
2025-12-12 20:00:00,29.83600,29.90900,29.59000,29.85100
2025-12-12 21:00:00,29.85000,29.85000,29.52200,29.55000
2025-12-12 22:00:00,29.55600,29.82200,29.40600,29.71700
2025-12-12 23:00:00,29.71600,29.72800,28.56400,28.88700
2025-12-13 00:00:00,28.88500,29.34500,28.66800,28.97400
2025-12-13 01:00:00,28.97300,30.28400,28.92800,29.43500
2025-12-13 02:00:00,29.43600,30.16500,29.42300,29.61300
2025-12-13 03:00:00,29.61200,29.62100,28.62400,28.80300
2025-12-13 04:00:00,28.80400,29.03900,28.34700,28.37500
2025-12-13 05:00:00,28.37600,28.67600,28.30400,28.63200
2025-12-13 06:00:00,28.63200,28.86200,28.56400,28.82800
2025-12-13 07:00:00,28.82800,28.90200,28.52900,28.58800
2025-12-13 08:00:00,28.58900,28.80300,28.53700,28.72000
2025-12-13 09:00:00,28.72100,28.84300,28.35300,28.41900
2025-12-13 10:00:00,28.41900,28.48200,28.32800,28.34800
2025-12-13 11:00:00,28.34900,28.64600,28.33500,28.50500
2025-12-13 12:00:00,28.50500,28.52300,28.20400,28.23300
2025-12-13 13:00:00,28.23100,28.38500,28.00600,28.19500
2025-12-13 14:00:00,28.19500,28.35500,27.95700,28.20900
2025-12-13 15:00:00,28.20800,28.22300,27.90500,28.02400
2025-12-13 16:00:00,28.02400,28.32800,27.97500,28.00000
2025-12-13 17:00:00,28.00000,28.25500,27.89700,28.11700
2025-12-13 18:00:00,28.11600,28.45000,27.99700,28.35000
2025-12-13 19:00:00,28.35000,29.00000,28.32000,28.88900
2025-12-13 20:00:00,28.88800,29.33300,28.82800,29.30400
2025-12-13 21:00:00,29.30500,29.45200,29.00800,29.06000
2025-12-13 22:00:00,29.06100,29.19300,28.80800,28.93600
2025-12-13 23:00:00,28.93600,29.18800,28.93600,29.15400
2025-12-14 00:00:00,29.15300,29.35900,28.73600,28.90300
2025-12-14 01:00:00,28.90400,29.05100,28.75100,28.97300
2025-12-14 02:00:00,28.97300,29.06700,28.86200,28.88600
2025-12-14 03:00:00,28.88500,29.05900,28.77900,28.89200
2025-12-14 04:00:00,28.89200,29.03300,28.62100,28.69000
2025-12-14 05:00:00,28.69000,29.15300,28.57600,29.05400
2025-12-14 06:00:00,29.05600,29.18500,28.90800,28.98800
2025-12-14 07:00:00,28.98700,29.72400,28.92000,29.57600
2025-12-14 08:00:00,29.57500,29.82800,29.42700,29.44300
2025-12-14 09:00:00,29.44000,29.72000,29.31300,29.49200
2025-12-14 10:00:00,29.49100,29.60000,29.43000,29.46500
2025-12-14 11:00:00,29.46500,29.49500,29.15200,29.23400
2025-12-14 12:00:00,29.23400,29.43900,29.10500,29.18000
2025-12-14 13:00:00,29.18100,29.25100,28.87700,29.20800
2025-12-14 14:00:00,29.20700,29.27000,29.11500,29.22000
2025-12-14 15:00:00,29.21900,29.56800,29.10400,29.52400
2025-12-14 16:00:00,29.52500,29.58300,29.22200,29.24000
2025-12-14 17:00:00,29.24100,29.30200,28.92500,29.01900
2025-12-14 18:00:00,29.02000,29.25900,28.75100,29.11000
2025-12-14 19:00:00,29.11100,29.18000,28.57500,28.79400
2025-12-14 20:00:00,28.79300,29.89600,28.73200,29.77600
2025-12-14 21:00:00,29.77500,29.88700,29.26200,29.44300
2025-12-14 22:00:00,29.44400,29.50300,28.84300,28.95200
2025-12-14 23:00:00,28.95100,28.97600,28.62100,28.81100
2025-12-15 00:00:00,28.81100,29.02700,28.70100,28.87100
2025-12-15 01:00:00,28.87200,29.09700,28.70800,28.89400
2025-12-15 02:00:00,28.89400,29.50100,28.82700,29.37800
2025-12-15 03:00:00,29.37800,29.39600,28.98000,29.10300
2025-12-15 04:00:00,29.10300,29.25200,28.90000,28.96600
2025-12-15 05:00:00,28.96500,29.19600,28.83900,29.02700
2025-12-15 06:00:00,29.02600,29.18900,28.38300,28.69100
2025-12-15 07:00:00,28.69200,29.02600,28.23400,28.80600
2025-12-15 08:00:00,28.80600,29.22400,28.58600,28.90700
2025-12-15 09:00:00,28.90800,29.54700,28.83200,29.40500
2025-12-15 10:00:00,29.40500,29.56400,29.12900,29.14300
2025-12-15 11:00:00,29.14300,29.27800,28.81000,28.95900
2025-12-15 12:00:00,28.95800,29.11100,28.92100,29.00400
2025-12-15 13:00:00,29.00300,29.13900,28.92500,29.08500
2025-12-15 14:00:00,29.08600,29.25800,28.98300,29.08200
2025-12-15 15:00:00,29.08100,29.13400,28.96300,29.10200
2025-12-15 16:00:00,29.10200,29.25300,28.96600,29.21400
2025-12-15 17:00:00,29.21500,29.49400,29.17500,29.39100
2025-12-15 18:00:00,29.39100,29.51300,29.27600,29.42000
2025-12-15 19:00:00,29.42000,29.43900,29.21000,29.37400
2025-12-15 20:00:00,29.37500,29.49400,29.17000,29.27500
2025-12-15 21:00:00,29.27300,29.27600,28.59500,28.69700
2025-12-15 22:00:00,28.69600,28.96500,28.38100,28.41600
2025-12-15 23:00:00,28.41600,28.59200,27.35500,27.71600
2025-12-16 00:00:00,27.71700,28.05800,27.42900,27.43700
2025-12-16 01:00:00,27.43700,27.86100,27.25500,27.38200
2025-12-16 02:00:00,27.38300,27.70300,27.15400,27.48300
2025-12-16 03:00:00,27.48200,27.77100,27.36500,27.52500
2025-12-16 04:00:00,27.52400,27.52400,27.09500,27.29500
2025-12-16 05:00:00,27.29600,27.65800,27.21700,27.51700
2025-12-16 06:00:00,27.51900,27.73200,27.40200,27.57400
2025-12-16 07:00:00,27.57400,27.70600,27.36600,27.58300
2025-12-16 08:00:00,27.58400,27.64800,27.25100,27.27600
2025-12-16 09:00:00,27.27700,27.40100,26.96000,27.02000
2025-12-16 10:00:00,27.01800,27.19400,26.89400,27.06200
2025-12-16 11:00:00,27.06200,27.10200,26.32800,26.69600
2025-12-16 12:00:00,26.69000,26.77300,26.03400,26.32800
2025-12-16 13:00:00,26.32800,26.60400,26.24000,26.54100
2025-12-16 14:00:00,26.54100,26.72000,26.44800,26.65100
2025-12-16 15:00:00,26.65000,26.70500,26.11700,26.29600
2025-12-16 16:00:00,26.29600,26.49300,26.23700,26.43200
2025-12-16 17:00:00,26.43200,26.88100,26.36100,26.70600
2025-12-16 18:00:00,26.70700,27.18800,26.67800,27.06800
2025-12-16 19:00:00,27.06800,27.40000,26.90000,27.38800
2025-12-16 20:00:00,27.38600,27.58700,27.13900,27.28600
2025-12-16 21:00:00,27.28600,27.56900,26.96400,26.97900
2025-12-16 22:00:00,26.97900,27.59400,26.77400,27.39100
2025-12-16 23:00:00,27.39100,27.46500,26.82300,27.26600
2025-12-17 00:00:00,27.26600,27.31700,26.66300,26.68600
2025-12-17 01:00:00,26.68700,26.79400,26.24000,26.48500
2025-12-17 02:00:00,26.48400,27.04700,26.43100,26.94200
2025-12-17 03:00:00,26.94100,27.00000,26.51100,26.89700
2025-12-17 04:00:00,26.89900,27.17600,26.66500,26.66600
2025-12-17 05:00:00,26.66700,26.88500,26.59600,26.78900
2025-12-17 06:00:00,26.78800,26.95700,26.62300,26.62300
2025-12-17 07:00:00,26.62400,26.81500,26.50400,26.79000
2025-12-17 08:00:00,26.79200,26.82000,26.33500,26.49200
2025-12-17 09:00:00,26.49200,26.70000,26.37400,26.40800
2025-12-17 10:00:00,26.40800,26.53400,26.20000,26.51300
2025-12-17 11:00:00,26.51300,28.36000,26.50400,27.01900
2025-12-17 12:00:00,27.01900,27.13800,26.54000,26.72300
2025-12-17 13:00:00,26.72300,27.17500,26.61800,27.07400
2025-12-17 14:00:00,27.07300,27.14400,26.93500,27.13800
2025-12-17 15:00:00,27.13900,27.26800,27.06300,27.16800
2025-12-17 16:00:00,27.16800,27.17400,26.65600,26.78700
2025-12-17 17:00:00,26.78600,26.95600,26.69200,26.89500
2025-12-17 18:00:00,26.89500,27.15300,26.79000,27.10900
2025-12-17 19:00:00,27.11000,27.66600,27.10400,27.61200
2025-12-17 20:00:00,27.61000,27.87600,27.11600,27.41600
2025-12-17 21:00:00,27.41500,27.56900,27.18700,27.44800
2025-12-17 22:00:00,27.44700,27.62300,26.87800,27.59900
2025-12-17 23:00:00,27.59400,27.87200,26.56300,26.71900
2025-12-18 00:00:00,26.72000,27.03400,25.50100,26.12300
2025-12-18 01:00:00,26.12200,26.13600,25.20600,25.28500
2025-12-18 02:00:00,25.28600,25.51900,24.82600,24.87400
2025-12-18 03:00:00,24.87500,25.10800,24.66300,24.74000
2025-12-18 04:00:00,24.74000,24.92300,24.46300,24.87700
2025-12-18 05:00:00,24.87700,25.02000,24.66200,24.67800
2025-12-18 06:00:00,24.67800,24.84200,24.49700,24.77900
2025-12-18 07:00:00,24.77800,24.79400,24.18700,24.47300
2025-12-18 08:00:00,24.47200,24.56100,24.12600,24.44300
2025-12-18 09:00:00,24.44300,24.46900,24.13200,24.40700
2025-12-18 10:00:00,24.40700,24.77800,24.20900,24.27900
2025-12-18 11:00:00,24.27800,24.37100,24.09700,24.18700
2025-12-18 12:00:00,24.18700,24.57400,24.17100,24.52800
2025-12-18 13:00:00,24.52800,24.55900,24.31700,24.37000
2025-12-18 14:00:00,24.36900,24.44900,24.07700,24.33900
2025-12-18 15:00:00,24.33900,24.48800,23.86400,23.97900
2025-12-18 16:00:00,23.97900,24.27800,23.89200,24.19900
2025-12-18 17:00:00,24.20000,24.45100,23.65600,24.36000
2025-12-18 18:00:00,24.36000,24.49400,24.24200,24.47300
2025-12-18 19:00:00,24.47300,24.48400,24.04300,24.36800
2025-12-18 20:00:00,24.36900,24.42900,24.10000,24.29800
2025-12-18 21:00:00,24.29800,25.17600,24.28800,25.12300
2025-12-18 22:00:00,25.12400,25.28800,24.45200,24.90700
2025-12-18 23:00:00,24.90800,25.24000,24.62900,24.67400
2025-12-19 00:00:00,24.67500,24.81000,24.25000,24.64500
2025-12-19 01:00:00,24.64600,24.66000,23.44600,23.70300
2025-12-19 02:00:00,23.70300,23.94700,23.05500,23.09400
2025-12-19 03:00:00,23.09400,23.27400,22.56800,22.78700
2025-12-19 04:00:00,22.78700,23.23700,22.78600,22.85200
2025-12-19 05:00:00,22.85700,23.22700,22.85000,23.14300
2025-12-19 06:00:00,23.14200,23.24100,22.90500,22.91200
2025-12-19 07:00:00,22.91100,22.93500,22.40000,22.45800
2025-12-19 08:00:00,22.45900,22.67500,22.23800,22.35600
2025-12-19 09:00:00,22.35500,22.62800,22.18500,22.60400
2025-12-19 10:00:00,22.60400,22.99300,22.45900,22.82100
2025-12-19 11:00:00,22.82100,23.29200,22.67800,23.07700
2025-12-19 12:00:00,23.07700,23.42200,23.01200,23.36700
2025-12-19 13:00:00,23.36800,23.48900,23.16400,23.37400
2025-12-19 14:00:00,23.37300,23.81600,23.28200,23.80600
2025-12-19 15:00:00,23.80400,24.21200,23.57200,23.91400
2025-12-19 16:00:00,23.91300,24.05900,23.75500,23.99400
2025-12-19 17:00:00,23.99300,24.17600,23.81400,23.99500
2025-12-19 18:00:00,23.99500,24.41100,23.97600,24.39500
2025-12-19 19:00:00,24.39400,24.79000,24.33600,24.58100
2025-12-19 20:00:00,24.58100,24.61000,24.22000,24.33000
2025-12-19 21:00:00,24.33100,24.43800,24.16900,24.41000
2025-12-19 22:00:00,24.41100,24.52500,23.91000,24.05800
2025-12-19 23:00:00,24.05900,24.70800,23.69900,23.86500
2025-12-20 00:00:00,23.86500,24.64700,23.81000,24.34600
2025-12-20 01:00:00,24.34500,24.64000,23.93100,23.98000
2025-12-20 02:00:00,23.98000,24.53100,23.96100,24.34500
2025-12-20 03:00:00,24.34500,25.12600,24.34300,24.75400
2025-12-20 04:00:00,24.75300,24.90900,24.61200,24.87900
2025-12-20 05:00:00,24.87800,24.87800,24.41800,24.46900
2025-12-20 06:00:00,24.47000,24.73100,24.44900,24.66700
2025-12-20 07:00:00,24.66700,24.94100,24.59000,24.86200
2025-12-20 08:00:00,24.86100,24.89300,24.60600,24.63700
2025-12-20 09:00:00,24.63700,24.68500,24.54300,24.59600
2025-12-20 10:00:00,24.59500,24.60700,24.31100,24.43700
2025-12-20 11:00:00,24.43800,24.63300,24.32000,24.57900
2025-12-20 12:00:00,24.58000,24.70000,24.54100,24.62700
2025-12-20 13:00:00,24.62700,24.88400,24.52800,24.65800
2025-12-20 14:00:00,24.65800,24.97200,24.64100,24.87800
2025-12-20 15:00:00,24.87800,24.92200,24.67700,24.91700
2025-12-20 16:00:00,24.91600,25.55000,24.84500,25.19500
2025-12-20 17:00:00,25.19500,25.26800,24.77900,24.82200
2025-12-20 18:00:00,24.82200,24.90500,24.47000,24.66300
2025-12-20 19:00:00,24.66300,24.74800,24.60400,24.68400
2025-12-20 20:00:00,24.68300,24.84200,24.62100,24.68700
2025-12-20 21:00:00,24.68800,24.79400,24.46400,24.71300
2025-12-20 22:00:00,24.71300,24.74300,24.53600,24.72800
2025-12-20 23:00:00,24.72700,24.78800,24.59400,24.68400
2025-12-21 00:00:00,24.68400,24.90700,24.62000,24.82700
2025-12-21 01:00:00,24.82600,25.04000,24.82600,25.03400
2025-12-21 02:00:00,25.03300,25.36300,24.90000,25.07300
2025-12-21 03:00:00,25.07300,25.19700,24.98900,25.15100
2025-12-21 04:00:00,25.15000,25.26200,25.04000,25.20400
2025-12-21 05:00:00,25.20400,25.27600,24.50200,24.67200
2025-12-21 06:00:00,24.67200,24.73600,24.50600,24.65600
2025-12-21 07:00:00,24.65600,24.67200,23.80000,23.99200
2025-12-21 08:00:00,23.99200,24.12300,23.78000,24.00900
2025-12-21 09:00:00,24.01000,24.07100,23.65500,23.66100
2025-12-21 10:00:00,23.66100,23.81600,23.55200,23.61700
2025-12-21 11:00:00,23.61700,23.94500,23.61000,23.89400
2025-12-21 12:00:00,23.89300,23.95900,23.82700,23.93600
2025-12-21 13:00:00,23.93600,24.05900,23.90100,23.95600
2025-12-21 14:00:00,23.95600,24.29900,23.91600,24.13400
2025-12-21 15:00:00,24.13400,24.20200,24.04000,24.18600
2025-12-21 16:00:00,24.18500,24.61900,24.00000,24.27300
2025-12-21 17:00:00,24.27400,24.38000,24.11300,24.37200
2025-12-21 18:00:00,24.37200,24.39600,24.16300,24.23300
2025-12-21 19:00:00,24.23300,24.30100,24.06900,24.28200
2025-12-21 20:00:00,24.28200,24.40700,23.99800,24.18900
2025-12-21 21:00:00,24.18900,24.19200,23.70600,23.74700
2025-12-21 22:00:00,23.74600,24.08100,23.67300,24.07100
2025-12-21 23:00:00,24.07200,24.22400,23.94600,24.16600
2025-12-22 00:00:00,24.16500,24.33800,24.00700,24.28200
2025-12-22 01:00:00,24.28300,24.49600,24.22000,24.38000
2025-12-22 02:00:00,24.38000,24.47100,24.24900,24.45100
2025-12-22 03:00:00,24.45100,24.55500,24.31300,24.35700
2025-12-22 04:00:00,24.35800,24.39500,24.08600,24.12000
2025-12-22 05:00:00,24.11900,24.19100,24.02000,24.06800
2025-12-22 06:00:00,24.06900,24.55600,24.05500,24.45600
2025-12-22 07:00:00,24.45500,24.84100,24.39000,24.82500
2025-12-22 08:00:00,24.82400,24.99100,24.44300,24.52500
2025-12-22 09:00:00,24.52500,25.00000,24.47400,24.73700
2025-12-22 10:00:00,24.73700,24.82000,24.49000,24.60100
2025-12-22 11:00:00,24.60100,24.79700,24.52000,24.76100
2025-12-22 12:00:00,24.76100,25.09000,24.64000,24.75100
2025-12-22 13:00:00,24.75100,24.91600,24.69000,24.87600
2025-12-22 14:00:00,24.87600,24.99600,24.77600,24.96100
2025-12-22 15:00:00,24.96200,25.40500,24.92700,25.38000
2025-12-22 16:00:00,25.38000,25.69800,25.21100,25.22000
2025-12-22 17:00:00,25.22000,25.40000,25.12400,25.32600
2025-12-22 18:00:00,25.32600,25.36500,25.10500,25.23100
2025-12-22 19:00:00,25.23200,25.32300,24.96600,25.06000
2025-12-22 20:00:00,25.06100,25.43800,25.05100,25.23800
2025-12-22 21:00:00,25.23800,25.34100,24.77100,24.92300
2025-12-22 22:00:00,24.92300,25.12600,24.69300,24.73400
2025-12-22 23:00:00,24.73300,24.87000,24.38300,24.69900
2025-12-23 00:00:00,24.70000,24.95600,24.55300,24.86100
2025-12-23 01:00:00,24.86200,25.21600,24.68400,25.05900
2025-12-23 02:00:00,25.05900,25.09000,24.81800,24.95800
2025-12-23 03:00:00,24.95700,24.96200,24.52800,24.64200
2025-12-23 04:00:00,24.64100,24.80700,24.51500,24.65500
2025-12-23 05:00:00,24.65400,24.91800,24.63100,24.75300
2025-12-23 06:00:00,24.75200,24.93700,24.58400,24.89700
2025-12-23 07:00:00,24.89700,25.10300,24.80900,24.87100
2025-12-23 08:00:00,24.87200,24.96800,24.75800,24.96100
2025-12-23 09:00:00,24.96100,25.00000,24.68600,24.76700
2025-12-23 10:00:00,24.76600,24.94500,24.54800,24.57900
2025-12-23 11:00:00,24.58000,24.59400,24.31900,24.33600
2025-12-23 12:00:00,24.33600,24.39600,24.21800,24.31800
2025-12-23 13:00:00,24.31700,24.38500,24.02700,24.33900
2025-12-23 14:00:00,24.33800,24.49100,24.25000,24.39500
2025-12-23 15:00:00,24.39500,24.48300,24.16900,24.26600
2025-12-23 16:00:00,24.26600,24.28400,23.82300,23.97400
2025-12-23 17:00:00,23.97400,24.14500,23.92800,24.13600
2025-12-23 18:00:00,24.13500,24.26100,24.05200,24.22400
2025-12-23 19:00:00,24.22400,24.42200,24.21800,24.30100
2025-12-23 20:00:00,24.30200,24.42700,24.21200,24.28600
2025-12-23 21:00:00,24.28500,24.60300,24.06100,24.37100
2025-12-23 22:00:00,24.37000,24.51900,23.63500,23.80000
2025-12-23 23:00:00,23.80000,24.08500,23.69500,24.06800
2025-12-24 00:00:00,24.06800,24.36900,24.03000,24.34200
2025-12-24 01:00:00,24.34100,24.49300,24.15700,24.16200
2025-12-24 02:00:00,24.16200,24.53700,24.11800,24.47900
2025-12-24 03:00:00,24.47900,24.59100,24.35800,24.55500
2025-12-24 04:00:00,24.55500,24.74800,24.43600,24.60100
2025-12-24 05:00:00,24.60200,24.65800,24.40000,24.42500
2025-12-24 06:00:00,24.42500,24.53500,23.89600,24.01000
2025-12-24 07:00:00,24.01000,24.06000,23.80000,23.95600
2025-12-24 08:00:00,23.95600,24.30500,23.92900,24.29400
2025-12-24 09:00:00,24.29400,24.39900,24.02600,24.12200
2025-12-24 10:00:00,24.12300,24.20000,23.63400,23.78300
2025-12-24 11:00:00,23.78400,24.13100,23.66700,24.06500
2025-12-24 12:00:00,24.06400,24.25700,24.00900,24.12900
2025-12-24 13:00:00,24.12800,24.16600,23.85400,23.89500
2025-12-24 14:00:00,23.89500,23.94300,23.72300,23.90200
2025-12-24 15:00:00,23.90300,23.95400,23.70500,23.71500
2025-12-24 16:00:00,23.71600,23.82400,23.61200,23.77600
2025-12-24 17:00:00,23.77600,23.92600,23.77200,23.84400
2025-12-24 18:00:00,23.84400,23.99200,23.81700,23.90500
2025-12-24 19:00:00,23.90500,23.97800,23.84700,23.91600
2025-12-24 20:00:00,23.91500,23.92300,23.78300,23.90500
2025-12-24 21:00:00,23.90200,23.99000,23.81100,23.90800
2025-12-24 22:00:00,23.90800,24.12300,23.81000,24.01900
2025-12-24 23:00:00,24.01800,24.29700,23.93100,24.27300
2025-12-25 00:00:00,24.27300,24.55000,24.14000,24.52300
2025-12-25 01:00:00,24.52200,24.52200,24.30400,24.38900
2025-12-25 02:00:00,24.38900,24.43100,24.26400,24.30400
2025-12-25 03:00:00,24.30400,24.72400,24.23600,24.66300
2025-12-25 04:00:00,24.66400,24.69700,24.42800,24.49700
2025-12-25 05:00:00,24.49700,24.87000,24.49400,24.82500
2025-12-25 06:00:00,24.83300,25.21100,24.76700,25.20200
2025-12-25 07:00:00,25.20100,25.24400,25.03900,25.15600
2025-12-25 08:00:00,25.15600,25.19300,24.70400,24.91000
2025-12-25 09:00:00,24.91000,24.95100,24.87200,24.90600
2025-12-25 10:00:00,24.90600,25.18900,24.83200,25.06800
2025-12-25 11:00:00,25.06800,25.07600,24.78700,24.86200
2025-12-25 12:00:00,24.86400,25.13600,24.83800,25.00900
2025-12-25 13:00:00,25.00800,25.00800,24.66400,24.68600
2025-12-25 14:00:00,24.68600,24.83600,24.62100,24.68100
2025-12-25 15:00:00,24.68100,24.73700,24.53800,24.70400
2025-12-25 16:00:00,24.70200,24.74000,24.55900,24.64000
2025-12-25 17:00:00,24.64000,24.67400,24.54000,24.61400
2025-12-25 18:00:00,24.61400,24.66800,24.46200,24.58600
2025-12-25 19:00:00,24.58700,24.68500,24.55900,24.63400
2025-12-25 20:00:00,24.63400,24.71500,24.59600,24.69000
2025-12-25 21:00:00,24.68900,24.75800,24.60100,24.65900
2025-12-25 22:00:00,24.65800,24.78600,24.56600,24.69100
2025-12-25 23:00:00,24.69200,24.89700,24.52500,24.80500
2025-12-26 00:00:00,24.80600,25.04900,24.76100,24.87800
2025-12-26 01:00:00,24.87800,25.07900,24.83700,25.05100
2025-12-26 02:00:00,25.05100,25.22900,25.04100,25.13900
2025-12-26 03:00:00,25.13800,25.14100,24.90600,24.91600
2025-12-26 04:00:00,24.91600,25.00500,24.80200,24.84800
2025-12-26 05:00:00,24.84700,25.00700,24.80700,24.94800
2025-12-26 06:00:00,24.94800,25.01500,24.40000,24.57800
2025-12-26 07:00:00,24.57800,24.58100,24.17000,24.38400
2025-12-26 08:00:00,24.38300,24.63400,24.34700,24.50000
2025-12-26 09:00:00,24.50100,24.69000,24.45300,24.65300
2025-12-26 10:00:00,24.65200,25.12000,24.64200,25.05800
2025-12-26 11:00:00,25.05800,25.10000,24.85700,24.93400
2025-12-26 12:00:00,24.93400,25.04900,24.77500,25.00600
2025-12-26 13:00:00,25.00600,25.03200,24.81900,24.99400
2025-12-26 14:00:00,24.99500,25.49900,24.99500,25.43400
2025-12-26 15:00:00,25.43400,25.49700,24.99900,25.09400
2025-12-26 16:00:00,25.09300,25.23500,25.05200,25.16900
2025-12-26 17:00:00,25.16800,25.48600,25.16100,25.35300
2025-12-26 18:00:00,25.35300,25.39700,25.18900,25.25900
2025-12-26 19:00:00,25.25900,25.26400,24.86000,24.91700
2025-12-26 20:00:00,24.91600,25.03500,24.86100,25.00900
2025-12-26 21:00:00,25.00800,25.13100,24.97700,25.06100
2025-12-26 22:00:00,25.06100,25.16800,24.80100,24.83500
2025-12-26 23:00:00,24.83500,24.99900,24.70100,24.98100
2025-12-27 00:00:00,24.98100,25.04900,24.73200,24.77600
2025-12-27 01:00:00,24.77600,24.99200,24.77600,24.86800
2025-12-27 02:00:00,24.86800,25.02000,24.79500,24.87900
2025-12-27 03:00:00,24.88100,25.00700,24.84700,24.99000
2025-12-27 04:00:00,24.99000,25.18000,24.96100,25.09800
2025-12-27 05:00:00,25.09700,25.34200,25.09300,25.28000
2025-12-27 06:00:00,25.28000,25.59000,25.16100,25.53700
2025-12-27 07:00:00,25.53700,25.89000,25.42600,25.77400
2025-12-27 08:00:00,25.77300,25.80500,25.55500,25.70900
2025-12-27 09:00:00,25.71400,25.98700,25.61200,25.98600
2025-12-27 10:00:00,25.98600,26.45000,25.91500,25.94200
2025-12-27 11:00:00,25.94100,25.98700,25.82100,25.91800
2025-12-27 12:00:00,25.91900,25.92900,25.76200,25.85000
2025-12-27 13:00:00,25.85100,26.00100,25.81100,25.99100
2025-12-27 14:00:00,25.99100,26.09200,25.85300,25.85500
2025-12-27 15:00:00,25.85600,26.05900,25.84100,25.93700
2025-12-27 16:00:00,25.93800,26.13900,25.93800,26.02500
2025-12-27 17:00:00,26.02500,26.35500,26.02300,26.17900
2025-12-27 18:00:00,26.17900,26.22400,26.01300,26.05900
2025-12-27 19:00:00,26.05500,26.19000,26.03500,26.09600
2025-12-27 20:00:00,26.09500,26.16800,25.92700,26.05900
2025-12-27 21:00:00,26.06000,26.07200,25.69300,25.82600
2025-12-27 22:00:00,25.82700,25.94100,25.77900,25.81600
2025-12-27 23:00:00,25.81600,25.96200,25.81600,25.94900
2025-12-28 00:00:00,25.95000,25.96300,25.48200,25.49400
2025-12-28 01:00:00,25.49400,25.61400,25.38300,25.54200
2025-12-28 02:00:00,25.54300,25.63900,25.43000,25.61100
2025-12-28 03:00:00,25.61100,25.71000,25.57400,25.68800
2025-12-28 04:00:00,25.68800,25.74800,25.57600,25.66000
2025-12-28 05:00:00,25.65900,26.16600,25.62600,25.97700
2025-12-28 06:00:00,25.97800,25.99100,25.73900,25.77000
2025-12-28 07:00:00,25.77000,26.05900,25.74800,25.96100
2025-12-28 08:00:00,25.96100,26.07300,25.87400,26.00500
2025-12-28 09:00:00,26.00300,26.05800,25.87700,25.89200
2025-12-28 10:00:00,25.89200,26.02000,25.86700,26.01000
2025-12-28 11:00:00,26.00900,26.19700,25.95200,26.10400
2025-12-28 12:00:00,26.10000,26.37000,26.06300,26.24400
2025-12-28 13:00:00,26.24300,26.24300,25.95900,26.01000
2025-12-28 14:00:00,26.01100,26.08000,25.79800,25.82800
2025-12-28 15:00:00,25.82800,25.89100,25.68800,25.81600
2025-12-28 16:00:00,25.81600,25.89200,25.75100,25.87000
2025-12-28 17:00:00,25.86900,25.93100,25.78100,25.92200
2025-12-28 18:00:00,25.92200,26.06200,25.90600,25.92800
2025-12-28 19:00:00,25.92800,25.97500,25.83300,25.86700
2025-12-28 20:00:00,25.86800,25.90600,25.73900,25.81000
2025-12-28 21:00:00,25.81000,25.90900,25.81000,25.88800
2025-12-28 22:00:00,25.88900,25.91000,25.76800,25.86300
2025-12-28 23:00:00,25.86500,25.91100,25.02500,25.16500
2025-12-29 00:00:00,25.16500,25.40900,25.07400,25.23600
2025-12-29 01:00:00,25.23500,25.46700,25.22400,25.34000
2025-12-29 02:00:00,25.34100,25.38000,25.11600,25.13400
2025-12-29 03:00:00,25.13600,25.27100,24.90400,24.97500
2025-12-29 04:00:00,24.97500,25.20000,24.92000,24.98600
2025-12-29 05:00:00,24.98300,25.09000,24.76600,25.06100
2025-12-29 06:00:00,25.06200,25.27200,24.93600,25.26500
2025-12-29 07:00:00,25.26400,25.43900,25.17300,25.34200
2025-12-29 08:00:00,25.34300,26.04900,25.24600,25.97800
2025-12-29 09:00:00,25.97800,26.18000,25.72500,26.09000
2025-12-29 10:00:00,26.09000,26.30100,25.99800,26.07600
2025-12-29 11:00:00,26.07600,26.19800,25.89400,26.09400
2025-12-29 12:00:00,26.09400,26.16300,25.91400,26.10300
2025-12-29 13:00:00,26.10200,26.29300,25.99300,26.03500
2025-12-29 14:00:00,26.03500,26.16900,25.90100,25.92200
2025-12-29 15:00:00,25.92200,26.15200,25.77200,25.94400
2025-12-29 16:00:00,25.94400,26.11600,25.82000,25.87100
2025-12-29 17:00:00,25.87800,26.04900,25.50000,25.74200
2025-12-29 18:00:00,25.74200,25.90800,25.60900,25.72000
2025-12-29 19:00:00,25.72000,25.72200,25.57200,25.64900
2025-12-29 20:00:00,25.64800,25.73200,25.30600,25.69900
2025-12-29 21:00:00,25.70000,25.81000,25.54200,25.67400
2025-12-29 22:00:00,25.67400,25.97300,25.64800,25.78100
2025-12-29 23:00:00,25.78100,26.11600,25.72000,26.01400
2025-12-30 00:00:00,26.01300,26.43400,26.00500,26.26800
2025-12-30 01:00:00,26.26800,26.38100,25.95000,26.16700
2025-12-30 02:00:00,26.16600,26.16600,25.76200,25.80900
2025-12-30 03:00:00,25.81000,25.96500,25.62000,25.63800
2025-12-30 04:00:00,25.64400,25.86500,25.64300,25.79000
2025-12-30 05:00:00,25.78900,26.00000,25.77400,25.89300
2025-12-30 06:00:00,25.89400,25.92200,25.76500,25.87800
2025-12-30 07:00:00,25.87700,25.95100,25.61500,25.79100
2025-12-30 08:00:00,25.79000,25.87100,25.50200,25.59300
2025-12-30 09:00:00,25.59400,25.63700,25.50100,25.60500
2025-12-30 10:00:00,25.60600,25.61000,25.41000,25.46500
2025-12-30 11:00:00,25.46500,25.90100,25.35000,25.76200
2025-12-30 12:00:00,25.76100,26.03800,25.72800,25.89500
2025-12-30 13:00:00,25.89500,26.26500,25.89000,26.15300
2025-12-30 14:00:00,26.15200,26.43900,26.11800,26.32400
2025-12-30 15:00:00,26.32400,26.41600,26.10400,26.13300
2025-12-30 16:00:00,26.13500,26.69800,26.01100,26.03700
2025-12-30 17:00:00,26.03700,26.05500,25.76200,25.79600
2025-12-30 18:00:00,25.79500,25.96600,25.70500,25.84300
2025-12-30 19:00:00,25.84500,25.95100,25.75700,25.88500
2025-12-30 20:00:00,25.88500,25.88600,25.65700,25.69800
2025-12-30 21:00:00,25.69800,25.82700,25.58700,25.66000
2025-12-30 22:00:00,25.65900,25.81500,25.35900,25.70200
2025-12-30 23:00:00,25.70300,25.82900,25.51900,25.77000
2025-12-31 00:00:00,25.77000,25.92000,25.52000,25.62000
2025-12-31 01:00:00,25.61900,25.75500,25.53800,25.67900
2025-12-31 02:00:00,25.67800,25.74800,25.56000,25.65400
2025-12-31 03:00:00,25.65300,25.98400,25.51400,25.98200
2025-12-31 04:00:00,25.98200,26.02400,25.75700,25.80300
2025-12-31 05:00:00,25.80400,25.98000,25.78000,25.90600
2025-12-31 06:00:00,25.90700,26.02900,25.82300,25.95700
2025-12-31 07:00:00,25.95700,26.09500,25.88800,25.96500
2025-12-31 08:00:00,25.96600,25.97300,25.78800,25.90500
2025-12-31 09:00:00,25.90400,26.11800,25.87400,26.10300
2025-12-31 10:00:00,26.10400,26.11300,25.76900,25.81200
2025-12-31 11:00:00,25.81200,25.88700,25.68400,25.81900
2025-12-31 12:00:00,25.81900,26.07500,25.77800,25.89300
2025-12-31 13:00:00,25.89300,25.94900,25.74700,25.84600
2025-12-31 14:00:00,25.84600,25.95000,25.73400,25.93900
2025-12-31 15:00:00,25.94000,25.96100,25.73100,25.75100
2025-12-31 16:00:00,25.75200,25.86900,25.69500,25.80400
2025-12-31 17:00:00,25.80300,25.92300,25.76200,25.85700
2025-12-31 18:00:00,25.85700,25.92900,25.75500,25.83500
2025-12-31 19:00:00,25.83600,25.89200,25.72900,25.79100
2025-12-31 20:00:00,25.79100,25.87400,25.75000,25.79800
2025-12-31 21:00:00,25.79800,26.06800,25.76300,26.06000
2025-12-31 22:00:00,26.06100,26.24200,25.91200,25.99700
2025-12-31 23:00:00,25.99600,26.05700,25.77600,25.92800
2026-01-01 00:00:00,25.92900,26.12100,25.79000,25.93100
2026-01-01 01:00:00,25.93100,25.93100,25.54000,25.59800
2026-01-01 02:00:00,25.59900,25.80800,25.55700,25.72400
2026-01-01 03:00:00,25.72500,25.84500,25.72500,25.75800
2026-01-01 04:00:00,25.75800,25.90500,25.28100,25.40700
2026-01-01 05:00:00,25.40800,25.71800,25.40700,25.64100
2026-01-01 06:00:00,25.64200,25.70700,25.52200,25.53200
2026-01-01 07:00:00,25.53200,25.56400,25.33900,25.45200
2026-01-01 08:00:00,25.45200,25.61700,25.41500,25.61100
2026-01-01 09:00:00,25.61100,26.10500,25.60100,25.80800
2026-01-01 10:00:00,25.80900,25.86800,25.63500,25.71500
2026-01-01 11:00:00,25.71500,25.73000,25.50100,25.59500
2026-01-01 12:00:00,25.59400,25.62200,25.41600,25.46900
2026-01-01 13:00:00,25.46900,25.69200,25.44400,25.52700
2026-01-01 14:00:00,25.52700,25.68300,25.39100,25.52800
2026-01-01 15:00:00,25.52700,25.72000,25.51300,25.67900
2026-01-01 16:00:00,25.68000,25.70800,25.56700,25.62700
2026-01-01 17:00:00,25.62900,25.85900,25.62900,25.76600
2026-01-01 18:00:00,25.76500,25.80500,25.68200,25.71700
2026-01-01 19:00:00,25.71800,25.80400,25.62000,25.79200
2026-01-01 20:00:00,25.79300,25.80100,25.65100,25.69400
2026-01-01 21:00:00,25.69400,25.73900,25.51500,25.51600
2026-01-01 22:00:00,25.51700,25.61700,25.19500,25.31000
2026-01-01 23:00:00,25.31100,25.41600,24.04100,24.32600
2026-01-02 00:00:00,24.32500,24.55200,23.97600,24.46200
2026-01-02 01:00:00,24.46100,24.65100,24.36500,24.42800
2026-01-02 02:00:00,24.42900,24.51400,24.21700,24.36700
2026-01-02 03:00:00,24.36700,24.42300,24.11000,24.40800
2026-01-02 04:00:00,24.40800,24.50700,23.72000,24.08800
2026-01-02 05:00:00,24.08900,24.23400,24.07000,24.09100
2026-01-02 06:00:00,24.09100,24.18700,24.05100,24.11100
2026-01-02 07:00:00,24.11100,24.26200,24.09400,24.24300
2026-01-02 08:00:00,24.24400,24.41200,24.06700,24.36400
2026-01-02 09:00:00,24.36300,24.52800,24.32200,24.38900
2026-01-02 10:00:00,24.38900,24.39400,24.18000,24.26200
2026-01-02 11:00:00,24.26200,24.64100,24.19200,24.51500
2026-01-02 12:00:00,24.51500,24.78900,24.42300,24.75200
2026-01-02 13:00:00,24.75200,24.79700,24.31300,24.72400
2026-01-02 14:00:00,24.72400,24.76900,24.55600,24.60700
2026-01-02 15:00:00,24.60700,24.64400,24.20000,24.32100
2026-01-02 16:00:00,24.32000,24.50800,24.28700,24.49200
2026-01-02 17:00:00,24.49400,24.89400,24.45400,24.79600
2026-01-02 18:00:00,24.79700,25.04100,24.68400,24.84200
2026-01-02 19:00:00,24.84100,24.84900,24.38700,24.46600
2026-01-02 20:00:00,24.46600,24.62100,24.43900,24.45900
2026-01-02 21:00:00,24.45800,24.63900,24.45200,24.56200
2026-01-02 22:00:00,24.56100,24.72900,24.25000,24.58000
2026-01-02 23:00:00,24.58000,24.67500,24.33100,24.50600
2026-01-03 00:00:00,24.50500,24.88600,24.41400,24.61300
2026-01-03 01:00:00,24.61300,24.77600,24.41100,24.58500
2026-01-03 02:00:00,24.58500,24.66100,24.41600,24.60000
2026-01-03 03:00:00,24.60000,24.74400,24.53000,24.62600
2026-01-03 04:00:00,24.62700,24.68700,24.06300,24.16500
2026-01-03 05:00:00,24.16500,24.48300,24.13900,24.45600
2026-01-03 06:00:00,24.45600,24.59900,24.38500,24.47800
2026-01-03 07:00:00,24.47900,24.65100,24.45100,24.59800
2026-01-03 08:00:00,24.59800,24.63300,24.53800,24.61000
2026-01-03 09:00:00,24.61000,24.78000,24.56600,24.62000
2026-01-03 10:00:00,24.61900,24.62000,24.40000,24.51900
2026-01-03 11:00:00,24.51900,24.60200,24.44700,24.57000
2026-01-03 12:00:00,24.57100,24.67400,24.51300,24.61700
2026-01-03 13:00:00,24.61800,24.91500,24.58700,24.87100
2026-01-03 14:00:00,24.87100,25.25900,24.85200,24.88500
2026-01-03 15:00:00,24.88600,24.91000,24.30100,24.51400
2026-01-03 16:00:00,24.51300,24.65900,24.35100,24.53300
2026-01-03 17:00:00,24.53200,24.57300,24.26200,24.47400
2026-01-03 18:00:00,24.47400,24.68700,24.42800,24.59200
2026-01-03 19:00:00,24.59300,24.62900,24.35200,24.39100
2026-01-03 20:00:00,24.39100,24.57400,24.30700,24.56800
2026-01-03 21:00:00,24.56800,24.71800,24.51800,24.64200
2026-01-03 22:00:00,24.64300,24.76900,24.56200,24.70300
2026-01-03 23:00:00,24.70300,24.97600,24.66400,24.78000
2026-01-04 00:00:00,24.78100,25.00500,24.69500,24.94100
2026-01-04 01:00:00,24.94000,25.00600,24.85000,24.91000
2026-01-04 02:00:00,24.90900,25.21800,24.82600,25.00100
2026-01-04 03:00:00,25.00200,25.01900,24.75400,24.79500
2026-01-04 04:00:00,24.79500,24.80100,24.45900,24.76400
2026-01-04 05:00:00,24.76500,25.33000,24.71200,25.31100
2026-01-04 06:00:00,25.31100,25.44400,25.16100,25.37500
2026-01-04 07:00:00,25.37600,25.43700,25.24700,25.37600
2026-01-04 08:00:00,25.37700,25.58000,25.12700,25.33200
2026-01-04 09:00:00,25.33100,25.36900,25.15700,25.27400
2026-01-04 10:00:00,25.27400,25.30100,25.04200,25.12300
2026-01-04 11:00:00,25.12200,25.35700,25.04800,25.29400
2026-01-04 12:00:00,25.29400,25.34800,25.10300,25.15800
2026-01-04 13:00:00,25.15900,25.25300,25.07600,25.16600
2026-01-04 14:00:00,25.16700,25.29400,24.94400,25.12600
2026-01-04 15:00:00,25.12600,25.27400,25.09900,25.14000
2026-01-04 16:00:00,25.14000,25.16900,24.82700,24.98400
2026-01-04 17:00:00,24.98400,25.08500,24.96600,25.03800
2026-01-04 18:00:00,25.03700,25.34000,25.03500,25.27400
2026-01-04 19:00:00,25.27500,25.34500,25.18100,25.23900
2026-01-04 20:00:00,25.24000,25.35200,25.09600,25.14900
2026-01-04 21:00:00,25.14800,25.30500,25.06400,25.28600
2026-01-04 22:00:00,25.28500,25.83900,25.25500,25.79400
2026-01-04 23:00:00,25.79100,26.17200,25.68100,26.15300
2026-01-05 00:00:00,26.15100,26.40000,26.07600,26.17800
2026-01-05 01:00:00,26.17800,26.26500,25.95300,26.02200
2026-01-05 02:00:00,26.02200,26.07100,25.75800,25.87800
2026-01-05 03:00:00,25.87900,26.00400,25.79100,25.86500
2026-01-05 04:00:00,25.86600,26.46400,25.81200,26.45000
2026-01-05 05:00:00,26.45100,26.80800,26.38800,26.52500
2026-01-05 06:00:00,26.52500,26.68700,26.25900,26.43100
2026-01-05 07:00:00,26.43200,26.90000,26.38500,26.86200
2026-01-05 08:00:00,26.86500,26.93500,26.47900,26.88200
2026-01-05 09:00:00,26.88100,27.39800,26.71500,27.12400
2026-01-05 10:00:00,27.12400,27.24300,26.33700,26.56900
2026-01-05 11:00:00,26.56900,26.62300,26.34400,26.42300
2026-01-05 12:00:00,26.42300,26.64300,26.08000,26.53400
2026-01-05 13:00:00,26.53300,26.56900,26.20100,26.27200
2026-01-05 14:00:00,26.27200,26.41200,26.16200,26.31800
2026-01-05 15:00:00,26.31700,26.55100,26.27200,26.40200
2026-01-05 16:00:00,26.40200,26.51000,26.33400,26.43600
2026-01-05 17:00:00,26.43500,26.77700,26.29800,26.58200
2026-01-05 18:00:00,26.58100,26.66600,25.92500,26.10400
2026-01-05 19:00:00,26.10800,26.55400,26.03300,26.34000
2026-01-05 20:00:00,26.34000,26.36800,26.00000,26.15700
2026-01-05 21:00:00,26.15700,26.18700,25.79800,26.00900
2026-01-05 22:00:00,26.01000,26.30600,25.76100,26.13900
2026-01-05 23:00:00,26.13900,26.56600,25.91900,26.40900
2026-01-06 00:00:00,26.40900,26.70500,26.30100,26.43100
2026-01-06 01:00:00,26.43000,26.92800,26.15400,26.68200
2026-01-06 02:00:00,26.68300,27.20000,26.60300,27.09200
2026-01-06 03:00:00,27.09300,27.20200,26.85600,27.05900
2026-01-06 04:00:00,27.05900,27.48000,26.79600,26.89900
2026-01-06 05:00:00,26.90000,27.05500,26.47700,26.53800
2026-01-06 06:00:00,26.53800,26.87800,26.39000,26.86300
2026-01-06 07:00:00,26.86500,26.90500,26.47000,26.50000
2026-01-06 08:00:00,26.50100,26.71800,26.36200,26.41300
2026-01-06 09:00:00,26.41200,26.80300,26.30000,26.48600
2026-01-06 10:00:00,26.48600,26.55600,26.18000,26.28000
2026-01-06 11:00:00,26.28000,26.62700,26.08100,26.39200
2026-01-06 12:00:00,26.39200,26.72800,26.37500,26.65300
2026-01-06 13:00:00,26.65300,26.71600,26.37100,26.63800
2026-01-06 14:00:00,26.63800,27.14900,26.55000,26.94100
2026-01-06 15:00:00,26.94200,27.01100,26.31100,26.38100
2026-01-06 16:00:00,26.38100,26.64800,26.32100,26.52200
2026-01-06 17:00:00,26.52100,26.74100,26.46200,26.47800
2026-01-06 18:00:00,26.47800,26.64300,26.20000,26.52200
2026-01-06 19:00:00,26.52300,27.01400,26.51100,26.92400
2026-01-06 20:00:00,26.92400,27.28600,26.86900,27.25100
2026-01-06 21:00:00,27.25000,27.29000,26.98300,27.14500
2026-01-06 22:00:00,27.14400,27.44000,26.96900,27.07500
2026-01-06 23:00:00,27.07600,27.43500,27.03000,27.16800
2026-01-07 00:00:00,27.16700,27.36400,26.76100,27.06500
2026-01-07 01:00:00,27.06400,27.50000,26.66100,26.70700
2026-01-07 02:00:00,26.70700,26.95000,26.45800,26.92000
2026-01-07 03:00:00,26.92000,27.60100,26.77200,27.08500
2026-01-07 04:00:00,27.08500,27.57600,27.07600,27.46300
2026-01-07 05:00:00,27.46200,27.91400,27.27800,27.53300
2026-01-07 06:00:00,27.53100,27.67500,27.35900,27.62000
2026-01-07 07:00:00,27.61900,28.40000,27.61400,28.23600
2026-01-07 08:00:00,28.23700,28.38700,27.62900,27.64600
2026-01-07 09:00:00,27.64500,27.92400,27.44800,27.75300
2026-01-07 10:00:00,27.75300,28.04000,27.59400,27.88500
2026-01-07 11:00:00,27.88600,27.95700,27.63600,27.80300
2026-01-07 12:00:00,27.80400,27.98800,27.39300,27.43500
2026-01-07 13:00:00,27.43500,27.69600,27.40000,27.44700
2026-01-07 14:00:00,27.44700,27.56900,27.27800,27.39900
2026-01-07 15:00:00,27.39900,27.63500,27.38700,27.60900
2026-01-07 16:00:00,27.60900,27.73900,27.43400,27.52000
2026-01-07 17:00:00,27.52100,27.63100,27.04400,27.11100
2026-01-07 18:00:00,27.11200,27.53800,27.06700,27.48400
2026-01-07 19:00:00,27.48400,27.54200,26.98400,27.03200
2026-01-07 20:00:00,27.03100,27.07700,26.72000,26.80700
2026-01-07 21:00:00,26.80800,27.06700,26.74700,26.89900
2026-01-07 22:00:00,26.89900,26.90700,26.53200,26.79200
2026-01-07 23:00:00,26.79300,26.81400,26.46100,26.47200
2026-01-08 00:00:00,26.47200,26.89200,26.46200,26.68100
2026-01-08 01:00:00,26.68100,26.95200,26.61500,26.72700
2026-01-08 02:00:00,26.72700,27.34000,26.62900,26.79700
2026-01-08 03:00:00,26.79700,27.08400,26.64800,26.88000
2026-01-08 04:00:00,26.88000,27.07400,26.71100,26.79600
2026-01-08 05:00:00,26.79400,26.99100,26.50900,26.58300
2026-01-08 06:00:00,26.58200,27.03400,26.54000,26.88700
2026-01-08 07:00:00,26.88700,27.03600,26.69700,26.86400
2026-01-08 08:00:00,26.86400,27.09000,26.74200,26.97100
2026-01-08 09:00:00,26.97100,27.03800,26.81200,26.82000
2026-01-08 10:00:00,26.82200,26.90800,26.58300,26.74100
2026-01-08 11:00:00,26.74100,26.83500,26.35100,26.49400
2026-01-08 12:00:00,26.49400,26.61300,26.35300,26.52900
2026-01-08 13:00:00,26.52900,26.72500,26.50400,26.53700
2026-01-08 14:00:00,26.53800,26.60200,26.12800,26.20800
2026-01-08 15:00:00,26.20800,26.70000,26.11600,26.69900
2026-01-08 16:00:00,26.69900,26.74200,26.32500,26.39200
2026-01-08 17:00:00,26.39400,26.52700,26.10000,26.11400
2026-01-08 18:00:00,26.11400,26.31200,25.83600,26.26500
2026-01-08 19:00:00,26.26400,26.30700,26.02000,26.15200
2026-01-08 20:00:00,26.15200,26.15700,25.85100,25.96300
2026-01-08 21:00:00,25.96300,26.03000,25.80700,25.92100
2026-01-08 22:00:00,25.92000,26.17500,25.68000,26.15600
2026-01-08 23:00:00,26.15700,26.26600,25.96700,26.18900
2026-01-09 00:00:00,26.18900,26.24500,25.99800,26.12700
2026-01-09 01:00:00,26.12800,26.29600,25.98900,26.17900
2026-01-09 02:00:00,26.18000,26.23700,25.76800,25.97000
2026-01-09 03:00:00,25.97000,26.08800,25.89000,25.95000
2026-01-09 04:00:00,25.95000,25.95000,25.61300,25.83700
2026-01-09 05:00:00,25.83800,25.90900,25.73200,25.88500
2026-01-09 06:00:00,25.88400,25.97000,25.63900,25.74900
2026-01-09 07:00:00,25.75000,25.77700,25.58200,25.67200
2026-01-09 08:00:00,25.67300,25.68400,25.48400,25.61000
2026-01-09 09:00:00,25.61000,25.76600,25.41700,25.49600
2026-01-09 10:00:00,25.49700,25.75000,25.46900,25.62300
2026-01-09 11:00:00,25.62400,25.79600,25.50900,25.74000
2026-01-09 12:00:00,25.74100,25.90700,25.69900,25.85300
2026-01-09 13:00:00,25.85400,26.03800,25.82300,26.00500
2026-01-09 14:00:00,26.00500,26.20200,25.91600,26.17300
2026-01-09 15:00:00,26.17200,26.17700,26.00300,26.08700
2026-01-09 16:00:00,26.08700,26.12900,25.46300,25.52400
2026-01-09 17:00:00,25.52500,25.61300,25.25500,25.36600
2026-01-09 18:00:00,25.37200,25.43300,25.24000,25.30200
2026-01-09 19:00:00,25.30200,25.65400,25.30100,25.50500
2026-01-09 20:00:00,25.50500,25.51600,25.32100,25.50400
2026-01-09 21:00:00,25.50400,25.76800,25.46700,25.56500
2026-01-09 22:00:00,25.56500,25.62600,25.37500,25.55300
2026-01-09 23:00:00,25.55400,25.99600,25.45500,25.61500
2026-01-10 00:00:00,25.61700,25.88300,25.57700,25.69500
2026-01-10 01:00:00,25.69500,25.84100,25.53900,25.75300
2026-01-10 02:00:00,25.75300,25.91400,25.30100,25.48700
2026-01-10 03:00:00,25.48700,25.49100,24.97100,25.11400
2026-01-10 04:00:00,25.11600,25.20500,24.91800,25.04000
2026-01-10 05:00:00,25.04300,25.17200,24.98400,25.12600
2026-01-10 06:00:00,25.12600,25.23100,25.09500,25.18400
2026-01-10 07:00:00,25.18400,25.21000,25.00200,25.07100
2026-01-10 08:00:00,25.07200,25.08400,24.58000,24.66100
2026-01-10 09:00:00,24.66100,24.72100,24.41400,24.61500
2026-01-10 10:00:00,24.61500,24.67800,24.28300,24.43700
2026-01-10 11:00:00,24.43700,24.49000,24.22400,24.40600
2026-01-10 12:00:00,24.40700,24.44300,24.24700,24.37400
2026-01-10 13:00:00,24.37400,24.44500,24.30100,24.31900
2026-01-10 14:00:00,24.31900,24.38500,24.23800,24.31200
2026-01-10 15:00:00,24.31200,24.37600,24.17500,24.33500
2026-01-10 16:00:00,24.33500,24.40300,24.25400,24.39500
2026-01-10 17:00:00,24.39400,24.63400,24.37600,24.62100
2026-01-10 18:00:00,24.62000,24.69800,24.56200,24.68600
2026-01-10 19:00:00,24.68600,24.68600,24.43600,24.57000
2026-01-10 20:00:00,24.57200,24.64100,24.52400,24.59700
2026-01-10 21:00:00,24.59700,24.59700,24.51000,24.51900
2026-01-10 22:00:00,24.52000,24.52400,24.22200,24.30600
2026-01-10 23:00:00,24.30600,24.35300,24.23800,24.33400
2026-01-11 00:00:00,24.33400,24.35900,24.00000,24.14100
2026-01-11 01:00:00,24.14000,24.27000,23.81200,23.96400
2026-01-11 02:00:00,23.96300,24.13600,23.92800,24.07500
2026-01-11 03:00:00,24.07600,24.15600,24.07000,24.13400
2026-01-11 04:00:00,24.13500,24.22000,24.09300,24.17100
2026-01-11 05:00:00,24.17000,24.25200,24.12900,24.15200
2026-01-11 06:00:00,24.15200,24.22400,23.75100,23.88400
2026-01-11 07:00:00,23.88400,24.07600,23.84700,24.03700
2026-01-11 08:00:00,24.03800,24.16500,23.98800,24.11900
2026-01-11 09:00:00,24.11800,24.19400,24.03400,24.14300
2026-01-11 10:00:00,24.14300,24.15900,24.02000,24.15400
2026-01-11 11:00:00,24.15400,24.21200,24.09300,24.20600
2026-01-11 12:00:00,24.20700,24.25500,24.14500,24.24600
2026-01-11 13:00:00,24.24600,24.33100,24.23100,24.30400
2026-01-11 14:00:00,24.30300,24.50000,24.20600,24.39000
2026-01-11 15:00:00,24.39000,24.50000,24.35100,24.46100
2026-01-11 16:00:00,24.46100,24.46200,24.31900,24.43600
2026-01-11 17:00:00,24.43600,24.52100,24.35200,24.41500
2026-01-11 18:00:00,24.41500,24.51400,24.36700,24.41000
2026-01-11 19:00:00,24.41000,24.45300,24.37200,24.44000
2026-01-11 20:00:00,24.44100,24.60000,24.42000,24.60000
2026-01-11 21:00:00,24.59900,24.62900,24.50300,24.56800
2026-01-11 22:00:00,24.56800,24.61700,24.50100,24.59500
2026-01-11 23:00:00,24.59500,24.65000,24.35100,24.43300
2026-01-12 00:00:00,24.43400,24.66200,24.38100,24.52700
2026-01-12 01:00:00,24.52700,24.61600,24.47000,24.56900
2026-01-12 02:00:00,24.56900,24.66000,24.47700,24.62900
2026-01-12 03:00:00,24.62900,24.66600,24.51800,24.55600
2026-01-12 04:00:00,24.55600,24.55600,24.40400,24.51800
2026-01-12 05:00:00,24.51700,24.52400,24.42600,24.46600
2026-01-12 06:00:00,24.46600,24.47400,24.24200,24.36700
2026-01-12 07:00:00,24.36700,24.45400,24.28000,24.43200
2026-01-12 08:00:00,24.43200,24.55400,24.29900,24.52400
2026-01-12 09:00:00,24.52400,24.74100,24.44300,24.72300
2026-01-12 10:00:00,24.72400,25.41000,24.69700,25.21400
2026-01-12 11:00:00,25.21400,25.29400,24.84900,24.89600
2026-01-12 12:00:00,24.89600,25.11900,24.80400,25.05400
2026-01-12 13:00:00,25.05400,25.08600,24.82600,24.83900
2026-01-12 14:00:00,24.83800,24.93200,24.77000,24.88200
2026-01-12 15:00:00,24.88200,25.04800,24.69900,24.73500
2026-01-12 16:00:00,24.73100,24.86100,24.26900,24.48500
2026-01-12 17:00:00,24.48500,24.55500,24.04400,24.10500
2026-01-12 18:00:00,24.10400,24.19900,23.90000,23.93100
2026-01-12 19:00:00,23.93000,24.10400,23.60700,23.99600
2026-01-12 20:00:00,23.99600,24.12300,23.83300,23.94100
2026-01-12 21:00:00,23.94000,24.00200,23.65100,23.78300
2026-01-12 22:00:00,23.78400,23.83500,23.10800,23.44900
2026-01-12 23:00:00,23.44800,23.63900,23.26200,23.58300
2026-01-13 00:00:00,23.58200,23.79900,23.47400,23.62500
2026-01-13 01:00:00,23.62400,23.80000,23.26100,23.44000
2026-01-13 02:00:00,23.44100,23.77700,23.43000,23.75200
2026-01-13 03:00:00,23.75100,23.94000,23.65100,23.89800
2026-01-13 04:00:00,23.89800,24.13500,23.85700,24.08100
2026-01-13 05:00:00,24.07900,24.15000,23.82300,23.92300
2026-01-13 06:00:00,23.92400,24.03200,23.71500,23.90000
2026-01-13 07:00:00,23.89900,23.91900,23.67900,23.75000
2026-01-13 08:00:00,23.75000,24.18600,23.72900,24.17700
2026-01-13 09:00:00,24.17600,24.24000,23.99600,24.05400
2026-01-13 10:00:00,24.05400,24.26800,24.05400,24.16300
2026-01-13 11:00:00,24.16400,24.25200,24.11500,24.22600
2026-01-13 12:00:00,24.22600,24.38600,24.17800,24.36700
2026-01-13 13:00:00,24.36700,24.49300,24.27300,24.39800
2026-01-13 14:00:00,24.39700,24.46100,24.32800,24.42400
2026-01-13 15:00:00,24.42400,24.48500,24.25700,24.27700
2026-01-13 16:00:00,24.27600,24.61100,24.27000,24.56900
2026-01-13 17:00:00,24.56900,24.67300,24.31200,24.34600
2026-01-13 18:00:00,24.34500,24.35000,24.04100,24.25800
2026-01-13 19:00:00,24.25800,24.40500,24.21800,24.30800
2026-01-13 20:00:00,24.30900,24.64900,24.30200,24.39500
2026-01-13 21:00:00,24.39500,24.63500,24.24200,24.39300
2026-01-13 22:00:00,24.39200,24.69800,24.30300,24.47700
2026-01-13 23:00:00,24.47600,24.57300,24.24100,24.39300
2026-01-14 00:00:00,24.39300,24.72700,24.38700,24.57900
2026-01-14 01:00:00,24.57900,24.64000,24.38000,24.49700
2026-01-14 02:00:00,24.49600,24.91200,24.46700,24.81800
2026-01-14 03:00:00,24.81700,25.03000,24.73900,24.97000
2026-01-14 04:00:00,24.97000,25.15600,24.84000,24.90300
2026-01-14 05:00:00,24.90300,24.96800,24.70200,24.74600
2026-01-14 06:00:00,24.74700,25.84200,24.71500,25.78300
2026-01-14 07:00:00,25.78300,25.83900,25.35100,25.74900
2026-01-14 08:00:00,25.75000,25.86000,25.60300,25.70200
2026-01-14 09:00:00,25.70200,25.92900,25.61600,25.67000
2026-01-14 10:00:00,25.67100,25.89900,25.64500,25.75500
2026-01-14 11:00:00,25.75400,26.13100,25.69100,26.06600
2026-01-14 12:00:00,26.06600,26.11000,25.80100,25.94800
2026-01-14 13:00:00,25.94800,25.97800,25.70300,25.79900
2026-01-14 14:00:00,25.79900,26.12600,25.72300,26.11600
2026-01-14 15:00:00,26.11700,26.19700,25.95200,26.18000
2026-01-14 16:00:00,26.18000,26.51100,26.06600,26.07200
2026-01-14 17:00:00,26.07300,26.19400,25.81700,25.84600
2026-01-14 18:00:00,25.84600,26.14300,25.79200,26.09800
2026-01-14 19:00:00,26.09800,26.09800,25.79900,25.82100
2026-01-14 20:00:00,25.82100,26.06600,25.73800,25.97000
2026-01-14 21:00:00,25.97100,26.07600,25.79700,25.82500
2026-01-14 22:00:00,25.82500,26.60000,25.79200,26.32100
2026-01-14 23:00:00,26.32000,26.52700,26.04000,26.33600
2026-01-15 00:00:00,26.33600,26.88400,26.31200,26.64000
2026-01-15 01:00:00,26.63900,26.74400,26.11900,26.14900
2026-01-15 02:00:00,26.14900,26.17500,25.77700,26.15500
2026-01-15 03:00:00,26.15400,26.40800,26.03100,26.33600
2026-01-15 04:00:00,26.33600,26.47500,25.96400,26.21900
2026-01-15 05:00:00,26.21800,26.28800,25.87400,25.93200
2026-01-15 06:00:00,25.93200,26.04600,25.64100,25.68600
2026-01-15 07:00:00,25.68600,26.00000,25.68600,25.96500
2026-01-15 08:00:00,25.96600,25.97600,25.66100,25.90900
2026-01-15 09:00:00,25.90900,26.09500,25.36400,25.46500
2026-01-15 10:00:00,25.46600,25.55500,25.08400,25.16000
2026-01-15 11:00:00,25.16100,25.23100,24.70900,24.74200
2026-01-15 12:00:00,24.74200,25.29200,24.71500,25.26300
2026-01-15 13:00:00,25.26300,25.27300,25.08100,25.09900
2026-01-15 14:00:00,25.09900,25.16200,24.87500,24.89300
2026-01-15 15:00:00,24.89400,25.11900,24.87900,25.03400
2026-01-15 16:00:00,25.03300,25.17300,24.93400,25.13500
2026-01-15 17:00:00,25.13500,25.28100,24.94400,25.12200
2026-01-15 18:00:00,25.12300,25.29900,25.00600,25.28300
2026-01-15 19:00:00,25.28200,25.34600,25.14700,25.20400
2026-01-15 20:00:00,25.20300,25.31800,25.11800,25.29000
2026-01-15 21:00:00,25.28900,25.57000,25.22700,25.50000
2026-01-15 22:00:00,25.49900,25.59200,25.05100,25.21200
2026-01-15 23:00:00,25.21100,25.27600,24.44600,24.89600
2026-01-16 00:00:00,24.89500,25.27500,24.76200,24.99500
2026-01-16 01:00:00,24.99400,25.22200,24.81800,24.86100
2026-01-16 02:00:00,24.86100,24.94800,24.52300,24.61800
2026-01-16 03:00:00,24.61800,25.02200,24.49300,24.99100
2026-01-16 04:00:00,24.99000,25.17400,24.33800,24.40300
2026-01-16 05:00:00,24.40500,24.58200,24.36700,24.45200
2026-01-16 06:00:00,24.45300,24.66200,24.40500,24.62400
2026-01-16 07:00:00,24.62300,24.72200,24.57100,24.72200
2026-01-16 08:00:00,24.72200,24.85500,24.70600,24.77100
2026-01-16 09:00:00,24.77100,24.84300,24.67400,24.69200
2026-01-16 10:00:00,24.69300,24.74400,24.53100,24.64500
2026-01-16 11:00:00,24.64500,24.71600,24.55600,24.58300
2026-01-16 12:00:00,24.58300,24.77000,24.47500,24.58900
2026-01-16 13:00:00,24.58900,24.95500,24.56000,24.88200
2026-01-16 14:00:00,24.88200,25.03500,24.86300,24.96800
2026-01-16 15:00:00,24.96700,25.01400,24.77300,24.82000
2026-01-16 16:00:00,24.82100,25.11500,24.81200,24.94500
2026-01-16 17:00:00,24.94500,25.01100,24.83000,24.84800
2026-01-16 18:00:00,24.84900,24.91100,24.68100,24.88700
2026-01-16 19:00:00,24.88800,25.12100,24.83500,25.11500
2026-01-16 20:00:00,25.11400,25.13200,24.88600,24.98700
2026-01-16 21:00:00,24.98600,25.14500,24.86600,25.00800
2026-01-16 22:00:00,25.00900,25.23300,24.98800,25.00700
2026-01-16 23:00:00,25.00600,25.19000,24.59300,24.80400
2026-01-17 00:00:00,24.80400,25.04200,24.73000,24.85100
2026-01-17 01:00:00,24.85100,25.10500,24.76000,25.06900
2026-01-17 02:00:00,25.06900,25.10400,24.88200,24.88300
2026-01-17 03:00:00,24.88400,24.89400,24.73000,24.81600
2026-01-17 04:00:00,24.81700,25.03100,24.65800,24.97600
2026-01-17 05:00:00,24.97600,25.05100,24.82600,24.97000
2026-01-17 06:00:00,24.97000,24.98500,24.79300,24.89600
2026-01-17 07:00:00,24.89600,25.08400,24.87300,24.99400
2026-01-17 08:00:00,24.99500,25.02100,24.92900,24.98000
2026-01-17 09:00:00,24.98200,25.02500,24.88100,24.96300
2026-01-17 10:00:00,24.96300,24.98400,24.84000,24.88000
2026-01-17 11:00:00,24.88000,24.89200,24.77300,24.81700
2026-01-17 12:00:00,24.81600,24.88100,24.74600,24.85500
2026-01-17 13:00:00,24.85500,24.92200,24.81600,24.84900
2026-01-17 14:00:00,24.84900,25.00900,24.84700,24.98200
2026-01-17 15:00:00,24.98200,25.02500,24.89400,24.93800
2026-01-17 16:00:00,24.93900,25.20900,24.93500,25.20300
2026-01-17 17:00:00,25.20300,25.33800,25.13500,25.26300
2026-01-17 18:00:00,25.26300,25.33300,25.12500,25.18100
2026-01-17 19:00:00,25.18000,25.29800,25.11800,25.26000
2026-01-17 20:00:00,25.25900,25.32100,25.05500,25.15700
2026-01-17 21:00:00,25.16000,25.44300,25.13000,25.34900
2026-01-17 22:00:00,25.34900,25.47100,25.26800,25.45700
2026-01-17 23:00:00,25.45600,25.66900,25.37200,25.65300
2026-01-18 00:00:00,25.65300,25.72000,25.34700,25.43300
2026-01-18 01:00:00,25.43400,25.69300,25.41500,25.69100
2026-01-18 02:00:00,25.69100,25.83500,25.64600,25.78700
2026-01-18 03:00:00,25.78700,25.80100,25.56900,25.64100
2026-01-18 04:00:00,25.64000,25.71400,25.56700,25.66500
2026-01-18 05:00:00,25.66500,25.72900,25.52300,25.57800
2026-01-18 06:00:00,25.57800,25.59800,25.32400,25.40200
2026-01-18 07:00:00,25.40200,25.56500,25.33400,25.41900
2026-01-18 08:00:00,25.41800,25.57100,25.35000,25.38800
2026-01-18 09:00:00,25.38700,25.42800,25.21700,25.41400
2026-01-18 10:00:00,25.41600,25.50100,25.32500,25.40000
2026-01-18 11:00:00,25.40100,25.56400,25.38400,25.47100
2026-01-18 12:00:00,25.47400,25.72800,25.41700,25.68900
2026-01-18 13:00:00,25.69000,25.81100,25.53700,25.80100
2026-01-18 14:00:00,25.80100,26.02900,25.75100,25.95900
2026-01-18 15:00:00,25.95900,25.96000,25.79600,25.82600
2026-01-18 16:00:00,25.82700,25.87200,25.72200,25.79600
2026-01-18 17:00:00,25.79600,26.03200,25.78800,25.97900
2026-01-18 18:00:00,25.97900,26.12800,25.81600,26.03500
2026-01-18 19:00:00,26.03400,26.05500,25.89300,26.00700
2026-01-18 20:00:00,26.00700,26.01900,25.65900,25.84000
2026-01-18 21:00:00,25.84000,25.92200,25.68300,25.84600
2026-01-18 22:00:00,25.84600,25.97800,25.72800,25.74200
2026-01-18 23:00:00,25.74400,25.90600,25.70000,25.81600
2026-01-19 00:00:00,25.81600,25.88600,25.57100,25.72800
2026-01-19 01:00:00,25.72700,25.78500,25.45000,25.53500
2026-01-19 02:00:00,25.53400,25.74800,25.48600,25.66300
2026-01-19 03:00:00,25.66300,25.70200,25.07000,25.16600
2026-01-19 04:00:00,25.16600,25.22000,25.01000,25.19200
2026-01-19 05:00:00,25.19200,25.28200,24.90600,24.95900
2026-01-19 06:00:00,24.95800,25.18100,24.95200,25.14000
2026-01-19 07:00:00,25.14000,25.14100,24.34600,24.45600
2026-01-19 08:00:00,24.45500,24.57300,22.65100,24.06400
2026-01-19 09:00:00,24.06400,24.20600,23.92400,24.08300
2026-01-19 10:00:00,24.08200,24.08200,23.87400,23.97700
2026-01-19 11:00:00,23.97600,24.11600,23.81200,23.92400
2026-01-19 12:00:00,23.92500,24.02000,23.88500,23.98100
2026-01-19 13:00:00,23.98000,23.98400,23.75600,23.90200
2026-01-19 14:00:00,23.90200,23.91500,23.64400,23.82200
2026-01-19 15:00:00,23.82300,23.84900,23.68300,23.81500
2026-01-19 16:00:00,23.81600,24.23100,23.77200,24.19000
2026-01-19 17:00:00,24.19000,24.19800,23.96900,24.08900
2026-01-19 18:00:00,24.09000,24.21300,23.96200,24.11000
2026-01-19 19:00:00,24.11100,24.17900,24.04100,24.10200
2026-01-19 20:00:00,24.10100,24.10100,23.90400,23.97900
2026-01-19 21:00:00,23.97900,23.97900,23.60900,23.65500
2026-01-19 22:00:00,23.65500,23.80300,23.45000,23.60800
2026-01-19 23:00:00,23.60800,23.74500,23.50000,23.73900
2026-01-20 00:00:00,23.73900,24.07800,23.71600,24.01900
2026-01-20 01:00:00,24.01900,24.05600,23.88900,23.92200
2026-01-20 02:00:00,23.92200,24.04200,23.83600,23.98600
2026-01-20 03:00:00,23.98500,24.13300,23.95900,24.03100
2026-01-20 04:00:00,24.03000,24.10000,23.93500,23.94800
2026-01-20 05:00:00,23.95100,23.98600,23.67400,23.70600
2026-01-20 06:00:00,23.70700,23.80200,23.60400,23.60900
2026-01-20 07:00:00,23.61000,23.80300,23.53300,23.71400
2026-01-20 08:00:00,23.71300,23.74600,23.42800,23.56100
2026-01-20 09:00:00,23.56000,23.76100,23.49000,23.64200
2026-01-20 10:00:00,23.64200,23.75400,23.54000,23.73400
2026-01-20 11:00:00,23.73800,23.75000,23.48500,23.74900
2026-01-20 12:00:00,23.74900,23.85700,23.56400,23.62500
2026-01-20 13:00:00,23.62500,23.73100,23.13200,23.43800
2026-01-20 14:00:00,23.43800,23.44800,23.11200,23.18600
2026-01-20 15:00:00,23.18600,23.27400,23.08100,23.09500
2026-01-20 16:00:00,23.09600,23.22400,22.80700,23.21800
2026-01-20 17:00:00,23.21800,23.26400,22.85500,22.92900
2026-01-20 18:00:00,22.92800,23.10600,22.87000,22.95000
2026-01-20 19:00:00,22.94900,23.08800,22.71300,22.75400
2026-01-20 20:00:00,22.75500,22.88600,22.46300,22.52500
2026-01-20 21:00:00,22.52500,22.55500,21.59200,21.75800
2026-01-20 22:00:00,21.75800,22.20100,21.57100,22.07300
2026-01-20 23:00:00,22.07200,22.24900,21.80500,22.07300
2026-01-21 00:00:00,22.07200,22.17300,21.57300,21.76600
2026-01-21 01:00:00,21.76500,21.93200,20.97700,21.28000
2026-01-21 02:00:00,21.27600,21.64400,21.26800,21.54100
2026-01-21 03:00:00,21.54100,21.61500,21.36900,21.52900
2026-01-21 04:00:00,21.52800,21.84200,21.45600,21.56100
2026-01-21 05:00:00,21.56300,21.57800,21.16100,21.20700
2026-01-21 06:00:00,21.20800,21.42000,20.96500,21.31000
2026-01-21 07:00:00,21.31100,21.34700,20.81100,20.98200
2026-01-21 08:00:00,20.98300,21.28300,20.88700,21.17900
2026-01-21 09:00:00,21.17900,21.55200,21.13800,21.38000
2026-01-21 10:00:00,21.38100,21.49100,21.17100,21.30700
2026-01-21 11:00:00,21.30800,21.49300,21.29200,21.42900
2026-01-21 12:00:00,21.42800,21.62800,21.40400,21.54200
2026-01-21 13:00:00,21.54100,21.78600,21.51800,21.69400
2026-01-21 14:00:00,21.69400,21.70200,21.41500,21.43500
2026-01-21 15:00:00,21.43500,21.50300,21.22500,21.26300
2026-01-21 16:00:00,21.26300,21.26800,20.96600,21.02000
2026-01-21 17:00:00,21.01900,21.16100,20.86300,20.98700
2026-01-21 18:00:00,20.98600,21.16400,20.55900,20.60800
2026-01-21 19:00:00,20.60900,20.99000,20.59400,20.70500
2026-01-21 20:00:00,20.70300,20.88700,20.50100,20.86100
2026-01-21 21:00:00,20.86000,20.96300,20.70600,20.74900
2026-01-21 22:00:00,20.74800,21.32000,20.73300,21.16500
2026-01-21 23:00:00,21.16400,21.59300,21.09500,21.56800
2026-01-22 00:00:00,21.56700,21.66400,20.83700,20.85900
2026-01-22 01:00:00,20.86000,21.05600,20.47500,20.70200
2026-01-22 02:00:00,20.70100,20.97300,20.54700,20.88500
2026-01-22 03:00:00,20.88600,22.00000,20.78100,21.87700
2026-01-22 04:00:00,21.87700,21.98100,21.47900,21.90200
2026-01-22 05:00:00,21.90200,22.03500,21.81300,21.86000
2026-01-22 06:00:00,21.86000,22.10800,21.66900,21.67100
2026-01-22 07:00:00,21.67000,21.77000,21.40700,21.52800
2026-01-22 08:00:00,21.52900,21.94500,21.52000,21.88500
2026-01-22 09:00:00,21.88500,22.09200,21.86100,22.07100
2026-01-22 10:00:00,22.07100,22.19400,21.92500,21.98400
2026-01-22 11:00:00,21.98400,22.09600,21.50000,21.57800
2026-01-22 12:00:00,21.57800,21.88000,21.57700,21.81000
2026-01-22 13:00:00,21.81000,21.87600,21.67400,21.76900
2026-01-22 14:00:00,21.77000,21.85000,21.64500,21.81400
2026-01-22 15:00:00,21.81400,21.96300,21.75000,21.93300
2026-01-22 16:00:00,21.93200,22.09500,21.85400,22.08300
2026-01-22 17:00:00,22.08200,22.22600,21.96100,21.97700
2026-01-22 18:00:00,21.97800,22.08600,21.80200,21.89000
2026-01-22 19:00:00,21.89000,21.98800,21.80600,21.80800
2026-01-22 20:00:00,21.80800,21.87400,21.77600,21.80000
2026-01-22 21:00:00,21.80000,21.97100,21.60200,21.67300
2026-01-22 22:00:00,21.67200,21.75000,21.21700,21.42200
2026-01-22 23:00:00,21.42300,21.54300,21.10100,21.26500
2026-01-23 00:00:00,21.26600,21.42000,21.11500,21.33100
2026-01-23 01:00:00,21.33200,21.71900,21.31200,21.70400
2026-01-23 02:00:00,21.70400,21.74600,21.11100,21.18300
2026-01-23 03:00:00,21.18300,21.54100,21.17100,21.41600
2026-01-23 04:00:00,21.41600,21.49200,21.25000,21.37200
2026-01-23 05:00:00,21.37300,21.46700,21.30500,21.33800
2026-01-23 06:00:00,21.33800,21.42900,21.26600,21.38300
2026-01-23 07:00:00,21.38300,21.47100,21.28300,21.44000
2026-01-23 08:00:00,21.44000,21.63200,21.36000,21.59700
2026-01-23 09:00:00,21.59700,21.73600,21.59300,21.72800
2026-01-23 10:00:00,21.72700,21.75800,21.63800,21.64300
2026-01-23 11:00:00,21.64400,21.81200,21.60000,21.80700
2026-01-23 12:00:00,21.80800,21.86400,21.73900,21.81900
2026-01-23 13:00:00,21.82000,21.84800,21.64700,21.71800
2026-01-23 14:00:00,21.71800,21.78600,21.45200,21.47200
2026-01-23 15:00:00,21.47300,21.58300,21.40200,21.45200
2026-01-23 16:00:00,21.45100,21.49200,21.20200,21.21100
2026-01-23 17:00:00,21.21200,21.25800,20.88700,20.91000
2026-01-23 18:00:00,20.90900,21.13100,20.82900,21.03800
2026-01-23 19:00:00,21.03700,21.26700,21.01100,21.23600
2026-01-23 20:00:00,21.23700,21.34200,21.15700,21.31900
2026-01-23 21:00:00,21.32000,21.52700,21.31200,21.47900
2026-01-23 22:00:00,21.47800,21.68800,21.36200,21.48000
2026-01-23 23:00:00,21.48200,22.36600,21.43900,22.32200
2026-01-24 00:00:00,22.32200,22.62900,22.20300,22.39800
2026-01-24 01:00:00,22.39700,23.10300,22.26300,22.73500
2026-01-24 02:00:00,22.73600,22.91200,22.61300,22.83100
2026-01-24 03:00:00,22.83100,22.83800,22.27300,22.39400
2026-01-24 04:00:00,22.39400,22.60000,22.28500,22.55500
2026-01-24 05:00:00,22.55400,22.67600,22.37800,22.40000
2026-01-24 06:00:00,22.39900,22.73400,22.37300,22.65200
2026-01-24 07:00:00,22.65600,22.65600,22.50900,22.63400
2026-01-24 08:00:00,22.63400,22.84900,22.56100,22.74400
2026-01-24 09:00:00,22.74400,22.91700,22.59400,22.91000
2026-01-24 10:00:00,22.91000,23.13500,22.88400,23.07300
2026-01-24 11:00:00,23.07300,23.28900,22.94000,23.09200
2026-01-24 12:00:00,23.09300,23.16400,22.85900,22.97900
2026-01-24 13:00:00,22.98000,23.04000,22.92500,23.02200
2026-01-24 14:00:00,23.02200,23.03000,22.82900,22.88600
2026-01-24 15:00:00,22.88600,22.98300,22.80300,22.81400
2026-01-24 16:00:00,22.81400,23.49700,22.81000,23.44300
2026-01-24 17:00:00,23.44300,23.45000,23.26800,23.32100
2026-01-24 18:00:00,23.32100,23.40100,23.27000,23.31800
2026-01-24 19:00:00,23.31800,23.40000,23.17000,23.20900
2026-01-24 20:00:00,23.20900,23.27300,23.14100,23.16000
2026-01-24 21:00:00,23.16000,23.33500,22.98900,23.19700
2026-01-24 22:00:00,23.19800,23.45800,23.16700,23.43300
2026-01-24 23:00:00,23.43300,23.45300,23.00300,23.04100
2026-01-25 00:00:00,23.04200,23.15600,22.90000,22.99700
2026-01-25 01:00:00,22.99700,23.35900,22.95500,23.31600
2026-01-25 02:00:00,23.31800,23.65400,23.28200,23.59400
2026-01-25 03:00:00,23.59500,23.65200,23.41700,23.43200
2026-01-25 04:00:00,23.43200,23.59500,23.33600,23.55900
2026-01-25 05:00:00,23.55900,23.61600,23.49200,23.60600
2026-01-25 06:00:00,23.60600,23.69000,23.54100,23.66000
2026-01-25 07:00:00,23.65900,23.74600,23.16900,23.20400
2026-01-25 08:00:00,23.20300,23.34700,23.16700,23.25900
2026-01-25 09:00:00,23.25800,23.41800,23.03500,23.25400
2026-01-25 10:00:00,23.25300,23.31800,23.19500,23.19800
2026-01-25 11:00:00,23.19900,23.29100,22.91900,22.93000
2026-01-25 12:00:00,22.93100,22.99200,22.72300,22.86400
2026-01-25 13:00:00,22.86400,22.97500,22.81700,22.95900
2026-01-25 14:00:00,22.95900,22.95900,22.84600,22.94000
2026-01-25 15:00:00,22.94000,22.94100,22.74600,22.89500
2026-01-25 16:00:00,22.89600,22.99200,22.38400,22.44600
2026-01-25 17:00:00,22.44700,22.57400,22.33400,22.34200
2026-01-25 18:00:00,22.34000,22.54800,22.33600,22.51000
2026-01-25 19:00:00,22.51000,22.54700,22.42900,22.50100
2026-01-25 20:00:00,22.50100,22.63900,22.46300,22.61700
2026-01-25 21:00:00,22.61700,22.71000,22.52600,22.62000
2026-01-25 22:00:00,22.62000,22.63800,22.42200,22.54400
2026-01-25 23:00:00,22.54400,22.71400,22.43900,22.45400
2026-01-26 00:00:00,22.45400,22.61500,22.10200,22.22800
2026-01-26 01:00:00,22.22900,22.29600,22.02600,22.20200
2026-01-26 02:00:00,22.20100,22.30400,21.98300,22.23100
2026-01-26 03:00:00,22.23200,22.28400,21.65500,21.79800
2026-01-26 04:00:00,21.79700,22.01500,21.75400,21.97200
2026-01-26 05:00:00,21.97200,22.21500,21.87500,21.91400
2026-01-26 06:00:00,21.91500,22.11600,21.62200,21.92100
2026-01-26 07:00:00,21.92100,22.27000,21.79300,22.19300
2026-01-26 08:00:00,22.19300,22.31200,21.81200,22.11100
2026-01-26 09:00:00,22.11100,22.52000,22.08000,22.33200
2026-01-26 10:00:00,22.33300,22.36600,22.05300,22.08800
2026-01-26 11:00:00,22.08900,22.15600,21.87000,21.96300
2026-01-26 12:00:00,21.96300,22.33300,21.93500,22.21800
2026-01-26 13:00:00,22.21700,22.26500,22.11200,22.22200
2026-01-26 14:00:00,22.22100,22.23000,22.04300,22.16100
2026-01-26 15:00:00,22.16000,22.32700,22.11600,22.31200
2026-01-26 16:00:00,22.31100,22.61800,22.15500,22.52900
2026-01-26 17:00:00,22.52900,22.56900,22.05300,22.20000
2026-01-26 18:00:00,22.20000,22.52900,22.17100,22.29700
2026-01-26 19:00:00,22.29800,22.37600,22.01400,22.27100
2026-01-26 20:00:00,22.27100,22.38300,22.17200,22.25500
2026-01-26 21:00:00,22.25400,22.42300,22.22200,22.37300
2026-01-26 22:00:00,22.37500,22.52200,22.11400,22.47100
2026-01-26 23:00:00,22.47000,22.87800,22.35300,22.44600
2026-01-27 00:00:00,22.44700,23.57000,22.40600,23.48000
2026-01-27 01:00:00,23.48200,23.92300,23.35200,23.86800
2026-01-27 02:00:00,23.86900,24.21700,23.68600,24.20700
2026-01-27 03:00:00,24.20600,24.41800,23.95200,24.11700
2026-01-27 04:00:00,24.11600,24.24700,23.97000,24.06500
2026-01-27 05:00:00,24.06500,24.96200,23.99200,24.80300
2026-01-27 06:00:00,24.80400,25.33800,24.63000,25.07800
2026-01-27 07:00:00,25.07900,25.21400,24.81700,24.93100
2026-01-27 08:00:00,24.93000,25.48500,24.89400,25.31700
2026-01-27 09:00:00,25.31700,25.55600,25.15200,25.53400
2026-01-27 10:00:00,25.53500,25.98800,25.52400,25.86100
2026-01-27 11:00:00,25.86400,26.45100,25.79400,26.08800
2026-01-27 12:00:00,26.08800,26.95000,26.02500,26.90900
2026-01-27 13:00:00,26.91000,27.41000,26.64700,26.82300
2026-01-27 14:00:00,26.82400,27.45300,26.82300,27.11900
2026-01-27 15:00:00,27.12000,27.79900,26.96300,27.41300
2026-01-27 16:00:00,27.41400,28.08100,27.25500,27.83100
2026-01-27 17:00:00,27.83100,28.02500,27.25200,27.56500
2026-01-27 18:00:00,27.56500,27.85200,27.19600,27.22800
2026-01-27 19:00:00,27.22900,27.84100,27.21100,27.72200
2026-01-27 20:00:00,27.72000,28.30000,27.49400,27.63700
2026-01-27 21:00:00,27.63600,27.66300,27.23000,27.31100
2026-01-27 22:00:00,27.31100,27.69800,27.14500,27.36400
2026-01-27 23:00:00,27.36500,28.17000,27.31700,28.15300
2026-01-28 00:00:00,28.15200,28.94000,27.83900,28.49600
2026-01-28 01:00:00,28.49600,28.61300,27.42000,27.77700
2026-01-28 02:00:00,27.77700,28.47200,27.53200,28.36300
2026-01-28 03:00:00,28.36400,29.13500,28.30100,28.79100
2026-01-28 04:00:00,28.79000,29.83200,28.73400,29.75800
2026-01-28 05:00:00,29.75700,29.92400,29.55800,29.78800
2026-01-28 06:00:00,29.78700,30.50000,29.51900,30.49300
2026-01-28 07:00:00,30.48500,30.99000,30.35200,30.80000
2026-01-28 08:00:00,30.80000,31.61700,30.71000,31.47500
2026-01-28 09:00:00,31.47500,32.92700,31.40000,32.89400
2026-01-28 10:00:00,32.89400,33.69100,32.45000,32.85400
2026-01-28 11:00:00,32.85600,33.92000,32.63400,33.54200
2026-01-28 12:00:00,33.54100,34.22400,33.35600,34.00700
2026-01-28 13:00:00,34.00800,34.28100,32.39000,32.78000
2026-01-28 14:00:00,32.78100,33.85900,32.76000,33.84200
2026-01-28 15:00:00,33.84200,33.92600,33.26300,33.50800
2026-01-28 16:00:00,33.50900,34.74200,33.40300,33.75200
2026-01-28 17:00:00,33.75000,34.65000,33.50000,34.63100
2026-01-28 18:00:00,34.63200,34.84900,34.33000,34.42000
2026-01-28 19:00:00,34.42000,34.62500,33.84800,33.90400
2026-01-28 20:00:00,33.90900,34.03400,33.21800,33.58200
2026-01-28 21:00:00,33.58200,34.69500,33.53700,34.37100
2026-01-28 22:00:00,34.36900,34.37000,33.50800,33.65500
2026-01-28 23:00:00,33.65600,33.95800,33.01300,33.47500
2026-01-29 00:00:00,33.47600,33.50600,32.62300,33.04200
2026-01-29 01:00:00,33.04200,33.16600,32.50400,32.92300
2026-01-29 02:00:00,32.92400,33.08300,32.33900,32.90800
2026-01-29 03:00:00,32.90800,33.59400,32.63200,33.36600
2026-01-29 04:00:00,33.36700,33.74000,32.93000,33.03300
2026-01-29 05:00:00,33.03200,33.35400,32.80300,33.00900
2026-01-29 06:00:00,33.01000,33.71300,32.82100,33.34300
2026-01-29 07:00:00,33.34300,34.52700,33.29500,34.42800
2026-01-29 08:00:00,34.42800,34.44300,33.59800,33.96400
2026-01-29 09:00:00,33.96400,34.14100,33.06800,33.12600
2026-01-29 10:00:00,33.12600,33.41700,31.81900,31.99600
2026-01-29 11:00:00,31.99600,32.49500,31.65100,31.74800
2026-01-29 12:00:00,31.74800,32.15400,31.12900,31.87700
2026-01-29 13:00:00,31.87600,32.05600,31.55800,31.95500
2026-01-29 14:00:00,31.95400,33.24800,31.90500,32.85400
2026-01-29 15:00:00,32.85300,32.99900,32.20200,32.42900
2026-01-29 16:00:00,32.43000,33.07500,32.21800,32.45600
2026-01-29 17:00:00,32.45600,32.62400,32.23400,32.27100
2026-01-29 18:00:00,32.27100,32.76100,32.23400,32.61800
2026-01-29 19:00:00,32.61600,33.69400,31.85300,33.29500
2026-01-29 20:00:00,33.29500,34.28200,33.18100,33.38200
2026-01-29 21:00:00,33.38100,34.33300,33.18700,34.03200
2026-01-29 22:00:00,34.03300,34.56600,32.98200,33.02900
2026-01-29 23:00:00,33.03100,33.36800,31.79800,33.14100
2026-01-30 00:00:00,33.14000,33.93500,32.71700,33.69100
2026-01-30 01:00:00,33.69000,33.97900,32.83300,33.40300
2026-01-30 02:00:00,33.40300,33.66700,32.40900,32.49600
2026-01-30 03:00:00,32.49600,32.75500,31.97100,32.12700
2026-01-30 04:00:00,32.12700,32.90900,31.84900,32.76400
2026-01-30 05:00:00,32.76500,32.76500,31.50000,31.84500
2026-01-30 06:00:00,31.84600,32.09000,30.57900,31.08800
2026-01-30 07:00:00,31.08800,31.13900,30.37700,30.79000
2026-01-30 08:00:00,30.79100,30.84500,29.89400,29.91300
2026-01-30 09:00:00,29.91600,30.13600,28.94500,29.50200
2026-01-30 10:00:00,29.50300,29.51300,28.13900,28.66700
2026-01-30 11:00:00,28.66600,29.35100,28.57900,29.21400
2026-01-30 12:00:00,29.21600,29.76900,29.04100,29.10000
2026-01-30 13:00:00,29.10200,29.57400,28.91200,28.94100
2026-01-30 14:00:00,28.94300,29.17100,28.55200,28.79500
2026-01-30 15:00:00,28.79500,29.28900,28.61000,29.13300
2026-01-30 16:00:00,29.13400,29.56400,29.00900,29.20700
2026-01-30 17:00:00,29.20800,29.65000,29.13000,29.25500
2026-01-30 18:00:00,29.25400,30.00000,29.19500,29.76500
2026-01-30 19:00:00,29.76600,30.92500,29.68900,30.62600
2026-01-30 20:00:00,30.62700,30.71000,29.82500,30.00200
2026-01-30 21:00:00,30.00200,30.02200,29.24100,29.33200
2026-01-30 22:00:00,29.33200,30.00500,29.07300,29.14600
2026-01-30 23:00:00,29.14700,29.66500,28.73200,28.98400
2026-01-31 00:00:00,28.98300,29.48300,28.54200,29.27000
2026-01-31 01:00:00,29.27000,29.85800,28.92700,29.56100
2026-01-31 02:00:00,29.56000,31.81700,29.07300,31.71400
2026-01-31 03:00:00,31.71500,32.89800,31.56700,32.09900
2026-01-31 04:00:00,32.09900,32.12300,31.02100,31.04100
2026-01-31 05:00:00,31.03800,31.53700,30.94500,31.09400
2026-01-31 06:00:00,31.09500,31.27400,30.72500,31.21600
2026-01-31 07:00:00,31.21400,31.23000,30.32000,30.62300
2026-01-31 08:00:00,30.62300,31.38400,30.53400,31.00400
2026-01-31 09:00:00,31.00300,31.57200,30.94700,31.46600
2026-01-31 10:00:00,31.46500,32.01800,30.94000,31.82800
2026-01-31 11:00:00,31.82900,32.15000,31.52900,31.67700
2026-01-31 12:00:00,31.67800,31.87600,31.05500,31.17000
2026-01-31 13:00:00,31.17000,31.33100,30.85200,31.20600
2026-01-31 14:00:00,31.20500,31.29100,30.44900,30.64200
2026-01-31 15:00:00,30.64100,30.87900,30.46400,30.65300
2026-01-31 16:00:00,30.65200,30.93200,30.34000,30.66700
2026-01-31 17:00:00,30.66700,30.72800,30.02400,30.09400
2026-01-31 18:00:00,30.09300,30.44400,29.80000,30.29400
2026-01-31 19:00:00,30.29300,30.55900,29.95900,30.27000
2026-01-31 20:00:00,30.26800,30.49800,30.07500,30.24800
2026-01-31 21:00:00,30.24900,30.41800,29.88100,30.11600
2026-01-31 22:00:00,30.11600,30.23100,28.71200,29.33600
2026-01-31 23:00:00,29.33600,29.38800,28.47400,28.68000
2026-02-01 00:00:00,28.68100,28.82000,28.01500,28.27600
2026-02-01 01:00:00,28.27400,28.74800,27.45500,28.64900
2026-02-01 02:00:00,28.64900,30.00000,27.41700,29.15000
2026-02-01 03:00:00,29.15200,29.97300,28.57000,29.07900
2026-02-01 04:00:00,29.08000,29.50000,28.63100,29.46100
2026-02-01 05:00:00,29.46100,30.39500,29.44500,30.03500
2026-02-01 06:00:00,30.03400,30.57600,29.85400,30.39800
2026-02-01 07:00:00,30.39900,31.18100,30.14900,31.01200
2026-02-01 08:00:00,31.01100,32.46400,30.95900,32.31700
2026-02-01 09:00:00,32.31600,32.59000,31.65800,31.84500
2026-02-01 10:00:00,31.84500,32.46800,31.34100,32.16400
2026-02-01 11:00:00,32.16400,32.24800,31.32900,31.46900
2026-02-01 12:00:00,31.47000,32.02400,31.45000,31.70300
2026-02-01 13:00:00,31.70400,31.75500,30.72600,30.81500
2026-02-01 14:00:00,30.81500,30.87800,30.31100,30.51500
2026-02-01 15:00:00,30.51500,30.93400,30.22100,30.70100
2026-02-01 16:00:00,30.70200,31.07400,30.55000,30.94900
2026-02-01 17:00:00,30.94500,31.44900,30.81100,31.35200
2026-02-01 18:00:00,31.35500,31.56300,30.22300,30.38200
2026-02-01 19:00:00,30.38400,31.21800,30.37300,30.96400
2026-02-01 20:00:00,30.96400,31.09200,30.33100,30.33700
2026-02-01 21:00:00,30.33800,30.52000,29.42100,29.48900
2026-02-01 22:00:00,29.48800,29.68300,28.92000,29.12600
2026-02-01 23:00:00,29.12700,29.23100,28.45500,28.99400
2026-02-02 00:00:00,28.99600,29.48900,28.77100,29.43200
2026-02-02 01:00:00,29.43200,29.74100,29.18800,29.61200
2026-02-02 02:00:00,29.61300,30.26600,29.61300,29.92400
2026-02-02 03:00:00,29.92400,29.98800,29.14500,29.41800
2026-02-02 04:00:00,29.41700,29.87400,29.03200,29.64300
2026-02-02 05:00:00,29.64300,30.18900,28.93100,30.18200
2026-02-02 06:00:00,30.18200,30.46900,29.77000,30.08100
2026-02-02 07:00:00,30.08100,31.20200,29.31900,30.57300
2026-02-02 08:00:00,30.57300,31.83200,30.43000,30.99300
2026-02-02 09:00:00,30.99400,31.65800,30.54400,31.22900
2026-02-02 10:00:00,31.22900,31.55000,31.04100,31.22300
2026-02-02 11:00:00,31.22300,32.08900,30.08900,31.99700
2026-02-02 12:00:00,31.99900,32.04700,30.91800,31.20500
2026-02-02 13:00:00,31.20600,31.24700,30.45000,30.81000
2026-02-02 14:00:00,30.80900,30.90000,29.49200,30.30400
2026-02-02 15:00:00,30.30500,31.51500,29.80600,31.22100
2026-02-02 16:00:00,31.22300,31.57100,30.69300,30.91700
2026-02-02 17:00:00,30.91700,31.41100,30.54400,31.07300
2026-02-02 18:00:00,31.07300,31.63600,30.90500,30.95500
2026-02-02 19:00:00,30.95500,31.54300,30.87600,30.92000
2026-02-02 20:00:00,30.92300,31.15600,30.57000,30.91300
2026-02-02 21:00:00,30.91200,31.07600,30.41500,30.90200
2026-02-02 22:00:00,30.90200,33.38200,30.60200,31.88900
2026-02-02 23:00:00,31.88900,32.73200,31.59100,32.72500
2026-02-03 00:00:00,32.72500,33.73500,32.47700,32.62400
2026-02-03 01:00:00,32.62600,33.47000,32.57400,32.69800
2026-02-03 02:00:00,32.69700,32.71400,31.61600,32.09500
2026-02-03 03:00:00,32.09500,32.54400,31.92800,32.46700
2026-02-03 04:00:00,32.46600,33.13100,32.22400,32.27000
2026-02-03 05:00:00,32.27100,33.39400,32.20200,33.29800
2026-02-03 06:00:00,33.29800,33.95800,33.28700,33.93500
2026-02-03 07:00:00,33.93500,33.95100,33.20100,33.28200
2026-02-03 08:00:00,33.28100,34.16600,33.12400,34.08200
2026-02-03 09:00:00,34.08300,35.52300,33.80600,35.41300
2026-02-03 10:00:00,35.41400,36.24200,35.17500,35.85400
2026-02-03 11:00:00,35.85400,38.23600,35.63600,37.92000
2026-02-03 12:00:00,37.92000,38.48300,37.37500,37.84900
2026-02-03 13:00:00,37.84800,37.84800,36.92500,37.21800
2026-02-03 14:00:00,37.21700,37.59600,36.71000,37.04400
2026-02-03 15:00:00,37.04500,37.45400,36.78000,37.28600
2026-02-03 16:00:00,37.28600,37.98800,36.86600,37.56000
2026-02-03 17:00:00,37.56000,37.61600,36.31100,37.06600
2026-02-03 18:00:00,37.06700,37.18300,35.70000,36.03400
2026-02-03 19:00:00,36.03300,36.49800,35.90700,36.07000
2026-02-03 20:00:00,36.07100,36.43000,35.74000,36.08100
2026-02-03 21:00:00,36.07900,36.27700,35.51500,36.17700
2026-02-03 22:00:00,36.17600,36.39400,34.84300,34.92400
2026-02-03 23:00:00,34.92400,35.01700,33.50000,34.18400
2026-02-04 00:00:00,34.19000,34.20300,32.74700,33.59900
2026-02-04 01:00:00,33.60100,33.75700,32.26900,32.30600
2026-02-04 02:00:00,32.30600,33.30400,32.24500,32.58100
2026-02-04 03:00:00,32.58100,34.69800,32.57500,33.85900
2026-02-04 04:00:00,33.85900,35.45800,33.51600,35.37300
2026-02-04 05:00:00,35.37400,35.72800,33.51700,33.87100
2026-02-04 06:00:00,33.87000,33.99800,32.83200,33.06400
2026-02-04 07:00:00,33.06600,33.42800,32.48300,32.69500
2026-02-04 08:00:00,32.69500,33.54200,32.37500,32.97300
2026-02-04 09:00:00,32.97300,33.83100,32.82600,32.99100
2026-02-04 10:00:00,32.99100,33.50000,32.53700,32.72900
2026-02-04 11:00:00,32.72900,33.73200,32.70000,33.67100
2026-02-04 12:00:00,33.67100,33.90900,33.38900,33.50900
2026-02-04 13:00:00,33.50800,34.04200,32.84800,33.08000
2026-02-04 14:00:00,33.08200,33.90600,33.05100,33.85700
2026-02-04 15:00:00,33.85600,33.86400,33.30200,33.37000
2026-02-04 16:00:00,33.37100,33.42300,32.95000,33.15800
2026-02-04 17:00:00,33.15500,33.44800,32.81400,33.35100
2026-02-04 18:00:00,33.35100,33.53600,33.06900,33.12800
2026-02-04 19:00:00,33.12800,33.62400,32.51600,33.31900
2026-02-04 20:00:00,33.32000,33.87400,33.27900,33.63300
2026-02-04 21:00:00,33.63200,33.81500,32.67700,32.67800
2026-02-04 22:00:00,32.67600,33.61300,32.46900,33.00700
2026-02-04 23:00:00,33.00800,34.32200,32.89400,34.03800
2026-02-05 00:00:00,34.03800,35.06700,33.96900,34.58800
2026-02-05 01:00:00,34.58700,34.70400,33.08700,34.43400
2026-02-05 02:00:00,34.43400,35.03800,33.80400,34.35900
2026-02-05 03:00:00,34.35800,35.38000,33.73400,35.36200
2026-02-05 04:00:00,35.36200,35.90000,34.78900,35.81500
2026-02-05 05:00:00,35.81500,35.95400,34.86400,35.15900
2026-02-05 06:00:00,35.16100,36.26700,34.45300,34.93800
2026-02-05 07:00:00,34.93800,36.04600,34.53300,35.48000
2026-02-05 08:00:00,35.48100,35.51300,34.65000,34.75600
2026-02-05 09:00:00,34.75500,35.15400,33.72000,33.74600
2026-02-05 10:00:00,33.74500,34.08100,33.30500,33.45500
2026-02-05 11:00:00,33.45600,33.75000,33.20400,33.48700
2026-02-05 12:00:00,33.48600,34.05600,33.25700,33.76000
2026-02-05 13:00:00,33.76100,34.00000,33.44500,33.52400
2026-02-05 14:00:00,33.52400,33.98500,33.35000,33.88200
2026-02-05 15:00:00,33.88200,34.74600,33.80700,34.21300
2026-02-05 16:00:00,34.21300,35.26300,34.09600,34.71600
2026-02-05 17:00:00,34.71600,35.29700,34.56600,34.74700
2026-02-05 18:00:00,34.74600,34.90900,34.11800,34.11900
2026-02-05 19:00:00,34.11900,34.37500,32.60000,32.90500
2026-02-05 20:00:00,32.90300,33.05000,31.08600,32.21700
2026-02-05 21:00:00,32.21800,32.61300,31.68300,32.59100
2026-02-05 22:00:00,32.59300,32.91400,31.90100,31.96500
2026-02-05 23:00:00,31.96700,32.39500,31.37300,31.85100
2026-02-06 00:00:00,31.85100,33.08500,31.05600,32.87600
2026-02-06 01:00:00,32.87600,33.39600,32.08600,33.22800
2026-02-06 02:00:00,33.22800,33.27500,32.09400,32.83200
2026-02-06 03:00:00,32.82800,33.04000,32.25900,32.52000
2026-02-06 04:00:00,32.51800,32.99600,31.88700,32.50000
2026-02-06 05:00:00,32.50100,33.76400,32.10700,33.13300
2026-02-06 06:00:00,33.13200,33.94400,32.67600,33.70400
2026-02-06 07:00:00,33.70300,34.53300,32.81400,33.08700
2026-02-06 08:00:00,33.08800,33.69400,31.37300,33.22000
2026-02-06 09:00:00,33.21900,36.79200,33.16800,36.32700
2026-02-06 10:00:00,36.32700,36.82600,34.94200,35.14600
2026-02-06 11:00:00,35.14600,35.43300,34.59700,34.75600
2026-02-06 12:00:00,34.75600,35.33700,34.46800,34.78700
2026-02-06 13:00:00,34.78600,35.32100,34.15100,35.10200
2026-02-06 14:00:00,35.10200,35.57200,33.45100,33.66700
2026-02-06 15:00:00,33.66600,33.96800,32.86800,32.91600
2026-02-06 16:00:00,32.91500,33.14300,32.36800,32.47800
2026-02-06 17:00:00,32.47800,33.39900,32.20000,33.04900
2026-02-06 18:00:00,33.05000,33.82700,32.90000,33.76100
2026-02-06 19:00:00,33.76100,34.38600,33.45000,33.90300
2026-02-06 20:00:00,33.90300,34.55400,33.60000,34.38100
2026-02-06 21:00:00,34.38000,34.96700,33.69000,33.72800
2026-02-06 22:00:00,33.72800,34.16100,32.96100,33.53700
2026-02-06 23:00:00,33.53900,33.89100,32.30100,32.44900
2026-02-07 00:00:00,32.45000,34.20800,32.23100,34.18700
2026-02-07 01:00:00,34.18600,34.53700,32.97500,33.32000
2026-02-07 02:00:00,33.32000,33.51100,32.66800,32.86000
2026-02-07 03:00:00,32.86100,33.31800,32.56500,33.25400
2026-02-07 04:00:00,33.25000,33.25500,32.13800,32.56700
2026-02-07 05:00:00,32.56700,32.90100,32.32300,32.83200
2026-02-07 06:00:00,32.83100,33.10300,32.66800,32.85000
2026-02-07 07:00:00,32.85200,33.18600,32.30300,32.37700
2026-02-07 08:00:00,32.37600,32.47300,31.71300,31.93000
2026-02-07 09:00:00,31.92300,32.49400,31.50700,32.34300
2026-02-07 10:00:00,32.34200,32.79400,32.15800,32.26900
2026-02-07 11:00:00,32.27500,33.12300,32.10100,33.11400
2026-02-07 12:00:00,33.11400,33.32600,32.38800,32.52700
2026-02-07 13:00:00,32.52600,33.22700,32.44900,32.86700
2026-02-07 14:00:00,32.86800,33.22600,32.73900,32.84500
2026-02-07 15:00:00,32.84600,33.27200,32.34000,32.96800
2026-02-07 16:00:00,32.96900,33.21800,32.59900,33.05000
2026-02-07 17:00:00,33.05000,33.85800,32.96000,33.25800
2026-02-07 18:00:00,33.25700,33.37100,32.48800,32.81700
2026-02-07 19:00:00,32.81600,33.00000,32.48200,32.73600
2026-02-07 20:00:00,32.73500,33.27300,32.64500,32.81000
2026-02-07 21:00:00,32.81100,33.10000,32.35000,32.47700
2026-02-07 22:00:00,32.47800,32.66800,32.06700,32.12300
2026-02-07 23:00:00,32.12200,32.44500,31.87700,32.06200
2026-02-08 00:00:00,32.06000,32.41400,31.18000,31.52500
2026-02-08 01:00:00,31.52400,31.76600,31.20000,31.61700
2026-02-08 02:00:00,31.61800,32.52600,31.52600,32.36700
2026-02-08 03:00:00,32.36700,32.37300,31.44200,31.54900
2026-02-08 04:00:00,31.55000,31.92800,31.47200,31.85300
2026-02-08 05:00:00,31.85400,32.06600,31.54800,31.63900
2026-02-08 06:00:00,31.64100,31.82400,31.50000,31.53600
2026-02-08 07:00:00,31.53700,31.55900,31.00300,31.40100
2026-02-08 08:00:00,31.40100,31.53200,31.10100,31.41900
2026-02-08 09:00:00,31.41900,31.95700,31.41900,31.73000
2026-02-08 10:00:00,31.72700,31.91300,31.11800,31.21400
2026-02-08 11:00:00,31.21400,31.45800,30.93100,31.31100
2026-02-08 12:00:00,31.31200,31.68200,31.22100,31.55400
2026-02-08 13:00:00,31.55500,31.89500,31.44500,31.49100
2026-02-08 14:00:00,31.49200,31.54900,30.48000,30.82400
2026-02-08 15:00:00,30.82400,31.18400,30.70800,31.03000
2026-02-08 16:00:00,31.03000,31.62900,30.70200,31.49800
2026-02-08 17:00:00,31.49800,31.99900,31.45700,31.56400
2026-02-08 18:00:00,31.56400,31.88000,31.37400,31.69300
2026-02-08 19:00:00,31.69500,32.16600,31.59700,32.04800
2026-02-08 20:00:00,32.04800,32.26400,31.26300,31.54700
2026-02-08 21:00:00,31.54600,31.85900,31.33800,31.75600
2026-02-08 22:00:00,31.75500,31.83000,31.41200,31.50300
2026-02-08 23:00:00,31.50400,31.72600,31.07600,31.61900
2026-02-09 00:00:00,31.61800,31.99400,31.39600,31.80200
2026-02-09 01:00:00,31.80000,32.44600,31.70800,32.26400
2026-02-09 02:00:00,32.26500,32.91100,32.21500,32.56700
2026-02-09 03:00:00,32.56700,32.96700,32.51100,32.73800
2026-02-09 04:00:00,32.73900,32.88600,32.27300,32.35300
2026-02-09 05:00:00,32.35200,32.61700,32.05300,32.17300
2026-02-09 06:00:00,32.17300,32.42700,32.03700,32.32100
2026-02-09 07:00:00,32.32000,33.03100,32.12100,32.44100
2026-02-09 08:00:00,32.44100,33.03900,32.22600,32.95500
2026-02-09 09:00:00,32.95500,33.31300,32.64700,33.09100
2026-02-09 10:00:00,33.09000,33.28100,32.80800,32.94600
2026-02-09 11:00:00,32.94500,33.52000,32.77400,33.12100
2026-02-09 12:00:00,33.12100,33.25300,32.68100,32.81300
2026-02-09 13:00:00,32.81700,32.84900,32.50000,32.74000
2026-02-09 14:00:00,32.73900,32.77000,32.50600,32.57400
2026-02-09 15:00:00,32.57300,32.71700,32.27200,32.42700
2026-02-09 16:00:00,32.42600,32.52800,31.92000,32.28900
2026-02-09 17:00:00,32.28900,32.42800,31.67800,31.73600
2026-02-09 18:00:00,31.73600,31.86800,31.28000,31.63800
2026-02-09 19:00:00,31.63800,31.76000,31.23100,31.36900
2026-02-09 20:00:00,31.37000,31.61600,31.31700,31.38800
2026-02-09 21:00:00,31.38900,31.65000,31.29500,31.30600
2026-02-09 22:00:00,31.30500,32.09900,31.15400,31.94400
2026-02-09 23:00:00,31.94400,32.15700,31.20400,31.27100
2026-02-10 00:00:00,31.27100,31.57400,30.90200,31.53600
2026-02-10 01:00:00,31.53600,31.99500,31.26900,31.91000
2026-02-10 02:00:00,31.90500,32.24800,31.54400,31.60000
2026-02-10 03:00:00,31.59900,32.09400,31.36900,32.05700
2026-02-10 04:00:00,32.05600,32.16100,31.75000,31.84300
2026-02-10 05:00:00,31.84400,31.89800,31.26600,31.59600
2026-02-10 06:00:00,31.59700,31.71700,31.27800,31.42000
2026-02-10 07:00:00,31.42000,31.45300,31.22400,31.32900
2026-02-10 08:00:00,31.32800,31.39600,30.91300,31.09800
2026-02-10 09:00:00,31.09800,31.51800,31.07700,31.49900
2026-02-10 10:00:00,31.49900,31.55700,30.79900,30.97700
2026-02-10 11:00:00,30.97800,30.99900,30.58600,30.78000
2026-02-10 12:00:00,30.78000,31.01500,30.49700,30.86900
2026-02-10 13:00:00,30.86900,30.87000,30.27000,30.41900
2026-02-10 14:00:00,30.41900,30.50400,29.71700,30.01100
2026-02-10 15:00:00,30.01100,30.15000,29.88400,30.00800
2026-02-10 16:00:00,30.00800,30.10600,29.75800,29.90600
2026-02-10 17:00:00,29.90700,30.29500,29.90100,30.07400
2026-02-10 18:00:00,30.07400,30.19700,29.52600,29.58100
2026-02-10 19:00:00,29.58200,29.90200,29.50400,29.54000
2026-02-10 20:00:00,29.54000,29.64200,29.26400,29.39900
2026-02-10 21:00:00,29.39700,30.00800,29.30200,29.92900
2026-02-10 22:00:00,29.93000,30.06300,29.22200,29.59400
2026-02-10 23:00:00,29.59400,29.92600,29.50200,29.80200
2026-02-11 00:00:00,29.80300,30.32000,29.73000,30.21500
2026-02-11 01:00:00,30.21500,30.53200,30.01600,30.37200
2026-02-11 02:00:00,30.37200,30.40500,29.65900,29.90100
2026-02-11 03:00:00,29.90000,29.91700,29.57000,29.83700
2026-02-11 04:00:00,29.83700,29.89300,29.54400,29.55800
2026-02-11 05:00:00,29.55800,29.62100,29.13500,29.50700
2026-02-11 06:00:00,29.50800,29.56300,29.05200,29.07600
2026-02-11 07:00:00,29.07500,29.19100,28.75100,28.84200
2026-02-11 08:00:00,28.84300,29.25500,28.70400,29.19600
2026-02-11 09:00:00,29.19500,29.22700,28.90500,29.12600
2026-02-11 10:00:00,29.12600,29.25600,28.84700,28.86600
2026-02-11 11:00:00,28.86700,28.97800,28.68800,28.79100
2026-02-11 12:00:00,28.79100,29.11300,28.56200,29.09800
2026-02-11 13:00:00,29.09900,29.37200,29.01100,29.03500
2026-02-11 14:00:00,29.03600,29.42400,28.92800,28.95000
2026-02-11 15:00:00,28.94900,28.99900,28.65300,28.74000
2026-02-11 16:00:00,28.74000,29.04800,28.58000,28.87000
2026-02-11 17:00:00,28.87000,28.97800,28.43300,28.56800
2026-02-11 18:00:00,28.56700,28.60800,28.35900,28.52200
2026-02-11 19:00:00,28.52200,29.29700,28.47200,29.09300
2026-02-11 20:00:00,29.09200,29.33600,28.92700,28.95200
2026-02-11 21:00:00,28.95100,29.19400,28.83300,29.15000
2026-02-11 22:00:00,29.15100,29.37800,28.69700,28.79400
2026-02-11 23:00:00,28.79500,28.96500,28.27300,28.90200
2026-02-12 00:00:00,28.90200,29.49700,28.89900,29.29400
2026-02-12 01:00:00,29.29300,29.80000,29.09700,29.44800
2026-02-12 02:00:00,29.44800,29.79000,29.25200,29.74700
2026-02-12 03:00:00,29.75000,29.76300,29.39700,29.51300
2026-02-12 04:00:00,29.51200,30.19800,29.45500,30.04600
2026-02-12 05:00:00,30.04500,30.19900,29.86200,29.95700
2026-02-12 06:00:00,29.95800,29.96800,29.50700,29.53000
2026-02-12 07:00:00,29.53100,29.55400,29.17300,29.38000
2026-02-12 08:00:00,29.38000,29.97100,29.36600,29.89600
2026-02-12 09:00:00,29.89600,30.47000,29.85600,30.41100
2026-02-12 10:00:00,30.40900,30.94900,30.26900,30.81400
2026-02-12 11:00:00,30.81400,30.89100,30.51600,30.54000
2026-02-12 12:00:00,30.53900,30.70000,30.22300,30.31400
2026-02-12 13:00:00,30.31300,30.41100,30.08000,30.33800
2026-02-12 14:00:00,30.33700,30.65100,30.21200,30.48000
2026-02-12 15:00:00,30.47900,30.51000,29.96500,30.22300
2026-02-12 16:00:00,30.22300,30.44100,30.10800,30.41800
2026-02-12 17:00:00,30.41800,30.86900,30.35500,30.75500
2026-02-12 18:00:00,30.75500,30.88300,30.57000,30.78700
2026-02-12 19:00:00,30.78600,31.79700,30.71500,31.62400
2026-02-12 20:00:00,31.62300,31.82400,30.93900,30.99100
2026-02-12 21:00:00,30.99000,31.36100,30.63100,31.35900
2026-02-12 22:00:00,31.35800,31.43700,30.86200,31.37200
2026-02-12 23:00:00,31.37200,31.52600,30.72800,30.78000
2026-02-13 00:00:00,30.78100,30.90300,29.75500,29.98400
2026-02-13 01:00:00,29.98800,30.16900,29.38100,29.52500
2026-02-13 02:00:00,29.52400,29.66300,29.28100,29.56400
2026-02-13 03:00:00,29.56400,30.12700,29.54900,29.73500
2026-02-13 04:00:00,29.73600,29.81100,29.37100,29.70700
2026-02-13 05:00:00,29.70600,29.91000,29.53200,29.81800
2026-02-13 06:00:00,29.81700,30.48600,29.80600,30.44700
2026-02-13 07:00:00,30.44600,31.12700,30.33800,31.09000
2026-02-13 08:00:00,31.08900,31.36000,30.54500,30.54600
2026-02-13 09:00:00,30.54600,30.85100,30.41500,30.83700
2026-02-13 10:00:00,30.83600,31.40900,30.74600,31.34500
2026-02-13 11:00:00,31.34600,31.37400,30.69800,30.74900
2026-02-13 12:00:00,30.74800,30.97000,30.62100,30.74200
2026-02-13 13:00:00,30.74200,30.88600,30.58600,30.63500
2026-02-13 14:00:00,30.63400,30.82200,30.52500,30.64200
2026-02-13 15:00:00,30.64200,30.88800,30.46100,30.71500
2026-02-13 16:00:00,30.71500,30.77500,30.42300,30.64300
2026-02-13 17:00:00,30.64300,30.65500,30.18600,30.36900
2026-02-13 18:00:00,30.36900,30.65600,30.25000,30.55000
2026-02-13 19:00:00,30.55100,30.62200,30.20000,30.52900
2026-02-13 20:00:00,30.52800,30.52800,29.95300,30.26200
2026-02-13 21:00:00,30.26200,31.00000,30.22700,30.57000
2026-02-13 22:00:00,30.57000,31.14100,30.25400,30.85000
2026-02-13 23:00:00,30.85100,32.34400,30.83600,31.54900
2026-02-14 00:00:00,31.53300,32.13200,31.37900,31.64000
2026-02-14 01:00:00,31.64100,32.04900,31.49300,31.85200
2026-02-14 02:00:00,31.85300,32.12200,31.71700,31.94900
2026-02-14 03:00:00,31.94800,31.97800,31.31200,31.39200
2026-02-14 04:00:00,31.39200,31.41000,31.00500,31.12100
2026-02-14 05:00:00,31.12000,31.54300,31.11000,31.48500
2026-02-14 06:00:00,31.48400,31.59900,31.36700,31.51700
2026-02-14 07:00:00,31.51600,31.75000,31.51100,31.56300
2026-02-14 08:00:00,31.56400,31.99400,31.45800,31.94000
2026-02-14 09:00:00,31.94000,32.23600,31.77500,32.13200
2026-02-14 10:00:00,32.13100,32.24900,31.70500,31.75200
2026-02-14 11:00:00,31.75300,32.06400,31.69200,31.90100
2026-02-14 12:00:00,31.90000,31.91400,31.36000,31.48000
2026-02-14 13:00:00,31.48100,31.62000,31.28700,31.30800
2026-02-14 14:00:00,31.30900,31.58800,31.24000,31.51100
2026-02-14 15:00:00,31.51000,31.87200,31.50300,31.77500
2026-02-14 16:00:00,31.77500,31.94900,31.53000,31.70400
2026-02-14 17:00:00,31.70300,31.75300,31.46900,31.61600
2026-02-14 18:00:00,31.61600,31.92400,31.50000,31.79300
2026-02-14 19:00:00,31.79300,32.29500,31.78100,32.09500
2026-02-14 20:00:00,32.09400,32.20900,31.36000,31.39400
2026-02-14 21:00:00,31.39400,31.46900,30.95900,31.03800
2026-02-14 22:00:00,31.03600,31.48600,31.02500,31.36200
2026-02-14 23:00:00,31.36200,31.52500,31.27200,31.45200
2026-02-15 00:00:00,31.45300,31.47500,31.00300,31.30400
2026-02-15 01:00:00,31.30400,31.52900,30.70300,30.87200
2026-02-15 02:00:00,30.87200,31.08200,30.71700,31.01900
2026-02-15 03:00:00,31.01800,31.49400,30.92500,31.45800
2026-02-15 04:00:00,31.45800,31.80700,31.34800,31.76700
2026-02-15 05:00:00,31.76800,31.88200,31.40900,31.60600
2026-02-15 06:00:00,31.60400,31.74400,31.48100,31.59700
2026-02-15 07:00:00,31.59700,31.95200,31.51900,31.83500
2026-02-15 08:00:00,31.83200,31.95400,31.66000,31.91400
2026-02-15 09:00:00,31.91400,32.00500,31.17000,31.41300
2026-02-15 10:00:00,31.41300,31.53200,31.18100,31.48200
2026-02-15 11:00:00,31.48200,31.63000,31.13500,31.42100
2026-02-15 12:00:00,31.42100,31.79800,31.40500,31.64000
2026-02-15 13:00:00,31.64000,31.80600,31.62200,31.66200
2026-02-15 14:00:00,31.66200,31.66200,31.22200,31.35200
2026-02-15 15:00:00,31.35200,31.46300,31.21300,31.33700
2026-02-15 16:00:00,31.33700,31.47300,30.68000,30.91700
2026-02-15 17:00:00,30.91600,31.18400,30.85400,31.13200
2026-02-15 18:00:00,31.13100,31.43600,30.96000,31.34100
2026-02-15 19:00:00,31.34100,31.65500,31.31200,31.47200
2026-02-15 20:00:00,31.47400,31.67000,31.07200,31.08200
2026-02-15 21:00:00,31.08200,31.29900,30.47600,30.67900
2026-02-15 22:00:00,30.67900,31.01400,30.59200,30.95500
2026-02-15 23:00:00,30.95500,31.04300,30.78500,30.94300
2026-02-16 00:00:00,30.94500,31.14600,30.69100,31.09200
2026-02-16 01:00:00,31.09300,31.10600,30.63400,31.01600
2026-02-16 02:00:00,31.01400,31.05600,30.51100,30.67100
2026-02-16 03:00:00,30.67100,30.71000,30.42100,30.56200
2026-02-16 04:00:00,30.56200,30.64400,30.32700,30.49000
2026-02-16 05:00:00,30.49300,30.69400,30.32600,30.41100
2026-02-16 06:00:00,30.41200,30.63300,30.35900,30.55900
2026-02-16 07:00:00,30.55900,30.71200,30.23500,30.69900
2026-02-16 08:00:00,30.69800,30.95900,30.45000,30.46100
2026-02-16 09:00:00,30.46200,30.50500,30.08600,30.27200
2026-02-16 10:00:00,30.27200,30.41300,30.00000,30.05500
2026-02-16 11:00:00,30.05600,30.31000,30.01400,30.30100
2026-02-16 12:00:00,30.30100,30.35400,30.02900,30.03600
2026-02-16 13:00:00,30.03600,30.07000,29.56400,29.79700
2026-02-16 14:00:00,29.79700,29.92300,29.75100,29.84200
2026-02-16 15:00:00,29.84300,29.98700,29.52800,29.66200
2026-02-16 16:00:00,29.66300,29.89800,29.63400,29.74100
2026-02-16 17:00:00,29.74200,30.07300,29.74100,29.82500
2026-02-16 18:00:00,29.82300,30.16300,29.77300,29.94600
2026-02-16 19:00:00,29.94600,30.04000,29.59700,29.92600
2026-02-16 20:00:00,29.92600,30.59600,29.89000,30.41200
2026-02-16 21:00:00,30.41200,30.61300,30.14200,30.29000
2026-02-16 22:00:00,30.28900,30.54000,30.14000,30.32900
2026-02-16 23:00:00,30.33000,30.50200,29.56000,29.81500
2026-02-17 00:00:00,29.81500,30.06300,29.71100,29.92000
2026-02-17 01:00:00,29.91900,30.01200,29.67300,29.84400
2026-02-17 02:00:00,29.84300,30.02600,29.75300,29.86200
2026-02-17 03:00:00,29.86500,30.03500,29.82700,29.87000
2026-02-17 04:00:00,29.86900,30.41100,29.82900,30.28600
2026-02-17 05:00:00,30.28600,30.61800,30.10200,30.60200
2026-02-17 06:00:00,30.60200,30.87700,30.52000,30.72600
2026-02-17 07:00:00,30.72600,31.27400,30.65400,31.24600
2026-02-17 08:00:00,31.24700,31.41500,31.07200,31.27700
2026-02-17 09:00:00,31.27700,31.39800,30.93700,31.03000
2026-02-17 10:00:00,31.03000,31.27300,30.91800,31.01000
2026-02-17 11:00:00,31.00800,31.05400,30.76100,30.86000
2026-02-17 12:00:00,30.86000,31.06700,30.66300,30.68100
2026-02-17 13:00:00,30.68200,30.70400,30.12800,30.21400
2026-02-17 14:00:00,30.21500,30.40900,30.15500,30.26000
2026-02-17 15:00:00,30.26000,30.31700,30.02000,30.12800
2026-02-17 16:00:00,30.12800,30.23400,29.75400,29.76800
2026-02-17 17:00:00,29.76900,30.14900,29.73600,29.87100
2026-02-17 18:00:00,29.87100,29.92400,29.57800,29.64600
2026-02-17 19:00:00,29.64800,29.77700,29.23300,29.35600
2026-02-17 20:00:00,29.35500,29.62600,29.29100,29.47600
2026-02-17 21:00:00,29.47600,29.77300,29.34500,29.68400
2026-02-17 22:00:00,29.68500,29.84100,29.02400,29.18000
2026-02-17 23:00:00,29.18000,29.70000,29.01100,29.56700
2026-02-18 00:00:00,29.56800,30.13900,29.55600,29.86800
2026-02-18 01:00:00,29.86800,30.07900,29.24900,29.35900
2026-02-18 02:00:00,29.35900,29.74800,29.26100,29.63800
2026-02-18 03:00:00,29.63900,29.74200,29.47700,29.53500
2026-02-18 04:00:00,29.53500,29.70000,29.33800,29.68200
2026-02-18 05:00:00,29.67800,29.91300,29.64200,29.86400
2026-02-18 06:00:00,29.86300,29.91100,29.54500,29.56500
2026-02-18 07:00:00,29.56400,29.64500,29.44500,29.50200
2026-02-18 08:00:00,29.50300,29.60500,29.03600,29.08800
2026-02-18 09:00:00,29.08800,29.13600,28.81700,29.06300
2026-02-18 10:00:00,29.06300,29.21100,29.03100,29.16900
2026-02-18 11:00:00,29.16800,29.44900,29.11600,29.26700
2026-02-18 12:00:00,29.26800,29.41300,29.19800,29.32800
2026-02-18 13:00:00,29.32700,29.42000,29.26300,29.34700
2026-02-18 14:00:00,29.34700,29.49900,29.33400,29.47000
2026-02-18 15:00:00,29.47000,29.71500,29.40100,29.65300
2026-02-18 16:00:00,29.65300,29.77900,29.40900,29.46700
2026-02-18 17:00:00,29.46800,29.58000,29.29300,29.34300
2026-02-18 18:00:00,29.34300,29.43900,28.92000,29.08200
2026-02-18 19:00:00,29.08100,29.12200,28.80000,28.88900
2026-02-18 20:00:00,28.88900,29.19400,28.83400,29.12800
2026-02-18 21:00:00,29.12900,29.39400,28.91300,29.11600
2026-02-18 22:00:00,29.11800,29.23400,28.52800,28.85800
2026-02-18 23:00:00,28.85700,29.59100,28.85300,29.20100
2026-02-19 00:00:00,29.20100,29.28300,28.76800,28.82700
2026-02-19 01:00:00,28.82700,29.01000,28.55700,28.79400
2026-02-19 02:00:00,28.79400,28.90400,28.56500,28.59200
2026-02-19 03:00:00,28.59100,28.82600,28.40000,28.74000
2026-02-19 04:00:00,28.74100,28.96200,28.60000,28.73100
2026-02-19 05:00:00,28.73300,28.79900,28.47200,28.47600
2026-02-19 06:00:00,28.47600,28.61700,28.21000,28.54400
2026-02-19 07:00:00,28.54500,28.71900,28.46400,28.67200
2026-02-19 08:00:00,28.67500,28.69100,28.22700,28.33900
2026-02-19 09:00:00,28.33900,28.63600,28.32200,28.48800
2026-02-19 10:00:00,28.48800,28.63700,28.39900,28.53600
2026-02-19 11:00:00,28.53700,28.78500,28.48000,28.73700
2026-02-19 12:00:00,28.73700,28.89000,28.58200,28.67100
2026-02-19 13:00:00,28.67200,28.74300,28.51200,28.61200
2026-02-19 14:00:00,28.61200,28.80400,28.60700,28.78200
2026-02-19 15:00:00,28.78300,29.19800,28.74700,29.18400
2026-02-19 16:00:00,29.18400,29.20900,28.87300,28.92900
2026-02-19 17:00:00,28.93000,29.06500,28.62300,28.66500
2026-02-19 18:00:00,28.66600,28.74500,28.41200,28.47100
2026-02-19 19:00:00,28.47000,28.51400,28.28100,28.38800
2026-02-19 20:00:00,28.38700,28.39800,28.05000,28.14200
2026-02-19 21:00:00,28.14300,28.30000,27.91200,27.98200
2026-02-19 22:00:00,27.98200,28.32100,27.69000,28.05500
2026-02-19 23:00:00,28.04900,28.45400,28.02600,28.35300
2026-02-20 00:00:00,28.35300,28.48500,28.14300,28.33600
2026-02-20 01:00:00,28.33700,28.60000,28.23200,28.38100
2026-02-20 02:00:00,28.38100,28.93400,28.30900,28.78400
2026-02-20 03:00:00,28.78300,28.79600,28.54600,28.67400
2026-02-20 04:00:00,28.67300,29.11400,28.63000,29.03500
2026-02-20 05:00:00,29.03300,29.41000,28.95700,29.14000
2026-02-20 06:00:00,29.14000,29.16900,28.81300,28.94000
2026-02-20 07:00:00,28.93900,29.09700,28.85900,29.00000
2026-02-20 08:00:00,28.99900,29.32100,28.96800,29.26100
2026-02-20 09:00:00,29.26000,29.59100,29.22400,29.47800
2026-02-20 10:00:00,29.47800,29.49200,29.28800,29.40400
2026-02-20 11:00:00,29.40300,29.52400,29.22400,29.48800
2026-02-20 12:00:00,29.48800,29.50900,29.25900,29.34400
2026-02-20 13:00:00,29.34500,29.52300,29.17400,29.48000
2026-02-20 14:00:00,29.48000,29.50000,29.19800,29.31800
2026-02-20 15:00:00,29.31800,29.32900,29.00300,29.05800
2026-02-20 16:00:00,29.05800,29.18300,28.92700,29.03200
2026-02-20 17:00:00,29.03200,29.38600,29.03200,29.33500
2026-02-20 18:00:00,29.33500,29.74300,29.32900,29.55000
2026-02-20 19:00:00,29.55100,29.64900,29.33100,29.39800
2026-02-20 20:00:00,29.39800,29.48300,29.16600,29.39500
2026-02-20 21:00:00,29.39500,29.40500,28.61200,28.78300
2026-02-20 22:00:00,28.78300,29.05000,28.60800,28.88800
2026-02-20 23:00:00,28.88900,29.90700,28.87800,29.83100
2026-02-21 00:00:00,29.83100,30.36100,29.68900,30.10400
2026-02-21 01:00:00,30.10300,30.13300,29.51600,29.93700
2026-02-21 02:00:00,29.93700,30.08600,29.51500,30.07700
2026-02-21 03:00:00,30.07700,30.14200,29.82700,30.07500
2026-02-21 04:00:00,30.07600,30.19900,29.91800,30.14700
2026-02-21 05:00:00,30.14500,30.18700,29.89500,30.02300
2026-02-21 06:00:00,30.02200,30.43000,29.91500,30.33400
2026-02-21 07:00:00,30.33300,30.40000,30.17400,30.36400
2026-02-21 08:00:00,30.36400,30.58000,30.12200,30.18700
2026-02-21 09:00:00,30.18600,30.46900,30.12900,30.34100
2026-02-21 10:00:00,30.34200,30.57400,30.32900,30.53400
2026-02-21 11:00:00,30.53300,30.55000,30.17600,30.27400
2026-02-21 12:00:00,30.27400,30.38300,30.21800,30.31500
2026-02-21 13:00:00,30.31400,30.42000,30.17000,30.37300
2026-02-21 14:00:00,30.37300,30.38900,30.19800,30.23200
2026-02-21 15:00:00,30.23200,30.30500,30.05500,30.08700
2026-02-21 16:00:00,30.08700,30.38300,30.08700,30.27900
2026-02-21 17:00:00,30.27900,30.54600,30.27000,30.35000
2026-02-21 18:00:00,30.35100,30.41200,30.28900,30.33300
2026-02-21 19:00:00,30.33400,30.42500,30.11800,30.12200
2026-02-21 20:00:00,30.12200,30.21000,29.88100,29.94900
2026-02-21 21:00:00,29.94800,30.07400,29.83400,30.04700
2026-02-21 22:00:00,30.04600,30.17400,29.93100,30.00300
2026-02-21 23:00:00,30.00200,30.06200,29.73200,29.91800
2026-02-22 00:00:00,29.91800,29.92600,29.65900,29.83400
2026-02-22 01:00:00,29.83400,29.94900,29.72500,29.90200
2026-02-22 02:00:00,29.90200,30.09800,29.83300,29.91200
2026-02-22 03:00:00,29.91100,30.01100,29.75800,29.84300
2026-02-22 04:00:00,29.84200,29.88600,29.52400,29.64800
2026-02-22 05:00:00,29.64800,29.76200,29.53200,29.72600
2026-02-22 06:00:00,29.72500,29.75400,29.56300,29.56300
2026-02-22 07:00:00,29.56400,29.76600,29.55500,29.73000
2026-02-22 08:00:00,29.73100,29.77800,29.58700,29.69100
2026-02-22 09:00:00,29.69200,29.93100,29.64600,29.87300
2026-02-22 10:00:00,29.87300,29.95100,29.73800,29.76500
2026-02-22 11:00:00,29.76700,29.89900,29.68200,29.71600
2026-02-22 12:00:00,29.71500,29.75900,29.59000,29.64400
2026-02-22 13:00:00,29.64500,29.68600,29.60600,29.68300
2026-02-22 14:00:00,29.68300,29.76000,29.50600,29.55900
2026-02-22 15:00:00,29.55900,29.63100,29.42500,29.43300
2026-02-22 16:00:00,29.43200,29.49100,29.35100,29.44300
2026-02-22 17:00:00,29.44500,29.58000,29.43300,29.47200
2026-02-22 18:00:00,29.47100,29.71700,29.43000,29.67100
2026-02-22 19:00:00,29.66600,29.85000,29.64000,29.68600
2026-02-22 20:00:00,29.68500,29.71300,29.20100,29.32000
2026-02-22 21:00:00,29.32100,29.50000,29.23600,29.33700
2026-02-22 22:00:00,29.33700,29.39000,29.14600,29.29100
2026-02-22 23:00:00,29.29100,29.29100,28.98300,29.20200
2026-02-23 00:00:00,29.20300,29.21200,28.95200,29.03400
2026-02-23 01:00:00,29.03500,29.04500,28.86000,28.93300
2026-02-23 02:00:00,28.93300,28.99200,28.74700,28.77700
2026-02-23 03:00:00,28.77600,28.84800,28.68000,28.75700
2026-02-23 04:00:00,28.75700,28.96600,28.75300,28.88100
2026-02-23 05:00:00,28.88100,29.00400,28.83500,28.94800
2026-02-23 06:00:00,28.94700,29.02300,28.82400,28.98000
2026-02-23 07:00:00,28.97900,29.03800,28.84300,29.01500
2026-02-23 08:00:00,29.01600,29.04800,28.37500,28.47900
2026-02-23 09:00:00,28.48000,28.50300,27.51000,27.58700
2026-02-23 10:00:00,27.58700,27.80400,27.40100,27.51600
2026-02-23 11:00:00,27.51400,27.55300,26.84200,27.24500
2026-02-23 12:00:00,27.24500,27.28000,26.91800,27.17200
2026-02-23 13:00:00,27.17100,27.65000,27.13400,27.57400
2026-02-23 14:00:00,27.57300,27.87600,27.49700,27.79700
2026-02-23 15:00:00,27.79600,27.88800,27.62700,27.69900
2026-02-23 16:00:00,27.70000,27.71900,27.40900,27.55000
2026-02-23 17:00:00,27.55100,28.18400,27.55100,28.12900
2026-02-23 18:00:00,28.12800,28.23600,27.64000,27.70700
2026-02-23 19:00:00,27.70600,27.81800,27.56700,27.63100
2026-02-23 20:00:00,27.63100,27.69300,27.33500,27.65200
2026-02-23 21:00:00,27.65200,27.69000,27.01800,27.12100
2026-02-23 22:00:00,27.12200,27.12900,26.46500,26.63100
2026-02-23 23:00:00,26.63200,26.81700,26.35100,26.57000
2026-02-24 00:00:00,26.56900,26.74900,26.20500,26.41300
2026-02-24 01:00:00,26.41600,26.44000,25.61300,26.12300
2026-02-24 02:00:00,26.12200,26.46900,25.91400,26.42800
2026-02-24 03:00:00,26.42700,26.51800,26.16500,26.29300
2026-02-24 04:00:00,26.29300,26.54300,26.25200,26.42800
2026-02-24 05:00:00,26.42700,26.60900,26.38000,26.42000
2026-02-24 06:00:00,26.41900,26.65300,26.16300,26.16800
2026-02-24 07:00:00,26.16900,26.39400,26.09300,26.36800
2026-02-24 08:00:00,26.36900,26.54000,26.30700,26.49900
2026-02-24 09:00:00,26.49800,26.50300,25.84200,26.05400
2026-02-24 10:00:00,26.05600,26.17000,25.82900,25.84700
2026-02-24 11:00:00,25.84700,26.54400,25.62100,26.24600
2026-02-24 12:00:00,26.24600,26.26900,25.87700,26.19100
2026-02-24 13:00:00,26.19000,26.37400,26.13800,26.32300
2026-02-24 14:00:00,26.32200,26.32300,26.08800,26.24100
2026-02-24 15:00:00,26.24000,26.36100,26.14400,26.27400
2026-02-24 16:00:00,26.27500,26.58800,26.16400,26.46900
2026-02-24 17:00:00,26.46800,26.55500,26.21200,26.55000
2026-02-24 18:00:00,26.54900,26.62600,26.37300,26.56100
2026-02-24 19:00:00,26.56100,26.67400,26.34100,26.47200
2026-02-24 20:00:00,26.47000,26.52000,26.35400,26.36700
2026-02-24 21:00:00,26.36700,26.57800,26.07900,26.51400
2026-02-24 22:00:00,26.51300,27.05200,26.35700,26.78300
2026-02-24 23:00:00,26.78300,26.87500,26.37900,26.77200
2026-02-25 00:00:00,26.77100,27.20000,26.73900,27.15500
2026-02-25 01:00:00,27.15500,27.29300,26.81000,26.84900
2026-02-25 02:00:00,26.84800,27.08500,26.84500,26.91600
2026-02-25 03:00:00,26.91500,27.25700,26.89600,27.21000
2026-02-25 04:00:00,27.21000,27.35700,27.09500,27.21600
2026-02-25 05:00:00,27.21800,27.26700,26.94900,27.14200
2026-02-25 06:00:00,27.14200,27.30200,27.05000,27.20900
2026-02-25 07:00:00,27.20900,27.42100,26.98900,27.08000
2026-02-25 08:00:00,27.08000,27.41400,27.06500,27.39700
2026-02-25 09:00:00,27.39800,27.98400,27.38200,27.55500
2026-02-25 10:00:00,27.55500,27.79100,27.43600,27.51000
2026-02-25 11:00:00,27.51100,27.57600,26.95800,27.04500
2026-02-25 12:00:00,27.04400,27.28100,26.85100,27.23800
2026-02-25 13:00:00,27.23800,27.26500,26.73900,26.91000
2026-02-25 14:00:00,26.91000,27.01700,26.80500,26.90100
2026-02-25 15:00:00,26.90100,26.97700,26.79600,26.90400
2026-02-25 16:00:00,26.90400,27.09000,26.82900,27.00700
2026-02-25 17:00:00,27.00600,27.00600,26.74800,26.78100
2026-02-25 18:00:00,26.78100,26.98100,26.76000,26.89300
2026-02-25 19:00:00,26.89200,27.18200,26.82100,27.17500
2026-02-25 20:00:00,27.17400,27.64600,27.01800,27.58900
2026-02-25 21:00:00,27.58800,27.73200,27.32300,27.65900
2026-02-25 22:00:00,27.66000,28.51500,27.64500,28.28000
2026-02-25 23:00:00,28.28000,28.29900,27.80000,27.97200
2026-02-26 00:00:00,27.97100,28.68500,27.89800,28.53500
2026-02-26 01:00:00,28.53500,28.77700,28.27600,28.66600
2026-02-26 02:00:00,28.66600,29.05700,28.61300,28.77800
2026-02-26 03:00:00,28.77900,28.85600,28.62100,28.77500
2026-02-26 04:00:00,28.77500,28.83800,28.52200,28.78800
2026-02-26 05:00:00,28.78600,28.99400,28.32400,28.69800
2026-02-26 06:00:00,28.69800,28.88600,28.20600,28.38300
2026-02-26 07:00:00,28.38200,28.43400,27.59300,27.88400
2026-02-26 08:00:00,27.88300,28.51600,27.76500,28.30100
2026-02-26 09:00:00,28.30200,28.64000,28.09000,28.11700
2026-02-26 10:00:00,28.11800,28.12300,27.71900,28.00900
2026-02-26 11:00:00,28.01000,28.09800,27.87800,28.02900
2026-02-26 12:00:00,28.03000,28.37000,28.00100,28.21900
2026-02-26 13:00:00,28.21900,28.31100,27.99700,28.20400
2026-02-26 14:00:00,28.20400,28.43600,28.11200,28.18100
2026-02-26 15:00:00,28.18100,28.57400,28.14800,28.23700
2026-02-26 16:00:00,28.23700,28.36000,28.07700,28.25800
2026-02-26 17:00:00,28.25800,29.38800,28.17500,29.21700
2026-02-26 18:00:00,29.21700,29.32500,28.82400,28.92800
2026-02-26 19:00:00,28.92800,28.99700,28.34800,28.44100
2026-02-26 20:00:00,28.44100,28.82700,28.35000,28.77200
2026-02-26 21:00:00,28.77200,29.05600,28.72800,28.99100
2026-02-26 22:00:00,28.99100,29.41400,28.65800,29.33300
2026-02-26 23:00:00,29.33200,29.34600,28.12100,28.44500
2026-02-27 00:00:00,28.44500,28.61300,28.11200,28.27100
2026-02-27 01:00:00,28.27300,28.45500,27.84900,28.00800
2026-02-27 02:00:00,28.00700,28.31100,27.82200,28.22300
2026-02-27 03:00:00,28.22300,28.73500,28.18400,28.50600
2026-02-27 04:00:00,28.50600,28.71200,28.23600,28.28700
2026-02-27 05:00:00,28.28500,28.36300,28.12100,28.17500
2026-02-27 06:00:00,28.17500,28.42000,28.08900,28.40400
2026-02-27 07:00:00,28.40500,28.44900,28.10100,28.10800
2026-02-27 08:00:00,28.10700,28.20200,27.86900,28.17700
2026-02-27 09:00:00,28.17800,28.25200,28.04600,28.23500
2026-02-27 10:00:00,28.23500,28.62100,28.22600,28.48400
2026-02-27 11:00:00,28.48400,28.84600,28.39200,28.82800
2026-02-27 12:00:00,28.82900,29.61800,28.78200,29.13500
2026-02-27 13:00:00,29.13400,29.20500,28.91200,29.07800
2026-02-27 14:00:00,29.07800,29.15900,28.76900,29.06400
2026-02-27 15:00:00,29.06400,29.43700,28.98700,29.28800
2026-02-27 16:00:00,29.28800,29.66300,29.28800,29.49800
2026-02-27 17:00:00,29.49900,29.94700,29.23100,29.44800
2026-02-27 18:00:00,29.44700,29.56000,28.95100,28.97400
2026-02-27 19:00:00,28.97500,29.10700,28.25400,28.31500
2026-02-27 20:00:00,28.31400,28.32300,27.84100,28.10200
2026-02-27 21:00:00,28.10200,28.23700,27.80700,28.09900
2026-02-27 22:00:00,28.09800,28.41700,27.91000,28.06200
2026-02-27 23:00:00,28.06100,28.33000,28.01100,28.16400
2026-02-28 00:00:00,28.16400,28.17900,27.30400,27.32100
2026-02-28 01:00:00,27.32100,27.49400,27.15800,27.45900
2026-02-28 02:00:00,27.45800,27.54600,27.12900,27.20800
2026-02-28 03:00:00,27.20800,27.22300,26.83400,27.08700
2026-02-28 04:00:00,27.08800,27.42300,27.06300,27.35500
2026-02-28 05:00:00,27.35600,27.40600,27.05300,27.09100
2026-02-28 06:00:00,27.09100,27.13100,26.72900,27.08800
2026-02-28 07:00:00,27.08900,27.33300,27.08900,27.27900
2026-02-28 08:00:00,27.28000,27.55800,27.21700,27.48000
2026-02-28 09:00:00,27.47900,27.51800,27.07200,27.07400
2026-02-28 10:00:00,27.07400,27.13100,26.78000,26.95100
2026-02-28 11:00:00,26.95200,27.08000,26.82100,26.87800
2026-02-28 12:00:00,26.87800,27.05000,26.80400,26.97500
2026-02-28 13:00:00,26.97600,27.02600,26.84800,26.90800
2026-02-28 14:00:00,26.90600,26.94900,26.07500,26.21200
2026-02-28 15:00:00,26.21300,26.90600,26.10300,26.62500
2026-02-28 16:00:00,26.62400,26.95900,26.53900,26.78800
2026-02-28 17:00:00,26.78700,27.35000,26.78000,27.26000
2026-02-28 18:00:00,27.25900,27.54300,26.90100,27.36300
2026-02-28 19:00:00,27.36300,27.70600,27.15700,27.26100
2026-02-28 20:00:00,27.26200,27.54300,27.24300,27.33100
2026-02-28 21:00:00,27.33200,27.72900,27.10900,27.60600
2026-02-28 22:00:00,27.60600,27.98400,27.36800,27.82800
2026-02-28 23:00:00,27.82700,28.22000,27.75500,28.16300
2026-03-01 00:00:00,28.16300,28.59500,28.00400,28.55000
2026-03-01 01:00:00,28.55100,29.50900,28.52100,29.40900
2026-03-01 02:00:00,29.41000,29.68800,29.08700,29.36800
2026-03-01 03:00:00,29.36700,29.68100,29.03200,29.48400
2026-03-01 04:00:00,29.48500,30.51700,29.37300,30.29600
2026-03-01 05:00:00,30.29600,30.75000,30.01200,30.54800
2026-03-01 06:00:00,30.54900,31.03400,30.43400,30.71400
2026-03-01 07:00:00,30.70800,31.40000,30.70700,31.20400
2026-03-01 08:00:00,31.20400,31.30000,30.50200,30.63500
2026-03-01 09:00:00,30.63400,30.83700,30.16100,30.81300
2026-03-01 10:00:00,30.81400,31.26800,30.72300,30.98200
2026-03-01 11:00:00,30.98100,31.17200,30.60400,30.89000
2026-03-01 12:00:00,30.89200,31.08600,30.63100,30.88400
2026-03-01 13:00:00,30.88400,31.53700,30.80100,31.17000
2026-03-01 14:00:00,31.17000,31.21800,30.72000,30.95700
2026-03-01 15:00:00,30.95700,31.22300,30.83200,30.91500
2026-03-01 16:00:00,30.91600,31.10400,30.41900,30.50900
2026-03-01 17:00:00,30.51100,30.96100,30.45600,30.72000
2026-03-01 18:00:00,30.71900,31.03700,30.49200,30.98600
2026-03-01 19:00:00,30.98500,31.20000,30.81600,31.03600
2026-03-01 20:00:00,31.03500,31.10400,30.59200,30.68300
2026-03-01 21:00:00,30.68300,31.28600,30.60100,30.99300
2026-03-01 22:00:00,30.99300,31.08300,30.72500,30.89400
2026-03-01 23:00:00,30.89400,31.61300,30.85200,31.39200
2026-03-02 00:00:00,31.39300,31.85200,30.88100,30.97900
2026-03-02 01:00:00,30.98000,31.24500,30.72100,31.03800
2026-03-02 02:00:00,31.03800,31.83200,30.99600,31.67200
2026-03-02 03:00:00,31.67200,31.91500,31.45600,31.57500
2026-03-02 04:00:00,31.57600,31.74000,31.20000,31.43400
2026-03-02 05:00:00,31.43300,31.78900,31.25400,31.76300
2026-03-02 06:00:00,31.76300,31.99500,31.39600,31.39700
2026-03-02 07:00:00,31.39700,32.32700,31.36000,31.53000
2026-03-02 08:00:00,31.53000,32.76400,31.49100,32.42800
2026-03-02 09:00:00,32.42800,32.69500,31.91500,32.23600
2026-03-02 10:00:00,32.23700,32.34000,31.67900,31.86600
2026-03-02 11:00:00,31.86800,32.19900,31.61300,32.02700
2026-03-02 12:00:00,32.02700,32.06900,31.31300,31.39300
2026-03-02 13:00:00,31.39200,31.41400,30.80000,30.99100
2026-03-02 14:00:00,30.99000,31.00500,30.25700,30.34500
2026-03-02 15:00:00,30.34300,30.52000,29.91600,30.31700
2026-03-02 16:00:00,30.31800,30.78000,30.20000,30.62800
2026-03-02 17:00:00,30.62900,30.73200,30.30700,30.39800
2026-03-02 18:00:00,30.39800,30.51400,30.18100,30.48300
2026-03-02 19:00:00,30.48400,30.73500,30.42600,30.68800
2026-03-02 20:00:00,30.68700,30.77000,30.34200,30.53100
2026-03-02 21:00:00,30.53200,31.02300,30.36200,30.65600
2026-03-02 22:00:00,30.65700,32.02200,30.57100,31.69700
2026-03-02 23:00:00,31.69700,32.52800,31.66200,32.15900
2026-03-03 00:00:00,32.16000,33.69000,31.98300,33.16200
2026-03-03 01:00:00,33.16100,33.26600,32.47000,32.77600
2026-03-03 02:00:00,32.77600,32.78100,32.32800,32.35800
2026-03-03 03:00:00,32.36300,32.49600,31.93000,32.42900
2026-03-03 04:00:00,32.42900,32.71000,31.91500,32.57600
2026-03-03 05:00:00,32.57500,32.75100,32.31200,32.55100
2026-03-03 06:00:00,32.55200,33.24900,32.52600,33.06400
2026-03-03 07:00:00,33.06400,33.22200,32.57300,32.80900
2026-03-03 08:00:00,32.80800,32.93900,32.25200,32.45500
2026-03-03 09:00:00,32.45500,32.93000,32.29000,32.79100
2026-03-03 10:00:00,32.79300,33.06300,32.60700,32.77900
2026-03-03 11:00:00,32.78100,33.28900,32.78100,32.96900
2026-03-03 12:00:00,32.96900,33.21500,32.87700,33.00700
2026-03-03 13:00:00,33.00600,33.54500,32.64900,32.69000
2026-03-03 14:00:00,32.69000,32.99800,32.45100,32.61000
2026-03-03 15:00:00,32.60900,33.12200,32.30800,33.02200
2026-03-03 16:00:00,33.02000,33.04400,31.63800,31.75400
2026-03-03 17:00:00,31.75400,31.98200,31.60600,31.64800
2026-03-03 18:00:00,31.64900,32.04100,31.54000,31.90000
2026-03-03 19:00:00,31.89900,32.06200,31.75100,31.92000
2026-03-03 20:00:00,31.92000,32.40500,31.54900,31.73400
2026-03-03 21:00:00,31.73500,31.75800,31.24000,31.32300
2026-03-03 22:00:00,31.32300,31.61200,31.00000,31.17500
2026-03-03 23:00:00,31.17500,31.97800,31.08900,31.88900
2026-03-04 00:00:00,31.88500,32.85600,31.73600,32.16700
2026-03-04 01:00:00,32.16700,32.21200,31.66500,32.12800
2026-03-04 02:00:00,32.12800,32.37700,31.83500,32.16100
2026-03-04 03:00:00,32.16100,32.25800,31.69900,31.77200
2026-03-04 04:00:00,31.77500,31.89700,31.25800,31.41100
2026-03-04 05:00:00,31.41100,31.42000,30.84200,30.85700
2026-03-04 06:00:00,30.85700,31.52700,30.80000,31.46600
2026-03-04 07:00:00,31.46700,31.71100,31.22800,31.28800
2026-03-04 08:00:00,31.28900,31.43900,31.04400,31.25600
2026-03-04 09:00:00,31.25600,31.64800,31.09300,31.24700
2026-03-04 10:00:00,31.24700,31.28900,30.90000,31.16500
2026-03-04 11:00:00,31.16300,31.27400,30.71200,30.96900
2026-03-04 12:00:00,30.96900,31.08200,30.76800,30.97200
2026-03-04 13:00:00,30.97200,31.29200,30.91500,31.21800
2026-03-04 14:00:00,31.21700,31.45000,31.05500,31.35400
2026-03-04 15:00:00,31.35400,32.22700,31.27600,32.18000
2026-03-04 16:00:00,32.17700,32.60300,31.74800,32.49400
2026-03-04 17:00:00,32.49300,32.97900,32.34400,32.80300
2026-03-04 18:00:00,32.80300,32.99400,32.21700,32.42000
2026-03-04 19:00:00,32.42000,32.74200,32.33800,32.54300
2026-03-04 20:00:00,32.54200,32.59800,32.11200,32.36800
2026-03-04 21:00:00,32.36800,32.71000,32.29600,32.59400
2026-03-04 22:00:00,32.59300,32.97700,32.41000,32.60500
2026-03-04 23:00:00,32.60400,33.19900,32.59300,33.11300
2026-03-05 00:00:00,33.11000,33.20700,32.43200,32.73500
2026-03-05 01:00:00,32.73100,32.83200,32.00000,32.15200
2026-03-05 02:00:00,32.15100,32.36900,32.02600,32.33500
2026-03-05 03:00:00,32.33600,32.86200,32.30000,32.41800
2026-03-05 04:00:00,32.41500,32.52000,31.70000,31.72000
2026-03-05 05:00:00,31.72000,31.94900,31.35700,31.90600
2026-03-05 06:00:00,31.90800,31.97900,31.67700,31.82500
2026-03-05 07:00:00,31.82500,32.39000,31.80600,32.14500
2026-03-05 08:00:00,32.14500,32.22300,31.84000,31.94500
2026-03-05 09:00:00,31.94500,32.08300,31.31200,31.48500
2026-03-05 10:00:00,31.48500,31.71900,31.28600,31.49600
2026-03-05 11:00:00,31.49600,31.63800,31.39900,31.48400
2026-03-05 12:00:00,31.48300,31.71000,31.47000,31.63200
2026-03-05 13:00:00,31.63200,31.83500,31.47300,31.51600
2026-03-05 14:00:00,31.51600,31.77400,31.34000,31.74400
2026-03-05 15:00:00,31.74300,31.85900,31.45200,31.53800
2026-03-05 16:00:00,31.53900,31.84700,31.51600,31.84700
2026-03-05 17:00:00,31.84600,32.13000,31.50900,31.63500
2026-03-05 18:00:00,31.63600,32.29000,31.55200,32.02900
2026-03-05 19:00:00,32.02800,32.05700,31.63000,31.79500
2026-03-05 20:00:00,31.79600,32.07300,31.69800,31.91500
2026-03-05 21:00:00,31.91500,31.93500,31.33900,31.36100
2026-03-05 22:00:00,31.36100,31.90500,31.21800,31.87300
2026-03-05 23:00:00,31.87400,31.89800,30.92300,31.28700
2026-03-06 00:00:00,31.28700,31.29000,30.92000,31.02800
2026-03-06 01:00:00,31.02900,31.14300,30.35900,30.44900
2026-03-06 02:00:00,30.44800,30.68800,30.41700,30.57500
2026-03-06 03:00:00,30.57500,30.81300,30.23100,30.37000
2026-03-06 04:00:00,30.37000,30.69200,30.37000,30.64000
2026-03-06 05:00:00,30.63900,30.95100,30.51800,30.59200
2026-03-06 06:00:00,30.59200,30.65700,30.42800,30.43600
2026-03-06 07:00:00,30.43600,30.68500,30.42100,30.53500
2026-03-06 08:00:00,30.53600,30.64900,30.37700,30.64200
2026-03-06 09:00:00,30.64200,30.67300,30.33300,30.43800
2026-03-06 10:00:00,30.43900,30.73400,30.41000,30.63200
2026-03-06 11:00:00,30.63100,30.73600,30.44100,30.65300
2026-03-06 12:00:00,30.65200,30.75500,30.48600,30.65900
2026-03-06 13:00:00,30.66000,30.89900,30.62600,30.88300
2026-03-06 14:00:00,30.88300,31.03600,30.73000,30.98000
2026-03-06 15:00:00,30.98000,31.13500,30.79700,30.79700
2026-03-06 16:00:00,30.79700,30.88700,30.65400,30.73000
2026-03-06 17:00:00,30.73100,30.74500,30.16200,30.46600
2026-03-06 18:00:00,30.46700,30.61200,30.35300,30.47400
2026-03-06 19:00:00,30.47400,30.63100,30.32000,30.34900
2026-03-06 20:00:00,30.34900,30.61100,30.05200,30.43600
2026-03-06 21:00:00,30.43700,30.85700,30.17500,30.19700
2026-03-06 22:00:00,30.19500,30.23700,29.50900,29.61400
2026-03-06 23:00:00,29.61500,30.09900,29.61500,29.84200
2026-03-07 00:00:00,29.84300,30.03800,29.69300,29.80200
2026-03-07 01:00:00,29.80200,29.91000,29.43500,29.71300
2026-03-07 02:00:00,29.71400,29.98400,29.71300,29.90100
2026-03-07 03:00:00,29.90000,30.50000,29.89300,30.35600
2026-03-07 04:00:00,30.35600,31.19200,30.31400,31.04900
2026-03-07 05:00:00,31.04500,31.27100,30.91600,31.00600
2026-03-07 06:00:00,31.00700,31.17900,30.77000,31.14900
2026-03-07 07:00:00,31.14800,31.31800,30.97800,31.01900
2026-03-07 08:00:00,31.01800,31.06800,30.83300,30.88600
2026-03-07 09:00:00,30.88600,31.08000,30.80500,31.03400
2026-03-07 10:00:00,31.03400,31.09900,30.65900,30.74400
2026-03-07 11:00:00,30.74300,30.85000,30.59500,30.75900
2026-03-07 12:00:00,30.75900,30.77000,30.51300,30.57400
2026-03-07 13:00:00,30.57300,30.76200,30.49600,30.67800
2026-03-07 14:00:00,30.67900,30.69800,30.25000,30.33800
2026-03-07 15:00:00,30.33800,30.48700,30.26300,30.43400
2026-03-07 16:00:00,30.43400,30.58100,30.27600,30.30000
2026-03-07 17:00:00,30.30000,30.80000,30.26900,30.73600
2026-03-07 18:00:00,30.73500,30.76900,30.60000,30.70500
2026-03-07 19:00:00,30.70400,31.06400,30.64700,30.89400
2026-03-07 20:00:00,30.89400,30.90900,30.65500,30.71700
2026-03-07 21:00:00,30.71800,30.99200,30.70100,30.96800
2026-03-07 22:00:00,30.96800,31.10000,30.75400,31.01300
2026-03-07 23:00:00,31.01300,31.01600,30.59300,30.70600
2026-03-08 00:00:00,30.70600,30.85000,30.60000,30.77200
2026-03-08 01:00:00,30.77200,30.94500,30.71900,30.83600
2026-03-08 02:00:00,30.83500,30.83500,30.24600,30.44200
2026-03-08 03:00:00,30.44300,30.48500,29.78300,30.15200
2026-03-08 04:00:00,30.15100,30.30800,30.01500,30.13300
2026-03-08 05:00:00,30.13200,30.17300,29.86000,30.05500
2026-03-08 06:00:00,30.05600,30.16000,29.93800,30.10000
2026-03-08 07:00:00,30.09800,30.29200,30.05900,30.28800
2026-03-08 08:00:00,30.28800,30.35900,30.00300,30.11100
2026-03-08 09:00:00,30.11100,30.21800,30.00700,30.15700
2026-03-08 10:00:00,30.15700,30.27000,30.01300,30.13200
2026-03-08 11:00:00,30.13200,30.19200,30.04200,30.06600
2026-03-08 12:00:00,30.06600,30.20600,29.82100,29.92800
2026-03-08 13:00:00,29.92800,30.19000,29.92800,30.03600
2026-03-08 14:00:00,30.03500,30.08700,29.66700,29.81900
2026-03-08 15:00:00,29.81900,30.25000,29.80100,30.16500
2026-03-08 16:00:00,30.16400,30.33900,30.03000,30.28300
2026-03-08 17:00:00,30.28300,30.47500,30.25300,30.33100
2026-03-08 18:00:00,30.33200,30.65800,30.33200,30.46400
2026-03-08 19:00:00,30.46300,30.62500,30.27100,30.32000
2026-03-08 20:00:00,30.32100,30.40400,30.08100,30.25300
2026-03-08 21:00:00,30.25400,30.60100,30.05100,30.54400
2026-03-08 22:00:00,30.54400,30.73600,30.48400,30.67900
2026-03-08 23:00:00,30.67800,30.80000,30.35200,30.51700
2026-03-09 00:00:00,30.51700,30.68700,30.08000,30.15200
2026-03-09 01:00:00,30.15200,30.33300,30.10000,30.28400
2026-03-09 02:00:00,30.28300,30.31800,30.09100,30.19800
2026-03-09 03:00:00,30.19800,30.76400,30.12800,30.76400
2026-03-09 04:00:00,30.76300,31.27800,30.62500,30.76500
2026-03-09 05:00:00,30.76500,30.85500,30.44900,30.53100
2026-03-09 06:00:00,30.53200,30.62700,30.07900,30.58200
2026-03-09 07:00:00,30.58100,31.14400,30.52900,30.68500
2026-03-09 08:00:00,30.68500,31.41700,30.60900,30.66800
2026-03-09 09:00:00,30.66600,30.74500,30.34000,30.37700
2026-03-09 10:00:00,30.37700,30.58600,30.23700,30.55400
2026-03-09 11:00:00,30.55400,30.89100,30.43400,30.51400
2026-03-09 12:00:00,30.51400,30.95800,30.51300,30.68400
2026-03-09 13:00:00,30.68500,31.06200,30.65500,31.03000
2026-03-09 14:00:00,31.03000,31.07600,30.56400,30.57800
2026-03-09 15:00:00,30.57800,30.72500,30.38000,30.68300
2026-03-09 16:00:00,30.68400,30.99300,30.65800,30.97200
2026-03-09 17:00:00,30.97300,31.40900,30.94600,31.21100
2026-03-09 18:00:00,31.21100,31.34800,30.86600,30.93300
2026-03-09 19:00:00,30.93400,31.45700,30.83400,31.38800
2026-03-09 20:00:00,31.38900,31.99600,31.37000,31.77300
2026-03-09 21:00:00,31.77600,32.88500,31.74000,32.68100
2026-03-09 22:00:00,32.68100,33.47300,32.44300,32.97200
2026-03-09 23:00:00,32.97300,33.08600,32.20000,32.38200
2026-03-10 00:00:00,32.38200,34.38300,32.34900,34.13000
2026-03-10 01:00:00,34.13000,34.53400,33.73500,34.30500
2026-03-10 02:00:00,34.30600,34.53600,33.77700,33.96500
2026-03-10 03:00:00,33.96600,34.81500,33.96600,34.09500
2026-03-10 04:00:00,34.09400,34.41900,33.92000,34.36600
2026-03-10 05:00:00,34.36600,35.36400,34.34000,35.24900
2026-03-10 06:00:00,35.24800,35.32200,34.88100,35.06800
2026-03-10 07:00:00,35.06900,35.10700,34.58100,34.66100
2026-03-10 08:00:00,34.66000,34.75000,34.00200,34.38300
2026-03-10 09:00:00,34.38300,34.49000,33.97800,34.25200
2026-03-10 10:00:00,34.25400,34.50000,33.43500,34.25400
2026-03-10 11:00:00,34.25400,34.74800,34.12600,34.71700
2026-03-10 12:00:00,34.71700,34.85700,34.42400,34.52200
2026-03-10 13:00:00,34.52200,34.68900,33.94700,34.14600
2026-03-10 14:00:00,34.14500,34.17700,33.84500,34.06300
2026-03-10 15:00:00,34.06300,34.53800,33.99200,34.53600
2026-03-10 16:00:00,34.53600,35.20000,34.51100,34.87200
2026-03-10 17:00:00,34.87200,35.05000,34.68200,34.73800
2026-03-10 18:00:00,34.74300,34.82600,34.52800,34.65800
2026-03-10 19:00:00,34.65800,35.01700,34.57300,34.91400
2026-03-10 20:00:00,34.91400,35.02700,34.59800,34.88300
2026-03-10 21:00:00,34.88400,35.17100,34.23500,34.46800
2026-03-10 22:00:00,34.46800,34.93700,33.92300,34.74100
2026-03-10 23:00:00,34.74000,34.84600,34.23100,34.79000
2026-03-11 00:00:00,34.78800,34.86900,34.02800,34.22000
2026-03-11 01:00:00,34.21900,34.33800,33.87100,34.15600
2026-03-11 02:00:00,34.15700,34.20200,33.75100,33.88000
2026-03-11 03:00:00,33.88000,34.14200,33.63300,33.93600
2026-03-11 04:00:00,33.93500,34.10600,33.92400,34.05500
2026-03-11 05:00:00,34.05400,34.08500,33.57000,33.65400
2026-03-11 06:00:00,33.65400,34.06100,33.61700,34.02400
2026-03-11 07:00:00,34.02300,34.25600,33.99900,34.15100
2026-03-11 08:00:00,34.15100,34.49000,34.05400,34.39600
2026-03-11 09:00:00,34.39700,34.55400,34.24400,34.54300
2026-03-11 10:00:00,34.54300,34.86300,34.39600,34.53100
2026-03-11 11:00:00,34.53200,34.55400,34.21300,34.33700
2026-03-11 12:00:00,34.33700,34.87100,34.30700,34.84300
2026-03-11 13:00:00,34.84300,34.99500,34.40000,34.56800
2026-03-11 14:00:00,34.56900,34.89400,34.40300,34.60600
2026-03-11 15:00:00,34.60600,34.80000,34.32500,34.38400
2026-03-11 16:00:00,34.38400,34.51200,34.25100,34.44400
2026-03-11 17:00:00,34.44300,34.55000,34.26600,34.32200
2026-03-11 18:00:00,34.32100,34.70700,34.09800,34.57300
2026-03-11 19:00:00,34.57200,35.02000,34.47200,34.85700
2026-03-11 20:00:00,34.85700,35.75400,34.75200,35.52500
2026-03-11 21:00:00,35.52400,36.38000,35.40300,36.05000
2026-03-11 22:00:00,36.05100,37.00000,35.87200,36.73400
2026-03-11 23:00:00,36.73400,36.88300,35.98600,36.32100
2026-03-12 00:00:00,36.32000,36.58500,35.88800,36.44000
2026-03-12 01:00:00,36.44100,36.76500,36.02200,36.04400
2026-03-12 02:00:00,36.04800,36.52900,35.96100,36.38800
2026-03-12 03:00:00,36.38900,36.40600,36.01100,36.31400
2026-03-12 04:00:00,36.31300,36.32600,35.74800,36.22100
2026-03-12 05:00:00,36.22200,36.39500,35.99700,36.31900
2026-03-12 06:00:00,36.32000,36.58100,36.12700,36.16600
2026-03-12 07:00:00,36.16500,36.37300,36.08100,36.20600
2026-03-12 08:00:00,36.20500,36.78400,36.19900,36.74100
2026-03-12 09:00:00,36.74100,37.06900,36.20000,36.32400
2026-03-12 10:00:00,36.32500,36.43600,35.80400,35.93000
2026-03-12 11:00:00,35.93100,36.19400,35.77400,35.84400
2026-03-12 12:00:00,35.84200,36.09300,35.84100,35.97400
2026-03-12 13:00:00,35.97300,37.43500,35.91600,37.16900
2026-03-12 14:00:00,37.16800,37.46500,36.76500,36.97700
2026-03-12 15:00:00,36.97700,37.00000,36.47800,36.80300
2026-03-12 16:00:00,36.80200,37.37000,36.72700,37.33400
2026-03-12 17:00:00,37.33100,37.68800,37.06400,37.44500
2026-03-12 18:00:00,37.44600,38.04600,37.44500,37.64600
2026-03-12 19:00:00,37.64600,37.78900,37.27400,37.31100
2026-03-12 20:00:00,37.31100,37.68100,37.22700,37.57400
2026-03-12 21:00:00,37.57300,37.98800,37.38500,37.44300
2026-03-12 22:00:00,37.44300,37.50500,36.85400,37.17200
2026-03-12 23:00:00,37.17100,37.61900,36.98900,37.38800
2026-03-13 00:00:00,37.38900,37.69600,37.13400,37.55700
2026-03-13 01:00:00,37.55800,37.85100,37.42000,37.70200
2026-03-13 02:00:00,37.70300,37.72200,37.06100,37.09500
2026-03-13 03:00:00,37.09400,37.29700,36.96700,37.07500
2026-03-13 04:00:00,37.07600,37.12700,36.82400,37.07200
2026-03-13 05:00:00,37.07300,37.48700,37.07300,37.43800
2026-03-13 06:00:00,37.43800,37.44600,37.00800,37.21300
2026-03-13 07:00:00,37.21200,37.38200,37.16200,37.24800
2026-03-13 08:00:00,37.24800,37.96000,37.14500,37.48100
2026-03-13 09:00:00,37.48100,38.35500,37.35900,38.23800
2026-03-13 10:00:00,38.23900,38.30100,37.88500,37.95900
2026-03-13 11:00:00,37.96000,38.53400,37.92900,38.07200
2026-03-13 12:00:00,38.07200,38.22700,37.85000,38.03700
2026-03-13 13:00:00,38.03800,38.04600,37.55400,37.56700
2026-03-13 14:00:00,37.56800,37.79800,37.46600,37.50100
2026-03-13 15:00:00,37.50000,37.74400,37.27500,37.72600
2026-03-13 16:00:00,37.72600,37.74700,36.96200,36.97600
2026-03-13 17:00:00,36.97600,37.36500,36.91100,37.29400
2026-03-13 18:00:00,37.29000,37.44100,37.13900,37.24600
2026-03-13 19:00:00,37.24700,37.52900,37.00000,37.32500
2026-03-13 20:00:00,37.32500,37.57000,37.08700,37.52200
2026-03-13 21:00:00,37.52200,37.67000,37.36000,37.49600
2026-03-13 22:00:00,37.49500,37.64900,36.32300,36.40400
2026-03-13 23:00:00,36.40400,36.73400,36.10200,36.25300
2026-03-14 00:00:00,36.25400,36.44100,36.00000,36.27100
2026-03-14 01:00:00,36.27100,36.66600,36.16200,36.64900
2026-03-14 02:00:00,36.65000,36.80900,36.47000,36.55400
2026-03-14 03:00:00,36.55400,36.78500,36.32700,36.73400
2026-03-14 04:00:00,36.73500,36.94000,36.61200,36.77100
2026-03-14 05:00:00,36.77100,36.81600,36.41800,36.53200
2026-03-14 06:00:00,36.53100,36.56800,35.96700,36.37100
2026-03-14 07:00:00,36.37100,36.46500,36.22300,36.43000
2026-03-14 08:00:00,36.42800,36.66600,36.33600,36.61100
2026-03-14 09:00:00,36.61000,36.74300,36.41400,36.74000
2026-03-14 10:00:00,36.73900,36.87600,36.58900,36.84000
2026-03-14 11:00:00,36.83900,37.08000,36.83900,36.98200
2026-03-14 12:00:00,36.98200,37.40000,36.95700,37.16800
2026-03-14 13:00:00,37.16800,37.38600,37.00000,37.25400
2026-03-14 14:00:00,37.25500,37.26300,36.93200,37.19900
2026-03-14 15:00:00,37.19900,37.51800,37.15500,37.19900
2026-03-14 16:00:00,37.19800,37.21500,36.93200,37.04300
2026-03-14 17:00:00,37.04400,37.13600,36.80000,36.93200
2026-03-14 18:00:00,36.93200,37.04100,36.56300,36.62400
2026-03-14 19:00:00,36.62300,36.89400,36.60600,36.89400
2026-03-14 20:00:00,36.89400,37.88800,36.89300,37.73300
2026-03-14 21:00:00,37.73400,38.36800,37.60300,38.00000
2026-03-14 22:00:00,38.00100,38.11400,37.51100,37.53700
2026-03-14 23:00:00,37.53800,38.17800,37.51800,37.97700
2026-03-15 00:00:00,37.97600,38.84600,37.90100,38.33000
2026-03-15 01:00:00,38.32900,38.56700,38.02900,38.07000
2026-03-15 02:00:00,38.07100,38.18800,37.78400,37.96600
2026-03-15 03:00:00,37.96600,38.21800,37.93500,38.05000
2026-03-15 04:00:00,38.05000,38.05500,37.69100,37.76000
2026-03-15 05:00:00,37.76100,38.07900,37.65600,37.99800
2026-03-15 06:00:00,37.99700,38.27900,37.91500,38.00900
2026-03-15 07:00:00,38.00800,38.15600,37.78700,37.79300
2026-03-15 08:00:00,37.79300,37.91200,37.60500,37.77200
2026-03-15 09:00:00,37.77200,37.99400,37.57600,37.79900
2026-03-15 10:00:00,37.79800,38.04600,37.70200,38.04300
2026-03-15 11:00:00,38.04200,38.21900,37.91700,38.10000
2026-03-15 12:00:00,38.10000,38.27200,37.85100,37.94100
2026-03-15 13:00:00,37.93800,37.94200,37.50000,37.55700
2026-03-15 14:00:00,37.56000,37.75900,37.37300,37.66900
2026-03-15 15:00:00,37.66900,37.66900,37.41500,37.50000
2026-03-15 16:00:00,37.49900,37.59800,37.12600,37.31100
2026-03-15 17:00:00,37.31100,37.42000,37.09600,37.14900
2026-03-15 18:00:00,37.14900,37.35000,37.06900,37.32900
2026-03-15 19:00:00,37.32900,37.73800,37.26600,37.63800
2026-03-15 20:00:00,37.63800,37.64400,37.35300,37.42000
2026-03-15 21:00:00,37.42000,37.58400,37.17100,37.47800
2026-03-15 22:00:00,37.47800,37.54700,37.24200,37.42600
2026-03-15 23:00:00,37.42600,37.48200,37.24800,37.28100
2026-03-16 00:00:00,37.28100,37.31000,37.02900,37.10700
2026-03-16 01:00:00,37.10700,37.50500,37.08000,37.36100
2026-03-16 02:00:00,37.36100,37.39900,36.83400,36.85200
2026-03-16 03:00:00,36.85100,37.14600,36.77400,37.09300
2026-03-16 04:00:00,37.09200,37.17200,36.85800,36.94100
2026-03-16 05:00:00,36.94200,37.33300,36.85400,37.20500
2026-03-16 06:00:00,37.20500,37.58300,36.86600,37.50200
2026-03-16 07:00:00,37.50200,37.68400,37.09200,37.24200
2026-03-16 08:00:00,37.24200,37.66100,37.23500,37.61900
2026-03-16 09:00:00,37.61800,37.69200,37.20300,37.44800
2026-03-16 10:00:00,37.45000,37.85000,37.40300,37.50200
2026-03-16 11:00:00,37.49900,38.16400,37.40200,37.79300
2026-03-16 12:00:00,37.79400,38.23700,37.71800,38.08300
2026-03-16 13:00:00,38.08300,38.58900,38.00000,38.34000
2026-03-16 14:00:00,38.33900,38.61600,37.92600,38.45700
2026-03-16 15:00:00,38.45800,39.34300,38.45800,38.73700
2026-03-16 16:00:00,38.73800,39.36900,38.70100,39.14700
2026-03-16 17:00:00,39.14800,39.44000,38.99900,39.02400
2026-03-16 18:00:00,39.02400,39.23600,38.88100,39.14500
2026-03-16 19:00:00,39.14500,39.63000,39.00500,39.51300
2026-03-16 20:00:00,39.51400,39.69300,39.13600,39.47800
2026-03-16 21:00:00,39.47900,39.71600,39.14700,39.19800
2026-03-16 22:00:00,39.19800,39.26000,38.40100,38.68100
2026-03-16 23:00:00,38.68200,39.26000,38.58900,39.02900
2026-03-17 00:00:00,39.02800,39.35700,38.85700,38.98100
2026-03-17 01:00:00,38.98200,39.21300,38.62200,38.76500
2026-03-17 02:00:00,38.76600,39.28800,38.69800,38.95400
2026-03-17 03:00:00,38.95500,39.59700,38.83600,39.55200
2026-03-17 04:00:00,39.55200,40.84000,39.39100,40.41800
2026-03-17 05:00:00,40.41700,41.35100,40.33700,41.08500
2026-03-17 06:00:00,41.08600,41.44400,40.83100,41.11400
2026-03-17 07:00:00,41.11400,41.29900,40.59300,40.78400
2026-03-17 08:00:00,40.78300,41.23900,40.20700,40.44500
2026-03-17 09:00:00,40.43900,40.84400,40.21000,40.72400
2026-03-17 10:00:00,40.72400,40.75200,40.33600,40.41200
2026-03-17 11:00:00,40.41200,40.68100,40.00600,40.47900
2026-03-17 12:00:00,40.48000,40.63400,40.22200,40.46700
2026-03-17 13:00:00,40.46600,40.93000,40.33300,40.51000
2026-03-17 14:00:00,40.51100,41.56800,40.49600,41.04900
2026-03-17 15:00:00,41.05000,41.48400,41.01700,41.44700
2026-03-17 16:00:00,41.44800,41.52400,40.67100,40.94900
2026-03-17 17:00:00,40.94800,40.95100,40.41300,40.56000
2026-03-17 18:00:00,40.56000,41.05100,40.41400,40.90900
2026-03-17 19:00:00,40.91000,41.77400,40.72100,41.41800
2026-03-17 20:00:00,41.41600,41.64000,41.08100,41.19000
2026-03-17 21:00:00,41.19000,41.28100,40.60500,40.62700
2026-03-17 22:00:00,40.62600,40.89600,40.36500,40.43600
2026-03-17 23:00:00,40.43700,40.63700,39.59900,39.86600
2026-03-18 00:00:00,39.86600,40.38000,39.85600,40.23500
2026-03-18 01:00:00,40.23300,40.51800,40.19100,40.50000
2026-03-18 02:00:00,40.49800,41.24800,40.25800,41.16800
2026-03-18 03:00:00,41.16700,41.31500,40.94500,40.98100
2026-03-18 04:00:00,40.98200,41.93300,40.87500,41.89400
2026-03-18 05:00:00,41.89300,42.14900,41.69200,41.79600
2026-03-18 06:00:00,41.79900,41.89300,41.34600,41.39700
2026-03-18 07:00:00,41.39700,41.47600,41.07100,41.14600
2026-03-18 08:00:00,41.14700,41.41100,40.49300,41.11400
2026-03-18 09:00:00,41.11400,42.08000,41.08800,41.94200
2026-03-18 10:00:00,41.94100,42.28000,41.68200,41.71500
2026-03-18 11:00:00,41.71100,42.35400,41.64900,42.17200
2026-03-18 12:00:00,42.17200,42.26800,41.70100,41.81400
2026-03-18 13:00:00,41.81200,41.84400,41.31100,41.39400
2026-03-18 14:00:00,41.39300,42.14700,41.36600,41.92900
2026-03-18 15:00:00,41.92800,42.04400,41.57500,41.67400
2026-03-18 16:00:00,41.67400,42.02900,41.32600,41.41400
2026-03-18 17:00:00,41.41300,41.41600,41.02200,41.39600
2026-03-18 18:00:00,41.39600,41.55900,41.21100,41.45000
2026-03-18 19:00:00,41.44800,41.65400,40.86300,41.16000
2026-03-18 20:00:00,41.16100,41.27100,40.22400,40.53800
2026-03-18 21:00:00,40.54400,43.08600,40.13600,41.25700
2026-03-18 22:00:00,41.25700,41.49100,40.50500,41.06200
2026-03-18 23:00:00,41.06500,41.72300,40.82100,41.56400
2026-03-19 00:00:00,41.56400,42.62700,41.45500,42.57200
2026-03-19 01:00:00,42.56400,43.75300,42.44100,43.23000
2026-03-19 02:00:00,43.23200,43.71500,42.13400,42.44900
2026-03-19 03:00:00,42.44900,42.72800,41.73400,42.52900
2026-03-19 04:00:00,42.53000,42.92100,41.98400,42.59500
2026-03-19 05:00:00,42.59400,43.00400,42.36800,42.40400
2026-03-19 06:00:00,42.40700,42.42000,41.53800,41.84800
2026-03-19 07:00:00,41.84800,42.18300,41.66500,42.07900
2026-03-19 08:00:00,42.07900,42.22100,41.43000,41.44000
2026-03-19 09:00:00,41.44100,41.74600,41.07600,41.13100
2026-03-19 10:00:00,41.13200,41.45100,41.03600,41.29200
2026-03-19 11:00:00,41.29300,41.79000,41.10800,41.51200
2026-03-19 12:00:00,41.51200,41.58700,40.93700,40.98200
2026-03-19 13:00:00,40.98300,41.49600,40.96600,41.30200
2026-03-19 14:00:00,41.30300,41.60600,41.08000,41.13800
2026-03-19 15:00:00,41.14100,41.18100,40.01300,40.12200
2026-03-19 16:00:00,40.12300,40.27900,39.32300,39.66800
2026-03-19 17:00:00,39.66700,39.88700,39.04200,39.80900
2026-03-19 18:00:00,39.80900,40.03800,39.54000,39.58100
2026-03-19 19:00:00,39.57700,39.96700,39.37800,39.47200
2026-03-19 20:00:00,39.47200,39.47200,38.67800,38.85900
2026-03-19 21:00:00,38.86000,39.50300,38.58900,39.49900
2026-03-19 22:00:00,39.50000,39.54300,39.00100,39.47900
2026-03-19 23:00:00,39.47900,39.80000,38.82200,39.59000
2026-03-20 00:00:00,39.59100,39.80800,39.22600,39.35600
2026-03-20 01:00:00,39.35700,40.26900,39.07200,40.10400
2026-03-20 02:00:00,40.10500,40.23100,39.55600,39.99300
2026-03-20 03:00:00,39.99000,40.56700,39.64900,39.76900
2026-03-20 04:00:00,39.76900,40.05700,39.37200,39.46800
2026-03-20 05:00:00,39.47000,39.63600,39.07500,39.23200
2026-03-20 06:00:00,39.23200,39.60200,39.00900,39.38900
2026-03-20 07:00:00,39.39100,39.58500,39.08500,39.32900
2026-03-20 08:00:00,39.32800,40.00000,39.21900,39.97000
2026-03-20 09:00:00,39.97100,40.37200,39.70200,39.72300
2026-03-20 10:00:00,39.72200,40.02000,39.50900,39.63800
2026-03-20 11:00:00,39.63900,39.93700,39.37900,39.86400
2026-03-20 12:00:00,39.86500,40.10600,39.46300,39.58000
2026-03-20 13:00:00,39.58100,39.91100,39.37900,39.89900
2026-03-20 14:00:00,39.89900,39.89900,39.13100,39.38800
2026-03-20 15:00:00,39.38900,40.38700,39.15900,40.34300
2026-03-20 16:00:00,40.34400,40.75500,39.79200,39.86900
2026-03-20 17:00:00,39.86900,39.87500,39.20000,39.43900
2026-03-20 18:00:00,39.43900,39.75600,39.18700,39.47500
2026-03-20 19:00:00,39.47800,39.84100,39.31300,39.49200
2026-03-20 20:00:00,39.49100,39.63200,39.11700,39.45600
2026-03-20 21:00:00,39.45700,39.62700,38.95200,39.04900
2026-03-20 22:00:00,39.04900,39.43500,38.64400,38.77700
2026-03-20 23:00:00,38.77600,39.56000,38.77200,39.46500
2026-03-21 00:00:00,39.46500,39.91400,39.30500,39.41200
2026-03-21 01:00:00,39.41400,39.46600,38.90500,39.21600
2026-03-21 02:00:00,39.21500,39.31500,38.74200,38.98700
2026-03-21 03:00:00,38.98800,39.23000,38.34300,39.12000
2026-03-21 04:00:00,39.11900,39.69600,38.75000,39.15600
2026-03-21 05:00:00,39.15500,39.66400,38.89500,39.60700
2026-03-21 06:00:00,39.60600,40.14000,39.54800,40.02200
2026-03-21 07:00:00,40.02200,40.02600,39.43500,39.52800
2026-03-21 08:00:00,39.52800,39.74600,39.39000,39.45900
2026-03-21 09:00:00,39.45900,39.53000,39.28600,39.44500
2026-03-21 10:00:00,39.44500,39.78100,39.29600,39.72200
2026-03-21 11:00:00,39.72300,39.84000,39.54700,39.63200
2026-03-21 12:00:00,39.63100,39.80500,39.36200,39.49800
2026-03-21 13:00:00,39.49700,39.56700,39.18000,39.34000
2026-03-21 14:00:00,39.34000,39.52700,39.23800,39.38600
2026-03-21 15:00:00,39.38500,39.72500,39.38000,39.68800
2026-03-21 16:00:00,39.68900,39.69200,39.43200,39.50500
2026-03-21 17:00:00,39.50500,39.72000,39.47100,39.65100
2026-03-21 18:00:00,39.65100,39.75800,39.51800,39.73200
2026-03-21 19:00:00,39.73300,40.09800,39.72300,40.06700
2026-03-21 20:00:00,40.06800,40.18000,39.71300,39.78300
2026-03-21 21:00:00,39.78400,39.95900,39.67900,39.95400
2026-03-21 22:00:00,39.95500,40.15500,39.73900,39.79500
2026-03-21 23:00:00,39.79600,40.10000,39.76100,39.90800
2026-03-22 00:00:00,39.91600,40.34900,39.81000,40.00300
2026-03-22 01:00:00,40.00300,40.30700,39.90000,40.20400
2026-03-22 02:00:00,40.20400,40.44700,40.13900,40.26700
2026-03-22 03:00:00,40.26700,40.36600,40.12400,40.15200
2026-03-22 04:00:00,40.15100,40.26100,39.98300,40.21100
2026-03-22 05:00:00,40.21200,40.26700,40.00200,40.06200
2026-03-22 06:00:00,40.06000,40.08900,39.84800,39.85200
2026-03-22 07:00:00,39.85200,39.87500,38.91000,39.13500
2026-03-22 08:00:00,39.13400,39.50900,38.68000,39.31300
2026-03-22 09:00:00,39.31300,39.45300,38.59900,38.80300
2026-03-22 10:00:00,38.80300,39.12600,38.50800,39.03400
2026-03-22 11:00:00,39.03700,39.48000,39.00600,39.04700
2026-03-22 12:00:00,39.04700,39.24400,38.91900,38.99300
2026-03-22 13:00:00,38.99100,38.99600,38.41600,38.44100
2026-03-22 14:00:00,38.44200,38.45900,38.03400,38.42300
2026-03-22 15:00:00,38.42300,38.56900,38.18600,38.27400
2026-03-22 16:00:00,38.27400,38.30200,37.90000,38.25300
2026-03-22 17:00:00,38.25200,38.33900,37.95100,38.15500
2026-03-22 18:00:00,38.15600,38.18200,37.95100,38.00600
2026-03-22 19:00:00,38.00600,38.01700,37.40900,37.92600
2026-03-22 20:00:00,37.92700,38.42200,37.91100,38.24200
2026-03-22 21:00:00,38.24300,38.41400,38.10200,38.28100
2026-03-22 22:00:00,38.28200,38.39900,38.17100,38.22200
2026-03-22 23:00:00,38.22100,38.30700,37.97500,38.05800
2026-03-23 00:00:00,38.05800,38.19300,37.90800,38.03600
2026-03-23 01:00:00,38.03600,38.21800,37.95400,38.06700
2026-03-23 02:00:00,38.06700,38.18800,37.83700,38.06500
2026-03-23 03:00:00,38.06400,38.06500,37.85100,37.99900
2026-03-23 04:00:00,37.99800,38.33000,37.92000,37.96800
2026-03-23 05:00:00,37.96900,38.06100,37.55300,37.78000
2026-03-23 06:00:00,37.78000,38.53000,37.44100,38.42500
2026-03-23 07:00:00,38.42500,38.72100,38.26000,38.34200
2026-03-23 08:00:00,38.34200,38.44100,37.58300,37.60500
2026-03-23 09:00:00,37.60400,38.13100,37.50900,37.99100
2026-03-23 10:00:00,37.99000,38.40200,37.79900,38.15600
2026-03-23 11:00:00,38.15600,38.37600,38.00800,38.02200
2026-03-23 12:00:00,38.02200,38.25000,37.98200,38.21700
2026-03-23 13:00:00,38.21600,38.44300,38.00000,38.23700
2026-03-23 14:00:00,38.23800,38.24200,37.49700,37.76100
2026-03-23 15:00:00,37.76200,37.79100,37.35200,37.47400
2026-03-23 16:00:00,37.47100,37.72100,37.16900,37.26700
2026-03-23 17:00:00,37.26700,37.35400,36.86300,36.99800
2026-03-23 18:00:00,36.99900,37.08800,36.75200,37.01000
2026-03-23 19:00:00,37.01100,39.58700,36.99500,37.55700
2026-03-23 20:00:00,37.55800,38.43400,37.13000,38.37500
2026-03-23 21:00:00,38.37600,38.94800,38.21300,38.92000
2026-03-23 22:00:00,38.92100,38.97900,37.97700,38.20500
2026-03-23 23:00:00,38.20800,38.33400,37.60600,37.67700
2026-03-24 00:00:00,37.67800,37.79600,37.32500,37.57500
2026-03-24 01:00:00,37.57500,38.20900,37.53500,38.20300
2026-03-24 02:00:00,38.20200,38.20800,37.62300,37.74000
2026-03-24 03:00:00,37.73900,38.08300,37.54600,37.92200
2026-03-24 04:00:00,37.92400,38.21700,37.72600,38.18900
2026-03-24 05:00:00,38.18800,38.20600,37.75600,37.84600
2026-03-24 06:00:00,37.84700,37.87500,37.41000,37.56100
2026-03-24 07:00:00,37.56100,37.57200,37.03100,37.34100
2026-03-24 08:00:00,37.34200,37.68900,37.23600,37.57800
2026-03-24 09:00:00,37.57700,37.66200,37.21900,37.35600
2026-03-24 10:00:00,37.35200,37.63900,37.25100,37.54200
2026-03-24 11:00:00,37.54100,37.86700,37.43100,37.86100
2026-03-24 12:00:00,37.86000,38.28500,37.85000,38.09400
2026-03-24 13:00:00,38.09400,38.15100,37.82900,37.85800
2026-03-24 14:00:00,37.85800,38.15300,37.77100,38.10200
2026-03-24 15:00:00,38.10100,38.55000,38.03600,38.53200
2026-03-24 16:00:00,38.53100,38.70600,38.17400,38.19700
2026-03-24 17:00:00,38.19700,38.61500,38.07400,38.53400
2026-03-24 18:00:00,38.53300,38.70300,38.25700,38.68700
2026-03-24 19:00:00,38.68600,38.83900,38.49000,38.59600
2026-03-24 20:00:00,38.59600,38.63400,38.36200,38.52800
2026-03-24 21:00:00,38.52800,38.89800,38.17700,38.47400
2026-03-24 22:00:00,38.47400,38.71700,37.94400,38.58600
2026-03-24 23:00:00,38.58300,39.84700,38.58300,39.38700
2026-03-25 00:00:00,39.38700,39.58800,38.95300,39.26000
2026-03-25 01:00:00,39.26200,39.37200,38.77800,39.04800
2026-03-25 02:00:00,39.04900,39.94900,38.96600,39.67300
2026-03-25 03:00:00,39.67300,39.85900,39.44000,39.69800
2026-03-25 04:00:00,39.69700,40.48500,39.68100,40.20900
2026-03-25 05:00:00,40.21000,40.41100,39.65000,39.71300
2026-03-25 06:00:00,39.71200,40.25900,39.70000,40.03200
2026-03-25 07:00:00,40.03100,40.43400,39.98000,40.32100
2026-03-25 08:00:00,40.32000,40.94700,40.27600,40.48500
2026-03-25 09:00:00,40.48400,40.74300,40.20600,40.22400
2026-03-25 10:00:00,40.22600,40.50000,40.06000,40.21700
2026-03-25 11:00:00,40.21600,40.47800,39.85800,40.28400
2026-03-25 12:00:00,40.28300,40.38600,40.13500,40.34500
2026-03-25 13:00:00,40.34700,40.45000,39.97700,40.11400
2026-03-25 14:00:00,40.11500,40.26500,40.00300,40.00400
2026-03-25 15:00:00,40.00600,40.35900,39.99500,40.26700
2026-03-25 16:00:00,40.27100,40.89200,40.26600,40.59700
2026-03-25 17:00:00,40.59400,40.80000,40.40400,40.60900
2026-03-25 18:00:00,40.61100,41.15600,40.59400,40.87400
2026-03-25 19:00:00,40.87400,41.58000,40.80700,41.34800
2026-03-25 20:00:00,41.34500,41.38800,40.70000,40.95800
2026-03-25 21:00:00,40.95800,41.23000,40.81200,40.90600
2026-03-25 22:00:00,40.90600,40.91600,40.10200,40.22000
2026-03-25 23:00:00,40.22100,40.51300,40.02200,40.27200
2026-03-26 00:00:00,40.27100,40.84100,40.26600,40.49900
2026-03-26 01:00:00,40.49900,40.64800,40.40300,40.46900
2026-03-26 02:00:00,40.46800,40.72100,40.36100,40.40700
2026-03-26 03:00:00,40.40600,40.53500,40.24900,40.47000
2026-03-26 04:00:00,40.47100,40.47800,39.66000,39.80100
2026-03-26 05:00:00,39.80100,40.10300,39.73900,40.05100
2026-03-26 06:00:00,40.05100,40.47500,40.03100,40.22700
2026-03-26 07:00:00,40.22700,40.46700,40.20000,40.30800
2026-03-26 08:00:00,40.30700,40.36000,39.83000,40.02500
2026-03-26 09:00:00,40.02500,40.25700,39.95300,40.04900
2026-03-26 10:00:00,40.04900,40.12500,39.47300,39.64000
2026-03-26 11:00:00,39.64000,39.64700,39.25900,39.43200
2026-03-26 12:00:00,39.43100,39.44400,39.08000,39.21200
2026-03-26 13:00:00,39.21200,39.37200,38.76100,38.90100
2026-03-26 14:00:00,38.90100,39.17800,38.72800,38.80000
2026-03-26 15:00:00,38.80000,39.12100,38.71200,39.01800
2026-03-26 16:00:00,39.01900,39.19800,38.91600,39.18000
2026-03-26 17:00:00,39.18100,39.48400,38.91800,39.14900
2026-03-26 18:00:00,39.14900,39.18400,38.88700,38.92900
2026-03-26 19:00:00,38.92900,39.11100,38.85300,39.07200
2026-03-26 20:00:00,39.07300,39.32400,39.05000,39.27000
2026-03-26 21:00:00,39.26900,39.79800,39.24000,39.52400
2026-03-26 22:00:00,39.52300,39.77300,39.35200,39.56700
2026-03-26 23:00:00,39.56400,39.63100,39.19100,39.20600
2026-03-27 00:00:00,39.20600,39.24100,38.80100,39.02600
2026-03-27 01:00:00,39.02600,39.23500,38.78200,38.80900
2026-03-27 02:00:00,38.80800,38.91000,38.34700,38.63300
2026-03-27 03:00:00,38.63300,38.70000,38.41000,38.44600
2026-03-27 04:00:00,38.44700,39.19400,38.27100,38.85100
2026-03-27 05:00:00,38.85000,39.21800,38.69000,39.00200
2026-03-27 06:00:00,39.00300,39.06500,38.80200,39.04800
2026-03-27 07:00:00,39.04800,39.14900,38.86500,39.14900
2026-03-27 08:00:00,39.14900,39.36000,38.87200,38.97700
2026-03-27 09:00:00,38.97800,39.02900,38.62300,38.86500
2026-03-27 10:00:00,38.86600,38.95600,38.66600,38.69500
2026-03-27 11:00:00,38.69400,38.72700,38.43300,38.62300
2026-03-27 12:00:00,38.62000,38.93600,38.49000,38.79500
2026-03-27 13:00:00,38.79300,38.96400,38.68800,38.82300
2026-03-27 14:00:00,38.82300,38.83600,38.55000,38.65900
2026-03-27 15:00:00,38.65900,39.40000,38.55000,39.31100
2026-03-27 16:00:00,39.31100,39.43000,38.57000,38.80900
2026-03-27 17:00:00,38.80800,38.92100,38.43600,38.79400
2026-03-27 18:00:00,38.79400,38.87300,37.95000,37.99200
2026-03-27 19:00:00,37.99200,38.41900,37.88100,38.30800
2026-03-27 20:00:00,38.30900,38.46800,38.02400,38.38200
2026-03-27 21:00:00,38.38200,38.59100,37.94700,38.05900
2026-03-27 22:00:00,38.05800,38.61100,38.03300,38.40100
2026-03-27 23:00:00,38.40100,38.98000,38.40000,38.64900
2026-03-28 00:00:00,38.64900,38.65900,38.29000,38.43300
2026-03-28 01:00:00,38.43400,38.74200,38.15500,38.16500
2026-03-28 02:00:00,38.16600,38.39600,38.10100,38.36800
2026-03-28 03:00:00,38.36600,38.82700,38.09800,38.72700
2026-03-28 04:00:00,38.72800,38.88800,38.34400,38.43000
2026-03-28 05:00:00,38.42900,38.62800,38.35900,38.58000
2026-03-28 06:00:00,38.58000,38.58400,38.23500,38.39800
2026-03-28 07:00:00,38.39800,38.67600,38.32900,38.65800
2026-03-28 08:00:00,38.65900,38.65900,37.97000,38.05800
2026-03-28 09:00:00,38.05900,38.27400,38.00100,38.22300
2026-03-28 10:00:00,38.22300,38.46400,38.17500,38.45000
2026-03-28 11:00:00,38.45000,38.58600,38.30700,38.52000
2026-03-28 12:00:00,38.52000,38.64600,38.40800,38.55500
2026-03-28 13:00:00,38.55500,38.68000,38.29800,38.52800
2026-03-28 14:00:00,38.52900,39.18400,38.49500,39.13300
2026-03-28 15:00:00,39.13400,39.38100,38.96100,39.36600
2026-03-28 16:00:00,39.36600,39.70700,39.33700,39.50000
2026-03-28 17:00:00,39.49900,39.63300,39.30200,39.44500
2026-03-28 18:00:00,39.44500,39.66500,39.14400,39.34900
2026-03-28 19:00:00,39.35000,39.55900,39.13300,39.51600
2026-03-28 20:00:00,39.51600,40.21100,39.41500,40.15100
2026-03-28 21:00:00,40.15100,40.18100,39.82800,39.89400
2026-03-28 22:00:00,39.89300,39.99800,39.80600,39.91900
2026-03-28 23:00:00,39.91800,40.29000,39.88300,40.22400
2026-03-29 00:00:00,40.22100,40.28100,39.80400,39.81700
2026-03-29 01:00:00,39.81800,39.87200,39.52900,39.76400
2026-03-29 02:00:00,39.76400,39.79500,39.63000,39.74700
2026-03-29 03:00:00,39.74700,40.07300,39.65600,39.90000
2026-03-29 04:00:00,39.89900,39.97000,39.82500,39.93500
2026-03-29 05:00:00,39.93400,39.95000,39.62000,39.67100
2026-03-29 06:00:00,39.67000,39.82800,39.61900,39.78700
2026-03-29 07:00:00,39.78700,39.87200,39.38000,39.46200
2026-03-29 08:00:00,39.46200,39.59900,39.36800,39.54300
2026-03-29 09:00:00,39.54200,39.66600,39.24000,39.47900
2026-03-29 10:00:00,39.48000,39.77100,39.42900,39.72900
2026-03-29 11:00:00,39.72900,39.98600,39.65400,39.93100
2026-03-29 12:00:00,39.93000,40.05600,39.75900,39.80600
2026-03-29 13:00:00,39.80600,39.86600,39.66200,39.81700
2026-03-29 14:00:00,39.81700,39.97600,39.78400,39.79100
2026-03-29 15:00:00,39.79000,39.79000,39.60900,39.68600
2026-03-29 16:00:00,39.68600,39.90000,39.64100,39.84000
2026-03-29 17:00:00,39.84000,39.87200,39.51000,39.57800
2026-03-29 18:00:00,39.57700,39.57700,39.21700,39.39300
2026-03-29 19:00:00,39.39400,39.64200,39.31800,39.32000
2026-03-29 20:00:00,39.32000,39.46900,39.12200,39.15000
2026-03-29 21:00:00,39.15600,39.24000,38.93600,39.10500
2026-03-29 22:00:00,39.10500,39.11800,38.75000,38.85200
2026-03-29 23:00:00,38.85200,39.06600,38.72900,38.99900
2026-03-30 00:00:00,38.99800,39.14300,38.84100,38.95700
2026-03-30 01:00:00,38.95700,39.02400,38.77900,38.80400
2026-03-30 02:00:00,38.80400,38.83200,38.62100,38.71400
2026-03-30 03:00:00,38.71500,38.81400,38.58000,38.59200
2026-03-30 04:00:00,38.59200,38.93300,38.55000,38.74100
2026-03-30 05:00:00,38.74100,38.81300,38.51800,38.61300
2026-03-30 06:00:00,38.61300,38.61300,37.72600,38.25100
2026-03-30 07:00:00,38.25100,38.46100,37.77100,37.83800
2026-03-30 08:00:00,37.83900,38.78200,37.58700,37.66400
2026-03-30 09:00:00,37.66400,38.11800,37.46400,38.00300
2026-03-30 10:00:00,38.00300,38.62900,38.00300,38.35300
2026-03-30 11:00:00,38.35400,38.52700,38.24600,38.27200
2026-03-30 12:00:00,38.27200,38.71100,38.25800,38.66700
2026-03-30 13:00:00,38.66700,38.79900,38.23900,38.28900
2026-03-30 14:00:00,38.29000,38.37300,38.12700,38.25700
2026-03-30 15:00:00,38.25800,38.56800,37.97500,38.43300
2026-03-30 16:00:00,38.43400,38.63000,38.04000,38.23700
2026-03-30 17:00:00,38.23700,38.24400,37.84400,37.98900
2026-03-30 18:00:00,37.98900,38.06900,37.87000,37.96500
2026-03-30 19:00:00,37.96600,38.24200,37.93600,38.05700
2026-03-30 20:00:00,38.05800,38.33200,38.02600,38.24100
2026-03-30 21:00:00,38.24200,38.55500,38.00600,38.02900
2026-03-30 22:00:00,38.02900,38.31700,37.71300,38.14600
2026-03-30 23:00:00,38.14500,38.33600,38.02500,38.26000
2026-03-31 00:00:00,38.25800,38.27300,37.76200,37.87100
2026-03-31 01:00:00,37.87100,37.93500,37.23900,37.31200
2026-03-31 02:00:00,37.31200,37.42300,37.07000,37.27900
2026-03-31 03:00:00,37.27900,37.29900,36.49100,37.09300
2026-03-31 04:00:00,37.09100,37.13900,36.76100,36.89200
2026-03-31 05:00:00,36.89200,37.27300,36.87500,37.07800
2026-03-31 06:00:00,37.07700,37.26600,37.00200,37.22100
2026-03-31 07:00:00,37.22000,37.22400,36.65300,36.83900
2026-03-31 08:00:00,36.84000,37.37800,36.63000,37.14400
2026-03-31 09:00:00,37.14500,37.64900,37.03800,37.42400
2026-03-31 10:00:00,37.42400,37.64800,37.34700,37.35900
2026-03-31 11:00:00,37.36000,37.36400,37.07000,37.31200
2026-03-31 12:00:00,37.31300,37.34700,36.99200,37.01800
2026-03-31 13:00:00,37.01800,37.26100,36.90300,37.17500
2026-03-31 14:00:00,37.17600,37.26200,37.08000,37.12100
2026-03-31 15:00:00,37.12000,37.12900,36.44000,36.73200
2026-03-31 16:00:00,36.73200,36.77100,36.15700,36.18200
2026-03-31 17:00:00,36.18200,36.32400,35.74000,35.88500
2026-03-31 18:00:00,35.88500,36.13200,35.75500,36.01100
2026-03-31 19:00:00,36.01200,36.07600,35.66200,35.80400
2026-03-31 20:00:00,35.80500,36.08100,35.73600,35.99400
2026-03-31 21:00:00,35.99400,36.60800,35.96600,36.58400
2026-03-31 22:00:00,36.58400,36.99100,35.87000,36.03700
2026-03-31 23:00:00,36.03900,36.36600,35.97100,35.99100
2026-04-01 00:00:00,35.99100,36.96800,35.98400,36.90500
2026-04-01 01:00:00,36.90400,37.33300,36.54100,36.64800
2026-04-01 02:00:00,36.64900,37.04600,36.55300,36.65400
2026-04-01 03:00:00,36.65300,36.74800,36.50000,36.60900
2026-04-01 04:00:00,36.60800,37.01800,36.59800,36.70000
2026-04-01 05:00:00,36.70100,36.70100,36.34200,36.42100
2026-04-01 06:00:00,36.42100,36.51500,36.17400,36.26800
2026-04-01 07:00:00,36.26900,36.69300,36.11600,36.59900
2026-04-01 08:00:00,36.59900,36.63400,36.36000,36.56800
2026-04-01 09:00:00,36.56900,36.66200,35.97300,36.03500
2026-04-01 10:00:00,36.03600,36.31200,36.03600,36.14300
2026-04-01 11:00:00,36.14400,36.51500,36.14400,36.43800
2026-04-01 12:00:00,36.43800,36.63600,36.34300,36.56000
2026-04-01 13:00:00,36.55900,37.27400,36.50200,37.08400
2026-04-01 14:00:00,37.08400,37.74300,36.92400,37.71200
2026-04-01 15:00:00,37.71300,37.81300,37.27100,37.37400
2026-04-01 16:00:00,37.37400,37.48700,36.97400,37.09100
2026-04-01 17:00:00,37.09100,37.19600,36.73700,37.01900
2026-04-01 18:00:00,37.01800,37.14000,36.86500,37.08400
2026-04-01 19:00:00,37.08400,37.36400,37.06800,37.23200
2026-04-01 20:00:00,37.23200,37.41600,37.01400,37.06400
2026-04-01 21:00:00,37.06500,37.12300,36.60800,36.71900
2026-04-01 22:00:00,36.71800,37.09000,36.62300,37.08200
2026-04-01 23:00:00,37.08400,37.46500,36.96300,37.39500
2026-04-02 00:00:00,37.39400,37.45100,36.49700,36.71400
2026-04-02 01:00:00,36.71400,37.01400,36.23800,36.41600
2026-04-02 02:00:00,36.41600,36.54200,36.08500,36.17500
2026-04-02 03:00:00,36.17500,36.29100,36.12000,36.16800
2026-04-02 04:00:00,36.16300,36.27100,36.02000,36.07900
2026-04-02 05:00:00,36.08000,36.29700,35.87100,36.16800
2026-04-02 06:00:00,36.16800,36.23500,35.85100,36.04100
2026-04-02 07:00:00,36.04100,36.07000,35.91500,36.02500
2026-04-02 08:00:00,36.02500,36.29500,35.97700,36.19100
2026-04-02 09:00:00,36.19100,36.24000,35.34300,35.40300
2026-04-02 10:00:00,35.40000,35.61600,35.16200,35.59900
2026-04-02 11:00:00,35.59900,35.61000,35.06300,35.20100
2026-04-02 12:00:00,35.20100,35.25400,34.96900,35.02800
2026-04-02 13:00:00,35.02700,35.31200,34.92200,35.24300
2026-04-02 14:00:00,35.24400,35.52100,35.11200,35.23500
2026-04-02 15:00:00,35.23500,35.25200,34.87500,35.08800
2026-04-02 16:00:00,35.08700,35.33000,34.98900,35.01900
2026-04-02 17:00:00,35.01900,35.11800,34.88600,35.05900
2026-04-02 18:00:00,35.05900,35.07600,34.73000,34.80200
2026-04-02 19:00:00,34.80200,34.92900,34.63200,34.79800
2026-04-02 20:00:00,34.80000,34.88100,34.66700,34.68100
2026-04-02 21:00:00,34.68200,34.82500,34.44400,34.66000
2026-04-02 22:00:00,34.65900,34.97400,34.50100,34.86700
2026-04-02 23:00:00,34.86600,34.89700,34.64800,34.87300
2026-04-03 00:00:00,34.87400,35.22600,34.85900,35.01400
2026-04-03 01:00:00,35.01200,35.22200,34.65200,34.66800
2026-04-03 02:00:00,34.66800,34.83700,34.57100,34.80000
2026-04-03 03:00:00,34.80000,34.97800,34.71200,34.91800
2026-04-03 04:00:00,34.91800,35.30000,34.83700,35.12800
2026-04-03 05:00:00,35.12800,35.21800,34.98900,35.10900
2026-04-03 06:00:00,35.10800,35.18500,35.03300,35.11400
2026-04-03 07:00:00,35.11400,35.36800,35.10400,35.18800
2026-04-03 08:00:00,35.18800,35.39700,35.08100,35.39100
2026-04-03 09:00:00,35.39100,35.53400,35.29200,35.53100
2026-04-03 10:00:00,35.53000,35.62500,35.37500,35.54900
2026-04-03 11:00:00,35.55000,35.59000,35.36900,35.42400
2026-04-03 12:00:00,35.42500,35.61000,35.40700,35.49300
2026-04-03 13:00:00,35.49300,35.65600,35.38900,35.40500
2026-04-03 14:00:00,35.40500,35.69900,35.35800,35.69900
2026-04-03 15:00:00,35.69900,35.89900,35.56800,35.81200
2026-04-03 16:00:00,35.81100,36.06300,35.79900,35.93100
2026-04-03 17:00:00,35.93000,36.06000,35.72000,35.95500
2026-04-03 18:00:00,35.95500,35.98800,35.63200,35.88900
2026-04-03 19:00:00,35.89000,35.97500,35.76700,35.94400
2026-04-03 20:00:00,35.94300,36.14400,35.63000,35.63800
2026-04-03 21:00:00,35.63800,35.68200,35.39400,35.59100
2026-04-03 22:00:00,35.59100,35.95400,35.51200,35.90300
2026-04-03 23:00:00,35.90300,36.03300,35.65100,35.78100
2026-04-04 00:00:00,35.78000,36.06900,35.69200,35.93900
2026-04-04 01:00:00,35.93900,35.98300,35.57600,35.65800
2026-04-04 02:00:00,35.65800,35.67900,35.49000,35.50800
2026-04-04 03:00:00,35.50900,35.77600,35.49800,35.76100
2026-04-04 04:00:00,35.76000,35.92400,35.70200,35.89200
2026-04-04 05:00:00,35.89100,35.93400,35.80100,35.84300
2026-04-04 06:00:00,35.84200,35.85000,35.62600,35.64000
2026-04-04 07:00:00,35.64000,35.66200,35.50700,35.60200
2026-04-04 08:00:00,35.60200,35.67500,35.50300,35.65000
2026-04-04 09:00:00,35.65100,35.70400,35.56900,35.67800
2026-04-04 10:00:00,35.67900,35.89500,35.61600,35.82100
2026-04-04 11:00:00,35.82200,35.95500,35.73900,35.85900
2026-04-04 12:00:00,35.85800,35.86100,35.71700,35.73100
2026-04-04 13:00:00,35.73100,35.86200,35.64000,35.65600
2026-04-04 14:00:00,35.65600,35.84000,35.59500,35.75800
2026-04-04 15:00:00,35.75800,35.79700,35.69400,35.73400
2026-04-04 16:00:00,35.73300,35.81000,35.61700,35.63300
2026-04-04 17:00:00,35.63300,35.69100,35.60600,35.66600
2026-04-04 18:00:00,35.66700,35.83300,35.61900,35.78500
2026-04-04 19:00:00,35.78500,35.83300,35.71200,35.80000
2026-04-04 20:00:00,35.80000,35.91200,35.72200,35.77100
2026-04-04 21:00:00,35.77000,35.78200,35.57500,35.64200
2026-04-04 22:00:00,35.64200,35.72800,35.50000,35.68400
2026-04-04 23:00:00,35.68400,35.89400,35.66000,35.88400
2026-04-05 00:00:00,35.88500,36.23100,35.88500,35.90200
2026-04-05 01:00:00,35.90100,36.07800,35.85800,36.07400
2026-04-05 02:00:00,36.07400,36.18200,35.91300,36.03000
2026-04-05 03:00:00,36.03000,36.16700,35.87100,35.95700
2026-04-05 04:00:00,35.95700,36.11900,35.92000,36.11800
2026-04-05 05:00:00,36.11800,36.37200,36.08900,36.33900
2026-04-05 06:00:00,36.33900,36.56000,36.23000,36.41100
2026-04-05 07:00:00,36.41200,36.55800,36.24800,36.36100
2026-04-05 08:00:00,36.36100,36.40600,36.02500,36.07200
2026-04-05 09:00:00,36.07400,36.23000,35.95800,35.99100
2026-04-05 10:00:00,35.99100,36.11800,35.90000,36.08900
2026-04-05 11:00:00,36.08900,36.13000,35.88800,35.92000
2026-04-05 12:00:00,35.92100,35.96800,35.80200,35.85200
2026-04-05 13:00:00,35.85200,35.89100,35.60100,35.65900
2026-04-05 14:00:00,35.65900,35.72300,35.43900,35.66200
2026-04-05 15:00:00,35.66300,35.78000,35.51100,35.64000
2026-04-05 16:00:00,35.63900,35.86800,35.63000,35.72900
2026-04-05 17:00:00,35.72800,35.83800,35.67700,35.80900
2026-04-05 18:00:00,35.81000,35.91300,35.71000,35.76200
2026-04-05 19:00:00,35.76200,35.79800,35.63200,35.64200
2026-04-05 20:00:00,35.64200,35.66400,35.11600,35.30000
2026-04-05 21:00:00,35.30100,35.44700,35.24600,35.42400
2026-04-05 22:00:00,35.42300,35.55900,35.33000,35.46300
2026-04-05 23:00:00,35.46400,35.81000,35.41200,35.54200
2026-04-06 00:00:00,35.54300,35.64200,35.43100,35.45200
2026-04-06 01:00:00,35.45200,35.60400,35.44200,35.59100
2026-04-06 02:00:00,35.59100,35.80600,35.48700,35.72800
2026-04-06 03:00:00,35.72900,35.83700,35.69000,35.83600
2026-04-06 04:00:00,35.83700,35.97800,35.80300,35.91500
2026-04-06 05:00:00,35.91400,35.98400,35.77900,35.88900
2026-04-06 06:00:00,35.88900,36.32300,35.68400,36.28900
2026-04-06 07:00:00,36.28900,37.00000,36.27000,36.84400
2026-04-06 08:00:00,36.84600,37.16100,36.54400,36.83500
2026-04-06 09:00:00,36.83500,37.06500,36.67300,37.01000
2026-04-06 10:00:00,37.01000,37.24500,36.63600,36.89700
2026-04-06 11:00:00,36.89600,37.13600,36.84700,37.11500
2026-04-06 12:00:00,37.11500,37.32300,36.80500,36.85900
2026-04-06 13:00:00,36.85900,37.01200,36.78000,36.99000
2026-04-06 14:00:00,36.99000,37.06300,36.74400,36.94700
2026-04-06 15:00:00,36.94800,37.15400,36.84100,37.13900
2026-04-06 16:00:00,37.13900,37.36700,37.04000,37.24100
2026-04-06 17:00:00,37.24100,37.58500,37.20300,37.30400
2026-04-06 18:00:00,37.30400,37.55500,37.30400,37.53500
2026-04-06 19:00:00,37.53400,37.53400,37.13500,37.21900
2026-04-06 20:00:00,37.21800,37.33300,36.96500,37.09700
2026-04-06 21:00:00,37.09700,37.29800,37.05100,37.22800
2026-04-06 22:00:00,37.22800,37.72100,37.06700,37.70100
2026-04-06 23:00:00,37.70200,37.71800,37.44700,37.66900
2026-04-07 00:00:00,37.66800,37.77000,37.18300,37.19300
2026-04-07 01:00:00,37.19300,37.21000,36.80300,36.92200
2026-04-07 02:00:00,36.92100,37.18000,36.85400,37.05700
2026-04-07 03:00:00,37.05600,37.36800,36.97400,37.30600
2026-04-07 04:00:00,37.30600,37.35200,37.12300,37.18500
2026-04-07 05:00:00,37.18500,37.20600,36.89700,36.93400
2026-04-07 06:00:00,36.93400,36.96700,36.15000,36.15600
2026-04-07 07:00:00,36.15700,36.36400,35.99100,36.28900
2026-04-07 08:00:00,36.28800,36.53400,36.23100,36.40900
2026-04-07 09:00:00,36.40800,36.54100,36.18700,36.25900
2026-04-07 10:00:00,36.25600,36.43200,36.06200,36.37000
2026-04-07 11:00:00,36.37000,36.45700,36.34700,36.39500
2026-04-07 12:00:00,36.39400,36.50200,36.28000,36.46300
2026-04-07 13:00:00,36.46200,36.46800,36.12400,36.19500
2026-04-07 14:00:00,36.19400,36.25100,36.06400,36.22100
2026-04-07 15:00:00,36.22100,36.29700,36.07300,36.19500
2026-04-07 16:00:00,36.19500,36.46900,36.19100,36.42300
2026-04-07 17:00:00,36.42400,36.94700,36.39000,36.91800
2026-04-07 18:00:00,36.91900,37.13200,36.24100,36.39200
2026-04-07 19:00:00,36.39200,36.43100,36.20000,36.38400
2026-04-07 20:00:00,36.38500,36.49300,35.92400,36.11400
2026-04-07 21:00:00,36.11200,36.31200,35.92500,35.93400
2026-04-07 22:00:00,35.93400,36.16500,35.74300,35.88500
2026-04-07 23:00:00,35.88600,36.20800,35.86000,36.04300
2026-04-08 00:00:00,36.04300,36.30000,36.02400,36.21200
2026-04-08 01:00:00,36.21300,36.68600,36.20500,36.45600
2026-04-08 02:00:00,36.45700,36.60000,36.33200,36.38000
2026-04-08 03:00:00,36.37900,37.17200,36.37400,37.16200
2026-04-08 04:00:00,37.16300,37.31100,36.92300,37.11800
2026-04-08 05:00:00,37.11800,37.89900,37.08900,37.79000
2026-04-08 06:00:00,37.79000,38.75600,37.71400,38.71700
2026-04-08 07:00:00,38.71800,39.17100,38.40900,38.60100
2026-04-08 08:00:00,38.60000,38.82700,38.24600,38.41400
2026-04-08 09:00:00,38.41500,38.44200,38.10600,38.25800
2026-04-08 10:00:00,38.25800,38.60800,38.20000,38.58900
2026-04-08 11:00:00,38.58900,38.65000,38.26300,38.28300
2026-04-08 12:00:00,38.28300,38.86000,38.24900,38.80600
2026-04-08 13:00:00,38.80700,39.25700,38.80700,39.08100
2026-04-08 14:00:00,39.07900,39.26600,38.95300,39.01300
2026-04-08 15:00:00,39.01300,39.42000,38.79100,39.37000
2026-04-08 16:00:00,39.37100,39.61200,39.26700,39.48800
2026-04-08 17:00:00,39.49000,39.70200,39.21300,39.47500
2026-04-08 18:00:00,39.47500,39.53500,39.15000,39.19700
2026-04-08 19:00:00,39.19600,39.43600,39.05500,39.26400
2026-04-08 20:00:00,39.26500,39.75900,39.07300,39.65700
2026-04-08 21:00:00,39.65800,39.79400,39.15800,39.22800
2026-04-08 22:00:00,39.22700,39.32200,38.48000,38.58800
2026-04-08 23:00:00,38.58800,38.90800,38.53600,38.84200
2026-04-09 00:00:00,38.84100,38.94000,38.42700,38.55400
2026-04-09 01:00:00,38.55400,38.90000,38.51200,38.62200
2026-04-09 02:00:00,38.62100,38.62100,37.75000,37.79400
2026-04-09 03:00:00,37.79400,38.10000,37.74000,38.06600
2026-04-09 04:00:00,38.06500,38.23200,37.91300,38.21900
2026-04-09 05:00:00,38.21800,39.70700,38.21400,39.53700
2026-04-09 06:00:00,39.53700,39.54600,38.71000,38.74300
2026-04-09 07:00:00,38.74300,38.90500,38.47000,38.73800
2026-04-09 08:00:00,38.73800,38.77700,38.17400,38.17800
2026-04-09 09:00:00,38.17900,38.46100,38.13500,38.41000
2026-04-09 10:00:00,38.40900,38.65900,38.26600,38.59400
2026-04-09 11:00:00,38.59500,38.67700,38.34100,38.66800
2026-04-09 12:00:00,38.66700,38.82600,38.38800,38.41000
2026-04-09 13:00:00,38.41100,38.66100,38.20100,38.61700
2026-04-09 14:00:00,38.61800,38.79300,38.47800,38.73800
2026-04-09 15:00:00,38.73800,38.93000,38.64000,38.72500
2026-04-09 16:00:00,38.72500,39.10700,38.69400,39.06400
2026-04-09 17:00:00,39.06500,39.26100,38.88100,39.14100
2026-04-09 18:00:00,39.14200,39.28300,39.00700,39.07400
2026-04-09 19:00:00,39.07400,39.08700,38.73800,38.81200
2026-04-09 20:00:00,38.81100,39.24100,38.80400,39.15700
2026-04-09 21:00:00,39.15700,39.23700,38.73100,38.91100
2026-04-09 22:00:00,38.91000,39.36100,38.77700,39.34000
2026-04-09 23:00:00,39.33800,39.82100,39.19500,39.55600
2026-04-10 00:00:00,39.55600,39.80000,39.35300,39.55000
2026-04-10 01:00:00,39.55000,40.17400,39.52800,40.09700
2026-04-10 02:00:00,40.10300,40.12800,39.64700,39.96700
2026-04-10 03:00:00,39.96600,40.29900,39.91700,40.02400
2026-04-10 04:00:00,40.02400,40.27900,39.82400,40.12100
2026-04-10 05:00:00,40.12000,40.26700,39.77300,39.94200
2026-04-10 06:00:00,39.93900,40.41500,39.51200,39.54500
2026-04-10 07:00:00,39.54500,39.66800,39.30100,39.45200
2026-04-10 08:00:00,39.45200,40.04500,39.41200,39.85000
2026-04-10 09:00:00,39.85300,40.74900,39.62200,40.55700
2026-04-10 10:00:00,40.55800,40.93800,40.14100,40.32000
2026-04-10 11:00:00,40.32100,40.41500,40.09800,40.13800
2026-04-10 12:00:00,40.13800,40.79100,40.13200,40.72500
2026-04-10 13:00:00,40.72300,40.72600,40.41000,40.48500
2026-04-10 14:00:00,40.48500,40.63200,40.07700,40.32800
2026-04-10 15:00:00,40.32900,40.48600,39.99400,40.02700
2026-04-10 16:00:00,40.02700,40.47000,40.02500,40.41400
2026-04-10 17:00:00,40.41400,41.14300,40.35700,40.95900
2026-04-10 18:00:00,40.95900,41.01000,40.81500,40.89100
2026-04-10 19:00:00,40.89100,41.17300,40.89100,41.10600
2026-04-10 20:00:00,41.10700,41.48000,40.99500,41.17000
2026-04-10 21:00:00,41.17000,41.68700,41.11600,41.50000
2026-04-10 22:00:00,41.50000,42.12800,41.48100,42.03200
2026-04-10 23:00:00,42.03100,42.24700,41.65700,41.70400
2026-04-11 00:00:00,41.70500,42.24000,41.70500,42.07500
2026-04-11 01:00:00,42.07400,42.21800,41.89500,42.18800
2026-04-11 02:00:00,42.18700,42.22100,41.89700,41.92600
2026-04-11 03:00:00,41.92600,42.02700,41.55700,41.66700
2026-04-11 04:00:00,41.66500,41.83300,41.37500,41.56000
2026-04-11 05:00:00,41.56000,41.71500,41.25300,41.60500
2026-04-11 06:00:00,41.60500,41.73600,41.40800,41.72300
2026-04-11 07:00:00,41.72300,41.72500,41.50000,41.57700
2026-04-11 08:00:00,41.57600,41.84700,41.45700,41.77700
2026-04-11 09:00:00,41.77700,42.11600,41.60400,42.04500
2026-04-11 10:00:00,42.04500,42.06200,41.70000,41.74100
2026-04-11 11:00:00,41.74100,41.87500,41.71000,41.81200
2026-04-11 12:00:00,41.81200,41.95900,41.63900,41.93600
2026-04-11 13:00:00,41.93600,41.94500,41.53700,41.78800
2026-04-11 14:00:00,41.78900,42.18600,41.75800,42.14100
2026-04-11 15:00:00,42.14100,42.68000,42.05200,42.50200
2026-04-11 16:00:00,42.50300,42.53000,42.20800,42.22500
2026-04-11 17:00:00,42.22500,42.57300,42.21000,42.45800
2026-04-11 18:00:00,42.45800,42.48000,42.08600,42.19900
2026-04-11 19:00:00,42.20000,42.44000,42.07900,42.37400
2026-04-11 20:00:00,42.37200,42.52800,42.25900,42.33400
2026-04-11 21:00:00,42.33400,42.35100,41.93600,42.13600
2026-04-11 22:00:00,42.13700,42.27100,41.75800,41.83100
2026-04-11 23:00:00,41.83100,42.02900,41.73400,41.86000
2026-04-12 00:00:00,41.86000,42.27800,41.84100,42.17200
2026-04-12 01:00:00,42.17100,42.54400,41.99400,42.54000
2026-04-12 02:00:00,42.54100,42.81100,42.27400,42.59000
2026-04-12 03:00:00,42.59000,43.17900,42.45700,42.98700
2026-04-12 04:00:00,42.98800,43.00000,42.47300,42.51800
2026-04-12 05:00:00,42.51700,42.62500,42.36600,42.51300
2026-04-12 06:00:00,42.51200,43.01800,42.23700,42.25600
2026-04-12 07:00:00,42.25600,42.35000,42.01400,42.24200
2026-04-12 08:00:00,42.24100,42.74500,42.19900,42.71300
2026-04-12 09:00:00,42.71400,42.81000,41.05000,41.08900
2026-04-12 10:00:00,41.08900,41.45100,40.93100,41.25600
2026-04-12 11:00:00,41.25700,41.29300,40.98600,41.03000
2026-04-12 12:00:00,41.02900,41.04700,40.62300,40.84400
2026-04-12 13:00:00,40.84400,41.11500,40.77800,40.93100
2026-04-12 14:00:00,40.93100,40.99900,40.63400,40.72100
2026-04-12 15:00:00,40.72100,40.84800,40.52500,40.73600
2026-04-12 16:00:00,40.73600,40.89900,40.71000,40.76900
2026-04-12 17:00:00,40.76900,40.93700,40.65900,40.89200
2026-04-12 18:00:00,40.89300,40.92200,40.46000,40.50200
2026-04-12 19:00:00,40.50300,40.62200,40.35000,40.38800
2026-04-12 20:00:00,40.38800,40.54000,40.24000,40.29000
2026-04-12 21:00:00,40.28900,40.55100,40.20000,40.23500
2026-04-12 22:00:00,40.23500,40.84000,40.17200,40.49900
2026-04-12 23:00:00,40.50000,40.87300,40.45800,40.80000
2026-04-13 00:00:00,40.79900,41.38000,40.77500,41.05700
2026-04-13 01:00:00,41.05700,41.20600,40.96000,41.14600
2026-04-13 02:00:00,41.14600,41.33000,40.90000,40.95600
2026-04-13 03:00:00,40.95600,41.14600,40.87600,41.07700
2026-04-13 04:00:00,41.07700,41.24900,40.91800,41.10600
2026-04-13 05:00:00,41.10700,41.18900,40.73400,40.83400
2026-04-13 06:00:00,40.83900,40.94400,40.43000,40.94400
2026-04-13 07:00:00,40.94300,40.94400,40.71700,40.82300
2026-04-13 08:00:00,40.82300,41.12600,40.77200,41.07500
2026-04-13 09:00:00,41.07500,41.99600,41.07200,41.88300
2026-04-13 10:00:00,41.88600,41.92100,41.55500,41.61300
2026-04-13 11:00:00,41.61400,41.79000,41.52700,41.53300
2026-04-13 12:00:00,41.53300,41.69000,41.26000,41.29300
2026-04-13 13:00:00,41.29300,41.32300,41.01600,41.13900
2026-04-13 14:00:00,41.13900,41.65200,41.12500,41.48900
2026-04-13 15:00:00,41.49000,41.52200,41.03900,41.22600
2026-04-13 16:00:00,41.22600,41.38500,41.07100,41.32800
2026-04-13 17:00:00,41.32900,41.76000,41.32800,41.59800
2026-04-13 18:00:00,41.59900,41.64500,41.39700,41.56100
2026-04-13 19:00:00,41.56200,41.85400,41.52900,41.82000
2026-04-13 20:00:00,41.82100,41.91200,41.50200,41.86400
2026-04-13 21:00:00,41.86500,42.68400,41.86500,42.68400
2026-04-13 22:00:00,42.68300,42.84500,42.18300,42.67700
2026-04-13 23:00:00,42.67600,42.68700,41.94000,42.42700
2026-04-14 00:00:00,42.42500,43.19700,42.15500,43.11600
2026-04-14 01:00:00,43.12100,43.58300,42.93700,43.24800
2026-04-14 02:00:00,43.24800,43.85000,43.18600,43.78600
2026-04-14 03:00:00,43.78500,43.99900,43.50000,43.58800
2026-04-14 04:00:00,43.58700,43.62400,43.07700,43.41300
2026-04-14 05:00:00,43.41400,43.80700,43.31900,43.46700
2026-04-14 06:00:00,43.46700,44.56800,43.46300,44.43200
2026-04-14 07:00:00,44.43400,44.51500,43.87300,44.27600
2026-04-14 08:00:00,44.27800,44.82900,44.10100,44.66800
2026-04-14 09:00:00,44.66700,44.91700,44.40500,44.78300
2026-04-14 10:00:00,44.78400,44.98000,44.51700,44.68100
2026-04-14 11:00:00,44.68100,44.74900,44.26400,44.63000
2026-04-14 12:00:00,44.63000,44.98000,44.41100,44.92600
2026-04-14 13:00:00,44.92700,44.98500,44.44200,44.77500
2026-04-14 14:00:00,44.77400,44.87900,44.62000,44.75300
2026-04-14 15:00:00,44.75300,44.82900,44.41700,44.48600
2026-04-14 16:00:00,44.48700,45.27300,44.34600,44.97000
2026-04-14 17:00:00,44.97100,45.08000,44.72500,44.85300
2026-04-14 18:00:00,44.85300,45.01000,44.76900,44.84600
2026-04-14 19:00:00,44.84500,45.00000,44.61300,44.77400
2026-04-14 20:00:00,44.77300,45.04300,44.67900,44.90800
2026-04-14 21:00:00,44.90700,45.15800,44.34400,44.42100
2026-04-14 22:00:00,44.42500,44.50000,43.57500,43.68100
2026-04-14 23:00:00,43.68100,43.91200,43.26800,43.48600
2026-04-15 00:00:00,43.48600,43.85300,43.13000,43.26700
2026-04-15 01:00:00,43.26600,43.43200,43.07000,43.39400
2026-04-15 02:00:00,43.39400,43.51600,43.03300,43.36300
2026-04-15 03:00:00,43.36000,43.67200,43.13800,43.34700
2026-04-15 04:00:00,43.34800,43.48000,43.03400,43.07500
2026-04-15 05:00:00,43.07400,43.26300,42.91000,43.23900
2026-04-15 06:00:00,43.24000,43.45200,43.21600,43.32800
2026-04-15 07:00:00,43.32800,43.51500,43.28400,43.49900
2026-04-15 08:00:00,43.49900,43.75300,43.40900,43.73400
2026-04-15 09:00:00,43.73400,44.25600,43.69800,44.21000
2026-04-15 10:00:00,44.21000,44.47900,43.95000,44.15600
2026-04-15 11:00:00,44.15600,44.17900,43.77500,43.94700
2026-04-15 12:00:00,43.94800,44.05800,43.52700,43.82700
2026-04-15 13:00:00,43.82900,43.92000,43.20900,43.29900
2026-04-15 14:00:00,43.29600,43.59300,43.20600,43.40400
2026-04-15 15:00:00,43.40200,43.51500,43.10800,43.33200
2026-04-15 16:00:00,43.33600,43.68100,43.21100,43.51000
2026-04-15 17:00:00,43.51000,43.78700,43.39200,43.76100
2026-04-15 18:00:00,43.76200,44.01200,43.46500,43.75500
2026-04-15 19:00:00,43.76300,44.21200,43.69300,44.18200
2026-04-15 20:00:00,44.18200,44.45900,44.15800,44.23400
2026-04-15 21:00:00,44.23500,44.61900,43.93200,44.22700
2026-04-15 22:00:00,44.22800,44.71600,44.17900,44.55600
2026-04-15 23:00:00,44.55800,44.70600,44.27300,44.55900
2026-04-16 00:00:00,44.55800,45.02900,44.38900,44.49200
2026-04-16 01:00:00,44.49200,44.64000,44.20500,44.30300
2026-04-16 02:00:00,44.30300,44.82700,44.18800,44.74700
2026-04-16 03:00:00,44.74600,45.43800,44.69800,44.83100
2026-04-16 04:00:00,44.83300,44.87400,44.25700,44.47500
2026-04-16 05:00:00,44.47400,44.89000,44.46300,44.76800
2026-04-16 06:00:00,44.76800,44.98600,44.61200,44.62100
2026-04-16 07:00:00,44.62100,44.70200,44.41800,44.61900
2026-04-16 08:00:00,44.61800,44.66600,44.34800,44.42400
2026-04-16 09:00:00,44.42700,44.51300,44.05000,44.47200
2026-04-16 10:00:00,44.47200,44.89500,44.34300,44.65900
2026-04-16 11:00:00,44.65800,45.20300,44.63000,44.81000
2026-04-16 12:00:00,44.81000,45.20000,44.77200,45.08100
2026-04-16 13:00:00,45.08000,45.75000,44.91800,45.54100
2026-04-16 14:00:00,45.53500,45.65300,45.27600,45.41700
2026-04-16 15:00:00,45.41500,45.49600,45.05100,45.25300
2026-04-16 16:00:00,45.25200,45.36100,44.97200,45.24000
2026-04-16 17:00:00,45.24000,45.46000,45.07700,45.30100
2026-04-16 18:00:00,45.30000,45.44800,45.06100,45.38100
2026-04-16 19:00:00,45.38200,45.41500,44.41800,44.59400
2026-04-16 20:00:00,44.59000,45.05900,44.54400,44.99500
2026-04-16 21:00:00,44.99600,45.09400,44.26500,44.66400
2026-04-16 22:00:00,44.66300,44.72600,44.23700,44.46300
2026-04-16 23:00:00,44.46200,45.04700,44.43500,44.71600
2026-04-17 00:00:00,44.71700,44.84800,43.76700,43.95200
2026-04-17 01:00:00,43.95200,44.03000,43.51600,43.71700
2026-04-17 02:00:00,43.71600,44.00000,43.41500,43.97500
2026-04-17 03:00:00,43.97600,44.19800,43.65300,44.07600
2026-04-17 04:00:00,44.07500,44.13900,43.35700,43.61500
2026-04-17 05:00:00,43.61300,43.67100,43.27700,43.61400
2026-04-17 06:00:00,43.61400,43.66300,43.38000,43.56300
2026-04-17 07:00:00,43.56200,44.04400,43.51700,43.78700
2026-04-17 08:00:00,43.78700,44.35300,43.63300,43.91900
2026-04-17 09:00:00,43.91900,43.95100,43.64100,43.77800
2026-04-17 10:00:00,43.77800,43.77900,43.13800,43.28700
2026-04-17 11:00:00,43.28700,43.49300,43.14800,43.27000
2026-04-17 12:00:00,43.27000,43.62100,43.24200,43.49000
2026-04-17 13:00:00,43.49100,43.57800,43.27500,43.48600
2026-04-17 14:00:00,43.48700,43.86100,43.41300,43.71700
2026-04-17 15:00:00,43.71800,43.91500,43.44100,43.87200
2026-04-17 16:00:00,43.87200,44.31200,43.70700,44.12700
2026-04-17 17:00:00,44.12700,44.43200,43.92800,44.21800
2026-04-17 18:00:00,44.21800,44.25900,43.25000,43.35900
2026-04-17 19:00:00,43.35900,43.63000,43.34600,43.62800
2026-04-17 20:00:00,43.62800,44.13200,43.52900,44.10400
2026-04-17 21:00:00,44.10400,44.99800,44.01200,44.92400
2026-04-17 22:00:00,44.92400,45.07100,44.43200,44.88700
2026-04-17 23:00:00,44.88600,45.28000,44.63600,45.24000
2026-04-18 00:00:00,45.24000,45.55000,45.03600,45.11600
2026-04-18 01:00:00,45.11500,45.18700,44.38800,44.56400
2026-04-18 02:00:00,44.56100,44.65000,43.98200,44.12000
2026-04-18 03:00:00,44.12100,44.40400,43.94300,44.38200
2026-04-18 04:00:00,44.38400,44.67600,44.09400,44.64300
2026-04-18 05:00:00,44.64400,44.79800,44.36900,44.54200
2026-04-18 06:00:00,44.54100,44.85500,44.44900,44.69000
2026-04-18 07:00:00,44.68900,44.72300,44.33100,44.60800
2026-04-18 08:00:00,44.60800,44.87200,44.45700,44.86000
2026-04-18 09:00:00,44.86000,45.19300,44.74400,44.95100
2026-04-18 10:00:00,44.95100,45.19300,44.92400,45.14800
2026-04-18 11:00:00,45.14700,45.42800,45.05300,45.13000
2026-04-18 12:00:00,45.13200,45.15600,44.83100,44.98500
2026-04-18 13:00:00,44.98100,45.08500,44.76500,44.79400
2026-04-18 14:00:00,44.79500,44.93400,44.70100,44.80800
2026-04-18 15:00:00,44.80800,44.82100,44.57000,44.58600
2026-04-18 16:00:00,44.58700,44.99500,44.29900,44.99300
2026-04-18 17:00:00,44.99300,45.11700,44.57700,44.76800
2026-04-18 18:00:00,44.76900,44.77700,44.37100,44.46400
2026-04-18 19:00:00,44.46400,44.47200,44.00300,44.28600
2026-04-18 20:00:00,44.28600,44.47800,43.95300,44.21600
2026-04-18 21:00:00,44.21700,44.31400,43.97200,44.06100
2026-04-18 22:00:00,44.06200,44.43400,44.03200,44.34700
2026-04-18 23:00:00,44.34800,44.62600,44.23900,44.56300
2026-04-19 00:00:00,44.56400,44.67800,44.09500,44.21300
2026-04-19 01:00:00,44.21300,44.29300,44.09800,44.16400
2026-04-19 02:00:00,44.16500,44.27600,43.97800,44.15700
2026-04-19 03:00:00,44.15800,44.31000,43.70000,43.98000
2026-04-19 04:00:00,43.98100,44.14600,43.88000,44.10400
2026-04-19 05:00:00,44.10400,44.17200,43.92300,44.16700
2026-04-19 06:00:00,44.16700,44.23400,44.04500,44.16800
2026-04-19 07:00:00,44.16800,44.28000,43.74600,43.77000
2026-04-19 08:00:00,43.76700,43.92800,43.30000,43.65700
2026-04-19 09:00:00,43.65700,43.71100,43.35000,43.55500
2026-04-19 10:00:00,43.55500,43.62600,43.14200,43.32500
2026-04-19 11:00:00,43.32500,43.45200,43.14800,43.33100
2026-04-19 12:00:00,43.33100,43.64400,43.30600,43.58200
2026-04-19 13:00:00,43.58200,43.64500,43.41800,43.45500
2026-04-19 14:00:00,43.45500,43.45500,43.17100,43.44800
2026-04-19 15:00:00,43.44800,43.44900,42.84300,43.13500
2026-04-19 16:00:00,43.13500,43.32100,43.04500,43.28700
2026-04-19 17:00:00,43.28800,43.32000,42.71000,42.90100
2026-04-19 18:00:00,42.90100,43.07600,42.80600,43.03000
2026-04-19 19:00:00,43.03000,43.43200,42.89200,43.38300
2026-04-19 20:00:00,43.38400,43.53200,43.12900,43.49900
2026-04-19 21:00:00,43.49800,43.91900,43.42600,43.57400
2026-04-19 22:00:00,43.57400,43.64700,43.38300,43.55400
2026-04-19 23:00:00,43.55500,43.65600,43.26000,43.35800
2026-04-20 00:00:00,43.35900,43.38500,43.04700,43.16000
2026-04-20 01:00:00,43.16100,43.18000,41.82700,41.88000
2026-04-20 02:00:00,41.88600,41.95100,41.40000,41.43800
2026-04-20 03:00:00,41.43900,41.66800,41.43900,41.54600
2026-04-20 04:00:00,41.54600,41.62500,41.17400,41.39000
2026-04-20 05:00:00,41.38900,41.52700,41.01300,41.06700
2026-04-20 06:00:00,41.06700,41.38300,40.82100,41.05800
2026-04-20 07:00:00,41.05600,41.09300,40.51200,40.70300
2026-04-20 08:00:00,40.70300,41.29900,40.69300,41.17800
2026-04-20 09:00:00,41.18000,41.59100,41.18000,41.55900
2026-04-20 10:00:00,41.55900,41.56200,40.99000,41.00400
2026-04-20 11:00:00,41.00500,41.39200,40.87800,41.21300
2026-04-20 12:00:00,41.21200,41.25500,40.91100,40.97200
2026-04-20 13:00:00,40.97300,41.14100,40.71000,41.04500
2026-04-20 14:00:00,41.04500,41.49200,40.95400,41.14200
2026-04-20 15:00:00,41.14200,41.53600,40.75000,40.88600
2026-04-20 16:00:00,40.88500,41.03700,40.67300,40.86400
2026-04-20 17:00:00,40.86400,41.22300,40.83500,41.00700
2026-04-20 18:00:00,41.00600,41.22400,40.91000,40.92900
2026-04-20 19:00:00,40.93000,41.19600,40.87800,41.17300
2026-04-20 20:00:00,41.17200,41.55000,41.11700,41.39400
2026-04-20 21:00:00,41.39400,41.41800,40.95200,41.14600
2026-04-20 22:00:00,41.14600,41.78800,40.86300,40.95900
2026-04-20 23:00:00,40.95900,41.60000,40.60000,41.16100
2026-04-21 00:00:00,41.16900,41.21300,40.69900,40.74200
2026-04-21 01:00:00,40.74100,41.51300,40.66000,41.23200
2026-04-21 02:00:00,41.23300,41.62300,41.14400,41.37700
2026-04-21 03:00:00,41.37900,41.44000,41.12100,41.29100
2026-04-21 04:00:00,41.29000,41.56700,41.12400,41.41600
2026-04-21 05:00:00,41.41700,41.53300,40.90100,40.98200
2026-04-21 06:00:00,40.98200,41.13200,40.77800,40.94600
2026-04-21 07:00:00,40.94500,40.94500,40.54100,40.68800
2026-04-21 08:00:00,40.68800,40.71400,40.35200,40.55200
2026-04-21 09:00:00,40.54900,41.00800,40.46200,40.83100
2026-04-21 10:00:00,40.83100,40.87600,40.64100,40.80900
2026-04-21 11:00:00,40.80900,41.39700,40.70800,41.23800
2026-04-21 12:00:00,41.23700,41.35900,40.88700,41.12700
2026-04-21 13:00:00,41.12600,41.30000,40.96100,41.00500
2026-04-21 14:00:00,41.00500,41.11200,40.73200,40.94700
2026-04-21 15:00:00,40.94800,40.96900,40.61000,40.89600
2026-04-21 16:00:00,40.89600,41.40000,40.78500,40.92500
2026-04-21 17:00:00,40.92400,40.94200,40.54000,40.79100
2026-04-21 18:00:00,40.79100,41.24800,40.77800,41.07200
2026-04-21 19:00:00,41.07200,41.10600,40.80600,40.86200
2026-04-21 20:00:00,40.86300,40.88800,40.44600,40.70900
2026-04-21 21:00:00,40.70700,40.76000,40.10000,40.42800
2026-04-21 22:00:00,40.42300,40.66700,40.07800,40.08500
2026-04-21 23:00:00,40.08900,40.31100,39.76200,40.00300
2026-04-22 00:00:00,40.00400,40.10900,39.61500,39.98400
2026-04-22 01:00:00,39.98400,40.00400,39.50000,39.51400
2026-04-22 02:00:00,39.51500,39.60600,39.04600,39.26000
2026-04-22 03:00:00,39.25900,39.35200,38.86700,38.95100
2026-04-22 04:00:00,38.94800,39.72300,38.90000,39.32300
2026-04-22 05:00:00,39.32100,39.48900,39.11100,39.38100
2026-04-22 06:00:00,39.38000,39.58500,39.34400,39.51200
2026-04-22 07:00:00,39.51200,39.89700,39.50600,39.75400
2026-04-22 08:00:00,39.75400,40.02100,39.67200,39.92900
2026-04-22 09:00:00,39.93000,40.00400,39.61500,39.78700
2026-04-22 10:00:00,39.78700,40.69900,39.76200,40.41000
2026-04-22 11:00:00,40.41000,40.62200,39.86000,40.08300
2026-04-22 12:00:00,40.08300,40.33500,39.93000,40.32700
2026-04-22 13:00:00,40.32800,40.65400,40.20300,40.28000
2026-04-22 14:00:00,40.27900,40.50000,40.14400,40.46400
2026-04-22 15:00:00,40.46400,40.64700,40.26900,40.37700
2026-04-22 16:00:00,40.37700,40.59300,40.29000,40.48600
2026-04-22 17:00:00,40.48700,40.63300,40.43200,40.48900
2026-04-22 18:00:00,40.48900,41.03200,40.45400,40.96800
2026-04-22 19:00:00,40.96700,41.07800,40.74100,41.02000
2026-04-22 20:00:00,41.01900,41.25500,40.94100,41.16600
2026-04-22 21:00:00,41.16500,41.49900,41.07400,41.25300
2026-04-22 22:00:00,41.25300,41.40000,40.87100,41.03800
2026-04-22 23:00:00,41.03700,41.17600,40.72200,40.95100
2026-04-23 00:00:00,40.95100,41.13700,40.80000,40.88200
2026-04-23 01:00:00,40.88200,41.07200,40.74000,40.85000
2026-04-23 02:00:00,40.85000,41.42200,40.74000,41.15100
2026-04-23 03:00:00,41.15100,41.24000,40.89200,40.93000
2026-04-23 04:00:00,40.92900,41.33000,40.82200,40.88800
2026-04-23 05:00:00,40.88700,41.72000,40.87900,41.62600
2026-04-23 06:00:00,41.62600,41.62600,41.16300,41.29100
2026-04-23 07:00:00,41.29100,41.40800,40.93600,41.13100
2026-04-23 08:00:00,41.13100,41.37600,40.81900,41.28500
2026-04-23 09:00:00,41.28500,41.38800,40.93700,41.05900
2026-04-23 10:00:00,41.05800,41.13000,40.76300,40.92700
2026-04-23 11:00:00,40.92800,41.01000,40.53100,40.65700
2026-04-23 12:00:00,40.65700,41.00700,40.54200,40.97400
2026-04-23 13:00:00,40.97500,41.10600,40.76800,40.97600
2026-04-23 14:00:00,40.97800,41.16800,40.90300,40.93000
2026-04-23 15:00:00,40.93100,41.25500,40.88100,41.21900
2026-04-23 16:00:00,41.21900,41.26800,40.97000,41.07300
2026-04-23 17:00:00,41.07200,41.08200,40.76000,40.81200
2026-04-23 18:00:00,40.81100,40.88500,40.50000,40.80700
2026-04-23 19:00:00,40.80800,41.35000,40.80300,41.06400
2026-04-23 20:00:00,41.06500,41.29900,41.03200,41.23400
2026-04-23 21:00:00,41.23500,41.33600,41.08000,41.23300
2026-04-23 22:00:00,41.22900,41.60000,41.15200,41.56900
2026-04-23 23:00:00,41.56900,41.90000,41.42000,41.82400
2026-04-24 00:00:00,41.82300,41.83800,41.46500,41.47500
2026-04-24 01:00:00,41.47600,41.49700,40.70400,41.17700
2026-04-24 02:00:00,41.17500,41.43800,41.15500,41.22700
2026-04-24 03:00:00,41.22700,41.26300,40.80000,40.94500
2026-04-24 04:00:00,40.94500,41.19100,40.91400,41.11300
2026-04-24 05:00:00,41.11200,41.33200,41.01800,41.13500
2026-04-24 06:00:00,41.13500,41.31300,41.13000,41.21700
2026-04-24 07:00:00,41.21600,41.30700,41.19000,41.28900
2026-04-24 08:00:00,41.28900,41.38600,41.15800,41.33600
2026-04-24 09:00:00,41.33500,41.40900,41.08100,41.40400
2026-04-24 10:00:00,41.40400,41.49500,41.15700,41.20600
2026-04-24 11:00:00,41.20500,41.21100,40.85000,41.05600
2026-04-24 12:00:00,41.05400,41.10800,40.84900,41.02000
2026-04-24 13:00:00,41.02000,41.18900,40.90100,41.11900
2026-04-24 14:00:00,41.11900,41.18000,41.00000,41.15900
2026-04-24 15:00:00,41.15900,41.22200,40.95100,41.00400
2026-04-24 16:00:00,41.00400,41.11000,40.94200,41.01600
2026-04-24 17:00:00,41.01500,41.03100,40.64200,40.72300
2026-04-24 18:00:00,40.72300,40.87100,40.67300,40.80300
2026-04-24 19:00:00,40.80300,41.12300,40.80200,41.01700
2026-04-24 20:00:00,41.01700,41.09600,40.79400,41.03100
2026-04-24 21:00:00,41.03100,41.15700,40.84000,40.86100
2026-04-24 22:00:00,40.86200,40.98900,40.68800,40.95500
2026-04-24 23:00:00,40.95500,41.18900,40.84000,41.15700
2026-04-25 00:00:00,41.15700,41.21700,40.97300,41.05600
2026-04-25 01:00:00,41.05600,41.19400,40.99900,41.06400
2026-04-25 02:00:00,41.06300,41.34900,40.84600,41.24700
2026-04-25 03:00:00,41.24700,41.29600,41.12100,41.25100
2026-04-25 04:00:00,41.25100,41.49600,41.22200,41.43600
2026-04-25 05:00:00,41.43600,41.43600,41.19100,41.24500
2026-04-25 06:00:00,41.24400,41.27500,41.11100,41.20700
2026-04-25 07:00:00,41.20800,41.23700,41.07100,41.14600
2026-04-25 08:00:00,41.14600,41.19600,40.99300,41.16500
2026-04-25 09:00:00,41.16400,41.19000,40.96500,41.09000
2026-04-25 10:00:00,41.08900,41.23300,41.04000,41.15200
2026-04-25 11:00:00,41.15100,41.22500,41.07600,41.16500
2026-04-25 12:00:00,41.16600,41.21200,41.05300,41.06400
2026-04-25 13:00:00,41.06500,41.13600,41.01100,41.12000
2026-04-25 14:00:00,41.12000,41.24400,41.10900,41.21900
2026-04-25 15:00:00,41.22000,41.27600,41.14100,41.21800
2026-04-25 16:00:00,41.21600,41.29000,41.12800,41.26500
2026-04-25 17:00:00,41.26500,41.72900,41.24900,41.58500
2026-04-25 18:00:00,41.58400,41.85000,41.55200,41.83300
2026-04-25 19:00:00,41.83400,41.88700,41.49000,41.71200
2026-04-25 20:00:00,41.71500,41.74200,41.30300,41.33800
2026-04-25 21:00:00,41.33900,41.64600,41.31600,41.45500
2026-04-25 22:00:00,41.45500,41.61300,41.33000,41.49600
2026-04-25 23:00:00,41.49600,41.64700,41.39600,41.40000
2026-04-26 00:00:00,41.40000,41.47100,40.82500,40.98500
2026-04-26 01:00:00,40.98500,41.17100,40.98100,41.07000
2026-04-26 02:00:00,41.07000,41.31100,41.05400,41.25200
2026-04-26 03:00:00,41.25200,41.31100,41.13300,41.16000
2026-04-26 04:00:00,41.16100,41.44700,41.07200,41.40700
2026-04-26 05:00:00,41.40600,41.47200,41.31100,41.42800
2026-04-26 06:00:00,41.42700,41.45700,41.37100,41.39500
2026-04-26 07:00:00,41.39500,41.47900,41.35500,41.47400
2026-04-26 08:00:00,41.47600,41.49200,41.20800,41.26900
2026-04-26 09:00:00,41.27000,41.44000,41.22700,41.37500
2026-04-26 10:00:00,41.37500,41.53600,41.37400,41.48800
2026-04-26 11:00:00,41.48700,41.48700,41.22600,41.26000
2026-04-26 12:00:00,41.26000,41.44400,41.21800,41.36500
2026-04-26 13:00:00,41.36400,41.55400,41.08400,41.12600
2026-04-26 14:00:00,41.12700,41.48000,41.12600,41.29100
2026-04-26 15:00:00,41.29200,41.31600,41.16100,41.23100
2026-04-26 16:00:00,41.23200,41.32100,41.11500,41.11600
2026-04-26 17:00:00,41.11600,41.22700,41.09000,41.20300
2026-04-26 18:00:00,41.20200,41.25200,41.10400,41.14000
2026-04-26 19:00:00,41.14000,41.19500,41.10300,41.13100
2026-04-26 20:00:00,41.13000,41.13200,40.95000,40.97000
2026-04-26 21:00:00,40.97100,41.15500,40.93100,41.14300
2026-04-26 22:00:00,41.14300,41.29700,41.02200,41.26500
2026-04-26 23:00:00,41.26500,41.36400,41.18900,41.35000
2026-04-27 00:00:00,41.35000,41.40000,41.20900,41.28500
2026-04-27 01:00:00,41.28400,41.43500,41.22200,41.41200
2026-04-27 02:00:00,41.41200,41.72500,41.40300,41.63400
2026-04-27 03:00:00,41.63400,42.03400,41.52900,41.97000
2026-04-27 04:00:00,41.97000,42.07000,41.79300,41.88800
2026-04-27 05:00:00,41.88900,42.18300,41.86000,42.00900
2026-04-27 06:00:00,42.00400,42.41100,41.89900,42.28100
2026-04-27 07:00:00,42.28200,42.59100,42.18800,42.42800
2026-04-27 08:00:00,42.42900,42.83400,42.27900,42.81700
2026-04-27 09:00:00,42.81600,42.88600,42.48600,42.84500
2026-04-27 10:00:00,42.84600,43.10800,42.73000,42.99700
2026-04-27 11:00:00,42.99700,43.60000,42.96400,43.31600
2026-04-27 12:00:00,43.31600,43.36000,43.03700,43.15600
2026-04-27 13:00:00,43.15600,43.15700,42.27600,42.60800
2026-04-27 14:00:00,42.60800,42.69600,42.20000,42.62100
2026-04-27 15:00:00,42.62100,42.67000,42.31300,42.34500
2026-04-27 16:00:00,42.34500,42.64000,42.20000,42.41300
2026-04-27 17:00:00,42.41200,42.48900,42.25000,42.37100
2026-04-27 18:00:00,42.37000,42.40400,42.20000,42.22800
2026-04-27 19:00:00,42.22800,42.41400,42.13800,42.37000
2026-04-27 20:00:00,42.37000,42.39800,42.11300,42.29400
2026-04-27 21:00:00,42.29500,42.55200,42.16000,42.31600
2026-04-27 22:00:00,42.31500,42.92300,42.28700,42.54900
2026-04-27 23:00:00,42.54700,42.55900,41.56400,41.69200
2026-04-28 00:00:00,41.69200,41.82200,41.36900,41.69200
2026-04-28 01:00:00,41.69300,41.80600,41.53600,41.72400
2026-04-28 02:00:00,41.72500,41.82800,41.54600,41.55200
2026-04-28 03:00:00,41.55200,41.59900,41.24300,41.58400
2026-04-28 04:00:00,41.58400,41.66600,41.39700,41.43900
2026-04-28 05:00:00,41.43900,41.48300,41.22200,41.33000
2026-04-28 06:00:00,41.33100,41.55600,41.27700,41.42600
2026-04-28 07:00:00,41.42400,41.64800,41.35800,41.63000
2026-04-28 08:00:00,41.63300,41.82200,41.60800,41.68600
2026-04-28 09:00:00,41.68500,41.69600,41.36400,41.37400
2026-04-28 10:00:00,41.37300,41.48600,40.77900,40.98200
2026-04-28 11:00:00,40.98100,41.11700,40.79700,41.02700
2026-04-28 12:00:00,41.02700,41.27700,41.00200,41.16900
2026-04-28 13:00:00,41.16900,41.33200,41.12400,41.15800
2026-04-28 14:00:00,41.15800,41.35500,40.40000,40.51400
2026-04-28 15:00:00,40.51300,40.66000,40.14800,40.58300
2026-04-28 16:00:00,40.58200,40.70100,40.26500,40.54000
2026-04-28 17:00:00,40.54000,40.57600,40.16900,40.32600
2026-04-28 18:00:00,40.32400,40.32500,39.71100,39.75300
2026-04-28 19:00:00,39.75400,40.21800,39.67300,40.11900
2026-04-28 20:00:00,40.11900,40.12800,39.91100,40.03300
2026-04-28 21:00:00,40.03400,40.20000,39.60700,39.97200
2026-04-28 22:00:00,39.97100,40.01500,39.48500,39.86900
2026-04-28 23:00:00,39.87000,40.00000,39.53400,39.73200
2026-04-29 00:00:00,39.73500,39.89700,39.44300,39.70700
2026-04-29 01:00:00,39.70800,39.90000,39.46800,39.69000
2026-04-29 02:00:00,39.69100,39.95700,39.63600,39.94600
2026-04-29 03:00:00,39.94600,40.13300,39.81200,40.09800
2026-04-29 04:00:00,40.09800,40.11700,39.81200,39.85300
2026-04-29 05:00:00,39.85200,40.02400,39.81900,39.93500
2026-04-29 06:00:00,39.93600,40.09400,39.93400,39.98300
2026-04-29 07:00:00,39.98200,40.19600,39.94300,40.16400
2026-04-29 08:00:00,40.16300,40.16300,39.92600,40.04200
2026-04-29 09:00:00,40.04300,40.28100,39.91700,40.21500
2026-04-29 10:00:00,40.21500,40.23900,40.00100,40.16000
2026-04-29 11:00:00,40.15900,40.59000,40.10600,40.30100
2026-04-29 12:00:00,40.30100,40.74900,40.11100,40.61800
2026-04-29 13:00:00,40.61700,40.80000,40.38500,40.75400
2026-04-29 14:00:00,40.75300,40.90100,40.44900,40.54300
2026-04-29 15:00:00,40.54300,40.74000,40.50800,40.53300
2026-04-29 16:00:00,40.53300,40.62400,40.33000,40.35100
2026-04-29 17:00:00,40.35000,40.64700,40.27200,40.57900
2026-04-29 18:00:00,40.57900,40.68700,40.38200,40.51800
2026-04-29 19:00:00,40.51800,40.65000,40.20000,40.34900
2026-04-29 20:00:00,40.34800,40.38100,39.80500,40.02600
2026-04-29 21:00:00,40.02700,40.07600,39.58000,39.73200
2026-04-29 22:00:00,39.73200,40.04600,39.52700,39.86700
2026-04-29 23:00:00,39.86800,39.93700,39.30000,39.55700
2026-04-30 00:00:00,39.55600,39.90300,39.35500,39.43000
2026-04-30 01:00:00,39.43100,39.75000,39.27900,39.75000
2026-04-30 02:00:00,39.75000,39.76200,39.14600,39.65500
2026-04-30 03:00:00,39.65500,39.96100,39.59000,39.92500
2026-04-30 04:00:00,39.92600,40.01800,39.72900,39.73000
2026-04-30 05:00:00,39.73000,40.11400,39.68900,40.09000
2026-04-30 06:00:00,40.09100,40.17000,39.90700,39.95900
2026-04-30 07:00:00,39.95900,40.04200,39.84500,39.93300
2026-04-30 08:00:00,39.93300,40.34800,39.77000,40.18400
2026-04-30 09:00:00,40.18300,40.29600,40.05100,40.16600
2026-04-30 10:00:00,40.16600,40.26500,39.47800,39.66200
2026-04-30 11:00:00,39.66100,39.78600,39.49900,39.67800
2026-04-30 12:00:00,39.67800,39.68500,39.23200,39.37200
2026-04-30 13:00:00,39.37200,39.55300,39.29300,39.44400
2026-04-30 14:00:00,39.44400,39.63400,39.42000,39.58200
2026-04-30 15:00:00,39.58200,39.66400,39.41300,39.51400
2026-04-30 16:00:00,39.51500,39.57500,39.20500,39.29600
2026-04-30 17:00:00,39.29600,39.33100,38.95800,39.05300
2026-04-30 18:00:00,39.05300,39.16800,38.86100,38.98400
2026-04-30 19:00:00,38.98500,39.18400,38.70600,38.87400
2026-04-30 20:00:00,38.87400,39.10500,38.74800,39.03100
2026-04-30 21:00:00,39.03100,39.40500,38.96400,39.13500
2026-04-30 22:00:00,39.13600,39.34700,39.00200,39.20500
2026-04-30 23:00:00,39.20200,39.42400,38.93300,39.22400
2026-05-01 00:00:00,39.22400,39.38800,39.05600,39.16600
2026-05-01 01:00:00,39.16600,39.30400,39.02800,39.19700
2026-05-01 02:00:00,39.19600,39.33200,38.90400,39.13100
2026-05-01 03:00:00,39.13000,39.24900,39.01800,39.23700
2026-05-01 04:00:00,39.23700,39.34400,39.05200,39.31000
2026-05-01 05:00:00,39.31100,39.52400,39.30600,39.49400
2026-05-01 06:00:00,39.49500,39.63900,39.45200,39.54700
2026-05-01 07:00:00,39.54700,39.71900,39.52600,39.69900
2026-05-01 08:00:00,39.69900,40.24600,39.66800,39.98200
2026-05-01 09:00:00,39.98300,40.42600,39.97900,40.29500
2026-05-01 10:00:00,40.29500,40.42200,40.19100,40.31900
2026-05-01 11:00:00,40.32000,40.49400,40.21400,40.30900
2026-05-01 12:00:00,40.30900,40.38800,40.23000,40.32400
2026-05-01 13:00:00,40.32400,40.34300,40.06100,40.14300
2026-05-01 14:00:00,40.14200,40.22400,39.71100,39.89600
2026-05-01 15:00:00,39.89700,39.96400,39.79200,39.90200
2026-05-01 16:00:00,39.90200,40.67800,39.87700,40.52600
2026-05-01 17:00:00,40.52500,40.86700,40.41500,40.86600
2026-05-01 18:00:00,40.86600,40.90300,40.57200,40.67600
2026-05-01 19:00:00,40.67600,40.74100,40.50000,40.68200
2026-05-01 20:00:00,40.68200,41.06900,40.46300,40.72100
2026-05-01 21:00:00,40.72100,41.02100,40.69300,40.88500
2026-05-01 22:00:00,40.88600,40.96400,40.57200,40.81600
2026-05-01 23:00:00,40.81600,41.15200,40.72600,40.97400
2026-05-02 00:00:00,40.97200,41.08600,40.66800,40.77800
2026-05-02 01:00:00,40.77800,41.14900,40.71600,41.03300
2026-05-02 02:00:00,41.03300,41.14600,40.91900,40.95500
2026-05-02 03:00:00,40.95500,41.00800,40.84200,40.94700
2026-05-02 04:00:00,40.94700,40.98700,40.67700,40.78000
2026-05-02 05:00:00,40.78100,41.05300,40.76700,41.00900
2026-05-02 06:00:00,41.01000,41.14100,40.87700,40.95600
2026-05-02 07:00:00,40.95700,41.17900,40.89300,41.15000
2026-05-02 08:00:00,41.15000,41.27800,40.99400,41.27400
2026-05-02 09:00:00,41.27400,41.29200,41.06200,41.26900
2026-05-02 10:00:00,41.26900,41.40700,41.11900,41.27200
2026-05-02 11:00:00,41.27100,41.45300,41.16500,41.39500
2026-05-02 12:00:00,41.39500,41.49900,41.28100,41.44500
2026-05-02 13:00:00,41.44600,41.45500,41.17900,41.33500
2026-05-02 14:00:00,41.33500,41.43800,41.19000,41.43700
2026-05-02 15:00:00,41.43600,41.72000,41.41500,41.71300
2026-05-02 16:00:00,41.71400,42.13500,41.68000,42.06800
2026-05-02 17:00:00,42.06900,42.45600,41.92500,41.93200
2026-05-02 18:00:00,41.93200,41.96400,41.61500,41.68200
2026-05-02 19:00:00,41.68200,41.77900,41.45500,41.52000
2026-05-02 20:00:00,41.52000,41.69700,41.52000,41.59200
2026-05-02 21:00:00,41.59200,41.75000,41.55100,41.58500
2026-05-02 22:00:00,41.58600,41.59800,41.28400,41.56600
2026-05-02 23:00:00,41.56500,41.69700,41.39500,41.58000
2026-05-03 00:00:00,41.58100,41.70000,41.57100,41.67500
2026-05-03 01:00:00,41.67600,41.72600,41.44600,41.52700
2026-05-03 02:00:00,41.52700,41.81700,41.44300,41.78800
2026-05-03 03:00:00,41.78800,41.86100,41.55300,41.59600
2026-05-03 04:00:00,41.59600,41.60000,41.35000,41.49900
2026-05-03 05:00:00,41.49800,41.64100,41.33900,41.37700
2026-05-03 06:00:00,41.37600,41.46300,41.25300,41.35600
2026-05-03 07:00:00,41.35600,41.36600,41.25100,41.25400
2026-05-03 08:00:00,41.25400,41.37000,41.16500,41.18200
2026-05-03 09:00:00,41.18300,41.24400,40.95300,41.10200
2026-05-03 10:00:00,41.10100,41.19900,40.94100,40.94100
2026-05-03 11:00:00,40.94300,41.07600,40.85300,41.02400
2026-05-03 12:00:00,41.02400,41.11400,40.87900,40.93900
2026-05-03 13:00:00,40.93900,41.12300,40.92500,40.96000
2026-05-03 14:00:00,40.96000,40.97200,40.80000,40.94500
2026-05-03 15:00:00,40.94500,41.06800,40.86400,41.02000
2026-05-03 16:00:00,41.02100,41.12700,40.90000,41.11200
2026-05-03 17:00:00,41.11200,41.29600,40.99300,41.13600
2026-05-03 18:00:00,41.13700,41.16500,41.00200,41.04500
2026-05-03 19:00:00,41.04400,41.20600,40.93600,40.98400
2026-05-03 20:00:00,40.98500,41.17500,40.98500,41.14200
2026-05-03 21:00:00,41.14300,41.15200,40.92000,41.00600
2026-05-03 22:00:00,41.00600,41.20700,40.82200,40.84100
2026-05-03 23:00:00,40.84000,41.01800,40.74000,40.75600
2026-05-04 00:00:00,40.75600,41.05200,40.65600,40.99200
2026-05-04 01:00:00,40.99000,41.18900,40.94100,41.11300
2026-05-04 02:00:00,41.11300,41.19700,40.98100,41.19400
2026-05-04 03:00:00,41.19100,41.26500,41.11500,41.22000
2026-05-04 04:00:00,41.21900,41.38400,41.18600,41.33400
2026-05-04 05:00:00,41.33300,41.33900,41.03600,41.18200
2026-05-04 06:00:00,41.18200,41.68200,41.14400,41.60100
2026-05-04 07:00:00,41.60100,41.71600,41.33400,41.54000
2026-05-04 08:00:00,41.54000,41.54000,41.15000,41.33800
2026-05-04 09:00:00,41.33800,41.55800,40.95500,41.54500
2026-05-04 10:00:00,41.54600,42.04100,41.39100,41.93700
2026-05-04 11:00:00,41.93700,42.22200,41.88600,42.19500
2026-05-04 12:00:00,42.19500,42.60500,41.87300,42.49900
2026-05-04 13:00:00,42.50000,42.57600,42.08000,42.09000
2026-05-04 14:00:00,42.09000,42.12700,41.66900,41.91500
2026-05-04 15:00:00,41.91600,42.05200,41.78100,41.82700
2026-05-04 16:00:00,41.83200,41.85800,41.60700,41.64800
2026-05-04 17:00:00,41.64800,41.93700,41.59000,41.91100
2026-05-04 18:00:00,41.91200,41.93000,41.06800,41.38900
2026-05-04 19:00:00,41.38900,41.46600,41.20000,41.34400
2026-05-04 20:00:00,41.34400,41.53500,41.28600,41.29300
2026-05-04 21:00:00,41.29000,41.29000,40.87700,40.94700
2026-05-04 22:00:00,40.94700,41.72200,40.89900,41.62900
2026-05-04 23:00:00,41.63000,41.63600,41.03800,41.36700
2026-05-05 00:00:00,41.36300,41.51300,41.10100,41.35100
2026-05-05 01:00:00,41.34900,41.77700,41.33900,41.57000
2026-05-05 02:00:00,41.57200,41.60000,41.33100,41.41800
2026-05-05 03:00:00,41.41800,41.60200,41.31500,41.59400
2026-05-05 04:00:00,41.59500,41.69500,41.51000,41.63900
2026-05-05 05:00:00,41.63800,42.49400,41.63400,42.33200
2026-05-05 06:00:00,42.33100,42.50000,42.03000,42.10000
2026-05-05 07:00:00,42.10100,42.10100,41.78500,41.80500
2026-05-05 08:00:00,41.80500,42.06500,41.77000,42.03800
2026-05-05 09:00:00,42.03800,42.20700,41.98400,42.15200
2026-05-05 10:00:00,42.15100,42.33200,42.00500,42.11200
2026-05-05 11:00:00,42.11200,42.46700,41.96500,42.45500
2026-05-05 12:00:00,42.45500,42.64700,42.27200,42.54000
2026-05-05 13:00:00,42.54000,42.97600,42.39600,42.83700
2026-05-05 14:00:00,42.83800,43.23200,42.63400,43.22900
2026-05-05 15:00:00,43.23100,43.28700,43.09000,43.23100
2026-05-05 16:00:00,43.23100,43.28400,42.83200,43.17500
2026-05-05 17:00:00,43.17500,43.24900,42.74000,43.01000
2026-05-05 18:00:00,43.00900,43.82000,42.83200,43.75100
2026-05-05 19:00:00,43.75100,43.88400,43.57100,43.83100
2026-05-05 20:00:00,43.83100,44.08800,43.61700,43.73400
2026-05-05 21:00:00,43.73300,43.95800,43.56400,43.65200
2026-05-05 22:00:00,43.65200,43.89600,43.55700,43.87700
2026-05-05 23:00:00,43.87600,44.22200,43.82100,44.03200
2026-05-06 00:00:00,44.03300,44.23000,43.73200,43.92200
2026-05-06 01:00:00,43.92300,44.43500,43.89500,44.28800
2026-05-06 02:00:00,44.28900,44.54900,44.26400,44.34100
2026-05-06 03:00:00,44.34200,44.38100,43.93600,44.02100
2026-05-06 04:00:00,44.02200,44.50400,44.01300,44.36900
2026-05-06 05:00:00,44.36800,44.62000,44.10100,44.22500
2026-05-06 06:00:00,44.22500,44.48900,44.02200,44.18800
2026-05-06 07:00:00,44.18800,44.23700,43.57900,43.69000
2026-05-06 08:00:00,43.69000,43.89500,43.62400,43.72200
2026-05-06 09:00:00,43.72200,44.00200,43.67600,43.97900
2026-05-06 10:00:00,43.97900,44.01900,43.59200,43.94500
2026-05-06 11:00:00,43.94500,44.19600,43.89200,44.14100
2026-05-06 12:00:00,44.14100,44.20000,43.80000,43.93900
2026-05-06 13:00:00,43.94000,44.11900,43.89400,44.00600
2026-05-06 14:00:00,44.00600,44.31600,43.88600,44.18200
2026-05-06 15:00:00,44.18300,44.43000,44.14700,44.39400
2026-05-06 16:00:00,44.39400,44.65700,44.21300,44.31800
2026-05-06 17:00:00,44.31800,44.32100,43.66300,44.03300
2026-05-06 18:00:00,44.03400,44.48600,44.01900,44.44400
2026-05-06 19:00:00,44.44200,44.66200,44.38900,44.65500
2026-05-06 20:00:00,44.65500,44.82000,44.17900,44.33300
2026-05-06 21:00:00,44.33300,44.38800,43.80100,43.85500
2026-05-06 22:00:00,43.85500,43.87200,43.42300,43.63300
2026-05-06 23:00:00,43.63300,43.64600,43.14400,43.51800
2026-05-07 00:00:00,43.51800,43.72600,43.25600,43.32500
2026-05-07 01:00:00,43.32600,43.41700,42.95100,42.96200
2026-05-07 02:00:00,42.96300,43.19500,42.91300,43.10800
2026-05-07 03:00:00,43.10800,43.34800,43.10200,43.24500
2026-05-07 04:00:00,43.24800,43.40000,43.04300,43.15000
2026-05-07 05:00:00,43.15000,43.38000,43.00500,43.21700
2026-05-07 06:00:00,43.21800,43.28000,42.98400,42.99900
2026-05-07 07:00:00,42.99900,43.13800,42.94100,43.10300
2026-05-07 08:00:00,43.10300,43.15800,42.79400,42.88200
2026-05-07 09:00:00,42.88100,42.98300,42.58800,42.64800
2026-05-07 10:00:00,42.64900,42.72400,42.53300,42.55900
2026-05-07 11:00:00,42.55900,42.56100,42.28700,42.30100
2026-05-07 12:00:00,42.30000,42.68000,42.25400,42.68000
2026-05-07 13:00:00,42.67900,42.93400,42.66000,42.93000
2026-05-07 14:00:00,42.93100,43.15000,42.80200,43.10100
2026-05-07 15:00:00,43.10100,43.33500,42.84700,43.32000
2026-05-07 16:00:00,43.32000,43.54000,42.80700,42.84700
2026-05-07 17:00:00,42.84700,42.93000,42.72600,42.80300
2026-05-07 18:00:00,42.80400,42.84400,42.48300,42.68700
2026-05-07 19:00:00,42.68700,42.92100,42.68700,42.75700
2026-05-07 20:00:00,42.75700,43.23500,42.73300,43.08900
2026-05-07 21:00:00,43.08800,43.09700,42.39600,42.52200
2026-05-07 22:00:00,42.52200,42.57000,42.02200,42.27200
2026-05-07 23:00:00,42.27200,42.43400,42.04200,42.08900
2026-05-08 00:00:00,42.09000,42.28400,41.85200,42.03300
2026-05-08 01:00:00,42.03300,42.46700,42.02400,42.37500
2026-05-08 02:00:00,42.37600,42.53600,42.16300,42.28100
2026-05-08 03:00:00,42.28100,42.31900,42.10200,42.31900
2026-05-08 04:00:00,42.32000,42.54200,42.29300,42.49900
2026-05-08 05:00:00,42.49900,42.61500,42.25500,42.51800
2026-05-08 06:00:00,42.51700,42.66500,42.37700,42.50900
2026-05-08 07:00:00,42.51100,42.58600,42.42800,42.52000
2026-05-08 08:00:00,42.52100,42.75800,42.52100,42.57300
2026-05-08 09:00:00,42.57400,42.67400,42.39300,42.44100
2026-05-08 10:00:00,42.44200,42.45900,42.14400,42.42300
2026-05-08 11:00:00,42.42300,42.44200,42.19200,42.24900
2026-05-08 12:00:00,42.25000,42.38100,42.00000,42.11000
2026-05-08 13:00:00,42.11100,42.41500,42.08600,42.29000
2026-05-08 14:00:00,42.29000,42.38800,42.22900,42.29800
2026-05-08 15:00:00,42.29800,42.73900,42.18100,42.73100
2026-05-08 16:00:00,42.73200,42.95500,42.44100,42.62100
2026-05-08 17:00:00,42.62200,42.81600,42.53000,42.63800
2026-05-08 18:00:00,42.63700,42.69800,42.45000,42.51300
2026-05-08 19:00:00,42.51400,42.56300,42.32100,42.51600
2026-05-08 20:00:00,42.51600,42.74100,42.42800,42.44700
2026-05-08 21:00:00,42.44600,42.56900,42.11200,42.39900
2026-05-08 22:00:00,42.39900,42.91000,42.34200,42.76100
2026-05-08 23:00:00,42.76000,43.14600,42.37300,43.10000
2026-05-09 00:00:00,43.09900,43.11400,42.68700,42.76500
2026-05-09 01:00:00,42.76400,43.08200,42.71900,42.88200
2026-05-09 02:00:00,42.88300,43.47600,42.88300,43.32200
2026-05-09 03:00:00,43.32200,43.39700,43.00000,43.08600
2026-05-09 04:00:00,43.08600,43.22400,43.00000,43.07800
2026-05-09 05:00:00,43.07900,43.30600,43.06800,43.18000
2026-05-09 06:00:00,43.18000,43.36800,43.18000,43.24600
2026-05-09 07:00:00,43.24600,43.27400,43.01100,43.23500
2026-05-09 08:00:00,43.23600,43.37800,43.18300,43.25000
2026-05-09 09:00:00,43.25000,44.01600,43.25000,43.89600
2026-05-09 10:00:00,43.89600,43.97000,43.72900,43.86900
2026-05-09 11:00:00,43.86900,44.06200,43.74800,44.02900
2026-05-09 12:00:00,44.02900,44.34700,43.82500,43.86100
2026-05-09 13:00:00,43.86100,44.20600,43.82900,44.16400
2026-05-09 14:00:00,44.16300,44.30000,43.90100,43.96200
2026-05-09 15:00:00,43.96300,43.99000,43.76100,43.77900
2026-05-09 16:00:00,43.77900,43.97100,43.76700,43.78400
2026-05-09 17:00:00,43.78300,44.26700,43.46000,43.59700
2026-05-09 18:00:00,43.59700,43.72200,43.21800,43.56500
2026-05-09 19:00:00,43.56500,43.78800,43.55100,43.74300
2026-05-09 20:00:00,43.74300,43.97300,43.68000,43.76200
2026-05-09 21:00:00,43.76300,43.85600,43.51100,43.58200
2026-05-09 22:00:00,43.58300,43.59300,43.07100,43.13600
2026-05-09 23:00:00,43.13600,43.27900,42.94100,43.08900
2026-05-10 00:00:00,43.09000,43.30600,42.90800,42.93200
2026-05-10 01:00:00,42.93200,43.20300,42.91100,42.96000
2026-05-10 02:00:00,42.96000,43.11200,42.88800,42.98700
2026-05-10 03:00:00,42.98800,43.15000,42.86000,43.10000
2026-05-10 04:00:00,43.10100,43.14300,42.84300,42.88800
2026-05-10 05:00:00,42.88800,43.06100,42.86700,43.00500
2026-05-10 06:00:00,43.00500,43.05000,42.88900,43.01800
2026-05-10 07:00:00,43.01900,43.06700,42.82000,42.91000
2026-05-10 08:00:00,42.91000,42.94400,42.62500,42.67400
2026-05-10 09:00:00,42.67500,42.71100,42.39900,42.59500
2026-05-10 10:00:00,42.59400,42.78900,42.53700,42.63200
2026-05-10 11:00:00,42.63400,42.92800,42.58600,42.84100
2026-05-10 12:00:00,42.84100,43.00000,42.80300,42.86900
2026-05-10 13:00:00,42.86800,42.98700,42.78300,42.95300
2026-05-10 14:00:00,42.95300,43.06000,42.90300,43.02100
2026-05-10 15:00:00,43.02000,43.17300,42.92200,43.04200
2026-05-10 16:00:00,43.04100,43.14900,42.88400,43.08300
2026-05-10 17:00:00,43.08400,43.15200,42.84700,42.89800
2026-05-10 18:00:00,42.89900,42.90000,42.69500,42.89000
2026-05-10 19:00:00,42.89000,42.90300,42.67000,42.81300
2026-05-10 20:00:00,42.81400,42.84400,42.55500,42.70000
2026-05-10 21:00:00,42.70000,43.02800,42.66000,42.92500
2026-05-10 22:00:00,42.92500,43.08600,42.81300,42.89000
2026-05-10 23:00:00,42.88900,43.30100,42.87800,43.23800
2026-05-11 00:00:00,43.23800,43.36600,43.11200,43.18700
2026-05-11 01:00:00,43.18800,43.69600,43.12100,43.66100
2026-05-11 02:00:00,43.66000,43.69300,43.29600,43.39500
2026-05-11 03:00:00,43.39500,43.62600,43.25300,43.45000
2026-05-11 04:00:00,43.44900,43.68500,42.24800,42.45500
2026-05-11 05:00:00,42.45500,42.58200,42.14100,42.17300
2026-05-11 06:00:00,42.17200,42.88300,42.13100,42.87400
2026-05-11 07:00:00,42.87400,43.15200,42.70800,42.99600
2026-05-11 08:00:00,42.99700,43.14300,42.41600,42.55500
2026-05-11 09:00:00,42.55500,42.86200,42.44600,42.56400
2026-05-11 10:00:00,42.56500,42.59900,42.20800,42.32600
2026-05-11 11:00:00,42.32600,42.38100,41.96700,42.22200
2026-05-11 12:00:00,42.22000,42.22000,41.99500,42.05100
2026-05-11 13:00:00,42.05100,42.31600,42.01300,42.04600
2026-05-11 14:00:00,42.04500,42.19500,41.87600,41.88200
2026-05-11 15:00:00,41.88200,41.91300,41.71600,41.86000
2026-05-11 16:00:00,41.85900,41.97800,41.73800,41.78300
2026-05-11 17:00:00,41.78200,41.98000,41.75800,41.87100
2026-05-11 18:00:00,41.87100,42.10500,41.43200,41.48900
2026-05-11 19:00:00,41.49000,41.61800,41.30100,41.44000
2026-05-11 20:00:00,41.44100,41.49300,41.23000,41.28900
2026-05-11 21:00:00,41.28900,41.49400,41.10600,41.13100
2026-05-11 22:00:00,41.13200,41.34400,40.82100,41.04500
2026-05-11 23:00:00,41.04700,41.67700,40.99300,41.66400
2026-05-12 00:00:00,41.66400,41.88700,41.51100,41.78600
2026-05-12 01:00:00,41.78500,42.01700,41.61600,41.77400
2026-05-12 02:00:00,41.77400,42.15200,41.72700,42.08200
2026-05-12 03:00:00,42.08100,42.23100,41.93000,42.17100
2026-05-12 04:00:00,42.17100,42.21200,41.90800,41.98500
2026-05-12 05:00:00,41.98100,42.08000,41.79200,41.81300
2026-05-12 06:00:00,41.81300,42.00900,41.81300,41.94300
2026-05-12 07:00:00,41.94300,42.03400,41.80000,41.99500
2026-05-12 08:00:00,41.99500,42.07700,41.55600,41.56600
2026-05-12 09:00:00,41.56700,41.67400,41.10200,41.35100
2026-05-12 10:00:00,41.35000,41.44300,41.21900,41.22600
2026-05-12 11:00:00,41.23000,41.24500,40.86700,40.98300
2026-05-12 12:00:00,40.98300,41.12400,40.81200,41.08600
2026-05-12 13:00:00,41.08600,41.31900,41.08600,41.26600
2026-05-12 14:00:00,41.26600,41.35900,41.11100,41.13500
2026-05-12 15:00:00,41.13500,41.34800,41.06000,41.28100
2026-05-12 16:00:00,41.28000,41.39200,41.23500,41.23800
2026-05-12 17:00:00,41.23900,41.26700,41.04600,41.14900
2026-05-12 18:00:00,41.14900,41.14900,40.83900,40.91900
2026-05-12 19:00:00,40.92000,41.04000,40.57300,41.04000
2026-05-12 20:00:00,41.03900,41.13500,40.61200,40.85700
2026-05-12 21:00:00,40.85800,40.94400,40.62000,40.67200
2026-05-12 22:00:00,40.67300,40.80600,40.17400,40.28600
2026-05-12 23:00:00,40.28600,40.48700,40.05900,40.28400
2026-05-13 00:00:00,40.28500,40.39600,39.77200,39.85200
2026-05-13 01:00:00,39.85300,40.32100,39.81000,40.12100
2026-05-13 02:00:00,40.12100,40.38200,40.11300,40.20800
2026-05-13 03:00:00,40.20800,40.47400,40.20800,40.41700
2026-05-13 04:00:00,40.41600,40.46400,40.25400,40.29500
2026-05-13 05:00:00,40.29500,40.36000,40.23900,40.35700
2026-05-13 06:00:00,40.35700,40.56700,40.35700,40.42300
2026-05-13 07:00:00,40.42400,40.55700,40.06100,40.24300
2026-05-13 08:00:00,40.24300,40.34600,40.03000,40.30700
2026-05-13 09:00:00,40.30700,40.69900,40.23500,40.44200
2026-05-13 10:00:00,40.44300,40.60500,40.41400,40.45300
2026-05-13 11:00:00,40.45400,40.53600,40.38400,40.42900
2026-05-13 12:00:00,40.42900,40.44100,40.22900,40.24400
2026-05-13 13:00:00,40.24500,40.26400,39.86600,39.91300
2026-05-13 14:00:00,39.91300,40.22200,39.86800,40.19100
2026-05-13 15:00:00,40.19200,40.43000,40.00100,40.16400
2026-05-13 16:00:00,40.16400,40.19200,40.01000,40.09900
2026-05-13 17:00:00,40.09900,40.20000,39.90900,39.92400
2026-05-13 18:00:00,39.92400,39.96300,39.39300,39.50700
2026-05-13 19:00:00,39.50700,39.62100,39.22400,39.23100
2026-05-13 20:00:00,39.23200,39.39000,39.01000,39.23100
2026-05-13 21:00:00,39.23000,39.59200,39.01200,39.34200
2026-05-13 22:00:00,39.34200,39.43900,39.02800,39.06400
2026-05-13 23:00:00,39.06400,39.13000,38.84700,38.86100
2026-05-14 00:00:00,38.86000,39.26100,38.85200,39.18000
2026-05-14 01:00:00,39.18000,39.26000,39.09700,39.17700
2026-05-14 02:00:00,39.17700,39.34600,39.15000,39.17700
2026-05-14 03:00:00,39.17800,39.21600,39.02900,39.09500
2026-05-14 04:00:00,39.09500,39.21800,39.04700,39.05400
2026-05-14 05:00:00,39.05300,39.05400,38.71400,38.75300
2026-05-14 06:00:00,38.75200,39.07500,38.68800,38.92100
2026-05-14 07:00:00,38.92000,39.03100,38.81600,38.82100
2026-05-14 08:00:00,38.82200,38.88700,38.70900,38.79700
2026-05-14 09:00:00,38.79700,39.05500,38.78700,38.91900
2026-05-14 10:00:00,38.91900,38.94900,38.67100,38.68400
2026-05-14 11:00:00,38.68300,38.70800,38.15500,38.32200
2026-05-14 12:00:00,38.32100,38.65500,38.29500,38.62100
2026-05-14 13:00:00,38.61900,39.26400,38.45000,39.16400
2026-05-14 14:00:00,39.16500,39.29400,39.06000,39.08800
2026-05-14 15:00:00,39.08700,39.20500,38.88000,38.99600
2026-05-14 16:00:00,38.99500,39.15900,38.87000,38.97300
2026-05-14 17:00:00,38.97200,39.14000,38.88100,39.10900
2026-05-14 18:00:00,39.10600,39.15000,38.92500,39.06800
2026-05-14 19:00:00,39.06700,39.08800,38.89600,38.89900
2026-05-14 20:00:00,38.89800,40.56000,38.88300,40.12000
2026-05-14 21:00:00,40.11700,41.35600,39.91100,41.01300
2026-05-14 22:00:00,41.01100,42.08500,40.87300,41.90200
2026-05-14 23:00:00,41.90300,42.78200,41.90200,42.60600
2026-05-15 00:00:00,42.60700,43.55000,42.31900,43.50700
2026-05-15 01:00:00,43.50700,44.09500,43.26300,43.77900
2026-05-15 02:00:00,43.77700,44.54000,43.62400,44.52700
2026-05-15 03:00:00,44.52600,44.76800,44.21100,44.66300
2026-05-15 04:00:00,44.66200,44.69300,43.62800,44.16800
2026-05-15 05:00:00,44.16800,44.33700,43.60100,43.82700
2026-05-15 06:00:00,43.82700,44.31200,43.81300,44.14200
2026-05-15 07:00:00,44.14100,44.61200,43.94800,44.12500
2026-05-15 08:00:00,44.12500,45.35200,44.12300,45.14800
2026-05-15 09:00:00,45.14800,46.58000,45.06700,46.13700
2026-05-15 10:00:00,46.13700,46.56400,45.38700,46.42300
2026-05-15 11:00:00,46.42500,46.99300,46.17200,46.66300
2026-05-15 12:00:00,46.65800,46.92500,46.15900,46.19300
2026-05-15 13:00:00,46.19400,46.43900,45.11100,45.41800
2026-05-15 14:00:00,45.41800,45.97400,45.30400,45.86300
2026-05-15 15:00:00,45.86400,46.80000,45.80600,46.66200
2026-05-15 16:00:00,46.66300,46.68000,45.40800,45.59900
2026-05-15 17:00:00,45.60000,45.70400,45.20000,45.58600
2026-05-15 18:00:00,45.58500,45.66800,45.16800,45.57900
2026-05-15 19:00:00,45.57900,45.91400,44.92000,45.67300
2026-05-15 20:00:00,45.67400,45.76700,42.90200,43.44400
2026-05-15 21:00:00,43.44000,43.70600,42.62000,43.42100
2026-05-15 22:00:00,43.41400,44.25200,43.31300,43.68500
2026-05-15 23:00:00,43.68400,44.29900,43.51800,44.09700
2026-05-16 00:00:00,44.09400,44.26800,43.67200,44.01000
2026-05-16 01:00:00,44.01000,45.09800,43.99300,44.46500
2026-05-16 02:00:00,44.46500,44.62200,44.12500,44.56700
2026-05-16 03:00:00,44.56800,44.96200,44.38600,44.57800
2026-05-16 04:00:00,44.57800,44.94200,44.10700,44.17900
2026-05-16 05:00:00,44.18000,44.30800,43.83200,43.86100
2026-05-16 06:00:00,43.86100,44.19400,43.81100,44.07700
2026-05-16 07:00:00,44.07700,44.30700,44.03500,44.16800
2026-05-16 08:00:00,44.16800,44.50000,43.89700,43.92900
2026-05-16 09:00:00,43.92800,44.15100,43.16500,43.54200
2026-05-16 10:00:00,43.54100,43.67000,43.02300,43.33600
2026-05-16 11:00:00,43.33600,43.45200,43.00600,43.21200
2026-05-16 12:00:00,43.21000,43.21700,42.55300,42.65700
2026-05-16 13:00:00,42.65600,42.84700,42.41400,42.58700
2026-05-16 14:00:00,42.58800,42.68000,41.36300,41.55000
2026-05-16 15:00:00,41.55000,42.12700,41.32200,41.98400
2026-05-16 16:00:00,41.98300,42.10300,41.55500,41.66900
2026-05-16 17:00:00,41.66900,41.74100,40.93700,40.94700
2026-05-16 18:00:00,40.94700,41.16000,40.31700,40.77700
2026-05-16 19:00:00,40.77800,41.13200,40.59300,40.83100
2026-05-16 20:00:00,40.83000,41.30400,40.76300,41.22500
2026-05-16 21:00:00,41.22500,41.23600,40.70600,40.98300
2026-05-16 22:00:00,40.98400,41.28000,40.81000,41.04200
2026-05-16 23:00:00,41.04200,41.11400,40.74200,40.86200
2026-05-17 00:00:00,40.86100,41.07700,40.56500,40.83700
2026-05-17 01:00:00,40.83300,41.19300,40.64900,40.90400
2026-05-17 02:00:00,40.90500,41.48100,40.85600,41.47200
2026-05-17 03:00:00,41.47000,41.85200,41.41200,41.64000
2026-05-17 04:00:00,41.64100,41.98600,41.63100,41.87500
2026-05-17 05:00:00,41.87400,41.99200,41.68000,41.89000
2026-05-17 06:00:00,41.88900,42.06600,41.74600,41.83700
2026-05-17 07:00:00,41.83400,41.93300,41.74600,41.81100
2026-05-17 08:00:00,41.81100,42.24400,41.67200,41.79100
2026-05-17 09:00:00,41.79000,41.85100,41.38000,41.43800
2026-05-17 10:00:00,41.43700,41.63600,41.33600,41.44500
2026-05-17 11:00:00,41.44600,42.69200,41.44500,42.39400
2026-05-17 12:00:00,42.39400,42.87000,41.91600,42.37900
2026-05-17 13:00:00,42.38000,42.85700,42.32600,42.69900
2026-05-17 14:00:00,42.69900,42.81600,42.41800,42.57600
2026-05-17 15:00:00,42.57700,42.95000,42.45600,42.77700
2026-05-17 16:00:00,42.77800,42.91700,42.59500,42.79900
2026-05-17 17:00:00,42.79900,42.97200,42.76100,42.95900
2026-05-17 18:00:00,42.95800,43.52500,42.85400,43.36300
2026-05-17 19:00:00,43.36600,43.46400,42.90000,42.90100
2026-05-17 20:00:00,42.90000,43.22000,42.69800,43.18700
2026-05-17 21:00:00,43.18700,43.27400,42.50700,42.81800
2026-05-17 22:00:00,42.81800,43.49900,42.69700,43.41000
2026-05-17 23:00:00,43.41000,44.02500,43.26200,43.58900
2026-05-18 00:00:00,43.58900,43.94000,43.40100,43.54200
2026-05-18 01:00:00,43.54100,44.01200,43.36800,43.90600
2026-05-18 02:00:00,43.90700,45.58200,43.84000,45.49200
2026-05-18 03:00:00,45.49300,47.10000,45.26800,46.70800
2026-05-18 04:00:00,46.70900,47.13200,46.08900,46.41600
2026-05-18 05:00:00,46.41700,47.27500,46.34900,47.00400
2026-05-18 06:00:00,47.00500,47.03100,45.87600,46.12800
2026-05-18 07:00:00,46.12800,46.15100,44.58900,45.70000
2026-05-18 08:00:00,45.70100,47.00000,45.33300,46.93600
2026-05-18 09:00:00,46.93500,46.97900,45.69700,46.03900
2026-05-18 10:00:00,46.04400,46.15800,45.40800,45.56300
2026-05-18 11:00:00,45.56300,45.92900,45.06600,45.48800
2026-05-18 12:00:00,45.49000,46.07400,45.13000,45.83700
2026-05-18 13:00:00,45.83700,45.96500,45.38900,45.40800
2026-05-18 14:00:00,45.40700,45.53300,45.00800,45.38100
2026-05-18 15:00:00,45.38000,45.54800,44.81300,45.27200
2026-05-18 16:00:00,45.27500,45.86800,45.23500,45.80700
2026-05-18 17:00:00,45.80800,45.89000,44.80000,45.26300
2026-05-18 18:00:00,45.26300,45.57000,45.17000,45.30900
2026-05-18 19:00:00,45.30900,45.78700,44.97700,45.49100
2026-05-18 20:00:00,45.49100,46.05600,45.38500,45.88300
2026-05-18 21:00:00,45.88200,46.26100,45.36300,45.99400
2026-05-18 22:00:00,45.99500,46.04000,44.47300,44.68700
2026-05-18 23:00:00,44.68700,45.29700,44.18000,44.74700
2026-05-19 00:00:00,44.74600,45.15800,44.68600,45.09700
2026-05-19 01:00:00,45.09700,45.57300,45.07800,45.52400
2026-05-19 02:00:00,45.52500,45.67200,44.82400,44.92800
2026-05-19 03:00:00,44.92900,46.46000,44.91800,46.38500
2026-05-19 04:00:00,46.38500,46.55200,45.68600,45.86900
2026-05-19 05:00:00,45.86900,47.94800,45.80700,47.20100
2026-05-19 06:00:00,47.20100,47.60000,46.70900,47.15600
2026-05-19 07:00:00,47.15500,47.80400,47.11700,47.74000
2026-05-19 08:00:00,47.73900,48.58200,47.61500,48.16600
2026-05-19 09:00:00,48.16500,48.16500,47.13300,47.21200
2026-05-19 10:00:00,47.21200,47.51700,46.82300,47.40000
2026-05-19 11:00:00,47.40000,47.98900,47.21700,47.75700
2026-05-19 12:00:00,47.75900,48.35500,47.42900,47.44600
2026-05-19 13:00:00,47.44700,47.62000,47.19800,47.54300
2026-05-19 14:00:00,47.54300,47.81400,47.46300,47.59800
2026-05-19 15:00:00,47.59800,48.41700,47.52400,47.81000
2026-05-19 16:00:00,47.80900,48.07600,47.51700,48.02200
2026-05-19 17:00:00,48.02400,48.32700,47.56300,47.88600
2026-05-19 18:00:00,47.88600,48.42500,47.73300,48.35000
2026-05-19 19:00:00,48.35000,48.69300,47.54400,47.75400
2026-05-19 20:00:00,47.75300,47.97000,47.26800,47.81000
2026-05-19 21:00:00,47.81200,48.49700,47.49100,48.44200
2026-05-19 22:00:00,48.44000,48.48300,47.41000,47.53700
2026-05-19 23:00:00,47.53700,48.00000,47.34900,47.80700
2026-05-20 00:00:00,47.80800,48.37900,47.67600,48.25600
2026-05-20 01:00:00,48.25700,48.92400,48.24400,48.65100
2026-05-20 02:00:00,48.65200,48.73000,48.15000,48.19200
2026-05-20 03:00:00,48.19100,48.78200,48.13900,48.74300
2026-05-20 04:00:00,48.74100,48.76100,47.98400,48.17000
2026-05-20 05:00:00,48.16900,48.39200,47.81300,47.96300
2026-05-20 06:00:00,47.96200,48.09900,47.63600,47.96500
2026-05-20 07:00:00,47.96400,48.37300,47.91300,48.03600
2026-05-20 08:00:00,48.03600,48.06900,47.06300,47.61400
2026-05-20 09:00:00,47.61000,47.79800,47.21300,47.63000
2026-05-20 10:00:00,47.63100,47.81800,47.37300,47.70600
2026-05-20 11:00:00,47.70500,47.93300,47.40200,47.45800
2026-05-20 12:00:00,47.45800,48.32900,47.33200,48.30600
2026-05-20 13:00:00,48.30600,48.67300,47.92400,48.35000
2026-05-20 14:00:00,48.35000,48.66500,48.27700,48.49400
2026-05-20 15:00:00,48.49300,48.66000,48.19400,48.46500
2026-05-20 16:00:00,48.46400,48.86300,48.43100,48.56600
2026-05-20 17:00:00,48.56600,49.09900,48.47000,48.95700
2026-05-20 18:00:00,48.95700,49.80000,48.93000,49.62300
2026-05-20 19:00:00,49.62300,50.13100,49.26900,49.73500
2026-05-20 20:00:00,49.73000,50.33000,49.50500,49.96100
2026-05-20 21:00:00,49.96100,51.59000,49.67600,51.26000
2026-05-20 22:00:00,51.26000,51.76100,50.66000,51.33700
2026-05-20 23:00:00,51.33600,52.18600,51.17000,51.43600
2026-05-21 00:00:00,51.43500,51.85000,51.19900,51.48300
2026-05-21 01:00:00,51.48500,52.42900,51.36300,51.94900
2026-05-21 02:00:00,51.94900,52.23000,51.38000,51.51200
2026-05-21 03:00:00,51.51200,52.98400,51.40800,52.94700
2026-05-21 04:00:00,52.94600,53.17200,51.66600,51.92000
2026-05-21 05:00:00,51.91800,53.02800,51.70100,52.88000
2026-05-21 06:00:00,52.88000,54.50000,52.55700,54.16800
2026-05-21 07:00:00,54.16700,54.86200,53.67800,54.80200
2026-05-21 08:00:00,54.80300,56.68600,54.70100,56.38100
2026-05-21 09:00:00,56.38100,57.16800,56.00000,56.41900
2026-05-21 10:00:00,56.41900,56.53400,55.38200,55.86100
2026-05-21 11:00:00,55.86100,56.87700,55.57500,56.75100
2026-05-21 12:00:00,56.75100,56.83200,55.87900,55.96500
2026-05-21 13:00:00,55.96500,56.46400,55.73600,56.25500
2026-05-21 14:00:00,56.25500,56.96300,56.05200,56.49400
2026-05-21 15:00:00,56.49500,58.56300,56.45700,58.37500
2026-05-21 16:00:00,58.37500,58.96100,58.12300,58.54600
2026-05-21 17:00:00,58.54500,59.25000,57.41600,57.87700
2026-05-21 18:00:00,57.87700,58.64000,57.13400,57.44100
2026-05-21 19:00:00,57.44700,57.71300,56.66900,57.20000
2026-05-21 20:00:00,57.20000,57.95800,56.75300,57.72500
2026-05-21 21:00:00,57.72400,59.79900,57.57500,59.38500
2026-05-21 22:00:00,59.38900,62.22000,58.85800,60.91500
2026-05-21 23:00:00,60.91500,62.65100,60.52100,61.11300
2026-05-22 00:00:00,61.11300,61.17700,58.62400,58.71200
2026-05-22 01:00:00,58.71300,60.34800,58.65000,58.73800
2026-05-22 02:00:00,58.73700,59.49500,58.32900,58.52100
2026-05-22 03:00:00,58.52500,58.85200,57.27300,57.82600
2026-05-22 04:00:00,57.82500,58.78300,56.28700,57.89000
2026-05-22 05:00:00,57.89000,58.29600,57.20500,57.94400
2026-05-22 06:00:00,57.94500,58.54300,57.82300,58.50700
2026-05-22 07:00:00,58.50900,59.20900,58.29400,58.60500
2026-05-22 08:00:00,58.60600,58.66700,56.88500,57.47400
2026-05-22 09:00:00,57.47400,57.80000,56.64700,57.48000
2026-05-22 10:00:00,57.48100,58.45700,57.25600,57.69400
2026-05-22 11:00:00,57.69300,57.88700,57.14600,57.52400
2026-05-22 12:00:00,57.52500,58.18200,57.38400,58.13300
2026-05-22 13:00:00,58.13300,58.36300,57.75600,57.98900
2026-05-22 14:00:00,57.98900,58.20900,57.10500,57.17300
2026-05-22 15:00:00,57.17400,57.98700,57.03100,57.95100
2026-05-22 16:00:00,57.95100,60.15800,57.63700,59.23500
2026-05-22 17:00:00,59.23400,60.10000,58.74800,59.14400
2026-05-22 18:00:00,59.14400,59.71000,58.93800,59.22000
2026-05-22 19:00:00,59.21800,60.94500,58.83000,60.89600
2026-05-22 20:00:00,60.89500,61.66400,60.38500,61.02500
2026-05-22 21:00:00,61.02500,61.95800,60.58700,61.55600
2026-05-22 22:00:00,61.55000,61.71600,59.13000,59.20000
2026-05-22 23:00:00,59.20100,59.65600,57.71900,57.91100
2026-05-23 00:00:00,57.91100,58.29800,57.03900,57.82900
2026-05-23 01:00:00,57.82900,58.09400,57.46100,57.90500
2026-05-23 02:00:00,57.90500,58.55700,56.22100,56.88300
2026-05-23 03:00:00,56.88300,56.96800,55.05500,55.67800
2026-05-23 04:00:00,55.67700,56.07100,54.35000,55.08700
2026-05-23 05:00:00,55.08700,56.45700,55.06900,56.15300
2026-05-23 06:00:00,56.15300,56.23900,55.17200,55.46800
2026-05-23 07:00:00,55.46700,55.76700,54.61300,54.62900
2026-05-23 08:00:00,54.62800,55.27600,54.04000,55.05500
2026-05-23 09:00:00,55.05500,55.38000,54.34200,54.89900
2026-05-23 10:00:00,54.90100,55.42400,54.56000,55.40400
2026-05-23 11:00:00,55.40400,55.98000,55.25600,55.97400
2026-05-23 12:00:00,55.97200,55.97400,54.96000,55.18600
2026-05-23 13:00:00,55.18700,55.90500,55.01200,55.32300
2026-05-23 14:00:00,55.31900,55.57900,54.88100,55.12600
2026-05-23 15:00:00,55.12600,55.70000,54.68600,55.61700
2026-05-23 16:00:00,55.61700,56.31700,55.35900,56.23300
2026-05-23 17:00:00,56.23400,56.28200,55.22700,55.31000
2026-05-23 18:00:00,55.30900,55.88300,55.30200,55.46500
2026-05-23 19:00:00,55.46600,55.56000,54.91700,55.03700
2026-05-23 20:00:00,55.03700,55.29600,54.47600,55.08900
2026-05-23 21:00:00,55.08900,55.98800,54.98400,55.20700
2026-05-23 22:00:00,55.20700,56.93400,55.00500,56.58100
2026-05-23 23:00:00,56.58400,57.75200,56.52900,57.20900
2026-05-24 00:00:00,57.21000,58.13000,57.02600,57.72600
2026-05-24 01:00:00,57.72600,58.10000,57.22700,57.53500
2026-05-24 02:00:00,57.53600,58.84200,57.42300,58.66300
2026-05-24 03:00:00,58.66300,58.71000,58.13000,58.31100
2026-05-24 04:00:00,58.31200,59.96300,58.13300,59.50700
2026-05-24 05:00:00,59.50600,59.64600,57.50300,58.17200
2026-05-24 06:00:00,58.17100,58.33100,57.44500,57.97300
2026-05-24 07:00:00,57.97300,58.82600,57.84800,58.72700
2026-05-24 08:00:00,58.72700,59.99300,58.64700,59.88700
2026-05-24 09:00:00,59.88800,61.54100,59.77300,60.29700
2026-05-24 10:00:00,60.29600,60.74000,59.48800,60.05300
2026-05-24 11:00:00,60.05300,60.54200,59.88100,60.16100
2026-05-24 12:00:00,60.16500,60.57600,59.68200,60.35000
2026-05-24 13:00:00,60.35000,61.58900,60.18300,61.30500
2026-05-24 14:00:00,61.30400,61.99600,60.23100,61.82700
2026-05-24 15:00:00,61.82700,62.18000,61.11100,61.99400
2026-05-24 16:00:00,61.99300,63.28900,61.56800,62.77700
2026-05-24 17:00:00,62.77800,64.47900,62.66900,63.76900
2026-05-24 18:00:00,63.76900,63.84200,62.47800,63.15800
2026-05-24 19:00:00,63.15800,63.54000,62.45100,62.87900
2026-05-24 20:00:00,62.87900,64.16300,62.64200,64.06500
2026-05-24 21:00:00,64.07200,64.40000,62.75700,63.15700
2026-05-24 22:00:00,63.15800,63.61200,61.57900,62.86000
2026-05-24 23:00:00,62.86000,63.87000,62.60200,63.72700
2026-05-25 00:00:00,63.72800,64.14900,63.07100,63.53200
2026-05-25 01:00:00,63.53300,63.66900,62.90000,63.14400
2026-05-25 02:00:00,63.14500,64.03900,62.60100,64.01400
2026-05-25 03:00:00,64.01200,64.79500,62.90100,63.01900
2026-05-25 04:00:00,63.02000,63.17200,62.10000,62.20600
2026-05-25 05:00:00,62.20600,62.77300,61.39000,61.63500
2026-05-25 06:00:00,61.63500,62.94200,61.63000,62.45400
2026-05-25 07:00:00,62.45300,63.81000,62.45300,62.79200
2026-05-25 08:00:00,62.79200,62.97600,61.88500,61.93500
2026-05-25 09:00:00,61.93600,62.22400,60.75600,60.96000
2026-05-25 10:00:00,60.95800,61.70500,60.79200,61.37000
2026-05-25 11:00:00,61.37000,61.69200,61.21400,61.49400
2026-05-25 12:00:00,61.49500,62.86300,61.00000,62.74200
2026-05-25 13:00:00,62.74200,63.28200,61.80700,62.47600
2026-05-25 14:00:00,62.47500,63.02400,61.70600,62.13100
2026-05-25 15:00:00,62.13100,63.60000,61.83300,63.47200
2026-05-25 16:00:00,63.47200,63.80100,63.07000,63.58900
2026-05-25 17:00:00,63.58800,64.10000,63.09700,63.33200
2026-05-25 18:00:00,63.33200,63.72400,63.02700,63.42300
2026-05-25 19:00:00,63.42300,63.61600,62.70000,63.41200
2026-05-25 20:00:00,63.41300,63.85400,62.56000,62.63100
2026-05-25 21:00:00,62.63100,63.48300,62.31900,63.35400
2026-05-25 22:00:00,63.35500,63.38600,62.58000,62.89000
2026-05-25 23:00:00,62.89100,63.16800,62.47800,62.57400
2026-05-26 00:00:00,62.57500,62.67300,61.80000,62.11000
2026-05-26 01:00:00,62.11100,62.17000,61.52400,61.92900
2026-05-26 02:00:00,61.92800,62.33300,61.52200,61.70300
2026-05-26 03:00:00,61.70300,62.14200,61.41000,62.04300
2026-05-26 04:00:00,62.04200,62.04300,61.00200,61.32000
2026-05-26 05:00:00,61.32000,61.70100,61.27200,61.49400
2026-05-26 06:00:00,61.49400,62.04700,61.23600,61.24600
2026-05-26 07:00:00,61.25100,61.79000,61.09000,61.14600
2026-05-26 08:00:00,61.14700,61.30500,59.60000,60.08800
2026-05-26 09:00:00,60.08800,60.39400,59.21500,59.32300
2026-05-26 10:00:00,59.32300,59.83300,58.82200,59.07200
2026-05-26 11:00:00,59.07300,59.56800,58.58100,59.35500
2026-05-26 12:00:00,59.35500,60.04900,59.00000,59.99600
2026-05-26 13:00:00,59.99700,60.75400,59.64000,60.30900
2026-05-26 14:00:00,60.30200,60.80800,60.11700,60.52500
2026-05-26 15:00:00,60.52600,60.62300,59.53000,59.77100
2026-05-26 16:00:00,59.77200,60.28500,59.25700,59.54600
2026-05-26 17:00:00,59.54700,59.85000,59.17900,59.68900
2026-05-26 18:00:00,59.68800,61.84500,59.61700,61.43900
2026-05-26 19:00:00,61.43800,61.73500,60.87600,61.17800
2026-05-26 20:00:00,61.17500,62.22200,60.43400,62.15300
2026-05-26 21:00:00,62.15300,63.99900,61.76600,63.62700
2026-05-26 22:00:00,63.62900,64.78700,63.30000,63.50900
2026-05-26 23:00:00,63.50900,63.62500,61.82300,62.52300
2026-05-27 00:00:00,62.52300,63.66000,62.07800,62.79800
2026-05-27 01:00:00,62.79800,62.99700,60.76400,61.51500
2026-05-27 02:00:00,61.51400,62.09700,61.07700,61.73300
2026-05-27 03:00:00,61.72300,61.77100,60.15700,60.80700
2026-05-27 04:00:00,60.80800,60.86900,59.33000,59.72100
2026-05-27 05:00:00,59.72200,59.84600,58.70600,59.07200
2026-05-27 06:00:00,59.07300,59.84400,58.89000,59.74800
2026-05-27 07:00:00,59.74800,60.02400,59.34200,59.57700
2026-05-27 08:00:00,59.57800,60.84700,59.40100,60.77500
2026-05-27 09:00:00,60.77500,60.82800,59.86800,60.09500
2026-05-27 10:00:00,60.09500,60.73400,59.72100,60.70600
2026-05-27 11:00:00,60.70600,61.18200,59.90400,60.11200
2026-05-27 12:00:00,60.11200,60.90000,59.56600,60.78100
2026-05-27 13:00:00,60.78100,62.11100,60.68500,61.88100
2026-05-27 14:00:00,61.88000,62.43600,61.48500,62.41900
2026-05-27 15:00:00,62.42000,62.78100,61.89800,62.18800
2026-05-27 16:00:00,62.18700,62.47200,61.82500,62.28800
2026-05-27 17:00:00,62.28900,63.35900,62.05700,62.90000
2026-05-27 18:00:00,62.90000,63.29400,62.54700,62.55200
2026-05-27 19:00:00,62.55300,63.20800,62.27700,62.33700
2026-05-27 20:00:00,62.33900,63.13100,61.70900,61.91700
2026-05-27 21:00:00,61.91600,62.16500,60.30500,60.83900
2026-05-27 22:00:00,60.83900,60.98000,59.63600,60.02800
2026-05-27 23:00:00,60.02900,60.85600,59.93400,60.54800
2026-05-28 00:00:00,60.54800,60.70100,59.65700,60.47100
2026-05-28 01:00:00,60.47100,60.54500,58.91000,59.46300
2026-05-28 02:00:00,59.46200,59.85800,59.03400,59.46400
2026-05-28 03:00:00,59.46400,60.22100,59.40400,60.14800
2026-05-28 04:00:00,60.14900,60.59200,59.94300,60.42900
2026-05-28 05:00:00,60.42600,60.47000,59.30000,59.82900
2026-05-28 06:00:00,59.82900,59.99300,58.12200,58.15500
2026-05-28 07:00:00,58.15500,58.65200,57.41100,57.74500
2026-05-28 08:00:00,57.74700,58.27200,57.54200,57.96300
2026-05-28 09:00:00,57.96400,58.49900,57.79100,58.05600
2026-05-28 10:00:00,58.05600,58.63400,57.69300,58.42900
2026-05-28 11:00:00,58.42800,58.46900,56.80000,57.14500
2026-05-28 12:00:00,57.14400,57.66400,56.69300,57.52100
2026-05-28 13:00:00,57.52100,57.89400,56.85200,57.04500
2026-05-28 14:00:00,57.04600,57.37300,56.62900,57.17000
2026-05-28 15:00:00,57.17100,58.34600,57.17100,58.10500
2026-05-28 16:00:00,58.10600,58.12600,56.35100,56.79200
2026-05-28 17:00:00,56.79200,57.55300,56.67500,57.49100
2026-05-28 18:00:00,57.49200,57.50500,56.61900,56.68000
2026-05-28 19:00:00,56.68000,57.12000,56.61000,57.09800
2026-05-28 20:00:00,57.09800,57.61800,56.30700,57.30600
2026-05-28 21:00:00,57.30500,57.50000,56.36400,57.37900
2026-05-28 22:00:00,57.38100,58.86600,56.73600,57.37600
2026-05-28 23:00:00,57.37700,57.96200,57.20000,57.68800
2026-05-29 00:00:00,57.68800,59.45400,57.40300,59.44100
2026-05-29 01:00:00,59.43600,59.88300,58.71400,59.44100
2026-05-29 02:00:00,59.44100,60.96600,59.33000,60.74200
2026-05-29 03:00:00,60.74200,61.57700,59.93200,60.95000
2026-05-29 04:00:00,60.95000,61.35700,60.14800,60.69600
2026-05-29 05:00:00,60.70000,62.11000,60.46200,61.84600
2026-05-29 06:00:00,61.84700,62.14000,61.08300,61.63400
2026-05-29 07:00:00,61.63300,62.14300,61.48100,61.55200
2026-05-29 08:00:00,61.55200,62.60000,61.20900,62.01000
2026-05-29 09:00:00,62.01000,62.49400,61.23000,61.93500
2026-05-29 10:00:00,61.93600,62.04100,60.36700,60.46200
2026-05-29 11:00:00,60.46600,62.17300,60.46600,61.32900
2026-05-29 12:00:00,61.32800,61.75300,60.80200,61.66600
2026-05-29 13:00:00,61.66500,62.07400,61.27300,61.39200
2026-05-29 14:00:00,61.39300,62.26200,61.20500,62.01800
2026-05-29 15:00:00,62.02000,62.88700,61.90300,62.85000
2026-05-29 16:00:00,62.85000,63.34100,62.41700,62.98900
2026-05-29 17:00:00,62.98900,63.59900,62.65500,62.79900
2026-05-29 18:00:00,62.79900,62.88000,62.17800,62.22300
2026-05-29 19:00:00,62.22200,62.75000,61.91200,62.21500
2026-05-29 20:00:00,62.21200,62.36300,61.43600,61.98800
2026-05-29 21:00:00,61.98800,62.97300,61.51600,62.84300
2026-05-29 22:00:00,62.84400,63.96000,61.50300,63.55500
2026-05-29 23:00:00,63.55600,66.81000,63.34200,65.66000
2026-05-30 00:00:00,65.66100,67.62400,65.36200,66.89700
2026-05-30 01:00:00,66.89600,67.49300,66.12900,66.37500
2026-05-30 02:00:00,66.37500,66.63100,64.82100,65.02600
2026-05-30 03:00:00,65.02600,66.29300,64.80000,66.26700
2026-05-30 04:00:00,66.26500,66.49800,65.22800,65.50300
2026-05-30 05:00:00,65.50300,65.84100,64.21100,64.66600
2026-05-30 06:00:00,64.66600,65.20000,64.29700,64.42600
2026-05-30 07:00:00,64.42700,64.71500,63.86100,64.44200
2026-05-30 08:00:00,64.44100,65.13600,64.11600,65.08100
2026-05-30 09:00:00,65.08100,65.83700,64.75600,65.62300
2026-05-30 10:00:00,65.62300,66.04200,65.02600,65.49100
2026-05-30 11:00:00,65.49200,65.50300,65.00100,65.15000
2026-05-30 12:00:00,65.15100,65.30000,64.00400,64.62200
2026-05-30 13:00:00,64.62200,66.20000,64.41400,65.79600
2026-05-30 14:00:00,65.79600,65.95000,65.35000,65.71700
2026-05-30 15:00:00,65.71600,66.33900,65.50800,66.07500
2026-05-30 16:00:00,66.07600,66.23800,65.82000,66.23700
2026-05-30 17:00:00,66.23700,66.62300,65.94700,66.21000
2026-05-30 18:00:00,66.20700,66.99000,66.00400,66.92800
2026-05-30 19:00:00,66.92700,68.08500,66.55500,67.85400
2026-05-30 20:00:00,67.85300,68.68000,67.31100,68.37200
2026-05-30 21:00:00,68.37200,68.67700,67.42700,68.03300
2026-05-30 22:00:00,68.03400,68.32700,67.34100,68.18800
2026-05-30 23:00:00,68.18800,68.58700,66.62000,67.17100
2026-05-31 00:00:00,67.17100,67.19400,66.19300,66.62500
2026-05-31 01:00:00,66.62400,67.54500,66.46900,67.50900
2026-05-31 02:00:00,67.51000,68.35600,67.37900,68.22500
2026-05-31 03:00:00,68.22900,68.29000,67.55800,67.83600
2026-05-31 04:00:00,67.83600,68.15100,67.15000,67.28400
2026-05-31 05:00:00,67.28500,67.87100,67.14900,67.42400
2026-05-31 06:00:00,67.42400,67.84800,67.03400,67.67000
2026-05-31 07:00:00,67.66900,68.32800,67.04800,68.30300
2026-05-31 08:00:00,68.30400,69.66600,67.98000,69.42600
2026-05-31 09:00:00,69.42600,69.59400,68.92900,69.19500
2026-05-31 10:00:00,69.19500,69.34300,68.02700,68.59000
2026-05-31 11:00:00,68.59100,68.93600,68.29400,68.79800
2026-05-31 12:00:00,68.79700,69.92800,68.40000,69.82700
2026-05-31 13:00:00,69.82700,70.47300,69.30000,69.53100
2026-05-31 14:00:00,69.53100,70.09800,69.00000,69.19600
2026-05-31 15:00:00,69.19700,69.72600,68.81300,69.22400
2026-05-31 16:00:00,69.22300,69.70000,68.90000,68.90500
2026-05-31 17:00:00,68.90700,69.09600,68.31200,68.57000
2026-05-31 18:00:00,68.57000,68.84300,68.03500,68.38600
2026-05-31 19:00:00,68.38600,68.50500,67.42700,67.79400
2026-05-31 20:00:00,67.79300,68.48000,67.51500,68.01400
2026-05-31 21:00:00,68.01400,68.43400,67.66200,68.02200
2026-05-31 22:00:00,68.02200,68.53800,67.82100,68.16300
2026-05-31 23:00:00,68.16300,69.33800,67.95300,68.62100
2026-06-01 00:00:00,68.62200,68.75000,67.69700,67.95600
2026-06-01 01:00:00,67.95600,69.28900,67.88900,68.92000
2026-06-01 02:00:00,68.91900,69.34200,68.63500,68.95100
2026-06-01 03:00:00,68.95100,69.34800,68.70000,69.29200
2026-06-01 04:00:00,69.29300,70.29800,69.00000,70.15400
2026-06-01 05:00:00,70.15400,71.65800,69.86700,71.38700
2026-06-01 06:00:00,71.38600,73.21400,71.00100,72.60800
2026-06-01 07:00:00,72.60900,73.01700,71.56100,72.09300
2026-06-01 08:00:00,72.09300,74.40000,71.90000,73.50400
2026-06-01 09:00:00,73.50700,73.80000,71.80000,71.89300
2026-06-01 10:00:00,71.89400,72.82700,71.68900,72.15400
2026-06-01 11:00:00,72.14900,73.57100,72.14800,73.53200
2026-06-01 12:00:00,73.53300,73.80000,72.75400,73.31500
2026-06-01 13:00:00,73.31400,74.11200,73.20400,73.45400
2026-06-01 14:00:00,73.45500,73.98000,72.55300,73.27200
2026-06-01 15:00:00,73.27300,73.92700,72.10400,72.38200
2026-06-01 16:00:00,72.38100,72.94900,71.98000,72.14300
2026-06-01 17:00:00,72.14300,73.53000,71.42700,72.47300
2026-06-01 18:00:00,72.47400,73.25700,72.21900,72.72300
2026-06-01 19:00:00,72.72300,74.07600,72.33200,73.17400
2026-06-01 20:00:00,73.17000,74.73300,72.45200,74.08700
2026-06-01 21:00:00,74.08800,74.13800,71.61200,72.13400
2026-06-01 22:00:00,72.13400,72.48400,70.25300,71.23800
2026-06-01 23:00:00,71.23700,72.74200,70.80600,70.98000
2026-06-02 00:00:00,70.98000,72.27800,70.50400,72.24100
2026-06-02 01:00:00,72.24100,73.56800,72.00600,72.94200
2026-06-02 02:00:00,72.94100,73.56700,72.36800,73.54800
2026-06-02 03:00:00,73.54800,73.98900,73.11600,73.82600
2026-06-02 04:00:00,73.82700,73.85700,72.07700,72.57100
2026-06-02 05:00:00,72.57000,73.33400,71.78100,73.23300
2026-06-02 06:00:00,73.23300,74.29800,72.74800,74.24000
2026-06-02 07:00:00,74.24000,75.87400,73.15500,73.66500
2026-06-02 08:00:00,73.66400,74.92900,73.27500,74.13900
2026-06-02 09:00:00,74.14000,74.40900,72.70000,72.87800
2026-06-02 10:00:00,72.87300,74.88500,72.67000,74.88100
2026-06-02 11:00:00,74.87900,75.71700,74.52500,74.64100
2026-06-02 12:00:00,74.64200,74.99400,73.62600,73.74300
2026-06-02 13:00:00,73.74200,74.25600,72.77600,72.97600
2026-06-02 14:00:00,72.97500,73.34700,71.90900,72.02100
2026-06-02 15:00:00,72.02100,72.56800,71.28600,72.10300
2026-06-02 16:00:00,72.10000,72.16800,71.14900,71.43600
2026-06-02 17:00:00,71.43500,72.03500,70.62000,70.84600
2026-06-02 18:00:00,70.84700,72.47600,70.83800,72.40500
2026-06-02 19:00:00,72.40400,73.07400,72.02900,72.59900
2026-06-02 20:00:00,72.60000,73.88200,72.42400,73.68700
2026-06-02 21:00:00,73.68800,73.80700,72.62300,73.07200
2026-06-02 22:00:00,73.07300,74.06100,72.05000,72.43500
2026-06-02 23:00:00,72.43400,72.47900,70.60000,71.97900
2026-06-03 00:00:00,71.97800,72.66000,71.41900,72.00100
2026-06-03 01:00:00,72.00100,72.90200,71.50000,72.38800
2026-06-03 02:00:00,72.39100,72.75200,70.79400,70.91700
2026-06-03 03:00:00,70.91600,71.26500,69.04000,70.89000
2026-06-03 04:00:00,70.89000,71.71000,69.33300,69.93300
2026-06-03 05:00:00,69.93300,70.21000,68.85800,68.91000
2026-06-03 06:00:00,68.91600,69.29900,67.80200,68.48700
2026-06-03 07:00:00,68.48800,69.88900,68.25200,69.84900
2026-06-03 08:00:00,69.84900,70.97400,69.50300,69.75100
2026-06-03 09:00:00,69.75200,70.06900,68.40700,69.20400
2026-06-03 10:00:00,69.20500,70.27800,69.02700,70.14200
2026-06-03 11:00:00,70.14100,70.98800,69.25400,70.62900
2026-06-03 12:00:00,70.62900,72.99600,70.60000,72.75600
2026-06-03 13:00:00,72.75700,73.70000,72.37000,72.72700
2026-06-03 14:00:00,72.72600,73.06300,72.04500,72.48000
2026-06-03 15:00:00,72.48200,73.47500,72.17100,73.07100
2026-06-03 16:00:00,73.07000,73.25200,72.09500,72.26100
2026-06-03 17:00:00,72.26000,72.90100,71.50400,71.80400
2026-06-03 18:00:00,71.80500,73.18600,71.71700,73.14300
2026-06-03 19:00:00,73.14300,73.52000,72.05700,72.34100
2026-06-03 20:00:00,72.34100,73.45000,72.13800,73.33700
2026-06-03 21:00:00,73.33700,74.11500,72.23000,72.79700
2026-06-03 22:00:00,72.80200,72.90000,71.70900,72.79500
2026-06-03 23:00:00,72.79500,73.62700,71.91500,72.10000
2026-06-04 00:00:00,72.09900,72.76100,71.41000,72.75800
2026-06-04 01:00:00,72.76100,73.99800,71.80500,73.75400
2026-06-04 02:00:00,73.75400,74.60000,72.73500,74.12600
2026-06-04 03:00:00,74.12600,74.52400,73.10100,73.42700
2026-06-04 04:00:00,73.42600,73.92500,72.06300,72.40800
2026-06-04 05:00:00,72.40800,75.39200,72.40800,75.00000
2026-06-04 06:00:00,75.00000,75.63400,74.60000,74.81500
2026-06-04 07:00:00,74.81500,75.44600,74.11700,74.57500
2026-06-04 08:00:00,74.57500,75.53500,73.38100,74.18500
2026-06-04 09:00:00,74.18700,74.42500,72.16000,72.23800
2026-06-04 10:00:00,72.23800,73.71600,70.33400,72.63700
2026-06-04 11:00:00,72.63800,74.18800,72.60000,74.01100
2026-06-04 12:00:00,74.01100,75.06900,73.00000,73.30000
2026-06-04 13:00:00,73.30100,73.36900,72.41000,72.56000
2026-06-04 14:00:00,72.56000,73.12700,69.60000,69.72300
2026-06-04 15:00:00,69.72300,70.04000,67.82300,67.85900
2026-06-04 16:00:00,67.85900,69.12300,66.70000,68.55800
2026-06-04 17:00:00,68.55700,68.67300,66.22000,67.17500
2026-06-04 18:00:00,67.17700,67.18700,64.87200,65.53000
2026-06-04 19:00:00,65.52900,67.09600,64.92400,66.60700
2026-06-04 20:00:00,66.60800,68.12100,65.36300,67.77200
2026-06-04 21:00:00,67.77500,67.91800,65.54800,67.14400
2026-06-04 22:00:00,67.14400,67.69300,66.87000,67.20600
2026-06-04 23:00:00,67.20700,68.66200,66.59600,67.46600
2026-06-05 00:00:00,67.46600,68.94900,67.32600,68.91200
2026-06-05 01:00:00,68.91100,68.94200,66.00000,66.82000
2026-06-05 02:00:00,66.82200,67.63400,66.01500,66.76000
2026-06-05 03:00:00,66.76000,67.18400,65.77800,66.50600
2026-06-05 04:00:00,66.50700,67.77500,66.10200,67.17300
2026-06-05 05:00:00,67.17400,67.54400,64.34900,64.71600
2026-06-05 06:00:00,64.71700,65.57600,63.06600,64.29600
2026-06-05 07:00:00,64.29700,65.12800,63.25200,64.43900
2026-06-05 08:00:00,64.43900,64.91600,62.92800,64.09800
2026-06-05 09:00:00,64.09900,65.98300,63.40900,65.74700
2026-06-05 10:00:00,65.74800,65.87400,63.62400,63.68900
2026-06-05 11:00:00,63.69000,64.03300,61.55600,61.74400
2026-06-05 12:00:00,61.74300,63.49900,61.25200,63.32300
2026-06-05 13:00:00,63.32200,63.83100,60.94400,61.58300
2026-06-05 14:00:00,61.58800,62.06300,59.15200,60.80600
2026-06-05 15:00:00,60.80500,62.93100,58.93500,62.70700
2026-06-05 16:00:00,62.70700,62.72100,60.86200,61.33500
2026-06-05 17:00:00,61.33700,62.47400,61.08000,61.65200
2026-06-05 18:00:00,61.65200,61.90900,60.81900,61.85000
2026-06-05 19:00:00,61.84900,62.64500,61.25200,61.68800
2026-06-05 20:00:00,61.68700,62.65500,61.16800,62.46900
2026-06-05 21:00:00,62.46800,62.94300,60.60400,60.78100
2026-06-05 22:00:00,60.78200,63.48200,60.75600,61.34400
2026-06-05 23:00:00,61.34500,61.49900,57.20000,57.78600
2026-06-06 00:00:00,57.78600,60.38600,57.06000,59.64200
2026-06-06 01:00:00,59.64300,59.97200,57.70200,57.95800
2026-06-06 02:00:00,57.95800,58.34900,56.66100,57.22200
2026-06-06 03:00:00,57.22100,58.97900,56.70100,58.54600
2026-06-06 04:00:00,58.54500,59.76400,58.09100,59.47600
2026-06-06 05:00:00,59.47600,60.68700,59.09100,59.75700
2026-06-06 06:00:00,59.75900,60.30100,59.00000,59.49800
2026-06-06 07:00:00,59.50300,60.01300,58.80300,59.77600
2026-06-06 08:00:00,59.77200,60.96800,59.63400,60.77000
2026-06-06 09:00:00,60.77000,61.17200,59.60000,59.60900
2026-06-06 10:00:00,59.61000,59.94600,59.05400,59.60800
2026-06-06 11:00:00,59.60700,59.65500,58.66600,58.85400
2026-06-06 12:00:00,58.85400,59.26200,57.34300,58.21300
2026-06-06 13:00:00,58.21400,59.64300,57.51700,59.42000
2026-06-06 14:00:00,59.41800,59.93100,59.07600,59.49800
2026-06-06 15:00:00,59.49800,60.46900,59.23000,59.89200
2026-06-06 16:00:00,59.89000,61.02900,59.45400,59.97700
2026-06-06 17:00:00,59.97700,60.30000,59.11300,59.39900
2026-06-06 18:00:00,59.39900,59.42800,58.16300,58.54700
2026-06-06 19:00:00,58.54500,59.82400,58.50300,59.64000
2026-06-06 20:00:00,59.64000,59.93600,58.83700,59.28400
2026-06-06 21:00:00,59.28600,59.32800,58.50000,58.63800
2026-06-06 22:00:00,58.63900,58.98700,58.25600,58.38800
2026-06-06 23:00:00,58.38900,58.62300,57.61100,58.29700
2026-06-07 00:00:00,58.29900,58.71100,57.71400,57.84800
2026-06-07 01:00:00,57.84900,58.14000,56.95700,57.19400
2026-06-07 02:00:00,57.19300,57.66600,56.42300,56.89100
2026-06-07 03:00:00,56.89100,57.09600,55.53400,55.56400
2026-06-07 04:00:00,55.56100,56.64500,55.45800,56.45700
2026-06-07 05:00:00,56.45800,57.00000,56.45800,56.60900
2026-06-07 06:00:00,56.61000,56.79200,56.01500,56.44700
2026-06-07 07:00:00,56.44700,56.96900,56.13500,56.50200
2026-06-07 08:00:00,56.50600,57.42000,56.10300,57.11200
2026-06-07 09:00:00,57.11600,58.44200,57.00000,58.04600
2026-06-07 10:00:00,58.04700,58.28700,57.50300,57.86700
2026-06-07 11:00:00,57.86700,58.28000,57.39300,57.80400
2026-06-07 12:00:00,57.80200,59.14800,57.52000,59.11300
2026-06-07 13:00:00,59.12100,59.79900,58.94200,59.44800
2026-06-07 14:00:00,59.44800,59.89000,59.28200,59.72100
2026-06-07 15:00:00,59.72000,59.99200,59.36900,59.84800
2026-06-07 16:00:00,59.84800,60.42100,59.65400,59.88300
2026-06-07 17:00:00,59.88400,60.45100,58.91700,58.97800
2026-06-07 18:00:00,58.97900,59.24900,58.52400,58.82900
2026-06-07 19:00:00,58.82800,59.36500,58.53500,58.85400
2026-06-07 20:00:00,58.85300,58.90800,56.41900,57.80800
2026-06-07 21:00:00,57.80700,57.99200,57.30100,57.90100
2026-06-07 22:00:00,57.90000,59.19400,57.88900,58.93800
2026-06-07 23:00:00,58.93700,59.14200,57.77400,58.44100
2026-06-08 00:00:00,58.44000,58.83000,58.06900,58.49000
2026-06-08 01:00:00,58.49000,59.22000,58.45300,58.98700
2026-06-08 02:00:00,58.98700,59.47600,58.66800,58.70800
2026-06-08 03:00:00,58.70900,58.75100,56.81400,57.57600
2026-06-08 04:00:00,57.57600,58.65600,57.45500,58.39900
2026-06-08 05:00:00,58.39900,58.68000,57.99500,58.37100
2026-06-08 06:00:00,58.37200,59.89600,58.22200,58.86600
2026-06-08 07:00:00,58.86500,59.76200,58.66700,59.71300
2026-06-08 08:00:00,59.71400,61.94800,59.53600,61.19700
2026-06-08 09:00:00,61.19500,61.20500,59.28000,59.99600
2026-06-08 10:00:00,59.99500,61.68100,59.82200,61.53900
2026-06-08 11:00:00,61.54000,62.07700,60.75800,61.30000
2026-06-08 12:00:00,61.29900,61.39200,60.18600,60.59200
2026-06-08 13:00:00,60.59200,61.49600,60.59100,61.49600
2026-06-08 14:00:00,61.49600,63.19900,61.47100,63.09800
2026-06-08 15:00:00,63.09900,63.43500,62.65000,63.03100
2026-06-08 16:00:00,63.03000,63.14200,61.08500,61.49900
2026-06-08 17:00:00,61.50500,61.68500,61.03700,61.44800
2026-06-08 18:00:00,61.44300,61.87400,61.17300,61.43700
2026-06-08 19:00:00,61.43600,62.45600,61.12400,62.14000
2026-06-08 20:00:00,62.14000,62.99900,61.26100,62.92400
2026-06-08 21:00:00,62.92600,64.89100,62.40000,64.54200
2026-06-08 22:00:00,64.54500,65.13600,64.11200,64.70300
2026-06-08 23:00:00,64.70500,65.79900,64.36500,64.81900
2026-06-09 00:00:00,64.82000,65.02600,63.52000,63.72300
2026-06-09 01:00:00,63.72300,64.47500,63.31500,64.16200
2026-06-09 02:00:00,64.16200,64.74600,63.91800,64.42900
2026-06-09 03:00:00,64.42900,64.76100,63.39600,63.69600
2026-06-09 04:00:00,63.69700,63.94800,63.22200,63.94400
2026-06-09 05:00:00,63.94900,64.53500,63.75000,64.08400
2026-06-09 06:00:00,64.08300,64.14900,62.76500,63.25700
2026-06-09 07:00:00,63.25700,63.82800,63.07500,63.81700
2026-06-09 08:00:00,63.81700,64.04200,62.05400,62.18000
2026-06-09 09:00:00,62.18100,62.97300,61.88800,62.75900
2026-06-09 10:00:00,62.76100,62.91600,61.47000,62.32500
2026-06-09 11:00:00,62.32500,62.77300,61.30100,61.63900
2026-06-09 12:00:00,61.63900,62.19600,60.86800,61.90100
2026-06-09 13:00:00,61.90100,62.58400,61.17800,61.97700
2026-06-09 14:00:00,61.97800,62.48800,61.43300,61.82900
2026-06-09 15:00:00,61.82900,62.35600,61.68100,62.22800
2026-06-09 16:00:00,62.22700,62.90000,61.48400,62.58600
2026-06-09 17:00:00,62.58200,62.80000,61.87500,62.29100
2026-06-09 18:00:00,62.29000,62.48600,61.76900,62.13500
2026-06-09 19:00:00,62.13400,62.18900,61.57500,61.78500
2026-06-09 20:00:00,61.78400,62.33200,61.76700,62.08900
2026-06-09 21:00:00,62.09000,62.30000,60.56100,60.59500
2026-06-09 22:00:00,60.59400,60.86900,59.34200,59.95800
2026-06-09 23:00:00,59.95800,60.49500,58.65500,58.89900
2026-06-10 00:00:00,58.89900,59.47000,58.45400,58.81200
2026-06-10 01:00:00,58.81100,59.40000,58.69400,59.07600
2026-06-10 02:00:00,59.07500,59.32200,58.59700,58.92800
2026-06-10 03:00:00,58.92700,59.31400,57.87400,58.60000
2026-06-10 04:00:00,58.59800,59.45700,58.30000,59.41500
2026-06-10 05:00:00,59.41500,59.48000,57.65700,57.96100
2026-06-10 06:00:00,57.96200,58.34100,57.50900,57.60700
2026-06-10 07:00:00,57.60700,57.89800,57.30300,57.78600
2026-06-10 08:00:00,57.78700,58.16500,56.00000,57.10800
2026-06-10 09:00:00,57.10700,57.35600,56.61500,57.30900
2026-06-10 10:00:00,57.30900,57.49300,55.57900,55.77500
2026-06-10 11:00:00,55.77300,57.04800,55.74200,56.60300
2026-06-10 12:00:00,56.60400,56.64800,55.27300,55.56500
2026-06-10 13:00:00,55.56600,55.74100,55.06400,55.37500
2026-06-10 14:00:00,55.37600,55.70300,55.05300,55.21600
2026-06-10 15:00:00,55.21600,56.24100,55.11100,55.71600
2026-06-10 16:00:00,55.71800,55.85100,55.23000,55.77700
2026-06-10 17:00:00,55.77800,56.13700,55.32600,55.97100
2026-06-10 18:00:00,55.97000,56.65800,55.38500,56.41700
2026-06-10 19:00:00,56.41900,56.60600,55.55200,55.64500
2026-06-10 20:00:00,55.64200,56.72700,54.82800,56.21500
2026-06-10 21:00:00,56.21600,58.06400,55.97000,57.42400
2026-06-10 22:00:00,57.42200,58.36200,57.24000,58.03500
2026-06-10 23:00:00,58.03400,58.26000,56.64500,57.47400
2026-06-11 00:00:00,57.47400,57.53200,55.57100,55.73500
2026-06-11 01:00:00,55.73600,56.30400,54.81200,55.56600
2026-06-11 02:00:00,55.56600,55.76900,54.10100,54.70500
2026-06-11 03:00:00,54.70100,54.81100,53.54700,53.91700
2026-06-11 04:00:00,53.91600,54.27100,53.51500,53.73300
2026-06-11 05:00:00,53.73300,54.14100,53.15000,53.31500
2026-06-11 06:00:00,53.31600,53.60400,52.63600,53.27100
2026-06-11 07:00:00,53.27200,53.65300,52.67100,53.30800
2026-06-11 08:00:00,53.30900,53.74100,52.85300,53.26200
2026-06-11 09:00:00,53.26200,54.63600,53.26200,54.54400
2026-06-11 10:00:00,54.54400,54.58100,53.55700,54.14600
2026-06-11 11:00:00,54.14500,55.33800,54.01100,55.16900
2026-06-11 12:00:00,55.17000,55.20200,54.43700,54.74400
2026-06-11 13:00:00,54.74500,55.69000,54.35600,55.55100
2026-06-11 14:00:00,55.55100,56.38000,55.51200,55.54100
2026-06-11 15:00:00,55.54100,56.04900,55.41200,55.56300
2026-06-11 16:00:00,55.56800,56.33800,55.51100,56.01200
2026-06-11 17:00:00,56.01200,56.22000,55.56100,56.07900
2026-06-11 18:00:00,56.07900,56.23300,55.63500,55.91300
2026-06-11 19:00:00,55.91100,57.15700,55.86600,56.83500
2026-06-11 20:00:00,56.83500,57.01500,55.69200,56.25800
2026-06-11 21:00:00,56.25800,57.57000,56.08200,57.02700
2026-06-11 22:00:00,57.02800,57.16700,56.26000,56.46300
2026-06-11 23:00:00,56.46400,57.31900,56.18100,56.72600
2026-06-12 00:00:00,56.72600,56.86000,56.12200,56.24200
2026-06-12 01:00:00,56.24200,58.86900,55.82100,58.39900
2026-06-12 02:00:00,58.39900,58.69500,57.47600,58.32300
2026-06-12 03:00:00,58.32200,59.61100,58.00000,58.66500
2026-06-12 04:00:00,58.66400,59.10200,58.12700,58.33500
2026-06-12 05:00:00,58.33500,59.13600,58.33100,58.85000
2026-06-12 06:00:00,58.85000,59.23500,58.51700,58.55100
2026-06-12 07:00:00,58.55200,59.59700,58.29500,58.95800
2026-06-12 08:00:00,58.95800,59.75000,58.85100,59.19800
2026-06-12 09:00:00,59.19800,59.19900,58.25900,58.41800
2026-06-12 10:00:00,58.41800,59.46200,58.20600,59.32200
2026-06-12 11:00:00,59.32200,59.47300,58.92000,59.22900
2026-06-12 12:00:00,59.23000,59.46000,58.56000,58.67100
2026-06-12 13:00:00,58.67300,58.73600,58.01100,58.05400
2026-06-12 14:00:00,58.05900,58.24200,56.81700,57.15300
2026-06-12 15:00:00,57.15600,57.48700,56.76000,56.97600
2026-06-12 16:00:00,56.97700,58.66400,56.94100,58.63300
2026-06-12 17:00:00,58.63400,59.37800,58.30000,59.18700
2026-06-12 18:00:00,59.18800,59.49700,58.64800,59.09300
2026-06-12 19:00:00,59.09300,59.59200,59.01600,59.22900
2026-06-12 20:00:00,59.22900,60.75000,59.00900,60.39200
2026-06-12 21:00:00,60.39100,60.74000,59.32600,59.68600
2026-06-12 22:00:00,59.68300,60.47600,59.30400,60.44600
2026-06-12 23:00:00,60.44700,61.23600,59.72600,59.77200
2026-06-13 00:00:00,59.77200,61.52700,59.40900,61.02000
2026-06-13 01:00:00,61.02100,62.47000,60.95700,61.92600
2026-06-13 02:00:00,61.92800,62.17700,61.03200,61.15800
2026-06-13 03:00:00,61.15800,61.21700,60.46400,60.79000
2026-06-13 04:00:00,60.79100,61.35000,60.50000,60.81500
2026-06-13 05:00:00,60.81600,61.16300,60.15100,60.50800
2026-06-13 06:00:00,60.50600,60.88300,60.28000,60.64700
2026-06-13 07:00:00,60.64800,60.69800,59.21900,59.29800
2026-06-13 08:00:00,59.29700,59.36400,58.86200,59.29200
2026-06-13 09:00:00,59.29300,59.47700,58.90100,59.39600
2026-06-13 10:00:00,59.39600,59.70400,59.11500,59.21300
2026-06-13 11:00:00,59.21400,59.32600,58.30600,58.57800
2026-06-13 12:00:00,58.57900,58.65000,57.81100,57.95300
2026-06-13 13:00:00,57.95400,58.01800,57.24100,57.85100
2026-06-13 14:00:00,57.85100,58.86000,57.82000,58.73200
2026-06-13 15:00:00,58.73200,58.99500,58.34600,58.75800
2026-06-13 16:00:00,58.75800,59.20600,58.56100,58.87700
2026-06-13 17:00:00,58.87800,58.95000,58.25200,58.39400
2026-06-13 18:00:00,58.40100,58.50900,57.82900,58.05500
2026-06-13 19:00:00,58.05500,58.81100,57.94800,58.63900
2026-06-13 20:00:00,58.63900,59.57900,58.49900,59.44000
2026-06-13 21:00:00,59.44000,59.66300,58.90400,59.01600
2026-06-13 22:00:00,59.01500,60.24400,58.91400,60.24300
2026-06-13 23:00:00,60.24400,60.46000,59.75000,59.89800
2026-06-14 00:00:00,59.89900,60.29700,59.45000,60.13600
2026-06-14 01:00:00,60.13700,60.19100,58.98000,59.00900
2026-06-14 02:00:00,59.01000,59.87900,58.90000,59.85800
2026-06-14 03:00:00,59.85700,59.99100,59.62600,59.86400
2026-06-14 04:00:00,59.86200,59.99000,59.62500,59.91300
2026-06-14 05:00:00,59.91700,60.77300,59.78900,60.51100
2026-06-14 06:00:00,60.51100,60.53800,60.22100,60.23900
2026-06-14 07:00:00,60.23500,60.91700,60.12800,60.68400
2026-06-14 08:00:00,60.68200,60.93400,60.39900,60.87100
2026-06-14 09:00:00,60.87200,61.10800,60.50000,60.57600
2026-06-14 10:00:00,60.57500,61.19900,60.50200,60.79500
2026-06-14 11:00:00,60.80400,60.92300,60.30800,60.57700
2026-06-14 12:00:00,60.57800,60.63500,59.94000,60.10500
2026-06-14 13:00:00,60.10500,60.23600,59.83500,59.93700
2026-06-14 14:00:00,59.93700,60.32900,59.65200,59.88200
2026-06-14 15:00:00,59.88300,60.53400,59.78400,60.07400
2026-06-14 16:00:00,60.07500,60.33000,59.68900,60.25700
2026-06-14 17:00:00,60.25600,60.85900,59.90400,60.82800
2026-06-14 18:00:00,60.82800,61.59000,60.48100,61.00000
2026-06-14 19:00:00,61.00100,61.25400,60.55400,60.99800
2026-06-14 20:00:00,60.99900,61.32300,60.64500,60.85300
2026-06-14 21:00:00,60.85400,61.28800,60.57300,61.05000
2026-06-14 22:00:00,61.04800,61.06900,59.61300,60.29500
2026-06-14 23:00:00,60.29800,60.70800,60.20700,60.22600
2026-06-15 00:00:00,60.22700,60.49600,59.90600,59.93700
2026-06-15 01:00:00,59.93700,60.34500,59.73700,59.76500
2026-06-15 02:00:00,59.77000,60.42800,59.58900,60.34000
2026-06-15 03:00:00,60.33800,60.76900,60.16300,60.49300
2026-06-15 04:00:00,60.49400,60.74100,60.22400,60.47500
2026-06-15 05:00:00,60.47500,63.80800,60.34700,63.01000
2026-06-15 06:00:00,63.01000,63.62600,62.22400,63.00400
2026-06-15 07:00:00,63.00300,64.07900,62.93000,63.86300
2026-06-15 08:00:00,63.86400,64.25200,63.45200,63.91900
2026-06-15 09:00:00,63.92000,63.97700,63.11100,63.55800
2026-06-15 10:00:00,63.55800,65.05600,63.41400,64.78500
2026-06-15 11:00:00,64.78700,65.39900,64.52700,65.29100
2026-06-15 12:00:00,65.29100,65.78800,64.74900,64.80900
2026-06-15 13:00:00,64.81000,65.12900,64.50200,64.75200
2026-06-15 14:00:00,64.75200,65.20000,64.38900,65.16500
2026-06-15 15:00:00,65.16500,65.83000,64.76000,65.19900
2026-06-15 16:00:00,65.20000,65.99400,65.10900,65.97800
2026-06-15 17:00:00,65.97800,66.62700,65.58700,66.51000
2026-06-15 18:00:00,66.50900,68.11600,66.38900,67.81500
2026-06-15 19:00:00,67.81500,68.48600,67.60700,67.93900
2026-06-15 20:00:00,67.93900,68.32100,67.34700,68.03000
2026-06-15 21:00:00,68.03100,68.25300,66.87300,66.97400
2026-06-15 22:00:00,66.97300,68.14900,66.66600,67.98500
2026-06-15 23:00:00,67.98400,68.45000,67.44200,68.00600
2026-06-16 00:00:00,68.00500,68.46600,67.50100,68.37000
2026-06-16 01:00:00,68.37000,68.75700,67.87300,68.09600
2026-06-16 02:00:00,68.09700,68.41300,67.70100,67.97600
2026-06-16 03:00:00,67.97500,68.25000,67.00400,67.18600
2026-06-16 04:00:00,67.18600,67.64000,67.00100,67.41500
2026-06-16 05:00:00,67.41400,68.18600,67.31500,68.08700
2026-06-16 06:00:00,68.08700,68.37000,66.43200,66.46600
2026-06-16 07:00:00,66.46600,66.94200,66.06900,66.86800
2026-06-16 08:00:00,66.87000,67.54800,66.34400,67.29900
2026-06-16 09:00:00,67.29900,67.70300,67.06300,67.31300
2026-06-16 10:00:00,67.31300,67.62300,66.80000,67.48700
2026-06-16 11:00:00,67.48400,69.88000,67.35000,69.75400
2026-06-16 12:00:00,69.75300,70.49100,69.04100,70.38600
2026-06-16 13:00:00,70.38600,72.30900,70.33600,71.81600
2026-06-16 14:00:00,71.81500,72.78000,71.51800,72.70500
2026-06-16 15:00:00,72.70400,73.09000,71.87800,72.96300
2026-06-16 16:00:00,72.96200,74.08600,72.54000,73.73900
2026-06-16 17:00:00,73.74100,73.98800,72.98600,73.44200
2026-06-16 18:00:00,73.44200,76.66000,73.23000,75.35400
2026-06-16 19:00:00,75.35900,76.10500,74.45200,75.59600
2026-06-16 20:00:00,75.59700,76.99100,74.86000,76.94600
2026-06-16 21:00:00,76.94500,76.94900,75.30000,75.80100
2026-06-16 22:00:00,75.80000,76.52800,73.31400,73.46200
2026-06-16 23:00:00,73.45900,75.09800,73.37000,74.93100
2026-06-17 00:00:00,74.93100,75.39900,73.42400,73.70500
2026-06-17 01:00:00,73.70200,74.31900,72.80000,74.03500
2026-06-17 02:00:00,74.03500,75.20000,72.45500,72.86200
2026-06-17 03:00:00,72.86400,73.49900,72.15000,72.52100
2026-06-17 04:00:00,72.52100,73.49200,72.16800,73.44000
2026-06-17 05:00:00,73.43700,73.75300,72.86700,73.50600
2026-06-17 06:00:00,73.50500,74.06500,73.00900,73.48500
2026-06-17 07:00:00,73.48600,73.87800,72.97300,73.65100
2026-06-17 08:00:00,73.65100,73.94700,72.60600,72.82800
2026-06-17 09:00:00,72.82800,74.84600,72.81000,74.42200
2026-06-17 10:00:00,74.41900,74.95700,74.07800,74.85100
2026-06-17 11:00:00,74.85100,75.11400,74.30000,74.50900
2026-06-17 12:00:00,74.50700,75.34800,74.33200,74.51500
2026-06-17 13:00:00,74.51600,74.74700,73.40200,74.35300
2026-06-17 14:00:00,74.35400,74.39600,72.82800,73.41600
2026-06-17 15:00:00,73.41700,73.78900,72.95200,73.44000
2026-06-17 16:00:00,73.44100,73.51800,72.20000,72.40500
2026-06-17 17:00:00,72.40300,73.22200,72.29100,73.07600
2026-06-17 18:00:00,73.07600,73.09600,72.04400,72.25600
2026-06-17 19:00:00,72.25600,72.43300,70.63200,71.02500
2026-06-17 20:00:00,71.02600,71.67900,69.95400,71.41700
2026-06-17 21:00:00,71.41700,72.39200,70.95900,71.72400
2026-06-17 22:00:00,71.72300,72.68800,71.25500,72.15500
2026-06-17 23:00:00,72.15200,74.63100,71.84200,74.40400
2026-06-18 00:00:00,74.40200,76.72000,74.40100,75.29400
2026-06-18 01:00:00,75.28800,75.47400,73.80000,74.34600
2026-06-18 02:00:00,74.34600,75.37100,72.70300,73.65800
2026-06-18 03:00:00,73.65800,74.03100,71.02300,72.25800
2026-06-18 04:00:00,72.26000,72.82800,71.53600,72.40000
2026-06-18 05:00:00,72.40000,72.63200,70.48300,71.08000
2026-06-18 06:00:00,71.07900,71.61500,70.21900,70.96500
2026-06-18 07:00:00,70.97000,71.76600,70.94900,71.15800
2026-06-18 08:00:00,71.15900,72.52900,71.06600,72.30000
2026-06-18 09:00:00,72.30000,73.73600,72.04700,72.38700
2026-06-18 10:00:00,72.38800,72.77700,71.93900,72.49500
2026-06-18 11:00:00,72.49500,72.53900,70.68000,70.98500
2026-06-18 12:00:00,70.98400,71.14600,68.68000,69.28200
2026-06-18 13:00:00,69.28300,69.79900,68.60200,69.73800
2026-06-18 14:00:00,69.73300,71.27900,69.55400,71.22900
2026-06-18 15:00:00,71.23000,71.67900,70.63200,71.52200
2026-06-18 16:00:00,71.52400,72.77300,71.13200,71.85800
2026-06-18 17:00:00,71.86100,72.80000,71.66100,71.83300
2026-06-18 18:00:00,71.83300,72.63100,71.26000,72.18600
2026-06-18 19:00:00,72.18600,72.59800,70.58900,70.93900
2026-06-18 20:00:00,70.94000,72.04800,70.69200,71.70400
2026-06-18 21:00:00,71.70300,72.33800,70.17600,70.63200
2026-06-18 22:00:00,70.63200,70.94400,68.95800,69.33400
2026-06-18 23:00:00,69.33500,69.36300,67.32900,67.52500
2026-06-19 00:00:00,67.52600,68.26300,66.83900,67.49400
2026-06-19 01:00:00,67.49600,67.60600,66.52600,66.61100
2026-06-19 02:00:00,66.61200,68.24700,66.58300,67.85600
2026-06-19 03:00:00,67.85600,68.78200,67.67000,68.18000
2026-06-19 04:00:00,68.17700,69.33600,68.17700,68.90800
2026-06-19 05:00:00,68.90800,69.00000,67.33300,68.00000
2026-06-19 06:00:00,68.00000,68.09500,67.65000,67.79500
2026-06-19 07:00:00,67.79400,68.54900,67.31400,68.34900
2026-06-19 08:00:00,68.34900,68.36600,67.64300,67.68600
2026-06-19 09:00:00,67.68600,67.80000,66.76700,67.67800
2026-06-19 10:00:00,67.67800,68.21800,67.01000,68.17900
2026-06-19 11:00:00,68.17900,68.29300,66.67200,66.81000
2026-06-19 12:00:00,66.80900,67.69900,65.61300,65.76900
2026-06-19 13:00:00,65.77200,66.86000,65.77200,66.81200
2026-06-19 14:00:00,66.81200,67.77600,66.49900,67.66600
2026-06-19 15:00:00,67.66600,67.76300,66.23000,66.53700
2026-06-19 16:00:00,66.53600,67.69300,66.53600,67.43200
2026-06-19 17:00:00,67.43200,67.71800,66.62600,66.71200
2026-06-19 18:00:00,66.71200,67.24000,66.40000,67.06000
2026-06-19 19:00:00,67.06000,67.62500,66.72200,67.38400
2026-06-19 20:00:00,67.38400,68.39000,66.50000,68.33500
2026-06-19 21:00:00,68.33500,69.42400,67.39300,68.80600
2026-06-19 22:00:00,68.80300,69.16800,67.80100,68.81600
2026-06-19 23:00:00,68.81700,69.59700,68.77500,69.35500
2026-06-20 00:00:00,69.35500,70.81800,69.21900,69.73200
2026-06-20 01:00:00,69.73000,70.75900,69.20000,70.55500
2026-06-20 02:00:00,70.55500,71.35500,70.22300,70.66200
2026-06-20 03:00:00,70.66100,71.37400,70.33400,70.55900
2026-06-20 04:00:00,70.55200,70.98000,69.70000,70.30200
2026-06-20 05:00:00,70.30400,70.56000,69.19100,69.35600
2026-06-20 06:00:00,69.35600,70.21800,68.90200,69.93600
2026-06-20 07:00:00,69.93700,70.50000,69.50300,70.28800
2026-06-20 08:00:00,70.28700,70.42400,69.08000,69.23400
2026-06-20 09:00:00,69.23600,69.62100,68.72200,69.35500
2026-06-20 10:00:00,69.35200,69.41400,68.39900,68.51100
2026-06-20 11:00:00,68.51100,69.23300,68.49900,68.93800
2026-06-20 12:00:00,68.93800,70.08400,68.67000,70.04000
2026-06-20 13:00:00,70.04100,70.56000,69.89100,70.31900
2026-06-20 14:00:00,70.31900,70.95500,70.30800,70.45400
2026-06-20 15:00:00,70.45500,70.55000,69.86800,69.99100
2026-06-20 16:00:00,69.98500,70.99600,69.94100,70.70300
2026-06-20 17:00:00,70.70300,70.88000,70.19400,70.77200
2026-06-20 18:00:00,70.77200,71.19900,70.55000,70.76400
2026-06-20 19:00:00,70.76400,71.30000,70.45000,71.07000
2026-06-20 20:00:00,71.07000,71.42900,70.62500,70.80600
2026-06-20 21:00:00,70.80600,70.83100,69.25000,69.55800
2026-06-20 22:00:00,69.55900,71.16200,68.68300,70.76300
2026-06-20 23:00:00,70.76200,71.25000,70.46400,71.10000
2026-06-21 00:00:00,71.10000,71.11600,69.66900,69.82300
2026-06-21 01:00:00,69.82300,69.88900,68.97800,69.54200
2026-06-21 02:00:00,69.53900,69.80500,69.42400,69.74000
2026-06-21 03:00:00,69.74100,70.01800,69.61500,69.86100
2026-06-21 04:00:00,69.86200,69.98000,69.35600,69.78600
2026-06-21 05:00:00,69.78500,70.23600,69.74700,70.00200
2026-06-21 06:00:00,70.00100,70.82400,69.95500,70.60100
2026-06-21 07:00:00,70.60200,71.00000,70.54300,70.73900
2026-06-21 08:00:00,70.73900,70.79400,70.26000,70.46100
2026-06-21 09:00:00,70.46100,70.89800,70.33100,70.47300
2026-06-21 10:00:00,70.47200,70.65200,69.81800,69.83500
2026-06-21 11:00:00,69.83400,70.38800,69.67300,69.71900
2026-06-21 12:00:00,69.72000,70.12300,69.22500,69.46900
2026-06-21 13:00:00,69.46900,69.55500,69.03500,69.43300
2026-06-21 14:00:00,69.43300,69.52400,69.00000,69.20700
2026-06-21 15:00:00,69.20700,69.53400,68.06300,68.53300
2026-06-21 16:00:00,68.53200,68.58900,67.25000,67.72300
2026-06-21 17:00:00,67.72400,68.36700,67.61100,68.27100
2026-06-21 18:00:00,68.27100,68.62900,68.12800,68.41500
2026-06-21 19:00:00,68.42000,68.45100,67.58300,67.79800
2026-06-21 20:00:00,67.79900,68.10100,67.26500,67.99700
2026-06-21 21:00:00,67.99900,68.00100,67.61200,67.92000
2026-06-21 22:00:00,67.92000,68.21400,67.41500,68.12400
2026-06-21 23:00:00,68.12400,68.78700,68.03400,68.69000
2026-06-22 00:00:00,68.68900,68.77200,67.69400,68.00000
2026-06-22 01:00:00,67.99900,68.35800,67.77300,67.87800
2026-06-22 02:00:00,67.87400,68.52000,67.56400,68.31800
2026-06-22 03:00:00,68.31700,68.67600,68.07700,68.54600
2026-06-22 04:00:00,68.54700,68.87700,67.75100,67.92300
2026-06-22 05:00:00,67.92300,68.04500,67.33300,67.45700
2026-06-22 06:00:00,67.45700,67.83800,66.80100,67.36400
2026-06-22 07:00:00,67.36400,67.36500,66.58000,66.93600
2026-06-22 08:00:00,66.93600,67.71800,66.85200,67.61900
2026-06-22 09:00:00,67.62000,68.91900,67.62000,68.42100
2026-06-22 10:00:00,68.42200,68.62900,67.33100,67.38300
2026-06-22 11:00:00,67.38300,67.47300,65.20200,65.48100
2026-06-22 12:00:00,65.48100,66.08900,65.24600,65.97000
2026-06-22 13:00:00,65.96900,66.49800,65.73200,66.32100
2026-06-22 14:00:00,66.32100,66.52800,66.01000,66.21100
2026-06-22 15:00:00,66.21200,67.56800,66.21000,67.28800
2026-06-22 16:00:00,67.28800,67.94900,67.06900,67.43600
2026-06-22 17:00:00,67.43600,67.66900,67.14600,67.46600
2026-06-22 18:00:00,67.46600,67.89700,67.38000,67.56800
2026-06-22 19:00:00,67.56900,68.54300,67.41900,68.04300
2026-06-22 20:00:00,68.04300,68.83000,67.82000,68.47400
2026-06-22 21:00:00,68.47400,69.54500,68.07600,69.29500
2026-06-22 22:00:00,69.29500,69.34000,67.87000,67.98600
2026-06-22 23:00:00,67.98700,68.50000,66.83800,66.96100
2026-06-23 00:00:00,66.96200,67.79300,66.53500,67.61400
2026-06-23 01:00:00,67.61400,68.06700,67.20200,68.00200
2026-06-23 02:00:00,68.00300,69.41200,67.91400,67.92900
2026-06-23 03:00:00,67.92700,68.38300,66.88100,67.41200
2026-06-23 04:00:00,67.41000,67.72700,66.85700,67.26600
2026-06-23 05:00:00,67.26600,67.42100,66.27800,66.73600
2026-06-23 06:00:00,66.74000,66.99700,65.86800,66.24000
2026-06-23 07:00:00,66.23800,66.38700,65.82200,66.29300
2026-06-23 08:00:00,66.29300,66.62000,65.89800,66.32200
2026-06-23 09:00:00,66.32300,66.56100,65.75300,66.35800
2026-06-23 10:00:00,66.35800,67.37700,66.05000,67.09200
2026-06-23 11:00:00,67.09500,67.13300,66.52000,67.07800
2026-06-23 12:00:00,67.07800,67.21500,65.83600,66.24800
2026-06-23 13:00:00,66.24800,66.71900,65.00700,65.32400
2026-06-23 14:00:00,65.32400,65.32400,63.46600,64.32100
2026-06-23 15:00:00,64.32000,64.65900,63.51600,63.60500
2026-06-23 16:00:00,63.60600,63.83800,62.75000,62.92000
2026-06-23 17:00:00,62.92100,63.21000,62.54400,63.10700
2026-06-23 18:00:00,63.10700,63.33100,62.29600,62.61800
2026-06-23 19:00:00,62.61700,63.29700,62.60400,63.25500
2026-06-23 20:00:00,63.25600,63.51700,62.64100,62.93600
2026-06-23 21:00:00,62.93700,63.34000,62.66800,63.34000
2026-06-23 22:00:00,63.34100,63.68800,62.87100,62.95100
2026-06-23 23:00:00,62.95200,63.08400,61.66800,62.40200
2026-06-24 00:00:00,62.40000,63.04700,62.04000,62.44400
2026-06-24 01:00:00,62.44400,62.94900,61.88100,62.20000
2026-06-24 02:00:00,62.20100,62.37500,61.75500,61.79600
2026-06-24 03:00:00,61.79600,62.42100,61.75200,62.27900
2026-06-24 04:00:00,62.27900,62.78800,61.85700,62.06600
2026-06-24 05:00:00,62.06700,62.48500,62.01100,62.08300
2026-06-24 06:00:00,62.08200,62.94300,62.04200,62.32000
2026-06-24 07:00:00,62.31900,62.33400,61.73100,62.20500
2026-06-24 08:00:00,62.20400,62.99800,62.12000,62.90000
2026-06-24 09:00:00,62.90000,63.25400,62.34400,62.79500
2026-06-24 10:00:00,62.79500,62.84100,61.53900,61.56800
2026-06-24 11:00:00,61.56800,61.59200,60.60200,61.32700
2026-06-24 12:00:00,61.32800,61.77500,60.43800,61.46000
2026-06-24 13:00:00,61.45800,62.45300,61.44800,62.26400
2026-06-24 14:00:00,62.26300,62.67300,61.93000,62.22200
2026-06-24 15:00:00,62.22300,62.42100,61.74100,62.00600
2026-06-24 16:00:00,62.00600,62.75800,61.91700,62.68300
2026-06-24 17:00:00,62.68400,62.68400,62.10500,62.44400
2026-06-24 18:00:00,62.44400,62.56800,62.00000,62.06200
2026-06-24 19:00:00,62.06200,63.35200,61.57100,62.54500
2026-06-24 20:00:00,62.54400,62.63400,61.82100,61.99400
2026-06-24 21:00:00,61.99500,62.05300,60.25300,60.87700
2026-06-24 22:00:00,60.87600,61.15000,60.12000,60.87400
2026-06-24 23:00:00,60.87500,60.91500,59.76600,59.97800
2026-06-25 00:00:00,59.97700,60.66200,59.10300,59.63500
2026-06-25 01:00:00,59.63400,59.92600,59.11800,59.23500
2026-06-25 02:00:00,59.23800,60.94700,59.19200,60.38400
2026-06-25 03:00:00,60.38400,60.88700,60.03100,60.86300
2026-06-25 04:00:00,60.86400,62.99900,60.62900,62.54500
2026-06-25 05:00:00,62.54500,63.38000,62.28800,63.32400
2026-06-25 06:00:00,63.32500,63.67700,63.07800,63.28700
2026-06-25 07:00:00,63.28600,64.30000,63.20300,63.94300
2026-06-25 08:00:00,63.94500,64.16400,62.82100,63.03300
2026-06-25 09:00:00,63.03300,63.47400,62.77100,63.33400
2026-06-25 10:00:00,63.33400,63.73500,63.04700,63.33500
2026-06-25 11:00:00,63.33400,63.48700,62.85300,63.06600
2026-06-25 12:00:00,63.06200,63.90600,62.57700,63.70200
2026-06-25 13:00:00,63.70200,63.98600,63.26900,63.58000
2026-06-25 14:00:00,63.58100,64.53100,63.49700,64.46600
2026-06-25 15:00:00,64.46600,64.62700,63.68400,63.76900
2026-06-25 16:00:00,63.77000,63.97100,63.36400,63.45800
2026-06-25 17:00:00,63.45800,63.76400,63.23200,63.68500
2026-06-25 18:00:00,63.68400,63.90000,62.80800,62.83700
2026-06-25 19:00:00,62.83600,62.98200,62.43500,62.90400
2026-06-25 20:00:00,62.90300,63.90800,62.43100,63.21700
2026-06-25 21:00:00,63.21800,63.38200,58.50100,58.87100
2026-06-25 22:00:00,58.87500,61.52800,58.86400,60.81000
2026-06-25 23:00:00,60.81100,62.03800,60.05000,61.84600
2026-06-26 00:00:00,61.84600,62.66400,61.06500,61.31600
2026-06-26 01:00:00,61.31500,63.54900,61.22300,63.42500
2026-06-26 02:00:00,63.42400,63.66300,62.77400,63.66300
2026-06-26 03:00:00,63.66300,63.66300,62.32800,63.56600
2026-06-26 04:00:00,63.56600,64.21500,62.96300,63.12700
2026-06-26 05:00:00,63.12700,64.87000,62.87100,64.45900
2026-06-26 06:00:00,64.45800,64.72100,63.41300,63.76300
2026-06-26 07:00:00,63.76300,65.47400,63.42700,64.11200
2026-06-26 08:00:00,64.11400,64.50200,63.48000,63.53500
2026-06-26 09:00:00,63.53100,63.67600,62.70200,63.26300
2026-06-26 10:00:00,63.26100,63.27800,61.40500,61.62600
2026-06-26 11:00:00,61.62500,63.91700,61.43600,63.85100
2026-06-26 12:00:00,63.85000,63.97500,62.61400,62.78900
2026-06-26 13:00:00,62.78900,63.05000,62.01500,62.55100
2026-06-26 14:00:00,62.55200,63.88800,62.18300,63.73400
2026-06-26 15:00:00,63.73300,65.08900,63.37500,65.03000
2026-06-26 16:00:00,65.02700,65.47400,63.97400,64.05800
2026-06-26 17:00:00,64.05800,64.08400,62.59100,62.65300
2026-06-26 18:00:00,62.65200,62.65200,61.85100,61.98100
2026-06-26 19:00:00,61.98100,62.42000,61.72200,62.09200
2026-06-26 20:00:00,62.09200,62.65000,61.11400,61.52700
2026-06-26 21:00:00,61.52800,63.92800,60.99300,63.78800
2026-06-26 22:00:00,63.78800,64.74200,63.57700,63.95900
2026-06-26 23:00:00,63.95700,65.07900,63.86100,64.87000
2026-06-27 00:00:00,64.87100,65.39500,64.22700,64.98100
2026-06-27 01:00:00,64.98100,65.49500,64.35000,64.54700
2026-06-27 02:00:00,64.54700,65.27200,63.98400,64.05500
2026-06-27 03:00:00,64.05600,65.43100,63.88800,64.69200
2026-06-27 04:00:00,64.70300,65.17500,63.65100,63.75100
2026-06-27 05:00:00,63.75000,64.52800,63.28900,63.97800
2026-06-27 06:00:00,63.97800,64.22100,63.60800,64.20700
2026-06-27 07:00:00,64.20700,64.71000,64.17200,64.38800
2026-06-27 08:00:00,64.38800,64.41500,63.26300,63.68500
2026-06-27 09:00:00,63.68600,63.78800,63.33300,63.44300
2026-06-27 10:00:00,63.44200,64.50000,63.23300,64.24300
2026-06-27 11:00:00,64.24400,64.39600,63.87300,64.02700
2026-06-27 12:00:00,64.02300,64.77900,63.93200,64.01800
2026-06-27 13:00:00,64.02200,64.08100,63.68300,63.77300
2026-06-27 14:00:00,63.77300,63.99000,63.20800,63.52600
2026-06-27 15:00:00,63.52700,63.82900,63.31600,63.62700
2026-06-27 16:00:00,63.62700,63.99200,63.34500,63.48400
2026-06-27 17:00:00,63.48500,63.55400,62.63600,62.93000
2026-06-27 18:00:00,62.93000,63.31800,62.90400,63.30000
2026-06-27 19:00:00,63.29900,63.75300,62.81000,63.44700
2026-06-27 20:00:00,63.44600,63.45900,62.94200,63.31400
2026-06-27 21:00:00,63.31400,63.91300,63.20900,63.71300
2026-06-27 22:00:00,63.71300,64.23200,63.49300,63.83600
2026-06-27 23:00:00,63.83600,64.74900,63.82000,64.43700
2026-06-28 00:00:00,64.43600,64.43600,63.93700,64.24700
2026-06-28 01:00:00,64.24700,64.25700,63.06100,63.06900
2026-06-28 02:00:00,63.06900,63.28100,62.86900,63.06200
2026-06-28 03:00:00,63.06300,63.19800,62.17300,62.21400
2026-06-28 04:00:00,62.21400,62.58100,61.91600,62.43100
2026-06-28 05:00:00,62.43100,62.80700,62.24500,62.50100
2026-06-28 06:00:00,62.50000,62.64900,61.70400,62.61200
2026-06-28 07:00:00,62.61300,62.68000,61.50700,61.68200
2026-06-28 08:00:00,61.68100,62.17600,61.57800,61.81000
2026-06-28 09:00:00,61.81100,62.14900,61.43000,61.98800
2026-06-28 10:00:00,61.98800,62.14900,61.65600,61.93400
2026-06-28 11:00:00,61.93400,62.28400,61.87100,62.23100
2026-06-28 12:00:00,62.23100,62.29800,61.82100,61.94500
2026-06-28 13:00:00,61.94500,62.10900,61.66800,61.96600
2026-06-28 14:00:00,61.96600,62.21500,61.56000,61.98400
2026-06-28 15:00:00,61.98500,62.65400,61.96800,62.63000
2026-06-28 16:00:00,62.63100,63.46600,62.30600,63.09000
2026-06-28 17:00:00,63.09100,63.18600,62.78200,62.84300
2026-06-28 18:00:00,62.84300,63.11100,62.46300,62.84700
2026-06-28 19:00:00,62.84700,63.54600,62.81800,63.22000
2026-06-28 20:00:00,63.22000,63.59100,62.86000,63.09700
2026-06-28 21:00:00,63.09900,63.28900,62.53300,62.80900
2026-06-28 22:00:00,62.80900,63.25700,62.69000,62.70200
2026-06-28 23:00:00,62.70200,63.21900,62.60600,63.11400
2026-06-29 00:00:00,63.11500,63.27800,62.32900,62.65700
2026-06-29 01:00:00,62.65800,63.04600,62.42400,62.82000
2026-06-29 02:00:00,62.82000,62.86600,61.88400,62.16300
2026-06-29 03:00:00,62.17000,62.32800,61.61200,62.01500
2026-06-29 04:00:00,62.01100,62.45500,61.87200,61.91200
2026-06-29 05:00:00,61.91300,61.91800,60.50000,60.77700
2026-06-29 06:00:00,60.78000,61.52400,60.57700,60.86800
2026-06-29 07:00:00,60.86800,61.74900,60.80300,61.46000
2026-06-29 08:00:00,61.46100,61.75100,60.64000,61.71000
2026-06-29 09:00:00,61.71000,62.07300,61.17500,61.96200
2026-06-29 10:00:00,61.96300,62.65800,61.37300,62.49600
2026-06-29 11:00:00,62.49800,62.94500,62.24000,62.72600
2026-06-29 12:00:00,62.72400,62.83500,62.01500,62.05500
2026-06-29 13:00:00,62.06000,62.99700,61.54300,62.96000
2026-06-29 14:00:00,62.96200,63.23500,62.65600,62.65800
2026-06-29 15:00:00,62.65800,62.93000,62.45700,62.59400
2026-06-29 16:00:00,62.59500,62.79000,62.33100,62.37600
2026-06-29 17:00:00,62.37800,62.77500,62.27100,62.58900
2026-06-29 18:00:00,62.59200,63.85400,62.59200,63.64200
2026-06-29 19:00:00,63.64500,63.69600,62.88100,63.37700
2026-06-29 20:00:00,63.38100,64.64000,63.11900,63.79700
2026-06-29 21:00:00,63.79800,64.97800,63.16000,63.91500
2026-06-29 22:00:00,63.91600,64.50000,63.25000,64.42200
2026-06-29 23:00:00,64.42400,64.97700,63.71200,64.87900
2026-06-30 00:00:00,64.87900,65.27500,64.22400,64.71300
2026-06-30 01:00:00,64.71200,66.99900,64.71200,66.38500
2026-06-30 02:00:00,66.38900,66.45800,65.67700,65.80500
2026-06-30 03:00:00,65.80600,67.19800,65.40400,66.95900
2026-06-30 04:00:00,66.96200,67.01500,66.32300,66.35300
2026-06-30 05:00:00,66.35300,67.80000,66.27300,67.55000
2026-06-30 06:00:00,67.54200,67.84800,66.71600,67.00000
2026-06-30 07:00:00,66.99900,67.28600,66.62900,66.92200
2026-06-30 08:00:00,66.92200,67.00400,65.80000,66.05200
2026-06-30 09:00:00,66.05300,66.58000,65.59800,66.41600
2026-06-30 10:00:00,66.41500,66.52300,65.60100,65.76200
2026-06-30 11:00:00,65.76200,66.18000,65.71900,65.77100
2026-06-30 12:00:00,65.77100,66.51600,65.53200,66.22600
2026-06-30 13:00:00,66.22500,66.33300,65.69700,66.06800
2026-06-30 14:00:00,66.06800,66.08800,65.40500,65.52100
2026-06-30 15:00:00,65.52100,65.75900,65.23100,65.66300
2026-06-30 16:00:00,65.66300,65.75900,65.00000,65.17100
2026-06-30 17:00:00,65.17200,65.45000,64.88100,65.32200
2026-06-30 18:00:00,65.32300,66.23200,65.15800,66.07200
2026-06-30 19:00:00,66.07400,66.34100,65.47500,65.69600
2026-06-30 20:00:00,65.69700,65.69700,64.43200,64.54800
2026-06-30 21:00:00,64.55200,65.58600,64.40400,65.24900
2026-06-30 22:00:00,65.24800,66.04200,64.68600,64.81800
2026-06-30 23:00:00,64.82200,65.46300,64.50800,65.03400
2026-07-01 00:00:00,65.02900,65.32400,64.14200,64.68900
2026-07-01 01:00:00,64.68900,65.22300,64.52400,64.58900
2026-07-01 02:00:00,64.58900,65.26300,64.49600,64.99500
2026-07-01 03:00:00,64.99700,65.55600,64.76600,65.50500
2026-07-01 04:00:00,65.49900,65.74900,64.63900,64.68600
2026-07-01 05:00:00,64.68400,64.91400,64.16700,64.70900
2026-07-01 06:00:00,64.71000,64.91800,64.32600,64.63800
2026-07-01 07:00:00,64.63800,65.10700,64.51900,65.06100
2026-07-01 08:00:00,65.06100,65.18400,64.19300,64.23400
2026-07-01 09:00:00,64.23500,64.73400,62.94400,64.56300
2026-07-01 10:00:00,64.56300,65.59500,64.49500,65.44500
2026-07-01 11:00:00,65.44600,65.81500,65.07900,65.60000
2026-07-01 12:00:00,65.60000,66.03000,65.36900,65.88200
2026-07-01 13:00:00,65.88300,66.02600,65.11800,65.20800
2026-07-01 14:00:00,65.20700,65.24700,64.53400,64.90600
2026-07-01 15:00:00,64.90700,64.95300,64.06000,64.47600
2026-07-01 16:00:00,64.47700,64.47700,63.23300,64.00200
2026-07-01 17:00:00,64.00200,64.27600,63.77700,64.03600
2026-07-01 18:00:00,64.03600,64.06900,62.43400,62.74800
2026-07-01 19:00:00,62.75100,63.05000,62.38100,62.67800
2026-07-01 20:00:00,62.67900,62.87400,62.41200,62.52000
2026-07-01 21:00:00,62.51800,64.11800,62.49600,64.06700
2026-07-01 22:00:00,64.06600,64.79800,63.20800,63.67100
2026-07-01 23:00:00,63.67100,64.86600,63.58100,64.61200
2026-07-02 00:00:00,64.61200,65.09900,64.24700,64.43300
2026-07-02 01:00:00,64.43300,64.62200,64.00200,64.38400
2026-07-02 02:00:00,64.38500,64.78100,63.64000,63.84100
2026-07-02 03:00:00,63.84100,64.14300,62.86600,62.98600
2026-07-02 04:00:00,62.98700,63.30300,61.96200,62.27200
2026-07-02 05:00:00,62.27300,63.81600,61.96900,63.42300
2026-07-02 06:00:00,63.42300,64.20000,62.51000,63.30800
2026-07-02 07:00:00,63.30700,63.30700,62.31800,62.37100
2026-07-02 08:00:00,62.37100,62.59100,61.69300,62.29500
2026-07-02 09:00:00,62.29500,63.19400,62.17000,62.82000
2026-07-02 10:00:00,62.82000,63.14100,62.43600,63.06400
2026-07-02 11:00:00,63.06500,63.68000,62.77500,63.62800
2026-07-02 12:00:00,63.62000,63.85500,63.26100,63.72400
2026-07-02 13:00:00,63.72400,63.84300,63.33100,63.39900
2026-07-02 14:00:00,63.39900,63.81400,62.92900,63.23000
2026-07-02 15:00:00,63.23400,63.44400,62.89900,63.14900
2026-07-02 16:00:00,63.14800,63.58900,63.00000,63.56700
2026-07-02 17:00:00,63.56700,64.17400,63.40000,63.94700
2026-07-02 18:00:00,63.94700,64.44800,63.76900,64.20400
2026-07-02 19:00:00,64.20400,65.31500,64.13200,65.08900
2026-07-02 20:00:00,65.08900,65.57600,64.66000,65.14300
2026-07-02 21:00:00,65.14400,66.27500,65.04000,65.96900
2026-07-02 22:00:00,65.96900,66.50800,65.04300,65.59900
2026-07-02 23:00:00,65.60000,65.70800,64.92200,65.40300
2026-07-03 00:00:00,65.39900,65.84300,65.06900,65.66100
2026-07-03 01:00:00,65.66200,66.24600,65.49300,65.94100
2026-07-03 02:00:00,65.94200,67.19200,65.92600,66.82400
2026-07-03 03:00:00,66.82400,66.96900,66.20000,66.27400
2026-07-03 04:00:00,66.27500,66.50800,66.17500,66.31800
2026-07-03 05:00:00,66.31900,66.36300,65.70000,65.95300
2026-07-03 06:00:00,65.95200,66.22000,65.50000,65.87000
2026-07-03 07:00:00,65.87000,67.00000,65.70700,66.92900
2026-07-03 08:00:00,66.92600,67.05900,65.92100,66.06100
2026-07-03 09:00:00,66.06100,67.06800,66.03100,66.87300
2026-07-03 10:00:00,66.87200,67.09300,66.41800,66.74000
2026-07-03 11:00:00,66.73900,66.84700,66.32900,66.69900
2026-07-03 12:00:00,66.70000,66.75900,66.24400,66.57800
2026-07-03 13:00:00,66.57800,67.82000,66.53700,67.31100
2026-07-03 14:00:00,67.31200,67.57700,66.94400,67.22300
2026-07-03 15:00:00,67.22300,67.46200,66.96800,67.28600
2026-07-03 16:00:00,67.28700,67.84000,67.28400,67.65700
2026-07-03 17:00:00,67.65700,68.49900,67.45100,67.65500
2026-07-03 18:00:00,67.65500,69.17700,67.53900,68.96200
2026-07-03 19:00:00,68.96200,69.54700,68.84400,69.28000
2026-07-03 20:00:00,69.27900,69.45300,68.75100,69.07800
2026-07-03 21:00:00,69.07900,69.94800,69.02800,69.71000
2026-07-03 22:00:00,69.70400,70.50000,69.01400,70.35600
2026-07-03 23:00:00,70.35600,70.82900,69.81500,69.96100
2026-07-04 00:00:00,69.96000,70.56600,69.49600,69.85500
2026-07-04 01:00:00,69.85600,70.74100,69.62300,70.73600
2026-07-04 02:00:00,70.73600,70.80500,70.33600,70.50700
2026-07-04 03:00:00,70.50800,70.59100,70.21100,70.28200
2026-07-04 04:00:00,70.28200,71.12800,70.22900,70.64700
2026-07-04 05:00:00,70.64800,71.27400,70.40000,70.89200
2026-07-04 06:00:00,70.89300,70.98500,70.60200,70.77000
2026-07-04 07:00:00,70.76900,71.06000,70.36100,70.67700
2026-07-04 08:00:00,70.67700,71.42900,70.55100,71.20700
2026-07-04 09:00:00,71.20800,71.20800,70.17400,70.29000
2026-07-04 10:00:00,70.28900,71.10000,69.95900,70.76500
2026-07-04 11:00:00,70.76400,71.72400,70.57100,71.35600
2026-07-04 12:00:00,71.35700,72.08600,71.20500,71.56500
2026-07-04 13:00:00,71.56500,71.72600,71.01800,71.41800
2026-07-04 14:00:00,71.42000,71.72800,70.80100,71.28300
2026-07-04 15:00:00,71.28300,71.77300,71.13200,71.48900
2026-07-04 16:00:00,71.49300,71.59200,71.05100,71.09000
2026-07-04 17:00:00,71.09100,71.26900,70.67700,70.94800
2026-07-04 18:00:00,70.94800,71.23900,70.54000,70.68600
2026-07-04 19:00:00,70.68600,70.78700,70.38400,70.64300
2026-07-04 20:00:00,70.64400,71.18700,70.64300,70.85900
2026-07-04 21:00:00,70.86000,71.34400,70.34300,70.52000
2026-07-04 22:00:00,70.51900,70.87300,70.41500,70.55900
2026-07-04 23:00:00,70.55800,71.22400,70.48100,70.64600
2026-07-05 00:00:00,70.64500,70.88700,70.21300,70.26600
2026-07-05 01:00:00,70.26700,70.85000,70.03700,70.64500
2026-07-05 02:00:00,70.64600,70.68500,69.55400,69.76400
2026-07-05 03:00:00,69.76400,70.07600,69.41800,69.92400
2026-07-05 04:00:00,69.92200,70.09400,69.52300,69.78900
2026-07-05 05:00:00,69.79000,70.25600,69.70200,70.14700
2026-07-05 06:00:00,70.14700,70.24500,69.84800,70.07100
2026-07-05 07:00:00,70.06600,70.09500,69.64000,69.87100
2026-07-05 08:00:00,69.87200,69.90000,69.10600,69.35000
2026-07-05 09:00:00,69.35000,69.37500,68.67000,69.01100
2026-07-05 10:00:00,69.01000,69.01700,68.30000,68.63400
2026-07-05 11:00:00,68.63400,68.76000,68.37400,68.67300
2026-07-05 12:00:00,68.67300,69.35800,68.67100,68.78500
2026-07-05 13:00:00,68.78400,68.80000,68.22200,68.51900
2026-07-05 14:00:00,68.51900,68.73900,68.35800,68.61100
2026-07-05 15:00:00,68.61200,68.71800,68.35600,68.68200
2026-07-05 16:00:00,68.68100,68.94300,68.47000,68.88600
2026-07-05 17:00:00,68.88700,68.95000,68.30200,68.46300
2026-07-05 18:00:00,68.46200,69.11100,68.38000,68.97300
2026-07-05 19:00:00,68.97300,69.04800,68.52100,68.89300
2026-07-05 20:00:00,68.89400,69.48600,68.69200,69.18900
2026-07-05 21:00:00,69.18900,69.57500,69.07800,69.28100
2026-07-05 22:00:00,69.28000,69.48500,69.00600,69.43800
2026-07-05 23:00:00,69.43800,69.86600,69.34600,69.53700
2026-07-06 00:00:00,69.53700,69.55400,69.17000,69.39100
2026-07-06 01:00:00,69.39100,69.51800,69.16000,69.26200
2026-07-06 02:00:00,69.26200,69.43500,69.12400,69.27400
2026-07-06 03:00:00,69.27400,69.96900,69.22700,69.80500
2026-07-06 04:00:00,69.80600,70.92000,69.75900,70.91800
2026-07-06 05:00:00,70.91700,71.33900,70.46800,71.02000
2026-07-06 06:00:00,71.01900,71.71900,70.85700,71.54500
2026-07-06 07:00:00,71.54500,71.60000,71.03600,71.36400
2026-07-06 08:00:00,71.36400,72.59900,71.14200,72.49100
2026-07-06 09:00:00,72.49000,72.71000,71.72700,71.85100
2026-07-06 10:00:00,71.85200,72.38800,71.55000,72.25600
2026-07-06 11:00:00,72.25600,72.43900,71.33900,71.63400
2026-07-06 12:00:00,71.63200,71.79300,71.18200,71.61100
2026-07-06 13:00:00,71.61100,71.76600,70.69000,70.77000
2026-07-06 14:00:00,70.77100,71.27100,70.67500,71.17600
2026-07-06 15:00:00,71.17600,71.25700,70.78200,70.85100
2026-07-06 16:00:00,70.85000,71.10800,69.93900,70.33000
2026-07-06 17:00:00,70.33000,70.38400,69.70400,69.99100
2026-07-06 18:00:00,69.99200,70.62800,69.98800,70.43800
2026-07-06 19:00:00,70.43900,71.01600,69.94600,70.02500
2026-07-06 20:00:00,70.02500,70.09200,69.03000,69.11800
2026-07-06 21:00:00,69.11800,70.00000,68.56200,69.67200
2026-07-06 22:00:00,69.66700,70.34300,69.47100,69.83500
2026-07-06 23:00:00,69.83500,70.85300,69.82500,70.72500
2026-07-07 00:00:00,70.72600,71.32300,70.68100,71.29300
2026-07-07 01:00:00,71.29200,71.56800,70.97300,71.08500
2026-07-07 02:00:00,71.08700,71.62500,71.05200,71.22700
2026-07-07 03:00:00,71.22700,71.73400,71.12400,71.59500
2026-07-07 04:00:00,71.59300,71.61700,70.80700,70.92200
2026-07-07 05:00:00,70.92200,71.77100,70.82700,71.59700
2026-07-07 06:00:00,71.59700,71.62500,70.94100,71.10600
2026-07-07 07:00:00,71.10500,71.13300,70.51600,70.60800
2026-07-07 08:00:00,70.60900,72.05600,70.40400,71.97200
2026-07-07 09:00:00,71.97100,71.97100,71.14600,71.16900
2026-07-07 10:00:00,71.17100,71.28400,70.47700,70.66900
2026-07-07 11:00:00,70.66700,70.75200,70.10000,70.21400
2026-07-07 12:00:00,70.21300,70.26400,69.70600,70.20600
2026-07-07 13:00:00,70.20700,70.45300,69.48000,70.19200
2026-07-07 14:00:00,70.19200,70.99600,70.03500,70.90500
2026-07-07 15:00:00,70.90400,71.30000,70.53300,70.58100
2026-07-07 16:00:00,70.58100,71.08400,70.51400,71.03900
2026-07-07 17:00:00,71.03900,71.61800,70.88800,71.30900
2026-07-07 18:00:00,71.31000,71.87700,71.26500,71.40700
2026-07-07 19:00:00,71.40700,71.96300,71.15800,71.95100
2026-07-07 20:00:00,71.95100,72.55800,71.83600,72.05100
2026-07-07 21:00:00,72.05100,72.14500,71.10800,71.26000
2026-07-07 22:00:00,71.25900,72.39200,70.82000,72.34600
2026-07-07 23:00:00,72.34500,72.98500,71.91700,71.98200
2026-07-08 00:00:00,71.98200,72.31900,71.57300,71.65800
2026-07-08 01:00:00,71.65700,72.05500,71.40000,71.63800
2026-07-08 02:00:00,71.64000,71.86800,70.12700,70.21600
2026-07-08 03:00:00,70.21200,70.41900,69.33600,70.15400
2026-07-08 04:00:00,70.15500,70.36500,69.88200,70.17300
2026-07-08 05:00:00,70.17300,70.48200,68.92000,69.32000
2026-07-08 06:00:00,69.31800,69.77900,68.90300,69.71500
2026-07-08 07:00:00,69.71600,69.92100,69.11900,69.18600
2026-07-08 08:00:00,69.18700,69.75000,69.11200,69.45700
2026-07-08 09:00:00,69.45800,69.55700,67.46000,68.10200
2026-07-08 10:00:00,68.10200,68.38500,67.15200,68.24900
2026-07-08 11:00:00,68.25000,68.55600,67.85700,68.03900
2026-07-08 12:00:00,68.03900,68.34200,67.80200,68.21300
2026-07-08 13:00:00,68.21200,68.45000,68.01200,68.35100
2026-07-08 14:00:00,68.35400,68.40000,67.81000,68.16300
2026-07-08 15:00:00,68.16400,68.38900,67.71800,68.24700
2026-07-08 16:00:00,68.24800,68.42600,67.36500,67.98500
2026-07-08 17:00:00,67.98400,68.49800,67.72400,67.98700
2026-07-08 18:00:00,67.98800,68.32500,67.84700,68.23200
2026-07-08 19:00:00,68.23600,69.11400,67.84800,68.86500
2026-07-08 20:00:00,68.86800,68.89700,67.93100,67.95900
2026-07-08 21:00:00,67.96000,68.40200,67.37500,67.89700
2026-07-08 22:00:00,67.89200,68.08000,67.20100,67.38500
2026-07-08 23:00:00,67.38500,67.40700,66.53600,66.90500
2026-07-09 00:00:00,66.90600,67.73800,66.88700,67.64400
2026-07-09 01:00:00,67.64500,67.95400,67.42900,67.55400
2026-07-09 02:00:00,67.55400,67.77700,66.63400,66.78800
2026-07-09 03:00:00,66.78900,67.36500,66.62700,67.33600
2026-07-09 04:00:00,67.33800,67.45000,66.80500,66.92300
2026-07-09 05:00:00,66.92300,67.08200,66.16200,67.07300
2026-07-09 06:00:00,67.07000,67.29500,66.88900,67.17600
2026-07-09 07:00:00,67.17700,67.69200,67.02500,67.60200
2026-07-09 08:00:00,67.60200,67.85900,67.20600,67.79200
2026-07-09 09:00:00,67.79200,68.36400,67.17600,67.25700
2026-07-09 10:00:00,67.25600,67.54500,66.98200,67.07200
2026-07-09 11:00:00,67.07200,67.43400,66.99400,67.15400
2026-07-09 12:00:00,67.15300,67.86400,67.03900,67.83400
2026-07-09 13:00:00,67.83200,68.10600,67.32200,67.99600
2026-07-09 14:00:00,67.99600,68.28100,67.71000,68.16500
2026-07-09 15:00:00,68.16500,68.43000,67.69200,68.07100
2026-07-09 16:00:00,68.07100,68.41800,67.90400,68.03200
2026-07-09 17:00:00,68.03000,68.12000,67.53800,67.86100
2026-07-09 18:00:00,67.86100,68.01700,67.22800,67.48200
2026-07-09 19:00:00,67.48300,67.53500,67.02800,67.47000
2026-07-09 20:00:00,67.47000,67.64100,67.07500,67.23100
2026-07-09 21:00:00,67.22900,68.06600,67.19300,67.97800
2026-07-09 22:00:00,67.97900,68.13900,67.27700,68.06200
2026-07-09 23:00:00,68.06300,68.74800,67.41500,67.45800
2026-07-10 00:00:00,67.45800,68.03400,67.10000,67.20700
2026-07-10 01:00:00,67.20700,67.45500,66.96800,67.23800
2026-07-10 02:00:00,67.23800,68.00000,67.19400,67.24500
2026-07-10 03:00:00,67.24500,67.27500,66.61000,66.94600
2026-07-10 04:00:00,66.94600,67.40600,66.91300,67.31400
2026-07-10 05:00:00,67.31500,67.44000,67.19300,67.35100
2026-07-10 06:00:00,67.35100,67.41900,67.05200,67.21000
2026-07-10 07:00:00,67.21000,67.31700,66.91000,67.10600
2026-07-10 08:00:00,67.10600,67.30300,66.82200,67.23500
2026-07-10 09:00:00,67.23500,68.13700,67.03300,67.86800
2026-07-10 10:00:00,67.86800,68.37500,67.84200,68.34000
2026-07-10 11:00:00,68.34000,68.46500,68.03700,68.45000
2026-07-10 12:00:00,68.45000,68.53600,68.10500,68.24700
2026-07-10 13:00:00,68.24600,68.27400,68.00000,68.14500
2026-07-10 14:00:00,68.14500,68.14700,67.70400,68.03900
2026-07-10 15:00:00,68.03900,68.35600,67.87000,68.28300
2026-07-10 16:00:00,68.28400,69.07800,68.21900,68.64200
2026-07-10 17:00:00,68.64100,69.28600,68.47300,69.03800
2026-07-10 18:00:00,69.03800,69.37300,68.80000,68.81000
2026-07-10 19:00:00,68.81000,69.24800,68.70100,68.84300
2026-07-10 20:00:00,68.84400,68.96300,68.26000,68.37600
2026-07-10 21:00:00,68.37700,69.01200,68.30100,68.37300
2026-07-10 22:00:00,68.37300,68.47300,67.19600,67.32500
2026-07-10 23:00:00,67.32300,67.75400,67.19200,67.48000
2026-07-11 00:00:00,67.48100,67.97900,67.35500,67.85900
2026-07-11 01:00:00,67.85800,67.89800,67.41200,67.56900
2026-07-11 02:00:00,67.57000,67.97500,67.23400,67.33200
2026-07-11 03:00:00,67.33400,67.58000,67.00100,67.26900
2026-07-11 04:00:00,67.26800,67.29500,66.63200,66.95500
2026-07-11 05:00:00,66.95500,67.41900,66.90700,67.41800
2026-07-11 06:00:00,67.41800,67.64000,67.39000,67.46700
2026-07-11 07:00:00,67.46700,67.56200,67.31500,67.51700
2026-07-11 08:00:00,67.51600,67.62500,67.22300,67.42100
2026-07-11 09:00:00,67.42000,67.68700,66.84100,66.91900
2026-07-11 10:00:00,66.91900,67.32200,66.79200,67.27300
2026-07-11 11:00:00,67.27400,67.32500,66.95100,67.05300
2026-07-11 12:00:00,67.05300,67.08900,66.50900,66.56200
2026-07-11 13:00:00,66.56100,66.67200,66.36800,66.53600
2026-07-11 14:00:00,66.53600,66.67600,66.30200,66.30300
2026-07-11 15:00:00,66.30300,66.46600,66.17900,66.44700
2026-07-11 16:00:00,66.44700,66.74000,66.42500,66.52500
2026-07-11 17:00:00,66.52400,66.88100,66.51200,66.66100
2026-07-11 18:00:00,66.66100,66.99400,66.58800,66.79500
2026-07-11 19:00:00,66.79600,67.02500,66.73300,67.00500
2026-07-11 20:00:00,67.00600,67.17000,66.76100,66.88400
2026-07-11 21:00:00,66.88400,66.92300,66.33200,66.61000
2026-07-11 22:00:00,66.61000,67.82500,66.61000,67.41500
2026-07-11 23:00:00,67.41600,67.66400,66.85400,67.23100
2026-07-12 00:00:00,67.23100,67.28000,66.87400,67.11800
2026-07-12 01:00:00,67.11900,67.55000,67.00500,67.33100
2026-07-12 02:00:00,67.33000,67.77300,67.27300,67.64200
2026-07-12 03:00:00,67.64200,67.85100,67.40800,67.54800
2026-07-12 04:00:00,67.54900,67.93200,67.54800,67.85500
2026-07-12 05:00:00,67.85300,68.26500,67.80000,68.00100
2026-07-12 06:00:00,68.00500,68.11800,67.53600,67.58400
2026-07-12 07:00:00,67.58400,67.70000,66.73800,66.74200
2026-07-12 08:00:00,66.74300,67.14700,66.59300,66.90500
2026-07-12 09:00:00,66.90400,67.38800,66.81200,67.32900
2026-07-12 10:00:00,67.32900,67.44000,67.11200,67.20900
2026-07-12 11:00:00,67.20900,67.27600,66.93100,67.24300
2026-07-12 12:00:00,67.24200,67.34900,66.98300,67.11800
2026-07-12 13:00:00,67.11800,67.23600,66.94000,67.12900
2026-07-12 14:00:00,67.12900,67.13800,66.47000,66.92000
2026-07-12 15:00:00,66.92000,67.07500,66.85200,66.94800
2026-07-12 16:00:00,66.94900,67.48300,66.93000,67.13500
2026-07-12 17:00:00,67.14000,67.30000,66.70000,67.03700
2026-07-12 18:00:00,67.03700,67.05200,66.56500,66.74300
2026-07-12 19:00:00,66.74300,67.20400,66.63800,66.88200
2026-07-12 20:00:00,66.88100,67.04600,66.64200,66.72000
2026-07-12 21:00:00,66.72000,67.14400,66.61100,66.98200
2026-07-12 22:00:00,66.98200,67.53900,66.98100,67.35400
2026-07-12 23:00:00,67.35400,67.87900,67.35200,67.54000
2026-07-13 00:00:00,67.54000,68.07700,67.51200,67.95900
2026-07-13 01:00:00,67.95800,68.13700,67.72800,67.88000
2026-07-13 02:00:00,67.88100,68.21000,67.78700,68.17100
2026-07-13 03:00:00,68.17100,68.34200,67.92200,68.25200
2026-07-13 04:00:00,68.25100,68.38100,67.80400,67.89100
2026-07-13 05:00:00,67.89100,68.03300,67.60100,67.68100
2026-07-13 06:00:00,67.68200,67.70100,66.91500,67.16700
2026-07-13 07:00:00,67.16600,67.42500,67.04400,67.30600
2026-07-13 08:00:00,67.30600,68.22300,67.20300,67.69600
2026-07-13 09:00:00,67.69500,67.69800,66.92300,66.94100
2026-07-13 10:00:00,66.94100,67.17800,66.86300,66.98500
2026-07-13 11:00:00,66.98800,67.02800,66.51100,66.59300
2026-07-13 12:00:00,66.59200,66.71000,64.85500,65.06800
2026-07-13 13:00:00,65.06600,65.60000,64.78000,65.41400
2026-07-13 14:00:00,65.41500,65.63400,65.01100,65.08300
2026-07-13 15:00:00,65.08300,65.59300,64.90600,65.50300
2026-07-13 16:00:00,65.49900,65.79500,65.30400,65.59900
2026-07-13 17:00:00,65.60000,65.63100,64.95000,64.99800
2026-07-13 18:00:00,64.99800,65.23700,64.83300,65.21300
2026-07-13 19:00:00,65.21300,65.37700,64.89200,65.05400
2026-07-13 20:00:00,65.05300,65.11000,64.23400,64.36100
2026-07-13 21:00:00,64.36000,64.47600,63.33300,63.95600
2026-07-13 22:00:00,63.95600,64.41200,63.56700,64.31500
2026-07-13 23:00:00,64.31600,64.45200,63.86000,63.89500
2026-07-14 00:00:00,63.89500,63.94400,63.15000,63.53700
2026-07-14 01:00:00,63.53800,63.98100,63.27700,63.37900
2026-07-14 02:00:00,63.37900,63.81900,63.28700,63.69300
2026-07-14 03:00:00,63.69400,63.85000,63.51100,63.68600
2026-07-14 04:00:00,63.68500,63.69300,62.86800,63.49200
2026-07-14 05:00:00,63.49300,63.52400,62.50000,62.90800
2026-07-14 06:00:00,62.90700,63.28000,62.90200,63.21700
2026-07-14 07:00:00,63.21800,63.64700,63.08100,63.44400
2026-07-14 08:00:00,63.44400,63.74100,63.10700,63.54400
2026-07-14 09:00:00,63.54400,63.76300,63.15900,63.17300
2026-07-14 10:00:00,63.17300,63.47800,63.01400,63.19100
2026-07-14 11:00:00,63.19100,63.29600,62.55500,63.25500
2026-07-14 12:00:00,63.25400,63.46000,63.03300,63.42200
2026-07-14 13:00:00,63.42200,64.16900,63.38600,63.73300
2026-07-14 14:00:00,63.73300,63.90800,63.64300,63.75200
2026-07-14 15:00:00,63.74900,63.85500,63.45400,63.51800
2026-07-14 16:00:00,63.52000,63.88200,63.42500,63.84400
2026-07-14 17:00:00,63.84300,64.01600,63.45400,63.48700
2026-07-14 18:00:00,63.48700,64.01800,63.45500,63.93400
2026-07-14 19:00:00,63.93500,64.08000,63.76700,63.82800
2026-07-14 20:00:00,63.82800,65.25400,63.58800,65.12600
2026-07-14 21:00:00,65.12700,65.39500,64.63600,65.03700
2026-07-14 22:00:00,65.03700,65.07400,64.33700,64.89300
2026-07-14 23:00:00,64.89400,65.19600,64.58100,64.73400
2026-07-15 00:00:00,64.73500,65.06700,64.58500,64.79300
2026-07-15 01:00:00,64.79300,65.35500,64.41700,65.19000
2026-07-15 02:00:00,65.19100,65.73900,64.97100,65.55700
2026-07-15 03:00:00,65.55600,65.66700,65.18700,65.23000
2026-07-15 04:00:00,65.23100,65.72700,64.94300,65.72300
2026-07-15 05:00:00,65.72300,66.01600,65.55900,65.61000
2026-07-15 06:00:00,65.61100,66.20000,65.49800,65.69200
2026-07-15 07:00:00,65.69200,65.85100,65.38300,65.56800
2026-07-15 08:00:00,65.56800,65.93300,65.45100,65.69800
2026-07-15 09:00:00,65.69900,65.74000,64.86300,65.07900
2026-07-15 10:00:00,65.07600,66.60000,64.95800,66.52900
2026-07-15 11:00:00,66.53000,67.60900,66.44500,67.29500
2026-07-15 12:00:00,67.29600,67.41900,66.75600,66.85800
2026-07-15 13:00:00,66.85800,67.19500,66.64500,67.11400
2026-07-15 14:00:00,67.11500,67.57600,67.02900,67.35800
2026-07-15 15:00:00,67.35800,67.36300,66.78800,66.87700
2026-07-15 16:00:00,66.87800,67.45300,66.72100,67.24600
2026-07-15 17:00:00,67.24600,68.22000,67.18400,67.97300
2026-07-15 18:00:00,67.97400,68.27300,67.83300,68.22900
2026-07-15 19:00:00,68.22800,68.55100,68.15300,68.47400
2026-07-15 20:00:00,68.47400,68.96800,68.21500,68.95300
2026-07-15 21:00:00,68.94900,69.04200,68.23100,68.47600
2026-07-15 22:00:00,68.47700,68.91100,68.27300,68.32300
2026-07-15 23:00:00,68.32200,68.43300,67.62600,67.92000
2026-07-16 00:00:00,67.92300,67.97300,67.03000,67.39400
2026-07-16 01:00:00,67.39400,68.02000,67.37800,67.83900
2026-07-16 02:00:00,67.83900,68.37000,67.12300,67.31800
2026-07-16 03:00:00,67.31700,67.41900,66.77200,66.85000
2026-07-16 04:00:00,66.85100,67.39600,66.78700,67.22000
2026-07-16 05:00:00,67.22100,67.51400,66.95800,67.11600
2026-07-16 06:00:00,67.11700,67.31000,66.92900,67.08800
2026-07-16 07:00:00,67.08700,67.33200,66.78000,66.87900
2026-07-16 08:00:00,66.87800,67.23000,66.34000,66.64300
2026-07-16 09:00:00,66.64300,66.82100,66.16100,66.69800
2026-07-16 10:00:00,66.70000,66.71600,66.25500,66.52400
2026-07-16 11:00:00,66.52200,66.60100,66.01900,66.13200
2026-07-16 12:00:00,66.13200,66.48200,65.96100,66.42900
2026-07-16 13:00:00,66.42800,66.89900,66.42100,66.87700
2026-07-16 14:00:00,66.87200,66.95600,66.58300,66.86900
2026-07-16 15:00:00,66.86800,66.91700,66.14100,66.48500
2026-07-16 16:00:00,66.48600,66.62400,65.54400,65.99400
2026-07-16 17:00:00,65.99400,66.10700,65.78200,65.94700
2026-07-16 18:00:00,65.94600,66.13300,65.70100,65.96800
2026-07-16 19:00:00,65.96900,65.97900,65.65700,65.87300
2026-07-16 20:00:00,65.87300,65.91300,65.16000,65.41200
2026-07-16 21:00:00,65.41100,65.87500,65.37600,65.54900
2026-07-16 22:00:00,65.54800,66.17800,65.51300,65.74900
2026-07-16 23:00:00,65.74900,65.77100,65.21600,65.33600
2026-07-17 00:00:00,65.33500,65.34100,63.86700,63.90700
2026-07-17 01:00:00,63.91200,63.97500,61.83200,62.80500
2026-07-17 02:00:00,62.80500,63.06300,62.10700,62.80800
2026-07-17 03:00:00,62.80700,62.89600,62.13200,62.29100
2026-07-17 04:00:00,62.29100,62.76700,62.19000,62.31500
2026-07-17 05:00:00,62.31600,62.71800,62.24800,62.35500
2026-07-17 06:00:00,62.35600,62.67100,61.26100,61.92200
2026-07-17 07:00:00,61.92200,61.92200,60.49800,60.72200
2026-07-17 08:00:00,60.72100,61.55900,60.65400,61.46500
2026-07-17 09:00:00,61.46500,61.74200,59.61600,60.04400
2026-07-17 10:00:00,60.04300,60.55800,60.00300,60.35100
2026-07-17 11:00:00,60.35200,60.68000,59.95500,59.99000
2026-07-17 12:00:00,59.99000,60.19400,59.78800,60.02100
2026-07-17 13:00:00,60.02100,60.02100,58.79800,59.15900
2026-07-17 14:00:00,59.15900,59.54200,58.71500,59.21000
2026-07-17 15:00:00,59.21100,59.35000,58.43800,58.63800
2026-07-17 16:00:00,58.63900,59.80000,58.55100,59.55400
2026-07-17 17:00:00,59.55500,61.17000,59.43300,60.46100
2026-07-17 18:00:00,60.46100,60.89400,60.11200,60.22400
2026-07-17 19:00:00,60.22400,60.50800,60.12500,60.33100
2026-07-17 20:00:00,60.33100,60.33900,59.61900,59.69400
2026-07-17 21:00:00,59.69500,60.59800,58.91200,60.57300
2026-07-17 22:00:00,60.57400,60.97300,59.92100,60.09700
2026-07-17 23:00:00,60.09800,60.82200,59.77600,60.77500
2026-07-18 00:00:00,60.77600,60.80200,60.15700,60.25500
2026-07-18 01:00:00,60.25500,60.73500,60.22000,60.38400
2026-07-18 02:00:00,60.38200,60.45800,59.84600,60.30200
2026-07-18 03:00:00,60.30000,60.34700,59.68500,60.25500
2026-07-18 04:00:00,60.25500,60.31000,59.45700,59.72500
2026-07-18 05:00:00,59.72600,59.98200,59.71300,59.95300
2026-07-18 06:00:00,59.95200,60.18200,59.65900,59.79600
2026-07-18 07:00:00,59.79700,59.97900,59.51900,59.76000
2026-07-18 08:00:00,59.76000,60.10000,59.64900,59.74200
2026-07-18 09:00:00,59.74100,59.89700,59.60000,59.71900
2026-07-18 10:00:00,59.72000,59.99000,59.48600,59.49900
2026-07-18 11:00:00,59.49800,59.73200,59.36500,59.63500
2026-07-18 12:00:00,59.63600,59.65200,59.20000,59.27500
2026-07-18 13:00:00,59.27600,59.46000,58.65600,58.90000
2026-07-18 14:00:00,58.89900,59.27500,58.52200,58.92800
2026-07-18 15:00:00,58.92800,59.38500,58.77700,59.37400
2026-07-18 16:00:00,59.37300,59.52500,58.68000,58.76900
2026-07-18 17:00:00,58.77100,58.94600,58.67300,58.76900
2026-07-18 18:00:00,58.76800,59.15800,58.75600,59.12000
2026-07-18 19:00:00,59.12000,59.18400,58.56200,58.81000
2026-07-18 20:00:00,58.80900,59.17000,58.54300,58.84800
2026-07-18 21:00:00,58.84800,58.87200,58.16300,58.67600
2026-07-18 22:00:00,58.67700,59.69300,58.61500,59.43300
2026-07-18 23:00:00,59.43300,59.45500,59.07400,59.18600
2026-07-19 00:00:00,59.18500,59.63600,59.10200,59.51100
2026-07-19 01:00:00,59.51100,59.85800,59.36600,59.82800
2026-07-19 02:00:00,59.83000,60.19500,59.52200,59.90200
2026-07-19 03:00:00,59.90300,60.01200,59.74800,59.85600
2026-07-19 04:00:00,59.85700,60.18800,59.75800,59.97900
2026-07-19 05:00:00,59.97900,60.17700,59.92900,60.03300
2026-07-19 06:00:00,60.03300,60.60400,59.93400,60.49100
2026-07-19 07:00:00,60.49000,60.50900,60.15100,60.21500
2026-07-19 08:00:00,60.21500,60.55000,60.20400,60.40300
2026-07-19 09:00:00,60.40400,60.94800,60.37800,60.89900
2026-07-19 10:00:00,60.89900,61.10500,60.66000,60.82900
2026-07-19 11:00:00,60.82900,60.86200,60.55700,60.68000
2026-07-19 12:00:00,60.67900,60.97300,60.61100,60.83600
2026-07-19 13:00:00,60.83600,61.05000,60.62200,60.75300
2026-07-19 14:00:00,60.75300,60.89100,60.58600,60.82500
2026-07-19 15:00:00,60.82500,60.93300,60.68800,60.74900
2026-07-19 16:00:00,60.74900,61.37700,60.69400,61.28100
2026-07-19 17:00:00,61.28100,61.39900,61.02300,61.29500
2026-07-19 18:00:00,61.29500,61.31100,60.87100,60.98000
2026-07-19 19:00:00,60.97900,61.34300,60.90300,61.05500
2026-07-19 20:00:00,61.05500,61.10900,60.61500,60.98300
2026-07-19 21:00:00,60.98200,61.22300,60.63300,61.12700
2026-07-19 22:00:00,61.12700,61.34100,60.82900,60.98200
2026-07-19 23:00:00,60.98200,61.06600,60.81100,60.90600
2026-07-20 00:00:00,60.90300,60.93500,60.64100,60.70900
2026-07-20 01:00:00,60.70900,61.19700,60.23300,60.79300
2026-07-20 02:00:00,60.79200,60.83300,60.43600,60.63100
2026-07-20 03:00:00,60.63100,61.13500,60.56700,61.09000
2026-07-20 04:00:00,61.08900,61.48200,60.89800,61.32700
2026-07-20 05:00:00,61.32700,61.35900,60.88400,60.92600
2026-07-20 06:00:00,60.92600,61.35100,60.80400,60.99400
2026-07-20 07:00:00,60.99500,61.20700,60.81400,61.12000
2026-07-20 08:00:00,61.12100,61.62700,60.47900,60.68500
2026-07-20 09:00:00,60.68600,60.99900,60.06600,60.21700
2026-07-20 10:00:00,60.21800,60.59800,60.16700,60.52900
2026-07-20 11:00:00,60.52900,60.61900,60.07200,60.32500
2026-07-20 12:00:00,60.32100,60.50400,59.80500,60.09900
2026-07-20 13:00:00,60.10000,60.35300,59.80600,60.32600
2026-07-20 14:00:00,60.32600,60.42600,59.97600,60.20700
2026-07-20 15:00:00,60.20800,60.87500,60.19900,60.71300
2026-07-20 16:00:00,60.71400,60.94500,60.43100,60.62400
2026-07-20 17:00:00,60.62400,60.84800,60.42000,60.72200
2026-07-20 18:00:00,60.72300,60.92700,60.65400,60.72400
2026-07-20 19:00:00,60.72300,61.43700,60.60000,61.37000
2026-07-20 20:00:00,61.36900,61.39500,60.90900,61.30200
2026-07-20 21:00:00,61.30200,61.56800,60.70100,60.83300
2026-07-20 22:00:00,60.83300,61.19100,60.42000,60.89200
2026-07-20 23:00:00,60.89200,62.31000,60.88100,62.19400
2026-07-21 00:00:00,62.19300,62.54500,62.03400,62.31700
2026-07-21 01:00:00,62.31700,62.33200,61.78600,61.95100
2026-07-21 02:00:00,61.95100,62.44500,61.94200,62.22700
2026-07-21 03:00:00,62.22700,62.28300,61.93800,62.00000
2026-07-21 04:00:00,61.99700,62.74000,61.93900,62.67800
2026-07-21 05:00:00,62.67800,62.97400,62.45100,62.46600
2026-07-21 06:00:00,62.46600,62.74100,62.22200,62.23600
2026-07-21 07:00:00,62.23600,62.71600,62.21500,62.44800
2026-07-21 08:00:00,62.44800,62.80500,62.26000,62.47600
2026-07-21 09:00:00,62.47600,62.63600,62.27700,62.31400
2026-07-21 10:00:00,62.31400,62.55700,62.25000,62.48100
2026-07-21 11:00:00,62.48100,62.81800,62.47600,62.63200
2026-07-21 12:00:00,62.63300,62.97300,62.56000,62.85700
2026-07-21 13:00:00,62.85600,63.18700,62.81000,63.02100
2026-07-21 14:00:00,63.02000,63.26300,62.87200,63.11900
2026-07-21 15:00:00,63.11900,63.44100,62.92400,62.94900
2026-07-21 16:00:00,62.94900,63.05600,62.73200,62.97700
2026-07-21 17:00:00,62.97800,63.26800,62.81700,63.08400
2026-07-21 18:00:00,63.08300,63.20200,62.56500,62.71300
2026-07-21 19:00:00,62.71200,62.93000,62.51400,62.84300
2026-07-21 20:00:00,62.84200,62.89200,62.49100,62.75300
2026-07-21 21:00:00,62.75400,62.86500,62.11100,62.56600
2026-07-21 22:00:00,62.56600,62.64800,61.85800,61.91500
2026-07-21 23:00:00,61.91600,62.09800,61.53000,61.79600
2026-07-22 00:00:00,61.79500,61.95000,61.38600,61.89000
2026-07-22 01:00:00,61.89000,61.94000,60.17300,60.48800
2026-07-22 02:00:00,60.48800,60.67400,60.29100,60.48600
2026-07-22 03:00:00,60.48700,60.74600,59.87900,60.28600
2026-07-22 04:00:00,60.28600,60.47400,59.80600,60.41300
2026-07-22 05:00:00,60.41300,60.94700,60.31500,60.72700
2026-07-22 06:00:00,60.72700,60.88900,60.63300,60.77200
2026-07-22 07:00:00,60.77400,60.86500,60.54000,60.85200
2026-07-22 08:00:00,60.85300,61.18800,60.74500,61.14200
2026-07-22 09:00:00,61.14200,61.18000,60.75000,60.79100
2026-07-22 10:00:00,60.79200,60.91800,60.65200,60.70500
2026-07-22 11:00:00,60.70400,60.85500,60.08600,60.11900
2026-07-22 12:00:00,60.11800,60.58400,59.96800,60.28400
2026-07-22 13:00:00,60.28400,60.30100,58.60700,59.05100
2026-07-22 14:00:00,59.05200,59.07900,57.93000,58.71300
2026-07-22 15:00:00,58.71300,58.71300,58.20000,58.52800
2026-07-22 16:00:00,58.52900,58.93500,58.48900,58.80100
2026-07-22 17:00:00,58.80100,58.96200,58.58500,58.95000
2026-07-22 18:00:00,58.94900,59.19600,58.87100,59.05100
2026-07-22 19:00:00,59.05300,59.21900,58.46000,58.65600
2026-07-22 20:00:00,58.65600,58.67600,58.21800,58.44100
2026-07-22 21:00:00,58.44200,58.94300,58.11100,58.66100
2026-07-22 22:00:00,58.66100,59.14100,58.25500,58.48200
2026-07-22 23:00:00,58.48100,58.83600,57.99900,58.06800
2026-07-23 00:00:00,58.06800,58.28600,57.36500,58.21600
2026-07-23 01:00:00,58.21500,59.58800,57.77200,59.00400
2026-07-23 02:00:00,59.00400,59.72000,58.65900,59.52900
2026-07-23 03:00:00,59.52900,59.92800,59.06900,59.16700
2026-07-23 04:00:00,59.17000,60.06700,59.09600,59.28200
2026-07-23 05:00:00,59.28100,59.50000,59.01100,59.17400
2026-07-23 06:00:00,59.17400,59.30800,58.74800,59.20100
2026-07-23 07:00:00,59.20100,59.42700,58.83800,59.35700
2026-07-23 08:00:00,59.35800,59.77500,59.30800,59.35900
2026-07-23 09:00:00,59.35800,59.41000,58.86500,58.96100
2026-07-23 10:00:00,58.96000,58.99100,58.43800,58.94200
2026-07-23 11:00:00,58.94300,59.16300,58.73000,59.05200
2026-07-23 12:00:00,59.05100,59.53300,58.97300,59.10500
2026-07-23 13:00:00,59.10500,59.36500,58.79700,58.84600
2026-07-23 14:00:00,58.84600,59.16500,58.66600,59.07000
2026-07-23 15:00:00,59.06900,59.07100,58.26600,58.61100
2026-07-23 16:00:00,58.61000,59.05600,58.60200,59.04300
2026-07-23 17:00:00,59.04300,59.22600,58.93600,59.14900
2026-07-23 18:00:00,59.15000,59.31400,59.04200,59.11500
2026-07-23 19:00:00,59.11600,59.49000,58.95500,59.26400
2026-07-23 20:00:00,59.26400,59.56800,58.80900,59.31100
2026-07-23 21:00:00,59.31100,60.03400,59.10800,59.11400
2026-07-23 22:00:00,59.11500,59.98700,58.90900,59.86200
2026-07-23 23:00:00,59.86200,59.90500,59.37100,59.51200
2026-07-24 00:00:00,59.51300,59.52600,58.47500,58.74300
2026-07-24 01:00:00,58.74300,58.84200,58.15400,58.26200
2026-07-24 02:00:00,58.26100,58.78200,57.68800,58.38600
2026-07-24 03:00:00,58.38600,58.66900,57.60000,57.94300
2026-07-24 04:00:00,57.94200,58.43300,57.91400,58.08700
2026-07-24 05:00:00,58.08700,58.46800,57.41700,57.65500
2026-07-24 06:00:00,57.65600,57.66700,57.11300,57.55700
2026-07-24 07:00:00,57.55700,57.98500,57.44700,57.45900
2026-07-24 08:00:00,57.46000,57.56300,57.17200,57.44400
2026-07-24 09:00:00,57.44800,58.19900,57.42100,58.00000
2026-07-24 10:00:00,57.99900,58.12500,57.55700,57.73800
2026-07-24 11:00:00,57.73800,58.36900,57.55900,58.18700
2026-07-24 12:00:00,58.18700,58.53900,58.16700,58.39500
2026-07-24 13:00:00,58.39500,58.54500,58.31800,58.41600
2026-07-24 14:00:00,58.41500,58.99000,58.41500,58.75600
2026-07-24 15:00:00,58.75500,59.04200,58.52200,58.66600
2026-07-24 16:00:00,58.66600,59.05000,58.65600,58.77200
2026-07-24 17:00:00,58.77200,59.10000,58.50100,58.84100
2026-07-24 18:00:00,58.84000,58.84700,58.25600,58.44800
2026-07-24 19:00:00,58.44800,58.61500,58.25500,58.54100
2026-07-24 20:00:00,58.54000,58.59700,58.22200,58.35600
2026-07-24 21:00:00,58.35600,58.58900,57.95900,58.39200
2026-07-24 22:00:00,58.39300,58.98900,57.89000,58.90000
2026-07-24 23:00:00,58.90000,59.39100,58.57500,58.78500
2026-07-25 00:00:00,58.78500,59.13800,58.63800,58.71700
2026-07-25 01:00:00,58.71600,59.10000,58.60300,58.97600
2026-07-25 02:00:00,58.97600,58.98400,58.16900,58.60600
2026-07-25 03:00:00,58.60600,58.68100,58.06000,58.14200
2026-07-25 04:00:00,58.14300,58.30400,57.91400,58.03100
2026-07-25 05:00:00,58.03100,58.04300,56.60200,56.71800
2026-07-25 06:00:00,56.71800,57.41900,56.45900,57.20700
2026-07-25 07:00:00,57.20600,57.54600,57.19400,57.41600
2026-07-25 08:00:00,57.41600,57.56500,57.25500,57.36700
2026-07-25 09:00:00,57.36800,57.73700,57.03800,57.44200
2026-07-25 10:00:00,57.44200,57.53300,57.13700,57.23100
2026-07-25 11:00:00,57.23100,57.53800,57.23100,57.41000
2026-07-25 12:00:00,57.40900,57.47700,57.31000,57.42100
2026-07-25 13:00:00,57.42000,57.51200,57.15800,57.23400
2026-07-25 14:00:00,57.23500,57.29700,57.08000,57.28800
2026-07-25 15:00:00,57.28700,57.37500,57.08300,57.16100
2026-07-25 16:00:00,57.16100,57.30400,56.93400,57.07900
2026-07-25 17:00:00,57.07900,57.99100,56.95900,57.77100
2026-07-25 18:00:00,57.77200,57.82300,57.45700,57.56600
2026-07-25 19:00:00,57.56700,57.73000,57.36900,57.71300
2026-07-25 20:00:00,57.71300,57.72700,57.40000,57.55400
2026-07-25 21:00:00,57.55400,57.80300,57.27300,57.34400
2026-07-25 22:00:00,57.34400,57.54500,57.20200,57.48500
2026-07-25 23:00:00,57.48200,57.99000,57.46600,57.74100
2026-07-26 00:00:00,57.74200,57.93000,57.63100,57.90000
2026-07-26 01:00:00,57.89900,58.53000,57.80500,58.25100
2026-07-26 02:00:00,58.25100,58.50000,58.25100,58.35200
2026-07-26 03:00:00,58.35300,58.46500,57.92300,58.06100
2026-07-26 04:00:00,58.06000,58.24700,57.82600,58.10800
2026-07-26 05:00:00,58.10800,58.14500,57.87500,58.09700
2026-07-26 06:00:00,58.09700,58.17200,57.96800,58.14500
2026-07-26 07:00:00,58.14600,58.28500,58.01100,58.10400
2026-07-26 08:00:00,58.10300,58.38500,58.05200,58.26400
2026-07-26 09:00:00,58.26500,58.42000,58.16700,58.37000
2026-07-26 10:00:00,58.37000,58.59500,58.26400,58.53900
2026-07-26 11:00:00,58.53900,58.65300,58.42800,58.57600
2026-07-26 12:00:00,58.57600,58.70000,58.43800,58.53400
2026-07-26 13:00:00,58.53400,58.70800,58.37700,58.65900
2026-07-26 14:00:00,58.65900,58.82300,58.31900,58.61500
2026-07-26 15:00:00,58.61400,58.78500,58.55500,58.59000
2026-07-26 16:00:00,58.58900,58.59000,58.35900,58.50200
2026-07-26 17:00:00,58.50300,58.74800,58.50300,58.67400
2026-07-26 18:00:00,58.67500,58.91100,58.64000,58.75500
2026-07-26 19:00:00,58.75400,58.86700,58.55200,58.60400
2026-07-26 20:00:00,58.60400,58.78700,58.54100,58.66700
2026-07-26 21:00:00,58.66700,58.72600,58.46800,58.58700
2026-07-26 22:00:00,58.58800,58.96900,58.52600,58.73500
2026-07-26 23:00:00,58.73400,59.15000,58.68400,58.99500
2026-07-27 00:00:00,58.99600,59.59000,58.89100,59.42200
2026-07-27 01:00:00,59.42100,59.54400,59.06400,59.17600
2026-07-27 02:00:00,59.17700,59.20100,58.95000,59.01800
2026-07-27 03:00:00,59.01800,59.05000,58.76700,58.99700
2026-07-27 04:00:00,58.99800,59.02300,58.78600,58.88400
2026-07-27 05:00:00,58.88300,59.23500,58.86000,59.11600
2026-07-27 06:00:00,59.11700,59.76000,59.11700,59.74500
2026-07-27 07:00:00,59.74600,59.88800,59.53000,59.62000
2026-07-27 08:00:00,59.62100,59.68300,59.20600,59.33000
2026-07-27 09:00:00,59.32500,59.62400,59.09400,59.49900
2026-07-27 10:00:00,59.49900,59.73500,59.38800,59.58200
2026-07-27 11:00:00,59.58200,59.94500,59.46100,59.90600
2026-07-27 12:00:00,59.90700,60.47100,59.83100,60.19700
2026-07-27 13:00:00,60.19700,60.45400,60.05100,60.12100
2026-07-27 14:00:00,60.12200,60.36700,60.00400,60.09600
2026-07-27 15:00:00,60.09600,60.15000,59.84100,59.95800
2026-07-27 16:00:00,59.96100,60.31100,59.71600,60.14600
2026-07-27 17:00:00,60.14400,60.26600,59.93700,60.05200
2026-07-27 18:00:00,60.05100,60.39400,59.96300,60.37000
2026-07-27 19:00:00,60.37100,60.39000,59.79000,59.80800
2026-07-27 20:00:00,59.80800,60.07400,59.43300,59.78800
2026-07-27 21:00:00,59.78800,59.99900,59.26700,59.52600
2026-07-27 22:00:00,59.52600,59.55300,57.52800,58.18300
2026-07-27 23:00:00,58.18200,58.40700,57.33800,57.43700
2026-07-28 00:00:00,57.43700,57.92400,57.21100,57.58300
2026-07-28 01:00:00,57.58300,57.85700,57.10300,57.24000
2026-07-28 02:00:00,57.24000,57.25900,56.28000,56.69300
2026-07-28 03:00:00,56.69300,57.34900,56.56600,57.27000
2026-07-28 04:00:00,57.27100,57.28600,56.90600,57.21700
2026-07-28 05:00:00,57.21700,57.24200,56.66600,56.69100
2026-07-28 06:00:00,56.69100,56.70900,55.93500,56.17300
2026-07-28 07:00:00,56.17300,56.49800,55.70100,56.08500
2026-07-28 08:00:00,56.08600,56.26400,55.88600,56.19300
2026-07-28 09:00:00,56.19300,56.43000,55.61200,56.26700
2026-07-28 10:00:00,56.26700,56.42400,55.60100,55.81300
2026-07-28 11:00:00,55.81400,56.21100,55.76600,56.18300
2026-07-28 12:00:00,56.18300,56.33900,56.03100,56.20700
2026-07-28 13:00:00,56.20800,56.40000,55.17500,55.19700
2026-07-28 14:00:00,55.20200,55.63300,54.67700,55.50200
2026-07-28 15:00:00,55.50100,55.53700,55.01600,55.35100
2026-07-28 16:00:00,55.35100,55.42900,55.11000,55.25200
2026-07-28 17:00:00,55.25200,55.33300,54.92700,55.05000
2026-07-28 18:00:00,55.04900,55.13700,54.66000,54.67300
2026-07-28 19:00:00,54.67300,54.78700,54.32100,54.37500
2026-07-28 20:00:00,54.37500,54.59100,54.30100,54.32300
2026-07-28 21:00:00,54.32300,54.39300,54.00000,54.27000
2026-07-28 22:00:00,54.27000,55.29600,54.11200,54.86700
2026-07-28 23:00:00,54.86600,55.61000,54.64400,55.30200
2026-07-29 00:00:00,55.30200,55.85900,55.21500,55.68000
2026-07-29 01:00:00,55.68100,55.79400,54.63600,54.85100
2026-07-29 02:00:00,54.85100,55.13300,54.68800,55.10000
2026-07-29 03:00:00,55.09900,55.63000,55.00100,55.40600
2026-07-29 04:00:00,55.40900,55.59700,55.26200,55.45400
2026-07-29 05:00:00,55.45400,55.74500,55.20600,55.68500
2026-07-29 06:00:00,55.68600,55.76500,54.81400,54.87300
2026-07-29 07:00:00,54.87400,55.19000,54.50600,55.17900
2026-07-29 08:00:00,55.17800,55.38400,54.96000,54.99200
2026-07-29 09:00:00,54.99200,55.12200,54.36000,54.39900
2026-07-29 10:00:00,54.39900,54.90500,54.32400,54.61600
2026-07-29 11:00:00,54.61500,54.72000,54.22300,54.34600
2026-07-29 12:00:00,54.34600,54.46000,54.05200,54.40300
2026-07-29 13:00:00,54.40400,55.07100,54.36400,55.01900
2026-07-29 14:00:00,55.01500,55.58700,54.80800,55.41600
2026-07-29 15:00:00,55.41600,55.47800,55.19900,55.43900
2026-07-29 16:00:00,55.43900,55.45000,54.64200,54.80700
2026-07-29 17:00:00,54.80700,55.25100,54.75200,55.19300
2026-07-29 18:00:00,55.19200,55.21500,54.66800,54.77400
2026-07-29 19:00:00,54.77400,54.95500,54.53100,54.91900
2026-07-29 20:00:00,54.92000,55.06200,54.56500,55.04300
2026-07-29 21:00:00,55.04300,55.48300,54.83500,55.33100
2026-07-29 22:00:00,55.33100,55.52100,54.76700,54.95700
2026-07-29 23:00:00,54.95700,55.17200,54.59900,54.77100
2026-07-30 00:00:00,54.77100,54.84800,54.30000,54.81600
2026-07-30 01:00:00,54.81600,55.03700,54.60200,54.99800
2026-07-30 02:00:00,54.99600,55.53200,54.52000,55.25700
2026-07-30 03:00:00,55.25800,55.47700,53.10100,53.12700
2026-07-30 04:00:00,53.13000,53.82900,53.08500,53.55900
2026-07-30 05:00:00,53.56000,53.61400,53.10500,53.54600
2026-07-30 06:00:00,53.54600,53.83900,53.49600,53.83700
2026-07-30 07:00:00,53.83600,54.14500,53.76000,53.91900
2026-07-30 08:00:00,53.91800,54.32800,53.76300,53.98200
2026-07-30 09:00:00,53.98300,54.38100,53.85800,54.17700
2026-07-30 10:00:00,54.17800,54.27000,53.85500,53.86700
2026-07-30 11:00:00,53.86700,54.16600,53.81800,54.08200
2026-07-30 12:00:00,54.08200,54.13000,53.44700,53.65000
2026-07-30 13:00:00,53.65000,53.85400,53.57100,53.84100
2026-07-30 14:00:00,53.84100,53.92900,53.70600,53.73300
2026-07-30 15:00:00,53.73300,53.95000,53.61700,53.69800
2026-07-30 16:00:00,53.69900,54.09400,53.61000,53.97400
2026-07-30 17:00:00,53.97500,54.15000,53.88100,54.02500
2026-07-30 18:00:00,54.02500,54.16500,53.47500,53.47600
2026-07-30 19:00:00,53.47600,53.54700,52.80000,53.17800
2026-07-30 20:00:00,53.17900,53.60700,52.93900,53.25000
2026-07-30 21:00:00,53.25100,53.76000,52.84300,53.68700
2026-07-30 22:00:00,53.68700,54.06000,53.44000,53.74700
2026-07-30 23:00:00,53.74800,54.61800,53.67000,54.45200
2026-07-31 00:00:00,54.45100,54.90000,54.38000,54.85500
2026-07-31 01:00:00,54.85600,55.20200,54.60000,54.81400
2026-07-31 02:00:00,54.81500,55.06000,54.65600,54.94900
2026-07-31 03:00:00,54.94900,55.43600,54.94900,55.39900
2026-07-31 04:00:00,55.39900,55.50000,54.92400,55.02800
2026-07-31 05:00:00,55.02800,55.75200,55.02000,55.65100
2026-07-31 06:00:00,55.65100,56.12700,55.55000,55.99000
2026-07-31 07:00:00,55.99000,56.01900,55.62400,55.84000
2026-07-31 08:00:00,55.84000,56.09500,55.61100,55.62100
2026-07-31 09:00:00,55.61800,56.13900,55.48600,55.59300
2026-07-31 10:00:00,55.59300,55.76500,54.96200,55.10800
2026-07-31 11:00:00,55.10800,55.24600,54.77000,55.04800
2026-07-31 12:00:00,55.04800,55.22100,54.82500,55.11200
2026-07-31 13:00:00,55.11200,55.58400,54.97700,55.23500
2026-07-31 14:00:00,55.23500,55.67200,55.20900,55.60200
2026-07-31 15:00:00,55.60200,55.60200,54.45800,54.56900
2026-07-31 16:00:00,54.56700,55.00000,54.51400,54.85500
2026-07-31 17:00:00,54.85700,54.97700,54.13300,54.27000
2026-07-31 18:00:00,54.27000,54.82000,54.12200,54.76300
2026-07-31 19:00:00,54.76400,54.94300,54.56000,54.94300
2026-07-31 20:00:00,54.94400,55.43000,54.78100,55.32900
2026-07-31 21:00:00,55.33000,55.53300,54.63500,54.93200
2026-07-31 22:00:00,54.93200,55.44500,54.30000,54.52900
2026-07-31 23:00:00,54.53000,54.63100,54.02600,54.29400
2026-08-01 00:00:00,54.29500,54.55200,53.15400,53.41800
2026-08-01 01:00:00,53.41700,53.74700,53.33100,53.64300
2026-08-01 02:00:00,53.64300,53.69400,52.90400,53.08500
2026-08-01 03:00:00,53.08500,53.16100,52.16100,52.35400
2026-08-01 04:00:00,52.35500,53.01400,51.82300,52.76700
2026-08-01 05:00:00,52.76700,52.93300,52.04700,52.27600
2026-08-01 06:00:00,52.27700,52.71900,52.24000,52.49500
2026-08-01 07:00:00,52.49500,52.71600,52.44900,52.55800
2026-08-01 08:00:00,52.55900,52.70800,52.31000,52.48900
2026-08-01 09:00:00,52.49000,52.71100,52.48000,52.58200
2026-08-01 10:00:00,52.58200,52.62700,52.26200,52.27400
2026-08-01 11:00:00,52.27400,52.35600,52.10700,52.31900
2026-08-01 12:00:00,52.31900,52.43900,52.24100,52.29800
2026-08-01 13:00:00,52.29800,52.38600,51.45000,51.70900
2026-08-01 14:00:00,51.70900,52.05700,51.61800,51.88300
2026-08-01 15:00:00,51.88300,52.07400,51.64100,51.89000
2026-08-01 16:00:00,51.89100,52.51700,51.86300,52.21000
2026-08-01 17:00:00,52.21100,52.36300,52.05000,52.09100
2026-08-01 18:00:00,52.09200,52.27200,52.01400,52.09700
2026-08-01 19:00:00,52.09600,52.16600,51.85700,52.16300
2026-08-01 20:00:00,52.16300,52.41100,52.07600,52.15300
2026-08-01 21:00:00,52.15200,52.69800,52.09800,52.24900
2026-08-01 22:00:00,52.24600,52.48400,52.16200,52.34600
2026-08-01 23:00:00,52.34700,52.63100,52.22900,52.43900
2026-08-02 00:00:00,52.43900,52.65100,52.32800,52.51800
2026-08-02 01:00:00,52.51900,52.63200,52.04400,52.16200
2026-08-02 02:00:00,52.16200,52.19000,51.63000,52.15800
2026-08-02 03:00:00,52.15900,52.20300,51.85300,52.06900
2026-08-02 04:00:00,52.06900,52.18700,51.89500,52.05000
2026-08-02 05:00:00,52.05000,52.32200,52.05000,52.18600
2026-08-02 06:00:00,52.18600,52.26600,52.08000,52.10400
2026-08-02 07:00:00,52.10300,52.21200,52.06700,52.20100
2026-08-02 08:00:00,52.20100,52.56700,52.20100,52.41000
2026-08-02 09:00:00,52.41000,52.67600,52.37300,52.41800
2026-08-02 10:00:00,52.41800,53.06100,52.28600,52.94400
2026-08-02 11:00:00,52.94300,53.06300,52.73200,52.79200
2026-08-02 12:00:00,52.79000,52.90800,52.57000,52.61800
2026-08-02 13:00:00,52.61800,52.72100,52.47000,52.50500
2026-08-02 14:00:00,52.50300,52.50600,52.16300,52.23700
2026-08-02 15:00:00,52.23800,52.32600,51.87200,51.92500
2026-08-02 16:00:00,51.92800,52.18400,51.75500,52.06500
2026-08-02 17:00:00,52.06600,52.10600,51.82200,51.84400
2026-08-02 18:00:00,51.84400,51.90800,51.10700,51.49800
2026-08-02 19:00:00,51.49800,51.60600,51.21900,51.31500
2026-08-02 20:00:00,51.31500,51.68400,51.15600,51.50700
2026-08-02 21:00:00,51.50600,51.73000,51.48100,51.62300
2026-08-02 22:00:00,51.62200,51.62200,51.32400,51.43600
2026-08-02 23:00:00,51.43600,51.65500,51.30600,51.39000
2026-08-03 00:00:00,51.38700,52.48600,51.30300,52.19000
2026-08-03 01:00:00,52.19100,52.34300,51.95600,52.23800
2026-08-03 02:00:00,52.23700,52.78000,52.23700,52.56300
2026-08-03 03:00:00,52.56400,52.88200,52.38100,52.72900
2026-08-03 04:00:00,52.72900,52.78300,52.40800,52.59300
2026-08-03 05:00:00,52.59300,53.04400,52.45500,52.82100
2026-08-03 06:00:00,52.82200,53.00800,52.50600,52.59400
2026-08-03 07:00:00,52.59300,52.73500,52.47600,52.59500
2026-08-03 08:00:00,52.59400,52.74500,52.33100,52.67900
2026-08-03 09:00:00,52.67800,52.68600,52.28200,52.56600
2026-08-03 10:00:00,52.56000,52.62300,52.20300,52.37000
2026-08-03 11:00:00,52.37000,52.46100,52.01100,52.24300
2026-08-03 12:00:00,52.24300,52.74400,52.11200,52.29400
2026-08-03 13:00:00,52.29500,52.84500,52.19200,52.82600
2026-08-03 14:00:00,52.82700,52.86600,51.90800,52.25200
2026-08-03 15:00:00,52.25200,52.55700,52.22100,52.37700
2026-08-03 16:00:00,52.37700,52.51000,51.98600,52.48300
2026-08-03 17:00:00,52.48300,52.92300,52.41900,52.80000
2026-08-03 18:00:00,52.80100,52.88700,52.60700,52.80200
2026-08-03 19:00:00,52.80100,53.24700,52.62200,52.75000
2026-08-03 20:00:00,52.75000,52.99800,52.62900,52.84500
2026-08-03 21:00:00,52.84400,53.74200,52.77100,53.71900
2026-08-03 22:00:00,53.71800,54.27100,53.34400,54.17800
2026-08-03 23:00:00,54.17800,54.44800,53.86200,54.33000
2026-08-04 00:00:00,54.33300,54.87000,54.33200,54.60400
2026-08-04 01:00:00,54.60400,54.83100,54.36200,54.64000
2026-08-04 02:00:00,54.63900,54.81900,54.23800,54.24400
2026-08-04 03:00:00,54.24500,54.60600,54.06200,54.51000
2026-08-04 04:00:00,54.50900,54.75400,54.23300,54.23300
2026-08-04 05:00:00,54.23300,54.40000,53.84300,53.94600
2026-08-04 06:00:00,53.94800,54.06000,53.76900,54.03400
2026-08-04 07:00:00,54.03400,54.07300,53.85400,53.99900
2026-08-04 08:00:00,53.99900,53.99900,53.56500,53.58500
2026-08-04 09:00:00,53.58500,54.36800,53.55400,54.29800
2026-08-04 10:00:00,54.29800,54.53100,54.20000,54.30000
2026-08-04 11:00:00,54.30000,54.37800,54.05600,54.15800
2026-08-04 12:00:00,54.15900,54.61500,54.15900,54.53800
2026-08-04 13:00:00,54.53800,54.58500,54.36000,54.44100
2026-08-04 14:00:00,54.44100,54.49800,54.11300,54.30500
2026-08-04 15:00:00,54.30500,54.96100,54.28600,54.77400
2026-08-04 16:00:00,54.77400,55.05000,54.54600,54.78100
2026-08-04 17:00:00,54.78100,54.81300,54.50000,54.79000
2026-08-04 18:00:00,54.79000,55.29900,54.69400,55.23900
2026-08-04 19:00:00,55.23900,55.55800,55.16300,55.53200
2026-08-04 20:00:00,55.53200,55.78500,55.37800,55.67100
2026-08-04 21:00:00,55.67200,55.87000,55.17900,55.26100
2026-08-04 22:00:00,55.26100,55.52300,55.03100,55.43000
2026-08-04 23:00:00,55.43100,55.59900,55.03400,55.43800
2026-08-05 00:00:00,55.43800,55.50500,55.21600,55.29400
2026-08-05 01:00:00,55.29500,55.78400,55.27000,55.59000
2026-08-05 02:00:00,55.59000,55.82700,55.28300,55.34500
2026-08-05 03:00:00,55.34500,55.63700,55.23700,55.58400
2026-08-05 04:00:00,55.58300,55.78000,55.31700,55.46000
2026-08-05 05:00:00,55.46000,55.50400,55.08000,55.25900
2026-08-05 06:00:00,55.25700,55.31600,55.08100,55.17200
2026-08-05 07:00:00,55.17200,55.38200,55.03100,55.06000
2026-08-05 08:00:00,55.05900,55.13300,54.72400,54.76700
2026-08-05 09:00:00,54.76800,55.45900,54.67100,55.34100
2026-08-05 10:00:00,55.34100,56.49700,55.31300,56.42100
2026-08-05 11:00:00,56.42000,56.62800,55.69900,56.01800
2026-08-05 12:00:00,56.01800,56.36700,55.95800,56.26200
2026-08-05 13:00:00,56.26200,56.98200,56.24100,56.92500
2026-08-05 14:00:00,56.92800,57.33400,56.74700,57.06400
2026-08-05 15:00:00,57.06600,57.28700,56.56700,57.11200
2026-08-05 16:00:00,57.11200,57.92800,57.05900,57.61500
2026-08-05 17:00:00,57.61400,57.68000,57.25400,57.28300
2026-08-05 18:00:00,57.28400,57.42000,56.64900,57.41000
2026-08-05 19:00:00,57.41000,57.47700,56.83800,57.06500
2026-08-05 20:00:00,57.06400,57.38900,56.88600,57.10200
2026-08-05 21:00:00,57.10600,57.30700,56.57100,57.19900
2026-08-05 22:00:00,57.19800,57.53700,56.92100,57.29500
2026-08-05 23:00:00,57.29400,57.74300,57.02600,57.07600
2026-08-06 00:00:00,57.07800,57.86700,57.07800,57.52900
2026-08-06 01:00:00,57.53000,57.99900,57.35500,57.76400
2026-08-06 02:00:00,57.76400,57.93400,57.11600,57.25600
2026-08-06 03:00:00,57.25700,57.55400,57.17900,57.23000
2026-08-06 04:00:00,57.23000,57.31700,56.80100,57.16000
2026-08-06 05:00:00,57.15900,57.17400,56.72600,56.80700
2026-08-06 06:00:00,56.80700,56.87900,56.65600,56.73900
2026-08-06 07:00:00,56.73900,57.03800,56.68400,56.95300
2026-08-06 08:00:00,56.95300,57.22700,56.82400,56.94500
2026-08-06 09:00:00,56.94500,56.98300,56.37700,56.51600
2026-08-06 10:00:00,56.51700,56.54200,56.06200,56.16700
2026-08-06 11:00:00,56.16600,56.42000,56.06500,56.34800
2026-08-06 12:00:00,56.34700,56.72400,56.26300,56.37600
2026-08-06 13:00:00,56.37700,56.66900,56.36900,56.48800
2026-08-06 14:00:00,56.48900,56.49500,56.06700,56.15700
2026-08-06 15:00:00,56.15700,56.15700,55.76400,56.02900
2026-08-06 16:00:00,56.03000,56.22100,55.78400,56.13500
2026-08-06 17:00:00,56.13500,56.13700,55.55100,55.58900
2026-08-06 18:00:00,55.58900,55.70900,55.35300,55.57400
2026-08-06 19:00:00,55.57500,55.59100,55.31500,55.37900
2026-08-06 20:00:00,55.37900,55.44200,54.90500,54.99800
2026-08-06 21:00:00,54.99800,55.42800,54.63900,55.16100
2026-08-06 22:00:00,55.16100,56.18000,55.11700,55.91200
2026-08-06 23:00:00,55.91100,56.15000,55.52400,55.59900
2026-08-07 00:00:00,55.59900,56.32500,55.30400,56.27700
2026-08-07 01:00:00,56.27800,56.64700,56.09900,56.22200
2026-08-07 02:00:00,56.22200,56.26400,55.93400,56.07200
2026-08-07 03:00:00,56.07300,56.35000,56.01000,56.06800
2026-08-07 04:00:00,56.06500,56.29400,55.81000,55.88000
2026-08-07 05:00:00,55.87900,56.12500,55.81900,56.02000
2026-08-07 06:00:00,56.02100,56.34200,55.93600,56.20800
2026-08-07 07:00:00,56.20800,56.29400,55.83700,56.20900
2026-08-07 08:00:00,56.21000,56.22300,55.62600,55.81700
2026-08-07 09:00:00,55.81800,55.97800,55.60000,55.82200
2026-08-07 10:00:00,55.82200,55.96900,55.44100,55.71300
2026-08-07 11:00:00,55.71400,55.78000,55.49400,55.64700
2026-08-07 12:00:00,55.64700,55.79300,55.09500,55.30000
2026-08-07 13:00:00,55.30200,55.44400,55.06500,55.40200
2026-08-07 14:00:00,55.40000,55.77600,55.30300,55.59400
2026-08-07 15:00:00,55.59500,55.73900,55.54000,55.62400
2026-08-07 16:00:00,55.62400,56.45000,55.59100,56.30600
2026-08-07 17:00:00,56.30600,56.59100,56.22700,56.57000
2026-08-07 18:00:00,56.57000,56.85400,56.48500,56.83300
2026-08-07 19:00:00,56.83400,57.08900,56.64400,56.97300
2026-08-07 20:00:00,56.97400,57.02500,56.53300,56.60400
2026-08-07 21:00:00,56.60200,56.89000,56.26800,56.28300
2026-08-07 22:00:00,56.28300,56.30600,55.66500,55.89800
2026-08-07 23:00:00,55.89800,55.91200,55.46800,55.77800
2026-08-08 00:00:00,55.78000,55.81400,54.91900,55.14600
2026-08-08 01:00:00,55.14700,55.21500,53.32800,54.18900
2026-08-08 02:00:00,54.18600,54.59500,53.77200,54.04200
2026-08-08 03:00:00,54.04300,54.63000,54.04200,54.62500
2026-08-08 04:00:00,54.62600,54.64000,54.27800,54.36100
2026-08-08 05:00:00,54.36100,54.41700,53.96700,54.03900
2026-08-08 06:00:00,54.03800,54.34900,53.95200,54.20600
2026-08-08 07:00:00,54.20700,54.22100,53.81700,54.08700
2026-08-08 08:00:00,54.08700,54.18500,53.86100,53.98400
2026-08-08 09:00:00,53.98400,54.26500,53.96200,54.18200
2026-08-08 10:00:00,54.18300,54.25400,53.92500,54.12300
2026-08-08 11:00:00,54.12400,54.42400,54.11800,54.35100
2026-08-08 12:00:00,54.35100,54.44100,54.17800,54.23600
2026-08-08 13:00:00,54.23600,54.46900,54.14300,54.43100
2026-08-08 14:00:00,54.43100,54.46300,54.34000,54.36400
2026-08-08 15:00:00,54.36400,54.41200,54.27200,54.39300
2026-08-08 16:00:00,54.39300,54.69400,54.35200,54.64000
2026-08-08 17:00:00,54.63900,54.79000,54.57200,54.62000
2026-08-08 18:00:00,54.62000,54.83700,54.61800,54.81100
2026-08-08 19:00:00,54.81100,54.84700,54.46600,54.52800
2026-08-08 20:00:00,54.52800,54.64600,54.36000,54.63400
2026-08-08 21:00:00,54.63300,54.74400,54.33600,54.35900
2026-08-08 22:00:00,54.35900,54.73000,54.32200,54.63600
2026-08-08 23:00:00,54.63500,54.99000,54.63500,54.74700
2026-08-09 00:00:00,54.74700,55.05400,54.72900,55.05000
2026-08-09 01:00:00,55.05000,55.19200,54.83100,55.01500
2026-08-09 02:00:00,55.01400,55.04500,54.70500,54.81500
2026-08-09 03:00:00,54.81500,54.99600,54.76000,54.93300
2026-08-09 04:00:00,54.93300,55.28200,54.93300,55.17000
2026-08-09 05:00:00,55.16900,55.24800,55.02500,55.17200
2026-08-09 06:00:00,55.17200,55.18300,54.88300,55.02900
2026-08-09 07:00:00,55.02800,55.17900,54.96100,55.11400
2026-08-09 08:00:00,55.11300,55.21500,55.07300,55.16600
2026-08-09 09:00:00,55.16600,55.34000,55.00500,55.16000
2026-08-09 10:00:00,55.15700,55.23700,54.80900,54.87400
2026-08-09 11:00:00,54.86900,54.92100,54.61500,54.73800
2026-08-09 12:00:00,54.73700,55.04200,54.50500,54.81700
2026-08-09 13:00:00,54.81800,54.88300,54.55000,54.69200
2026-08-09 14:00:00,54.69300,54.79200,54.60300,54.73300
2026-08-09 15:00:00,54.73200,54.81900,54.63800,54.76900
2026-08-09 16:00:00,54.76900,54.92000,54.42700,54.62000
2026-08-09 17:00:00,54.62000,54.70400,54.43400,54.58600
2026-08-09 18:00:00,54.58600,54.63700,54.48100,54.51800
2026-08-09 19:00:00,54.51800,54.56100,54.10800,54.25500
2026-08-09 20:00:00,54.25600,54.31800,54.14000,54.15800
2026-08-09 21:00:00,54.15900,54.57300,54.15900,54.48700
2026-08-09 22:00:00,54.48800,54.74200,54.41300,54.65100
2026-08-09 23:00:00,54.65100,54.91000,54.51300,54.82800
2026-08-10 00:00:00,54.82800,55.03500,54.74300,54.86700
2026-08-10 01:00:00,54.86700,54.98100,54.68000,54.71400
2026-08-10 02:00:00,54.71600,54.81000,54.56100,54.62800
2026-08-10 03:00:00,54.62700,54.75400,54.54600,54.67700
2026-08-10 04:00:00,54.67700,54.83400,54.59100,54.68200
2026-08-10 05:00:00,54.68200,54.70100,54.31400,54.38700
2026-08-10 06:00:00,54.38700,54.61700,53.80900,54.06600
2026-08-10 07:00:00,54.06500,54.16700,53.74000,53.85700
2026-08-10 08:00:00,53.85600,54.27100,53.81500,54.03700
2026-08-10 09:00:00,54.03800,54.49200,53.90000,54.42400
2026-08-10 10:00:00,54.42400,54.53500,54.10100,54.36200
2026-08-10 11:00:00,54.36300,54.43100,54.01400,54.09400
2026-08-10 12:00:00,54.09400,54.28400,53.93200,53.97000
2026-08-10 13:00:00,53.97000,54.33500,53.96300,54.29900
2026-08-10 14:00:00,54.29800,54.69300,54.08300,54.68200
2026-08-10 15:00:00,54.68200,54.83200,54.58300,54.75500
2026-08-10 16:00:00,54.75500,54.88700,54.66500,54.75000
2026-08-10 17:00:00,54.75000,54.75900,54.47300,54.47500
2026-08-10 18:00:00,54.47500,54.56700,54.35500,54.48200
2026-08-10 19:00:00,54.48200,54.79100,54.23500,54.79100
2026-08-10 20:00:00,54.79100,55.30300,54.66600,54.74100
2026-08-10 21:00:00,54.74100,54.95200,54.32800,54.62600
2026-08-10 22:00:00,54.62600,54.93600,54.29200,54.33900
2026-08-10 23:00:00,54.34300,54.54400,54.01800,54.32900
2026-08-11 00:00:00,54.32900,54.45600,53.97900,54.27500
2026-08-11 01:00:00,54.27500,55.29700,54.22100,55.00400
2026-08-11 02:00:00,55.00400,55.50000,54.80000,54.94700
2026-08-11 03:00:00,54.94700,55.94300,54.91600,55.88800
2026-08-11 04:00:00,55.88500,56.12600,55.41500,55.47700
2026-08-11 05:00:00,55.47600,55.58700,55.18500,55.25400
2026-08-11 06:00:00,55.25500,55.41500,55.05000,55.20900
2026-08-11 07:00:00,55.20900,55.21800,55.01100,55.09000
2026-08-11 08:00:00,55.09000,55.10300,54.84800,54.90000
2026-08-11 09:00:00,54.90100,55.64500,54.77500,55.39200
2026-08-11 10:00:00,55.39000,55.43300,55.18200,55.25700
2026-08-11 11:00:00,55.25600,55.49600,55.24200,55.43100
2026-08-11 12:00:00,55.43100,55.66300,55.38600,55.59700
2026-08-11 13:00:00,55.59700,55.60400,55.25900,55.35400
2026-08-11 14:00:00,55.35400,55.53700,55.02400,55.12800
2026-08-11 15:00:00,55.12800,55.19400,54.81500,55.08500
2026-08-11 16:00:00,55.08600,55.23900,54.90900,55.21100
2026-08-11 17:00:00,55.21200,55.35800,55.10700,55.28600
2026-08-11 18:00:00,55.28600,55.29400,55.07000,55.16500
2026-08-11 19:00:00,55.16500,55.42500,55.16500,55.32300
2026-08-11 20:00:00,55.32300,55.36500,54.90100,54.97100
2026-08-11 21:00:00,54.97200,55.10500,54.57400,54.74100
2026-08-11 22:00:00,54.74100,54.74100,54.22100,54.34400
2026-08-11 23:00:00,54.34500,54.48400,53.71100,53.89600
2026-08-12 00:00:00,53.89700,54.09300,53.80000,53.94100
2026-08-12 01:00:00,53.94100,54.05200,53.80200,53.95900
2026-08-12 02:00:00,53.95800,54.31000,53.93500,54.10600
2026-08-12 03:00:00,54.09900,54.63900,53.80200,54.56900
2026-08-12 04:00:00,54.57000,54.77700,54.44300,54.65800
2026-08-12 05:00:00,54.65900,54.76200,54.45400,54.63800
2026-08-12 06:00:00,54.63800,54.76900,54.31600,54.35700
2026-08-12 07:00:00,54.35700,54.57900,54.24000,54.49200
2026-08-12 08:00:00,54.49200,54.63100,54.33500,54.38700
2026-08-12 09:00:00,54.38600,54.72300,54.28500,54.56100
2026-08-12 10:00:00,54.56200,54.68200,54.47200,54.55000
2026-08-12 11:00:00,54.55100,54.78700,54.51200,54.63900
2026-08-12 12:00:00,54.63900,54.84600,54.43300,54.52200
2026-08-12 13:00:00,54.52200,54.69000,54.47400,54.65800
2026-08-12 14:00:00,54.65700,54.94000,54.63600,54.82800
2026-08-12 15:00:00,54.82900,55.22500,54.82800,55.15900
2026-08-12 16:00:00,55.15800,55.20000,54.88100,55.03000
2026-08-12 17:00:00,55.03000,55.40300,54.88000,55.32400
2026-08-12 18:00:00,55.32400,55.59100,55.16800,55.55300
2026-08-12 19:00:00,55.55200,55.81900,55.52800,55.78900
2026-08-12 20:00:00,55.78800,56.00000,55.50000,55.82300
2026-08-12 21:00:00,55.82400,56.47900,55.76000,56.01400
2026-08-12 22:00:00,56.01300,56.06700,55.47400,55.85200
2026-08-12 23:00:00,55.85100,56.64000,55.80300,56.54700
2026-08-13 00:00:00,56.54800,56.64800,56.27700,56.60000
2026-08-13 01:00:00,56.60700,56.93600,56.43600,56.87800
2026-08-13 02:00:00,56.87700,56.95200,56.34400,56.59300
2026-08-13 03:00:00,56.59300,56.69200,56.17400,56.23400
2026-08-13 04:00:00,56.23400,56.41200,56.12900,56.20800
2026-08-13 05:00:00,56.20900,56.26600,56.02400,56.05400
2026-08-13 06:00:00,56.05300,56.50300,55.94500,56.12000
2026-08-13 07:00:00,56.11900,56.15300,55.91400,56.06000
2026-08-13 08:00:00,56.06000,56.52000,56.02300,56.42100
2026-08-13 09:00:00,56.42100,56.55000,56.16700,56.33700
2026-08-13 10:00:00,56.33700,56.66500,56.29200,56.51900
2026-08-13 11:00:00,56.51900,56.69100,56.40000,56.46300
2026-08-13 12:00:00,56.46400,56.94300,56.40000,56.79700
2026-08-13 13:00:00,56.79600,57.39100,56.78400,57.20000
2026-08-13 14:00:00,57.20100,57.38800,57.15600,57.37500
2026-08-13 15:00:00,57.37500,57.47500,57.26300,57.31600
2026-08-13 16:00:00,57.31600,57.41200,56.82500,57.11800
2026-08-13 17:00:00,57.11800,57.76700,56.90700,57.74800
2026-08-13 18:00:00,57.74900,57.76100,57.42600,57.44900
2026-08-13 19:00:00,57.44900,57.48900,56.97900,57.05900
2026-08-13 20:00:00,57.06000,57.70400,57.00300,57.68600
2026-08-13 21:00:00,57.68700,58.09600,57.39600,57.67100
