日期时间(北京),开盘,最高,最低,收盘
2023-01-01 00:00:00,10.1300,10.1690,9.9060,10.0470
2023-01-01 04:00:00,10.0470,10.1130,9.8500,9.9680
2023-01-01 08:00:00,9.9680,10.0740,9.8940,9.9570
2023-01-01 12:00:00,9.9570,9.9780,9.6780,9.7820
2023-01-01 16:00:00,9.7820,9.9750,9.6930,9.9150
2023-01-01 20:00:00,9.9160,9.9550,9.7810,9.8480
2023-01-02 00:00:00,9.8490,10.0400,9.8210,9.9450
2023-01-02 04:00:00,9.9450,10.0480,9.9260,9.9770
2023-01-02 08:00:00,9.9770,10.0080,9.7960,9.9770
2023-01-02 12:00:00,9.9770,12.0670,9.9270,11.0830
2023-01-02 16:00:00,11.0840,11.3600,10.8320,11.0070
2023-01-02 20:00:00,11.0080,11.2340,10.9980,11.1080
2023-01-03 00:00:00,11.1070,11.5000,11.0700,11.2440
2023-01-03 04:00:00,11.2440,11.4060,11.1720,11.2590
2023-01-03 08:00:00,11.2590,11.3240,11.0000,11.1990
2023-01-03 12:00:00,11.2000,11.9390,11.1890,11.8810
2023-01-03 16:00:00,11.8810,11.9800,11.6680,11.8100
2023-01-03 20:00:00,11.8100,12.8890,11.7500,12.8190
2023-01-04 00:00:00,12.8190,13.8790,12.6410,12.8960
2023-01-04 04:00:00,12.8960,13.4820,12.8950,13.3260
2023-01-04 08:00:00,13.3260,14.0000,13.1750,13.4350
2023-01-04 12:00:00,13.4360,14.2000,13.2100,14.1090
2023-01-04 16:00:00,14.1090,14.1110,13.5250,13.6290
2023-01-04 20:00:00,13.6290,13.7230,13.1500,13.3520
2023-01-05 00:00:00,13.3520,13.6320,13.0440,13.1770
2023-01-05 04:00:00,13.1780,13.5850,12.8130,13.4050
2023-01-05 08:00:00,13.4040,13.4200,13.0310,13.2090
2023-01-05 12:00:00,13.2080,13.4820,13.1170,13.2370
2023-01-05 16:00:00,13.2370,13.3100,12.9270,13.2550
2023-01-05 20:00:00,13.2550,13.3950,13.0270,13.2910
2023-01-06 00:00:00,13.2910,13.4700,13.0480,13.3880
2023-01-06 04:00:00,13.3880,13.7810,13.3300,13.4180
2023-01-06 08:00:00,13.4170,13.5590,13.1330,13.1860
2023-01-06 12:00:00,13.1870,13.2400,13.0100,13.1090
2023-01-06 16:00:00,13.1090,13.2320,12.8330,12.9840
2023-01-06 20:00:00,12.9840,13.1890,12.6440,13.1730
2023-01-07 00:00:00,13.1730,13.4190,13.0450,13.3530
2023-01-07 04:00:00,13.3550,13.5850,13.1490,13.4830
2023-01-07 08:00:00,13.4840,13.4900,13.2630,13.3150
2023-01-07 12:00:00,13.3150,13.3250,13.1920,13.2880
2023-01-07 16:00:00,13.2880,13.3150,13.1200,13.1370
2023-01-07 20:00:00,13.1380,13.2730,13.1250,13.2570
2023-01-08 00:00:00,13.2560,13.2670,13.1640,13.2120
2023-01-08 04:00:00,13.2120,13.2390,13.0100,13.0870
2023-01-08 08:00:00,13.0860,13.3990,12.8340,13.3610
2023-01-08 12:00:00,13.3600,13.4280,13.2480,13.3170
2023-01-08 16:00:00,13.3170,13.7800,13.2600,13.4960
2023-01-08 20:00:00,13.4970,13.9340,13.4230,13.8600
2023-01-09 00:00:00,13.8590,13.8900,13.4450,13.5290
2023-01-09 04:00:00,13.5280,15.4890,13.5090,14.4650
2023-01-09 08:00:00,14.4640,16.7800,14.2560,16.0480
2023-01-09 12:00:00,16.0490,16.5440,15.9240,16.3480
2023-01-09 16:00:00,16.3480,16.8360,16.0850,16.3620
2023-01-09 20:00:00,16.3610,17.5000,16.0000,17.1300
2023-01-10 00:00:00,17.1290,17.3640,16.2320,16.2880
2023-01-10 04:00:00,16.2880,16.6840,16.0130,16.2530
2023-01-10 08:00:00,16.2530,16.5860,15.5670,15.9690
2023-01-10 12:00:00,15.9680,16.3000,15.8630,15.8930
2023-01-10 16:00:00,15.8930,16.3520,15.8190,16.0210
2023-01-10 20:00:00,16.0200,16.4890,15.8050,16.2310
2023-01-11 00:00:00,16.2320,16.4640,16.0200,16.3810
2023-01-11 04:00:00,16.3800,16.7180,16.1270,16.1910
2023-01-11 08:00:00,16.1910,16.3230,15.8550,16.0060
2023-01-11 12:00:00,16.0050,16.1500,15.8130,16.0940
2023-01-11 16:00:00,16.0940,16.1280,15.9360,16.0240
2023-01-11 20:00:00,16.0240,16.0240,15.3020,15.4130
2023-01-12 00:00:00,15.4130,16.1270,15.2700,15.9990
2023-01-12 04:00:00,16.0000,16.5970,15.7320,16.3550
2023-01-12 08:00:00,16.3540,17.0000,16.1270,16.4180
2023-01-12 12:00:00,16.4180,16.4940,16.1510,16.2350
2023-01-12 16:00:00,16.2360,16.2390,15.8920,16.0650
2023-01-12 20:00:00,16.0640,16.4980,15.4000,15.9480
2023-01-13 00:00:00,15.9470,16.7900,15.8880,16.5330
2023-01-13 04:00:00,16.5340,16.7000,16.2930,16.5840
2023-01-13 08:00:00,16.5840,16.8400,16.2370,16.6980
2023-01-13 12:00:00,16.6970,17.3400,16.6890,16.8900
2023-01-13 16:00:00,16.8890,17.0970,16.5200,16.6460
2023-01-13 20:00:00,16.6460,16.8500,16.4390,16.7890
2023-01-14 00:00:00,16.7880,17.2200,16.4880,17.1770
2023-01-14 04:00:00,17.1760,18.6580,17.0170,18.2890
2023-01-14 08:00:00,18.2890,22.8790,18.1910,21.9640
2023-01-14 12:00:00,21.9630,24.8000,21.8000,23.5770
2023-01-14 16:00:00,23.5770,23.9400,21.3250,22.3950
2023-01-14 20:00:00,22.3960,23.6800,21.7300,22.3370
2023-01-15 00:00:00,22.3350,23.4300,22.1420,23.0730
2023-01-15 04:00:00,23.0740,24.8480,22.4700,24.2830
2023-01-15 08:00:00,24.2840,25.2000,22.5000,23.0900
2023-01-15 12:00:00,23.0870,23.2000,22.1400,22.6570
2023-01-15 16:00:00,22.6570,23.1210,22.0000,22.9040
2023-01-15 20:00:00,22.9050,23.9070,22.7180,23.6960
2023-01-16 00:00:00,23.6960,23.8110,22.9400,23.3900
2023-01-16 04:00:00,23.3890,23.4370,22.4730,22.9030
2023-01-16 08:00:00,22.9030,24.2800,22.4500,23.2390
2023-01-16 12:00:00,23.2400,25.1800,23.0310,24.2760
2023-01-16 16:00:00,24.2790,24.2890,22.8750,23.4000
2023-01-16 20:00:00,23.4000,23.5550,22.2300,23.0810
2023-01-17 00:00:00,23.0810,23.8600,22.8610,23.5620
2023-01-17 04:00:00,23.5630,24.3000,23.3030,23.6010
2023-01-17 08:00:00,23.6000,23.8570,22.7700,23.1920
2023-01-17 12:00:00,23.1920,23.8300,23.1330,23.4270
2023-01-17 16:00:00,23.4270,24.0000,23.3690,23.7580
2023-01-17 20:00:00,23.7590,23.9700,23.1100,23.2670
2023-01-18 00:00:00,23.2680,23.5760,23.0280,23.4410
2023-01-18 04:00:00,23.4410,23.7000,22.6600,22.8550
2023-01-18 08:00:00,22.8580,23.3390,22.6130,23.0540
2023-01-18 12:00:00,23.0520,23.3270,22.8500,22.9890
2023-01-18 16:00:00,22.9890,22.9940,22.0800,22.5330
2023-01-18 20:00:00,22.5330,23.6740,20.6450,21.7810
2023-01-19 00:00:00,21.7810,22.3000,20.3100,21.7810
2023-01-19 04:00:00,21.7820,21.8790,20.7000,20.8040
2023-01-19 08:00:00,20.8040,21.5360,20.7800,21.3500
2023-01-19 12:00:00,21.3470,21.7880,21.2640,21.3060
2023-01-19 16:00:00,21.3080,21.5130,20.7920,20.9390
2023-01-19 20:00:00,20.9370,21.1860,20.4000,21.0530
2023-01-20 00:00:00,21.0520,21.7430,20.8470,21.6380
2023-01-20 04:00:00,21.6390,21.8790,21.3020,21.4080
2023-01-20 08:00:00,21.4080,21.6280,21.0200,21.3340
2023-01-20 12:00:00,21.3340,21.4140,20.9130,21.0700
2023-01-20 16:00:00,21.0700,21.2490,20.9550,21.1320
2023-01-20 20:00:00,21.1320,21.5500,21.0730,21.4200
2023-01-21 00:00:00,21.4190,23.4000,21.4000,23.2750
2023-01-21 04:00:00,23.2760,25.8750,23.2670,25.5130
2023-01-21 08:00:00,25.5130,25.9000,24.2640,24.8630
2023-01-21 12:00:00,24.8620,25.7480,24.7220,25.5450
2023-01-21 16:00:00,25.5440,26.6870,24.2670,25.1940
2023-01-21 20:00:00,25.1940,25.6400,25.0400,25.2270
2023-01-22 00:00:00,25.2300,26.1170,25.1120,25.6350
2023-01-22 04:00:00,25.6340,25.7000,24.5000,24.5640
2023-01-22 08:00:00,24.5640,25.3290,24.3940,25.0020
2023-01-22 12:00:00,25.0030,25.4700,24.9330,25.1350
2023-01-22 16:00:00,25.1360,25.3360,24.7670,24.9050
2023-01-22 20:00:00,24.9050,25.4400,24.6360,24.9610
2023-01-23 00:00:00,24.9620,25.2850,24.6990,24.9160
2023-01-23 04:00:00,24.9160,24.9360,23.5000,24.1950
2023-01-23 08:00:00,24.1960,24.9430,24.0600,24.5340
2023-01-23 12:00:00,24.5340,24.8100,24.3250,24.4890
2023-01-23 16:00:00,24.4860,24.8360,24.1420,24.6370
2023-01-23 20:00:00,24.6360,24.7220,23.7000,24.1750
2023-01-24 00:00:00,24.1750,24.7800,23.9620,24.1830
2023-01-24 04:00:00,24.1830,24.5500,24.0350,24.3470
2023-01-24 08:00:00,24.3460,25.3000,24.0560,25.0140
2023-01-24 12:00:00,25.0140,25.0350,24.6500,24.7910
2023-01-24 16:00:00,24.7910,24.9620,24.2710,24.4690
2023-01-24 20:00:00,24.4740,24.5900,23.8620,24.4890
2023-01-25 00:00:00,24.4900,24.5490,24.0600,24.4680
2023-01-25 04:00:00,24.4680,24.5150,22.1100,22.7700
2023-01-25 08:00:00,22.7700,22.9880,22.1870,22.9160
2023-01-25 12:00:00,22.9170,23.4070,22.8510,23.2520
2023-01-25 16:00:00,23.2530,23.3890,22.9600,23.1270
2023-01-25 20:00:00,23.1280,24.5730,22.6900,23.3150
2023-01-26 00:00:00,23.3140,23.8000,23.2090,23.7310
2023-01-26 04:00:00,23.7300,25.4520,23.7100,24.5340
2023-01-26 08:00:00,24.5350,25.2510,24.4290,24.8030
2023-01-26 12:00:00,24.8030,24.9630,24.2500,24.3530
2023-01-26 16:00:00,24.3520,24.5930,24.0880,24.3290
2023-01-26 20:00:00,24.3280,25.1630,24.0700,24.2530
2023-01-27 00:00:00,24.2510,24.7420,23.7000,24.4680
2023-01-27 04:00:00,24.4690,24.6280,24.2050,24.3450
2023-01-27 08:00:00,24.3450,24.5400,23.2420,23.7260
2023-01-27 12:00:00,23.7250,24.0470,23.6630,24.0210
2023-01-27 16:00:00,24.0230,24.0380,23.5640,23.7000
2023-01-27 20:00:00,23.7000,24.2190,23.3100,23.8270
2023-01-28 00:00:00,23.8260,24.6090,23.8080,24.4910
2023-01-28 04:00:00,24.4920,24.9940,24.0270,24.4410
2023-01-28 08:00:00,24.4410,24.9060,24.2940,24.5190
2023-01-28 12:00:00,24.5200,25.3000,24.1810,24.3670
2023-01-28 16:00:00,24.3660,24.4860,24.1950,24.3230
2023-01-28 20:00:00,24.3230,24.3300,23.7000,24.1630
2023-01-29 00:00:00,24.1630,24.2250,23.9190,24.1270
2023-01-29 04:00:00,24.1270,24.1410,23.7500,24.0020
2023-01-29 08:00:00,24.0020,24.7040,23.7100,24.1330
2023-01-29 12:00:00,24.1340,24.1860,24.0150,24.1450
2023-01-29 16:00:00,24.1450,24.5520,24.0620,24.3610
2023-01-29 20:00:00,24.3620,24.8150,24.2070,24.7020
2023-01-30 00:00:00,24.7020,26.6290,24.4620,26.3460
2023-01-30 04:00:00,26.3470,26.8690,25.9550,26.0900
2023-01-30 08:00:00,26.0900,26.3340,25.2350,25.4700
2023-01-30 12:00:00,25.4700,25.6320,25.2610,25.3940
2023-01-30 16:00:00,25.3950,25.5540,23.7420,24.0110
2023-01-30 20:00:00,24.0110,24.7440,23.8410,24.3880
2023-01-31 00:00:00,24.3850,24.6480,22.9100,23.5970
2023-01-31 04:00:00,23.5950,23.9890,23.3230,23.9570
2023-01-31 08:00:00,23.9570,24.2880,23.6470,24.0080
2023-01-31 12:00:00,24.0080,24.1400,23.6490,24.1180
2023-01-31 16:00:00,24.1180,24.1500,23.4810,23.7500
2023-01-31 20:00:00,23.7490,24.3680,23.6290,24.0900
2023-02-01 00:00:00,24.0900,24.4940,24.0040,24.1890
2023-02-01 04:00:00,24.1910,24.2500,23.5750,23.9130
2023-02-01 08:00:00,23.9120,24.0330,23.6520,23.8650
2023-02-01 12:00:00,23.8650,24.0200,23.4000,23.5500
2023-02-01 16:00:00,23.5500,23.6320,23.1450,23.5410
2023-02-01 20:00:00,23.5410,23.6790,22.7000,22.8140
2023-02-02 00:00:00,22.8130,24.4500,22.4500,24.2160
2023-02-02 04:00:00,24.2180,25.2480,24.1000,25.0110
2023-02-02 08:00:00,25.0140,25.7980,24.9550,25.3080
2023-02-02 12:00:00,25.3080,25.4400,24.7560,24.8670
2023-02-02 16:00:00,24.8690,25.0980,24.8180,25.0140
2023-02-02 20:00:00,25.0150,25.2850,24.5900,25.0250
2023-02-03 00:00:00,25.0250,26.1730,24.8630,25.0640
2023-02-03 04:00:00,25.0650,25.2790,24.0050,24.3150
2023-02-03 08:00:00,24.3200,24.5000,24.0000,24.3210
2023-02-03 12:00:00,24.3210,24.5300,24.2320,24.3070
2023-02-03 16:00:00,24.3090,24.5200,24.0800,24.4780
2023-02-03 20:00:00,24.4770,25.0720,23.9700,24.8460
2023-02-04 00:00:00,24.8460,25.0380,24.3540,24.3740
2023-02-04 04:00:00,24.3740,24.8150,24.2260,24.6830
2023-02-04 08:00:00,24.6830,24.8200,24.4180,24.4590
2023-02-04 12:00:00,24.4590,24.5280,24.2790,24.4980
2023-02-04 16:00:00,24.4990,24.5950,24.4050,24.5770
2023-02-04 20:00:00,24.5780,24.9430,24.5320,24.7050
2023-02-05 00:00:00,24.7070,24.8090,24.5060,24.6550
2023-02-05 04:00:00,24.6550,24.7510,24.1440,24.3180
2023-02-05 08:00:00,24.3180,24.4190,24.0210,24.2820
2023-02-05 12:00:00,24.2810,24.4600,24.2250,24.3350
2023-02-05 16:00:00,24.3370,24.4400,24.1300,24.1870
2023-02-05 20:00:00,24.1870,24.2200,23.1530,23.6180
2023-02-06 00:00:00,23.6170,23.6900,23.1700,23.3470
2023-02-06 04:00:00,23.3460,23.6620,23.0000,23.4640
2023-02-06 08:00:00,23.4650,23.7170,23.2270,23.3710
2023-02-06 12:00:00,23.3710,23.4550,22.8200,23.3450
2023-02-06 16:00:00,23.3450,23.3980,23.0400,23.3210
2023-02-06 20:00:00,23.3210,23.5070,22.8010,23.4770
2023-02-07 00:00:00,23.4760,23.6000,23.1430,23.3650
2023-02-07 04:00:00,23.3640,23.3640,22.4710,22.6350
2023-02-07 08:00:00,22.6370,23.1570,22.5260,23.0600
2023-02-07 12:00:00,23.0610,23.3460,23.0240,23.1950
2023-02-07 16:00:00,23.1960,23.4480,23.0800,23.3330
2023-02-07 20:00:00,23.3320,23.4160,22.9210,23.0100
2023-02-08 00:00:00,23.0100,23.8500,22.5500,23.2600
2023-02-08 04:00:00,23.2600,23.9530,23.1310,23.8170
2023-02-08 08:00:00,23.8170,24.2400,23.7840,23.8800
2023-02-08 12:00:00,23.8800,23.9700,23.5690,23.7580
2023-02-08 16:00:00,23.7580,23.7740,23.5200,23.7260
2023-02-08 20:00:00,23.7240,23.9620,23.2670,23.2850
2023-02-09 00:00:00,23.2850,23.4660,22.7810,23.0830
2023-02-09 04:00:00,23.0820,23.2650,22.8570,23.2100
2023-02-09 08:00:00,23.2090,23.3450,21.8350,22.3300
2023-02-09 12:00:00,22.3300,22.8880,22.1640,22.7540
2023-02-09 16:00:00,22.7530,22.9850,22.7160,22.7880
2023-02-09 20:00:00,22.7870,22.9700,22.5600,22.6460
2023-02-10 00:00:00,22.6470,22.6960,21.4220,21.8000
2023-02-10 04:00:00,21.7990,21.7990,19.9900,20.4820
2023-02-10 08:00:00,20.4820,20.8820,20.2650,20.7750
2023-02-10 12:00:00,20.7740,21.0750,20.4950,21.0720
2023-02-10 16:00:00,21.0710,21.1710,20.6000,20.6830
2023-02-10 20:00:00,20.6840,20.9890,20.4060,20.7060
2023-02-11 00:00:00,20.7050,20.9900,20.5020,20.8740
2023-02-11 04:00:00,20.8740,20.8980,19.6600,20.0880
2023-02-11 08:00:00,20.0870,20.4810,20.0780,20.3910
2023-02-11 12:00:00,20.3910,20.4070,20.2000,20.3250
2023-02-11 16:00:00,20.3250,20.3720,20.2130,20.3080
2023-02-11 20:00:00,20.3060,20.5990,20.2610,20.4960
2023-02-12 00:00:00,20.4950,20.5000,20.2400,20.3650
2023-02-12 04:00:00,20.3660,20.8880,20.3120,20.7820
2023-02-12 08:00:00,20.7830,20.7980,20.6040,20.6430
2023-02-12 12:00:00,20.6440,20.9990,20.6150,20.8200
2023-02-12 16:00:00,20.8190,21.0650,20.8090,21.0330
2023-02-12 20:00:00,21.0340,21.5870,20.7530,21.4090
2023-02-13 00:00:00,21.4100,22.5290,21.3590,22.0270
2023-02-13 04:00:00,22.0260,22.1940,21.0800,21.4830
2023-02-13 08:00:00,21.4840,21.5950,20.4480,20.9030
2023-02-13 12:00:00,20.9020,21.3120,20.8410,21.1590
2023-02-13 16:00:00,21.1590,21.1780,20.0300,20.4470
2023-02-13 20:00:00,20.4470,20.6960,20.3460,20.3530
2023-02-14 00:00:00,20.3540,20.5220,19.7200,20.4190
2023-02-14 04:00:00,20.4190,20.8400,20.2120,20.7480
2023-02-14 08:00:00,20.7480,21.0790,20.6390,20.8060
2023-02-14 12:00:00,20.8070,21.0800,20.7450,21.0330
2023-02-14 16:00:00,21.0330,21.6020,20.7500,21.3410
2023-02-14 20:00:00,21.3410,22.3730,20.8660,21.8880
2023-02-15 00:00:00,21.8890,22.0670,21.6240,22.0100
2023-02-15 04:00:00,22.0090,22.0500,21.5220,21.8360
2023-02-15 08:00:00,21.8360,21.9240,21.4430,21.5990
2023-02-15 12:00:00,21.5980,21.6710,21.4620,21.5170
2023-02-15 16:00:00,21.5180,22.2150,21.4480,22.0970
2023-02-15 20:00:00,22.0970,22.7450,22.0950,22.4110
2023-02-16 00:00:00,22.4110,23.0180,22.2540,22.9910
2023-02-16 04:00:00,22.9920,23.9960,22.9170,23.8620
2023-02-16 08:00:00,23.8620,24.1400,23.5500,23.8140
2023-02-16 12:00:00,23.8140,23.9970,23.5500,23.7280
2023-02-16 16:00:00,23.7270,23.9250,23.4940,23.5840
2023-02-16 20:00:00,23.5840,23.8800,23.0740,23.8600
2023-02-17 00:00:00,23.8600,24.1600,23.3590,23.6000
2023-02-17 04:00:00,23.5990,23.6190,22.2030,22.2570
2023-02-17 08:00:00,22.2570,22.7990,22.0240,22.6760
2023-02-17 12:00:00,22.6770,22.8180,22.5170,22.5380
2023-02-17 16:00:00,22.5380,22.7260,22.4610,22.5960
2023-02-17 20:00:00,22.5950,22.9860,22.4350,22.7860
2023-02-18 00:00:00,22.7830,23.4960,22.5750,23.4680
2023-02-18 04:00:00,23.4690,23.5580,22.7140,23.1460
2023-02-18 08:00:00,23.1470,23.6440,23.1440,23.3610
2023-02-18 12:00:00,23.3600,23.4990,23.1250,23.2320
2023-02-18 16:00:00,23.2320,23.2780,22.9310,23.0590
2023-02-18 20:00:00,23.0600,23.5690,23.0050,23.4280
2023-02-19 00:00:00,23.4290,23.9420,23.4060,23.4940
2023-02-19 04:00:00,23.4940,23.6900,23.2680,23.4640
2023-02-19 08:00:00,23.4640,23.6080,23.2070,23.3090
2023-02-19 12:00:00,23.3100,24.0300,23.2720,23.5440
2023-02-19 16:00:00,23.5440,23.7260,23.4690,23.6960
2023-02-19 20:00:00,23.6960,25.3270,23.6960,25.3000
2023-02-20 00:00:00,25.3000,25.4060,24.0000,24.6580
2023-02-20 04:00:00,24.6600,25.6800,24.0360,24.8530
2023-02-20 08:00:00,24.8510,26.3580,24.1000,26.1780
2023-02-20 12:00:00,26.1790,27.1500,25.8670,26.5060
2023-02-20 16:00:00,26.5050,26.7050,26.0510,26.3980
2023-02-20 20:00:00,26.3980,26.7360,26.1380,26.5630
2023-02-21 00:00:00,26.5630,26.6010,25.5550,26.3500
2023-02-21 04:00:00,26.3500,26.3920,25.9170,26.2910
2023-02-21 08:00:00,26.2900,26.6480,25.7950,26.1470
2023-02-21 12:00:00,26.1480,26.3340,25.7280,26.0430
2023-02-21 16:00:00,26.0430,26.2730,24.8990,25.0760
2023-02-21 20:00:00,25.0750,25.3970,24.7550,25.0650
2023-02-22 00:00:00,25.0660,25.5250,24.7040,25.2660
2023-02-22 04:00:00,25.2660,25.4950,24.5000,24.9830
2023-02-22 08:00:00,24.9830,25.2660,23.8200,24.4500
2023-02-22 12:00:00,24.4500,24.4880,23.4090,23.8100
2023-02-22 16:00:00,23.8100,23.8270,23.2000,23.5590
2023-02-22 20:00:00,23.5600,23.8000,23.2400,23.6550
2023-02-23 00:00:00,23.6530,24.1500,23.4000,23.7780
2023-02-23 04:00:00,23.7760,24.3360,23.4540,24.1450
2023-02-23 08:00:00,24.1440,24.6850,23.9500,24.4440
2023-02-23 12:00:00,24.4440,24.5660,24.2260,24.4770
2023-02-23 16:00:00,24.4780,24.6300,23.5900,23.7450
2023-02-23 20:00:00,23.7450,24.3830,23.5970,23.8650
2023-02-24 00:00:00,23.8640,24.0670,23.5940,24.0230
2023-02-24 04:00:00,24.0230,24.2080,23.6690,23.9090
2023-02-24 08:00:00,23.9090,24.1230,23.6740,23.7770
2023-02-24 12:00:00,23.7770,24.0980,23.7330,23.9730
2023-02-24 16:00:00,23.9730,24.0720,23.5000,23.7700
2023-02-24 20:00:00,23.7710,24.0200,22.8730,23.0350
2023-02-25 00:00:00,23.0350,23.0500,22.4830,23.0340
2023-02-25 04:00:00,23.0340,23.3420,22.4360,23.0600
2023-02-25 08:00:00,23.0580,23.3270,22.9170,22.9430
2023-02-25 12:00:00,22.9430,23.1710,22.8080,22.9500
2023-02-25 16:00:00,22.9490,23.0440,22.6080,22.7770
2023-02-25 20:00:00,22.7760,22.8020,21.9920,22.3310
2023-02-26 00:00:00,22.3300,22.4990,21.6030,21.8970
2023-02-26 04:00:00,21.8970,22.4870,21.4000,22.3590
2023-02-26 08:00:00,22.3600,22.7280,22.2010,22.6430
2023-02-26 12:00:00,22.6440,22.8340,22.4830,22.7910
2023-02-26 16:00:00,22.7900,22.9600,22.6120,22.8340
2023-02-26 20:00:00,22.8340,22.9610,22.5350,22.9220
2023-02-27 00:00:00,22.9220,23.3880,22.6720,23.3480
2023-02-27 04:00:00,23.3500,23.5200,22.9500,23.2380
2023-02-27 08:00:00,23.2380,23.2610,22.9650,23.0190
2023-02-27 12:00:00,23.0170,23.0380,22.7510,22.8730
2023-02-27 16:00:00,22.8730,22.9580,22.6120,22.7680
2023-02-27 20:00:00,22.7680,23.4000,22.6500,23.0500
2023-02-28 00:00:00,23.0490,23.1320,22.3090,22.5200
2023-02-28 04:00:00,22.5200,22.7890,22.3380,22.6650
2023-02-28 08:00:00,22.6650,22.7400,22.4100,22.6100
2023-02-28 12:00:00,22.6110,22.6120,22.0570,22.0790
2023-02-28 16:00:00,22.0800,22.3130,22.0380,22.1840
2023-02-28 20:00:00,22.1850,22.5960,22.1840,22.5290
2023-03-01 00:00:00,22.5280,22.6960,22.1520,22.1920
2023-03-01 04:00:00,22.1910,22.2430,21.7330,21.8750
2023-03-01 08:00:00,21.8770,22.3960,21.6390,22.3150
2023-03-01 12:00:00,22.3150,22.6700,22.2860,22.5790
2023-03-01 16:00:00,22.5800,22.9040,22.5240,22.6800
2023-03-01 20:00:00,22.6800,22.8570,22.5170,22.6590
2023-03-02 00:00:00,22.6590,22.6640,22.1010,22.1490
2023-03-02 04:00:00,22.1490,22.5420,22.1060,22.4990
2023-03-02 08:00:00,22.5020,22.6560,21.8850,22.0390
2023-03-02 12:00:00,22.0380,22.1720,21.8370,21.9720
2023-03-02 16:00:00,21.9710,22.0990,21.8840,22.0660
2023-03-02 20:00:00,22.0660,22.0850,21.6540,21.8210
2023-03-03 00:00:00,21.8190,22.1480,21.6890,22.0730
2023-03-03 04:00:00,22.0710,22.1450,21.9070,21.9910
2023-03-03 08:00:00,21.9910,22.0030,20.2910,20.8500
2023-03-03 12:00:00,20.8490,21.2370,20.8030,21.0490
2023-03-03 16:00:00,21.0480,21.2180,21.0470,21.1330
2023-03-03 20:00:00,21.1330,21.4410,20.9850,21.2560
2023-03-04 00:00:00,21.2550,21.4510,21.1500,21.4210
2023-03-04 04:00:00,21.4230,21.5330,21.1540,21.4040
2023-03-04 08:00:00,21.4050,21.6200,21.2870,21.3180
2023-03-04 12:00:00,21.3170,21.3640,21.0080,21.1630
2023-03-04 16:00:00,21.1630,21.2440,21.0660,21.1520
2023-03-04 20:00:00,21.1520,21.1870,20.9150,20.9480
2023-03-05 00:00:00,20.9500,21.0360,20.5650,20.6740
2023-03-05 04:00:00,20.6750,20.9920,20.1750,20.9770
2023-03-05 08:00:00,20.9760,21.7270,20.9170,21.3250
2023-03-05 12:00:00,21.3250,21.4380,21.2090,21.2950
2023-03-05 16:00:00,21.2950,21.3710,21.1310,21.1910
2023-03-05 20:00:00,21.1900,21.3490,21.1440,21.2620
2023-03-06 00:00:00,21.2610,21.3160,21.0000,21.0930
2023-03-06 04:00:00,21.0920,21.3340,20.8210,20.9600
2023-03-06 08:00:00,20.9600,21.0800,20.6500,20.9100
2023-03-06 12:00:00,20.9090,20.9480,20.5750,20.7430
2023-03-06 16:00:00,20.7430,20.7760,20.6000,20.6810
2023-03-06 20:00:00,20.6810,21.0820,20.5260,21.0440
2023-03-07 00:00:00,21.0440,21.1800,20.7350,20.7500
2023-03-07 04:00:00,20.7520,20.7600,20.4360,20.6220
2023-03-07 08:00:00,20.6210,20.9580,20.4240,20.7860
2023-03-07 12:00:00,20.7860,20.8460,20.6670,20.6950
2023-03-07 16:00:00,20.6960,20.7280,20.2510,20.3000
2023-03-07 20:00:00,20.3020,20.6400,19.8660,20.4100
2023-03-08 00:00:00,20.4110,20.4990,19.9200,20.0010
2023-03-08 04:00:00,20.0010,20.2770,19.6820,20.2330
2023-03-08 08:00:00,20.2330,20.3850,19.7810,19.9890
2023-03-08 12:00:00,19.9890,20.0510,19.1140,19.1810
2023-03-08 16:00:00,19.1800,19.5250,19.1410,19.3230
2023-03-08 20:00:00,19.3220,19.3770,18.6150,19.2120
2023-03-09 00:00:00,19.2120,19.3960,18.4560,18.6580
2023-03-09 04:00:00,18.6570,18.9500,18.1000,18.4130
2023-03-09 08:00:00,18.4120,18.6640,18.3490,18.5770
2023-03-09 12:00:00,18.5760,18.7730,18.4590,18.4850
2023-03-09 16:00:00,18.4840,18.6090,18.2240,18.5350
2023-03-09 20:00:00,18.5350,18.6770,18.1310,18.3490
2023-03-10 00:00:00,18.3500,18.3930,17.4540,17.7180
2023-03-10 04:00:00,17.7190,17.7330,16.6280,17.3180
2023-03-10 08:00:00,17.3170,17.3410,16.7700,17.1460
2023-03-10 12:00:00,17.1460,17.1830,16.5860,16.9770
2023-03-10 16:00:00,16.9770,17.0190,15.9930,16.6850
2023-03-10 20:00:00,16.6850,17.9190,16.5880,17.6480
2023-03-11 00:00:00,17.6470,17.9590,17.4100,17.7630
2023-03-11 04:00:00,17.7640,18.3440,17.4360,18.1500
2023-03-11 08:00:00,18.1510,18.8590,18.0190,18.1700
2023-03-11 12:00:00,18.1670,18.2610,16.9510,17.0530
2023-03-11 16:00:00,17.0540,17.7500,16.9270,17.3900
2023-03-11 20:00:00,17.3900,17.5190,17.0540,17.1310
2023-03-12 00:00:00,17.1320,17.9400,16.9700,17.9200
2023-03-12 04:00:00,17.9200,18.2000,17.8250,18.0610
2023-03-12 08:00:00,18.0590,18.1280,17.7730,17.9190
2023-03-12 12:00:00,17.9200,18.0850,17.7000,17.8290
2023-03-12 16:00:00,17.8300,18.2770,17.7860,18.1150
2023-03-12 20:00:00,18.1140,18.1320,17.7200,17.8270
2023-03-13 00:00:00,17.8270,18.8370,17.7590,18.3790
2023-03-13 04:00:00,18.3810,20.7000,18.3710,20.1930
2023-03-13 08:00:00,20.1930,20.5890,19.4510,19.5420
2023-03-13 12:00:00,19.5420,19.8350,19.5140,19.7260
2023-03-13 16:00:00,19.7260,19.7750,18.9000,19.2160
2023-03-13 20:00:00,19.2140,21.4180,18.8720,20.7170
2023-03-14 00:00:00,20.7170,20.9800,20.3210,20.5210
2023-03-14 04:00:00,20.5200,20.6340,20.1500,20.3990
2023-03-14 08:00:00,20.4030,20.4970,20.1460,20.4190
2023-03-14 12:00:00,20.4190,20.6780,19.9290,20.0060
2023-03-14 16:00:00,20.0060,20.2290,19.7580,20.1180
2023-03-14 20:00:00,20.1170,22.1520,20.0280,21.9240
2023-03-15 00:00:00,21.9230,22.0390,20.2800,20.9210
2023-03-15 04:00:00,20.9210,21.0530,20.2450,20.8700
2023-03-15 08:00:00,20.8690,21.2380,20.6010,21.0570
2023-03-15 12:00:00,21.0580,21.4730,20.9820,21.2360
2023-03-15 16:00:00,21.2340,21.2520,20.1790,20.5880
2023-03-15 20:00:00,20.5880,21.1730,19.0200,19.2370
2023-03-16 00:00:00,19.2370,19.4360,18.6330,19.0890
2023-03-16 04:00:00,19.0920,19.4730,18.9930,19.2400
2023-03-16 08:00:00,19.2390,19.4710,18.8690,19.3130
2023-03-16 12:00:00,19.3120,19.6170,19.0470,19.4960
2023-03-16 16:00:00,19.4950,19.8500,19.2500,19.6430
2023-03-16 20:00:00,19.6450,19.7100,19.0180,19.5720
2023-03-17 00:00:00,19.5740,19.9100,19.2650,19.7590
2023-03-17 04:00:00,19.7600,19.7680,19.2510,19.6620
2023-03-17 08:00:00,19.6620,20.2630,19.4050,19.9820
2023-03-17 12:00:00,19.9840,20.2590,19.8720,19.9920
2023-03-17 16:00:00,19.9920,20.7200,19.9120,20.6610
2023-03-17 20:00:00,20.6640,20.6760,19.8000,20.0250
2023-03-18 00:00:00,20.0250,20.6200,19.8950,20.5210
2023-03-18 04:00:00,20.5240,21.6960,20.2970,21.5980
2023-03-18 08:00:00,21.5980,23.0000,21.2660,22.6640
2023-03-18 12:00:00,22.6660,22.8790,22.1450,22.1970
2023-03-18 16:00:00,22.1960,22.5280,21.8020,22.5030
2023-03-18 20:00:00,22.5040,22.5340,21.4400,21.8400
2023-03-19 00:00:00,21.8410,22.4320,21.2300,21.9470
2023-03-19 04:00:00,21.9470,22.1910,21.0540,21.2130
2023-03-19 08:00:00,21.2120,21.8640,21.2090,21.8250
2023-03-19 12:00:00,21.8220,21.9300,21.3080,21.5610
2023-03-19 16:00:00,21.5620,21.7800,21.2330,21.7010
2023-03-19 20:00:00,21.7010,22.1340,21.4860,22.0000
2023-03-20 00:00:00,22.0010,22.4390,21.9710,22.1870
2023-03-20 04:00:00,22.1850,22.2990,21.6900,21.8640
2023-03-20 08:00:00,21.8640,23.0000,21.5870,21.7080
2023-03-20 12:00:00,21.7080,23.1860,21.3340,23.1060
2023-03-20 16:00:00,23.1050,23.6000,22.9090,23.3140
2023-03-20 20:00:00,23.3140,23.9100,22.9230,23.1560
2023-03-21 00:00:00,23.1570,23.4400,21.8200,22.1260
2023-03-21 04:00:00,22.1260,22.7800,22.0030,22.1210
2023-03-21 08:00:00,22.1210,22.7510,21.9960,22.4350
2023-03-21 12:00:00,22.4340,22.6370,21.6870,21.9200
2023-03-21 16:00:00,21.9200,22.5200,21.5160,22.4340
2023-03-21 20:00:00,22.4330,23.3330,22.3420,22.9090
2023-03-22 00:00:00,22.9090,23.2000,22.1070,22.5200
2023-03-22 04:00:00,22.5210,22.6670,22.2240,22.5260
2023-03-22 08:00:00,22.5230,22.5300,22.0010,22.3020
2023-03-22 12:00:00,22.2980,22.5490,22.2090,22.3070
2023-03-22 16:00:00,22.3080,22.7040,22.0950,22.4730
2023-03-22 20:00:00,22.4730,23.0940,22.3100,22.6240
2023-03-23 00:00:00,22.6250,22.9690,20.9180,21.0890
2023-03-23 04:00:00,21.0890,21.8370,20.9520,21.4040
2023-03-23 08:00:00,21.4030,21.5870,21.0800,21.2590
2023-03-23 12:00:00,21.2590,21.7230,21.1790,21.6910
2023-03-23 16:00:00,21.6900,21.7910,21.5580,21.7440
2023-03-23 20:00:00,21.7450,22.7450,21.3650,22.3920
2023-03-24 00:00:00,22.3920,22.7500,21.6950,22.0790
2023-03-24 04:00:00,22.0810,22.2460,21.8820,22.1570
2023-03-24 08:00:00,22.1580,22.2680,22.0080,22.0780
2023-03-24 12:00:00,22.0760,22.1350,21.8710,21.9850
2023-03-24 16:00:00,21.9830,22.0180,21.0010,21.4020
2023-03-24 20:00:00,21.3930,21.7510,20.9600,21.1810
2023-03-25 00:00:00,21.1800,21.3090,20.2600,20.7420
2023-03-25 04:00:00,20.7430,20.7910,20.3220,20.6490
2023-03-25 08:00:00,20.6490,20.8980,20.6060,20.7120
2023-03-25 12:00:00,20.7130,20.7980,20.4880,20.5980
2023-03-25 16:00:00,20.5980,20.6970,20.3900,20.6480
2023-03-25 20:00:00,20.6490,20.9660,20.5490,20.8580
2023-03-26 00:00:00,20.8590,20.9080,20.0740,20.1330
2023-03-26 04:00:00,20.1320,20.4430,20.1020,20.3940
2023-03-26 08:00:00,20.3950,20.7500,20.2700,20.6690
2023-03-26 12:00:00,20.6690,20.8730,20.6190,20.7610
2023-03-26 16:00:00,20.7610,20.9580,20.6880,20.8290
2023-03-26 20:00:00,20.8290,21.1270,20.7290,20.8020
2023-03-27 00:00:00,20.8020,21.0000,20.6350,20.9110
2023-03-27 04:00:00,20.9110,21.0900,20.7430,20.9310
2023-03-27 08:00:00,20.9290,20.9780,20.5500,20.6990
2023-03-27 12:00:00,20.6980,20.7330,20.3580,20.4350
2023-03-27 16:00:00,20.4360,20.6500,20.3350,20.6060
2023-03-27 20:00:00,20.6070,20.7070,19.2970,19.7650
2023-03-28 00:00:00,19.7650,19.9500,19.5790,19.6750
2023-03-28 04:00:00,19.6760,19.9390,19.5660,19.8870
2023-03-28 08:00:00,19.8870,19.9950,19.5950,19.7120
2023-03-28 12:00:00,19.7110,20.0690,19.7000,19.8700
2023-03-28 16:00:00,19.8690,20.1820,19.6000,20.0860
2023-03-28 20:00:00,20.0860,20.3890,19.8170,20.2310
2023-03-29 00:00:00,20.2300,20.8980,20.0210,20.6900
2023-03-29 04:00:00,20.6900,20.7380,20.2000,20.4390
2023-03-29 08:00:00,20.4400,20.8550,20.4120,20.6460
2023-03-29 12:00:00,20.6470,21.2870,20.6170,21.2020
2023-03-29 16:00:00,21.2020,21.5500,21.1010,21.2050
2023-03-29 20:00:00,21.2060,21.3430,20.9390,21.2260
2023-03-30 00:00:00,21.2260,21.2390,20.9390,21.1700
2023-03-30 04:00:00,21.1710,21.3210,20.8940,21.0860
2023-03-30 08:00:00,21.0870,21.6610,20.5000,21.0430
2023-03-30 12:00:00,21.0420,21.2150,20.8390,21.0070
2023-03-30 16:00:00,21.0080,21.0450,20.5000,20.6660
2023-03-30 20:00:00,20.6660,20.6960,20.3940,20.5210
2023-03-31 00:00:00,20.5210,20.5210,20.1290,20.4800
2023-03-31 04:00:00,20.4800,20.7080,20.3610,20.5430
2023-03-31 08:00:00,20.5420,20.7400,20.4250,20.5130
2023-03-31 12:00:00,20.5130,20.6120,20.0100,20.2880
2023-03-31 16:00:00,20.2890,20.4140,20.2070,20.3100
2023-03-31 20:00:00,20.3110,20.9850,20.2060,20.8580
2023-04-01 00:00:00,20.8570,21.0080,20.6800,20.9730
2023-04-01 04:00:00,20.9730,21.4860,20.8210,21.1610
2023-04-01 08:00:00,21.1600,21.3440,20.9070,21.0170
2023-04-01 12:00:00,21.0170,21.2720,20.8260,21.0070
2023-04-01 16:00:00,21.0080,21.1110,20.9160,21.0160
2023-04-01 20:00:00,21.0150,21.0900,20.8500,20.9520
2023-04-02 00:00:00,20.9540,21.0380,20.7300,20.9360
2023-04-02 04:00:00,20.9350,21.2240,20.9320,21.0790
2023-04-02 08:00:00,21.0790,21.1460,20.8680,21.0180
2023-04-02 12:00:00,21.0170,21.3060,20.9120,21.1700
2023-04-02 16:00:00,21.1710,21.2000,20.9580,20.9860
2023-04-02 20:00:00,20.9860,20.9960,20.4000,20.5700
2023-04-03 00:00:00,20.5710,20.6620,20.2010,20.3350
2023-04-03 04:00:00,20.3350,20.5700,20.2580,20.5090
2023-04-03 08:00:00,20.5090,20.5650,19.9370,20.0260
2023-04-03 12:00:00,20.0260,20.2580,19.9770,20.2540
2023-04-03 16:00:00,20.2540,20.5770,20.2380,20.3940
2023-04-03 20:00:00,20.3930,20.5990,20.0570,20.3060
2023-04-04 00:00:00,20.3060,20.9490,20.1340,20.8910
2023-04-04 04:00:00,20.8910,20.9890,20.0400,20.4440
2023-04-04 08:00:00,20.4450,20.5670,20.2730,20.4060
2023-04-04 12:00:00,20.4050,20.6330,20.3110,20.5150
2023-04-04 16:00:00,20.5170,21.0060,20.4550,20.9670
2023-04-04 20:00:00,20.9670,21.2690,20.6640,20.8510
2023-04-05 00:00:00,20.8500,21.0070,20.7430,20.9410
2023-04-05 04:00:00,20.9410,21.0840,20.8080,20.9050
2023-04-05 08:00:00,20.9040,21.3400,20.8200,21.1310
2023-04-05 12:00:00,21.1290,21.3000,21.1050,21.1870
2023-04-05 16:00:00,21.1880,21.2750,21.0680,21.1820
2023-04-05 20:00:00,21.1830,21.2470,20.5320,20.7930
2023-04-06 00:00:00,20.7940,20.9730,20.6250,20.9060
2023-04-06 04:00:00,20.9070,21.0440,20.8050,20.9570
2023-04-06 08:00:00,20.9570,20.9870,20.5080,20.8160
2023-04-06 12:00:00,20.8160,20.8250,20.6100,20.6280
2023-04-06 16:00:00,20.6270,20.7470,20.3450,20.6790
2023-04-06 20:00:00,20.6790,20.8120,20.4450,20.7280
2023-04-07 00:00:00,20.7280,20.8600,20.6010,20.7050
2023-04-07 04:00:00,20.7050,20.7780,20.5110,20.6080
2023-04-07 08:00:00,20.6090,20.7710,20.3710,20.5460
2023-04-07 12:00:00,20.5450,20.5540,20.2180,20.2710
2023-04-07 16:00:00,20.2720,20.4300,20.1950,20.3100
2023-04-07 20:00:00,20.3100,20.6460,20.2630,20.5260
2023-04-08 00:00:00,20.5270,20.5620,20.4100,20.4800
2023-04-08 04:00:00,20.4800,20.5220,20.3240,20.4330
2023-04-08 08:00:00,20.4340,20.4850,20.2500,20.4720
2023-04-08 12:00:00,20.4720,20.7260,20.4270,20.6010
2023-04-08 16:00:00,20.6000,20.6380,20.5190,20.5620
2023-04-08 20:00:00,20.5610,20.5680,20.3070,20.4410
2023-04-09 00:00:00,20.4400,20.4440,20.0500,20.1860
2023-04-09 04:00:00,20.1870,20.2260,19.8210,20.0250
2023-04-09 08:00:00,20.0240,20.2360,20.0050,20.0990
2023-04-09 12:00:00,20.0980,20.2480,19.8470,20.0000
2023-04-09 16:00:00,19.9990,20.1900,19.9340,20.1800
2023-04-09 20:00:00,20.1820,20.3200,20.0000,20.1120
2023-04-10 00:00:00,20.1120,20.4250,20.0540,20.2740
2023-04-10 04:00:00,20.2750,20.4390,20.1890,20.2780
2023-04-10 08:00:00,20.2770,20.3400,20.1100,20.2570
2023-04-10 12:00:00,20.2570,20.3420,20.1640,20.2390
2023-04-10 16:00:00,20.2390,20.3730,20.2100,20.2760
2023-04-10 20:00:00,20.2760,20.2950,20.0630,20.2100
2023-04-11 00:00:00,20.2110,20.7130,20.1610,20.6780
2023-04-11 04:00:00,20.6790,20.9500,20.5270,20.8930
2023-04-11 08:00:00,20.8920,21.2990,20.8190,21.2630
2023-04-11 12:00:00,21.2640,22.6880,21.2060,22.4680
2023-04-11 16:00:00,22.4680,22.6160,22.2070,22.2330
2023-04-11 20:00:00,22.2330,23.4910,22.1290,23.3060
2023-04-12 00:00:00,23.3060,23.7000,23.0250,23.4330
2023-04-12 04:00:00,23.4360,23.4920,22.8010,22.9990
2023-04-12 08:00:00,22.9990,23.5570,22.3110,22.5570
2023-04-12 12:00:00,22.5560,24.1000,22.5020,23.6830
2023-04-12 16:00:00,23.6830,23.9020,23.2680,23.4830
2023-04-12 20:00:00,23.4830,24.4920,23.2390,23.5920
2023-04-13 00:00:00,23.5910,24.3940,23.5220,23.8810
2023-04-13 04:00:00,23.8820,24.1700,23.6000,23.7980
2023-04-13 08:00:00,23.7980,24.1210,23.6350,23.9890
2023-04-13 12:00:00,23.9900,24.2900,23.8500,24.1090
2023-04-13 16:00:00,24.1090,24.6000,23.8970,24.3090
2023-04-13 20:00:00,24.3100,25.2900,24.2480,24.6120
2023-04-14 00:00:00,24.6110,24.8940,24.3740,24.7420
2023-04-14 04:00:00,24.7420,24.7890,24.3000,24.4240
2023-04-14 08:00:00,24.4230,25.3690,24.2000,25.0920
2023-04-14 12:00:00,25.0920,25.5000,24.8530,24.9140
2023-04-14 16:00:00,24.9150,25.1370,24.8100,25.0230
2023-04-14 20:00:00,25.0230,25.1000,23.8010,23.8450
2023-04-15 00:00:00,23.8450,24.7500,23.7250,24.5400
2023-04-15 04:00:00,24.5390,25.0000,24.4290,24.7210
2023-04-15 08:00:00,24.7200,24.8090,24.1510,24.2640
2023-04-15 12:00:00,24.2670,24.5160,24.0100,24.4130
2023-04-15 16:00:00,24.4130,24.5310,24.2200,24.3700
2023-04-15 20:00:00,24.3700,24.5300,24.1560,24.3510
2023-04-16 00:00:00,24.3500,24.4270,23.8470,24.0530
2023-04-16 04:00:00,24.0530,24.1590,23.8110,24.0570
2023-04-16 08:00:00,24.0570,24.5140,23.8240,24.3430
2023-04-16 12:00:00,24.3430,24.4700,24.2010,24.2600
2023-04-16 16:00:00,24.2600,24.3590,23.9640,24.0720
2023-04-16 20:00:00,24.0720,24.3840,24.0000,24.3260
2023-04-17 00:00:00,24.3260,24.8570,24.2100,24.5490
2023-04-17 04:00:00,24.5500,25.5380,24.3270,25.3520
2023-04-17 08:00:00,25.3520,26.0670,24.8000,25.8320
2023-04-17 12:00:00,25.8320,26.0000,25.1010,25.1450
2023-04-17 16:00:00,25.1450,25.3900,24.6810,24.9260
2023-04-17 20:00:00,24.9250,25.4800,24.3030,24.5430
2023-04-18 00:00:00,24.5430,24.9080,24.3530,24.7450
2023-04-18 04:00:00,24.7450,24.7980,24.4600,24.5900
2023-04-18 08:00:00,24.5900,24.6850,24.0000,24.4350
2023-04-18 12:00:00,24.4340,25.1670,24.3550,25.0970
2023-04-18 16:00:00,25.0990,25.4600,24.8660,25.3650
2023-04-18 20:00:00,25.3630,25.4140,24.8250,24.9440
2023-04-19 00:00:00,24.9430,25.0210,24.4280,24.6840
2023-04-19 04:00:00,24.6840,24.9270,24.5830,24.8290
2023-04-19 08:00:00,24.8290,24.9950,24.5340,24.6240
2023-04-19 12:00:00,24.6230,24.7850,24.2520,24.3580
2023-04-19 16:00:00,24.3580,24.3590,21.5170,23.1980
2023-04-19 20:00:00,23.1970,23.5500,22.9110,23.3250
2023-04-20 00:00:00,23.3260,23.4900,22.7940,22.9830
2023-04-20 04:00:00,22.9820,23.1590,22.1040,22.6550
2023-04-20 08:00:00,22.6540,23.0940,22.3550,22.8520
2023-04-20 12:00:00,22.8530,23.0670,22.5550,22.6070
2023-04-20 16:00:00,22.6060,22.8730,22.2100,22.3310
2023-04-20 20:00:00,22.3320,23.1800,22.0430,22.1140
2023-04-21 00:00:00,22.1160,22.4200,21.6000,21.7710
2023-04-21 04:00:00,21.7700,22.2900,21.6800,22.1840
2023-04-21 08:00:00,22.1850,22.4000,21.9680,22.2980
2023-04-21 12:00:00,22.2990,22.3460,21.8110,22.2530
2023-04-21 16:00:00,22.2530,22.3820,21.9170,22.0190
2023-04-21 20:00:00,22.0180,22.3000,21.7690,21.8660
2023-04-22 00:00:00,21.8660,21.9370,20.8090,21.2000
2023-04-22 04:00:00,21.1990,21.4200,20.9660,21.2470
2023-04-22 08:00:00,21.2460,21.3910,21.0330,21.3720
2023-04-22 12:00:00,21.3710,21.4890,21.2110,21.2700
2023-04-22 16:00:00,21.2700,21.3830,21.2000,21.3550
2023-04-22 20:00:00,21.3550,21.7210,21.3490,21.7200
2023-04-23 00:00:00,21.7210,21.9280,21.6080,21.7530
2023-04-23 04:00:00,21.7520,21.9900,21.6730,21.7820
2023-04-23 08:00:00,21.7830,21.7950,21.4200,21.7070
2023-04-23 12:00:00,21.7080,22.1450,21.6700,22.0690
2023-04-23 16:00:00,22.0720,22.2000,21.9100,22.1280
2023-04-23 20:00:00,22.1290,22.2450,21.4560,21.6410
2023-04-24 00:00:00,21.6400,21.6830,20.9000,21.1780
2023-04-24 04:00:00,21.1780,21.5480,21.0750,21.4610
2023-04-24 08:00:00,21.4610,22.0000,21.2500,21.7110
2023-04-24 12:00:00,21.7120,21.7740,21.1500,21.2810
2023-04-24 16:00:00,21.2810,21.7290,21.1190,21.7260
2023-04-24 20:00:00,21.7250,21.9790,21.2830,21.3430
2023-04-25 00:00:00,21.3440,21.5490,20.9740,21.3190
2023-04-25 04:00:00,21.3190,21.4650,21.2500,21.3730
2023-04-25 08:00:00,21.3770,21.4570,20.8000,20.8730
2023-04-25 12:00:00,20.8730,21.1440,20.8260,20.8790
2023-04-25 16:00:00,20.8780,21.0490,20.7140,20.9980
2023-04-25 20:00:00,20.9990,21.1630,20.7260,20.8610
2023-04-26 00:00:00,20.8610,21.2820,20.7540,21.1540
2023-04-26 04:00:00,21.1560,21.9590,21.1470,21.9240
2023-04-26 08:00:00,21.9230,22.0630,21.7220,21.7990
2023-04-26 12:00:00,21.7990,22.1780,21.7950,21.9140
2023-04-26 16:00:00,21.9150,22.6250,21.9090,22.4470
2023-04-26 20:00:00,22.4460,22.9770,22.4400,22.6690
2023-04-27 00:00:00,22.6700,22.8300,20.6870,21.0690
2023-04-27 04:00:00,21.0690,21.5160,20.2910,21.2560
2023-04-27 08:00:00,21.2560,22.0820,21.1550,21.6140
2023-04-27 12:00:00,21.6130,21.9930,21.5000,21.6600
2023-04-27 16:00:00,21.6590,21.7640,21.5110,21.6350
2023-04-27 20:00:00,21.6350,22.4450,21.2850,22.2400
2023-04-28 00:00:00,22.2410,22.5410,22.0140,22.3150
2023-04-28 04:00:00,22.3170,22.4860,22.0990,22.3260
2023-04-28 08:00:00,22.3250,22.6720,22.1820,22.3040
2023-04-28 12:00:00,22.3040,22.6600,22.2940,22.6010
2023-04-28 16:00:00,22.6010,22.8660,22.3270,22.4790
2023-04-28 20:00:00,22.4780,22.7430,22.1350,22.3720
2023-04-29 00:00:00,22.3720,23.4500,22.3650,23.2960
2023-04-29 04:00:00,23.2990,23.4980,23.1140,23.3310
2023-04-29 08:00:00,23.3300,23.4770,23.1880,23.2920
2023-04-29 12:00:00,23.2920,23.3970,23.1100,23.2560
2023-04-29 16:00:00,23.2570,23.3460,23.1640,23.2800
2023-04-29 20:00:00,23.2790,23.9010,23.2230,23.3440
2023-04-30 00:00:00,23.3440,23.3850,22.8300,23.2860
2023-04-30 04:00:00,23.2860,23.2910,22.9180,23.1750
2023-04-30 08:00:00,23.1750,23.1980,22.9610,23.1390
2023-04-30 12:00:00,23.1400,23.4760,23.0620,23.4120
2023-04-30 16:00:00,23.4130,23.7330,23.4090,23.4880
2023-04-30 20:00:00,23.4890,24.0000,23.3250,23.6650
2023-05-01 00:00:00,23.6670,23.8670,23.0210,23.1750
2023-05-01 04:00:00,23.1730,23.2230,22.6500,22.7290
2023-05-01 08:00:00,22.7280,22.8800,21.7400,22.1770
2023-05-01 12:00:00,22.1770,22.3630,21.9940,22.3130
2023-05-01 16:00:00,22.3120,22.3420,22.1370,22.2040
2023-05-01 20:00:00,22.2020,22.3020,21.7210,21.8720
2023-05-02 00:00:00,21.8730,21.9810,21.5060,21.7360
2023-05-02 04:00:00,21.7350,22.0640,21.5890,21.9390
2023-05-02 08:00:00,21.9390,22.0150,21.7260,21.8600
2023-05-02 12:00:00,21.8600,22.0000,21.7340,21.8910
2023-05-02 16:00:00,21.8900,21.9900,21.7800,21.9760
2023-05-02 20:00:00,21.9760,22.2920,21.7500,22.1780
2023-05-03 00:00:00,22.1760,22.3700,22.0860,22.2800
2023-05-03 04:00:00,22.2820,22.3300,22.1500,22.2440
2023-05-03 08:00:00,22.2430,22.2610,21.7430,21.8750
2023-05-03 12:00:00,21.8750,21.9970,21.5800,21.7360
2023-05-03 16:00:00,21.7350,21.8340,21.3260,21.3930
2023-05-03 20:00:00,21.3920,21.4830,21.2200,21.3180
2023-05-04 00:00:00,21.3180,21.7000,21.2530,21.3940
2023-05-04 04:00:00,21.3920,22.2970,21.3780,22.2270
2023-05-04 08:00:00,22.2270,22.4730,22.1280,22.2220
2023-05-04 12:00:00,22.2220,22.3380,22.0970,22.1080
2023-05-04 16:00:00,22.1080,22.4510,22.0800,22.2390
2023-05-04 20:00:00,22.2380,22.3180,21.7530,21.7960
2023-05-05 00:00:00,21.7970,21.9120,21.6100,21.7470
2023-05-05 04:00:00,21.7470,21.7870,21.6160,21.7260
2023-05-05 08:00:00,21.7260,22.1110,21.6600,21.8870
2023-05-05 12:00:00,21.8870,21.9970,21.6350,21.7760
2023-05-05 16:00:00,21.7760,22.0400,21.7610,22.0090
2023-05-05 20:00:00,22.0100,22.4810,21.5000,22.3090
2023-05-06 00:00:00,22.3080,22.9400,22.3080,22.8610
2023-05-06 04:00:00,22.8610,23.0730,22.7630,22.8130
2023-05-06 08:00:00,22.8130,23.2330,22.6310,22.7190
2023-05-06 12:00:00,22.7180,22.7950,22.5400,22.6290
2023-05-06 16:00:00,22.6300,22.6670,22.4200,22.6510
2023-05-06 20:00:00,22.6530,22.6800,21.5100,21.7630
2023-05-07 00:00:00,21.7630,22.1640,21.7190,21.9710
2023-05-07 04:00:00,21.9680,22.0110,21.8110,21.9080
2023-05-07 08:00:00,21.9090,22.0220,21.7000,21.8630
2023-05-07 12:00:00,21.8640,22.0630,21.8610,22.0420
2023-05-07 16:00:00,22.0430,22.2420,21.9230,22.0870
2023-05-07 20:00:00,22.0870,22.5470,22.0870,22.4460
2023-05-08 00:00:00,22.4460,22.7780,22.3750,22.4310
2023-05-08 04:00:00,22.4310,22.5500,21.6430,21.6590
2023-05-08 08:00:00,21.6590,21.8160,20.6000,21.2910
2023-05-08 12:00:00,21.2910,21.4220,20.8670,21.2110
2023-05-08 16:00:00,21.2110,21.3090,21.0280,21.2530
2023-05-08 20:00:00,21.2530,21.3860,21.0630,21.1440
2023-05-09 00:00:00,21.1450,21.1840,19.8380,20.3820
2023-05-09 04:00:00,20.3810,20.7370,20.3010,20.6150
2023-05-09 08:00:00,20.6160,20.7890,20.5000,20.6190
2023-05-09 12:00:00,20.6190,20.7060,20.4030,20.6720
2023-05-09 16:00:00,20.6730,20.8050,20.5040,20.7970
2023-05-09 20:00:00,20.7980,20.9810,20.4670,20.5380
2023-05-10 00:00:00,20.5390,20.8360,20.3990,20.6080
2023-05-10 04:00:00,20.6080,20.7220,20.4170,20.6480
2023-05-10 08:00:00,20.6490,20.8750,20.5960,20.6880
2023-05-10 12:00:00,20.6860,20.8100,20.5250,20.5390
2023-05-10 16:00:00,20.5390,20.7480,20.4700,20.7300
2023-05-10 20:00:00,20.7320,21.2940,20.6350,21.0740
2023-05-11 00:00:00,21.0740,21.1800,19.6260,20.9600
2023-05-11 04:00:00,20.9610,21.2840,20.7490,20.9090
2023-05-11 08:00:00,20.9090,20.9220,20.5110,20.5370
2023-05-11 12:00:00,20.5370,20.6850,20.5180,20.5820
2023-05-11 16:00:00,20.5810,20.6360,20.3000,20.4900
2023-05-11 20:00:00,20.4920,20.7800,19.8680,20.1510
2023-05-12 00:00:00,20.1510,20.1840,19.6500,19.9950
2023-05-12 04:00:00,19.9980,20.3130,19.9550,20.1630
2023-05-12 08:00:00,20.1640,20.2710,19.8160,19.9810
2023-05-12 12:00:00,19.9810,20.2080,19.7900,20.0820
2023-05-12 16:00:00,20.0830,20.3490,20.0440,20.2690
2023-05-12 20:00:00,20.2690,20.9310,20.2590,20.2820
2023-05-13 00:00:00,20.2830,20.5600,19.8900,20.4810
2023-05-13 04:00:00,20.4810,20.9380,20.4070,20.8980
2023-05-13 08:00:00,20.8980,21.1840,20.7920,21.1430
2023-05-13 12:00:00,21.1430,21.2340,20.9770,21.2050
2023-05-13 16:00:00,21.2050,21.2900,21.0230,21.0680
2023-05-13 20:00:00,21.0680,21.1300,20.7590,20.8580
2023-05-14 00:00:00,20.8560,21.1300,20.7790,20.9300
2023-05-14 04:00:00,20.9300,21.0100,20.8250,20.8320
2023-05-14 08:00:00,20.8320,20.9840,20.6110,20.9390
2023-05-14 12:00:00,20.9380,21.1790,20.9050,21.0820
2023-05-14 16:00:00,21.0850,21.1110,20.9370,20.9580
2023-05-14 20:00:00,20.9590,21.2900,20.8430,21.1710
2023-05-15 00:00:00,21.1710,21.1900,20.8510,20.9100
2023-05-15 04:00:00,20.9100,20.9780,20.8070,20.9170
2023-05-15 08:00:00,20.9150,21.2880,20.5890,21.2180
2023-05-15 12:00:00,21.2180,21.4970,21.0900,21.3800
2023-05-15 16:00:00,21.3800,21.5180,21.2550,21.2760
2023-05-15 20:00:00,21.2760,21.4460,21.1730,21.3700
2023-05-16 00:00:00,21.3710,21.4850,21.0950,21.1570
2023-05-16 04:00:00,21.1570,21.1590,20.9120,20.9710
2023-05-16 08:00:00,20.9710,21.1210,20.6470,20.8620
2023-05-16 12:00:00,20.8630,21.0600,20.7490,21.0330
2023-05-16 16:00:00,21.0320,21.1000,20.7960,20.8690
2023-05-16 20:00:00,20.8690,20.8910,20.6290,20.7730
2023-05-17 00:00:00,20.7740,20.8200,20.4540,20.4910
2023-05-17 04:00:00,20.4910,20.7320,20.4270,20.6690
2023-05-17 08:00:00,20.6690,21.0700,20.5730,20.9540
2023-05-17 12:00:00,20.9540,20.9950,20.5310,20.5570
2023-05-17 16:00:00,20.5570,20.6780,20.4510,20.5150
2023-05-17 20:00:00,20.5140,20.7250,20.4120,20.5820
2023-05-18 00:00:00,20.5820,21.1370,20.5320,21.0240
2023-05-18 04:00:00,21.0240,21.2000,20.9310,21.0470
2023-05-18 08:00:00,21.0480,21.0850,20.8660,21.0320
2023-05-18 12:00:00,21.0320,21.0450,20.7430,20.9180
2023-05-18 16:00:00,20.9170,20.9490,20.7360,20.8230
2023-05-18 20:00:00,20.8230,20.8310,20.4500,20.5120
2023-05-19 00:00:00,20.5120,20.5910,20.0530,20.3290
2023-05-19 04:00:00,20.3290,20.5110,20.2700,20.3290
2023-05-19 08:00:00,20.3290,20.4100,20.2710,20.3280
2023-05-19 12:00:00,20.3290,20.4650,20.2940,20.4220
2023-05-19 16:00:00,20.4230,20.5140,20.3620,20.4450
2023-05-19 20:00:00,20.4460,20.5860,20.2020,20.4030
2023-05-20 00:00:00,20.4030,20.5000,20.3080,20.3650
2023-05-20 04:00:00,20.3640,20.3930,20.3170,20.3430
2023-05-20 08:00:00,20.3430,20.3580,20.1340,20.2700
2023-05-20 12:00:00,20.2700,20.2800,20.0580,20.1600
2023-05-20 16:00:00,20.1590,20.2420,20.1560,20.2060
2023-05-20 20:00:00,20.2060,20.3110,20.1680,20.2680
2023-05-21 00:00:00,20.2680,20.3460,20.1890,20.2800
2023-05-21 04:00:00,20.2810,20.3030,20.2050,20.2640
2023-05-21 08:00:00,20.2650,20.3890,20.2140,20.2350
2023-05-21 12:00:00,20.2350,20.2900,20.2210,20.2800
2023-05-21 16:00:00,20.2800,20.3300,20.0800,20.1370
2023-05-21 20:00:00,20.1360,20.1840,19.8000,19.9190
2023-05-22 00:00:00,19.9190,19.9950,19.8150,19.9750
2023-05-22 04:00:00,19.9760,20.0530,19.3000,19.6050
2023-05-22 08:00:00,19.6040,19.6670,19.2660,19.5280
2023-05-22 12:00:00,19.5280,19.7800,19.5160,19.6830
2023-05-22 16:00:00,19.6830,19.9150,19.6810,19.8650
2023-05-22 20:00:00,19.8650,20.0260,19.5610,19.6600
2023-05-23 00:00:00,19.6600,19.7580,19.5690,19.6820
2023-05-23 04:00:00,19.6830,19.7400,19.5010,19.5140
2023-05-23 08:00:00,19.5140,20.1700,19.4020,20.0380
2023-05-23 12:00:00,20.0380,20.0990,19.7100,19.8360
2023-05-23 16:00:00,19.8360,19.9270,19.7340,19.9150
2023-05-23 20:00:00,19.9160,20.0570,19.8000,19.9960
2023-05-24 00:00:00,19.9960,20.1450,19.8710,20.0230
2023-05-24 04:00:00,20.0240,20.1140,19.9710,20.0240
2023-05-24 08:00:00,20.0240,20.0680,19.4290,19.5450
2023-05-24 12:00:00,19.5460,19.5880,19.3600,19.4100
2023-05-24 16:00:00,19.4100,19.5520,19.3010,19.4130
2023-05-24 20:00:00,19.4120,19.4760,18.5300,19.1590
2023-05-25 00:00:00,19.1600,19.2880,19.0300,19.1860
2023-05-25 04:00:00,19.1850,19.3630,19.1380,19.2010
2023-05-25 08:00:00,19.2020,19.3920,18.7550,19.3570
2023-05-25 12:00:00,19.3570,19.4690,19.2600,19.2650
2023-05-25 16:00:00,19.2660,19.4160,19.2310,19.3790
2023-05-25 20:00:00,19.3790,19.6150,19.1780,19.2290
2023-05-26 00:00:00,19.2290,19.4290,19.1890,19.3130
2023-05-26 04:00:00,19.3130,19.3320,19.2030,19.2430
2023-05-26 08:00:00,19.2440,19.3610,19.1650,19.2810
2023-05-26 12:00:00,19.2820,19.3100,19.0750,19.3010
2023-05-26 16:00:00,19.3010,19.3500,19.2430,19.2920
2023-05-26 20:00:00,19.2940,19.5520,19.2050,19.4200
2023-05-27 00:00:00,19.4200,19.4840,19.2890,19.4590
2023-05-27 04:00:00,19.4590,19.4890,19.3420,19.3490
2023-05-27 08:00:00,19.3500,19.4920,19.3240,19.4700
2023-05-27 12:00:00,19.4710,19.6470,19.4370,19.5240
2023-05-27 16:00:00,19.5250,19.5390,19.4300,19.4760
2023-05-27 20:00:00,19.4760,19.6080,19.4000,19.6040
2023-05-28 00:00:00,19.6050,19.6700,19.5100,19.6610
2023-05-28 04:00:00,19.6610,20.5350,19.6550,20.4150
2023-05-28 08:00:00,20.4150,20.8000,20.2790,20.4730
2023-05-28 12:00:00,20.4740,20.5450,20.4090,20.4790
2023-05-28 16:00:00,20.4800,20.6710,20.3900,20.5150
2023-05-28 20:00:00,20.5150,20.6730,20.4130,20.5010
2023-05-29 00:00:00,20.5010,20.9860,20.4610,20.7600
2023-05-29 04:00:00,20.7600,21.1870,20.7130,20.7970
2023-05-29 08:00:00,20.7980,20.9710,20.6160,20.7010
2023-05-29 12:00:00,20.7010,20.7720,20.5380,20.7290
2023-05-29 16:00:00,20.7290,20.7790,20.6020,20.7430
2023-05-29 20:00:00,20.7420,20.7810,20.4200,20.4810
2023-05-30 00:00:00,20.4810,20.5840,20.2650,20.4960
2023-05-30 04:00:00,20.4950,20.6900,20.4300,20.5750
2023-05-30 08:00:00,20.5750,21.1690,20.4550,20.8620
2023-05-30 12:00:00,20.8620,20.9160,20.6550,20.7380
2023-05-30 16:00:00,20.7380,21.3800,20.7380,21.2750
2023-05-30 20:00:00,21.2750,21.3780,20.8800,20.9570
2023-05-31 00:00:00,20.9560,21.3900,20.7920,21.3480
2023-05-31 04:00:00,21.3480,21.3900,21.1200,21.2440
2023-05-31 08:00:00,21.2450,21.3290,20.9410,21.0900
2023-05-31 12:00:00,21.0910,21.1320,20.4920,20.7090
2023-05-31 16:00:00,20.7110,20.8000,20.5190,20.6130
2023-05-31 20:00:00,20.6120,20.7010,20.3200,20.4730
2023-06-01 00:00:00,20.4740,20.7280,20.4450,20.6320
2023-06-01 04:00:00,20.6330,20.8300,20.6140,20.8090
2023-06-01 08:00:00,20.8100,20.9710,20.4110,20.6900
2023-06-01 12:00:00,20.6920,20.7380,20.5440,20.6110
2023-06-01 16:00:00,20.6110,20.7290,20.5810,20.7080
2023-06-01 20:00:00,20.7080,20.8950,20.6120,20.6860
2023-06-02 00:00:00,20.6870,20.8620,20.5000,20.6720
2023-06-02 04:00:00,20.6720,20.7160,20.3920,20.4860
2023-06-02 08:00:00,20.4860,20.7760,20.2890,20.7560
2023-06-02 12:00:00,20.7560,21.1370,20.7050,20.9880
2023-06-02 16:00:00,20.9870,21.2900,20.9840,21.2460
2023-06-02 20:00:00,21.2450,21.2870,20.9470,21.1860
2023-06-03 00:00:00,21.1850,21.3780,21.0630,21.2970
2023-06-03 04:00:00,21.2970,21.3590,21.1780,21.2470
2023-06-03 08:00:00,21.2460,21.3010,21.0670,21.1200
2023-06-03 12:00:00,21.1210,21.1810,21.0240,21.1720
2023-06-03 16:00:00,21.1720,21.2320,21.0810,21.1660
2023-06-03 20:00:00,21.1650,21.2460,21.0800,21.2380
2023-06-04 00:00:00,21.2390,21.3400,21.0260,21.0530
2023-06-04 04:00:00,21.0520,21.1860,20.9500,21.1830
2023-06-04 08:00:00,21.1840,21.3080,21.0260,21.2540
2023-06-04 12:00:00,21.2540,21.8400,21.2150,21.6070
2023-06-04 16:00:00,21.6090,21.7240,21.4730,21.6940
2023-06-04 20:00:00,21.6940,22.1490,21.6750,22.0400
2023-06-05 00:00:00,22.0400,22.2970,21.8950,22.1860
2023-06-05 04:00:00,22.1870,22.2870,21.7700,21.8140
2023-06-05 08:00:00,21.8140,22.0470,21.5020,21.5310
2023-06-05 12:00:00,21.5310,21.6900,21.4040,21.6490
2023-06-05 16:00:00,21.6490,21.6820,21.4960,21.5930
2023-06-05 20:00:00,21.5930,21.5940,19.8500,19.9400
2023-06-06 00:00:00,19.9400,20.6140,19.1140,20.0170
2023-06-06 04:00:00,20.0170,20.1170,19.6530,19.9970
2023-06-06 08:00:00,19.9970,20.0200,19.6940,19.9800
2023-06-06 12:00:00,19.9820,20.1050,19.9010,20.0850
2023-06-06 16:00:00,20.0860,20.1120,19.8170,19.8740
2023-06-06 20:00:00,19.8750,20.1300,19.2290,19.9350
2023-06-07 00:00:00,19.9340,20.6540,19.9010,20.5690
2023-06-07 04:00:00,20.5730,20.6980,20.2210,20.3790
2023-06-07 08:00:00,20.3800,20.5230,20.0010,20.1450
2023-06-07 12:00:00,20.1440,20.2370,19.9550,19.9980
2023-06-07 16:00:00,19.9990,20.0920,19.5500,19.9370
2023-06-07 20:00:00,19.9380,19.9580,19.2100,19.3070
2023-06-08 00:00:00,19.3080,19.3080,18.5800,18.9630
2023-06-08 04:00:00,18.9640,18.9790,18.4990,18.6270
2023-06-08 08:00:00,18.6270,18.8700,18.2120,18.4580
2023-06-08 12:00:00,18.4570,18.7600,18.3760,18.6380
2023-06-08 16:00:00,18.6380,18.8130,18.5370,18.7660
2023-06-08 20:00:00,18.7670,18.9920,18.7000,18.8960
2023-06-09 00:00:00,18.8960,18.9110,18.5460,18.8470
2023-06-09 04:00:00,18.8460,19.1120,18.8060,18.8730
2023-06-09 08:00:00,18.8730,18.9100,18.5780,18.7550
2023-06-09 12:00:00,18.7540,18.7990,18.4580,18.5810
2023-06-09 16:00:00,18.5800,19.3780,18.5400,19.2580
2023-06-09 20:00:00,19.2580,19.3200,18.4700,18.6680
2023-06-10 00:00:00,18.6680,18.6690,17.1930,17.3820
2023-06-10 04:00:00,17.3830,17.7440,17.0950,17.3840
2023-06-10 08:00:00,17.3850,17.4180,15.9280,16.2800
2023-06-10 12:00:00,16.2790,16.4640,12.6000,14.3930
2023-06-10 16:00:00,14.3930,15.0860,14.2120,14.8950
2023-06-10 20:00:00,14.8940,14.9060,14.4000,14.7680
2023-06-11 00:00:00,14.7660,15.8640,14.5000,15.3140
2023-06-11 04:00:00,15.3140,15.8700,15.1770,15.6050
2023-06-11 08:00:00,15.6060,15.7770,15.3510,15.5470
2023-06-11 12:00:00,15.5470,15.7220,15.2490,15.3810
2023-06-11 16:00:00,15.3810,15.7040,15.2800,15.5180
2023-06-11 20:00:00,15.5170,15.6750,15.1010,15.2110
2023-06-12 00:00:00,15.2120,16.1800,15.1250,15.9770
2023-06-12 04:00:00,15.9770,16.1500,15.3480,15.5340
2023-06-12 08:00:00,15.5350,15.5940,14.9000,15.0860
2023-06-12 12:00:00,15.0870,15.3000,14.9760,15.0740
2023-06-12 16:00:00,15.0740,15.7030,15.0070,15.4010
2023-06-12 20:00:00,15.4020,15.4700,15.1250,15.1990
2023-06-13 00:00:00,15.1990,15.3210,14.7080,14.9500
2023-06-13 04:00:00,14.9490,15.3950,14.8920,15.1830
2023-06-13 08:00:00,15.1830,15.5230,14.9940,15.3310
2023-06-13 12:00:00,15.3300,15.5080,15.1150,15.4120
2023-06-13 16:00:00,15.4130,15.6910,15.3390,15.6280
2023-06-13 20:00:00,15.6290,16.0000,14.7510,14.7900
2023-06-14 00:00:00,14.7900,15.1650,14.7630,14.9560
2023-06-14 04:00:00,14.9560,15.0780,14.8500,15.0250
2023-06-14 08:00:00,15.0260,15.2900,14.9000,15.2270
2023-06-14 12:00:00,15.2270,15.2570,14.9900,15.0430
2023-06-14 16:00:00,15.0440,15.2400,15.0250,15.1950
2023-06-14 20:00:00,15.1950,15.2870,14.9800,15.0920
2023-06-15 00:00:00,15.0920,15.3720,14.8800,15.0770
2023-06-15 04:00:00,15.0780,15.1240,13.9700,14.4760
2023-06-15 08:00:00,14.4760,15.0890,14.3970,14.9150
2023-06-15 12:00:00,14.9150,14.9280,14.6190,14.8100
2023-06-15 16:00:00,14.8110,14.9140,14.4290,14.6580
2023-06-15 20:00:00,14.6580,14.8070,14.3460,14.4710
2023-06-16 00:00:00,14.4720,14.8120,14.1610,14.7520
2023-06-16 04:00:00,14.7520,15.0690,14.5870,14.7660
2023-06-16 08:00:00,14.7670,14.8640,14.6200,14.7880
2023-06-16 12:00:00,14.7890,14.9790,14.7710,14.8460
2023-06-16 16:00:00,14.8470,14.9430,14.5100,14.5610
2023-06-16 20:00:00,14.5600,15.0940,14.3150,15.0010
2023-06-17 00:00:00,15.0010,15.4750,14.8820,15.2700
2023-06-17 04:00:00,15.2710,15.4320,15.2140,15.3060
2023-06-17 08:00:00,15.3070,15.4200,15.1540,15.4160
2023-06-17 12:00:00,15.4170,16.2110,15.3540,15.8470
2023-06-17 16:00:00,15.8470,15.9360,15.7050,15.7610
2023-06-17 20:00:00,15.7620,15.9120,15.5450,15.6470
2023-06-18 00:00:00,15.6470,15.7850,15.6080,15.6460
2023-06-18 04:00:00,15.6450,15.7580,15.5770,15.6330
2023-06-18 08:00:00,15.6330,15.6530,15.4050,15.5770
2023-06-18 12:00:00,15.5760,15.6940,15.4660,15.5760
2023-06-18 16:00:00,15.5760,15.7400,15.4910,15.7130
2023-06-18 20:00:00,15.7130,15.7870,15.6020,15.7060
2023-06-19 00:00:00,15.7060,15.8420,15.6710,15.8040
2023-06-19 04:00:00,15.8040,15.8300,15.2500,15.4300
2023-06-19 08:00:00,15.4290,15.5810,15.3200,15.4840
2023-06-19 12:00:00,15.4840,15.5350,15.3890,15.4640
2023-06-19 16:00:00,15.4660,15.5630,15.4000,15.5520
2023-06-19 20:00:00,15.5510,15.6970,15.4420,15.5540
2023-06-20 00:00:00,15.5550,15.9890,15.4190,15.8490
2023-06-20 04:00:00,15.8490,16.1540,15.7810,16.1000
2023-06-20 08:00:00,16.1000,16.3160,16.0000,16.0210
2023-06-20 12:00:00,16.0200,16.1200,15.9030,15.9680
2023-06-20 16:00:00,15.9680,15.9750,15.7800,15.9150
2023-06-20 20:00:00,15.9150,16.0900,15.7150,15.9390
2023-06-21 00:00:00,15.9390,16.4970,15.8400,16.3450
2023-06-21 04:00:00,16.3440,16.6820,16.2640,16.6320
2023-06-21 08:00:00,16.6320,17.2210,16.5510,16.7550
2023-06-21 12:00:00,16.7550,16.9570,16.7020,16.8160
2023-06-21 16:00:00,16.8170,16.8800,16.6200,16.7760
2023-06-21 20:00:00,16.7750,17.0890,16.5110,16.8830
2023-06-22 00:00:00,16.8830,17.3070,16.8020,17.1220
2023-06-22 04:00:00,17.1240,17.3950,16.9540,17.2200
2023-06-22 08:00:00,17.2210,17.7370,17.1550,17.5250
2023-06-22 12:00:00,17.5240,17.5500,17.1300,17.3650
2023-06-22 16:00:00,17.3650,17.3930,16.5380,16.8440
2023-06-22 20:00:00,16.8440,17.1660,16.6210,16.8870
2023-06-23 00:00:00,16.8880,17.1030,16.7880,16.9290
2023-06-23 04:00:00,16.9290,16.9480,16.5600,16.6200
2023-06-23 08:00:00,16.6190,16.7900,16.5040,16.7760
2023-06-23 12:00:00,16.7770,16.8580,16.6740,16.7660
2023-06-23 16:00:00,16.7660,16.8330,16.5270,16.5850
2023-06-23 20:00:00,16.5840,17.0510,16.1290,16.9610
2023-06-24 00:00:00,16.9610,17.2900,16.8320,17.1130
2023-06-24 04:00:00,17.1130,17.5260,16.9050,17.1290
2023-06-24 08:00:00,17.1290,17.5350,17.0330,17.3600
2023-06-24 12:00:00,17.3600,17.4170,17.0050,17.0640
2023-06-24 16:00:00,17.0600,17.3160,17.0550,17.2000
2023-06-24 20:00:00,17.2010,17.3880,16.4000,16.6140
2023-06-25 00:00:00,16.6120,16.7850,16.3760,16.6770
2023-06-25 04:00:00,16.6760,16.6870,16.3200,16.6340
2023-06-25 08:00:00,16.6330,16.9850,16.5550,16.9740
2023-06-25 12:00:00,16.9760,17.3600,16.9180,17.2600
2023-06-25 16:00:00,17.2620,17.3760,16.9960,17.2390
2023-06-25 20:00:00,17.2380,17.2920,16.7500,17.1040
2023-06-26 00:00:00,17.1030,17.2740,16.8740,16.9780
2023-06-26 04:00:00,16.9790,17.0990,16.7810,16.9470
2023-06-26 08:00:00,16.9490,16.9570,16.5140,16.7420
2023-06-26 12:00:00,16.7410,17.0540,16.5970,16.9200
2023-06-26 16:00:00,16.9190,16.9700,16.7070,16.9180
2023-06-26 20:00:00,16.9180,17.1150,16.7250,16.8130
2023-06-27 00:00:00,16.8120,16.8120,16.0720,16.2990
2023-06-27 04:00:00,16.2990,16.3220,15.8880,16.2640
2023-06-27 08:00:00,16.2650,16.4880,16.1210,16.4820
2023-06-27 12:00:00,16.4820,16.7330,16.3400,16.7330
2023-06-27 16:00:00,16.7320,16.7700,16.5000,16.6820
2023-06-27 20:00:00,16.6810,16.8300,16.3210,16.3920
2023-06-28 00:00:00,16.3920,16.8150,16.3320,16.7160
2023-06-28 04:00:00,16.7160,16.9380,16.4820,16.6210
2023-06-28 08:00:00,16.6240,16.6490,16.1120,16.3930
2023-06-28 12:00:00,16.3930,16.3930,15.7440,15.9560
2023-06-28 16:00:00,15.9550,16.2200,15.8990,16.1980
2023-06-28 20:00:00,16.1970,16.5230,16.0740,16.3190
2023-06-29 00:00:00,16.3190,16.3980,15.4730,15.8930
2023-06-29 04:00:00,15.8930,16.0900,15.7650,15.9670
2023-06-29 08:00:00,15.9680,16.1940,15.8570,16.0290
2023-06-29 12:00:00,16.0290,16.3460,15.9930,16.2490
2023-06-29 16:00:00,16.2500,18.2830,16.2340,18.0440
2023-06-29 20:00:00,18.0450,18.2320,17.2500,17.6640
2023-06-30 00:00:00,17.6630,17.8050,17.5100,17.7250
2023-06-30 04:00:00,17.7200,18.0680,17.4260,17.9880
2023-06-30 08:00:00,17.9880,19.0850,17.8500,18.9510
2023-06-30 12:00:00,18.9500,19.0610,18.4030,18.7820
2023-06-30 16:00:00,18.7810,19.0190,18.5720,18.8650
2023-06-30 20:00:00,18.8650,19.6000,16.9910,18.2700
2023-07-01 00:00:00,18.2700,20.0380,18.1520,19.0910
2023-07-01 04:00:00,19.0900,19.3480,18.8230,18.8580
2023-07-01 08:00:00,18.8580,19.0080,18.1550,18.3060
2023-07-01 12:00:00,18.3070,18.4670,17.9000,18.4300
2023-07-01 16:00:00,18.4310,18.4980,18.1860,18.3280
2023-07-01 20:00:00,18.3280,18.5550,18.2410,18.4220
2023-07-02 00:00:00,18.4220,18.4790,18.2480,18.3190
2023-07-02 04:00:00,18.3200,18.7290,18.3190,18.6770
2023-07-02 08:00:00,18.6760,18.9140,18.4340,18.7640
2023-07-02 12:00:00,18.7640,19.4910,18.5450,19.2090
2023-07-02 16:00:00,19.2080,19.4040,18.9970,19.0330
2023-07-02 20:00:00,19.0340,19.4000,18.8500,19.2820
2023-07-03 00:00:00,19.2820,19.4940,19.0680,19.3600
2023-07-03 04:00:00,19.3600,19.7500,19.2240,19.4530
2023-07-03 08:00:00,19.4540,19.6580,19.1660,19.5700
2023-07-03 12:00:00,19.5710,19.5760,19.2140,19.4290
2023-07-03 16:00:00,19.4290,19.4990,19.3000,19.4650
2023-07-03 20:00:00,19.4660,19.4960,18.9310,19.2800
2023-07-04 00:00:00,19.2820,19.3470,19.0110,19.2740
2023-07-04 04:00:00,19.2750,19.3120,18.8500,19.2510
2023-07-04 08:00:00,19.2520,19.4980,19.2110,19.2850
2023-07-04 12:00:00,19.2860,19.3100,19.0500,19.0910
2023-07-04 16:00:00,19.0900,19.2520,19.0610,19.2390
2023-07-04 20:00:00,19.2400,19.9500,19.2040,19.8510
2023-07-05 00:00:00,19.8510,19.8630,19.2570,19.4980
2023-07-05 04:00:00,19.4980,19.5760,19.0870,19.1300
2023-07-05 08:00:00,19.1300,19.2950,19.0960,19.2840
2023-07-05 12:00:00,19.2840,19.3750,19.1880,19.3090
2023-07-05 16:00:00,19.3100,19.3220,18.1510,18.6950
2023-07-05 20:00:00,18.6950,18.8910,18.4300,18.5750
2023-07-06 00:00:00,18.5750,18.8770,18.5010,18.5900
2023-07-06 04:00:00,18.5900,19.0240,18.5280,18.9810
2023-07-06 08:00:00,18.9820,19.7500,18.9360,19.4540
2023-07-06 12:00:00,19.4550,19.7400,19.3280,19.5860
2023-07-06 16:00:00,19.5850,20.3500,19.5360,19.8900
2023-07-06 20:00:00,19.8880,19.9120,18.8030,19.6890
2023-07-07 00:00:00,19.6890,20.9500,19.4880,20.8850
2023-07-07 04:00:00,20.8840,20.9800,19.5500,19.5920
2023-07-07 08:00:00,19.5920,20.5320,19.4050,20.1970
2023-07-07 12:00:00,20.1960,20.2870,19.2850,19.4360
2023-07-07 16:00:00,19.4360,20.3590,19.2590,20.1490
2023-07-07 20:00:00,20.1500,21.7400,20.1500,21.2130
2023-07-08 00:00:00,21.2140,21.5390,21.0200,21.4180
2023-07-08 04:00:00,21.4170,21.9820,21.1150,21.4840
2023-07-08 08:00:00,21.4850,21.9990,21.4060,21.6810
2023-07-08 12:00:00,21.6820,22.2340,21.3150,21.9710
2023-07-08 16:00:00,21.9720,22.4680,21.8000,21.9290
2023-07-08 20:00:00,21.9290,21.9920,21.3620,21.5180
2023-07-09 00:00:00,21.5180,22.0000,21.3790,21.6160
2023-07-09 04:00:00,21.6170,21.9900,21.4000,21.8070
2023-07-09 08:00:00,21.8070,22.3920,21.5130,21.6630
2023-07-09 12:00:00,21.6630,21.8720,21.3750,21.5460
2023-07-09 16:00:00,21.5460,21.8940,21.4800,21.5960
2023-07-09 20:00:00,21.5960,21.8390,21.0830,21.2500
2023-07-10 00:00:00,21.2500,21.3930,21.1600,21.2830
2023-07-10 04:00:00,21.2840,21.4670,21.0000,21.3140
2023-07-10 08:00:00,21.3150,21.3620,20.7630,21.2440
2023-07-10 12:00:00,21.2450,21.2700,20.5420,20.7230
2023-07-10 16:00:00,20.7240,20.8730,20.4340,20.7810
2023-07-10 20:00:00,20.7810,21.3000,20.6560,21.1380
2023-07-11 00:00:00,21.1380,21.6190,20.9070,21.5680
2023-07-11 04:00:00,21.5680,21.7880,21.0620,21.2860
2023-07-11 08:00:00,21.2860,21.7930,21.1870,21.7250
2023-07-11 12:00:00,21.7260,22.2800,21.6860,22.1000
2023-07-11 16:00:00,22.1000,22.1460,21.8240,22.0330
2023-07-11 20:00:00,22.0310,22.3800,21.8590,22.1380
2023-07-12 00:00:00,22.1390,22.1880,21.8830,21.9630
2023-07-12 04:00:00,21.9640,22.0980,21.7180,22.0500
2023-07-12 08:00:00,22.0490,22.2720,21.8880,21.9030
2023-07-12 12:00:00,21.9030,22.1500,21.8430,22.0130
2023-07-12 16:00:00,22.0120,22.1740,21.9270,22.1110
2023-07-12 20:00:00,22.1110,23.0590,21.9700,22.4030
2023-07-13 00:00:00,22.4030,22.4560,21.7380,21.8400
2023-07-13 04:00:00,21.8400,22.1280,21.7560,21.9280
2023-07-13 08:00:00,21.9280,22.0160,21.5370,21.6480
2023-07-13 12:00:00,21.6490,21.9400,21.3490,21.7510
2023-07-13 16:00:00,21.7500,22.5010,21.7110,22.4060
2023-07-13 20:00:00,22.4070,25.7670,22.0340,24.0940
2023-07-14 00:00:00,24.0940,26.8870,24.0930,26.2140
2023-07-14 04:00:00,26.2130,26.2340,25.3650,26.0180
2023-07-14 08:00:00,26.0180,33.5790,25.6160,28.5710
2023-07-14 12:00:00,28.5710,28.9440,28.2550,28.7400
2023-07-14 16:00:00,28.7380,29.8000,27.6540,28.0770
2023-07-14 20:00:00,28.0770,28.3690,27.3860,28.1910
2023-07-15 00:00:00,28.1910,28.2700,25.5250,26.0790
2023-07-15 04:00:00,26.0780,26.9080,25.2200,26.6710
2023-07-15 08:00:00,26.6700,27.9700,26.4240,27.1550
2023-07-15 12:00:00,27.1550,28.9370,27.1120,28.7170
2023-07-15 16:00:00,28.7170,29.1110,28.4460,28.9320
2023-07-15 20:00:00,28.9300,29.0430,27.2580,27.5610
2023-07-16 00:00:00,27.5600,28.2000,27.0400,27.8860
2023-07-16 04:00:00,27.8860,27.8970,27.2050,27.4590
2023-07-16 08:00:00,27.4600,27.9440,26.3790,27.0180
2023-07-16 12:00:00,27.0190,27.9420,27.0140,27.6980
2023-07-16 16:00:00,27.6970,28.3410,27.6430,28.0620
2023-07-16 20:00:00,28.0660,28.7080,27.9000,28.0990
2023-07-17 00:00:00,28.0970,28.1340,27.3000,27.3600
2023-07-17 04:00:00,27.3590,27.7700,27.0600,27.4040
2023-07-17 08:00:00,27.4030,28.4370,27.2170,28.0120
2023-07-17 12:00:00,28.0120,28.4880,27.3740,27.6340
2023-07-17 16:00:00,27.6340,27.6360,26.5000,27.1250
2023-07-17 20:00:00,27.1250,27.3860,26.3920,27.0090
2023-07-18 00:00:00,27.0090,27.2590,25.5000,26.1670
2023-07-18 04:00:00,26.1680,26.9790,26.1430,26.7900
2023-07-18 08:00:00,26.7900,27.0980,26.4280,26.5550
2023-07-18 12:00:00,26.5560,26.6150,25.6560,25.7160
2023-07-18 16:00:00,25.7150,26.1250,24.8200,25.0180
2023-07-18 20:00:00,25.0190,25.7000,24.7510,25.5120
2023-07-19 00:00:00,25.5120,25.7900,24.8000,25.2920
2023-07-19 04:00:00,25.2910,25.5720,25.0250,25.5440
2023-07-19 08:00:00,25.5430,26.5890,25.3400,26.3960
2023-07-19 12:00:00,26.3970,26.5200,26.0610,26.1990
2023-07-19 16:00:00,26.1990,26.4990,25.6700,26.4730
2023-07-19 20:00:00,26.4730,26.7330,25.8200,26.3460
2023-07-20 00:00:00,26.3460,26.9030,26.1730,26.7560
2023-07-20 04:00:00,26.7570,26.9840,26.2360,26.2980
2023-07-20 08:00:00,26.3000,26.8070,26.1220,26.4840
2023-07-20 12:00:00,26.4830,26.9420,26.2880,26.8540
2023-07-20 16:00:00,26.8540,27.3860,26.7910,27.1430
2023-07-20 20:00:00,27.1430,27.2340,25.5600,25.6730
2023-07-21 00:00:00,25.6730,25.7580,25.1730,25.3910
2023-07-21 04:00:00,25.3920,25.6630,25.0000,25.3650
2023-07-21 08:00:00,25.3650,25.6180,25.0650,25.4710
2023-07-21 12:00:00,25.4710,25.4900,25.1000,25.1680
2023-07-21 16:00:00,25.1680,25.4720,25.0290,25.2680
2023-07-21 20:00:00,25.2690,25.5980,25.2330,25.2920
2023-07-22 00:00:00,25.2930,25.9960,25.1580,25.7820
2023-07-22 04:00:00,25.7830,25.8940,25.4360,25.4930
2023-07-22 08:00:00,25.4940,25.9650,25.4370,25.8310
2023-07-22 12:00:00,25.8300,25.8570,25.5720,25.7630
2023-07-22 16:00:00,25.7620,25.8860,25.3710,25.5940
2023-07-22 20:00:00,25.5940,25.7500,25.4920,25.6790
2023-07-23 00:00:00,25.6800,25.7320,25.1860,25.2860
2023-07-23 04:00:00,25.2850,25.3720,23.9500,24.5120
2023-07-23 08:00:00,24.5120,24.7950,24.1280,24.6970
2023-07-23 12:00:00,24.6970,24.8960,24.6140,24.6770
2023-07-23 16:00:00,24.6790,24.8440,24.6160,24.6540
2023-07-23 20:00:00,24.6530,24.7030,24.5040,24.6740
2023-07-24 00:00:00,24.6740,25.2490,24.6700,24.8910
2023-07-24 04:00:00,24.8910,24.9920,24.5110,24.7520
2023-07-24 08:00:00,24.7520,24.8320,24.2100,24.3290
2023-07-24 12:00:00,24.3300,24.6790,24.0470,24.5690
2023-07-24 16:00:00,24.5690,24.6260,22.7600,23.6170
2023-07-24 20:00:00,23.6160,23.6690,22.8140,23.2060
2023-07-25 00:00:00,23.2040,23.5000,23.0490,23.2920
2023-07-25 04:00:00,23.2910,23.5950,23.2260,23.3540
2023-07-25 08:00:00,23.3530,23.5150,23.1250,23.3640
2023-07-25 12:00:00,23.3640,23.3790,22.9440,23.0850
2023-07-25 16:00:00,23.0840,23.3900,23.0170,23.1670
2023-07-25 20:00:00,23.1660,23.5800,22.7000,23.1930
2023-07-26 00:00:00,23.1920,23.4600,23.0630,23.1560
2023-07-26 04:00:00,23.1550,23.3520,23.1040,23.2640
2023-07-26 08:00:00,23.2640,23.6870,23.1580,23.4990
2023-07-26 12:00:00,23.4990,23.6190,23.3500,23.4610
2023-07-26 16:00:00,23.4600,23.9700,23.4280,23.8120
2023-07-26 20:00:00,23.8110,24.9850,23.7960,24.8930
2023-07-27 00:00:00,24.8930,25.7220,24.4950,25.3600
2023-07-27 04:00:00,25.3590,25.5880,25.0500,25.1630
2023-07-27 08:00:00,25.1640,25.5000,24.6500,24.9140
2023-07-27 12:00:00,24.9130,25.3400,24.9130,25.0000
2023-07-27 16:00:00,24.9950,25.4810,24.9120,25.3780
2023-07-27 20:00:00,25.3780,25.6540,25.0250,25.1420
2023-07-28 00:00:00,25.1450,25.3270,24.7000,24.9380
2023-07-28 04:00:00,24.9390,25.2370,24.7480,25.0800
2023-07-28 08:00:00,25.0790,25.3950,24.8030,24.9200
2023-07-28 12:00:00,24.9200,25.0130,24.5410,24.6170
2023-07-28 16:00:00,24.6150,24.8330,24.5180,24.6300
2023-07-28 20:00:00,24.6300,25.5550,24.6250,25.2170
2023-07-29 00:00:00,25.2180,25.4110,24.8240,25.0320
2023-07-29 04:00:00,25.0310,25.1160,24.7890,24.7980
2023-07-29 08:00:00,24.7990,25.2080,24.7240,25.1270
2023-07-29 12:00:00,25.1270,25.2460,25.0240,25.0620
2023-07-29 16:00:00,25.0620,25.1710,24.9200,24.9550
2023-07-29 20:00:00,24.9550,25.1950,24.9000,25.0640
2023-07-30 00:00:00,25.0650,25.3450,25.0190,25.2040
2023-07-30 04:00:00,25.2050,25.3780,25.1250,25.1590
2023-07-30 08:00:00,25.1590,25.2000,25.0110,25.0220
2023-07-30 12:00:00,25.0220,25.1140,24.8110,24.9170
2023-07-30 16:00:00,24.9170,25.0490,24.8160,24.9670
2023-07-30 20:00:00,24.9670,25.0950,24.7060,24.8800
2023-07-31 00:00:00,24.8800,25.0000,23.6910,24.2390
2023-07-31 04:00:00,24.2390,24.3230,23.3960,24.2360
2023-07-31 08:00:00,24.2360,24.7690,24.1010,24.6300
2023-07-31 12:00:00,24.6310,24.6760,24.3560,24.4850
2023-07-31 16:00:00,24.4840,24.5830,24.3200,24.4560
2023-07-31 20:00:00,24.4560,24.6750,23.8910,23.9240
2023-08-01 00:00:00,23.9230,24.1500,23.5000,23.6650
2023-08-01 04:00:00,23.6640,23.9240,23.5440,23.7160
2023-08-01 08:00:00,23.7170,23.9790,22.6000,23.3900
2023-08-01 12:00:00,23.3910,23.6430,23.2570,23.4680
2023-08-01 16:00:00,23.4670,23.6230,23.2890,23.3310
2023-08-01 20:00:00,23.3320,23.4700,22.7380,23.2600
2023-08-02 00:00:00,23.2610,23.7910,23.1680,23.6050
2023-08-02 04:00:00,23.6050,24.0700,23.4540,24.0450
2023-08-02 08:00:00,24.0450,24.2760,23.6340,23.6560
2023-08-02 12:00:00,23.6560,23.8030,23.5670,23.6240
2023-08-02 16:00:00,23.6230,23.7000,23.4020,23.6700
2023-08-02 20:00:00,23.6700,23.7100,23.0900,23.2440
2023-08-03 00:00:00,23.2450,23.3220,22.7430,23.1670
2023-08-03 04:00:00,23.1670,23.3150,23.0010,23.1350
2023-08-03 08:00:00,23.1350,23.3860,23.0570,23.2410
2023-08-03 12:00:00,23.2410,23.2760,22.4400,22.6980
2023-08-03 16:00:00,22.6980,22.8380,22.4020,22.7330
2023-08-03 20:00:00,22.7330,23.1000,22.5920,22.7880
2023-08-04 00:00:00,22.7880,23.0640,22.6850,22.8750
2023-08-04 04:00:00,22.8740,23.1000,22.4430,22.6340
2023-08-04 08:00:00,22.6340,22.7760,22.4580,22.7360
2023-08-04 12:00:00,22.7350,23.0130,22.6400,22.9620
2023-08-04 16:00:00,22.9600,23.0610,22.8200,22.9020
2023-08-04 20:00:00,22.9010,23.5500,22.8490,23.3460
2023-08-05 00:00:00,23.3460,23.4580,22.7500,22.9330
2023-08-05 04:00:00,22.9330,23.0300,22.4320,22.7920
2023-08-05 08:00:00,22.7910,22.8240,22.4600,22.7170
2023-08-05 12:00:00,22.7170,22.8600,22.5460,22.7550
2023-08-05 16:00:00,22.7550,22.9340,22.7000,22.7770
2023-08-05 20:00:00,22.7780,22.8000,22.4710,22.5840
2023-08-06 00:00:00,22.5830,22.6800,22.1700,22.5840
2023-08-06 04:00:00,22.5830,22.6920,22.4730,22.6410
2023-08-06 08:00:00,22.6420,22.9000,22.5700,22.8280
2023-08-06 12:00:00,22.8280,23.1200,22.8170,23.0060
2023-08-06 16:00:00,23.0060,23.4700,22.9750,23.2060
2023-08-06 20:00:00,23.2050,23.2570,22.8440,23.0180
2023-08-07 00:00:00,23.0170,23.2790,22.9100,23.2020
2023-08-07 04:00:00,23.2020,23.3920,23.0450,23.1820
2023-08-07 08:00:00,23.1830,23.6710,23.0150,23.2880
2023-08-07 12:00:00,23.2890,23.4130,22.9630,23.1440
2023-08-07 16:00:00,23.1450,23.1540,23.0100,23.0910
2023-08-07 20:00:00,23.0920,23.1610,22.6350,22.7540
2023-08-08 00:00:00,22.7540,23.0690,22.2500,22.9590
2023-08-08 04:00:00,22.9600,23.1120,22.9060,23.1080
2023-08-08 08:00:00,23.1070,23.2230,23.0070,23.1410
2023-08-08 12:00:00,23.1410,23.3810,23.0880,23.2280
2023-08-08 16:00:00,23.2280,23.3780,23.1510,23.3750
2023-08-08 20:00:00,23.3740,23.9000,23.1750,23.7190
2023-08-09 00:00:00,23.7200,24.7870,23.6980,24.5710
2023-08-09 04:00:00,24.5710,24.6480,24.0440,24.2050
2023-08-09 08:00:00,24.2050,24.4760,24.1360,24.2960
2023-08-09 12:00:00,24.2960,24.6150,24.2480,24.5550
2023-08-09 16:00:00,24.5540,24.9900,24.5180,24.8470
2023-08-09 20:00:00,24.8470,24.9780,24.4100,24.5510
2023-08-10 00:00:00,24.5520,24.6080,24.2220,24.2960
2023-08-10 04:00:00,24.2980,24.4750,24.0920,24.3750
2023-08-10 08:00:00,24.3740,24.5360,24.2010,24.2340
2023-08-10 12:00:00,24.2350,24.3850,24.1210,24.3170
2023-08-10 16:00:00,24.3160,24.4960,24.2350,24.3960
2023-08-10 20:00:00,24.3970,24.8850,24.3520,24.5490
2023-08-11 00:00:00,24.5480,24.6240,24.3500,24.5850
2023-08-11 04:00:00,24.5830,24.7350,24.5410,24.6140
2023-08-11 08:00:00,24.6150,24.9320,24.6130,24.6800
2023-08-11 12:00:00,24.6790,24.8400,24.4620,24.4900
2023-08-11 16:00:00,24.4890,24.5710,24.3760,24.5290
2023-08-11 20:00:00,24.5290,24.8680,24.3870,24.5410
2023-08-12 00:00:00,24.5450,24.6600,24.3400,24.4490
2023-08-12 04:00:00,24.4490,24.6370,24.3700,24.6130
2023-08-12 08:00:00,24.6130,24.7600,24.3830,24.4650
2023-08-12 12:00:00,24.4650,24.5600,24.4130,24.5340
2023-08-12 16:00:00,24.5340,24.5550,24.4400,24.5470
2023-08-12 20:00:00,24.5480,24.7030,24.4910,24.6550
2023-08-13 00:00:00,24.6560,24.8390,24.6180,24.7280
2023-08-13 04:00:00,24.7280,25.3000,24.7030,24.9020
2023-08-13 08:00:00,24.9030,24.9440,24.6710,24.8810
2023-08-13 12:00:00,24.8810,24.8940,24.6320,24.7590
2023-08-13 16:00:00,24.7590,24.8640,24.6600,24.6940
2023-08-13 20:00:00,24.6930,24.7630,24.4510,24.5800
2023-08-14 00:00:00,24.5800,24.6860,24.3680,24.6450
2023-08-14 04:00:00,24.6450,24.6680,24.2070,24.2160
2023-08-14 08:00:00,24.2170,24.4230,24.0440,24.3840
2023-08-14 12:00:00,24.3850,24.5080,24.3640,24.4070
2023-08-14 16:00:00,24.4070,24.5800,24.3970,24.4980
2023-08-14 20:00:00,24.4980,24.8800,24.3070,24.8030
2023-08-15 00:00:00,24.8030,25.2900,24.5160,24.8170
2023-08-15 04:00:00,24.8170,25.2220,24.7510,25.1750
2023-08-15 08:00:00,25.1760,25.5000,24.8740,24.9820
2023-08-15 12:00:00,24.9820,25.0570,24.7060,24.8720
2023-08-15 16:00:00,24.8720,25.0440,24.7220,24.8260
2023-08-15 20:00:00,24.8260,24.9880,24.6200,24.7110
2023-08-16 00:00:00,24.7120,24.8320,23.4770,24.0370
2023-08-16 04:00:00,24.0360,24.1560,23.7220,23.8890
2023-08-16 08:00:00,23.8880,24.0120,23.6090,23.6730
2023-08-16 12:00:00,23.6760,23.7670,23.3360,23.4380
2023-08-16 16:00:00,23.4390,23.5750,23.2000,23.4960
2023-08-16 20:00:00,23.4960,23.4980,22.9040,23.0700
2023-08-17 00:00:00,23.0690,23.6210,22.8490,23.3280
2023-08-17 04:00:00,23.3280,23.3970,22.3000,22.8110
2023-08-17 08:00:00,22.8120,23.4260,22.4110,23.3030
2023-08-17 12:00:00,23.3020,23.3860,23.1940,23.2500
2023-08-17 16:00:00,23.2500,23.2980,22.9740,23.0840
2023-08-17 20:00:00,23.0840,23.4260,22.4680,22.8510
2023-08-18 00:00:00,22.8520,23.3180,22.6000,23.0780
2023-08-18 04:00:00,23.0790,23.1100,19.6300,21.6610
2023-08-18 08:00:00,21.6640,22.0270,21.2910,21.5420
2023-08-18 12:00:00,21.5420,22.1880,21.3800,22.0770
2023-08-18 16:00:00,22.0760,22.1680,21.7910,22.0040
2023-08-18 20:00:00,22.0050,22.0460,21.5580,21.6010
2023-08-19 00:00:00,21.6020,21.7450,20.8110,21.2760
2023-08-19 04:00:00,21.2760,21.4990,21.2200,21.3360
2023-08-19 08:00:00,21.3350,21.6540,21.2760,21.4160
2023-08-19 12:00:00,21.4150,21.8410,21.3560,21.8060
2023-08-19 16:00:00,21.8050,21.8730,21.5750,21.6300
2023-08-19 20:00:00,21.6300,21.9890,21.6140,21.9600
2023-08-20 00:00:00,21.9540,22.1700,21.7750,21.8710
2023-08-20 04:00:00,21.8660,21.9000,21.6950,21.8800
2023-08-20 08:00:00,21.8800,21.9500,21.7250,21.8010
2023-08-20 12:00:00,21.8000,21.8100,21.5500,21.7360
2023-08-20 16:00:00,21.7360,22.0160,21.6350,21.9540
2023-08-20 20:00:00,21.9540,21.9660,21.6550,21.7870
2023-08-21 00:00:00,21.7860,21.8700,21.5120,21.7840
2023-08-21 04:00:00,21.7840,21.9460,21.7040,21.7600
2023-08-21 08:00:00,21.7620,21.7670,21.3200,21.3910
2023-08-21 12:00:00,21.3920,21.6930,21.2670,21.3330
2023-08-21 16:00:00,21.3320,21.3520,20.9040,21.2250
2023-08-21 20:00:00,21.2240,21.4040,20.2000,20.7080
2023-08-22 00:00:00,20.7070,21.3790,20.6480,21.2780
2023-08-22 04:00:00,21.2780,21.4070,21.1790,21.1870
2023-08-22 08:00:00,21.1860,21.2630,21.0190,21.0950
2023-08-22 12:00:00,21.0950,21.1760,20.9500,21.1610
2023-08-22 16:00:00,21.1620,21.1960,20.9160,20.9260
2023-08-22 20:00:00,20.9250,21.0620,20.5400,20.6830
2023-08-23 00:00:00,20.6820,20.7180,19.9640,20.0480
2023-08-23 04:00:00,20.0480,20.6900,19.2000,20.5720
2023-08-23 08:00:00,20.5710,20.7550,20.4520,20.5770
2023-08-23 12:00:00,20.5770,20.8880,20.4720,20.7420
2023-08-23 16:00:00,20.7410,20.9240,20.6030,20.6210
2023-08-23 20:00:00,20.6210,21.0000,20.2830,20.9010
2023-08-24 00:00:00,20.9010,21.6750,20.8820,21.4810
2023-08-24 04:00:00,21.4800,21.8210,21.2450,21.7170
2023-08-24 08:00:00,21.7180,21.7980,21.5810,21.7460
2023-08-24 12:00:00,21.7450,21.9990,21.6560,21.7270
2023-08-24 16:00:00,21.7270,21.9000,21.6110,21.7680
2023-08-24 20:00:00,21.7680,21.7730,21.0010,21.0360
2023-08-25 00:00:00,21.0360,21.2020,20.6680,20.9140
2023-08-25 04:00:00,20.9140,21.0770,20.6520,21.0390
2023-08-25 08:00:00,21.0390,21.0430,20.4500,20.7210
2023-08-25 12:00:00,20.7220,20.7520,20.4070,20.5490
2023-08-25 16:00:00,20.5500,20.7550,20.5360,20.6630
2023-08-25 20:00:00,20.6640,20.8890,20.2290,20.3320
2023-08-26 00:00:00,20.3320,20.4530,20.0770,20.2290
2023-08-26 04:00:00,20.2290,20.4180,20.1770,20.4090
2023-08-26 08:00:00,20.4080,20.4150,20.2000,20.3860
2023-08-26 12:00:00,20.3850,20.4340,20.1860,20.3030
2023-08-26 16:00:00,20.3020,20.3400,20.2250,20.2840
2023-08-26 20:00:00,20.2840,20.3840,20.1730,20.3620
2023-08-27 00:00:00,20.3610,20.3780,20.1820,20.3320
2023-08-27 04:00:00,20.3320,20.3620,20.2220,20.2720
2023-08-27 08:00:00,20.2730,20.3780,20.2320,20.2760
2023-08-27 12:00:00,20.2770,20.4200,20.2710,20.3690
2023-08-27 16:00:00,20.3680,20.7200,20.3550,20.5700
2023-08-27 20:00:00,20.5690,20.9160,20.5400,20.7410
2023-08-28 00:00:00,20.7410,20.7890,20.5350,20.7640
2023-08-28 04:00:00,20.7640,20.8260,20.6110,20.7790
2023-08-28 08:00:00,20.7780,20.7780,20.4160,20.4710
2023-08-28 12:00:00,20.4700,20.4940,20.1900,20.3790
2023-08-28 16:00:00,20.3800,20.3880,20.0050,20.3550
2023-08-28 20:00:00,20.3540,20.7850,20.3300,20.5290
2023-08-29 00:00:00,20.5280,20.6830,20.3510,20.4640
2023-08-29 04:00:00,20.4640,20.6350,20.3550,20.5490
2023-08-29 08:00:00,20.5490,20.7590,20.4200,20.4840
2023-08-29 12:00:00,20.4840,20.5160,20.2070,20.2520
2023-08-29 16:00:00,20.2510,20.3280,20.1020,20.1380
2023-08-29 20:00:00,20.1370,22.0630,20.1000,21.3240
2023-08-30 00:00:00,21.3220,21.9680,21.1810,21.5720
2023-08-30 04:00:00,21.5720,21.9580,21.5710,21.7720
2023-08-30 08:00:00,21.7720,21.9880,21.4540,21.6250
2023-08-30 12:00:00,21.6250,21.7380,21.5330,21.6300
2023-08-30 16:00:00,21.6300,21.7050,21.3570,21.4080
2023-08-30 20:00:00,21.4070,21.5140,20.6510,20.8260
2023-08-31 00:00:00,20.8270,20.8470,20.5780,20.6690
2023-08-31 04:00:00,20.6700,20.8800,20.6520,20.8070
2023-08-31 08:00:00,20.8070,20.8080,20.5980,20.6380
2023-08-31 12:00:00,20.6380,20.8270,20.6200,20.7580
2023-08-31 16:00:00,20.7580,21.0920,20.6590,20.8770
2023-08-31 20:00:00,20.8770,20.8840,20.1500,20.3190
2023-09-01 00:00:00,20.3180,20.3250,19.3560,19.8180
2023-09-01 04:00:00,19.8170,19.8360,19.4110,19.7200
2023-09-01 08:00:00,19.7210,19.9160,19.6810,19.8690
2023-09-01 12:00:00,19.8680,19.9250,19.7590,19.7930
2023-09-01 16:00:00,19.7920,19.9010,19.7170,19.8320
2023-09-01 20:00:00,19.8330,19.9240,19.2320,19.3890
2023-09-02 00:00:00,19.3890,19.5500,19.0090,19.2740
2023-09-02 04:00:00,19.2750,19.5140,19.2000,19.3150
2023-09-02 08:00:00,19.3160,19.5840,19.2960,19.5560
2023-09-02 12:00:00,19.5560,19.6470,19.4320,19.5580
2023-09-02 16:00:00,19.5590,19.6560,19.4800,19.5580
2023-09-02 20:00:00,19.5590,19.7000,19.3520,19.5460
2023-09-03 00:00:00,19.5450,19.5910,19.1140,19.3890
2023-09-03 04:00:00,19.3890,19.5420,19.3540,19.4800
2023-09-03 08:00:00,19.4810,19.6500,19.4430,19.6200
2023-09-03 12:00:00,19.6200,19.6320,19.4550,19.5160
2023-09-03 16:00:00,19.5170,19.5300,19.3140,19.4130
2023-09-03 20:00:00,19.4140,19.5570,19.2720,19.3210
2023-09-04 00:00:00,19.3220,19.5690,19.2100,19.4750
2023-09-04 04:00:00,19.4740,19.6270,19.4130,19.5550
2023-09-04 08:00:00,19.5540,20.0350,19.5360,19.7350
2023-09-04 12:00:00,19.7360,19.8500,19.5920,19.7640
2023-09-04 16:00:00,19.7640,19.8760,19.5720,19.5760
2023-09-04 20:00:00,19.5760,19.6380,19.2140,19.3980
2023-09-05 00:00:00,19.3980,19.5370,19.3200,19.4210
2023-09-05 04:00:00,19.4220,19.5240,19.1380,19.5140
2023-09-05 08:00:00,19.5140,19.5550,19.0180,19.2110
2023-09-05 12:00:00,19.2110,19.4650,19.2010,19.3950
2023-09-05 16:00:00,19.3950,19.6220,19.2440,19.5370
2023-09-05 20:00:00,19.5370,20.6000,19.4810,20.3830
2023-09-06 00:00:00,20.3840,20.5700,20.1570,20.2300
2023-09-06 04:00:00,20.2290,20.3480,20.0560,20.2570
2023-09-06 08:00:00,20.2570,20.3800,20.0730,20.1360
2023-09-06 12:00:00,20.1350,20.1540,19.6610,19.7190
2023-09-06 16:00:00,19.7180,19.8620,19.6930,19.7410
2023-09-06 20:00:00,19.7400,19.8200,19.1000,19.3770
2023-09-07 00:00:00,19.3770,19.9100,19.1050,19.4660
2023-09-07 04:00:00,19.4660,19.6560,19.4620,19.6200
2023-09-07 08:00:00,19.6190,19.7960,19.5550,19.7500
2023-09-07 12:00:00,19.7510,19.8140,19.5320,19.5400
2023-09-07 16:00:00,19.5410,19.5870,19.3500,19.3930
2023-09-07 20:00:00,19.3930,19.6270,19.3120,19.5120
2023-09-08 00:00:00,19.5120,19.7470,19.5100,19.6510
2023-09-08 04:00:00,19.6500,19.9920,19.6020,19.9000
2023-09-08 08:00:00,19.9010,20.2800,19.8190,20.0040
2023-09-08 12:00:00,20.0040,20.0720,19.8120,19.9000
2023-09-08 16:00:00,19.8990,19.9050,19.3410,19.5300
2023-09-08 20:00:00,19.5310,19.6920,19.4860,19.5220
2023-09-09 00:00:00,19.5210,19.5720,19.3690,19.5580
2023-09-09 04:00:00,19.5570,19.6400,19.4660,19.5960
2023-09-09 08:00:00,19.5970,19.5990,19.4520,19.5150
2023-09-09 12:00:00,19.5150,19.5710,19.4480,19.4570
2023-09-09 16:00:00,19.4560,19.5640,19.4360,19.5510
2023-09-09 20:00:00,19.5520,19.5730,19.4550,19.5090
2023-09-10 00:00:00,19.5080,19.5570,19.3520,19.4300
2023-09-10 04:00:00,19.4310,19.5220,19.4070,19.4250
2023-09-10 08:00:00,19.4250,19.4260,19.1740,19.1920
2023-09-10 12:00:00,19.1920,19.1920,17.7660,18.5160
2023-09-10 16:00:00,18.5150,18.5150,18.2150,18.3180
2023-09-10 20:00:00,18.3170,18.4460,17.7330,18.1850
2023-09-11 00:00:00,18.1850,18.2570,17.8000,18.1680
2023-09-11 04:00:00,18.1670,18.5990,18.1160,18.2190
2023-09-11 08:00:00,18.2200,18.4440,17.9540,18.3300
2023-09-11 12:00:00,18.3300,18.4170,18.1370,18.1900
2023-09-11 16:00:00,18.1910,18.2140,17.3200,17.6480
2023-09-11 20:00:00,17.6480,18.0080,17.3330,17.8270
2023-09-12 00:00:00,17.8270,17.9900,17.4040,17.5010
2023-09-12 04:00:00,17.5010,17.7500,17.4050,17.7150
2023-09-12 08:00:00,17.7160,18.5310,17.5540,18.1760
2023-09-12 12:00:00,18.1750,18.2840,17.8500,17.9660
2023-09-12 16:00:00,17.9660,18.8400,17.9170,18.3000
2023-09-12 20:00:00,18.2990,18.3940,17.9000,17.9890
2023-09-13 00:00:00,17.9900,18.3100,17.6780,17.9240
2023-09-13 04:00:00,17.9240,18.0450,17.8520,17.9040
2023-09-13 08:00:00,17.9030,18.1660,17.7660,17.8230
2023-09-13 12:00:00,17.8240,18.5990,17.6760,17.8840
2023-09-13 16:00:00,17.8830,18.2800,17.8500,18.1730
2023-09-13 20:00:00,18.1730,18.5440,17.9340,18.3400
2023-09-14 00:00:00,18.3400,18.5300,17.8590,18.3370
2023-09-14 04:00:00,18.3370,18.4980,18.2360,18.3890
2023-09-14 08:00:00,18.3900,19.3350,18.3720,18.9210
2023-09-14 12:00:00,18.9210,18.9300,18.5960,18.7750
2023-09-14 16:00:00,18.7740,18.8960,18.5150,18.8310
2023-09-14 20:00:00,18.8310,19.1840,18.7280,18.9660
2023-09-15 00:00:00,18.9660,19.1240,18.8480,19.0370
2023-09-15 04:00:00,19.0380,19.0900,18.7630,18.8350
2023-09-15 08:00:00,18.8350,19.2000,18.7040,19.1300
2023-09-15 12:00:00,19.1310,19.2830,19.0120,19.0750
2023-09-15 16:00:00,19.0750,19.2400,18.9780,18.9970
2023-09-15 20:00:00,18.9970,19.0500,18.7140,18.8770
2023-09-16 00:00:00,18.8770,18.9120,18.5430,18.7180
2023-09-16 04:00:00,18.7170,19.4950,18.6620,19.1360
2023-09-16 08:00:00,19.1370,19.4590,19.0370,19.2000
2023-09-16 12:00:00,19.2000,19.3670,19.0500,19.0930
2023-09-16 16:00:00,19.0920,19.2620,19.0160,19.1400
2023-09-16 20:00:00,19.1390,19.1820,18.8460,18.9510
2023-09-17 00:00:00,18.9510,19.1260,18.9100,18.9440
2023-09-17 04:00:00,18.9450,19.1400,18.9340,19.1120
2023-09-17 08:00:00,19.1110,19.1260,18.7120,19.0180
2023-09-17 12:00:00,19.0170,19.0500,18.8810,18.8950
2023-09-17 16:00:00,18.8950,19.0950,18.8600,19.0160
2023-09-17 20:00:00,19.0170,19.0670,18.9420,18.9680
2023-09-18 00:00:00,18.9660,18.9830,18.7270,18.8760
2023-09-18 04:00:00,18.8760,18.8790,18.6000,18.7980
2023-09-18 08:00:00,18.7990,19.2840,18.5600,19.1950
2023-09-18 12:00:00,19.1950,19.3000,18.9830,19.1120
2023-09-18 16:00:00,19.1110,19.7490,19.0750,19.5790
2023-09-18 20:00:00,19.5790,20.1500,19.5130,19.9400
2023-09-19 00:00:00,19.9400,20.0450,19.4940,19.7670
2023-09-19 04:00:00,19.7670,19.8900,19.5820,19.6280
2023-09-19 08:00:00,19.6270,19.9770,19.5530,19.9560
2023-09-19 12:00:00,19.9570,19.9700,19.7300,19.7870
2023-09-19 16:00:00,19.7870,20.4440,19.7580,20.2070
2023-09-19 20:00:00,20.2080,20.2170,19.7940,20.1230
2023-09-20 00:00:00,20.1220,20.1520,19.8140,19.9170
2023-09-20 04:00:00,19.9180,20.0800,19.8250,20.0190
2023-09-20 08:00:00,20.0180,20.2380,19.8340,19.9000
2023-09-20 12:00:00,19.8990,19.9630,19.7760,19.9440
2023-09-20 16:00:00,19.9440,20.1580,19.8500,20.0470
2023-09-20 20:00:00,20.0480,20.3800,19.8730,20.1890
2023-09-21 00:00:00,20.1890,20.5470,19.8480,20.1040
2023-09-21 04:00:00,20.1030,20.4500,20.0800,20.2780
2023-09-21 08:00:00,20.2770,20.2880,19.9070,20.1750
2023-09-21 12:00:00,20.1740,20.1800,19.7400,19.9010
2023-09-21 16:00:00,19.9010,19.9500,19.4760,19.5880
2023-09-21 20:00:00,19.5880,19.6510,19.2730,19.5990
2023-09-22 00:00:00,19.5980,19.6990,19.5200,19.6140
2023-09-22 04:00:00,19.6150,19.6240,19.4100,19.4420
2023-09-22 08:00:00,19.4430,19.6740,19.2100,19.6550
2023-09-22 12:00:00,19.6560,19.7240,19.5300,19.6290
2023-09-22 16:00:00,19.6290,19.8040,19.5820,19.6740
2023-09-22 20:00:00,19.6740,19.7000,19.4440,19.4530
2023-09-23 00:00:00,19.4520,19.4960,19.2890,19.3480
2023-09-23 04:00:00,19.3480,19.4800,19.1300,19.4170
2023-09-23 08:00:00,19.4160,19.5760,19.2740,19.3710
2023-09-23 12:00:00,19.3700,19.5300,19.3070,19.5110
2023-09-23 16:00:00,19.5100,19.5270,19.4280,19.5080
2023-09-23 20:00:00,19.5090,19.5180,19.2900,19.3090
2023-09-24 00:00:00,19.3090,19.4800,19.2800,19.4580
2023-09-24 04:00:00,19.4580,19.4770,19.3730,19.4720
2023-09-24 08:00:00,19.4720,19.6500,19.4450,19.5600
2023-09-24 12:00:00,19.5600,19.6370,19.4800,19.6110
2023-09-24 16:00:00,19.6110,19.6710,19.5250,19.5900
2023-09-24 20:00:00,19.5900,19.6400,19.4240,19.5100
2023-09-25 00:00:00,19.5090,19.6490,19.4160,19.4530
2023-09-25 04:00:00,19.4520,19.5200,19.1700,19.3510
2023-09-25 08:00:00,19.3500,19.6000,19.0580,19.4690
2023-09-25 12:00:00,19.4700,19.5410,19.3260,19.4790
2023-09-25 16:00:00,19.4780,19.5750,19.3850,19.5310
2023-09-25 20:00:00,19.5320,19.6660,19.4340,19.5590
2023-09-26 00:00:00,19.5600,19.7300,19.4550,19.5080
2023-09-26 04:00:00,19.5100,19.5640,19.3430,19.3810
2023-09-26 08:00:00,19.3800,19.5210,19.2760,19.4360
2023-09-26 12:00:00,19.4360,19.4690,19.2900,19.3180
2023-09-26 16:00:00,19.3180,19.4270,19.2280,19.3760
2023-09-26 20:00:00,19.3770,19.3960,19.1160,19.1580
2023-09-27 00:00:00,19.1570,19.2930,19.1120,19.2280
2023-09-27 04:00:00,19.2270,19.2580,18.8120,19.0160
2023-09-27 08:00:00,19.0160,19.1270,18.9220,19.0220
2023-09-27 12:00:00,19.0210,19.0390,18.8850,18.9390
2023-09-27 16:00:00,18.9380,19.4740,18.8530,19.3920
2023-09-27 20:00:00,19.3920,19.4500,18.7550,18.9340
2023-09-28 00:00:00,18.9330,19.0180,18.7160,18.9660
2023-09-28 04:00:00,18.9660,19.1490,18.8630,19.1200
2023-09-28 08:00:00,19.1200,19.4290,19.0850,19.1970
2023-09-28 12:00:00,19.1970,19.2750,19.1620,19.2190
2023-09-28 16:00:00,19.2180,19.3190,19.1040,19.1590
2023-09-28 20:00:00,19.1590,19.6220,19.1380,19.5940
2023-09-29 00:00:00,19.5960,19.7170,19.4150,19.7000
2023-09-29 04:00:00,19.7010,19.9820,19.5620,19.9480
2023-09-29 08:00:00,19.9480,20.3250,19.8310,20.1960
2023-09-29 12:00:00,20.1950,20.3500,20.0420,20.2650
2023-09-29 16:00:00,20.2660,20.2960,20.0260,20.0710
2023-09-29 20:00:00,20.0710,20.4570,20.0040,20.3220
2023-09-30 00:00:00,20.3220,20.3400,20.0660,20.2340
2023-09-30 04:00:00,20.2340,20.3450,20.1900,20.2600
2023-09-30 08:00:00,20.2590,20.4390,20.1850,20.2110
2023-09-30 12:00:00,20.2110,20.3400,20.0550,20.3040
2023-09-30 16:00:00,20.3050,20.3820,20.2400,20.2710
2023-09-30 20:00:00,20.2700,21.6470,20.2650,21.4150
2023-10-01 00:00:00,21.4140,21.7970,21.2440,21.3840
2023-10-01 04:00:00,21.3840,21.4440,21.2200,21.3480
2023-10-01 08:00:00,21.3470,21.4190,21.1180,21.1940
2023-10-01 12:00:00,21.1950,21.3970,21.1480,21.3500
2023-10-01 16:00:00,21.3500,24.4000,21.3380,22.9550
2023-10-01 20:00:00,22.9530,23.4280,22.8130,23.0840
2023-10-02 00:00:00,23.0840,23.0880,22.4310,22.7140
2023-10-02 04:00:00,22.7130,24.5060,22.5710,23.8730
2023-10-02 08:00:00,23.8730,24.3330,23.5640,24.0840
2023-10-02 12:00:00,24.0840,24.8300,23.9280,24.3220
2023-10-02 16:00:00,24.3220,24.5120,23.7500,23.8250
2023-10-02 20:00:00,23.8230,24.4730,23.5680,24.0470
2023-10-03 00:00:00,24.0460,24.2940,22.8260,23.8200
2023-10-03 04:00:00,23.8150,23.8240,22.8810,23.3660
2023-10-03 08:00:00,23.3660,23.7560,23.2900,23.6450
2023-10-03 12:00:00,23.6450,24.2490,23.4700,23.8100
2023-10-03 16:00:00,23.8100,24.4580,23.7600,23.9080
2023-10-03 20:00:00,23.9080,24.7770,23.7370,23.9780
2023-10-04 00:00:00,23.9780,24.3230,23.4160,23.5140
2023-10-04 04:00:00,23.5150,23.7420,23.1650,23.5940
2023-10-04 08:00:00,23.5950,23.6450,22.7670,23.0950
2023-10-04 12:00:00,23.0940,23.2340,22.7590,23.1510
2023-10-04 16:00:00,23.1510,23.8500,23.0910,23.5680
2023-10-04 20:00:00,23.5670,23.6350,22.6270,22.6840
2023-10-05 00:00:00,22.6860,23.2780,22.5430,22.9120
2023-10-05 04:00:00,22.9130,23.2990,22.8440,23.1060
2023-10-05 08:00:00,23.1060,23.7500,23.0260,23.2180
2023-10-05 12:00:00,23.2170,23.4700,22.8260,22.9950
2023-10-05 16:00:00,22.9960,23.3450,22.8790,23.2070
2023-10-05 20:00:00,23.2070,23.5930,22.5520,22.7900
2023-10-06 00:00:00,22.7890,23.0400,22.4830,22.7820
2023-10-06 04:00:00,22.7780,22.8600,22.5970,22.6820
2023-10-06 08:00:00,22.6810,23.3460,22.6480,23.1690
2023-10-06 12:00:00,23.1700,23.4450,22.9320,23.3160
2023-10-06 16:00:00,23.3150,23.5620,23.0710,23.1690
2023-10-06 20:00:00,23.1700,23.6640,22.6660,23.4870
2023-10-07 00:00:00,23.4870,23.7490,23.3150,23.4150
2023-10-07 04:00:00,23.4150,23.7800,23.2900,23.3910
2023-10-07 08:00:00,23.3910,23.7300,23.3230,23.6630
2023-10-07 12:00:00,23.6630,24.2080,23.4520,23.5050
2023-10-07 16:00:00,23.5060,23.8130,23.3420,23.4670
2023-10-07 20:00:00,23.4670,23.5680,23.2800,23.3340
2023-10-08 00:00:00,23.3340,23.4380,23.0640,23.1170
2023-10-08 04:00:00,23.1170,23.3390,23.0970,23.2790
2023-10-08 08:00:00,23.2790,23.6420,23.1500,23.5120
2023-10-08 12:00:00,23.5130,23.5390,23.1760,23.3180
2023-10-08 16:00:00,23.3170,23.5200,23.1310,23.2150
2023-10-08 20:00:00,23.2150,23.4850,23.0460,23.4720
2023-10-09 00:00:00,23.4720,23.5500,23.2480,23.3130
2023-10-09 04:00:00,23.3120,23.4730,23.1510,23.2040
2023-10-09 08:00:00,23.2040,23.3140,23.0660,23.2380
2023-10-09 12:00:00,23.2380,23.3640,22.8350,22.9720
2023-10-09 16:00:00,22.9730,22.9980,21.8200,22.1650
2023-10-09 20:00:00,22.1650,22.3740,22.0630,22.1870
2023-10-10 00:00:00,22.1870,22.4190,21.5000,22.1850
2023-10-10 04:00:00,22.1860,22.2370,21.9710,22.0770
2023-10-10 08:00:00,22.0780,22.2450,21.8710,22.1330
2023-10-10 12:00:00,22.1340,22.3860,22.0290,22.3040
2023-10-10 16:00:00,22.3050,22.4370,22.0970,22.1170
2023-10-10 20:00:00,22.1170,22.4770,21.9110,21.9700
2023-10-11 00:00:00,21.9700,22.0630,21.6760,22.0140
2023-10-11 04:00:00,22.0130,22.1930,21.7820,22.1070
2023-10-11 08:00:00,22.1060,22.2800,21.7050,21.9620
2023-10-11 12:00:00,21.9620,22.3500,21.9380,21.9960
2023-10-11 16:00:00,21.9980,22.4000,21.9790,22.1300
2023-10-11 20:00:00,22.1300,22.3220,21.8000,21.9800
2023-10-12 00:00:00,21.9810,22.0220,21.6120,21.8920
2023-10-12 04:00:00,21.8930,22.0200,21.7300,21.9980
2023-10-12 08:00:00,21.9980,22.0450,21.4640,21.6950
2023-10-12 12:00:00,21.6950,21.8330,21.6290,21.6390
2023-10-12 16:00:00,21.6380,21.6520,21.0800,21.4910
2023-10-12 20:00:00,21.4910,21.5220,21.2240,21.2700
2023-10-13 00:00:00,21.2710,21.3570,20.8200,21.2000
2023-10-13 04:00:00,21.1980,21.3380,21.1150,21.2740
2023-10-13 08:00:00,21.2740,21.4650,21.1100,21.1200
2023-10-13 12:00:00,21.1200,21.4520,21.1030,21.3770
2023-10-13 16:00:00,21.3770,21.5750,21.2900,21.4650
2023-10-13 20:00:00,21.4650,21.6000,21.3370,21.4080
2023-10-14 00:00:00,21.4070,21.5940,21.4000,21.5630
2023-10-14 04:00:00,21.5620,22.1960,21.5480,21.8290
2023-10-14 08:00:00,21.8280,22.0570,21.7800,22.0140
2023-10-14 12:00:00,22.0150,22.1160,21.9200,22.0460
2023-10-14 16:00:00,22.0470,22.3680,21.8960,21.9660
2023-10-14 20:00:00,21.9650,22.0880,21.8330,22.0690
2023-10-15 00:00:00,22.0680,22.0850,21.9600,22.0330
2023-10-15 04:00:00,22.0300,22.0310,21.9110,21.9830
2023-10-15 08:00:00,21.9820,22.1710,21.8120,21.9230
2023-10-15 12:00:00,21.9230,21.9580,21.8540,21.9260
2023-10-15 16:00:00,21.9270,22.0100,21.8020,21.8570
2023-10-15 20:00:00,21.8570,21.9280,21.6400,21.7200
2023-10-16 00:00:00,21.7200,21.9760,21.6900,21.9000
2023-10-16 04:00:00,21.9010,22.1000,21.8090,21.9180
2023-10-16 08:00:00,21.9180,22.2200,21.8760,22.0930
2023-10-16 12:00:00,22.0920,22.8440,22.0880,22.8080
2023-10-16 16:00:00,22.8090,23.1550,22.6200,23.1310
2023-10-16 20:00:00,23.1320,25.0480,22.8920,23.1500
2023-10-17 00:00:00,23.1510,24.1260,23.1320,23.8500
2023-10-17 04:00:00,23.8510,24.1980,23.6350,23.9390
2023-10-17 08:00:00,23.9390,24.3370,23.7560,23.9890
2023-10-17 12:00:00,23.9890,24.2200,23.7300,24.0710
2023-10-17 16:00:00,24.0710,24.5660,24.0260,24.0700
2023-10-17 20:00:00,24.0710,24.1770,23.3800,23.8840
2023-10-18 00:00:00,23.8840,24.3890,23.7090,24.1620
2023-10-18 04:00:00,24.1630,24.2440,23.8820,23.9300
2023-10-18 08:00:00,23.9300,24.0970,23.7800,24.0300
2023-10-18 12:00:00,24.0310,24.4330,23.8630,23.8850
2023-10-18 16:00:00,23.8850,24.1400,23.7620,23.7940
2023-10-18 20:00:00,23.7950,23.9100,23.6050,23.6770
2023-10-19 00:00:00,23.6780,23.7830,23.5520,23.6870
2023-10-19 04:00:00,23.6870,23.7270,23.3450,23.4080
2023-10-19 08:00:00,23.4080,23.5600,23.0680,23.4400
2023-10-19 12:00:00,23.4390,23.8790,23.4290,23.8310
2023-10-19 16:00:00,23.8320,24.2910,23.6750,24.2590
2023-10-19 20:00:00,24.2590,24.8780,24.0520,24.7490
2023-10-20 00:00:00,24.7480,25.9630,24.6510,25.1370
2023-10-20 04:00:00,25.1380,25.2380,24.7100,24.9100
2023-10-20 08:00:00,24.9090,25.7010,24.7120,25.6440
2023-10-20 12:00:00,25.6430,26.4900,25.5520,26.2200
2023-10-20 16:00:00,26.2200,27.5200,26.2040,26.8760
2023-10-20 20:00:00,26.8730,27.1330,26.5400,26.8730
2023-10-21 00:00:00,26.8730,27.0380,26.2830,26.8740
2023-10-21 04:00:00,26.8740,27.3550,26.7040,27.0100
2023-10-21 08:00:00,27.0100,27.1140,26.6280,26.8010
2023-10-21 12:00:00,26.8010,28.7330,26.6430,28.0490
2023-10-21 16:00:00,28.0490,30,27.8190,29.5130
2023-10-21 20:00:00,29.5130,29.6610,28.6000,29.0150
2023-10-22 00:00:00,29.0140,29.9200,28.8550,29.4720
2023-10-22 04:00:00,29.4730,30.3680,29.1960,29.3120
2023-10-22 08:00:00,29.3120,29.9390,29.1400,29.7080
2023-10-22 12:00:00,29.7080,29.9950,27.9100,28.7950
2023-10-22 16:00:00,28.7940,29.0470,28.0510,28.3260
2023-10-22 20:00:00,28.3260,28.8750,28.2780,28.4180
2023-10-23 00:00:00,28.4180,29.1600,28.3820,28.6790
2023-10-23 04:00:00,28.6800,29.3500,28.6550,29.0310
2023-10-23 08:00:00,29.0300,30.7510,28.7200,30.6480
2023-10-23 12:00:00,30.6480,31.3740,29.8350,30.1040
2023-10-23 16:00:00,30.1030,30.3360,29.3100,29.6900
2023-10-23 20:00:00,29.6910,29.8640,28.7750,28.9660
2023-10-24 00:00:00,28.9660,29.9970,28.8580,29.8910
2023-10-24 04:00:00,29.8910,32.9290,29.7200,31.9020
2023-10-24 08:00:00,31.9020,32.5850,31.2550,31.3800
2023-10-24 12:00:00,31.3800,31.7800,30.6300,31.2370
2023-10-24 16:00:00,31.2370,31.9860,31.1580,31.8330
2023-10-24 20:00:00,31.8340,32.6220,30.3900,30.8940
2023-10-25 00:00:00,30.8940,31.2050,30.0130,30.4960
2023-10-25 04:00:00,30.4950,30.7890,29.4540,30.1570
2023-10-25 08:00:00,30.1570,32.2350,29.9720,31.0380
2023-10-25 12:00:00,31.0380,31.8720,30.6320,30.9520
2023-10-25 16:00:00,30.9530,32.3010,30.7590,32.2020
2023-10-25 20:00:00,32.2000,33.9600,32.1920,33.3780
2023-10-26 00:00:00,33.3780,33.5670,32.2990,32.7690
2023-10-26 04:00:00,32.7700,33.0760,31.8430,32.4460
2023-10-26 08:00:00,32.4450,32.8060,31.7010,32.7570
2023-10-26 12:00:00,32.7570,33.2880,32.0020,32.8370
2023-10-26 16:00:00,32.8370,32.9880,31.5670,31.8200
2023-10-26 20:00:00,31.8210,32.3930,30.8850,31.2970
2023-10-27 00:00:00,31.2970,31.7090,30.7120,31.5470
2023-10-27 04:00:00,31.5490,33.2500,31.4630,32.7700
2023-10-27 08:00:00,32.7710,32.8670,31.8140,32.3900
2023-10-27 12:00:00,32.3910,32.9060,32.1210,32.3590
2023-10-27 16:00:00,32.3590,33.1350,32.1620,32.5850
2023-10-27 20:00:00,32.5850,33.4220,31.9000,32.2000
2023-10-28 00:00:00,32.1970,32.5250,31.0500,31.9260
2023-10-28 04:00:00,31.9270,32.2770,31.4550,31.7390
2023-10-28 08:00:00,31.7390,32.3900,31.6410,32.3560
2023-10-28 12:00:00,32.3570,32.4930,32.0660,32.2900
2023-10-28 16:00:00,32.2880,32.5320,32.0660,32.1940
2023-10-28 20:00:00,32.1950,32.2290,31.5820,32.0270
2023-10-29 00:00:00,32.0270,32.0980,31.4300,31.5790
2023-10-29 04:00:00,31.5780,31.9750,31.2980,31.6140
2023-10-29 08:00:00,31.6150,31.8400,31.2380,31.5640
2023-10-29 12:00:00,31.5630,32.3600,31.4900,32.2710
2023-10-29 16:00:00,32.2710,32.3650,32.1170,32.2500
2023-10-29 20:00:00,32.2510,32.7040,32.1740,32.6160
2023-10-30 00:00:00,32.6160,33.2000,32.5120,32.9920
2023-10-30 04:00:00,32.9940,33.0330,32.5100,32.8260
2023-10-30 08:00:00,32.8280,33.0980,32.5110,32.7330
2023-10-30 12:00:00,32.7330,32.9800,32.2560,32.5200
2023-10-30 16:00:00,32.5220,35.4090,32.4520,34.9510
2023-10-30 20:00:00,34.9500,35.3950,34.5260,35.0460
2023-10-31 00:00:00,35.0470,35.0530,34.2240,34.9030
2023-10-31 04:00:00,34.8990,35.0370,34.4800,34.9580
2023-10-31 08:00:00,34.9580,36.4800,34.8320,35.7970
2023-10-31 12:00:00,35.7970,36.6340,35.5580,35.7100
2023-10-31 16:00:00,35.7110,36.9770,35.5680,36.5510
2023-10-31 20:00:00,36.5520,36.6640,35.5680,36.0930
2023-11-01 00:00:00,36.0930,36.4470,35.8060,36.2430
2023-11-01 04:00:00,36.2430,38.6190,36.2250,38.3720
2023-11-01 08:00:00,38.3730,38.7890,37.8530,38.2560
2023-11-01 12:00:00,38.2570,39.5040,37.7590,38.4310
2023-11-01 16:00:00,38.4320,39.7800,37.9500,39.2490
2023-11-01 20:00:00,39.2480,41.9990,38.8000,40.5940
2023-11-02 00:00:00,40.5930,46.8000,40.2780,42.0520
2023-11-02 04:00:00,42.0520,43.7770,40.6180,41.2040
2023-11-02 08:00:00,41.2030,42.8820,41.1440,42.5810
2023-11-02 12:00:00,42.5810,43.4190,41.1300,43.0920
2023-11-02 16:00:00,43.0920,44.5590,42.5320,44.4340
2023-11-02 20:00:00,44.4340,44.4940,39.9470,40.0410
2023-11-03 00:00:00,40.0450,41.5540,38.6460,41.3890
2023-11-03 04:00:00,41.3890,42.1300,39.5240,40.2510
2023-11-03 08:00:00,40.2480,40.2700,37.9910,38.9100
2023-11-03 12:00:00,38.9100,39.1250,37.9170,39.0560
2023-11-03 16:00:00,39.0560,39.7700,38.1000,39.1790
2023-11-03 20:00:00,39.1800,40.3150,38.8130,39.8170
2023-11-04 00:00:00,39.8160,40.1000,38.5220,39.1900
2023-11-04 04:00:00,39.1900,39.9430,39.0550,39.4970
2023-11-04 08:00:00,39.4970,41.2370,39.0350,41.1100
2023-11-04 12:00:00,41.1090,42.0760,40.4100,41.6890
2023-11-04 16:00:00,41.6900,42.7850,41.3000,41.5460
2023-11-04 20:00:00,41.5440,42.2090,40.8110,41.2780
2023-11-05 00:00:00,41.2780,41.8900,41.0090,41.3810
2023-11-05 04:00:00,41.3820,42.7310,41.2920,42.4220
2023-11-05 08:00:00,42.4220,42.8960,41.6920,42.5250
2023-11-05 12:00:00,42.5250,42.5490,41.4100,41.5710
2023-11-05 16:00:00,41.5720,41.8230,41.1030,41.6770
2023-11-05 20:00:00,41.6760,41.9000,40.4400,40.7370
2023-11-06 00:00:00,40.7370,41.6360,40.6540,40.7900
2023-11-06 04:00:00,40.7890,41.5730,40,41.1670
2023-11-06 08:00:00,41.1670,41.8710,40.8810,41.1180
2023-11-06 12:00:00,41.1220,41.2480,39.6560,39.9390
2023-11-06 16:00:00,39.9400,40.7390,39.6920,40.3430
2023-11-06 20:00:00,40.3450,40.7570,39.9000,40.2480
2023-11-07 00:00:00,40.2460,40.5500,39.8800,40.5070
2023-11-07 04:00:00,40.5070,42.2410,40.0410,42.1810
2023-11-07 08:00:00,42.1800,42.3290,40.0870,40.8390
2023-11-07 12:00:00,40.8390,41.7300,40.6760,41.5960
2023-11-07 16:00:00,41.5960,41.7970,40.5040,41.1250
2023-11-07 20:00:00,41.1240,42.1550,40.7470,41.2190
2023-11-08 00:00:00,41.2180,44.4040,41.0390,43.8970
2023-11-08 04:00:00,43.8980,45,42.8090,42.9760
2023-11-08 08:00:00,42.9760,43.5490,42.2700,43.3770
2023-11-08 12:00:00,43.3780,43.7970,43.0220,43.4850
2023-11-08 16:00:00,43.4850,43.9130,43.1200,43.3230
2023-11-08 20:00:00,43.3220,43.6130,42.2840,42.7700
2023-11-09 00:00:00,42.7680,43.6540,42.5480,43.1060
2023-11-09 04:00:00,43.1060,43.5550,42.6200,43.1420
2023-11-09 08:00:00,43.1380,44.1760,42.5000,44.1180
2023-11-09 12:00:00,44.1200,44.6510,43.7960,43.9040
2023-11-09 16:00:00,43.9030,47.5290,43.8900,47.1480
2023-11-09 20:00:00,47.1480,49,45.7330,46.4520
2023-11-10 00:00:00,46.4510,46.8770,40.9120,44.4170
2023-11-10 04:00:00,44.4200,45.7590,43.0340,45.3050
2023-11-10 08:00:00,45.3050,48,45.0550,47.4200
2023-11-10 12:00:00,47.4200,48.9990,46.8310,47.6020
2023-11-10 16:00:00,47.6010,51.3000,46.6000,50.7350
2023-11-10 20:00:00,50.7350,52.0260,48.6460,51.1510
2023-11-11 00:00:00,50.9140,54.9990,50.6510,54.1000
2023-11-11 04:00:00,54.1000,57.5730,53.0390,56.6790
2023-11-11 08:00:00,56.6790,57.8130,54.5170,55.8510
2023-11-11 12:00:00,55.8510,56.0360,53.5380,54.3000
2023-11-11 16:00:00,54.3000,55.9300,53.7850,55.2790
2023-11-11 20:00:00,55.2860,64.0360,55.0600,60.9840
2023-11-12 00:00:00,60.9840,62.6240,58.1930,60.5660
2023-11-12 04:00:00,60.5650,60.5660,55.4000,56.4090
2023-11-12 08:00:00,56.4090,57.9790,54.4800,57.4220
2023-11-12 12:00:00,57.4240,61.9430,56.5100,61.1460
2023-11-12 16:00:00,61.1420,61.5550,58.4010,60.0230
2023-11-12 20:00:00,60.0230,60.4450,57.6800,58.6970
2023-11-13 00:00:00,58.6970,58.8300,55.5330,56.0950
2023-11-13 04:00:00,56.0940,57.6300,55.6100,56.3150
2023-11-13 08:00:00,56.3150,59.5000,55.0740,57.0400
2023-11-13 12:00:00,57.0410,59.6250,56.6640,58.2860
2023-11-13 16:00:00,58.2850,59.7430,56.5120,57.0690
2023-11-13 20:00:00,57.0690,59.9590,54.1980,55.6820
2023-11-14 00:00:00,55.6820,56.9890,52.0540,54.7120
2023-11-14 04:00:00,54.7260,54.7390,51.5540,51.6620
2023-11-14 08:00:00,51.6610,54.8650,51.1660,54.0690
2023-11-14 12:00:00,54.0670,55.5070,53.8010,55.1810
2023-11-14 16:00:00,55.1820,55.8800,52.0100,52.7100
2023-11-14 20:00:00,52.7110,58.1910,52.0420,56.2690
2023-11-15 00:00:00,56.2690,57.0970,52.1000,55.1340
2023-11-15 04:00:00,55.1320,57.5100,54.8240,56.8490
2023-11-15 08:00:00,56.8420,57.9990,56.1600,56.2990
2023-11-15 12:00:00,56.3000,59.7940,56.2730,59.1860
2023-11-15 16:00:00,59.1900,63.7260,58.7160,63.0440
2023-11-15 20:00:00,63.0420,63.9140,61.3660,62.4910
2023-11-16 00:00:00,62.4910,65.8840,60.7050,65.3910
2023-11-16 04:00:00,65.3890,67.2280,64.2410,65.5060
2023-11-16 08:00:00,65.5060,66.8300,64.5020,65.9160
2023-11-16 12:00:00,65.9150,68.3560,64.7570,65.7330
2023-11-16 16:00:00,65.7320,66.1300,63.2560,64.0820
2023-11-16 20:00:00,64.0750,64.7990,60.3680,61.6470
2023-11-17 00:00:00,61.6490,62.8900,58.9190,62.3700
2023-11-17 04:00:00,62.3770,62.8990,56.4000,57.8420
2023-11-17 08:00:00,57.8420,60.6180,57.6050,58.9340
2023-11-17 12:00:00,58.9340,59.9720,57.9910,58.1770
2023-11-17 16:00:00,58.1790,59.0820,56.4500,58.1750
2023-11-17 20:00:00,58.1670,59.6840,54.0930,55.0530
2023-11-18 00:00:00,55.0530,58.7380,54.3650,57.5850
2023-11-18 04:00:00,57.5760,59.5230,57.4860,58.4900
2023-11-18 08:00:00,58.4980,58.6190,56.3000,56.7370
2023-11-18 12:00:00,56.7340,57.4940,54.7000,56.3720
2023-11-18 16:00:00,56.3700,57.6990,56.0580,57.0120
2023-11-18 20:00:00,57.0130,58.3880,55.5050,57.9930
2023-11-19 00:00:00,57.9930,59.4000,57.5220,59.0500
2023-11-19 04:00:00,59.0490,59.3410,57.9960,58.5810
2023-11-19 08:00:00,58.5810,58.5840,56.5760,58.2520
2023-11-19 12:00:00,58.2530,60.9580,57.7520,60.4550
2023-11-19 16:00:00,60.4570,61.8000,59.4200,59.8760
2023-11-19 20:00:00,59.8770,60.3690,59.0870,59.9990
2023-11-20 00:00:00,60.0020,61.3170,59.4000,61.1960
2023-11-20 04:00:00,61.1960,62.1510,60.1130,61.0990
2023-11-20 08:00:00,61.0990,61.3580,59.7600,59.9640
2023-11-20 12:00:00,59.9640,60.2310,59.1310,59.9310
2023-11-20 16:00:00,59.9300,61.1640,59.3100,60.0840
2023-11-20 20:00:00,60.0840,60.6860,56.9710,59.0080
2023-11-21 00:00:00,59.0010,59.4270,56.5000,57.5640
2023-11-21 04:00:00,57.5640,57.8180,55.9610,56.6030
2023-11-21 08:00:00,56.6030,57.4110,55.1110,56.0270
2023-11-21 12:00:00,56.0270,56.5000,55.3110,55.3990
2023-11-21 16:00:00,55.3990,57.1900,55.3770,56.2990
2023-11-21 20:00:00,56.3010,56.6800,52.7000,55.1300
2023-11-22 00:00:00,55.1290,56.2570,52.3490,54.8350
2023-11-22 04:00:00,54.8410,55.7990,51.2000,51.6820
2023-11-22 08:00:00,51.6840,54.4440,51.4790,54.3510
2023-11-22 12:00:00,54.3510,55.2900,53.9150,54.6520
2023-11-22 16:00:00,54.6540,55.2500,54.3560,54.5300
2023-11-22 20:00:00,54.5380,55.7980,54.0350,54.9440
2023-11-23 00:00:00,54.9450,57.6800,54.4100,57.3130
2023-11-23 04:00:00,57.3130,58.9230,56.9240,57.5790
2023-11-23 08:00:00,57.5750,58.4970,57.0210,57.6570
2023-11-23 12:00:00,57.6570,58.5820,57.5230,57.8230
2023-11-23 16:00:00,57.8230,59.0190,57.1890,57.9690
2023-11-23 20:00:00,57.9720,59.6880,56.4550,56.6400
2023-11-24 00:00:00,56.6400,57.3430,56.1210,56.3740
2023-11-24 04:00:00,56.3730,57.1370,56.3060,56.5370
2023-11-24 08:00:00,56.5390,57.6320,56.1960,57.2770
2023-11-24 12:00:00,57.2770,57.4560,56.6620,57.3590
2023-11-24 16:00:00,57.3620,58.8400,57.1000,58.0570
2023-11-24 20:00:00,58.0600,58.5500,57.2000,58.1580
2023-11-25 00:00:00,58.1600,58.4640,56.8030,57.1660
2023-11-25 04:00:00,57.1650,57.6180,56.4240,56.8690
2023-11-25 08:00:00,56.8690,59.8690,55.6300,58.8500
2023-11-25 12:00:00,58.8510,59.0150,58.4230,58.6220
2023-11-25 16:00:00,58.6230,58.8570,57.3510,57.8250
2023-11-25 20:00:00,57.8250,58.7660,57.7080,58.5460
2023-11-26 00:00:00,58.5460,59.7380,58.3300,59.0540
2023-11-26 04:00:00,59.0540,59.3140,58.6150,58.8300
2023-11-26 08:00:00,58.8300,59.0640,58.0010,58.3450
2023-11-26 12:00:00,58.3440,58.6740,58.1680,58.4280
2023-11-26 16:00:00,58.4300,58.6380,57.7500,57.8650
2023-11-26 20:00:00,57.8690,58.1250,56.6630,57.1060
2023-11-27 00:00:00,57.1010,57.2990,56.1000,57.1970
2023-11-27 04:00:00,57.2000,58.7590,57,57.5930
2023-11-27 08:00:00,57.5930,58.1100,56.1510,56.6000
2023-11-27 12:00:00,56.6010,57.3500,55.5000,55.9210
2023-11-27 16:00:00,55.9270,56.2800,54.7000,55.0260
2023-11-27 20:00:00,55.0250,55.2180,53.9000,53.9620
2023-11-28 00:00:00,53.9620,55.1370,53.4120,54.1240
2023-11-28 04:00:00,54.1240,55.1430,53.6680,55.0300
2023-11-28 08:00:00,55.0300,55.3960,54.6090,54.9340
2023-11-28 12:00:00,54.9330,55.3000,53.9230,55.0570
2023-11-28 16:00:00,55.0570,56.3490,54.6500,56.1630
2023-11-28 20:00:00,56.1640,56.3990,55.4260,56.0700
2023-11-29 00:00:00,56.0680,58.4220,55.9370,58.0300
2023-11-29 04:00:00,58.0290,58.6700,57.5680,58.1830
2023-11-29 08:00:00,58.1840,58.8760,57.7440,58.5290
2023-11-29 12:00:00,58.5290,59.6570,58.2010,59.3710
2023-11-29 16:00:00,59.3710,61.7990,59.3670,60.6480
2023-11-29 20:00:00,60.6480,61.6600,59.1120,60.0660
2023-11-30 00:00:00,60.0660,60.3960,58.8770,60.0630
2023-11-30 04:00:00,60.0630,60.2590,58.5500,59.3240
2023-11-30 08:00:00,59.3240,60.7320,58.7380,60.4010
2023-11-30 12:00:00,60.4010,61.2940,59.6220,59.9900
2023-11-30 16:00:00,59.9900,60.9500,59.2360,60.7760
2023-11-30 20:00:00,60.7750,61.7620,59.1460,59.5780
2023-12-01 00:00:00,59.5780,59.9900,58.9020,59.9840
2023-12-01 04:00:00,59.9800,60.1630,58.9530,59.3090
2023-12-01 08:00:00,59.3090,61.0990,58.5850,60.7880
2023-12-01 12:00:00,60.7880,61.3090,60.2250,60.8810
2023-12-01 16:00:00,60.8810,61.9370,60.6740,61.0500
2023-12-01 20:00:00,61.0510,61.1980,59.7560,60.1470
2023-12-02 00:00:00,60.1470,61.1160,59.8630,60.5060
2023-12-02 04:00:00,60.5060,60.7470,59.5870,59.7500
2023-12-02 08:00:00,59.7490,61.2040,59.6700,61.0540
2023-12-02 12:00:00,61.0540,62.7000,60.8330,62.0550
2023-12-02 16:00:00,62.0550,62.5500,61.6540,62.1830
2023-12-02 20:00:00,62.1820,62.6220,61.4560,61.9120
2023-12-03 00:00:00,61.9110,63.4990,61.4000,63.0120
2023-12-03 04:00:00,63.0110,63.9540,62.7360,63.6840
2023-12-03 08:00:00,63.6840,65.6220,63.5420,64.1570
2023-12-03 12:00:00,64.1570,64.3320,63.5200,63.9860
2023-12-03 16:00:00,63.9860,64.1790,63.0500,63.5720
2023-12-03 20:00:00,63.5720,63.6600,62.4460,63.0340
2023-12-04 00:00:00,63.0330,63.0830,62.2340,62.9710
2023-12-04 04:00:00,62.9700,64.1560,62.5180,63.0150
2023-12-04 08:00:00,63.0200,64.9990,62.9410,64.2920
2023-12-04 12:00:00,64.2910,65.3400,63.6030,63.7740
2023-12-04 16:00:00,63.7740,64.4140,59,62.1230
2023-12-04 20:00:00,62.1180,62.2880,59.9040,60.5770
2023-12-05 00:00:00,60.5770,61.3720,60.3570,61.0660
2023-12-05 04:00:00,61.0660,62.1100,60.6660,61.6710
2023-12-05 08:00:00,61.6710,62.2220,59.6200,60.6400
2023-12-05 12:00:00,60.6370,60.7000,59.1040,59.6980
2023-12-05 16:00:00,59.6990,60.4630,59.4440,60.1900
2023-12-05 20:00:00,60.1900,61.7220,60.0030,60.9990
2023-12-06 00:00:00,60.9980,62.6610,60.3880,61.4370
2023-12-06 04:00:00,61.4370,61.7000,60.2200,61.0610
2023-12-06 08:00:00,61.0580,64.5500,61.0480,64.4230
2023-12-06 12:00:00,64.4240,64.7330,62.6110,63.4270
2023-12-06 16:00:00,63.4270,66.7970,61.8490,63.0510
2023-12-06 20:00:00,63.0510,63.7560,62.4010,62.6720
2023-12-07 00:00:00,62.6740,64.4880,62.5400,64.4680
2023-12-07 04:00:00,64.4670,64.6660,61.4560,61.8780
2023-12-07 08:00:00,61.8780,64.0090,61.6570,62.9530
2023-12-07 12:00:00,62.9530,63.8830,62.8630,63.3850
2023-12-07 16:00:00,63.3860,64.4100,61.6960,64.2890
2023-12-07 20:00:00,64.2880,66.3110,63.6500,65.9170
2023-12-08 00:00:00,65.9180,67.7350,64.5260,64.8370
2023-12-08 04:00:00,64.8370,69.5460,64.6870,67.8060
2023-12-08 08:00:00,67.8070,72.4100,67.8060,71.5410
2023-12-08 12:00:00,71.5410,73,70.8770,71.4350
2023-12-08 16:00:00,71.4360,73.9330,70.5320,73.0150
2023-12-08 20:00:00,73.0150,74.5000,71.7160,72.0710
2023-12-09 00:00:00,72.0720,74.2940,72.0330,72.3290
2023-12-09 04:00:00,72.3290,75.4600,72.3030,74.9800
2023-12-09 08:00:00,74.9790,75.6000,73.0010,74.2170
2023-12-09 12:00:00,74.2170,77.8790,73.6610,76.9840
2023-12-09 16:00:00,76.9780,77.6960,74.5500,77.2070
2023-12-09 20:00:00,77.2060,77.5750,75.0700,75.6120
2023-12-10 00:00:00,75.6130,75.9020,72.7700,74.1520
2023-12-10 04:00:00,74.1510,74.4470,71.4720,72.3680
2023-12-10 08:00:00,72.3700,74.0550,72.2440,73.0810
2023-12-10 12:00:00,73.0810,73.6990,71.7000,72.5240
2023-12-10 16:00:00,72.5240,72.8440,70.7280,71.4960
2023-12-10 20:00:00,71.4970,74.6950,71.4110,73.7670
2023-12-11 00:00:00,73.7610,74.1570,72.1920,73.5450
2023-12-11 04:00:00,73.5460,74.9610,73.3750,74.9070
2023-12-11 08:00:00,74.9040,75.0240,63.5010,70.8880
2023-12-11 12:00:00,70.8880,71.2200,67.9340,68.5220
2023-12-11 16:00:00,68.5190,70.0140,67.8050,69.6760
2023-12-11 20:00:00,69.6700,69.8630,66.9360,69.2720
2023-12-12 00:00:00,69.2760,70.9600,68,69.3750
2023-12-12 04:00:00,69.3760,70.6870,67.7650,70.2860
2023-12-12 08:00:00,70.2820,72.4790,70.2700,71.2320
2023-12-12 12:00:00,71.2320,71.8200,69.6220,71.7910
2023-12-12 16:00:00,71.7900,72.2780,70.5300,70.6590
2023-12-12 20:00:00,70.6600,71.8550,68.2670,68.5140
2023-12-13 00:00:00,68.5140,68.8500,65.7890,67.6750
2023-12-13 04:00:00,67.6750,69.1400,66.9220,68.6440
2023-12-13 08:00:00,68.6350,68.8230,65.1100,65.5170
2023-12-13 12:00:00,65.5180,66.2890,63.6400,64.9240
2023-12-13 16:00:00,64.9240,66.7220,64.8160,65.4440
2023-12-13 20:00:00,65.4450,68.2080,65.1540,67.5810
2023-12-14 00:00:00,67.5810,70.5820,66.8080,70.3350
2023-12-14 04:00:00,70.3340,72.6660,70.0800,70.6680
2023-12-14 08:00:00,70.6690,71.0960,69.6800,70.1220
2023-12-14 12:00:00,70.1300,71.9460,69.7280,71.5730
2023-12-14 16:00:00,71.5700,73.7800,71.0800,73.5230
2023-12-14 20:00:00,73.5270,73.8580,67,71.6600
2023-12-15 00:00:00,71.6600,74.5520,71.6570,73.3020
2023-12-15 04:00:00,73.2960,76.3150,72.6910,75.7510
2023-12-15 08:00:00,75.7510,75.9330,74.1000,74.4550
2023-12-15 12:00:00,74.4580,77.1670,74.3900,76.6630
2023-12-15 16:00:00,76.6640,79.3980,76.2370,79.1820
2023-12-15 20:00:00,79.1820,79.6790,75.2540,76.0970
2023-12-16 00:00:00,76.0970,77.4950,73.6140,76.9570
2023-12-16 04:00:00,76.9560,77.2730,72.1660,72.5520
2023-12-16 08:00:00,72.5580,74.4370,71.2200,74.2250
2023-12-16 12:00:00,74.2240,74.6000,73.6630,74.3920
2023-12-16 16:00:00,74.3920,75.1620,73.7780,75.1320
2023-12-16 20:00:00,75.1330,77.2400,74.8920,77.1740
2023-12-17 00:00:00,77.1740,77.2390,73.8130,74.2100
2023-12-17 04:00:00,74.2110,74.6280,72.8010,73.7370
2023-12-17 08:00:00,73.7360,74.1640,72.5970,73.5730
2023-12-17 12:00:00,73.5730,74.3350,72.0450,72.3880
2023-12-17 16:00:00,72.3870,73.3500,71.7550,73.1040
2023-12-17 20:00:00,73.1000,73.3380,71.3890,72.7160
2023-12-18 00:00:00,72.7210,75.1490,72.2800,73.5880
2023-12-18 04:00:00,73.5890,74.2380,70.5510,70.9020
2023-12-18 08:00:00,70.9020,71.9860,68.6000,69.9310
2023-12-18 12:00:00,69.9290,70.2180,68.6900,68.9570
2023-12-18 16:00:00,68.9520,69.9770,66.8510,69.0210
2023-12-18 20:00:00,69.0210,71.8570,68.2470,70.7600
2023-12-19 00:00:00,70.7600,72.7040,70.4270,72.3240
2023-12-19 04:00:00,72.3210,75.5150,71.6430,74.4290
2023-12-19 08:00:00,74.4280,76.0740,73.8320,75.2870
2023-12-19 12:00:00,75.2870,76.3840,75.0160,75.7280
2023-12-19 16:00:00,75.7280,76.1210,74.5170,74.6760
2023-12-19 20:00:00,74.6760,75.1890,72.8500,73.7270
2023-12-20 00:00:00,73.7270,74.4220,71.8000,74.2720
2023-12-20 04:00:00,74.2760,75.5000,72.3030,73.0400
2023-12-20 08:00:00,73.0300,75.2390,72.9820,74.9800
2023-12-20 12:00:00,74.9800,76.2830,74.3470,76.1200
2023-12-20 16:00:00,76.1200,78.7250,75.5320,77.1200
2023-12-20 20:00:00,77.1210,81.3880,76.3890,80.7560
2023-12-21 00:00:00,80.7560,84.1900,79.1320,81.1600
2023-12-21 04:00:00,81.1600,82.4980,79.3000,82.2430
2023-12-21 08:00:00,82.2430,84.8300,81.0500,83.4240
2023-12-21 12:00:00,83.4170,87.2000,83.0600,86.8350
2023-12-21 16:00:00,86.8290,88.4810,85.1830,87.0910
2023-12-21 20:00:00,87.0900,88.8900,85.6150,87.5600
2023-12-22 00:00:00,87.5610,95.8170,87.5340,92.9640
2023-12-22 04:00:00,92.9640,95.6230,91.3160,93.9270
2023-12-22 08:00:00,93.9290,99.7330,93.1340,97.8070
2023-12-22 12:00:00,97.8080,99.5000,92.4000,93.9290
2023-12-22 16:00:00,93.9290,95.3080,90.5120,93.8330
2023-12-22 20:00:00,93.8330,96.8480,92.0640,96.3350
2023-12-23 00:00:00,96.3350,97.7780,93.4300,96.9310
2023-12-23 04:00:00,96.9350,98.5000,95.8160,97.9620
2023-12-23 08:00:00,97.9620,98.3000,93.3710,93.7920
2023-12-23 12:00:00,93.7930,96.6000,92.8800,95.4480
2023-12-23 16:00:00,95.4480,96.4990,94.7500,95.9580
2023-12-23 20:00:00,95.9570,97.6450,95.3010,96.8300
2023-12-24 00:00:00,96.8310,103.8600,96.1530,102.9770
2023-12-24 04:00:00,102.9780,110.3880,101.5810,107.9650
2023-12-24 08:00:00,107.9660,118.7000,107.3500,116.3330
2023-12-24 12:00:00,116.3280,118.3600,110.3300,114.5650
2023-12-24 16:00:00,114.5650,114.8570,107.7000,110.4530
2023-12-24 20:00:00,110.4530,114.5000,109.1360,113.6250
2023-12-25 00:00:00,113.6330,117.0000,112.1490,115.2330
2023-12-25 04:00:00,115.2300,115.5920,109.5580,112.5710
2023-12-25 08:00:00,112.5720,113.2000,108.0000,112.1020
2023-12-25 12:00:00,112.1110,114.5790,111.6290,113.0290
2023-12-25 16:00:00,113.0280,113.7680,109.6250,111.8720
2023-12-25 20:00:00,111.8570,124.3780,110.4060,123.1760
2023-12-26 00:00:00,123.1750,126.9380,121.2000,121.4260
2023-12-26 04:00:00,121.4270,121.8460,116.5680,120.9420
2023-12-26 08:00:00,120.9470,121.4570,116.6110,119.4670
2023-12-26 12:00:00,119.4660,120.8000,110.7700,113.4140
2023-12-26 16:00:00,113.4130,116.3570,111.2200,114.8390
2023-12-26 20:00:00,114.8530,117.2490,110.4400,110.7080
2023-12-27 00:00:00,110.7080,113.1830,102.3300,106.7080
2023-12-27 04:00:00,106.7060,113.2120,106.2400,112.5430
2023-12-27 08:00:00,112.5330,113.6560,108.0000,108.6790
2023-12-27 12:00:00,108.6730,112.8390,108.5140,111.5150
2023-12-27 16:00:00,111.5070,115.5000,111.0170,112.8830
2023-12-27 20:00:00,112.8830,113.3670,106.4000,107.9900
2023-12-28 00:00:00,107.9680,110.5530,104.8320,109.1190
2023-12-28 04:00:00,109.1120,111.1390,106.5140,107.0950
2023-12-28 08:00:00,107.0890,109.8260,103.1080,104.6640
2023-12-28 12:00:00,104.6660,106.6220,102.2970,105.9840
2023-12-28 16:00:00,105.9910,106.3610,103.3000,104.9870
2023-12-28 20:00:00,105.0000,105.2470,97.3200,99.8020
2023-12-29 00:00:00,99.7980,101.8000,98.5400,101.2080
2023-12-29 04:00:00,101.2060,104.0470,98.7740,101.9130
2023-12-29 08:00:00,101.9140,106.0370,99.5140,104.9680
2023-12-29 12:00:00,104.9690,108.7380,104.1990,105.2520
2023-12-29 16:00:00,105.2530,110.1980,105.0580,107.7070
2023-12-29 20:00:00,107.7020,109.9770,104.4490,106.0640
2023-12-30 00:00:00,106.0640,108.2370,102.7610,105.9140
2023-12-30 04:00:00,105.9160,106.4290,102.7270,106.2250
2023-12-30 08:00:00,106.2350,107.6510,102.9670,103.6430
2023-12-30 12:00:00,103.6400,104.9860,103.2020,103.5520
2023-12-30 16:00:00,103.5530,103.5850,100.6980,102.2390
2023-12-30 20:00:00,102.2450,104.5000,102.1670,104.3340
2023-12-31 00:00:00,104.3260,105.0000,102.6540,103.3600
2023-12-31 04:00:00,103.3600,104.4020,101.2680,101.9710
2023-12-31 08:00:00,101.9740,103.1000,99.6350,100.7430
2023-12-31 12:00:00,100.7340,105.0000,100.5320,104.0690
2023-12-31 16:00:00,104.0700,105.3380,103.5000,104.3760
2023-12-31 20:00:00,104.3640,105.3000,102.1680,102.5760
2024-01-01 00:00:00,102.5770,104.6300,102.4010,103.8930
2024-01-01 04:00:00,103.8920,105.2000,99.7910,101.7780
2024-01-01 08:00:00,101.7750,104.8600,101.6000,103.1810
2024-01-01 12:00:00,103.1730,104.1290,101.5300,102.5810
2024-01-01 16:00:00,102.5790,105.0000,101.8410,104.4800
2024-01-01 20:00:00,104.4810,106.5000,103.9600,106.0830
2024-01-02 00:00:00,106.0790,109.3080,105.9190,108.8880
2024-01-02 04:00:00,108.8880,110.0780,107.3190,110.0470
2024-01-02 08:00:00,110.0540,113.3900,108.5850,111.5180
2024-01-02 12:00:00,111.5180,114.8000,111.0000,114.5300
2024-01-02 16:00:00,114.5300,117.1000,112.8010,114.1130
2024-01-02 20:00:00,114.1140,114.6350,107.7690,109.7210
2024-01-03 00:00:00,109.7210,110.5000,106.7430,107.7660
2024-01-03 04:00:00,107.7690,108.9940,106.1000,106.8300
2024-01-03 08:00:00,106.8280,108.7980,106.5920,108.1980
2024-01-03 12:00:00,108.1980,109.9500,107.1430,107.8410
2024-01-03 16:00:00,107.8470,109.5000,102.1940,103.4990
2024-01-03 20:00:00,103.5000,103.5640,83.5100,102.1170
2024-01-04 00:00:00,102.1040,103.2150,95.0000,97.3630
2024-01-04 04:00:00,97.3630,100.5600,97.2000,98.5190
2024-01-04 08:00:00,98.5190,102.0000,97.5660,101.1080
2024-01-04 12:00:00,101.1060,101.7380,98.7600,98.9150
2024-01-04 16:00:00,98.9240,99.3090,96.5880,98.5300
2024-01-04 20:00:00,98.5300,104.4380,98.1000,103.6910
2024-01-05 00:00:00,103.6940,106.9180,101.5020,105.1760
2024-01-05 04:00:00,105.1740,108.3000,104.4000,104.9750
2024-01-05 08:00:00,104.9610,105.5460,98.1300,100.9970
2024-01-05 12:00:00,100.9900,102.2550,100.0210,101.1330
2024-01-05 16:00:00,101.1410,103.2500,99.0530,99.6330
2024-01-05 20:00:00,99.6330,101.3670,96.8800,98.0490
2024-01-06 00:00:00,98.0500,98.9050,95.0000,97.9270
2024-01-06 04:00:00,97.9270,100.4390,97.7400,99.8740
2024-01-06 08:00:00,99.8740,100.2770,97.7610,98.6700
2024-01-06 12:00:00,98.6680,98.9490,91.3980,94.4500
2024-01-06 16:00:00,94.4490,95.7020,93.6520,94.4440
2024-01-06 20:00:00,94.4380,96.4960,92.8180,95.1560
2024-01-07 00:00:00,95.1570,97.2290,94.5010,95.0600
2024-01-07 04:00:00,95.0610,95.6410,92.1000,93.7990
2024-01-07 08:00:00,93.7980,96.2920,91.2600,92.9070
2024-01-07 12:00:00,92.9060,95.6510,92.8300,95.2450
2024-01-07 16:00:00,95.2500,95.6250,92.9060,94.5240
2024-01-07 20:00:00,94.5230,96.7640,93.2410,93.9010
2024-01-08 00:00:00,93.9010,94.9930,92.9500,94.7600
2024-01-08 04:00:00,94.7610,95.3200,87.5000,89.4140
2024-01-08 08:00:00,89.4140,90.8630,85.1000,87.2560
2024-01-08 12:00:00,87.2490,90.8040,86.9120,89.6590
2024-01-08 16:00:00,89.6580,92.1990,88.6460,92.1910
2024-01-08 20:00:00,92.1900,95.5640,92.1490,94.6350
2024-01-09 00:00:00,94.6400,99.9150,93.6670,99.2390
2024-01-09 04:00:00,99.2390,99.4080,96.4930,97.9010
2024-01-09 08:00:00,97.9000,99.8350,95.2570,99.8330
2024-01-09 12:00:00,99.8220,103.9710,99.4640,101.9000
2024-01-09 16:00:00,101.9010,102.7170,99.5230,101.8940
2024-01-09 20:00:00,101.8950,102.3800,95.4570,99.8040
2024-01-10 00:00:00,99.8040,101.4770,98.1800,99.3230
2024-01-10 04:00:00,99.3230,108.0000,95.4800,99.3470
2024-01-10 08:00:00,99.3470,100.2600,97.5300,99.6710
2024-01-10 12:00:00,99.6760,100.4670,98.0290,98.1590
2024-01-10 16:00:00,98.1570,98.3230,96.2740,97.3470
2024-01-10 20:00:00,97.3510,97.7500,92.1220,94.8030
2024-01-11 00:00:00,94.8000,98.3300,94.0000,96.3170
2024-01-11 04:00:00,96.3170,105.5800,92.6260,102.0630
2024-01-11 08:00:00,102.0670,102.2310,99.2000,100.3770
2024-01-11 12:00:00,100.3620,101.7700,97.8880,99.7450
2024-01-11 16:00:00,99.7390,104.6770,99.5850,104.4990
2024-01-11 20:00:00,104.4990,107.3410,99.5980,100.8240
2024-01-12 00:00:00,100.8250,101.5550,97.6000,101.3780
2024-01-12 04:00:00,101.3710,102.3930,99.1000,99.9280
2024-01-12 08:00:00,99.9270,100.3860,97.4400,97.7510
2024-01-12 12:00:00,97.7540,100.5340,97.6610,98.8420
2024-01-12 16:00:00,98.8450,99.1640,97.5770,98.2520
2024-01-12 20:00:00,98.2530,99.3770,95.1100,95.3960
2024-01-13 00:00:00,95.3950,96.7730,92.7070,95.2560
2024-01-13 04:00:00,95.2660,95.9730,85.8000,92.1530
2024-01-13 08:00:00,92.1480,92.6330,89.5000,91.1020
2024-01-13 12:00:00,91.1020,93.2950,90.9400,92.5510
2024-01-13 16:00:00,92.5530,93.1830,91.5360,92.2510
2024-01-13 20:00:00,92.2500,93.4000,91.0920,92.9200
2024-01-14 00:00:00,92.9240,95.6910,91.5650,94.7680
2024-01-14 04:00:00,94.7760,97.0680,94.6800,95.8360
2024-01-14 08:00:00,95.8360,97.0920,94.3360,96.9920
2024-01-14 12:00:00,96.9850,98.8760,96.0030,98.3070
2024-01-14 16:00:00,98.3070,98.6600,96.6460,96.7990
2024-01-14 20:00:00,96.8000,99.8000,96.3020,99.5200
2024-01-15 00:00:00,99.5210,102.9490,96.1200,96.2200
2024-01-15 04:00:00,96.2210,97.7560,93.5990,93.8300
2024-01-15 08:00:00,93.8290,97.0000,93.8180,95.9380
2024-01-15 12:00:00,95.9380,96.8230,95.0000,95.6300
2024-01-15 16:00:00,95.6290,95.9900,94.4270,95.5160
2024-01-15 20:00:00,95.5200,95.8160,93.0000,93.5220
2024-01-16 00:00:00,93.5210,96.7370,93.2760,96.0310
2024-01-16 04:00:00,96.0330,96.5440,93.3000,94.3590
2024-01-16 08:00:00,94.3600,96.2490,94.3590,96.2000
2024-01-16 12:00:00,96.1950,98.2410,95.3190,97.7430
2024-01-16 16:00:00,97.7430,98.3100,96.2640,96.7270
2024-01-16 20:00:00,96.7270,97.7650,94.1870,97.2590
2024-01-17 00:00:00,97.2580,97.8880,96.1050,96.8210
2024-01-17 04:00:00,96.8220,98.8050,96.7330,97.6370
2024-01-17 08:00:00,97.6370,101.1820,97.3420,99.9890
2024-01-17 12:00:00,99.9890,100.3990,97.0960,97.3660
2024-01-17 16:00:00,97.3660,102.8640,96.6300,102.0510
2024-01-17 20:00:00,102.0480,102.7600,99.1500,99.4080
2024-01-18 00:00:00,99.4090,101.2730,97.3000,100.7870
2024-01-18 04:00:00,100.7880,102.4440,100.0230,102.1550
2024-01-18 08:00:00,102.1550,103.6350,99.5670,99.9560
2024-01-18 12:00:00,99.9570,101.5000,99.8110,100.7840
2024-01-18 16:00:00,100.7850,101.2480,98.3960,98.9620
2024-01-18 20:00:00,98.9610,99.2000,97.7250,98.2700
2024-01-19 00:00:00,98.2700,98.3010,91.3590,92.3830
2024-01-19 04:00:00,92.3840,94.8630,92.1970,94.3890
2024-01-19 08:00:00,94.3890,94.7740,91.4650,93.0890
2024-01-19 12:00:00,93.0880,95.3580,92.8540,94.4980
2024-01-19 16:00:00,94.4980,95.5000,93.8330,94.7830
2024-01-19 20:00:00,94.7850,94.7880,90.7350,91.2620
2024-01-20 00:00:00,91.2740,94.7270,87.0050,94.1150
2024-01-20 04:00:00,94.1150,94.9560,92.7180,93.5960
2024-01-20 08:00:00,93.5960,94.2940,92.0540,93.6100
2024-01-20 12:00:00,93.6100,93.7010,91.7050,91.9400
2024-01-20 16:00:00,91.9390,92.3880,91.0890,92.0230
2024-01-20 20:00:00,92.0230,92.2630,90.1760,90.8710
2024-01-21 00:00:00,90.8720,92.5920,90.7180,92.0290
2024-01-21 04:00:00,92.0290,93.4800,91.8080,92.9000
2024-01-21 08:00:00,92.9010,93.3460,91.8500,92.9360
2024-01-21 12:00:00,92.9370,93.0760,91.8800,92.3630
2024-01-21 16:00:00,92.3650,93.9670,92.2430,93.1940
2024-01-21 20:00:00,93.1930,93.7230,91.9700,92.5120
2024-01-22 00:00:00,92.5120,92.9040,91.6510,92.4800
2024-01-22 04:00:00,92.4790,92.6520,90.8000,91.1050
2024-01-22 08:00:00,91.1110,91.9480,88.1300,89.3440
2024-01-22 12:00:00,89.3440,90.1850,88.2000,89.2550
2024-01-22 16:00:00,89.2490,89.2490,86.1410,88.3600
2024-01-22 20:00:00,88.3590,90.0500,85.6950,87.2980
2024-01-23 00:00:00,87.3060,87.6990,82.1000,83.6730
2024-01-23 04:00:00,83.6730,86.3510,83.1830,83.8830
2024-01-23 08:00:00,83.8830,85.9050,83.6070,85.1880
2024-01-23 12:00:00,85.1890,85.9670,82.2720,82.8140
2024-01-23 16:00:00,82.8120,83.5000,78.9680,80.2170
2024-01-23 20:00:00,80.2160,83.3910,78.9600,82.6770
2024-01-24 00:00:00,82.6770,83.8770,80.8590,80.9440
2024-01-24 04:00:00,80.9410,84.4270,80.4080,84.3250
2024-01-24 08:00:00,84.3250,85.7630,83.3500,83.5620
2024-01-24 12:00:00,83.5620,86.8250,83.2940,86.1330
2024-01-24 16:00:00,86.1380,88.5200,85.9100,87.1640
2024-01-24 20:00:00,87.1650,87.9970,85.2270,86.9940
2024-01-25 00:00:00,86.9940,87.8200,85.5260,86.3330
2024-01-25 04:00:00,86.3330,89.3960,85.8780,88.7440
2024-01-25 08:00:00,88.7450,89.6250,87.6410,88.3210
2024-01-25 12:00:00,88.3210,88.6590,86.7300,88.1820
2024-01-25 16:00:00,88.1810,89.3300,86.5250,88.9980
2024-01-25 20:00:00,88.9970,89.3300,86.0000,86.3910
2024-01-26 00:00:00,86.3920,88.2270,85.1000,87.7640
2024-01-26 04:00:00,87.7640,87.8580,86.4190,86.8860
2024-01-26 08:00:00,86.8850,88.2740,85.9550,87.9420
2024-01-26 12:00:00,87.9420,88.5260,86.6660,87.0000
2024-01-26 16:00:00,86.9990,92.4110,86.9650,91.9070
2024-01-26 20:00:00,91.9090,92.6620,90.1000,92.3500
2024-01-27 00:00:00,92.3500,93.7200,92.1510,92.8110
2024-01-27 04:00:00,92.8100,93.7080,91.6450,92.2610
2024-01-27 08:00:00,92.2600,93.8000,92.0510,92.6730
2024-01-27 12:00:00,92.6730,92.7810,90.7170,91.1910
2024-01-27 16:00:00,91.1910,92.2990,90.6360,91.9910
2024-01-27 20:00:00,91.9910,92.9700,91.6200,92.7830
2024-01-28 00:00:00,92.7830,93.3930,92.1440,93.0710
2024-01-28 04:00:00,93.0680,94.4800,92.8130,94.2380
2024-01-28 08:00:00,94.2370,96.7730,93.1550,96.6090
2024-01-28 12:00:00,96.6080,97.3990,95.2000,95.7240
2024-01-28 16:00:00,95.7220,99.4280,95.5000,98.3810
2024-01-28 20:00:00,98.3810,98.6000,96.6340,97.0520
2024-01-29 00:00:00,97.0510,97.9200,94.1410,94.4610
2024-01-29 04:00:00,94.4620,96.3530,93.3900,95.9480
2024-01-29 08:00:00,95.9480,98.9930,95.0050,97.8240
2024-01-29 12:00:00,97.8230,97.9640,96.1440,96.7130
2024-01-29 16:00:00,96.7130,97.9740,96.2460,97.4280
2024-01-29 20:00:00,97.4270,100.3500,95.4800,99.8700
2024-01-30 00:00:00,99.8700,101.7000,98.9500,100.5410
2024-01-30 04:00:00,100.5400,102.0350,100.4590,101.6230
2024-01-30 08:00:00,101.6220,103.7980,100.8930,102.0560
2024-01-30 12:00:00,102.0560,103.3750,101.6580,102.8830
2024-01-30 16:00:00,102.8820,106.4480,102.3620,106.0140
2024-01-30 20:00:00,106.0150,106.5000,103.5000,104.7960
2024-01-31 00:00:00,104.7900,105.6410,103.2240,105.2160
2024-01-31 04:00:00,105.2160,105.5940,101.0030,101.3710
2024-01-31 08:00:00,101.3720,101.9250,98.5000,101.0910
2024-01-31 12:00:00,101.0910,101.7890,99.9000,101.5990
2024-01-31 16:00:00,101.5990,101.9090,97.2420,99.1030
2024-01-31 20:00:00,99.1030,101.9000,97.5000,101.5370
2024-02-01 00:00:00,101.5360,102.7190,99.5870,100.9410
2024-02-01 04:00:00,100.9460,101.2000,95.8370,96.9120
2024-02-01 08:00:00,96.9100,97.6770,93.3190,93.5950
2024-02-01 12:00:00,93.5970,95.7590,93.1000,94.8790
2024-02-01 16:00:00,94.8760,96.7080,94.5620,95.4100
2024-02-01 20:00:00,95.4100,97.4400,94.6120,95.9590
2024-02-02 00:00:00,95.9600,98.0000,94.8150,97.8330
2024-02-02 04:00:00,97.8310,98.1300,96.8750,97.7750
2024-02-02 08:00:00,97.7760,100.1310,97.3350,98.9560
2024-02-02 12:00:00,98.9570,101.5070,98.3870,101.1820
2024-02-02 16:00:00,101.1810,102.4000,99.8600,101.9510
2024-02-02 20:00:00,101.9520,102.5730,98.3570,101.2840
2024-02-03 00:00:00,101.2840,102.1920,98.3010,99.4360
2024-02-03 04:00:00,99.4370,100.8260,98.8350,100.5590
2024-02-03 08:00:00,100.5480,101.2000,98.9580,99.1830
2024-02-03 12:00:00,99.1840,100.0630,98.5500,99.0560
2024-02-03 16:00:00,99.0560,99.3560,98.3530,98.6480
2024-02-03 20:00:00,98.6470,98.9500,96.6020,97.9600
2024-02-04 00:00:00,97.9600,98.7440,97.2160,98.1190
2024-02-04 04:00:00,98.1190,98.4320,97.5020,97.9150
2024-02-04 08:00:00,97.9140,98.5550,96.8020,98.3140
2024-02-04 12:00:00,98.3150,98.3300,96.0770,96.4970
2024-02-04 16:00:00,96.4970,98.2500,95.8200,97.8730
2024-02-04 20:00:00,97.8710,98.3730,97.1800,97.6030
2024-02-05 00:00:00,97.6050,97.6680,96.0520,96.3260
2024-02-05 04:00:00,96.3260,96.9800,95.0000,95.4510
2024-02-05 08:00:00,95.4520,96.2000,94.1020,96.0210
2024-02-05 12:00:00,96.0210,97.9000,95.7540,97.5370
2024-02-05 16:00:00,97.5370,98.1980,96.9020,97.8440
2024-02-05 20:00:00,97.8440,98.6590,95.1910,95.5570
2024-02-06 00:00:00,95.5550,96.4850,95.2870,95.9060
2024-02-06 04:00:00,95.9050,96.0930,94.1710,95.6050
2024-02-06 08:00:00,95.6000,96.7900,95.1710,95.9690
2024-02-06 12:00:00,95.9690,96.0630,94.7000,95.7110
2024-02-06 16:00:00,95.7110,96.2900,93.1160,94.2390
2024-02-06 20:00:00,94.2380,95.8480,93.2450,95.6950
2024-02-07 00:00:00,95.6960,97.7140,95.1010,97.5460
2024-02-07 04:00:00,97.5460,97.8690,96.7180,96.8560
2024-02-07 08:00:00,96.8560,97.4550,95.4400,95.4750
2024-02-07 12:00:00,95.4750,96.1890,94.9560,95.5810
2024-02-07 16:00:00,95.5810,96.0380,94.5600,95.1410
2024-02-07 20:00:00,95.1410,96.6820,95.0820,96.2250
2024-02-08 00:00:00,96.2260,98.1380,96.1100,97.0790
2024-02-08 04:00:00,97.0800,101.6220,97.0680,101.1350
2024-02-08 08:00:00,101.1360,102.6200,100.9040,101.7670
2024-02-08 12:00:00,101.7670,102.0710,100.5000,100.7940
2024-02-08 16:00:00,100.7950,102.3000,100.7500,101.2050
2024-02-08 20:00:00,101.2050,104.9740,100.9240,104.8000
2024-02-09 00:00:00,104.8010,104.8980,101.6200,102.2790
2024-02-09 04:00:00,102.2800,103.3640,102.2570,102.7420
2024-02-09 08:00:00,102.7420,105.7530,102.7280,104.3120
2024-02-09 12:00:00,104.3060,105.7040,103.7200,105.2100
2024-02-09 16:00:00,105.2110,106.3880,104.0600,105.8310
2024-02-09 20:00:00,105.8310,107.0000,104.0500,105.6200
2024-02-10 00:00:00,105.6200,106.5000,104.3200,104.9630
2024-02-10 04:00:00,104.9630,109.2300,104.8050,106.9210
2024-02-10 08:00:00,106.9200,110.7460,106.8600,110.6440
2024-02-10 12:00:00,110.6440,110.8390,108.6660,108.8610
2024-02-10 16:00:00,108.8600,109.6580,107.1940,108.1400
2024-02-10 20:00:00,108.1400,108.7830,107.1340,108.4710
2024-02-11 00:00:00,108.4710,109.5470,107.7210,109.1480
2024-02-11 04:00:00,109.1490,110.4380,108.5630,108.9760
2024-02-11 08:00:00,108.9760,109.7500,107.6840,109.4340
2024-02-11 12:00:00,109.4340,109.9330,108.7320,109.2270
2024-02-11 16:00:00,109.2260,110.3400,108.5130,109.6970
2024-02-11 20:00:00,109.6970,110.7570,108.6400,108.8120
2024-02-12 00:00:00,108.8130,109.0980,107.6440,108.1920
2024-02-12 04:00:00,108.1910,108.8110,107.2020,107.4710
2024-02-12 08:00:00,107.4710,109.3770,104.5000,106.2680
2024-02-12 12:00:00,106.2670,106.3860,104.5800,105.9340
2024-02-12 16:00:00,105.9340,106.3330,103.3820,104.2220
2024-02-12 20:00:00,104.2210,108.9940,103.8070,108.8340
2024-02-13 00:00:00,108.8340,111.4480,107.5820,109.8350
2024-02-13 04:00:00,109.8390,112.3330,109.7060,111.7370
2024-02-13 08:00:00,111.7370,115.1470,111.7370,113.1090
2024-02-13 12:00:00,113.1100,114.6940,113.0670,114.0870
2024-02-13 16:00:00,114.0880,115.3330,112.9110,114.1850
2024-02-13 20:00:00,114.1860,114.2800,108.5710,110.3900
2024-02-14 00:00:00,110.3840,112.3990,108.3010,111.5690
2024-02-14 04:00:00,111.5690,113.8290,111.5200,112.5390
2024-02-14 08:00:00,112.5390,112.6070,110.7130,111.9260
2024-02-14 12:00:00,111.9260,113.3900,111.2670,113.0990
2024-02-14 16:00:00,113.0980,116.4380,112.8000,115.7520
2024-02-14 20:00:00,115.7530,118.8370,115.1000,117.0060
2024-02-15 00:00:00,117.0070,117.1620,115.1080,116.2120
2024-02-15 04:00:00,116.2150,117.3890,116.0400,117.0920
2024-02-15 08:00:00,117.0920,118.4900,116.0000,117.3430
2024-02-15 12:00:00,117.3430,117.3790,114.6020,115.1000
2024-02-15 16:00:00,115.1000,117.1240,114.8100,116.1630
2024-02-15 20:00:00,116.1570,117.4060,113.0000,114.1360
2024-02-16 00:00:00,114.1370,115.1190,113.0000,114.0790
2024-02-16 04:00:00,114.0790,114.4790,111.6000,113.5980
2024-02-16 08:00:00,113.5970,114.3620,112.2130,113.9390
2024-02-16 12:00:00,113.9390,114.0900,111.5000,111.5600
2024-02-16 16:00:00,111.5610,112.7810,110.0120,112.1780
2024-02-16 20:00:00,112.1750,113.2490,108.0000,109.7300
2024-02-17 00:00:00,109.7300,110.4820,108.2560,108.7240
2024-02-17 04:00:00,108.7240,110.8000,108.4040,110.3920
2024-02-17 08:00:00,110.3930,111.1630,109.2060,110.0110
2024-02-17 12:00:00,110.0120,110.5440,108.7120,110.4030
2024-02-17 16:00:00,110.4040,110.9440,108.4180,109.4650
2024-02-17 20:00:00,109.4660,109.6640,105.5510,107.2670
2024-02-18 00:00:00,107.2670,108.1750,106.5360,108.0880
2024-02-18 04:00:00,108.0880,109.7480,107.8260,109.0080
2024-02-18 08:00:00,109.0090,109.8800,107.5020,108.4320
2024-02-18 12:00:00,108.4410,109.7770,108.0850,109.3120
2024-02-18 16:00:00,109.3110,113.1520,108.8900,111.8340
2024-02-18 20:00:00,111.8340,112.6070,110.7540,112.4240
2024-02-19 00:00:00,112.4230,114.1770,111.7820,112.8320
2024-02-19 04:00:00,112.8320,113.7460,111.8670,112.3450
2024-02-19 08:00:00,112.3440,113.0190,111.2730,111.7640
2024-02-19 12:00:00,111.7650,113.7370,111.2040,113.2880
2024-02-19 16:00:00,113.2890,113.4460,110.7850,112.7360
2024-02-19 20:00:00,112.7390,115.0220,111.7500,113.7800
2024-02-20 00:00:00,113.7810,114.2570,111.5500,112.0320
2024-02-20 04:00:00,112.0320,113.1810,111.1670,111.6580
2024-02-20 08:00:00,111.6570,112.2420,109.0470,109.5750
2024-02-20 12:00:00,109.5760,111.1850,109.0760,109.5200
2024-02-20 16:00:00,109.5210,110.9790,108.1000,110.4810
2024-02-20 20:00:00,110.4800,110.8990,102.6250,106.6480
2024-02-21 00:00:00,106.6490,107.6720,104.7310,107.3840
2024-02-21 04:00:00,107.3840,109.7930,106.7580,108.4180
2024-02-21 08:00:00,108.4170,108.5000,106.5000,106.7270
2024-02-21 12:00:00,106.7270,107.1570,104.4560,104.9390
2024-02-21 16:00:00,104.9390,105.6850,102.3300,102.8200
2024-02-21 20:00:00,102.8200,104.4440,101.0520,103.9040
2024-02-22 00:00:00,103.9040,104.5820,100.2550,102.1020
2024-02-22 04:00:00,102.1020,105.8020,101.4700,105.1130
2024-02-22 08:00:00,105.1170,105.1610,102.1220,103.6560
2024-02-22 12:00:00,103.6560,105.5000,103.2530,105.1600
2024-02-22 16:00:00,105.1600,107.1640,104.9000,105.9080
2024-02-22 20:00:00,105.9080,106.2400,103.2360,105.4690
2024-02-23 00:00:00,105.4700,105.5400,103.3880,103.6510
2024-02-23 04:00:00,103.6500,105.4480,101.5550,101.8050
2024-02-23 08:00:00,101.8040,102.9560,101.0640,101.9340
2024-02-23 12:00:00,101.9340,103.2000,101.4580,102.0460
2024-02-23 16:00:00,102.0460,103.1050,101.2500,102.7500
2024-02-23 20:00:00,102.7500,102.9900,100.2600,100.3560
2024-02-24 00:00:00,100.3560,101.8010,98.6740,101.4840
2024-02-24 04:00:00,101.4850,101.8490,98.9000,99.9730
2024-02-24 08:00:00,99.9730,100.8680,98.5000,100.2800
2024-02-24 12:00:00,100.2800,102.3540,100.2480,102.3130
2024-02-24 16:00:00,102.3130,102.8880,101.6230,102.2240
2024-02-24 20:00:00,102.2240,102.6850,101.7860,102.0380
2024-02-25 00:00:00,102.0390,104.2880,101.9820,104.1450
2024-02-25 04:00:00,104.1440,104.9300,103.7680,104.1140
2024-02-25 08:00:00,104.1130,104.5540,102.2270,103.4830
2024-02-25 12:00:00,103.4860,103.7950,102.7560,103.1000
2024-02-25 16:00:00,103.1000,103.2000,102.0330,102.8830
2024-02-25 20:00:00,102.8830,103.9600,102.3720,102.8510
2024-02-26 00:00:00,102.8510,103.8240,102.2230,103.4790
2024-02-26 04:00:00,103.4780,104.5040,103.1020,103.5690
2024-02-26 08:00:00,103.5700,105.2000,102.3700,103.5880
2024-02-26 12:00:00,103.5890,104.3870,103.0230,103.3920
2024-02-26 16:00:00,103.3910,104.2980,100.6210,101.0540
2024-02-26 20:00:00,101.0540,105.1830,100.3500,105.0870
2024-02-27 00:00:00,105.0840,110.5060,104.6260,109.8060
2024-02-27 04:00:00,109.8050,110.9690,108.5000,110.0340
2024-02-27 08:00:00,110.0330,112.5100,109.3090,110.3990
2024-02-27 12:00:00,110.3990,111.5820,109.2030,110.4790
2024-02-27 16:00:00,110.4800,112.2990,110.4800,111.6580
2024-02-27 20:00:00,111.6570,111.9370,106.1500,106.8850
2024-02-28 00:00:00,106.8880,108.5410,105.3600,108.4950
2024-02-28 04:00:00,108.4840,109.4550,107.6070,108.4500
2024-02-28 08:00:00,108.4510,109.4000,107.3160,107.6690
2024-02-28 12:00:00,107.6700,110.2670,107.6160,110.2000
2024-02-28 16:00:00,110.2000,115.3330,109.2750,111.5760
2024-02-28 20:00:00,111.5760,113.4960,110.5210,113.1780
2024-02-29 00:00:00,113.1780,117.2750,104.6000,111.4580
2024-02-29 04:00:00,111.4590,119.4970,110.2100,119.4250
2024-02-29 08:00:00,119.4210,124.6570,117.3780,123.6950
2024-02-29 12:00:00,123.6960,126.3060,122.2760,125.6740
2024-02-29 16:00:00,125.6750,133.2090,125.3580,129.3830
2024-02-29 20:00:00,129.3790,134.8350,127.0190,132.4540
2024-03-01 00:00:00,132.4550,133.2510,126.5270,130.3770
2024-03-01 04:00:00,130.3760,132.1140,122.6180,125.7690
2024-03-01 08:00:00,125.7700,137.4150,125.6400,134.1140
2024-03-01 12:00:00,134.1130,137.9960,131.7200,132.0660
2024-03-01 16:00:00,132.0670,135.6900,130.8550,135.5740
2024-03-01 20:00:00,135.5740,135.5750,130.2950,131.3710
2024-03-02 00:00:00,131.3710,133.6960,129.5000,131.1090
2024-03-02 04:00:00,131.1240,131.9970,129.2840,129.4560
2024-03-02 08:00:00,129.4670,131.9360,127.3620,130.2590
2024-03-02 12:00:00,130.2710,130.9560,127.8610,129.2920
2024-03-02 16:00:00,129.2920,130.8200,127.3870,128.8850
2024-03-02 20:00:00,128.8850,130.6000,127.2000,128.0330
2024-03-03 00:00:00,128.0340,130.9600,127.6000,130.8060
2024-03-03 04:00:00,130.8100,131.5790,128.3330,130.1840
2024-03-03 08:00:00,130.1840,130.9500,128.3500,130.3260
2024-03-03 12:00:00,130.3260,130.7800,123.0530,126.8220
2024-03-03 16:00:00,126.8260,131.5030,125.2000,128.8500
2024-03-03 20:00:00,128.8450,129.8230,127.6190,129.4510
2024-03-04 00:00:00,129.4520,131.3690,128.8920,130.3170
2024-03-04 04:00:00,130.3170,132.3860,129.5280,130.3040
2024-03-04 08:00:00,130.3040,133.3120,128.5520,129.1210
2024-03-04 12:00:00,129.1210,130.0500,128.6370,129.7390
2024-03-04 16:00:00,129.7390,135.2190,129.6200,132.7730
2024-03-04 20:00:00,132.7680,133.9240,129.2650,131.8850
2024-03-05 00:00:00,131.8880,132.2150,127.3000,129.7100
2024-03-05 04:00:00,129.7200,133.6000,128.2500,133.4500
2024-03-05 08:00:00,133.4450,133.5540,129.1170,130.3100
2024-03-05 12:00:00,130.3090,133.1120,127.5750,129.6000
2024-03-05 16:00:00,129.6010,132.5000,129.1060,130.9070
2024-03-05 20:00:00,130.9070,143.1430,130.9070,139.3710
2024-03-06 00:00:00,139.3780,140.8320,103.9900,119.4170
2024-03-06 04:00:00,119.4000,127.4480,116.0090,125.3580
2024-03-06 08:00:00,125.3590,126.9220,120.0900,122.4700
2024-03-06 12:00:00,122.4700,133.4440,122.4340,133.3200
2024-03-06 16:00:00,133.3220,135.1210,129.2800,132.0150
2024-03-06 20:00:00,132.0290,132.3330,125.3000,128.3300
2024-03-07 00:00:00,128.3340,132.3040,128.1030,130.9370
2024-03-07 04:00:00,130.9380,132.5610,130.1660,130.9160
2024-03-07 08:00:00,130.9160,141.9670,130.6060,138.3850
2024-03-07 12:00:00,138.3690,140.2380,136.2220,138.3570
2024-03-07 16:00:00,138.3670,144.7060,138.1760,140.4200
2024-03-07 20:00:00,140.4190,149.4770,139.1590,146.0600
2024-03-08 00:00:00,146.0640,149.6310,145.3710,148.9120
2024-03-08 04:00:00,148.9130,149.1560,143.6260,143.9970
2024-03-08 08:00:00,143.9990,146.7220,143.1010,144.4550
2024-03-08 12:00:00,144.4630,145.7090,142.1360,144.6190
2024-03-08 16:00:00,144.6200,149.4900,144.4780,149.1300
2024-03-08 20:00:00,149.1300,152.9000,141.5000,145.5490
2024-03-09 00:00:00,145.5360,150.9380,142.1760,147.9930
2024-03-09 04:00:00,147.9920,149.3190,143.4850,144.8790
2024-03-09 08:00:00,144.8800,147.1600,144.5800,145.8610
2024-03-09 12:00:00,145.8610,149.3080,145.4500,148.4570
2024-03-09 16:00:00,148.4580,148.8890,145.1350,146.9660
2024-03-09 20:00:00,146.9670,147.4270,145.1310,147.1580
2024-03-10 00:00:00,147.1480,147.4100,143.5030,145.4550
2024-03-10 04:00:00,145.4550,146.8790,144.1230,144.4240
2024-03-10 08:00:00,144.4300,148.5800,143.8680,146.8830
2024-03-10 12:00:00,146.8830,148.7000,146.7500,148.4590
2024-03-10 16:00:00,148.4590,148.7000,144.9070,145.5450
2024-03-10 20:00:00,145.5450,145.9980,141.2970,143.0240
2024-03-11 00:00:00,143.0240,145.4810,142.8730,145.2320
2024-03-11 04:00:00,145.2310,145.4070,140.5000,144.4970
2024-03-11 08:00:00,144.5010,144.6450,136.3710,141.3010
2024-03-11 12:00:00,141.2870,148.7500,139.6140,148.2370
2024-03-11 16:00:00,148.2600,150.6120,147.4000,148.4410
2024-03-11 20:00:00,148.4560,150.3330,145.5000,147.2000
2024-03-12 00:00:00,147.2000,148.5650,145.8900,146.8530
2024-03-12 04:00:00,146.8520,149.5000,146.6180,149.0620
2024-03-12 08:00:00,149.0620,155.3000,147.3110,151.1420
2024-03-12 12:00:00,151.1420,154.8000,149.5000,152.0350
2024-03-12 16:00:00,152.0350,153.3700,148.2010,150.6100
2024-03-12 20:00:00,150.6090,152.2940,147.2690,150.4290
2024-03-13 00:00:00,150.4440,151.1450,141.6000,150.0740
2024-03-13 04:00:00,150.0740,151.4860,147.1000,151.2010
2024-03-13 08:00:00,151.2020,151.8520,148.8890,149.4450
2024-03-13 12:00:00,149.4440,153.3150,148.9250,150.9110
2024-03-13 16:00:00,150.9110,154.9190,150.6740,153.9300
2024-03-13 20:00:00,153.9300,159.5910,149.9250,157.3610
2024-03-14 00:00:00,157.3660,162.0920,156.7380,161.5820
2024-03-14 04:00:00,161.5820,166.9670,159.6700,164.0550
2024-03-14 08:00:00,164.0550,169.4980,163.2390,167.5890
2024-03-14 12:00:00,167.5890,170.5000,165.3480,168.4440
2024-03-14 16:00:00,168.4610,174.5990,168.3000,173.3130
2024-03-14 20:00:00,173.3200,173.6630,164.3300,167.7590
2024-03-15 00:00:00,167.7610,170.4500,159.2880,162.6610
2024-03-15 04:00:00,162.6270,178.7000,162.2260,176.8510
2024-03-15 08:00:00,176.8520,187.0880,169.2270,176.2120
2024-03-15 12:00:00,176.1960,182.1810,171.3510,176.2530
2024-03-15 16:00:00,176.2560,177.4300,164.6750,170.1270
2024-03-15 20:00:00,170.1270,185.0000,168.2630,181.9630
2024-03-16 00:00:00,181.9820,189.2500,178.2690,183.4460
2024-03-16 04:00:00,183.4350,185.7140,175.3710,184.1550
2024-03-16 08:00:00,184.1560,189.3180,180.5620,187.7830
2024-03-16 12:00:00,187.7820,193.8230,185.3950,192.9700
2024-03-16 16:00:00,192.9690,198.2690,190.6550,192.7820
2024-03-16 20:00:00,192.7830,196.3980,188.0000,195.3010
2024-03-17 00:00:00,195.3000,195.9020,178.6320,180.2330
2024-03-17 04:00:00,180.2330,186.1320,176.9230,182.1840
2024-03-17 08:00:00,182.1820,189.5400,181.8610,186.6480
2024-03-17 12:00:00,186.6480,188.8900,178.6500,181.9420
2024-03-17 16:00:00,181.9420,193.9880,179.8270,192.1410
2024-03-17 20:00:00,192.1390,196.2600,188.5540,195.7430
2024-03-18 00:00:00,195.7420,198.4980,192.3380,195.8230
2024-03-18 04:00:00,195.8260,205.0000,195.6160,201.9620
2024-03-18 08:00:00,201.9600,205.7880,194.0290,204.1570
2024-03-18 12:00:00,204.1580,205.2000,200.0100,203.3370
2024-03-18 16:00:00,203.3420,210.4250,198.4000,208.2060
2024-03-18 20:00:00,208.2070,209.5960,198.5040,203.9100
2024-03-19 00:00:00,203.9110,206.5000,195.4300,198.4990
2024-03-19 04:00:00,198.5000,205.0000,195.5280,196.1430
2024-03-19 08:00:00,196.1430,198.8750,180.4380,184.3720
2024-03-19 12:00:00,184.3730,189.1610,179.2110,186.2360
2024-03-19 16:00:00,186.2350,186.2930,171.0000,177.9020
2024-03-19 20:00:00,177.9100,186.0440,174.7500,183.0790
2024-03-20 00:00:00,183.0710,186.4330,180.1000,181.5670
2024-03-20 04:00:00,181.5670,182.1180,166.1800,169.9170
2024-03-20 08:00:00,169.9160,177.1310,169.3280,169.9790
2024-03-20 12:00:00,169.9850,174.3140,162.4530,173.4180
2024-03-20 16:00:00,173.4180,175.4760,169.5060,172.1900
2024-03-20 20:00:00,172.1900,176.9610,170.0010,170.6740
2024-03-21 00:00:00,170.6720,184.7990,165.5500,182.7400
2024-03-21 04:00:00,182.7480,193.3900,181.8630,191.9160
2024-03-21 08:00:00,191.9070,195.9330,189.5000,190.4650
2024-03-21 12:00:00,190.4650,192.5240,184.6400,188.7510
2024-03-21 16:00:00,188.7500,191.8240,186.2940,189.2650
2024-03-21 20:00:00,189.2640,191.6470,183.8020,185.4310
2024-03-22 00:00:00,185.4310,188.2230,177.1200,178.0860
2024-03-22 04:00:00,178.0760,182.0800,176.0000,179.5350
2024-03-22 08:00:00,179.5350,182.0520,174.1490,179.2160
2024-03-22 12:00:00,179.2090,180.8960,177.6130,179.2090
2024-03-22 16:00:00,179.2080,180.3570,171.6660,172.2500
2024-03-22 20:00:00,172.2460,174.0980,167.7000,171.7460
2024-03-23 00:00:00,171.7470,173.7760,168.8390,172.9220
2024-03-23 04:00:00,172.9250,175.2840,168.1880,175.2570
2024-03-23 08:00:00,175.2570,178.2000,170.5550,172.0010
2024-03-23 12:00:00,172.0000,177.9980,171.5000,176.1240
2024-03-23 16:00:00,176.1250,177.2090,174.1720,175.9930
2024-03-23 20:00:00,175.9930,179.2630,174.5360,175.2620
2024-03-24 00:00:00,175.2610,176.9320,173.8360,174.9260
2024-03-24 04:00:00,174.9260,175.6330,172.5300,172.7250
2024-03-24 08:00:00,172.7260,177.7080,171.7630,171.8420
2024-03-24 12:00:00,171.8430,173.9150,171.3940,173.7610
2024-03-24 16:00:00,173.6830,176.3000,173.2700,174.9890
2024-03-24 20:00:00,174.9880,177.5000,174.6890,176.3610
2024-03-25 00:00:00,176.3500,177.0990,172.5190,176.2370
2024-03-25 04:00:00,176.2240,186.8870,175.5620,184.0190
2024-03-25 08:00:00,184.0180,185.6210,181.1330,184.9660
2024-03-25 12:00:00,184.9610,189.7970,183.8970,185.8890
2024-03-25 16:00:00,185.8880,191.9090,185.8070,188.0790
2024-03-25 20:00:00,188.0790,194.6990,186.5000,192.8930
2024-03-26 00:00:00,192.8920,194.6470,190.4610,192.3910
2024-03-26 04:00:00,192.3910,193.2000,188.5320,189.1810
2024-03-26 08:00:00,189.1650,192.1920,188.2040,191.7920
2024-03-26 12:00:00,191.7920,196.8080,191.4160,194.1430
2024-03-26 16:00:00,194.1440,196.4410,192.0870,194.9460
2024-03-26 20:00:00,194.9400,195.4960,189.6530,190.4940
2024-03-27 00:00:00,190.4950,191.7370,186.3000,188.4850
2024-03-27 04:00:00,188.4910,192.8060,188.4120,190.6230
2024-03-27 08:00:00,190.6210,193.0000,188.8280,190.2200
2024-03-27 12:00:00,190.2190,190.7360,186.1670,186.9610
2024-03-27 16:00:00,186.9610,188.8700,183.7200,188.6930
2024-03-27 20:00:00,188.6880,191.4000,181.0380,181.2340
2024-03-28 00:00:00,181.2350,184.2840,180.2900,182.8370
2024-03-28 04:00:00,182.8380,187.2040,182.7370,186.4480
2024-03-28 08:00:00,186.4470,188.1910,181.0250,182.3150
2024-03-28 12:00:00,182.3170,187.9360,182.1120,187.4950
2024-03-28 16:00:00,187.4970,188.6690,184.8190,185.5630
2024-03-28 20:00:00,185.5730,189.6890,182.8000,187.5140
2024-03-29 00:00:00,187.5140,187.5710,184.6500,186.4650
2024-03-29 04:00:00,186.4660,191.1800,186.3350,189.8520
2024-03-29 08:00:00,189.8560,190.9810,187.7780,188.5130
2024-03-29 12:00:00,188.5120,189.3770,183.5470,183.8510
2024-03-29 16:00:00,183.8510,186.6340,183.6000,185.9690
2024-03-29 20:00:00,185.9690,190.0980,184.2270,185.0790
2024-03-30 00:00:00,185.0840,187.9440,184.5670,187.9100
2024-03-30 04:00:00,187.8950,193.2460,187.5000,192.2000
2024-03-30 08:00:00,192.2000,194.8500,190.8610,192.9520
2024-03-30 12:00:00,192.9520,200.4000,192.7380,195.9710
2024-03-30 16:00:00,195.9790,200.0000,192.8380,197.9740
2024-03-30 20:00:00,197.9740,198.7030,195.2840,196.5430
2024-03-31 00:00:00,196.5430,198.1840,193.5610,195.6100
2024-03-31 04:00:00,195.6090,196.8820,193.5000,194.3510
2024-03-31 08:00:00,194.3510,197.4930,193.8340,194.4570
2024-03-31 12:00:00,194.4570,197.6400,194.1520,196.9750
2024-03-31 16:00:00,196.9790,197.4390,195.6330,196.0670
2024-03-31 20:00:00,196.0670,197.8920,195.6370,195.8650
2024-04-01 00:00:00,195.8720,201.4670,195.6940,200.5960
2024-04-01 04:00:00,200.5960,203.4590,198.7020,202.6780
2024-04-01 08:00:00,202.6850,204.7550,201.0300,202.8240
2024-04-01 12:00:00,202.8240,203.7900,193.0000,198.1180
2024-04-01 16:00:00,198.1180,198.1870,194.7000,195.3510
2024-04-01 20:00:00,195.3490,197.9440,186.7110,188.2170
2024-04-02 00:00:00,188.2200,193.6800,187.5170,193.4350
2024-04-02 04:00:00,193.4360,194.1870,191.9010,192.3550
2024-04-02 08:00:00,192.3550,192.4150,181.6000,183.7660
2024-04-02 12:00:00,183.7650,186.3780,181.1060,183.2710
2024-04-02 16:00:00,183.2720,184.0200,177.6100,180.0240
2024-04-02 20:00:00,180.0190,182.3390,176.0110,177.5590
2024-04-03 00:00:00,177.5600,186.9370,176.9640,185.7730
2024-04-03 04:00:00,185.7610,186.5750,180.8040,181.6790
2024-04-03 08:00:00,181.6710,189.0610,177.0120,188.5630
2024-04-03 12:00:00,188.5450,191.9760,187.0580,189.6500
2024-04-03 16:00:00,189.6510,191.8320,186.4680,187.8800
2024-04-03 20:00:00,187.8800,191.3380,186.0000,189.1500
2024-04-04 00:00:00,189.1540,191.2790,184.2070,185.7750
2024-04-04 04:00:00,185.7730,186.6630,182.2000,185.1730
2024-04-04 08:00:00,185.1790,187.5190,181.2000,181.6210
2024-04-04 12:00:00,181.6200,185.8880,180.3300,185.0580
2024-04-04 16:00:00,185.0580,186.4760,184.5110,185.7030
2024-04-04 20:00:00,185.7040,189.6920,185.4780,187.1750
2024-04-05 00:00:00,187.1760,190.2950,185.5510,185.7930
2024-04-05 04:00:00,185.7920,185.9800,181.0880,184.1230
2024-04-05 08:00:00,184.1240,185.3240,177.6860,179.5250
2024-04-05 12:00:00,179.5260,180.5000,173.1000,175.1880
2024-04-05 16:00:00,175.1890,177.2700,169.0620,169.8380
2024-04-05 20:00:00,169.8370,177.3940,168.1000,175.9370
2024-04-06 00:00:00,175.9380,176.9800,172.4750,175.4590
2024-04-06 04:00:00,175.4600,176.8550,174.1510,174.4500
2024-04-06 08:00:00,174.4510,176.6390,173.6000,176.0010
2024-04-06 12:00:00,176.0010,178.3330,174.9210,177.3190
2024-04-06 16:00:00,177.3190,178.6160,175.3820,175.7940
2024-04-06 20:00:00,175.7800,177.3900,173.8500,177.2230
2024-04-07 00:00:00,177.2300,179.4390,176.5000,177.4520
2024-04-07 04:00:00,177.4510,180.0000,176.7900,178.7680
2024-04-07 08:00:00,178.7690,182.7890,177.3170,180.7390
2024-04-07 12:00:00,180.7400,181.5230,179.0050,179.8450
2024-04-07 16:00:00,179.8450,181.0320,178.6000,180.7970
2024-04-07 20:00:00,180.7980,182.2910,179.5500,179.7500
2024-04-08 00:00:00,179.7490,182.7500,177.7200,178.3900
2024-04-08 04:00:00,178.3910,180.2450,176.9580,179.6150
2024-04-08 08:00:00,179.6150,179.6670,175.4010,176.5560
2024-04-08 12:00:00,176.5550,181.2560,175.8830,180.2830
2024-04-08 16:00:00,180.2840,184.7990,179.8180,182.8910
2024-04-08 20:00:00,182.8910,183.7630,179.4380,181.5340
2024-04-09 00:00:00,181.5330,182.2580,178.5700,179.4850
2024-04-09 04:00:00,179.4850,181.5660,179.2700,180.8220
2024-04-09 08:00:00,180.8210,181.0840,177.0020,177.6000
2024-04-09 12:00:00,177.6000,178.7490,175.0800,175.7630
2024-04-09 16:00:00,175.7620,176.5620,173.4000,176.3710
2024-04-09 20:00:00,176.3700,176.7000,169.0800,172.5290
2024-04-10 00:00:00,172.5300,177.8500,171.8530,174.4620
2024-04-10 04:00:00,174.4560,176.1880,172.2720,172.5580
2024-04-10 08:00:00,172.5580,173.2530,169.3110,171.5110
2024-04-10 12:00:00,171.5110,173.8000,171.0370,172.9010
2024-04-10 16:00:00,172.9020,172.9220,168.3000,170.3200
2024-04-10 20:00:00,170.3200,170.8100,162.2900,168.0480
2024-04-11 00:00:00,168.0470,173.2560,167.0280,171.4830
2024-04-11 04:00:00,171.4830,175.6110,170.3240,173.4380
2024-04-11 08:00:00,173.4380,173.5400,171.2100,172.8930
2024-04-11 12:00:00,172.8940,176.1580,171.7690,174.6130
2024-04-11 16:00:00,174.6130,175.5970,170.3000,170.6740
2024-04-11 20:00:00,170.6810,175.5000,170.1710,173.5480
2024-04-12 00:00:00,173.5470,176.4800,172.0860,174.7710
2024-04-12 04:00:00,174.7780,175.8880,172.0270,172.4970
2024-04-12 08:00:00,172.4960,174.4900,172.4680,174.1840
2024-04-12 12:00:00,174.1850,176.1200,173.0640,173.4000
2024-04-12 16:00:00,173.4000,173.7990,171.5400,172.7740
2024-04-12 20:00:00,172.7740,172.8210,166.7000,167.4600
2024-04-13 00:00:00,167.4610,167.9430,140.0000,149.2350
2024-04-13 04:00:00,149.2420,154.4280,148.7500,153.1620
2024-04-13 08:00:00,153.1570,153.4830,145.4800,151.7990
2024-04-13 12:00:00,151.8000,154.9870,150.6230,151.0940
2024-04-13 16:00:00,151.0950,153.4790,149.5080,151.3310
2024-04-13 20:00:00,151.3300,153.0890,148.3680,149.0050
2024-04-14 00:00:00,149.0090,149.6630,126.2000,133.7100
2024-04-14 04:00:00,133.7100,143.6530,112.9170,138.4670
2024-04-14 08:00:00,138.4670,140.9480,130.4450,134.9060
2024-04-14 12:00:00,134.9070,144.5220,133.8550,144.0190
2024-04-14 16:00:00,144.0040,145.5190,138.1900,138.7940
2024-04-14 20:00:00,138.7910,143.3600,135.4720,137.9500
2024-04-15 00:00:00,137.9480,143.1450,133.3900,141.7040
2024-04-15 04:00:00,141.7050,152.8620,139.7700,151.1870
2024-04-15 08:00:00,151.1860,151.2170,146.3340,148.0310
2024-04-15 12:00:00,148.0480,156.0480,146.0010,153.6940
2024-04-15 16:00:00,153.6940,154.9500,150.7430,150.9280
2024-04-15 20:00:00,150.9270,152.1930,141.1200,143.2350
2024-04-16 00:00:00,143.2340,144.4970,133.5500,137.8100
2024-04-16 04:00:00,137.8190,140.1300,135.2600,138.4420
2024-04-16 08:00:00,138.4420,140.5120,133.5340,134.5240
2024-04-16 12:00:00,134.5180,138.8130,129.9140,137.7970
2024-04-16 16:00:00,137.7960,137.9920,129.6310,136.1000
2024-04-16 20:00:00,136.1000,136.1000,127.4200,127.5730
2024-04-17 00:00:00,127.5640,135.2890,126.3920,132.1080
2024-04-17 04:00:00,132.0970,137.8790,131.5750,136.1830
2024-04-17 08:00:00,136.1840,138.1950,134.7080,137.3310
2024-04-17 12:00:00,137.3320,142.6220,136.5880,139.3450
2024-04-17 16:00:00,139.4010,140.1860,133.9460,134.2500
2024-04-17 20:00:00,134.2500,134.9850,127.5030,128.6650
2024-04-18 00:00:00,128.6710,137.8990,126.8120,134.5450
2024-04-18 04:00:00,134.5440,137.9600,131.5050,131.7810
2024-04-18 08:00:00,131.7820,136.6480,129.5900,135.5100
2024-04-18 12:00:00,135.5090,136.8080,128.9480,129.3620
2024-04-18 16:00:00,129.3620,137.0000,127.5140,135.7210
2024-04-18 20:00:00,135.7210,141.4810,131.8700,138.9300
2024-04-19 00:00:00,138.9300,141.4420,135.5560,140.2160
2024-04-19 04:00:00,140.2130,143.8800,139.4670,141.9570
2024-04-19 08:00:00,141.9580,141.9670,128.4010,136.4310
2024-04-19 12:00:00,136.4300,146.8090,136.1050,143.2360
2024-04-19 16:00:00,143.2590,145.8790,142.2680,144.3500
2024-04-19 20:00:00,144.3500,147.4910,141.6220,146.1150
2024-04-20 00:00:00,146.1150,147.3940,143.6040,145.4350
2024-04-20 04:00:00,145.4380,145.7130,140.0030,142.4440
2024-04-20 08:00:00,142.4450,143.5280,139.6010,142.3490
2024-04-20 12:00:00,142.3520,144.9500,141.5090,143.4520
2024-04-20 16:00:00,143.4520,143.5000,140.0000,141.4620
2024-04-20 20:00:00,141.4670,147.4450,140.8770,147.1110
2024-04-21 00:00:00,147.1110,151.7990,146.2050,151.1420
2024-04-21 04:00:00,151.1420,152.3980,149.0290,151.1550
2024-04-21 08:00:00,151.1540,153.4520,148.0030,150.5390
2024-04-21 12:00:00,150.5390,151.6690,149.7900,151.0370
2024-04-21 16:00:00,151.0370,152.6950,149.5170,151.3900
2024-04-21 20:00:00,151.3910,151.6820,148.3750,150.1000
2024-04-22 00:00:00,150.1000,150.3000,146.7000,147.9340
2024-04-22 04:00:00,147.9330,150.8000,147.3950,148.7340
2024-04-22 08:00:00,148.7330,151.5000,146.5440,150.2700
2024-04-22 12:00:00,150.2710,156.5710,149.8810,153.5610
2024-04-22 16:00:00,153.5640,154.5490,152.2020,153.1890
2024-04-22 20:00:00,153.1890,154.9000,151.4530,153.3720
2024-04-23 00:00:00,153.3720,156.1200,152.3100,154.4730
2024-04-23 04:00:00,154.4720,158.4310,154.0270,156.8810
2024-04-23 08:00:00,156.8810,159.2220,155.3270,155.4030
2024-04-23 12:00:00,155.4090,156.7130,152.9760,153.5520
2024-04-23 16:00:00,153.5530,155.4830,153.0510,153.9890
2024-04-23 20:00:00,153.9890,159.7470,153.4680,157.8610
2024-04-24 00:00:00,157.8700,159.9870,157.0120,157.4110
2024-04-24 04:00:00,157.4190,157.6990,154.5030,154.7230
2024-04-24 08:00:00,154.7220,158.8180,154.3330,156.6500
2024-04-24 12:00:00,156.6500,159.7000,156.1700,157.7390
2024-04-24 16:00:00,157.7390,159.3590,156.3760,159.2690
2024-04-24 20:00:00,159.2680,159.6180,151.0080,151.4850
2024-04-25 00:00:00,151.4840,153.7690,147.3880,149.7750
2024-04-25 04:00:00,149.7670,150.4440,145.5200,147.7010
2024-04-25 08:00:00,147.7000,149.5250,144.6110,145.9650
2024-04-25 12:00:00,145.9660,148.4600,144.6400,146.2290
2024-04-25 16:00:00,146.2300,147.5000,143.0800,144.7490
2024-04-25 20:00:00,144.7480,148.3390,142.0410,147.7040
2024-04-26 00:00:00,147.7000,149.3310,146.4510,146.8210
2024-04-26 04:00:00,146.8200,148.9040,144.6180,144.7860
2024-04-26 08:00:00,144.7860,145.0670,141.3630,143.2130
2024-04-26 12:00:00,143.2130,144.7770,142.3000,143.4030
2024-04-26 16:00:00,143.4030,144.5780,142.1910,143.0910
2024-04-26 20:00:00,143.0900,146.1200,141.0420,142.6550
2024-04-27 00:00:00,142.6550,144.1880,141.6010,142.6360
2024-04-27 04:00:00,142.6360,143.7710,138.4560,139.2020
2024-04-27 08:00:00,139.2020,140.2010,132.3850,136.1910
2024-04-27 12:00:00,136.1910,137.1500,135.4530,136.0960
2024-04-27 16:00:00,136.1030,136.7460,135.2100,135.8580
2024-04-27 20:00:00,135.8570,139.7480,135.6350,137.6730
2024-04-28 00:00:00,137.6720,142.4200,137.4000,142.2320
2024-04-28 04:00:00,142.2330,142.9650,139.8330,141.2420
2024-04-28 08:00:00,141.2450,144.6790,140.7120,143.7520
2024-04-28 12:00:00,143.7530,144.3740,142.8190,143.5010
2024-04-28 16:00:00,143.5020,143.8780,140.8220,141.1680
2024-04-28 20:00:00,141.1690,142.8930,141.0630,141.9340
2024-04-29 00:00:00,141.9350,143.9320,141.7000,142.0230
2024-04-29 04:00:00,142.0230,142.2990,136.9560,137.9220
2024-04-29 08:00:00,137.9220,138.8850,134.2170,134.9080
2024-04-29 12:00:00,134.9080,136.7410,133.8580,134.9040
2024-04-29 16:00:00,134.9050,136.6600,133.6010,134.6270
2024-04-29 20:00:00,134.6240,137.5000,133.8710,136.4480
2024-04-30 00:00:00,136.4490,136.6170,133.2120,134.9350
2024-04-30 04:00:00,134.9340,138.6370,133.9530,137.7250
2024-04-30 08:00:00,137.7260,139.7210,134.8580,136.4490
2024-04-30 12:00:00,136.4500,136.7240,134.5500,135.0310
2024-04-30 16:00:00,135.0310,135.4920,128.1780,128.7300
2024-04-30 20:00:00,128.7300,130.3070,126.6300,127.7070
2024-05-01 00:00:00,127.7070,127.7100,121.0490,123.0140
2024-05-01 04:00:00,123.0050,128.7630,122.9760,126.6850
2024-05-01 08:00:00,126.6850,127.4820,123.6910,126.1580
2024-05-01 12:00:00,126.1580,126.7870,118.2650,120.5470
2024-05-01 16:00:00,120.5480,123.0560,118.7660,122.9850
2024-05-01 20:00:00,122.9840,125.0270,121.3770,123.3280
2024-05-02 00:00:00,123.3240,135.9430,122.5830,129.6520
2024-05-02 04:00:00,129.6810,135.1690,128.7060,134.5410
2024-05-02 08:00:00,134.5420,134.9000,128.5530,129.9910
2024-05-02 12:00:00,129.9910,132.9500,128.2270,131.3070
2024-05-02 16:00:00,131.3070,139.2870,131.0030,138.6250
2024-05-02 20:00:00,138.6250,140.4350,134.9670,139.0190
2024-05-03 00:00:00,139.0240,139.7980,136.8770,138.0130
2024-05-03 04:00:00,138.0130,140.9520,135.5000,137.5380
2024-05-03 08:00:00,137.5370,141.7320,136.6690,140.9440
2024-05-03 12:00:00,140.9420,141.4860,136.6830,137.1870
2024-05-03 16:00:00,137.1860,139.1510,135.8400,136.8420
2024-05-03 20:00:00,136.8430,143.9760,136.3960,142.0000
2024-05-04 00:00:00,142.0000,143.1450,141.0010,142.6800
2024-05-04 04:00:00,142.6800,144.9680,142.3710,143.6070
2024-05-04 08:00:00,143.6070,145.0000,142.1480,144.1480
2024-05-04 12:00:00,144.1490,146.3610,143.6280,143.8990
2024-05-04 16:00:00,143.8990,149.0800,143.8360,146.4380
2024-05-04 20:00:00,146.4540,148.1840,145.5000,146.1000
2024-05-05 00:00:00,146.1000,147.4980,145.2030,147.3510
2024-05-05 04:00:00,147.3510,147.8460,145.7340,146.0070
2024-05-05 08:00:00,146.0080,147.1970,143.1500,144.5800
2024-05-05 12:00:00,144.5790,145.9570,144.0860,145.5800
2024-05-05 16:00:00,145.5810,146.7080,145.0230,146.5650
2024-05-05 20:00:00,146.5660,147.9760,145.3000,147.4020
2024-05-06 00:00:00,147.4020,147.7790,145.5510,145.9930
2024-05-06 04:00:00,145.9940,146.0680,144.6010,145.6730
2024-05-06 08:00:00,145.6730,148.0770,145.3160,146.1930
2024-05-06 12:00:00,146.1930,149.3100,145.8620,148.6390
2024-05-06 16:00:00,148.6400,156.8500,148.6400,153.9450
2024-05-06 20:00:00,153.9440,156.3700,149.5030,153.7870
2024-05-07 00:00:00,153.7860,154.1700,150.7400,153.4460
2024-05-07 04:00:00,153.4550,155.6800,152.4400,152.7840
2024-05-07 08:00:00,152.7790,157.9750,151.7290,153.7880
2024-05-07 12:00:00,153.7870,156.1990,153.0020,155.0710
2024-05-07 16:00:00,155.0700,159.1940,154.7500,154.9080
2024-05-07 20:00:00,154.9070,157.0000,152.0830,154.6130
2024-05-08 00:00:00,154.6130,155.4270,150.7600,151.1470
2024-05-08 04:00:00,151.1430,152.3920,147.5250,148.0110
2024-05-08 08:00:00,148.0120,149.8850,147.1000,149.4700
2024-05-08 12:00:00,149.4710,149.8490,145.7410,146.4060
2024-05-08 16:00:00,146.4050,146.9770,144.7530,145.3480
2024-05-08 20:00:00,145.3490,148.8680,144.2720,145.8180
2024-05-09 00:00:00,145.8190,149.0250,144.5550,145.4290
2024-05-09 04:00:00,145.4430,145.8740,139.8920,142.1180
2024-05-09 08:00:00,142.1190,144.8390,141.8580,144.0570
2024-05-09 12:00:00,144.0570,145.7720,142.3870,143.2280
2024-05-09 16:00:00,143.2290,143.9660,140.5350,142.7540
2024-05-09 20:00:00,142.7550,147.8000,141.5500,146.4010
2024-05-10 00:00:00,146.4000,150.9130,145.6660,150.7730
2024-05-10 04:00:00,150.7770,153.3600,149.1650,152.4590
2024-05-10 08:00:00,152.4600,154.5690,151.2560,153.8490
2024-05-10 12:00:00,153.8490,155.7000,152.2130,154.2680
2024-05-10 16:00:00,154.2690,155.1580,152.8700,154.9580
2024-05-10 20:00:00,154.9580,155.3000,145.5330,146.8520
2024-05-11 00:00:00,146.8530,148.6290,145.0000,147.0910
2024-05-11 04:00:00,147.0860,148.0240,144.1770,145.9660
2024-05-11 08:00:00,145.9660,147.6570,143.2000,143.6190
2024-05-11 12:00:00,143.6280,146.3720,143.4770,145.6890
2024-05-11 16:00:00,145.6890,145.7700,143.0680,144.1970
2024-05-11 20:00:00,144.1960,147.0010,143.8010,145.5660
2024-05-12 00:00:00,145.5680,146.6440,144.7820,146.3680
2024-05-12 04:00:00,146.3670,146.4760,145.0130,145.3550
2024-05-12 08:00:00,145.3550,146.9210,145.1540,146.3260
2024-05-12 12:00:00,146.3260,147.7550,143.6110,144.1380
2024-05-12 16:00:00,144.1380,146.3160,143.7290,145.0000
2024-05-12 20:00:00,145.0000,145.6620,143.9320,145.1440
2024-05-13 00:00:00,145.1440,146.3640,144.2500,144.9000
2024-05-13 04:00:00,144.8990,145.2070,142.1980,143.3640
2024-05-13 08:00:00,143.3640,145.8500,138.2300,140.1060
2024-05-13 12:00:00,140.1070,144.0550,137.7800,143.4880
2024-05-13 16:00:00,143.4880,147.4440,143.4590,145.5630
2024-05-13 20:00:00,145.5630,148.2890,144.7500,147.2070
2024-05-14 00:00:00,147.2070,150.7800,145.7380,148.7220
2024-05-14 04:00:00,148.7200,149.5350,146.7060,147.4960
2024-05-14 08:00:00,147.4950,148.2650,145.5950,146.2750
2024-05-14 12:00:00,146.2750,149.0360,143.5850,146.4910
2024-05-14 16:00:00,146.4980,147.4650,145.3000,146.5250
2024-05-14 20:00:00,146.5240,148.3890,141.8100,142.8650
2024-05-15 00:00:00,142.8640,144.7060,141.7620,143.7190
2024-05-15 04:00:00,143.7180,143.8460,141.8200,141.9630
2024-05-15 08:00:00,141.9640,144.1240,141.1000,143.8970
2024-05-15 12:00:00,143.8960,144.5310,143.0710,144.1980
2024-05-15 16:00:00,144.1970,146.0510,143.0210,144.1010
2024-05-15 20:00:00,144.1000,154.0400,143.5510,151.5620
2024-05-16 00:00:00,151.5620,154.9820,150.8490,154.8330
2024-05-16 04:00:00,154.8460,158.7410,154.0960,158.4230
2024-05-16 08:00:00,158.4240,163.8020,157.9990,163.0530
2024-05-16 12:00:00,163.0520,163.5350,161.2640,162.6830
2024-05-16 16:00:00,162.6820,164.7690,161.7030,163.6620
2024-05-16 20:00:00,163.6590,163.6980,157.5010,160.4110
2024-05-17 00:00:00,160.4110,160.5450,156.4000,159.0070
2024-05-17 04:00:00,159.0070,159.5000,157.3370,159.3030
2024-05-17 08:00:00,159.3020,162.8790,159.2510,162.1230
2024-05-17 12:00:00,162.1200,169.8260,160.8920,169.0790
2024-05-17 16:00:00,169.0930,170.0000,167.0730,167.4100
2024-05-17 20:00:00,167.4080,170.9290,165.6030,169.5850
2024-05-18 00:00:00,169.5850,172.0000,166.1110,168.8280
2024-05-18 04:00:00,168.8270,169.7850,167.2750,169.3510
2024-05-18 08:00:00,169.3520,174.4500,168.5340,173.1440
2024-05-18 12:00:00,173.1450,173.8580,172.0030,172.2160
2024-05-18 16:00:00,172.2160,175.9000,172.0580,174.2980
2024-05-18 20:00:00,174.2990,174.6920,171.6280,172.3340
2024-05-19 00:00:00,172.3350,172.6210,170.3020,172.1510
2024-05-19 04:00:00,172.1500,173.5790,171.5110,172.2990
2024-05-19 08:00:00,172.2980,175.1440,171.8790,174.2180
2024-05-19 12:00:00,174.2190,175.4950,172.2420,174.0910
2024-05-19 16:00:00,174.0910,174.4670,170.7270,171.6710
2024-05-19 20:00:00,171.6710,171.7570,165.9680,168.1950
2024-05-20 00:00:00,168.1950,171.7700,167.2030,169.2870
2024-05-20 04:00:00,169.2860,171.6630,168.2510,169.8530
2024-05-20 08:00:00,169.8520,173.4520,167.5550,172.0690
2024-05-20 12:00:00,172.0700,178.5950,171.6920,177.9300
2024-05-20 16:00:00,177.9300,179.5000,176.2190,177.6600
2024-05-20 20:00:00,177.6600,179.5000,175.2000,178.9110
2024-05-21 00:00:00,178.9120,188.5870,178.0300,187.2420
2024-05-21 04:00:00,187.2440,187.6510,182.2290,186.7010
2024-05-21 08:00:00,186.7010,188.9550,182.7210,184.2660
2024-05-21 12:00:00,184.2660,185.0750,180.2410,181.2930
2024-05-21 16:00:00,181.2920,183.8940,180.3190,180.4070
2024-05-21 20:00:00,180.4080,181.4000,176.0710,176.8620
2024-05-22 00:00:00,176.8630,178.9640,174.3380,175.3440
2024-05-22 04:00:00,175.3460,178.6120,175.1410,178.1500
2024-05-22 08:00:00,178.1500,179.2850,176.4990,178.0110
2024-05-22 12:00:00,178.0120,182.9550,175.0500,179.8830
2024-05-22 16:00:00,179.8840,181.3920,178.0530,178.0650
2024-05-22 20:00:00,178.0650,182.7800,176.1720,181.4090
2024-05-23 00:00:00,181.4100,183.6490,177.2070,178.3480
2024-05-23 04:00:00,178.3430,180.8460,176.2920,177.0300
2024-05-23 08:00:00,177.0200,179.4310,175.5890,178.8650
2024-05-23 12:00:00,178.8650,178.9390,176.3240,177.4900
2024-05-23 16:00:00,177.4900,177.9650,173.0670,175.6680
2024-05-23 20:00:00,175.6670,176.9860,168.2940,172.7000
2024-05-24 00:00:00,172.7000,175.2990,170.6000,170.9870
2024-05-24 04:00:00,170.9970,181.3650,164.6000,176.1820
2024-05-24 08:00:00,176.1810,176.1810,171.5640,172.0960
2024-05-24 12:00:00,172.0960,172.1020,165.1510,166.2400
2024-05-24 16:00:00,166.2400,166.6500,162.4320,166.3560
2024-05-24 20:00:00,166.3550,169.0910,165.0830,167.2790
2024-05-25 00:00:00,167.2790,170.3520,164.5690,168.3490
2024-05-25 04:00:00,168.3490,168.7570,166.6380,167.6570
2024-05-25 08:00:00,167.6570,169.7660,165.8450,169.6660
2024-05-25 12:00:00,169.6660,170.2190,168.1130,168.9590
2024-05-25 16:00:00,168.9530,170.5610,168.3300,168.5630
2024-05-25 20:00:00,168.5640,168.9000,166.5860,167.7740
2024-05-26 00:00:00,167.7740,168.0800,166.4110,167.2260
2024-05-26 04:00:00,167.2260,168.6360,166.5090,168.3560
2024-05-26 08:00:00,168.3560,168.4080,164.7400,166.3080
2024-05-26 12:00:00,166.3090,167.0780,164.6280,165.3830
2024-05-26 16:00:00,165.3830,165.6820,162.1760,164.0940
2024-05-26 20:00:00,164.0940,165.9370,162.4600,162.9600
2024-05-27 00:00:00,162.9610,163.5520,161.2100,162.7790
2024-05-27 04:00:00,162.7790,164.2660,161.0020,163.5050
2024-05-27 08:00:00,163.5060,166.7230,163.4070,165.4220
2024-05-27 12:00:00,165.4230,166.4890,163.8350,165.6130
2024-05-27 16:00:00,165.6130,168.1530,165.0710,167.7800
2024-05-27 20:00:00,167.7790,171.5640,166.7110,171.1130
2024-05-28 00:00:00,171.1110,172.4120,167.0550,168.7650
2024-05-28 04:00:00,168.7650,171.7680,168.4540,170.2490
2024-05-28 08:00:00,170.2480,172.2750,166.1000,167.4890
2024-05-28 12:00:00,167.4900,167.6890,165.0090,166.2040
2024-05-28 16:00:00,166.2030,170.5700,165.9310,169.9440
2024-05-28 20:00:00,169.9430,173.3640,166.7570,168.3840
2024-05-29 00:00:00,168.3840,170.9340,166.1120,170.5150
2024-05-29 04:00:00,170.5200,170.8630,168.4340,168.8070
2024-05-29 08:00:00,168.8070,172.6890,167.5070,172.4580
2024-05-29 12:00:00,172.4510,174.0600,170.8020,170.9160
2024-05-29 16:00:00,170.9170,171.2310,167.7000,168.3860
2024-05-29 20:00:00,168.3940,170.0640,167.2590,168.6610
2024-05-30 00:00:00,168.6780,171.9870,167.7090,169.5200
2024-05-30 04:00:00,169.5110,170.0770,167.9200,168.4180
2024-05-30 08:00:00,168.4190,171.1070,168.0000,170.1080
2024-05-30 12:00:00,170.1090,171.0060,164.3180,165.0940
2024-05-30 16:00:00,165.0930,167.4390,163.6400,166.3180
2024-05-30 20:00:00,166.3190,169.7910,166.0790,168.5530
2024-05-31 00:00:00,168.5540,172.7350,168.0000,168.4880
2024-05-31 04:00:00,168.4880,168.4880,166.2500,166.9860
2024-05-31 08:00:00,166.9850,167.6880,165.6890,167.3610
2024-05-31 12:00:00,167.3610,167.7970,165.0860,166.7500
2024-05-31 16:00:00,166.7520,169.1300,166.1390,168.8440
2024-05-31 20:00:00,168.8440,171.0740,164.8360,164.9190
2024-06-01 00:00:00,164.9190,167.1000,164.0000,166.4380
2024-06-01 04:00:00,166.4450,167.1770,165.2290,165.7620
2024-06-01 08:00:00,165.7610,167.9240,165.7610,167.1330
2024-06-01 12:00:00,167.1320,167.5730,166.5320,166.9590
2024-06-01 16:00:00,166.9620,167.5000,166.6720,167.0330
2024-06-01 20:00:00,167.0330,168.0000,166.8570,167.3750
2024-06-02 00:00:00,167.3750,167.9120,166.9170,167.5530
2024-06-02 04:00:00,167.5490,167.8950,165.7720,166.2810
2024-06-02 08:00:00,166.2800,167.2450,165.5730,166.2860
2024-06-02 12:00:00,166.2790,166.6560,165.0260,165.1010
2024-06-02 16:00:00,165.1010,166.2670,164.0790,166.1420
2024-06-02 20:00:00,166.1430,166.3810,164.6830,165.2680
2024-06-03 00:00:00,165.2680,165.4810,161.3570,163.2000
2024-06-03 04:00:00,163.2000,163.8550,161.8110,163.2510
2024-06-03 08:00:00,163.2520,165.3380,161.9040,163.6780
2024-06-03 12:00:00,163.6770,165.9390,162.8130,165.4330
2024-06-03 16:00:00,165.4340,167.0000,164.5890,164.9130
2024-06-03 20:00:00,164.9130,167.4050,163.0310,164.9450
2024-06-04 00:00:00,164.9450,167.1490,163.6760,167.0880
2024-06-04 04:00:00,167.0870,167.3390,164.5000,164.9950
2024-06-04 08:00:00,164.9950,166.8730,164.3480,166.6040
2024-06-04 12:00:00,166.6040,167.1170,165.0000,165.3760
2024-06-04 16:00:00,165.3760,165.9540,164.5650,165.6190
2024-06-04 20:00:00,165.6190,168.1010,165.3930,168.0650
2024-06-05 00:00:00,168.0650,170.5000,167.8540,169.5660
2024-06-05 04:00:00,169.5620,172.0380,168.3790,171.8880
2024-06-05 08:00:00,171.8890,175.0210,171.2000,173.1160
2024-06-05 12:00:00,173.1160,174.4670,172.4710,173.5340
2024-06-05 16:00:00,173.5340,174.2790,172.1500,172.9590
2024-06-05 20:00:00,172.9590,175.2920,171.3320,174.9180
2024-06-06 00:00:00,174.9180,175.7840,172.6000,173.0780
2024-06-06 04:00:00,173.0870,173.9420,172.8510,173.6680
2024-06-06 08:00:00,173.6670,174.4900,173.3000,173.9470
2024-06-06 12:00:00,173.9470,174.1330,171.6440,172.7290
2024-06-06 16:00:00,172.7290,173.5450,172.2500,173.2390
2024-06-06 20:00:00,173.2390,173.8400,172.5000,173.0920
2024-06-07 00:00:00,173.0930,173.1930,168.8480,169.2410
2024-06-07 04:00:00,169.2410,170.9490,167.4950,170.2710
2024-06-07 08:00:00,170.2720,170.7450,169.0700,170.6760
2024-06-07 12:00:00,170.6770,172.6630,170.5660,172.1210
2024-06-07 16:00:00,172.1210,172.5410,171.0600,172.2800
2024-06-07 20:00:00,172.2890,173.0000,169.2460,170.2190
2024-06-08 00:00:00,170.2190,170.4660,152.2200,162.0150
2024-06-08 04:00:00,162.0150,163.2410,161.0650,162.5240
2024-06-08 08:00:00,162.5250,163.1540,161.8810,162.7080
2024-06-08 12:00:00,162.7080,163.8190,161.4150,163.5960
2024-06-08 16:00:00,163.5970,163.6590,160.1000,160.5200
2024-06-08 20:00:00,160.5170,161.3870,158.3290,160.1450
2024-06-09 00:00:00,160.1460,161.0790,158.8000,159.8410
2024-06-09 04:00:00,159.8410,160.0000,157.4000,157.8380
2024-06-09 08:00:00,157.8410,158.8230,156.5040,157.8210
2024-06-09 12:00:00,157.8220,159.7820,157.2700,159.0250
2024-06-09 16:00:00,159.0250,159.8370,158.7090,159.4220
2024-06-09 20:00:00,159.4230,161.8720,159.2000,161.5910
2024-06-10 00:00:00,161.5920,163.0780,160.5450,162.1210
2024-06-10 04:00:00,162.1210,162.4110,161.2190,162.1160
2024-06-10 08:00:00,162.1170,162.2160,159.6260,159.8530
2024-06-10 12:00:00,159.8540,160.5490,157.4660,157.6420
2024-06-10 16:00:00,157.6420,160.2290,157.5840,159.4380
2024-06-10 20:00:00,159.4380,163.2000,157.6920,162.3600
2024-06-11 00:00:00,162.3600,162.9410,160.0000,160.4540
2024-06-11 04:00:00,160.4540,160.7160,158.3000,159.0960
2024-06-11 08:00:00,159.0960,159.7720,154.6000,156.0800
2024-06-11 12:00:00,156.0700,156.2400,152.4000,153.3610
2024-06-11 16:00:00,153.3620,155.2800,152.7740,153.9080
2024-06-11 20:00:00,153.9070,154.5000,146.0000,147.5930
2024-06-12 00:00:00,147.5920,149.7290,145.1210,149.1620
2024-06-12 04:00:00,149.1560,150.2370,148.0000,149.2450
2024-06-12 08:00:00,149.2450,149.8430,145.4000,149.6020
2024-06-12 12:00:00,149.6020,151.9800,149.4990,151.7650
2024-06-12 16:00:00,151.7640,153.4770,150.9160,151.6980
2024-06-12 20:00:00,151.6990,161.7490,151.5000,158.8000
2024-06-13 00:00:00,158.8090,159.7890,151.1100,153.3370
2024-06-13 04:00:00,153.3370,155.6100,152.7840,155.1730
2024-06-13 08:00:00,155.1730,155.1860,149.6070,151.5370
2024-06-13 12:00:00,151.5360,152.8440,150.7850,152.0710
2024-06-13 16:00:00,152.0710,152.3850,149.0000,149.5770
2024-06-13 20:00:00,149.5770,152.3610,146.0660,146.8040
2024-06-14 00:00:00,146.8040,148.8720,146.2140,147.6840
2024-06-14 04:00:00,147.6800,148.3500,146.0000,147.2090
2024-06-14 08:00:00,147.2160,148.4930,145.7430,147.4540
2024-06-14 12:00:00,147.4540,149.7110,146.7170,147.5110
2024-06-14 16:00:00,147.5110,148.6790,147.1210,148.0360
2024-06-14 20:00:00,148.0410,148.9570,142.8350,143.7330
2024-06-15 00:00:00,143.7340,144.0730,139.5000,141.7560
2024-06-15 04:00:00,141.7560,145.1140,141.3580,142.9740
2024-06-15 08:00:00,142.9730,144.9210,142.8540,144.9030
2024-06-15 12:00:00,144.9030,145.4880,143.5860,143.7410
2024-06-15 16:00:00,143.7400,144.6020,142.8790,144.4480
2024-06-15 20:00:00,144.4480,145.3800,143.9550,145.0980
2024-06-16 00:00:00,145.0980,145.7400,144.0350,144.5980
2024-06-16 04:00:00,144.6100,145.6330,143.7780,145.4500
2024-06-16 08:00:00,145.4500,145.5130,143.8280,143.9570
2024-06-16 12:00:00,143.9570,145.2200,143.0200,144.4290
2024-06-16 16:00:00,144.4290,145.6910,143.7430,144.9470
2024-06-16 20:00:00,144.9480,148.7750,144.7090,148.4140
2024-06-17 00:00:00,148.4270,149.3000,147.5220,148.7160
2024-06-17 04:00:00,148.7160,151.3470,148.2930,151.2450
2024-06-17 08:00:00,151.2440,151.7470,147.0500,147.3010
2024-06-17 12:00:00,147.3010,149.1460,145.7500,146.5590
2024-06-17 16:00:00,146.5600,147.2520,141.4990,143.8610
2024-06-17 20:00:00,143.8600,144.5920,140.6980,141.1780
2024-06-18 00:00:00,141.1770,146.7690,139.7650,144.5320
2024-06-18 04:00:00,144.5320,144.6430,141.3810,143.1970
2024-06-18 08:00:00,143.1970,143.7490,127.0000,135.5260
2024-06-18 12:00:00,135.5270,137.8000,134.6400,136.6170
2024-06-18 16:00:00,136.6170,138.7620,135.5670,137.1040
2024-06-18 20:00:00,137.1040,137.7710,132.8000,135.9690
2024-06-19 00:00:00,135.9690,136.1190,130.3500,133.0480
2024-06-19 04:00:00,133.0430,138.4330,131.9930,137.3590
2024-06-19 08:00:00,137.3590,141.4620,136.0600,140.0830
2024-06-19 12:00:00,140.0830,141.8760,139.3600,139.9160
2024-06-19 16:00:00,139.9170,140.2370,136.8500,137.8910
2024-06-19 20:00:00,137.8920,138.8210,135.4360,136.8740
2024-06-20 00:00:00,136.8740,138.9970,135.5610,136.6130
2024-06-20 04:00:00,136.6120,136.7520,134.4020,135.5570
2024-06-20 08:00:00,135.5570,137.2000,132.5110,132.9740
2024-06-20 12:00:00,132.9740,138.3010,132.4820,137.1410
2024-06-20 16:00:00,137.1410,141.2550,136.3340,139.2710
2024-06-20 20:00:00,139.2720,139.6790,132.4270,133.1960
2024-06-21 00:00:00,133.1850,135.7800,131.8000,134.1810
2024-06-21 04:00:00,134.1760,134.8230,133.3390,133.5000
2024-06-21 08:00:00,133.5000,134.7680,131.5900,132.6350
2024-06-21 12:00:00,132.6340,133.2770,130.5580,131.3790
2024-06-21 16:00:00,131.3790,132.7720,129.5220,132.0310
2024-06-21 20:00:00,132.0300,133.6900,129.3100,131.3520
2024-06-22 00:00:00,131.3570,133.9130,128.6390,132.5900
2024-06-22 04:00:00,132.5860,135.3500,131.8830,134.5340
2024-06-22 08:00:00,134.5340,135.2370,132.9370,134.9980
2024-06-22 12:00:00,134.9980,136.6790,134.4660,134.8060
2024-06-22 16:00:00,134.8060,134.8840,133.6500,134.4580
2024-06-22 20:00:00,134.4580,134.7300,133.8200,134.1950
2024-06-23 00:00:00,134.2090,134.9850,133.8530,134.4420
2024-06-23 04:00:00,134.4420,134.5560,133.0650,133.6270
2024-06-23 08:00:00,133.6280,135.0640,133.5130,134.7130
2024-06-23 12:00:00,134.7090,134.9500,134.1340,134.6780
2024-06-23 16:00:00,134.6770,134.8000,133.4090,133.9710
2024-06-23 20:00:00,133.9670,134.3180,131.3490,131.5350
2024-06-24 00:00:00,131.5350,132.4850,130.3290,131.4160
2024-06-24 04:00:00,131.4170,131.5060,128.1640,128.6610
2024-06-24 08:00:00,128.6600,129.7430,125.8800,126.1800
2024-06-24 12:00:00,126.1700,126.6490,123.1120,125.1240
2024-06-24 16:00:00,125.1130,127.4570,121.4000,127.0450
2024-06-24 20:00:00,127.0440,129.7720,125.6100,126.2750
2024-06-25 00:00:00,126.2700,130.3300,125.7690,127.4010
2024-06-25 04:00:00,127.3950,132.5790,125.0000,132.2370
2024-06-25 08:00:00,132.2370,136.4750,131.1430,135.7050
2024-06-25 12:00:00,135.7090,136.7640,134.6240,134.7730
2024-06-25 16:00:00,134.7780,139.1680,133.4610,137.7530
2024-06-25 20:00:00,137.7410,139.8570,136.4330,139.3720
2024-06-26 00:00:00,139.3730,139.5410,137.0060,138.7200
2024-06-26 04:00:00,138.6980,138.9570,135.8830,136.5440
2024-06-26 08:00:00,136.5430,140.3800,136.0730,138.3900
2024-06-26 12:00:00,138.3900,138.7560,136.2520,137.9090
2024-06-26 16:00:00,137.9080,138.1800,136.0020,137.2860
2024-06-26 20:00:00,137.2850,139.4270,136.0000,136.8360
2024-06-27 00:00:00,136.8360,137.8320,134.8000,137.7300
2024-06-27 04:00:00,137.7250,138.4600,136.2410,136.8080
2024-06-27 08:00:00,136.8150,137.9160,135.5820,137.4880
2024-06-27 12:00:00,137.4880,137.7250,135.1790,135.8990
2024-06-27 16:00:00,135.9000,139.4560,135.5210,139.0150
2024-06-27 20:00:00,139.0110,151.2500,138.4660,147.6970
2024-06-28 00:00:00,147.6990,149.3760,146.5000,148.4180
2024-06-28 04:00:00,148.4200,150.4290,148.0240,149.6510
2024-06-28 08:00:00,149.6500,150.8990,146.5000,147.5090
2024-06-28 12:00:00,147.5090,147.5460,143.7290,145.3110
2024-06-28 16:00:00,145.3100,146.1290,144.6850,145.4130
2024-06-28 20:00:00,145.4160,146.8750,140.7680,143.1510
2024-06-29 00:00:00,143.1510,143.9320,140.0520,140.9500
2024-06-29 04:00:00,140.9510,141.6590,138.9370,139.9800
2024-06-29 08:00:00,139.9790,142.4930,139.9230,141.7170
2024-06-29 12:00:00,141.7170,142.4800,140.0250,141.9320
2024-06-29 16:00:00,141.9320,143.1700,141.4400,142.5750
2024-06-29 20:00:00,142.5740,142.9350,141.2600,142.6220
2024-06-30 00:00:00,142.6220,142.7800,140.7640,141.6910
2024-06-30 04:00:00,141.6900,141.7960,139.6260,140.2340
2024-06-30 08:00:00,140.2360,141.0820,138.1010,138.2760
2024-06-30 12:00:00,138.2750,141.0720,137.1000,140.5800
2024-06-30 16:00:00,140.5810,141.7400,140.2960,141.1570
2024-06-30 20:00:00,141.1580,144.0000,140.5560,143.7350
2024-07-01 00:00:00,143.7360,145.8500,142.7150,144.7410
2024-07-01 04:00:00,144.7410,147.5740,143.8120,146.5820
2024-07-01 08:00:00,146.5820,149.1150,145.9170,147.5280
2024-07-01 12:00:00,147.5280,148.6960,147.0920,148.2490
2024-07-01 16:00:00,148.2500,149.0680,145.8020,146.1250
2024-07-01 20:00:00,146.1280,148.7470,146.0100,148.4810
2024-07-02 00:00:00,148.4760,149.3960,146.5500,147.2730
2024-07-02 04:00:00,147.2810,148.2300,145.9310,146.6250
2024-07-02 08:00:00,146.6270,149.8790,146.0960,149.0850
2024-07-02 12:00:00,149.0850,149.8740,146.9030,147.3840
2024-07-02 16:00:00,147.3840,150.0000,146.8140,149.6090
2024-07-02 20:00:00,149.6090,151.8430,147.0500,148.3420
2024-07-03 00:00:00,148.3340,153.7820,147.5810,152.7580
2024-07-03 04:00:00,152.7680,154.9150,152.2740,153.9700
2024-07-03 08:00:00,153.9700,154.4170,149.1510,150.5600
2024-07-03 12:00:00,150.5600,150.5600,146.2740,146.3730
2024-07-03 16:00:00,146.3730,147.2540,142.6790,143.9990
2024-07-03 20:00:00,144.0000,144.2750,140.8510,141.6250
2024-07-04 00:00:00,141.6260,143.1670,139.1070,140.4150
2024-07-04 04:00:00,140.4090,142.0000,139.1070,140.7370
2024-07-04 08:00:00,140.7370,142.6850,132.1000,136.9990
2024-07-04 12:00:00,137.0000,137.2910,133.7560,134.3640
2024-07-04 16:00:00,134.3600,135.9740,132.0630,132.6980
2024-07-04 20:00:00,132.6980,135.8640,129.5000,135.2960
2024-07-05 00:00:00,135.2960,135.9000,133.5560,133.9280
2024-07-05 04:00:00,133.9290,135.6000,127.0000,127.7600
2024-07-05 08:00:00,127.7510,129.1250,120.0690,123.6210
2024-07-05 12:00:00,123.6160,127.6880,120.9010,126.6540
2024-07-05 16:00:00,126.6580,130.7440,122.0320,130.0090
2024-07-05 20:00:00,130.0100,134.8750,128.2770,134.7990
2024-07-06 00:00:00,134.7990,136.3880,133.5910,134.9150
2024-07-06 04:00:00,134.9160,135.7400,133.8100,134.2300
2024-07-06 08:00:00,134.2150,137.7850,132.2610,134.3870
2024-07-06 12:00:00,134.3870,137.2920,133.5180,136.8360
2024-07-06 16:00:00,136.8370,140.5640,136.3410,138.6540
2024-07-06 20:00:00,138.6540,142.1090,137.6790,141.7950
2024-07-07 00:00:00,141.7950,143.4490,140.6310,142.7400
2024-07-07 04:00:00,142.7400,144.5000,142.0900,142.9960
2024-07-07 08:00:00,142.9950,143.2900,140.2800,142.0580
2024-07-07 12:00:00,142.0580,142.0580,138.0030,139.0740
2024-07-07 16:00:00,139.0740,140.6500,138.6970,139.8480
2024-07-07 20:00:00,139.8480,140.7470,135.5030,137.0310
2024-07-08 00:00:00,137.0310,139.5640,136.7000,137.2770
2024-07-08 04:00:00,137.2780,137.8200,131.1780,131.5990
2024-07-08 08:00:00,131.6000,132.9050,127.6690,130.6350
2024-07-08 12:00:00,130.6340,133.9390,129.7690,132.5360
2024-07-08 16:00:00,132.5450,141.9350,132.2560,140.5560
2024-07-08 20:00:00,140.5560,141.9550,133.5000,137.3850
2024-07-09 00:00:00,137.3980,138.5700,134.8360,138.2560
2024-07-09 04:00:00,138.2490,141.0270,137.2430,139.7400
2024-07-09 08:00:00,139.7410,141.1770,136.3870,140.3850
2024-07-09 12:00:00,140.3870,143.5000,140.0050,142.0620
2024-07-09 16:00:00,142.0620,144.2910,140.2200,141.8330
2024-07-09 20:00:00,141.8330,143.1300,138.5500,140.4680
2024-07-10 00:00:00,140.4690,143.0250,140.0020,142.0710
2024-07-10 04:00:00,142.0740,143.4950,140.7720,141.3910
2024-07-10 08:00:00,141.3910,141.7640,138.5100,141.6400
2024-07-10 12:00:00,141.6390,146.1480,141.6060,144.1190
2024-07-10 16:00:00,144.1190,144.5000,142.1620,142.7200
2024-07-10 20:00:00,142.7210,143.1240,139.8880,141.0810
2024-07-11 00:00:00,141.0810,142.6510,140.2190,141.0280
2024-07-11 04:00:00,141.0320,142.4140,140.1180,141.9270
2024-07-11 08:00:00,141.9270,143.1840,139.0120,140.2370
2024-07-11 12:00:00,140.2360,142.4950,140.0090,142.0150
2024-07-11 16:00:00,142.0150,143.8880,141.9980,143.4240
2024-07-11 20:00:00,143.4240,146.0710,137.6000,138.4130
2024-07-12 00:00:00,138.4240,138.9430,136.3190,136.5200
2024-07-12 04:00:00,136.5170,137.5230,135.6020,135.7020
2024-07-12 08:00:00,135.7020,138.1270,134.0000,136.4390
2024-07-12 12:00:00,136.4450,136.9810,134.4330,135.3490
2024-07-12 16:00:00,135.3490,135.8680,133.7800,135.5850
2024-07-12 20:00:00,135.5820,139.2980,135.3280,138.7510
2024-07-13 00:00:00,138.7500,140.5000,137.6220,138.4490
2024-07-13 04:00:00,138.4270,139.4500,136.5770,139.3790
2024-07-13 08:00:00,139.3780,139.8700,138.1890,138.6840
2024-07-13 12:00:00,138.6700,139.4260,137.8700,139.3100
2024-07-13 16:00:00,139.3100,140.9000,138.3450,140.0530
2024-07-13 20:00:00,140.0540,140.5300,139.1640,140.3110
2024-07-14 00:00:00,140.3110,140.7500,139.1340,139.7700
2024-07-14 04:00:00,139.7700,143.5710,139.0250,141.8110
2024-07-14 08:00:00,141.8030,145.1360,141.7880,143.8820
2024-07-14 12:00:00,143.8820,146.0000,143.8030,144.6850
2024-07-14 16:00:00,144.6840,146.8810,144.5020,144.8400
2024-07-14 20:00:00,144.8420,145.9980,143.3050,145.8310
2024-07-15 00:00:00,145.8310,145.9130,144.5250,145.1170
2024-07-15 04:00:00,145.1350,148.5000,145.0080,147.5750
2024-07-15 08:00:00,147.5720,152.0000,146.9140,151.3230
2024-07-15 12:00:00,151.3240,154.0000,150.6840,153.1680
2024-07-15 16:00:00,153.1690,153.9630,150.8630,151.6040
2024-07-15 20:00:00,151.6030,154.5000,151.5810,152.8380
2024-07-16 00:00:00,152.8370,156.9640,152.4330,155.2540
2024-07-16 04:00:00,155.2590,159.8500,155.1460,159.2940
2024-07-16 08:00:00,159.2940,160.1610,156.1000,157.7880
2024-07-16 12:00:00,157.7880,158.7110,153.6090,154.4410
2024-07-16 16:00:00,154.4450,157.5870,152.5020,157.2530
2024-07-16 20:00:00,157.2520,161.5160,154.3330,160.9230
2024-07-17 00:00:00,160.9170,162.4470,158.7200,161.8480
2024-07-17 04:00:00,161.8400,161.9470,159.0070,160.5920
2024-07-17 08:00:00,160.5920,163.7220,160.0010,160.8380
2024-07-17 12:00:00,160.8390,162.4880,160.0000,160.5080
2024-07-17 16:00:00,160.5090,163.6000,159.4710,160.7730
2024-07-17 20:00:00,160.7730,161.9860,157.7650,158.0380
2024-07-18 00:00:00,158.0470,158.2560,154.5760,156.7160
2024-07-18 04:00:00,156.7240,157.2210,154.7210,155.4670
2024-07-18 08:00:00,155.4660,159.9120,155.4660,158.8850
2024-07-18 12:00:00,158.8860,159.9450,157.0130,158.6070
2024-07-18 16:00:00,158.6080,159.8280,158.0310,159.3920
2024-07-18 20:00:00,159.3780,161.5760,155.8620,156.2910
2024-07-19 00:00:00,156.2910,157.6020,155.0700,156.9120
2024-07-19 04:00:00,156.9130,160.2970,156.3000,159.1460
2024-07-19 08:00:00,159.1470,161.9760,156.0680,161.7880
2024-07-19 12:00:00,161.7880,165.6660,160.5860,161.3560
2024-07-19 16:00:00,161.3600,163.5550,159.1640,162.6020
2024-07-19 20:00:00,162.6020,169.0000,162.1710,168.7440
2024-07-20 00:00:00,168.7430,172.5850,168.1750,170.3220
2024-07-20 04:00:00,170.3230,170.4510,167.8560,169.0640
2024-07-20 08:00:00,169.0640,171.8000,168.1920,169.4890
2024-07-20 12:00:00,169.4890,170.3260,168.3830,168.4830
2024-07-20 16:00:00,168.4890,169.7870,167.5410,167.9790
2024-07-20 20:00:00,167.9790,169.6580,167.1870,169.1710
2024-07-21 00:00:00,169.1700,174.6000,168.7700,172.3470
2024-07-21 04:00:00,172.3480,175.4970,172.3480,173.5320
2024-07-21 08:00:00,173.5460,175.5000,172.6890,173.0790
2024-07-21 12:00:00,173.0790,173.7010,170.9060,171.2600
2024-07-21 16:00:00,171.2600,172.9300,171.1830,172.8080
2024-07-21 20:00:00,172.8080,176.6470,171.2070,175.3670
2024-07-22 00:00:00,175.3650,178.4270,170.4580,177.9410
2024-07-22 04:00:00,177.9410,185.3200,177.3540,184.4730
2024-07-22 08:00:00,184.4730,185.0150,180.6500,180.9090
2024-07-22 12:00:00,180.9100,181.8180,177.5630,178.2880
2024-07-22 16:00:00,178.2890,180.9990,176.6670,180.4840
2024-07-22 20:00:00,180.4840,181.8370,176.8540,179.7910
2024-07-23 00:00:00,179.7820,182.9770,178.5000,182.7730
2024-07-23 04:00:00,182.7940,183.3870,177.0120,178.8230
2024-07-23 08:00:00,178.8200,180.5000,177.0680,179.0220
2024-07-23 12:00:00,179.0220,179.0480,173.7000,175.9590
2024-07-23 16:00:00,175.9730,178.7090,174.0000,175.5660
2024-07-23 20:00:00,175.5650,178.3280,172.1000,176.3950
2024-07-24 00:00:00,176.3930,176.9000,170.3500,171.9440
2024-07-24 04:00:00,171.9420,174.6560,171.0540,172.9120
2024-07-24 08:00:00,172.9250,174.3990,170.8780,173.5790
2024-07-24 12:00:00,173.5800,174.5710,172.1030,174.1440
2024-07-24 16:00:00,174.1450,178.4980,173.5630,177.6770
2024-07-24 20:00:00,177.6770,181.9880,176.0580,177.7290
2024-07-25 00:00:00,177.7300,182.5000,176.3840,178.1450
2024-07-25 04:00:00,178.1460,180.2560,175.3430,177.9830
2024-07-25 08:00:00,177.9830,179.5000,168.1030,170.4800
2024-07-25 12:00:00,170.4760,172.8800,169.1560,169.3420
2024-07-25 16:00:00,169.3460,171.1980,167.0000,168.7390
2024-07-25 20:00:00,168.7340,171.9710,165.6790,170.3650
2024-07-26 00:00:00,170.3640,172.4490,166.5720,168.1150
2024-07-26 04:00:00,168.0980,172.8420,165.3040,171.7590
2024-07-26 08:00:00,171.7600,176.8860,171.5820,175.6890
2024-07-26 12:00:00,175.6890,177.7350,175.5120,176.6960
2024-07-26 16:00:00,176.6960,179.9980,176.6930,178.7260
2024-07-26 20:00:00,178.7280,184.0000,177.4020,181.4350
2024-07-27 00:00:00,181.4350,182.8880,180.5840,182.1180
2024-07-27 04:00:00,182.1180,183.6820,181.0260,182.9910
2024-07-27 08:00:00,182.9910,184.2510,181.2460,182.5660
2024-07-27 12:00:00,182.5660,186.2830,182.4320,185.7210
2024-07-27 16:00:00,185.7210,187.3470,184.2200,185.3240
2024-07-27 20:00:00,185.3240,188.3400,181.4470,182.4160
2024-07-28 00:00:00,182.4120,183.3130,179.4010,181.4260
2024-07-28 04:00:00,181.4270,186.6930,178.0270,183.9030
2024-07-28 08:00:00,183.9020,186.6470,182.3390,184.2260
2024-07-28 12:00:00,184.2270,184.7930,181.1100,183.7770
2024-07-28 16:00:00,183.7770,185.7780,182.9290,185.1480
2024-07-28 20:00:00,185.1550,186.5750,183.6550,184.0830
2024-07-29 00:00:00,184.0840,185.4880,183.0300,184.6760
2024-07-29 04:00:00,184.6770,185.3250,182.5000,184.8080
2024-07-29 08:00:00,184.8080,193.3240,184.2800,192.1910
2024-07-29 12:00:00,192.1920,193.8930,190.8900,192.3020
2024-07-29 16:00:00,192.3090,192.4110,190.3150,190.7600
2024-07-29 20:00:00,190.7600,193.5000,185.6000,186.8160
2024-07-30 00:00:00,186.8160,187.4000,184.0000,186.7880
2024-07-30 04:00:00,186.7890,186.7900,181.4440,182.5090
2024-07-30 08:00:00,182.5090,183.8370,179.2000,182.4910
2024-07-30 12:00:00,182.4910,184.7730,181.1970,182.2980
2024-07-30 16:00:00,182.2980,182.8420,180.0030,180.9670
2024-07-30 20:00:00,180.9570,182.6400,178.6010,180.9010
2024-07-31 00:00:00,180.9000,181.5160,176.1000,177.8600
2024-07-31 04:00:00,177.8750,179.8250,175.2130,179.0720
2024-07-31 08:00:00,179.0720,181.6780,178.0000,180.8320
2024-07-31 12:00:00,180.8290,183.7720,177.8070,183.0460
2024-07-31 16:00:00,183.0360,184.5720,181.2270,181.6280
2024-07-31 20:00:00,181.6270,184.2140,179.6360,180.0180
2024-08-01 00:00:00,180.0180,182.6240,175.0210,176.5440
2024-08-01 04:00:00,176.5410,176.9780,171.5300,171.6320
2024-08-01 08:00:00,171.6320,172.8590,168.4570,168.5950
2024-08-01 12:00:00,168.5950,169.6790,165.9730,168.1610
2024-08-01 16:00:00,168.1610,169.8700,167.9910,169.6090
2024-08-01 20:00:00,169.6080,171.3830,161.1000,162.5660
2024-08-02 00:00:00,162.5670,162.7810,157.8280,162.3000
2024-08-02 04:00:00,162.3000,168.4080,161.1110,167.2940
2024-08-02 08:00:00,167.3000,169.3570,161.4400,164.2810
2024-08-02 12:00:00,164.2800,165.3120,158.9770,161.3230
2024-08-02 16:00:00,161.3230,165.3960,160.3200,164.3070
2024-08-02 20:00:00,164.3070,167.5880,152.6190,156.6390
2024-08-03 00:00:00,156.6390,157.4030,149.7350,151.2070
2024-08-03 04:00:00,151.2290,154.9520,149.8510,152.7110
2024-08-03 08:00:00,152.7110,153.9960,148.5500,153.4670
2024-08-03 12:00:00,153.4650,153.4650,151.1030,151.5830
2024-08-03 16:00:00,151.5740,152.5410,148.2000,152.3110
2024-08-03 20:00:00,152.3100,153.5400,145.9880,146.1110
2024-08-04 00:00:00,146.1090,147.5490,139.4120,140.3870
2024-08-04 04:00:00,140.3860,143.8820,140.0000,142.4560
2024-08-04 08:00:00,142.4550,145.9840,141.8210,144.2500
2024-08-04 12:00:00,144.2500,144.4330,140.5090,140.7990
2024-08-04 16:00:00,140.7900,144.4700,139.5000,143.4360
2024-08-04 20:00:00,143.4370,145.0320,134.8730,135.1630
2024-08-05 00:00:00,135.1630,142.9100,131.0000,141.9220
2024-08-05 04:00:00,141.9210,143.9510,137.3200,138.2910
2024-08-05 08:00:00,138.2910,139.3430,119.0000,126.0380
2024-08-05 12:00:00,126.0240,130.1100,109.1620,122.7960
2024-08-05 16:00:00,122.7890,123.9000,110.4840,115.9020
2024-08-05 20:00:00,115.9030,132.5440,109.9030,130.3690
2024-08-06 00:00:00,130.3710,135.4900,126.7020,128.7320
2024-08-06 04:00:00,128.7160,135.4340,128.2740,129.7680
2024-08-06 08:00:00,129.7750,141.0000,129.3520,138.5340
2024-08-06 12:00:00,138.5330,143.9130,137.4250,141.8920
2024-08-06 16:00:00,141.8850,142.0210,136.3000,139.3480
2024-08-06 20:00:00,139.3470,146.3130,136.0520,145.8000
2024-08-07 00:00:00,145.7990,148.4400,144.8180,146.2330
2024-08-07 04:00:00,146.2330,149.5000,143.1630,144.3280
2024-08-07 08:00:00,144.3290,151.7700,142.1000,151.4590
2024-08-07 12:00:00,151.4730,154.8880,150.4750,152.3700
2024-08-07 16:00:00,152.3550,154.8540,150.6440,151.5520
2024-08-07 20:00:00,151.5730,154.4470,146.1850,148.3910
2024-08-08 00:00:00,148.3910,149.3790,142.2600,143.0960
2024-08-08 04:00:00,143.1000,147.4850,142.2230,144.7360
2024-08-08 08:00:00,144.7320,156.4480,141.3150,153.0690
2024-08-08 12:00:00,153.0690,155.4620,151.3570,153.6180
2024-08-08 16:00:00,153.6200,155.6860,152.8250,154.0400
2024-08-08 20:00:00,154.0390,160.8500,152.5000,160.4990
2024-08-09 00:00:00,160.5000,162.7550,155.0330,155.6830
2024-08-09 04:00:00,155.6970,163.7120,155.2300,163.0690
2024-08-09 08:00:00,163.0690,163.4960,158.1420,158.8720
2024-08-09 12:00:00,158.8730,159.0720,155.5550,157.8610
2024-08-09 16:00:00,157.8610,159.6350,155.2290,156.5530
2024-08-09 20:00:00,156.5530,157.2660,151.0370,151.0860
2024-08-10 00:00:00,151.0860,154.1770,150.6320,153.5070
2024-08-10 04:00:00,153.5290,157.4930,151.3910,156.1880
2024-08-10 08:00:00,156.1880,158.7050,153.1840,154.1120
2024-08-10 12:00:00,154.1120,155.3800,152.5400,155.3490
2024-08-10 16:00:00,155.3500,155.8670,153.5130,154.7570
2024-08-10 20:00:00,154.7580,155.1800,152.7000,153.8810
2024-08-11 00:00:00,153.8910,155.2290,152.8830,154.4460
2024-08-11 04:00:00,154.4470,155.0670,153.5330,153.9320
2024-08-11 08:00:00,153.9330,156.9000,153.5510,155.6060
2024-08-11 12:00:00,155.6060,156.7500,154.7180,156.6210
2024-08-11 16:00:00,156.6210,157.9500,152.9000,153.5670
2024-08-11 20:00:00,153.5670,153.7300,148.0000,148.6730
2024-08-12 00:00:00,148.6730,149.6940,145.6000,145.7540
2024-08-12 04:00:00,145.7540,145.8170,141.0380,141.4920
2024-08-12 08:00:00,141.4930,144.7700,141.1280,143.8160
2024-08-12 12:00:00,143.8150,146.6660,142.1780,145.8230
2024-08-12 16:00:00,145.8240,150.7270,143.5230,150.1440
2024-08-12 20:00:00,150.1440,150.4500,142.8970,147.4610
2024-08-13 00:00:00,147.4610,148.2400,142.8160,143.6930
2024-08-13 04:00:00,143.6950,147.5690,141.6990,146.2410
2024-08-13 08:00:00,146.2410,147.3200,142.8530,143.5860
2024-08-13 12:00:00,143.5870,146.9980,142.9160,145.9480
2024-08-13 16:00:00,145.9490,146.3420,143.1080,145.8350
2024-08-13 20:00:00,145.8350,147.6100,144.5660,146.0110
2024-08-14 00:00:00,146.0100,149.7760,144.8000,146.4510
2024-08-14 04:00:00,146.4520,147.8000,145.6200,146.5650
2024-08-14 08:00:00,146.5660,147.2100,143.5100,145.0860
2024-08-14 12:00:00,145.0860,145.6680,144.0960,145.6540
2024-08-14 16:00:00,145.6540,148.9300,144.7270,147.9430
2024-08-14 20:00:00,147.9440,152.1300,144.5000,146.6000
2024-08-15 00:00:00,146.6010,147.1620,143.6260,144.1650
2024-08-15 04:00:00,144.1620,144.6300,142.2150,143.6440
2024-08-15 08:00:00,143.6430,145.3490,143.0810,144.6440
2024-08-15 12:00:00,144.6440,144.8350,140.8140,142.4650
2024-08-15 16:00:00,142.4560,143.4630,141.1840,143.0540
2024-08-15 20:00:00,143.0530,146.5890,141.9210,145.8620
2024-08-16 00:00:00,145.8540,147.6600,137.6500,139.8630
2024-08-16 04:00:00,139.8620,144.7990,138.5870,142.5380
2024-08-16 08:00:00,142.5380,144.3580,140.6730,141.9370
2024-08-16 12:00:00,141.9370,144.7770,141.5170,144.4650
2024-08-16 16:00:00,144.4650,144.8630,141.7500,141.9010
2024-08-16 20:00:00,141.9050,142.5690,136.2000,137.8420
2024-08-17 00:00:00,137.8400,141.4450,136.0500,140.8440
2024-08-17 04:00:00,140.8520,141.8980,138.9250,138.9860
2024-08-17 08:00:00,138.9850,140.2500,137.5190,138.8190
2024-08-17 12:00:00,138.8190,139.6770,138.5150,139.3640
2024-08-17 16:00:00,139.3660,140.1090,138.0100,139.0570
2024-08-17 20:00:00,139.0570,141.7990,138.8650,140.1290
2024-08-18 00:00:00,140.1300,141.5830,140.0300,141.0290
2024-08-18 04:00:00,141.0310,141.9000,140.6230,141.8300
2024-08-18 08:00:00,141.8310,143.3000,140.9290,141.1130
2024-08-18 12:00:00,141.1080,141.9260,140.4620,141.4720
2024-08-18 16:00:00,141.4710,147.4450,141.2000,144.5200
2024-08-18 20:00:00,144.5200,146.6400,143.8870,145.7280
2024-08-19 00:00:00,145.7280,146.5490,144.0220,146.3830
2024-08-19 04:00:00,146.3720,147.0000,142.2510,142.3540
2024-08-19 08:00:00,142.3480,143.4460,141.4790,143.1150
2024-08-19 12:00:00,143.1120,143.4770,141.8230,142.2170
2024-08-19 16:00:00,142.2210,143.2760,140.2520,142.2750
2024-08-19 20:00:00,142.2740,144.5780,141.5840,143.8010
2024-08-20 00:00:00,143.8000,146.2000,142.5000,142.8480
2024-08-20 04:00:00,142.8640,144.4800,142.6450,144.2010
2024-08-20 08:00:00,144.2000,147.8800,143.3700,145.4980
2024-08-20 12:00:00,145.4990,148.7780,145.3100,147.3970
2024-08-20 16:00:00,147.3990,147.6710,145.0060,145.3320
2024-08-20 20:00:00,145.3320,146.3650,140.8850,142.0740
2024-08-21 00:00:00,142.0750,144.2300,141.5180,143.9690
2024-08-21 04:00:00,143.9690,144.4710,142.1340,142.2100
2024-08-21 08:00:00,142.2090,143.0320,141.4530,142.4770
2024-08-21 12:00:00,142.4780,143.7700,142.1510,143.1300
2024-08-21 16:00:00,143.1260,143.4760,140.8320,141.2380
2024-08-21 20:00:00,141.2390,142.4200,138.6890,140.2770
2024-08-22 00:00:00,140.2770,143.5870,139.5720,143.3370
2024-08-22 04:00:00,143.3440,144.3000,142.0090,142.7260
2024-08-22 08:00:00,142.7260,143.1940,140.5100,141.6710
2024-08-22 12:00:00,141.6710,143.6170,141.3610,143.2580
2024-08-22 16:00:00,143.2590,144.7220,142.5810,144.4310
2024-08-22 20:00:00,144.4310,144.8280,141.8790,142.5520
2024-08-23 00:00:00,142.5520,143.5560,142.3300,142.6890
2024-08-23 04:00:00,142.6880,143.7030,142.6100,143.1590
2024-08-23 08:00:00,143.1580,145.6730,143.0940,144.4140
2024-08-23 12:00:00,144.4150,145.8790,144.3010,145.0990
2024-08-23 16:00:00,145.0910,145.4250,143.3180,143.4150
2024-08-23 20:00:00,143.4140,147.0760,142.5890,144.3380
2024-08-24 00:00:00,144.3330,150.1900,144.0050,149.6400
2024-08-24 04:00:00,149.6390,153.9990,149.6130,153.2280
2024-08-24 08:00:00,153.2280,154.6350,151.8940,153.2020
2024-08-24 12:00:00,153.2020,155.3550,153.0660,154.5400
2024-08-24 16:00:00,154.5310,158.6800,154.2270,157.2890
2024-08-24 20:00:00,157.2890,159.7390,156.8880,159.3720
2024-08-25 00:00:00,159.3720,162.3250,159.1700,160.4890
2024-08-25 04:00:00,160.4900,161.0700,157.2200,160.5580
2024-08-25 08:00:00,160.5590,160.6600,157.2690,158.2220
2024-08-25 12:00:00,158.2260,159.0210,155.2100,156.0610
2024-08-25 16:00:00,156.0620,157.9300,155.6600,157.1860
2024-08-25 20:00:00,157.1780,159.8330,156.8440,159.3000
2024-08-26 00:00:00,159.3000,160.2770,158.4040,159.0250
2024-08-26 04:00:00,159.0340,161.8900,158.3580,158.8800
2024-08-26 08:00:00,158.8810,160.1130,157.3810,160.0420
2024-08-26 12:00:00,160.0420,161.0820,158.2560,159.0390
2024-08-26 16:00:00,159.0400,162.0000,158.3640,160.3090
2024-08-26 20:00:00,160.3080,161.7220,155.8030,157.5310
2024-08-27 00:00:00,157.5310,159.3330,155.4510,157.9200
2024-08-27 04:00:00,157.9280,159.2350,156.2760,157.0520
2024-08-27 08:00:00,157.0530,158.9500,156.9700,158.4560
2024-08-27 12:00:00,158.4630,159.6220,157.2370,157.6820
2024-08-27 16:00:00,157.6830,157.9860,153.2300,154.2020
2024-08-27 20:00:00,154.2020,155.7370,152.5060,153.6980
2024-08-28 00:00:00,153.6910,155.4500,153.1570,154.8690
2024-08-28 04:00:00,154.8690,154.9740,145.0000,146.7270
2024-08-28 08:00:00,146.7330,148.2250,145.3100,148.0820
2024-08-28 12:00:00,148.0850,148.8460,143.6610,143.9180
2024-08-28 16:00:00,143.9190,147.9410,142.6800,147.0580
2024-08-28 20:00:00,147.0440,148.4790,143.0790,144.0410
2024-08-29 00:00:00,144.0400,145.5730,140.4220,144.2020
2024-08-29 04:00:00,144.2050,146.3350,141.5080,143.8920
2024-08-29 08:00:00,143.8920,144.9820,142.8210,143.2470
2024-08-29 12:00:00,143.2470,145.3000,143.0610,144.5800
2024-08-29 16:00:00,144.5660,146.7830,144.3030,145.5200
2024-08-29 20:00:00,145.5190,147.3320,144.6300,145.9680
2024-08-30 00:00:00,145.9830,146.7190,138.5060,140.1780
2024-08-30 04:00:00,140.1790,141.3370,137.9520,139.9480
2024-08-30 08:00:00,139.9480,141.0460,138.3000,138.6970
2024-08-30 12:00:00,138.6970,139.8780,137.0210,138.9220
2024-08-30 16:00:00,138.9230,139.9870,138.3100,138.5690
2024-08-30 20:00:00,138.5680,140.6810,132.4000,133.2600
2024-08-31 00:00:00,133.2690,137.8900,132.0020,135.9030
2024-08-31 04:00:00,135.9030,138.4210,135.5580,137.9210
2024-08-31 08:00:00,137.9210,139.1600,137.4390,138.2120
2024-08-31 12:00:00,138.2120,138.7200,137.3100,137.5470
2024-08-31 16:00:00,137.5460,137.8130,135.7290,136.9410
2024-08-31 20:00:00,136.9430,137.2300,135.4890,136.5700
2024-09-01 00:00:00,136.5700,136.6300,134.5020,134.9260
2024-09-01 04:00:00,134.9260,136.2580,134.4020,135.2660
2024-09-01 08:00:00,135.2660,135.5760,132.7790,134.0260
2024-09-01 12:00:00,134.0260,134.0390,130.9560,132.7400
2024-09-01 16:00:00,132.7410,132.7730,130.1200,131.8190
2024-09-01 20:00:00,131.8080,134.8300,130.0000,134.1820
2024-09-02 00:00:00,134.1810,135.8550,131.7770,135.1560
2024-09-02 04:00:00,135.1570,136.1330,127.6000,128.4110
2024-09-02 08:00:00,128.4110,130.6680,128.1760,130.1350
2024-09-02 12:00:00,130.1340,130.3340,126.7560,127.5880
2024-09-02 16:00:00,127.5880,132.8710,127.2050,131.7750
2024-09-02 20:00:00,131.7740,133.3990,129.8880,132.4400
2024-09-03 00:00:00,132.4400,133.8510,131.5910,132.9800
2024-09-03 04:00:00,132.9800,135.3430,132.7330,134.8650
2024-09-03 08:00:00,134.8650,137.5000,134.1340,135.4370
2024-09-03 12:00:00,135.4370,135.8190,133.5000,134.5240
2024-09-03 16:00:00,134.5240,134.5820,132.7120,134.3070
2024-09-03 20:00:00,134.3070,135.4540,129.2650,129.7480
2024-09-04 00:00:00,129.7490,132.1810,129.2320,130.9210
2024-09-04 04:00:00,130.9220,131.5550,127.0820,127.5060
2024-09-04 08:00:00,127.5050,128.8240,122.0000,127.6400
2024-09-04 12:00:00,127.6400,131.3980,126.5410,130.2410
2024-09-04 16:00:00,130.2520,130.6400,128.0180,128.3590
2024-09-04 20:00:00,128.3610,134.0790,127.8090,133.7190
2024-09-05 00:00:00,133.7240,134.9100,132.5000,133.1350
2024-09-05 04:00:00,133.1390,134.6000,132.8060,133.5640
2024-09-05 08:00:00,133.5640,134.3350,131.1400,131.5260
2024-09-05 12:00:00,131.5270,134.2090,130.7350,133.0420
2024-09-05 16:00:00,133.0420,133.8230,131.6200,132.7800
2024-09-05 20:00:00,132.7800,135.5110,130.1110,130.5170
2024-09-06 00:00:00,130.5180,131.1140,127.7770,128.3880
2024-09-06 04:00:00,128.3860,129.8300,128.0710,129.3370
2024-09-06 08:00:00,129.3370,131.4930,128.5540,130.6490
2024-09-06 12:00:00,130.6390,131.1250,127.3900,128.0540
2024-09-06 16:00:00,128.0550,131.0450,127.9620,130.1850
2024-09-06 20:00:00,130.1850,134.2200,126.7370,128.0160
2024-09-07 00:00:00,128.0140,128.2880,123.8400,125.0610
2024-09-07 04:00:00,125.0470,125.9410,120.4790,124.9590
2024-09-07 08:00:00,124.9590,125.6870,124.1000,125.0970
2024-09-07 12:00:00,125.0950,128.4500,125.0210,127.5560
2024-09-07 16:00:00,127.5560,127.7690,126.6660,126.9280
2024-09-07 20:00:00,126.9290,129.4000,126.8280,128.7500
2024-09-08 00:00:00,128.7500,129.0950,126.1900,128.2540
2024-09-08 04:00:00,128.2530,128.3750,126.3510,127.6560
2024-09-08 08:00:00,127.6570,128.4860,126.8280,128.2430
2024-09-08 12:00:00,128.2430,130.0800,127.7880,129.5490
2024-09-08 16:00:00,129.5500,130.9260,129.1460,130.0280
2024-09-08 20:00:00,130.0250,130.2190,126.5420,126.7110
2024-09-09 00:00:00,126.7110,129.3000,126.5740,128.6310
2024-09-09 04:00:00,128.6340,131.6730,128.2740,130.0730
2024-09-09 08:00:00,130.0740,130.9500,127.8190,128.5090
2024-09-09 12:00:00,128.5090,129.3310,127.4320,129.2210
2024-09-09 16:00:00,129.2210,130.9550,129.1380,129.3760
2024-09-09 20:00:00,129.3770,130.1600,126.8470,128.3390
2024-09-10 00:00:00,128.3440,134.9200,128.1910,134.8810
2024-09-10 04:00:00,134.8880,137.0640,133.6500,135.0140
2024-09-10 08:00:00,135.0140,135.1720,132.7020,132.8610
2024-09-10 12:00:00,132.8610,135.2150,132.4340,134.8850
2024-09-10 16:00:00,134.8840,135.4300,133.9000,135.1370
2024-09-10 20:00:00,135.1380,136.3280,133.2700,134.0480
2024-09-11 00:00:00,134.0530,137.9830,133.6680,136.5530
2024-09-11 04:00:00,136.5560,136.7310,135.0790,135.5630
2024-09-11 08:00:00,135.5640,135.8150,133.2080,133.5860
2024-09-11 12:00:00,133.5770,133.5770,131.0050,132.3380
2024-09-11 16:00:00,132.3380,132.3620,130.3000,131.9250
2024-09-11 20:00:00,131.9250,133.2820,128.1130,131.1140
2024-09-12 00:00:00,131.1130,133.4880,131.0230,132.6050
2024-09-12 04:00:00,132.6140,133.0200,131.9360,132.3460
2024-09-12 08:00:00,132.3450,135.9670,132.2980,135.5370
2024-09-12 12:00:00,135.5340,136.2000,134.2140,134.8310
2024-09-12 16:00:00,134.8180,135.3820,134.1350,134.7160
2024-09-12 20:00:00,134.7110,136.7120,133.3400,133.4990
2024-09-13 00:00:00,133.4980,135.8120,133.4220,135.6880
2024-09-13 04:00:00,135.6880,136.6730,134.9610,135.9970
2024-09-13 08:00:00,135.9970,136.1620,134.2730,134.3750
2024-09-13 12:00:00,134.3750,134.7890,133.6620,134.5260
2024-09-13 16:00:00,134.5270,134.6280,132.4220,132.4990
2024-09-13 20:00:00,132.5000,136.6650,131.6050,136.5570
2024-09-14 00:00:00,136.5490,138.2240,135.9140,137.9830
2024-09-14 04:00:00,137.9890,139.8280,137.8500,138.9160
2024-09-14 08:00:00,138.9160,139.7470,138.4130,139.3410
2024-09-14 12:00:00,139.3410,139.4990,137.3210,137.4380
2024-09-14 16:00:00,137.4390,137.5050,136.4350,136.7350
2024-09-14 20:00:00,136.7460,138.1480,136.5000,137.3120
2024-09-15 00:00:00,137.3120,137.8070,135.4000,136.5060
2024-09-15 04:00:00,136.5060,137.2880,136.5060,137.0680
2024-09-15 08:00:00,137.0620,137.8730,136.9800,137.3880
2024-09-15 12:00:00,137.3870,137.5170,136.7500,137.1000
2024-09-15 16:00:00,137.0990,137.1110,135.1270,135.5310
2024-09-15 20:00:00,135.5300,136.2960,134.5660,135.6860
2024-09-16 00:00:00,135.6850,135.7500,132.8390,133.3930
2024-09-16 04:00:00,133.3930,133.4850,130.3220,131.3190
2024-09-16 08:00:00,131.3200,131.7980,129.1440,130.5430
2024-09-16 12:00:00,130.5420,131.3500,130.3230,131.1780
2024-09-16 16:00:00,131.1790,132.3450,130.6000,131.8330
2024-09-16 20:00:00,131.8330,132.3360,129.8930,131.4110
2024-09-17 00:00:00,131.4110,131.7290,128.8400,131.0710
2024-09-17 04:00:00,131.0640,131.8800,129.8880,131.4120
2024-09-17 08:00:00,131.4110,131.9200,129.8400,131.0740
2024-09-17 12:00:00,131.0750,132.7820,130.6660,132.2000
2024-09-17 16:00:00,132.2000,133.2990,131.6660,131.8750
2024-09-17 20:00:00,131.8740,135.5000,130.8060,134.6050
2024-09-18 00:00:00,134.6050,134.8800,130.9740,132.1770
2024-09-18 04:00:00,132.1870,132.6770,131.1070,131.4670
2024-09-18 08:00:00,131.4680,132.0680,130.1280,131.6140
2024-09-18 12:00:00,131.6130,131.7890,130.5090,131.2600
2024-09-18 16:00:00,131.2630,131.2740,128.0370,129.3470
2024-09-18 20:00:00,129.3480,130.2960,126.9600,127.6180
2024-09-19 00:00:00,127.6190,132.9960,127.1910,129.4410
2024-09-19 04:00:00,129.4380,134.3870,128.3730,134.2990
2024-09-19 08:00:00,134.3000,138.6230,134.1300,137.9630
2024-09-19 12:00:00,137.9630,139.0820,137.5560,138.5110
2024-09-19 16:00:00,138.5140,139.6000,138.2070,139.3680
2024-09-19 20:00:00,139.3670,142.9750,139.3420,142.8930
2024-09-20 00:00:00,142.8930,144.0000,142.3860,143.0050
2024-09-20 04:00:00,143.0090,143.8980,141.0000,142.8200
2024-09-20 08:00:00,142.8190,144.7000,141.1310,144.6100
2024-09-20 12:00:00,144.6100,152.5000,144.3740,151.0230
2024-09-20 16:00:00,151.0230,151.8100,149.9640,150.5080
2024-09-20 20:00:00,150.5030,151.1100,145.9000,147.7910
2024-09-21 00:00:00,147.7920,148.3440,144.7700,146.6330
2024-09-21 04:00:00,146.6310,147.9260,146.2030,146.6270
2024-09-21 08:00:00,146.6260,147.9570,144.9370,145.9250
2024-09-21 12:00:00,145.9210,147.6990,144.5400,147.3710
2024-09-21 16:00:00,147.3710,147.8750,146.3770,147.1420
2024-09-21 20:00:00,147.1410,149.3550,146.6260,147.5600
2024-09-22 00:00:00,147.5600,148.6900,147.0830,147.3130
2024-09-22 04:00:00,147.3090,149.7750,147.1430,149.3720
2024-09-22 08:00:00,149.3720,149.8710,147.0140,148.0080
2024-09-22 12:00:00,148.0080,148.9590,146.3000,147.1480
2024-09-22 16:00:00,147.1470,147.5490,144.0800,144.7750
2024-09-22 20:00:00,144.7740,145.1400,142.6020,143.0600
2024-09-23 00:00:00,143.0590,145.4000,142.3720,144.6040
2024-09-23 04:00:00,144.6030,145.7080,140.9350,144.5870
2024-09-23 08:00:00,144.5880,149.0000,142.0240,147.6690
2024-09-23 12:00:00,147.6700,148.1710,145.1100,145.4180
2024-09-23 16:00:00,145.4190,145.5780,143.0460,143.5320
2024-09-23 20:00:00,143.5320,145.4530,142.5350,144.1230
2024-09-24 00:00:00,144.1230,144.9690,142.6800,143.2710
2024-09-24 04:00:00,143.2760,145.2120,142.3030,144.6910
2024-09-24 08:00:00,144.6910,146.8740,143.0060,146.5680
2024-09-24 12:00:00,146.5680,147.3260,145.2570,147.1420
2024-09-24 16:00:00,147.1430,148.7200,145.8520,146.3800
2024-09-24 20:00:00,146.3800,148.4430,144.1010,145.4670
2024-09-25 00:00:00,145.4660,148.4500,145.2000,148.1820
2024-09-25 04:00:00,148.1860,154.0740,147.9200,152.7120
2024-09-25 08:00:00,152.7120,153.8680,151.0000,151.9060
2024-09-25 12:00:00,151.9070,152.1800,148.9100,149.7260
2024-09-25 16:00:00,149.7260,150.9600,149.3700,150.8860
2024-09-25 20:00:00,150.8860,152.9800,149.6180,150.3470
2024-09-26 00:00:00,150.3470,151.9150,148.7650,149.9190
2024-09-26 04:00:00,149.9190,150.8400,147.2100,147.8800
2024-09-26 08:00:00,147.8950,149.5300,146.5050,149.1590
2024-09-26 12:00:00,149.1600,151.8080,148.6240,151.7640
2024-09-26 16:00:00,151.7640,153.1410,150.4110,152.8700
2024-09-26 20:00:00,152.8710,158.2650,151.2150,157.0950
2024-09-27 00:00:00,157.0950,158.0000,155.3030,155.4490
2024-09-27 04:00:00,155.4490,156.3570,153.6920,155.4800
2024-09-27 08:00:00,155.4800,156.3270,153.7560,155.6390
2024-09-27 12:00:00,155.6400,158.8320,155.5500,157.3990
2024-09-27 16:00:00,157.3990,159.2230,155.6270,155.9680
2024-09-27 20:00:00,155.9670,161.2880,155.3720,158.9960
2024-09-28 00:00:00,158.9950,159.6080,156.8800,157.5030
2024-09-28 04:00:00,157.5010,158.5280,157.2290,157.5910
2024-09-28 08:00:00,157.5910,159.3760,157.5350,158.5840
2024-09-28 12:00:00,158.5850,158.8300,156.0070,156.3250
2024-09-28 16:00:00,156.3260,157.6570,154.8310,157.1370
2024-09-28 20:00:00,157.1380,157.9680,156.1250,156.8080
2024-09-29 00:00:00,156.8090,157.4330,156.3000,156.7920
2024-09-29 04:00:00,156.7930,156.9800,155.5370,156.6820
2024-09-29 08:00:00,156.6830,158.4990,156.1490,157.7870
2024-09-29 12:00:00,157.7870,158.1370,155.0000,155.4310
2024-09-29 16:00:00,155.4310,156.8330,155.0230,156.6890
2024-09-29 20:00:00,156.6900,157.5000,155.5520,157.2100
2024-09-30 00:00:00,157.2100,159.7010,156.6050,159.4000
2024-09-30 04:00:00,159.4000,161.7610,157.8160,158.3850
2024-09-30 08:00:00,158.3860,159.7440,155.1600,156.1070
2024-09-30 12:00:00,156.1070,157.7180,155.0990,156.8120
2024-09-30 16:00:00,156.8120,156.8950,153.7100,155.5600
2024-09-30 20:00:00,155.5600,157.3640,154.0080,154.1000
2024-10-01 00:00:00,154.0990,155.7200,153.8900,155.0430
2024-10-01 04:00:00,155.0440,156.9000,151.6580,152.4280
2024-10-01 08:00:00,152.4280,155.2320,151.4140,155.0440
2024-10-01 12:00:00,155.0450,157.0980,154.7500,156.7570
2024-10-01 16:00:00,156.7570,157.2880,155.8900,156.4550
2024-10-01 20:00:00,156.4550,156.6600,146.1200,149.5260
2024-10-02 00:00:00,149.5260,149.9330,142.4400,145.3790
2024-10-02 04:00:00,145.3910,146.3560,142.2000,145.0710
2024-10-02 08:00:00,145.0690,147.9750,143.3500,147.1320
2024-10-02 12:00:00,147.1320,148.8830,146.1200,147.6720
2024-10-02 16:00:00,147.6720,148.3930,145.1070,146.0730
2024-10-02 20:00:00,146.0730,147.6170,142.6600,147.3670
2024-10-03 00:00:00,147.3680,148.3650,138.5000,139.8880
2024-10-03 04:00:00,139.8880,141.6490,138.5520,140.0820
2024-10-03 08:00:00,140.0830,142.8750,138.5870,142.8100
2024-10-03 12:00:00,142.8100,142.8100,139.8150,139.8400
2024-10-03 16:00:00,139.8400,140.0080,135.1140,136.7830
2024-10-03 20:00:00,136.7830,138.4870,133.0020,135.4990
2024-10-04 00:00:00,135.5030,137.3730,133.5600,137.2480
2024-10-04 04:00:00,137.2470,137.8000,135.1920,136.7330
2024-10-04 08:00:00,136.7270,138.6260,135.8640,137.2620
2024-10-04 12:00:00,137.2620,139.7000,137.2010,139.4640
2024-10-04 16:00:00,139.4630,140.9840,139.0960,140.0240
2024-10-04 20:00:00,140.0220,142.5980,138.0420,142.3640
2024-10-05 00:00:00,142.3630,144.4980,141.7610,143.8160
2024-10-05 04:00:00,143.8160,144.4870,142.5270,143.1590
2024-10-05 08:00:00,143.1580,144.0000,141.6140,141.7710
2024-10-05 12:00:00,141.7710,144.4890,141.5000,143.7640
2024-10-05 16:00:00,143.7650,144.8930,143.2140,143.3560
2024-10-05 20:00:00,143.3560,144.0960,142.4010,142.8140
2024-10-06 00:00:00,142.8140,142.9590,141.9190,142.1170
2024-10-06 04:00:00,142.1170,142.9500,141.0040,142.5380
2024-10-06 08:00:00,142.5410,143.6440,141.9290,142.6290
2024-10-06 12:00:00,142.6340,143.3840,142.0240,142.9260
2024-10-06 16:00:00,142.9260,144.2720,142.5540,143.9640
2024-10-06 20:00:00,143.9650,146.5940,143.8880,145.9040
2024-10-07 00:00:00,145.9030,146.4380,144.8000,145.3400
2024-10-07 04:00:00,145.3390,146.7440,144.2280,146.4120
2024-10-07 08:00:00,146.3990,150.9920,145.8000,149.8700
2024-10-07 12:00:00,149.8700,150.4410,147.8930,147.9820
2024-10-07 16:00:00,147.9820,149.1460,145.5370,147.3330
2024-10-07 20:00:00,147.3330,152.2800,146.2880,148.6250
2024-10-08 00:00:00,148.6300,149.3480,145.3450,147.0290
2024-10-08 04:00:00,147.0280,147.2200,143.3530,143.9090
2024-10-08 08:00:00,143.9090,145.5210,143.3880,144.6460
2024-10-08 12:00:00,144.6450,144.9870,142.0900,143.0200
2024-10-08 16:00:00,143.0200,144.5530,142.6540,144.4010
2024-10-08 20:00:00,144.4000,145.4720,141.0400,142.7280
2024-10-09 00:00:00,142.7280,143.9790,141.6360,143.6580
2024-10-09 04:00:00,143.6610,144.6580,142.5800,143.4170
2024-10-09 08:00:00,143.4170,145.2850,143.0000,143.8560
2024-10-09 12:00:00,143.8520,144.2370,142.5760,143.1000
2024-10-09 16:00:00,143.1010,143.4440,142.4200,143.1440
2024-10-09 20:00:00,143.1440,143.2950,140.0210,142.7280
2024-10-10 00:00:00,142.7280,142.8050,139.7060,141.0660
2024-10-10 04:00:00,141.0660,141.0660,138.6110,139.2660
2024-10-10 08:00:00,139.2650,140.3230,137.5440,139.8190
2024-10-10 12:00:00,139.8190,140.9000,139.4130,139.6200
2024-10-10 16:00:00,139.6210,140.4420,137.3330,140.3480
2024-10-10 20:00:00,140.3470,140.7000,136.1200,138.5980
2024-10-11 00:00:00,138.5990,139.0240,135.4270,138.0300
2024-10-11 04:00:00,138.0300,138.9990,137.1030,138.9630
2024-10-11 08:00:00,138.9620,141.4720,138.6480,140.7830
2024-10-11 12:00:00,140.7830,141.9830,140.5870,141.1090
2024-10-11 16:00:00,141.1090,142.6000,140.8500,141.8930
2024-10-11 20:00:00,141.8940,145.4810,141.7860,144.3030
2024-10-12 00:00:00,144.3030,146.4480,143.8560,145.3560
2024-10-12 04:00:00,145.3550,146.3450,145.0580,145.4700
2024-10-12 08:00:00,145.4690,146.5430,144.6390,145.0830
2024-10-12 12:00:00,145.0830,145.9230,145.0830,145.4820
2024-10-12 16:00:00,145.4810,147.1540,145.3870,146.1720
2024-10-12 20:00:00,146.1730,147.2000,145.6070,146.0120
2024-10-13 00:00:00,146.0130,147.1420,146.0120,146.7190
2024-10-13 04:00:00,146.7190,147.1460,146.2440,146.3180
2024-10-13 08:00:00,146.3180,146.9690,145.0670,145.2590
2024-10-13 12:00:00,145.2600,146.9210,145.2080,146.3780
2024-10-13 16:00:00,146.3770,148.3490,146.3280,146.3920
2024-10-13 20:00:00,146.3920,147.9940,144.3820,145.2620
2024-10-14 00:00:00,145.2600,146.4610,144.6080,145.9470
2024-10-14 04:00:00,145.9480,148.8290,145.5640,147.6450
2024-10-14 08:00:00,147.6460,152.4900,146.7050,152.4310
2024-10-14 12:00:00,152.4300,153.3060,150.8340,152.9500
2024-10-14 16:00:00,152.9600,153.9000,151.9000,153.0800
2024-10-14 20:00:00,153.0900,159.0000,152.4600,156.6500
2024-10-15 00:00:00,156.6600,156.8500,154.6300,155.5700
2024-10-15 04:00:00,155.5600,158.0300,155.3100,157.5200
2024-10-15 08:00:00,157.5200,158.2500,155.0500,155.4400
2024-10-15 12:00:00,155.4500,156.2900,153.7100,155.0600
2024-10-15 16:00:00,155.0600,155.4900,151.7000,152.3700
2024-10-15 20:00:00,152.3800,159.9800,150.1900,153.2300
2024-10-16 00:00:00,153.2400,156.2800,153.0200,155.1300
2024-10-16 04:00:00,155.1100,155.2200,152.0100,154.6900
2024-10-16 08:00:00,154.6800,156.0700,152.9000,154.1400
2024-10-16 12:00:00,154.1400,154.8700,152.9000,153.5800
2024-10-16 16:00:00,153.5900,158.3600,153.3200,155.7900
2024-10-16 20:00:00,155.8000,156.8700,153.7800,155.6300
2024-10-17 00:00:00,155.6400,155.9200,154.0100,154.2900
2024-10-17 04:00:00,154.2900,155.1000,153.5100,154.1900
2024-10-17 08:00:00,154.1900,155.7000,153.6500,154.5300
2024-10-17 12:00:00,154.5300,154.7200,151.5000,152.5300
2024-10-17 16:00:00,152.5300,153.4000,151.0300,151.2600
2024-10-17 20:00:00,151.2500,153.2100,150.7200,152.8200
2024-10-18 00:00:00,152.8200,152.8500,147.6200,149.3300
2024-10-18 04:00:00,149.3400,150.9200,149.1800,150.4500
2024-10-18 08:00:00,150.4400,153.1640,149.5500,151.8400
2024-10-18 12:00:00,151.8300,154.1490,151.8300,153.8500
2024-10-18 16:00:00,153.8500,154.2700,152.8000,152.9600
2024-10-18 20:00:00,152.9600,155.2100,152.0600,154.6500
2024-10-19 00:00:00,154.6500,156.6400,153.5200,154.7500
2024-10-19 04:00:00,154.7500,155.0900,153.6600,154.8600
2024-10-19 08:00:00,154.8600,155.9300,154.1200,154.4900
2024-10-19 12:00:00,154.5000,155.1000,154.0200,154.4700
2024-10-19 16:00:00,154.4700,154.9900,153.5100,153.7700
2024-10-19 20:00:00,153.7600,157.4700,153.7200,156.4100
2024-10-20 00:00:00,156.4100,156.9200,155.2400,156.3100
2024-10-20 04:00:00,156.3100,159.7800,156.0400,159.7000
2024-10-20 08:00:00,159.7000,160.5900,158.0600,158.9600
2024-10-20 12:00:00,158.9500,160.5600,158.5200,158.7200
2024-10-20 16:00:00,158.7200,159.3500,158.2800,159.1500
2024-10-20 20:00:00,159.1400,161.5300,157.5400,159.9300
2024-10-21 00:00:00,159.9400,161.1700,159.1000,160.2900
2024-10-21 04:00:00,160.2900,167.9500,160.0600,167.4200
2024-10-21 08:00:00,167.4200,170.1300,167.1900,169.5600
2024-10-21 12:00:00,169.5600,171.9300,168.6100,168.7200
2024-10-21 16:00:00,168.7200,169.6900,165.8000,166.4700
2024-10-21 20:00:00,166.4800,167.1500,161.3500,165.3600
2024-10-22 00:00:00,165.3500,168.0400,163.0300,167.7500
2024-10-22 04:00:00,167.7500,168.2200,166.0000,166.1300
2024-10-22 08:00:00,166.1200,167.8900,162.9600,166.3800
2024-10-22 12:00:00,166.3800,168.9900,166.0900,167.1100
2024-10-22 16:00:00,167.1000,169.3700,163.5000,167.8900
2024-10-22 20:00:00,167.8900,170.9500,164.7900,167.7500
2024-10-23 00:00:00,167.7500,169.1400,165.9000,168.4100
2024-10-23 04:00:00,168.4100,169.1400,166.7200,167.5600
2024-10-23 08:00:00,167.5600,167.9090,164.5000,165.4500
2024-10-23 12:00:00,165.4400,166.3600,164.2400,165.6700
2024-10-23 16:00:00,165.6600,166.9200,164.1000,166.3500
2024-10-23 20:00:00,166.3500,169.5000,164.8700,168.0700
2024-10-24 00:00:00,168.0700,173.8000,164.6000,173.0200
2024-10-24 04:00:00,173.0300,174.3200,170.0000,170.8100
2024-10-24 08:00:00,170.8200,174.9600,170.4600,174.1100
2024-10-24 12:00:00,174.1000,175.2500,172.7000,173.5000
2024-10-24 16:00:00,173.4900,174.3900,170.8700,173.7800
2024-10-24 20:00:00,173.7900,177.2500,173.6200,175.3600
2024-10-25 00:00:00,175.3600,177.7900,174.4700,177.3530
2024-10-25 04:00:00,177.3530,179.3000,176.3900,177.1000
2024-10-25 08:00:00,177.1000,177.4000,174.3100,174.6500
2024-10-25 12:00:00,174.6500,175.0300,171.4300,171.8500
2024-10-25 16:00:00,171.8500,174.0700,170.7000,173.5600
2024-10-25 20:00:00,173.5600,177.5600,171.1300,172.3500
2024-10-26 00:00:00,172.3400,172.9700,165.0000,167.9000
2024-10-26 04:00:00,167.9000,168.7900,159.1200,164.8000
2024-10-26 08:00:00,164.8100,165.9000,162.4100,165.5900
2024-10-26 12:00:00,165.6000,169.1800,165.2500,167.2500
2024-10-26 16:00:00,167.2600,170.2800,167.2300,168.6100
2024-10-26 20:00:00,168.6200,169.4100,167.1000,168.5600
2024-10-27 00:00:00,168.5600,172.2800,168.2800,171.4400
2024-10-27 04:00:00,171.4500,173.2000,170.6000,170.8100
2024-10-27 08:00:00,170.8100,173.1500,170.2000,172.0500
2024-10-27 12:00:00,172.0400,173.4200,171.5600,173.1700
2024-10-27 16:00:00,173.1600,175.4600,173.0800,173.9600
2024-10-27 20:00:00,173.9600,176.9700,173.9500,175.7100
2024-10-28 00:00:00,175.7100,177.7500,174.6200,177.1300
2024-10-28 04:00:00,177.1400,178.2200,176.5100,176.5800
2024-10-28 08:00:00,176.5800,177.1220,174.6600,175.6700
2024-10-28 12:00:00,175.6700,176.6700,173.0600,175.5900
2024-10-28 16:00:00,175.6000,178.4700,175.5100,176.8800
2024-10-28 20:00:00,176.8700,177.9000,173.1600,173.3400
2024-10-29 00:00:00,173.3400,178.1000,172.3100,176.1700
2024-10-29 04:00:00,176.5600,179.8000,176.2200,178.2000
2024-10-29 08:00:00,178.2000,182.2600,177.0600,181.8000
2024-10-29 12:00:00,181.7900,182.8100,179.4100,180.1300
2024-10-29 16:00:00,180.1200,181.8100,179.9200,180.7300
2024-10-29 20:00:00,180.7200,181.0100,178.3100,180.5400
2024-10-30 00:00:00,180.5400,183.3400,178.0400,178.1300
2024-10-30 04:00:00,178.1400,180.2400,176.3100,179.4000
2024-10-30 08:00:00,179.4000,180.9300,176.8800,180.1300
2024-10-30 12:00:00,180.1200,181.3900,178.1600,178.7100
2024-10-30 16:00:00,178.7200,179.3600,175.2900,175.6900
2024-10-30 20:00:00,175.6900,177.2400,173.1100,173.9300
2024-10-31 00:00:00,173.9200,175.7800,171.7000,174.2500
2024-10-31 04:00:00,174.2500,177.0000,173.0730,174.8300
2024-10-31 08:00:00,174.8200,176.5500,174.1100,174.3400
2024-10-31 12:00:00,174.3400,176.0100,173.1000,174.4900
2024-10-31 16:00:00,174.5000,176.3400,173.2200,174.9900
2024-10-31 20:00:00,174.9900,175.4300,169.2000,170.6000
2024-11-01 00:00:00,170.6000,170.7500,168.4500,168.6800
2024-11-01 04:00:00,168.6800,170.2400,167.4600,168.6200
2024-11-01 08:00:00,168.6200,169.4200,165.3300,167.1100
2024-11-01 12:00:00,167.1000,167.6000,165.0300,165.9300
2024-11-01 16:00:00,165.9400,168.7200,165.5100,167.8500
2024-11-01 20:00:00,167.8500,173.9900,163.0000,164.0000
2024-11-02 00:00:00,164.0000,167.7900,163.5800,166.5100
2024-11-02 04:00:00,166.5200,167.0900,163.8400,166.0100
2024-11-02 08:00:00,166.0100,168.5700,165.9300,166.9600
2024-11-02 12:00:00,166.9600,167.6100,165.5900,167.5400
2024-11-02 16:00:00,167.5400,167.7800,165.7700,165.9200
2024-11-02 20:00:00,165.9200,166.3500,162.1000,163.7300
2024-11-03 00:00:00,163.7400,165.3500,162.9100,165.0800
2024-11-03 04:00:00,165.0900,166.8600,164.8300,166.0900
2024-11-03 08:00:00,166.0900,166.5400,160.7100,161.8600
2024-11-03 12:00:00,161.8700,164.0300,161.6900,163.4700
2024-11-03 16:00:00,163.4700,164.7700,162.5800,163.5300
2024-11-03 20:00:00,163.5300,164.5500,157.7700,159.8700
2024-11-04 00:00:00,159.8700,161.8000,158.0000,161.0000
2024-11-04 04:00:00,160.9900,163.7500,160.4200,162.4400
2024-11-04 08:00:00,162.4500,164.9530,160.3600,162.7600
2024-11-04 12:00:00,162.7500,163.7900,161.2940,161.3200
2024-11-04 16:00:00,161.3100,164.7800,160.0000,163.9800
2024-11-04 20:00:00,163.9800,164.9300,161.5200,162.9700
2024-11-05 00:00:00,162.9600,163.3900,159.0600,159.5400
2024-11-05 04:00:00,159.5300,159.9400,155.0300,157.8700
2024-11-05 08:00:00,157.8600,159.6000,156.8100,159.5500
2024-11-05 12:00:00,159.5600,162.3400,159.2400,161.9200
2024-11-05 16:00:00,161.9200,163.0200,160.9200,162.2600
2024-11-05 20:00:00,162.2700,167.7900,161.7400,165.8300
2024-11-06 00:00:00,165.8400,169.2000,163.3000,163.9700
2024-11-06 04:00:00,163.9700,167.5800,163.1300,166.5500
2024-11-06 08:00:00,166.5500,185.0000,166.2700,184.9100
2024-11-06 12:00:00,184.9100,188.4300,182.6900,184.0800
2024-11-06 16:00:00,184.0700,186.8700,180.3300,186.7700
2024-11-06 20:00:00,186.7800,188.7200,184.3300,185.5700
2024-11-07 00:00:00,185.5700,188.4600,184.7800,188.4600
2024-11-07 04:00:00,188.4500,190.1800,186.4300,186.6100
2024-11-07 08:00:00,186.6000,192.0800,185.8000,189.1800
2024-11-07 12:00:00,189.1700,190.2100,186.1000,188.0800
2024-11-07 16:00:00,188.0800,189.4200,186.0100,186.1000
2024-11-07 20:00:00,186.1000,192.8400,185.9800,192.7400
2024-11-08 00:00:00,192.7400,197.9400,191.0810,197.0600
2024-11-08 04:00:00,197.0600,197.8900,194.1900,196.4700
2024-11-08 08:00:00,196.4600,201.2600,195.6900,198.2300
2024-11-08 12:00:00,198.2200,200.9300,197.3900,200.5000
2024-11-08 16:00:00,200.5000,205.0000,198.1500,203.1100
2024-11-08 20:00:00,203.1100,205.3300,198.5000,201.0100
2024-11-09 00:00:00,201.0100,202.1400,196.2300,199.5700
2024-11-09 04:00:00,199.5600,200.2300,197.1200,199.9200
2024-11-09 08:00:00,199.9300,200.3700,197.2400,199.0200
2024-11-09 12:00:00,199.0200,202.5000,199.0200,200.3100
2024-11-09 16:00:00,200.3100,203.5600,199.9500,202.2500
2024-11-09 20:00:00,202.2500,202.6500,197.3100,198.4000
2024-11-10 00:00:00,198.4000,199.6800,195.0200,197.7700
2024-11-10 04:00:00,197.7700,202.0600,197.4100,199.9400
2024-11-10 08:00:00,199.9500,205.0200,198.7400,201.4300
2024-11-10 12:00:00,201.4300,209.5000,200.9200,205.0800
2024-11-10 16:00:00,205.0900,207.7000,204.0700,206.7800
2024-11-10 20:00:00,206.7800,213.7400,203.6000,212.5600
2024-11-11 00:00:00,212.5600,215.6400,206.2000,208.6000
2024-11-11 04:00:00,208.6000,214.2500,200.0000,210.2900
2024-11-11 08:00:00,210.2900,212.7200,208.3000,210.1200
2024-11-11 12:00:00,210.1300,210.3900,204.2600,208.0800
2024-11-11 16:00:00,208.0800,217.8800,206.6900,217.8200
2024-11-11 20:00:00,217.8100,221.3900,214.6600,219.1800
2024-11-12 00:00:00,219.1800,222.5400,216.4000,217.9600
2024-11-12 04:00:00,217.9600,224.3500,216.8000,222.3300
2024-11-12 08:00:00,222.3300,222.7700,215.3000,220.8900
2024-11-12 12:00:00,220.8900,222.1800,216.3700,222.0200
2024-11-12 16:00:00,222.0100,225.6900,209.2400,211.5000
2024-11-12 20:00:00,211.5000,214.3900,205.0100,210.6500
2024-11-13 00:00:00,210.6600,215.5800,206.8100,213.3600
2024-11-13 04:00:00,213.3700,215.7100,210.2300,211.7700
2024-11-13 08:00:00,211.7700,213.4300,203.1100,203.3200
2024-11-13 12:00:00,203.3100,207.3900,200.8500,205.3700
2024-11-13 16:00:00,205.3800,209.4500,204.0100,207.8000
2024-11-13 20:00:00,207.8100,217.5600,206.0400,216.6900
2024-11-14 00:00:00,216.7000,220.7700,210.4000,211.0100
2024-11-14 04:00:00,211.0200,215.6600,206.0600,215.2800
2024-11-14 08:00:00,215.2900,219.6700,212.1900,219.6100
2024-11-14 12:00:00,219.6100,220.9900,215.2600,218.2300
2024-11-14 16:00:00,218.2300,223.0400,213.6100,216.1400
2024-11-14 20:00:00,216.1300,218.0800,208.9600,211.0200
2024-11-15 00:00:00,211.0200,217.2800,210.0000,215.7200
2024-11-15 04:00:00,215.7200,215.7200,206.8500,209.6500
2024-11-15 08:00:00,209.6400,213.0200,208.0600,209.1700
2024-11-15 12:00:00,209.1600,210.7500,204.5100,209.2900
2024-11-15 16:00:00,209.3000,213.9840,207.9200,213.6300
2024-11-15 20:00:00,213.6300,215.4400,206.7500,208.3200
2024-11-16 00:00:00,208.3200,213.6500,208.1000,212.4600
2024-11-16 04:00:00,212.4700,221.0500,212.3200,218.6800
2024-11-16 08:00:00,218.6900,221.8800,216.0500,221.5300
2024-11-16 12:00:00,221.5200,222.1600,218.6100,219.0800
2024-11-16 16:00:00,219.0900,219.9500,216.7600,219.1000
2024-11-16 20:00:00,219.1100,222.1300,213.7400,215.1200
2024-11-17 00:00:00,215.1200,217.1100,213.4500,216.3300
2024-11-17 04:00:00,216.3400,217.4900,214.0900,215.8700
2024-11-17 08:00:00,215.8600,221.6200,212.1800,221.5500
2024-11-17 12:00:00,221.5500,240.2900,221.5500,237.5000
2024-11-17 16:00:00,237.4900,242.4900,234.5000,235.0500
2024-11-17 20:00:00,235.0500,236.3300,229.4400,234.1100
2024-11-18 00:00:00,234.1200,235.8000,231.4000,235.5500
2024-11-18 04:00:00,235.5600,238.6100,231.7600,237.6100
2024-11-18 08:00:00,237.6200,244.5000,234.1200,244.4100
2024-11-18 12:00:00,244.4400,245.5000,239.5300,242.2200
2024-11-18 16:00:00,242.2100,248.6600,240.0000,242.7320
2024-11-18 20:00:00,242.7320,245.1800,238.2000,243.5300
2024-11-19 00:00:00,243.5300,244.1600,234.3100,236.5100
2024-11-19 04:00:00,236.5000,241.1000,235.8800,239.9600
2024-11-19 08:00:00,239.9700,243.5900,237.6500,240.7900
2024-11-19 12:00:00,240.7900,244.6100,238.8000,243.4900
2024-11-19 16:00:00,243.4900,247.3700,242.0500,246.2300
2024-11-19 20:00:00,246.2400,247.8200,238.5000,240.6800
2024-11-20 00:00:00,240.6800,244.7500,240.1100,243.7300
2024-11-20 04:00:00,243.7300,244.4500,233.4700,237.6900
2024-11-20 08:00:00,237.6800,237.9500,230.5600,233.8700
2024-11-20 12:00:00,233.8600,236.3900,231.4900,235.9100
2024-11-20 16:00:00,235.9200,238.8200,234.7000,237.5300
2024-11-20 20:00:00,237.5300,242.5800,235.4500,238.3500
2024-11-21 00:00:00,238.3200,239.1400,231.0300,232.9700
2024-11-21 04:00:00,232.9700,238.0000,231.7000,235.4700
2024-11-21 08:00:00,235.4600,238.7400,229.3500,235.7600
2024-11-21 12:00:00,235.7600,242.8400,235.6100,241.4400
2024-11-21 16:00:00,241.4500,243.4600,239.9500,240.0100
2024-11-21 20:00:00,240.0100,253.4700,239.9800,249.0300
2024-11-22 00:00:00,249.0300,260.2800,248.4100,254.1900
2024-11-22 04:00:00,254.1800,257.7500,253.1600,256.5900
2024-11-22 08:00:00,256.5900,264.6400,252.5200,262.6700
2024-11-22 12:00:00,262.6700,263.0000,258.0300,259.3900
2024-11-22 16:00:00,259.3900,261.1700,256.3600,259.4300
2024-11-22 20:00:00,259.4400,260.5700,252.5800,256.5600
2024-11-23 00:00:00,256.5700,256.5700,251.5100,254.1900
2024-11-23 04:00:00,254.1900,258.1800,253.4200,257.1000
2024-11-23 08:00:00,257.1100,257.9500,253.4300,257.4100
2024-11-23 12:00:00,257.4200,264.4000,257.0900,258.4500
2024-11-23 16:00:00,258.4500,259.7200,256.0000,256.2800
2024-11-23 20:00:00,256.2800,263.8300,256.0400,259.9400
2024-11-24 00:00:00,259.9400,260.6200,254.2600,254.5800
2024-11-24 04:00:00,254.5800,256.2800,252.8400,255.0700
2024-11-24 08:00:00,255.0700,260.0900,254.6100,258.8100
2024-11-24 12:00:00,258.8100,259.4900,254.3300,256.8400
2024-11-24 16:00:00,256.8400,257.0000,248.1700,248.6200
2024-11-24 20:00:00,248.6200,250.3900,241.1000,244.4000
2024-11-25 00:00:00,244.3900,250.5300,243.8600,248.7100
2024-11-25 04:00:00,248.7000,254.9400,248.2800,252.9400
2024-11-25 08:00:00,252.9500,253.4300,245.8100,252.6100
2024-11-25 12:00:00,252.6000,254.2700,251.8300,253.4700
2024-11-25 16:00:00,253.4600,257.0400,251.3700,252.3300
2024-11-25 20:00:00,252.3200,252.7300,235.2500,245.0800
2024-11-26 00:00:00,245.0700,246.3600,237.4200,239.7700
2024-11-26 04:00:00,239.7800,241.2400,231.2800,234.2900
2024-11-26 08:00:00,234.2800,239.5900,233.7100,237.5600
2024-11-26 12:00:00,237.5600,239.7400,235.0100,235.8300
2024-11-26 16:00:00,235.8300,236.6700,221.7100,227.7300
2024-11-26 20:00:00,227.7400,232.4800,225.8000,227.3800
2024-11-27 00:00:00,227.3900,232.5800,223.4300,229.0900
2024-11-27 04:00:00,229.0900,232.2400,227.4600,230.7300
2024-11-27 08:00:00,230.7200,233.8100,228.0700,231.4800
2024-11-27 12:00:00,231.5000,234.9900,227.4500,234.3100
2024-11-27 16:00:00,234.3200,237.1800,232.0400,235.0400
2024-11-27 20:00:00,235.0300,241.0000,232.6500,240.5900
2024-11-28 00:00:00,240.5900,241.1700,237.7400,239.1000
2024-11-28 04:00:00,239.1000,243.4200,238.8100,242.0500
2024-11-28 08:00:00,242.0400,245.3800,238.0900,240.0300
2024-11-28 12:00:00,240.0400,241.1900,236.5500,238.0600
2024-11-28 16:00:00,238.0700,239.2500,234.3200,236.9100
2024-11-28 20:00:00,236.9000,237.7800,232.7800,233.0600
2024-11-29 00:00:00,233.0600,237.0700,233.0600,235.4800
2024-11-29 04:00:00,235.4900,238.4000,234.8800,237.6000
2024-11-29 08:00:00,237.6000,243.1900,236.5200,242.0500
2024-11-29 12:00:00,242.0400,242.2700,237.6000,237.6700
2024-11-29 16:00:00,237.6700,245.6400,237.6700,245.3400
2024-11-29 20:00:00,245.3300,246.8800,242.1800,243.5800
2024-11-30 00:00:00,243.5900,244.6600,240.0800,241.2700
2024-11-30 04:00:00,241.2700,245.4600,241.1000,243.4400
2024-11-30 08:00:00,243.4400,243.4500,239.0000,243.0300
2024-11-30 12:00:00,243.0400,245.2900,241.6800,244.3700
2024-11-30 16:00:00,244.3800,245.5900,240.1400,241.5700
2024-11-30 20:00:00,241.5700,243.2500,238.7100,240.0000
2024-12-01 00:00:00,240.0000,240.7200,238.9100,240.0600
2024-12-01 04:00:00,240.0600,241.3600,237.5500,237.7300
2024-12-01 08:00:00,237.7300,240.0600,234.1800,235.7600
2024-12-01 12:00:00,235.7600,237.0600,235.1100,235.6500
2024-12-01 16:00:00,235.6500,239.0300,235.5000,237.2800
2024-12-01 20:00:00,237.2700,239.5000,236.3300,238.6800
2024-12-02 00:00:00,238.6800,239.5800,235.1200,236.5000
2024-12-02 04:00:00,236.4900,239.4000,234.3400,237.0600
2024-12-02 08:00:00,237.0600,238.5900,228.0000,228.5700
2024-12-02 12:00:00,228.5600,230.4900,226.0500,228.8000
2024-12-02 16:00:00,228.7900,229.0100,223.0700,224.9800
2024-12-02 20:00:00,224.9800,229.7700,221.7100,229.3500
2024-12-03 00:00:00,229.3600,230.2000,220.1100,224.1800
2024-12-03 04:00:00,224.1700,226.0000,221.3600,225.8800
2024-12-03 08:00:00,225.8700,229.5500,223.3700,228.1000
2024-12-03 12:00:00,228.1000,231.1900,225.2200,227.1200
2024-12-03 16:00:00,227.1200,228.7300,223.0400,225.7900
2024-12-03 20:00:00,225.7700,226.5500,215.1100,223.4500
2024-12-04 00:00:00,223.4500,228.6500,220.5000,228.3700
2024-12-04 04:00:00,228.3600,239.8100,227.8800,234.1000
2024-12-04 08:00:00,234.1200,240.8600,234.1200,237.8500
2024-12-04 12:00:00,237.8500,241.0700,236.0000,236.8500
2024-12-04 16:00:00,236.8500,238.2000,235.1500,236.2000
2024-12-04 20:00:00,236.2100,236.3700,230.0700,233.9800
2024-12-05 00:00:00,233.9900,234.2800,224.8200,232.8300
2024-12-05 04:00:00,232.8300,236.5000,226.0000,229.3200
2024-12-05 08:00:00,229.3200,238.9500,223.1100,233.1900
2024-12-05 12:00:00,233.1900,238.5500,231.6100,234.0700
2024-12-05 16:00:00,234.0800,242.8600,233.7200,242.1400
2024-12-05 20:00:00,242.1400,245.1200,236.2900,239.2400
2024-12-06 00:00:00,239.2400,243.1900,232.5600,233.3200
2024-12-06 04:00:00,233.3300,240.8800,224.0000,236.0500
2024-12-06 08:00:00,236.0500,247.3200,234.6200,242.1900
2024-12-06 12:00:00,242.1900,243.1000,237.8300,239.5000
2024-12-06 16:00:00,239.5000,240.6900,233.7200,234.2700
2024-12-06 20:00:00,234.2600,240.0000,231.0300,238.2000
2024-12-07 00:00:00,238.2000,240.6700,237.2200,239.9700
2024-12-07 04:00:00,239.9600,240.9900,235.5200,237.0800
2024-12-07 08:00:00,237.0800,237.6700,234.2100,235.0800
2024-12-07 12:00:00,235.0800,236.7500,234.5100,236.3700
2024-12-07 16:00:00,236.3700,239.5100,235.1600,238.3400
2024-12-07 20:00:00,238.3300,243.4700,237.4800,241.0200
2024-12-08 00:00:00,241.0200,242.8000,239.0800,241.9100
2024-12-08 04:00:00,241.9200,243.8900,237.9200,238.3000
2024-12-08 08:00:00,238.2900,241.7600,237.8000,240.8700
2024-12-08 12:00:00,240.8600,241.2800,236.7200,237.7400
2024-12-08 16:00:00,237.7400,237.9400,233.3300,236.0800
2024-12-08 20:00:00,236.0800,237.8400,234.6000,237.5300
2024-12-09 00:00:00,237.5300,237.9000,234.2000,236.7000
2024-12-09 04:00:00,236.7000,237.9900,234.7700,237.2400
2024-12-09 08:00:00,237.2300,237.5000,230.3500,232.0000
2024-12-09 12:00:00,232.0000,232.9800,228.3900,231.6900
2024-12-09 16:00:00,231.6900,231.9500,225.5000,226.1600
2024-12-09 20:00:00,226.1600,231.8700,223.0300,224.4700
2024-12-10 00:00:00,224.4700,226.3200,221.8600,222.1700
2024-12-10 04:00:00,222.1600,226.1000,200.0000,216.6500
2024-12-10 08:00:00,216.6600,221.0200,206.9500,215.8300
2024-12-10 12:00:00,215.8300,218.7100,212.2000,217.3200
2024-12-10 16:00:00,217.3100,218.5800,215.1000,216.1800
2024-12-10 20:00:00,216.1700,218.5600,206.2100,206.4900
2024-12-11 00:00:00,206.5000,212.7040,203.1700,212.0400
2024-12-11 04:00:00,212.0300,216.2200,211.2400,213.5800
2024-12-11 08:00:00,213.5800,219.3300,211.4300,219.3100
2024-12-11 12:00:00,219.3200,220.2600,216.8600,218.4000
2024-12-11 16:00:00,218.4000,225.3800,218.2300,224.6900
2024-12-11 20:00:00,224.7000,230.2500,224.0100,228.3600
2024-12-12 00:00:00,228.3800,230.4700,227.2300,229.7500
2024-12-12 04:00:00,229.7600,230.6500,226.7800,227.2900
2024-12-12 08:00:00,227.2900,232.0000,225.6500,230.3300
2024-12-12 12:00:00,230.3300,232.9300,228.8500,229.9900
2024-12-12 16:00:00,229.9800,233.4800,228.2900,229.5500
2024-12-12 20:00:00,229.5600,233.3000,228.5100,231.1800
2024-12-13 00:00:00,231.1900,234.6600,226.5200,227.1700
2024-12-13 04:00:00,227.1600,229.6700,225.6500,226.8800
2024-12-13 08:00:00,226.8800,228.4000,224.1800,227.1100
2024-12-13 12:00:00,227.1100,227.4400,223.0800,224.7200
2024-12-13 16:00:00,224.7100,227.2400,223.7900,225.5300
2024-12-13 20:00:00,225.5300,226.6200,220.6000,221.0200
2024-12-14 00:00:00,221.0200,223.8400,220.5000,223.2300
2024-12-14 04:00:00,223.2400,224.8500,223.0100,224.7100
2024-12-14 08:00:00,224.7100,226.9700,223.6100,226.1300
2024-12-14 12:00:00,226.1300,227.4000,225.0200,225.8800
2024-12-14 16:00:00,225.8800,226.6800,224.0200,224.2900
2024-12-14 20:00:00,224.2900,224.5900,220.3300,222.4600
2024-12-15 00:00:00,222.4500,222.4800,216.6400,217.9700
2024-12-15 04:00:00,217.9800,220.8200,215.0400,219.8400
2024-12-15 08:00:00,219.8500,221.7000,218.7700,219.3500
2024-12-15 12:00:00,219.3500,221.8100,215.5500,217.1400
2024-12-15 16:00:00,217.1400,220.1100,216.3800,218.3500
2024-12-15 20:00:00,218.3600,221.4400,217.2500,220.8200
2024-12-16 00:00:00,220.8200,222.3900,220.4000,221.1500
2024-12-16 04:00:00,221.1600,225.5100,216.0900,224.2100
2024-12-16 08:00:00,224.2100,227.4100,220.3200,221.1500
2024-12-16 12:00:00,221.1500,223.8400,220.5000,223.0800
2024-12-16 16:00:00,223.0700,223.2700,213.5000,214.0300
2024-12-16 20:00:00,214.0400,218.0400,213.1200,216.9000
2024-12-17 00:00:00,216.9000,221.7000,216.7700,218.3300
2024-12-17 04:00:00,218.3300,218.9200,215.7400,216.0800
2024-12-17 08:00:00,216.0900,216.6500,211.1500,215.3600
2024-12-17 12:00:00,215.3500,216.5000,212.9400,215.4900
2024-12-17 16:00:00,215.4900,223.8100,215.4200,221.5600
2024-12-17 20:00:00,221.5600,227.5000,216.9500,220.4600
2024-12-18 00:00:00,220.4500,228.9000,219.8200,227.4500
2024-12-18 04:00:00,227.4500,228.5300,221.5200,223.1600
2024-12-18 08:00:00,223.1700,225.9900,217.0100,217.4300
2024-12-18 12:00:00,217.4200,218.2000,213.3600,215.7900
2024-12-18 16:00:00,215.8000,218.8400,215.1800,217.7200
2024-12-18 20:00:00,217.7200,218.7000,214.5300,217.6300
2024-12-19 00:00:00,217.6300,218.2800,211.5100,211.5200
2024-12-19 04:00:00,211.5400,212.6300,204.6100,206.4600
2024-12-19 08:00:00,206.4600,209.1400,199.2300,208.7200
2024-12-19 12:00:00,208.7200,211.9900,207.1400,211.6700
2024-12-19 16:00:00,211.6700,211.7100,207.8500,210.3300
2024-12-19 20:00:00,210.3400,210.9200,202.2900,205.3200
2024-12-20 00:00:00,205.3200,206.8400,187.0000,191.7400
2024-12-20 04:00:00,191.7400,197.9800,187.2000,193.7100
2024-12-20 08:00:00,193.7100,199.6100,191.6000,196.2800
2024-12-20 12:00:00,196.2800,197.3000,188.0000,191.2300
2024-12-20 16:00:00,191.2200,191.4600,175.2000,176.0100
2024-12-20 20:00:00,176.0000,191.1200,175.7900,189.7200
2024-12-21 00:00:00,189.7300,193.0000,188.0500,191.4600
2024-12-21 04:00:00,191.4700,194.3500,187.7500,194.2800
2024-12-21 08:00:00,194.2800,196.4900,192.8600,194.1600
2024-12-21 12:00:00,194.1700,201.9400,194.0700,198.7300
2024-12-21 16:00:00,198.7300,198.8800,192.1000,192.8300
2024-12-21 20:00:00,192.8300,192.9900,183.0900,186.5000
2024-12-22 00:00:00,186.5100,187.3600,178.3100,181.4100
2024-12-22 04:00:00,181.4000,183.3200,178.5600,181.3700
2024-12-22 08:00:00,181.3600,183.7900,179.8200,182.4400
2024-12-22 12:00:00,182.4300,184.7500,177.6800,184.2000
2024-12-22 16:00:00,184.2100,186.8600,183.5800,186.5600
2024-12-22 20:00:00,186.5500,187.7700,179.0000,181.7700
2024-12-23 00:00:00,181.7800,183.9800,177.7200,178.3900
2024-12-23 04:00:00,178.3900,182.2900,176.7700,180.4400
2024-12-23 08:00:00,180.4300,187.3000,176.3600,186.1200
2024-12-23 12:00:00,186.1200,187.6400,179.7400,182.1500
2024-12-23 16:00:00,182.1400,186.4600,181.6100,183.5000
2024-12-23 20:00:00,183.5000,185.6700,180.6500,180.8200
2024-12-24 00:00:00,180.8200,189.5700,180.6800,187.3400
2024-12-24 04:00:00,187.3300,193.3800,186.6400,190.0600
2024-12-24 08:00:00,190.0600,190.3200,186.0500,189.8900
2024-12-24 12:00:00,189.8900,191.8600,189.1700,191.4200
2024-12-24 16:00:00,191.4300,193.8600,190.4200,192.8400
2024-12-24 20:00:00,192.8300,198.9000,191.1500,197.6700
2024-12-25 00:00:00,197.6800,198.5200,195.0300,195.1700
2024-12-25 04:00:00,195.1800,197.9600,193.2100,196.9900
2024-12-25 08:00:00,196.9800,201.7700,196.2800,199.7800
2024-12-25 12:00:00,199.7800,200.4800,197.5900,198.0300
2024-12-25 16:00:00,198.0200,200.4400,194.9800,195.7200
2024-12-25 20:00:00,195.7300,199.3500,194.9500,198.1700
2024-12-26 00:00:00,198.1800,199.3700,196.0400,199.1400
2024-12-26 04:00:00,199.1400,200.0400,195.4800,197.3500
2024-12-26 08:00:00,197.3600,199.6300,195.5800,196.5000
2024-12-26 12:00:00,196.4900,196.5000,193.2200,193.3800
2024-12-26 16:00:00,193.3800,193.7800,188.1000,189.7000
2024-12-26 20:00:00,189.7000,190.0900,187.4400,188.5900
2024-12-27 00:00:00,188.5800,190.9200,187.3000,189.0500
2024-12-27 04:00:00,189.0500,189.9900,186.5300,188.3700
2024-12-27 08:00:00,188.3700,190.3300,187.1500,189.3500
2024-12-27 12:00:00,189.3400,191.1000,185.6400,186.5400
2024-12-27 16:00:00,186.5300,194.2900,186.5100,191.2000
2024-12-27 20:00:00,191.2000,191.3200,183.1900,184.0000
2024-12-28 00:00:00,184.0000,187.2600,182.6600,186.8200
2024-12-28 04:00:00,186.8200,186.9000,183.1000,184.1800
2024-12-28 08:00:00,184.1800,185.9300,183.7100,184.9400
2024-12-28 12:00:00,184.9300,186.2300,184.1800,185.0200
2024-12-28 16:00:00,185.0200,187.3000,184.8700,187.0800
2024-12-28 20:00:00,187.0800,191.2000,186.4000,190.1100
2024-12-29 00:00:00,190.1100,195.2000,189.5200,193.7000
2024-12-29 04:00:00,193.7000,195.9800,192.6100,195.3900
2024-12-29 08:00:00,195.3900,195.6000,192.3400,194.6400
2024-12-29 12:00:00,194.6400,197.2500,193.9800,195.9300
2024-12-29 16:00:00,195.9300,197.2800,194.8100,196.0300
2024-12-29 20:00:00,196.0300,197.6800,192.8200,195.0500
2024-12-30 00:00:00,195.0500,195.3900,192.0300,192.6500
2024-12-30 04:00:00,192.6500,192.7300,188.5000,189.8500
2024-12-30 08:00:00,189.8500,194.3700,189.0000,191.2500
2024-12-30 12:00:00,191.2500,193.6900,189.5200,192.2800
2024-12-30 16:00:00,192.2800,194.1100,191.3800,193.4400
2024-12-30 20:00:00,193.4400,194.7700,185.8700,187.2400
2024-12-31 00:00:00,187.2300,196.2000,185.8100,196.1100
2024-12-31 04:00:00,196.1000,196.4000,189.0000,191.2600
2024-12-31 08:00:00,191.2600,191.9600,188.2400,189.8400
2024-12-31 12:00:00,189.8300,190.6800,187.9100,189.9500
2024-12-31 16:00:00,189.9500,194.8500,189.8600,193.7300
2024-12-31 20:00:00,193.7400,198.6800,192.9000,198.3000
2025-01-01 00:00:00,198.3100,199.1600,193.1300,193.7100
2025-01-01 04:00:00,193.7000,194.7500,189.0400,189.2200
2025-01-01 08:00:00,189.2200,192.5800,189.0000,190.3100
2025-01-01 12:00:00,190.3100,190.5500,189.2500,189.9600
2025-01-01 16:00:00,189.9700,191.7400,187.8200,191.2200
2025-01-01 20:00:00,191.2300,192.0900,189.0200,191.8100
2025-01-02 00:00:00,191.8200,193.8600,189.1200,193.0300
2025-01-02 04:00:00,193.0200,195.2900,193.0200,194.2200
2025-01-02 08:00:00,194.2200,199.6300,193.3400,198.4600
2025-01-02 12:00:00,198.4700,206.8400,198.4700,205.8400
2025-01-02 16:00:00,205.8400,208.7800,205.6200,208.4300
2025-01-02 20:00:00,208.4200,210.4700,205.3700,206.6800
2025-01-03 00:00:00,206.6700,208.9900,204.6200,206.6200
2025-01-03 04:00:00,206.6200,208.3800,205.1400,208.1700
2025-01-03 08:00:00,208.1700,208.3800,205.5100,207.9300
2025-01-03 12:00:00,207.9400,209.8700,206.9300,207.8600
2025-01-03 16:00:00,207.8600,214.9900,207.4500,214.3900
2025-01-03 20:00:00,214.3800,218.5600,211.9200,217.2600
2025-01-04 00:00:00,217.2700,219.6900,216.3200,216.9800
2025-01-04 04:00:00,216.9900,217.9300,215.7000,217.9100
2025-01-04 08:00:00,217.9200,218.0800,215.5800,216.8800
2025-01-04 12:00:00,216.8900,217.8900,215.4100,216.6200
2025-01-04 16:00:00,216.6100,216.6200,214.3000,216.3600
2025-01-04 20:00:00,216.3600,217.5800,213.4500,214.2400
2025-01-05 00:00:00,214.2400,215.8800,213.6100,215.4700
2025-01-05 04:00:00,215.4800,217.1900,215.3000,216.5600
2025-01-05 08:00:00,216.5700,218.8100,215.1700,217.8300
2025-01-05 12:00:00,217.8300,218.9800,215.8300,216.3500
2025-01-05 16:00:00,216.3500,216.4400,212.8000,213.8500
2025-01-05 20:00:00,213.8400,214.5400,211.5400,213.4600
2025-01-06 00:00:00,213.4600,214.2100,211.2700,212.7000
2025-01-06 04:00:00,212.7000,214.4300,212.4300,213.3000
2025-01-06 08:00:00,213.3100,216.8700,211.4100,215.5000
2025-01-06 12:00:00,215.5000,216.8000,213.7700,215.1300
2025-01-06 16:00:00,215.1300,216.1800,213.1000,216.1700
2025-01-06 20:00:00,216.1800,222.0000,215.6400,221.5100
2025-01-07 00:00:00,221.5200,223.1400,217.2700,219.9000
2025-01-07 04:00:00,219.9000,220.3200,217.4000,218.1100
2025-01-07 08:00:00,218.1000,219.0400,216.0900,217.2700
2025-01-07 12:00:00,217.2700,217.3700,215.3300,215.9700
2025-01-07 16:00:00,215.9600,216.7900,212.7300,213.9500
2025-01-07 20:00:00,213.9600,214.2800,205.0000,207.6500
2025-01-08 00:00:00,207.6400,208.9900,203.4300,204.4600
2025-01-08 04:00:00,204.4700,204.8900,201.3600,202.0700
2025-01-08 08:00:00,202.0600,203.2000,196.6200,198.6200
2025-01-08 12:00:00,198.6200,199.5300,193.0400,195.5600
2025-01-08 16:00:00,195.5600,197.9600,194.3800,195.4100
2025-01-08 20:00:00,195.4000,199.4800,194.7300,197.6900
2025-01-09 00:00:00,197.6800,197.9100,188.2300,194.1800
2025-01-09 04:00:00,194.1700,198.2100,193.5300,197.3700
2025-01-09 08:00:00,197.3700,198.9800,194.0600,194.2800
2025-01-09 12:00:00,194.2800,195.4500,189.6400,190.0600
2025-01-09 16:00:00,190.0600,192.7500,189.0000,191.0800
2025-01-09 20:00:00,191.0800,192.9000,185.0200,192.0900
2025-01-10 00:00:00,192.0900,192.7000,185.6100,185.8400
2025-01-10 04:00:00,185.8300,187.5100,181.8500,184.8800
2025-01-10 08:00:00,184.8700,189.3900,184.8600,189.0200
2025-01-10 12:00:00,189.0100,192.9300,188.2700,191.6300
2025-01-10 16:00:00,191.6300,192.7700,191.0000,191.8200
2025-01-10 20:00:00,191.8300,192.0700,183.3800,187.2000
2025-01-11 00:00:00,187.2000,192.0000,183.7600,190.1200
2025-01-11 04:00:00,190.1300,190.4700,186.5900,187.5900
2025-01-11 08:00:00,187.5900,188.7100,185.5000,186.2800
2025-01-11 12:00:00,186.2800,187.0800,185.0500,186.1300
2025-01-11 16:00:00,186.1300,186.8000,184.0100,186.5800
2025-01-11 20:00:00,186.5700,188.1300,185.7500,186.8400
2025-01-12 00:00:00,186.8500,187.9300,185.5500,187.6500
2025-01-12 04:00:00,187.6500,191.8200,187.3800,187.9900
2025-01-12 08:00:00,187.9900,188.5000,186.4100,187.2000
2025-01-12 12:00:00,187.1900,187.3400,185.4700,186.4700
2025-01-12 16:00:00,186.4800,186.9100,185.0400,186.5600
2025-01-12 20:00:00,186.5600,190.9800,186.0500,190.3800
2025-01-13 00:00:00,190.3800,190.7000,188.5600,188.8300
2025-01-13 04:00:00,188.8400,189.9300,186.4400,188.4300
2025-01-13 08:00:00,188.4300,191.9400,184.0800,184.9500
2025-01-13 12:00:00,184.9400,186.9500,181.3800,182.3900
2025-01-13 16:00:00,182.3900,182.4700,175.1200,175.3300
2025-01-13 20:00:00,175.3300,180.2200,167.7100,178.6800
2025-01-14 00:00:00,178.6900,179.7200,174.3500,177.5100
2025-01-14 04:00:00,177.5000,183.7100,176.5100,182.7800
2025-01-14 08:00:00,182.7700,184.5500,181.7700,184.1100
2025-01-14 12:00:00,184.1100,186.8800,184.1000,185.5200
2025-01-14 16:00:00,185.5200,189.9800,185.5000,186.9700
2025-01-14 20:00:00,186.9700,190.0800,185.5300,186.7400
2025-01-15 00:00:00,186.7300,187.8400,185.6400,186.9900
2025-01-15 04:00:00,186.9900,188.7400,185.7200,187.4600
2025-01-15 08:00:00,187.4500,189.6600,186.9000,189.6400
2025-01-15 12:00:00,189.6400,190.6900,188.2100,189.8800
2025-01-15 16:00:00,189.8800,190.5900,185.7600,186.8800
2025-01-15 20:00:00,186.8800,197.9800,185.9000,196.3900
2025-01-16 00:00:00,196.3900,202.3200,196.2900,201.8200
2025-01-16 04:00:00,201.8300,205.9400,201.8300,205.7600
2025-01-16 08:00:00,205.7600,206.2100,201.2800,201.9300
2025-01-16 12:00:00,201.9300,203.4600,201.4200,203.0600
2025-01-16 16:00:00,203.0600,212.6800,198.4200,212.6700
2025-01-16 20:00:00,212.6600,217.1400,205.4200,208.9900
2025-01-17 00:00:00,208.9900,215.4100,208.7700,214.1100
2025-01-17 04:00:00,214.1200,214.4900,208.4000,211.0200
2025-01-17 08:00:00,211.0300,215.2300,209.7100,211.0400
2025-01-17 12:00:00,211.0400,213.7500,210.8800,213.2000
2025-01-17 16:00:00,213.2000,219.6400,213.1500,218.7200
2025-01-17 20:00:00,218.7100,222.0900,216.2600,218.5300
2025-01-18 00:00:00,218.5300,221.9200,215.5500,217.0500
2025-01-18 04:00:00,217.0400,221.1500,216.3300,219.4600
2025-01-18 08:00:00,219.4600,228.6300,217.1800,220.3200
2025-01-18 12:00:00,220.3200,238.0000,219.6900,232.8100
2025-01-18 16:00:00,232.8100,244.8800,230.6500,238.8500
2025-01-18 20:00:00,238.8500,260.0000,238.8000,257.6700
2025-01-19 00:00:00,257.6800,270.7000,242.3300,255.2800
2025-01-19 04:00:00,255.2800,264.6400,247.1400,261.9000
2025-01-19 08:00:00,261.9100,265.0000,252.0400,255.4500
2025-01-19 12:00:00,255.4600,277.8500,254.0600,271.3300
2025-01-19 16:00:00,271.3200,295.6000,265.7900,286.0900
2025-01-19 20:00:00,286.0900,289.5200,263.2600,270.5100
2025-01-20 00:00:00,270.5100,275.2500,263.8900,269.3900
2025-01-20 04:00:00,269.3900,278.0900,237.6900,252.5200
2025-01-20 08:00:00,252.4900,252.6900,229.2700,241.3500
2025-01-20 12:00:00,241.3400,264.2100,238.8500,261.7700
2025-01-20 16:00:00,261.7700,273.0000,256.6700,260.5900
2025-01-20 20:00:00,260.5900,261.6400,250.0200,253.8200
2025-01-21 00:00:00,253.8500,256.5900,234.5100,246.0800
2025-01-21 04:00:00,246.0800,250.8800,241.1300,241.8900
2025-01-21 08:00:00,241.8800,244.7200,232.0100,237.7900
2025-01-21 12:00:00,237.7900,239.1100,230.3000,236.7200
2025-01-21 16:00:00,236.7100,242.1200,235.4700,239.3400
2025-01-21 20:00:00,239.3500,244.6700,235.7000,240.8300
2025-01-22 00:00:00,240.8200,259.8900,239.7000,253.3300
2025-01-22 04:00:00,253.3400,255.9000,246.5600,250.2600
2025-01-22 08:00:00,250.2500,256.8100,248.2400,253.9700
2025-01-22 12:00:00,253.9700,259.6800,252.2500,258.4300
2025-01-22 16:00:00,258.4200,258.8000,252.0800,257.6700
2025-01-22 20:00:00,257.6800,264.9000,254.1800,257.2100
2025-01-23 00:00:00,257.2100,266.3100,253.2100,265.2100
2025-01-23 04:00:00,265.2200,272.0500,255.6200,257.3000
2025-01-23 08:00:00,257.3100,258.3500,246.3200,248.7500
2025-01-23 12:00:00,248.7400,250.6000,245.0400,249.3900
2025-01-23 16:00:00,249.3700,249.7800,242.2000,244.0600
2025-01-23 20:00:00,244.0500,254.5500,242.0100,249.1700
2025-01-24 00:00:00,249.1900,256.1400,245.1500,246.7200
2025-01-24 04:00:00,246.7200,258.3800,243.4900,253.0100
2025-01-24 08:00:00,253.0100,256.3200,247.0900,252.1200
2025-01-24 12:00:00,252.1000,264.3200,250.5000,259.6400
2025-01-24 16:00:00,259.6300,267.2100,259.6300,266.7000
2025-01-24 20:00:00,266.7000,270.1100,260.7100,262.1100
2025-01-25 00:00:00,262.1200,265.3900,260.2400,261.9300
2025-01-25 04:00:00,261.9300,262.2900,252.6000,253.2200
2025-01-25 08:00:00,253.2200,253.5700,247.9500,252.5500
2025-01-25 12:00:00,252.5600,252.5600,246.0900,247.1500
2025-01-25 16:00:00,247.1500,250.7300,246.1100,249.8100
2025-01-25 20:00:00,249.8100,254.4700,248.0700,253.4800
2025-01-26 00:00:00,253.4800,260.7600,252.8700,258.4200
2025-01-26 04:00:00,258.4100,259.6700,255.4800,256.3200
2025-01-26 08:00:00,256.3200,259.7800,253.4900,258.2900
2025-01-26 12:00:00,258.2900,259.9900,257.2100,258.8400
2025-01-26 16:00:00,258.8300,258.8300,252.6700,255.4000
2025-01-26 20:00:00,255.4100,257.4600,253.1600,254.4500
2025-01-27 00:00:00,254.4500,257.4700,253.6200,256.1700
2025-01-27 04:00:00,256.1700,256.5000,240.1600,240.3200
2025-01-27 08:00:00,240.3200,242.5300,232.7500,235.6400
2025-01-27 12:00:00,235.6400,235.6400,221.7100,227.3900
2025-01-27 16:00:00,227.3900,227.8700,220.7600,225.7300
2025-01-27 20:00:00,225.7400,237.5000,223.5600,233.5200
2025-01-28 00:00:00,233.5200,235.7700,223.8000,226.4700
2025-01-28 04:00:00,226.4600,237.7400,226.4000,234.7700
2025-01-28 08:00:00,234.7900,237.6800,232.8800,236.5200
2025-01-28 12:00:00,236.5200,243.7700,236.4900,238.6900
2025-01-28 16:00:00,238.6900,239.5500,235.3000,238.1600
2025-01-28 20:00:00,238.1600,239.9800,233.6300,237.3400
2025-01-29 00:00:00,237.3300,237.6400,230.2000,232.0500
2025-01-29 04:00:00,232.0500,232.4900,225.0000,226.9100
2025-01-29 08:00:00,226.9200,231.9200,226.6400,231.0700
2025-01-29 12:00:00,231.0700,234.7000,229.7200,234.3200
2025-01-29 16:00:00,234.3300,235.8000,230.0500,231.8700
2025-01-29 20:00:00,231.8600,231.9200,225.8800,228.3000
2025-01-30 00:00:00,228.3100,236.0900,222.4500,231.5600
2025-01-30 04:00:00,231.5500,238.5900,227.4300,228.0400
2025-01-30 08:00:00,228.0400,240.8700,226.7100,240.1600
2025-01-30 12:00:00,240.1600,241.9700,237.0600,238.8100
2025-01-30 16:00:00,238.8100,241.8100,237.9100,241.6300
2025-01-30 20:00:00,241.6300,244.5900,239.0000,240.9800
2025-01-31 00:00:00,240.9800,243.2900,238.5400,240.9700
2025-01-31 04:00:00,240.9700,242.0800,238.1100,238.1500
2025-01-31 08:00:00,238.1500,239.0600,235.0000,235.8300
2025-01-31 12:00:00,235.8400,238.2800,234.8000,235.5700
2025-01-31 16:00:00,235.5700,238.9500,234.0900,238.6900
2025-01-31 20:00:00,238.6900,241.8000,235.9500,240.0300
2025-02-01 00:00:00,240.0200,240.1300,230.0100,230.3400
2025-02-01 04:00:00,230.3400,231.7000,228.1000,231.5900
2025-02-01 08:00:00,231.6000,234.0200,230.4900,231.3700
2025-02-01 12:00:00,231.3700,232.9700,229.8000,230.5500
2025-02-01 16:00:00,230.5600,230.8500,226.2200,227.9800
2025-02-01 20:00:00,227.9800,229.3500,224.6700,226.2500
2025-02-02 00:00:00,226.2400,227.5000,220.6100,221.6300
2025-02-02 04:00:00,221.6200,221.6300,212.5800,212.8900
2025-02-02 08:00:00,212.8800,218.7100,206.7400,206.9900
2025-02-02 12:00:00,206.9800,213.9300,206.6200,211.6800
2025-02-02 16:00:00,211.6800,215.6500,207.6000,208.6200
2025-02-02 20:00:00,208.6200,214.0300,208.1400,211.9200
2025-02-03 00:00:00,211.9200,212.0000,194.7500,203.4500
2025-02-03 04:00:00,203.4500,206.6600,191.8500,203.4200
2025-02-03 08:00:00,203.4200,203.7900,173.3300,197.7300
2025-02-03 12:00:00,197.7400,199.7700,189.1400,198.9700
2025-02-03 16:00:00,198.9700,201.9500,193.2200,198.4800
2025-02-03 20:00:00,198.4900,209.9200,189.7200,206.9000
2025-02-04 00:00:00,206.9000,214.8100,203.2600,214.6800
2025-02-04 04:00:00,214.6800,218.4200,209.7700,216.2000
2025-02-04 08:00:00,216.1900,219.8900,213.8100,215.4000
2025-02-04 12:00:00,215.3900,215.9900,201.7560,204.1200
2025-02-04 16:00:00,204.1200,210.6900,202.3300,207.5900
2025-02-04 20:00:00,207.5800,216.7100,207.5800,215.5800
2025-02-05 00:00:00,215.5800,218.3000,208.1400,208.1500
2025-02-05 04:00:00,208.1500,210.3100,202.4600,206.4800
2025-02-05 08:00:00,206.4900,209.2600,205.0200,207.2400
2025-02-05 12:00:00,207.2300,208.2000,203.4000,204.9700
2025-02-05 16:00:00,204.9600,206.8360,202.7700,206.1700
2025-02-05 20:00:00,206.1700,207.5300,201.2700,201.6400
2025-02-06 00:00:00,201.6400,202.0300,196.2700,199.4200
2025-02-06 04:00:00,199.4200,200.4800,195.0500,196.0300
2025-02-06 08:00:00,196.0300,201.1600,196.0000,200.5500
2025-02-06 12:00:00,200.5600,203.8600,200.1300,201.9300
2025-02-06 16:00:00,201.9300,202.8400,198.5200,200.1600
2025-02-06 20:00:00,200.1600,200.5600,190.4800,191.1400
2025-02-07 00:00:00,191.1400,192.9000,188.1400,189.7900
2025-02-07 04:00:00,189.7900,194.7300,187.1600,189.4500
2025-02-07 08:00:00,189.4500,195.8000,189.0500,193.2000
2025-02-07 12:00:00,193.2000,195.2700,189.1000,192.4200
2025-02-07 16:00:00,192.4200,198.5800,191.5400,198.3600
2025-02-07 20:00:00,198.3600,203.3100,195.8100,197.9900
2025-02-08 00:00:00,198.0000,199.1000,194.5700,195.3500
2025-02-08 04:00:00,195.3400,195.5600,188.0000,191.8400
2025-02-08 08:00:00,191.8400,194.1700,191.2400,192.8800
2025-02-08 12:00:00,192.8800,193.2600,189.6700,192.6900
2025-02-08 16:00:00,192.6900,194.8800,191.5600,194.3100
2025-02-08 20:00:00,194.3100,196.3200,192.6700,193.3200
2025-02-09 00:00:00,193.3200,198.2800,193.1200,196.7800
2025-02-09 04:00:00,196.7900,200.7500,196.6000,199.2100
2025-02-09 08:00:00,199.2200,206.8700,198.3600,206.8400
2025-02-09 12:00:00,206.8500,207.2600,203.6900,203.8700
2025-02-09 16:00:00,203.8800,204.4000,201.1100,201.3000
2025-02-09 20:00:00,201.3000,202.6800,196.3000,200.5100
2025-02-10 00:00:00,200.5000,202.0000,197.6200,198.9600
2025-02-10 04:00:00,198.9600,200.9100,193.2200,200.3200
2025-02-10 08:00:00,200.3100,205.0000,195.7100,201.8500
2025-02-10 12:00:00,201.8500,204.5700,199.8000,202.7000
2025-02-10 16:00:00,202.6900,205.9100,202.4600,204.3600
2025-02-10 20:00:00,204.3600,208.9000,201.2900,202.9700
2025-02-11 00:00:00,202.9600,204.3000,200.8000,201.2400
2025-02-11 04:00:00,201.2500,202.6400,199.1400,200.3200
2025-02-11 08:00:00,200.3200,204.5600,199.7900,200.9700
2025-02-11 12:00:00,200.9700,206.0700,200.8800,204.3100
2025-02-11 16:00:00,204.3100,205.8300,201.0600,203.2600
2025-02-11 20:00:00,203.2700,203.2700,197.6200,199.2900
2025-02-12 00:00:00,199.2800,199.9500,194.9400,195.5200
2025-02-12 04:00:00,195.5100,199.3000,195.3300,197.8700
2025-02-12 08:00:00,197.8600,198.4500,193.6500,194.2200
2025-02-12 12:00:00,194.2300,196.1400,193.0100,195.1200
2025-02-12 16:00:00,195.1100,197.9400,195.0000,197.2900
2025-02-12 20:00:00,197.2900,198.4900,188.3000,191.9100
2025-02-13 00:00:00,191.9100,196.5900,189.1800,193.6200
2025-02-13 04:00:00,193.6200,198.3200,192.9000,196.7100
2025-02-13 08:00:00,196.7100,198.1100,194.8700,198.0700
2025-02-13 12:00:00,198.0800,198.4000,192.5700,192.9800
2025-02-13 16:00:00,192.9700,193.4100,191.0100,191.7800
2025-02-13 20:00:00,191.7800,193.0500,188.7000,191.8400
2025-02-14 00:00:00,191.8400,194.5400,189.8700,192.5600
2025-02-14 04:00:00,192.5600,195.3800,192.4700,194.1200
2025-02-14 08:00:00,194.1200,197.2900,194.0200,196.9200
2025-02-14 12:00:00,196.9200,197.3000,194.6200,196.5000
2025-02-14 16:00:00,196.5000,201.3500,196.2800,199.5100
2025-02-14 20:00:00,199.5100,202.0800,196.3400,200.7900
2025-02-15 00:00:00,200.7800,205.3000,198.7300,201.4900
2025-02-15 04:00:00,201.4800,202.1500,197.9300,199.3100
2025-02-15 08:00:00,199.3100,200.2100,196.6400,198.2800
2025-02-15 12:00:00,198.2800,198.8000,195.1300,195.7700
2025-02-15 16:00:00,195.7700,196.6500,193.7700,194.7200
2025-02-15 20:00:00,194.7300,195.9700,193.1500,194.5300
2025-02-16 00:00:00,194.5400,195.0000,193.2000,194.0900
2025-02-16 04:00:00,194.0900,194.9500,192.3000,194.3500
2025-02-16 08:00:00,194.3500,195.4100,192.9300,194.6200
2025-02-16 12:00:00,194.6300,196.1800,192.1600,192.7900
2025-02-16 16:00:00,192.8000,193.9500,192.0600,193.6000
2025-02-16 20:00:00,193.5900,193.6900,189.0800,190.2000
2025-02-17 00:00:00,190.2100,191.1600,187.2300,189.1000
2025-02-17 04:00:00,189.0900,189.7600,186.0000,188.1400
2025-02-17 08:00:00,188.1500,189.6100,185.1000,186.2200
2025-02-17 12:00:00,186.2300,186.3900,180.5000,181.2500
2025-02-17 16:00:00,181.2500,185.4400,180.6400,184.1700
2025-02-17 20:00:00,184.1800,186.8500,179.1200,180.2500
2025-02-18 00:00:00,180.2500,181.2900,174.5500,176.9700
2025-02-18 04:00:00,176.9700,181.2300,176.8700,177.4700
2025-02-18 08:00:00,177.4700,178.9900,175.3200,177.9000
2025-02-18 12:00:00,177.8900,177.9500,163.8100,165.6200
2025-02-18 16:00:00,165.6300,170.8500,163.0400,168.6500
2025-02-18 20:00:00,168.6500,171.4800,164.2400,165.8500
2025-02-19 00:00:00,165.8600,167.0500,160.7700,165.1900
2025-02-19 04:00:00,165.2000,169.7100,163.8400,169.2100
2025-02-19 08:00:00,169.2200,170.7600,166.5200,167.3900
2025-02-19 12:00:00,167.3900,169.7400,163.6400,168.8300
2025-02-19 16:00:00,168.8200,174.2400,168.3000,173.8100
2025-02-19 20:00:00,173.8000,174.0600,168.0300,169.6500
2025-02-20 00:00:00,169.6400,173.3800,168.0800,168.6200
2025-02-20 04:00:00,168.6100,169.8800,166.3100,168.8500
2025-02-20 08:00:00,168.8600,172.7600,167.5200,172.3100
2025-02-20 12:00:00,172.3100,174.8900,170.7300,171.6300
2025-02-20 16:00:00,171.6400,175.0900,170.8000,173.8800
2025-02-20 20:00:00,173.8700,176.5900,171.1000,171.5100
2025-02-21 00:00:00,171.5200,175.4000,171.1500,174.9000
2025-02-21 04:00:00,174.9000,176.4700,173.1000,175.9000
2025-02-21 08:00:00,175.9000,176.3700,172.8300,173.2100
2025-02-21 12:00:00,173.2100,176.7600,173.2000,175.7600
2025-02-21 16:00:00,175.7500,180.3300,175.7200,177.1000
2025-02-21 20:00:00,177.0900,180.4800,170.3400,173.0400
2025-02-22 00:00:00,173.0300,175.4900,168.1700,168.3600
2025-02-22 04:00:00,168.3600,169.9200,167.1000,168.8300
2025-02-22 08:00:00,168.8400,172.6800,167.9800,170.2900
2025-02-22 12:00:00,170.2800,172.7500,170.0200,171.6500
2025-02-22 16:00:00,171.6500,174.0900,171.2600,173.4500
2025-02-22 20:00:00,173.4500,174.5600,172.5300,174.1200
2025-02-23 00:00:00,174.1200,174.6700,172.2100,172.5800
2025-02-23 04:00:00,172.5700,173.5500,171.8000,171.9800
2025-02-23 08:00:00,171.9900,172.2100,170.1000,170.5400
2025-02-23 12:00:00,170.5400,172.9900,169.8500,172.7900
2025-02-23 16:00:00,172.7900,172.8500,169.0100,169.5100
2025-02-23 20:00:00,169.5100,169.8400,166.5100,166.6900
2025-02-24 00:00:00,166.6900,168.6100,166.6700,167.6100
2025-02-24 04:00:00,167.6100,168.8000,166.3200,167.8400
2025-02-24 08:00:00,167.8400,169.5800,160.4600,160.9300
2025-02-24 12:00:00,160.9200,161.6700,157.0500,160.9000
2025-02-24 16:00:00,160.9000,161.0100,155.3100,159.2100
2025-02-24 20:00:00,159.2100,160.3400,150.5300,152.6100
2025-02-25 00:00:00,152.6200,155.1200,147.7100,150.0600
2025-02-25 04:00:00,150.0700,152.6500,137.1600,141.7300
2025-02-25 08:00:00,141.7300,144.4000,138.0300,138.8200
2025-02-25 12:00:00,138.8300,141.6400,132.5300,136.1700
2025-02-25 16:00:00,136.1800,141.2700,131.7200,141.1700
2025-02-25 20:00:00,141.1700,141.7600,134.4000,138.8300
2025-02-26 00:00:00,138.8400,145.5000,137.8900,145.3300
2025-02-26 04:00:00,145.3300,147.0000,143.1200,144.2400
2025-02-26 08:00:00,144.2500,145.1600,141.5600,143.2500
2025-02-26 12:00:00,143.2500,144.6500,139.5200,140.1100
2025-02-26 16:00:00,140.1100,142.1800,137.9200,138.0700
2025-02-26 20:00:00,138.0800,140.4200,134.5800,139.2200
2025-02-27 00:00:00,139.2200,139.7400,130.5400,131.8900
2025-02-27 04:00:00,131.9000,137.8400,130.8200,135.2700
2025-02-27 08:00:00,135.2800,139.0000,134.8500,138.4900
2025-02-27 12:00:00,138.4800,142.8000,136.9600,140.9400
2025-02-27 16:00:00,140.9400,142.4500,139.2000,140.4100
2025-02-27 20:00:00,140.4200,141.2200,136.2700,139.5700
2025-02-28 00:00:00,139.5800,140.1200,135.5600,136.2300
2025-02-28 04:00:00,136.2300,138.1700,134.6100,137.6000
2025-02-28 08:00:00,137.6000,137.8900,127.0100,127.5900
2025-02-28 12:00:00,127.5900,129.5700,125.5200,128.4500
2025-02-28 16:00:00,128.4600,134.7000,127.8600,133.4800
2025-02-28 20:00:00,133.4900,147.7900,132.8900,145.6300
2025-03-01 00:00:00,145.6200,147.2300,143.6500,146.2900
2025-03-01 04:00:00,146.2800,148.6900,144.5500,148.1000
2025-03-01 08:00:00,148.1000,151.1500,145.4700,145.6100
2025-03-01 12:00:00,145.6100,147.1400,142.1500,142.4700
2025-03-01 16:00:00,142.4600,144.1700,139.4700,140.2700
2025-03-01 20:00:00,140.2700,141.6600,138.5000,140.3100
2025-03-02 00:00:00,140.3100,141.4400,138.6600,140.4400
2025-03-02 04:00:00,140.4400,143.7600,139.8000,143.5800
2025-03-02 08:00:00,143.5700,145.8900,142.6800,143.7900
2025-03-02 12:00:00,143.7900,145.1000,142.1700,143.7200
2025-03-02 16:00:00,143.7200,144.8500,142.3900,143.4500
2025-03-02 20:00:00,143.4500,163.0000,139.9600,157.3500
2025-03-03 00:00:00,157.3600,180.0000,157.3600,172.0500
2025-03-03 04:00:00,172.0400,179.2800,171.5100,178.6400
2025-03-03 08:00:00,178.6400,179.4400,168.0400,169.8200
2025-03-03 12:00:00,169.8100,170.5300,159.6800,162.1700
2025-03-03 16:00:00,162.1800,163.2500,156.6800,161.0000
2025-03-03 20:00:00,160.9900,166.9400,153.6900,157.7100
2025-03-04 00:00:00,157.7100,159.4900,140.0000,141.8000
2025-03-04 04:00:00,141.8100,144.8600,139.1900,142.0500
2025-03-04 08:00:00,142.0500,144.9900,132.3600,136.2800
2025-03-04 12:00:00,136.2900,139.5000,135.5600,135.9800
2025-03-04 16:00:00,135.9800,138.5100,134.5100,136.8900
2025-03-04 20:00:00,136.8800,143.2600,132.5500,138.5000
2025-03-05 00:00:00,138.5100,144.7500,130.5200,143.0400
2025-03-05 04:00:00,143.0400,146.8000,141.4700,144.7000
2025-03-05 08:00:00,144.6900,145.5000,141.6600,141.7700
2025-03-05 12:00:00,141.7800,144.0600,140.7500,142.8000
2025-03-05 16:00:00,142.8000,149.6600,142.6500,147.0000
2025-03-05 20:00:00,147.0200,149.1700,140.2100,141.5500
2025-03-06 00:00:00,141.5500,146.4000,140.1200,144.7100
2025-03-06 04:00:00,144.7200,146.7000,143.7900,146.1600
2025-03-06 08:00:00,146.1700,150.6100,144.4500,148.6500
2025-03-06 12:00:00,148.6500,150.5700,147.5500,148.5700
2025-03-06 16:00:00,148.5700,152.8500,148.2400,151.5900
2025-03-06 20:00:00,151.5900,151.8100,144.9300,148.9600
2025-03-07 00:00:00,148.9600,149.3600,142.3200,143.5000
2025-03-07 04:00:00,143.5000,145.8500,143.0800,143.2200
2025-03-07 08:00:00,143.2200,145.5000,135.0000,140.7400
2025-03-07 12:00:00,140.7400,144.5400,140.5400,144.2300
2025-03-07 16:00:00,144.2300,146.1300,142.5300,143.5100
2025-03-07 20:00:00,143.5200,148.1000,141.6200,144.8400
2025-03-08 00:00:00,144.8400,150.8600,141.2300,146.3000
2025-03-08 04:00:00,146.2900,147.5900,137.2500,139.3100
2025-03-08 08:00:00,139.3100,140.9900,137.7300,139.5900
2025-03-08 12:00:00,139.5800,140.9200,138.2200,138.6900
2025-03-08 16:00:00,138.6900,139.1300,136.5100,137.5000
2025-03-08 20:00:00,137.4900,138.6800,136.0200,137.1200
2025-03-09 00:00:00,137.1200,138.8200,135.1900,138.3500
2025-03-09 04:00:00,138.3400,138.5000,136.2700,136.9200
2025-03-09 08:00:00,136.9300,138.4500,136.4400,137.8500
2025-03-09 12:00:00,137.8500,139.7900,137.6000,139.5500
2025-03-09 16:00:00,139.5500,139.7200,135.5500,136.2300
2025-03-09 20:00:00,136.2300,136.3700,129.7600,130.1000
2025-03-10 00:00:00,130.1000,131.5000,125.7100,129.0900
2025-03-10 04:00:00,129.1000,130.4900,125.3700,126.4200
2025-03-10 08:00:00,126.4200,129.0600,124.0000,126.5000
2025-03-10 12:00:00,126.5000,129.1000,126.3600,128.0100
2025-03-10 16:00:00,128.0100,131.5000,125.8500,129.8600
2025-03-10 20:00:00,129.8700,130.8200,120.1500,121.8800
2025-03-11 00:00:00,121.8700,122.2800,115.4300,119.6300
2025-03-11 04:00:00,119.6400,120.1900,117.4800,118.2600
2025-03-11 08:00:00,118.2700,121.8300,111.8300,119.9100
2025-03-11 12:00:00,119.9100,123.9700,119.7000,123.0500
2025-03-11 16:00:00,123.0400,125.7800,122.9100,124.6300
2025-03-11 20:00:00,124.6400,126.2700,118.5300,124.9400
2025-03-12 00:00:00,124.9300,128.3600,122.7600,128.0600
2025-03-12 04:00:00,128.0500,128.1700,125.0200,125.2800
2025-03-12 08:00:00,125.2700,126.9700,122.3800,122.4800
2025-03-12 12:00:00,122.4700,123.4600,121.1600,123.1100
2025-03-12 16:00:00,123.1100,126.7700,122.7700,126.6800
2025-03-12 20:00:00,126.6800,131.2600,122.9900,124.4500
2025-03-13 00:00:00,124.4400,126.2300,123.2100,124.9500
2025-03-13 04:00:00,124.9500,127.0800,123.8500,126.5500
2025-03-13 08:00:00,126.5400,127.3800,124.6300,124.9000
2025-03-13 12:00:00,124.9000,125.2900,122.9100,124.1800
2025-03-13 16:00:00,124.1900,127.9900,123.5500,126.8300
2025-03-13 20:00:00,126.8200,128.7900,123.5400,124.2600
2025-03-14 00:00:00,124.2600,124.3500,121.0400,121.4100
2025-03-14 04:00:00,121.4000,124.3100,120.6600,123.3200
2025-03-14 08:00:00,123.3200,125.4300,122.8900,124.4400
2025-03-14 12:00:00,124.4400,125.5600,124.3600,124.6100
2025-03-14 16:00:00,124.6100,126.5500,124.5600,126.0700
2025-03-14 20:00:00,126.0700,133.6800,125.3700,132.0900
2025-03-15 00:00:00,132.0900,134.6500,130.7700,134.2200
2025-03-15 04:00:00,134.2300,136.0700,132.2900,133.4900
2025-03-15 08:00:00,133.4800,135.2500,132.8100,134.9700
2025-03-15 12:00:00,134.9600,135.6000,132.6700,132.8500
2025-03-15 16:00:00,132.8400,133.6400,132.3600,133.2900
2025-03-15 20:00:00,133.2900,135.7300,133.0100,135.0400
2025-03-16 00:00:00,135.0500,136.4700,133.5100,134.4000
2025-03-16 04:00:00,134.4000,136.4700,134.2800,135.7900
2025-03-16 08:00:00,135.8000,136.6800,134.0300,135.4300
2025-03-16 12:00:00,135.4300,136.2000,133.7500,134.5800
2025-03-16 16:00:00,134.5700,134.9000,129.5900,129.8900
2025-03-16 20:00:00,129.8800,130.8000,127.3900,128.6800
2025-03-17 00:00:00,128.6800,131.1700,125.9800,126.8500
2025-03-17 04:00:00,126.8600,127.6900,125.1100,126.0500
2025-03-17 08:00:00,126.0500,129.1700,125.7900,128.8700
2025-03-17 12:00:00,128.8800,129.4400,126.3900,129.1900
2025-03-17 16:00:00,129.2000,129.5700,128.3300,129.0900
2025-03-17 20:00:00,129.0800,130.1400,125.4400,127.4500
2025-03-18 00:00:00,127.4500,130.5600,126.5600,129.7400
2025-03-18 04:00:00,129.7400,129.8600,127.6800,127.9300
2025-03-18 08:00:00,127.9200,128.1000,123.4800,124.0600
2025-03-18 12:00:00,124.0700,125.1800,123.1500,125.1000
2025-03-18 16:00:00,125.1000,125.8800,123.1300,123.4800
2025-03-18 20:00:00,123.4700,123.7400,121.6600,122.4800
2025-03-19 00:00:00,122.4900,124.4600,122.3700,124.1300
2025-03-19 04:00:00,124.1300,125.6500,123.4300,125.2500
2025-03-19 08:00:00,125.2500,126.7000,124.1400,126.4200
2025-03-19 12:00:00,126.4200,126.8400,125.3300,125.6700
2025-03-19 16:00:00,125.6600,129.4700,125.6300,128.6100
2025-03-19 20:00:00,128.6100,132.7100,126.9000,132.2700
2025-03-20 00:00:00,132.2600,134.3400,128.1200,132.9800
2025-03-20 04:00:00,132.9800,136.0600,132.9400,135.3000
2025-03-20 08:00:00,135.3000,136.0800,132.7800,133.8700
2025-03-20 12:00:00,133.8700,134.9300,132.7300,133.9400
2025-03-20 16:00:00,133.9300,134.5000,130.2300,130.5900
2025-03-20 20:00:00,130.5900,132.2200,128.4500,128.8600
2025-03-21 00:00:00,128.8500,129.3100,126.5600,127.8700
2025-03-21 04:00:00,127.8600,128.4200,127.1200,127.5300
2025-03-21 08:00:00,127.5300,129.0200,127.2700,127.8800
2025-03-21 12:00:00,127.8700,128.7200,127.3100,128.0100
2025-03-21 16:00:00,128.0000,129.0500,125.6500,126.3400
2025-03-21 20:00:00,126.3500,127.7300,125.2800,125.9100
2025-03-22 00:00:00,125.9000,130.3800,124.7400,128.1900
2025-03-22 04:00:00,128.2000,130.1300,127.4700,128.3800
2025-03-22 08:00:00,128.3900,129.3500,127.7100,128.8100
2025-03-22 12:00:00,128.8200,129.6800,128.4100,128.7400
2025-03-22 16:00:00,128.7400,131.7700,128.6700,130.2800
2025-03-22 20:00:00,130.2800,130.4800,128.5500,129.1400
2025-03-23 00:00:00,129.1400,130.2000,128.8000,129.9000
2025-03-23 04:00:00,129.9000,130.0000,128.0300,128.4400
2025-03-23 08:00:00,128.4300,130.7900,128.1200,130.7800
2025-03-23 12:00:00,130.7800,131.4500,129.6500,131.0800
2025-03-23 16:00:00,131.0900,133.9900,130.8500,133.0400
2025-03-23 20:00:00,133.0300,133.7900,131.9500,132.4300
2025-03-24 00:00:00,132.4400,132.6900,130.2500,130.4600
2025-03-24 04:00:00,130.4700,132.7800,130.1000,132.7700
2025-03-24 08:00:00,132.7700,138.4400,131.9500,138.1100
2025-03-24 12:00:00,138.1100,139.3200,137.6800,138.8200
2025-03-24 16:00:00,138.8300,144.0700,138.5300,143.3400
2025-03-24 20:00:00,143.3400,144.9000,142.2300,143.1600
2025-03-25 00:00:00,143.1700,143.3600,141.2200,142.7000
2025-03-25 04:00:00,142.7000,143.6000,139.5500,140.9500
2025-03-25 08:00:00,140.9500,142.2400,138.1000,138.5000
2025-03-25 12:00:00,138.5000,140.2800,138.0900,139.3900
2025-03-25 16:00:00,139.4000,143.3800,139.3600,142.0700
2025-03-25 20:00:00,142.0600,147.4100,140.7100,145.2000
2025-03-26 00:00:00,145.2000,146.1900,143.5600,144.9300
2025-03-26 04:00:00,144.9300,146.0300,142.4100,143.5900
2025-03-26 08:00:00,143.6000,144.5300,141.4000,141.8000
2025-03-26 12:00:00,141.8000,144.8000,141.5800,144.4400
2025-03-26 16:00:00,144.4300,145.4100,143.7200,144.5200
2025-03-26 20:00:00,144.5300,145.0000,138.8300,139.2300
2025-03-27 00:00:00,139.2300,140.1300,136.1300,137.3600
2025-03-27 04:00:00,137.3500,138.4400,135.7800,137.2600
2025-03-27 08:00:00,137.2700,140.1400,136.7100,139.8200
2025-03-27 12:00:00,139.8300,139.9900,137.8200,138.8000
2025-03-27 16:00:00,138.8000,139.2000,137.0200,137.3500
2025-03-27 20:00:00,137.3400,139.7500,135.5000,137.7000
2025-03-28 00:00:00,137.6900,139.6400,137.2300,139.0000
2025-03-28 04:00:00,139.0000,139.8900,138.0200,138.3700
2025-03-28 08:00:00,138.3600,138.9800,135.9900,136.7200
2025-03-28 12:00:00,136.7200,137.2400,131.2800,131.5300
2025-03-28 16:00:00,131.5400,132.6200,130.3000,131.8300
2025-03-28 20:00:00,131.8200,132.3300,129.0500,129.8400
2025-03-29 00:00:00,129.8500,130.2500,128.9600,129.3400
2025-03-29 04:00:00,129.3300,130.4100,127.4800,129.3900
2025-03-29 08:00:00,129.3900,130.4500,126.3900,128.7600
2025-03-29 12:00:00,128.7600,129.0700,125.3400,126.3200
2025-03-29 16:00:00,126.3300,127.0300,124.2400,125.2300
2025-03-29 20:00:00,125.2300,126.7400,124.9100,126.2500
2025-03-30 00:00:00,126.2600,126.7100,123.4500,125.2100
2025-03-30 04:00:00,125.2100,125.3500,122.5200,124.5000
2025-03-30 08:00:00,124.4900,126.4900,123.3800,125.5900
2025-03-30 12:00:00,125.5900,126.4500,125.0200,125.3800
2025-03-30 16:00:00,125.3900,126.3300,124.5100,125.0000
2025-03-30 20:00:00,125.0000,125.5400,123.0000,124.8500
2025-03-31 00:00:00,124.8400,127.0100,122.8100,125.7700
2025-03-31 04:00:00,125.7600,126.3000,123.0300,124.7300
2025-03-31 08:00:00,124.7400,127.5900,122.5800,124.5000
2025-03-31 12:00:00,124.5000,126.9800,124.2400,125.8300
2025-03-31 16:00:00,125.8300,126.6300,122.9400,124.2200
2025-03-31 20:00:00,124.2100,127.8100,123.1200,126.7100
2025-04-01 00:00:00,126.7200,127.3200,123.7200,125.1600
2025-04-01 04:00:00,125.1700,126.2000,124.4400,124.4800
2025-04-01 08:00:00,124.4700,126.6600,123.6500,126.0000
2025-04-01 12:00:00,126.0100,126.7200,125.5200,126.6200
2025-04-01 16:00:00,126.6300,129.9400,126.6200,127.5300
2025-04-01 20:00:00,127.5300,130.3900,124.5500,129.2000
2025-04-02 00:00:00,129.2200,129.5900,125.3600,126.7200
2025-04-02 04:00:00,126.7200,127.5000,125.2100,126.6000
2025-04-02 08:00:00,126.6000,126.9100,124.0000,124.2400
2025-04-02 12:00:00,124.2300,124.9700,123.3700,124.4500
2025-04-02 16:00:00,124.4600,126.7000,124.2000,125.6300
2025-04-02 20:00:00,125.6200,130.9900,125.0400,130.3500
2025-04-03 00:00:00,130.3500,131.7600,129.0900,131.3500
2025-04-03 04:00:00,131.3600,136.2000,117.0200,117.3400
2025-04-03 08:00:00,117.3600,120.8800,116.1600,119.7500
2025-04-03 12:00:00,119.7600,120.8900,117.7700,118.5800
2025-04-03 16:00:00,118.5700,119.1600,115.0300,115.6900
2025-04-03 20:00:00,115.6800,115.9700,112.1700,114.1000
2025-04-04 00:00:00,114.0900,115.9000,113.1700,115.3200
2025-04-04 04:00:00,115.3300,117.3700,114.9500,117.0800
2025-04-04 08:00:00,117.0900,117.3300,114.5700,115.3300
2025-04-04 12:00:00,115.3300,118.3100,114.6500,118.1100
2025-04-04 16:00:00,118.1200,119.8700,113.1900,114.4600
2025-04-04 20:00:00,114.4600,120.9700,113.9000,118.5300
2025-04-05 00:00:00,118.5400,123.9600,118.1700,122.5300
2025-04-05 04:00:00,122.5300,123.9600,121.7200,122.7200
2025-04-05 08:00:00,122.7200,122.8000,120.6000,120.6700
2025-04-05 12:00:00,120.6800,121.2800,120.1200,121.0100
2025-04-05 16:00:00,121.0200,121.8900,119.7600,120.2200
2025-04-05 20:00:00,120.2100,120.2700,117.0800,117.4800
2025-04-06 00:00:00,117.4700,119.3000,117.4400,118.5700
2025-04-06 04:00:00,118.5600,120.5600,118.3000,120.2400
2025-04-06 08:00:00,120.2500,121.0800,119.3600,119.9400
2025-04-06 12:00:00,119.9400,120.5600,118.7600,119.1400
2025-04-06 16:00:00,119.1400,120.1300,118.1000,118.5600
2025-04-06 20:00:00,118.5500,118.8000,114.2000,114.9000
2025-04-07 00:00:00,114.8900,115.2000,106.1700,108.0000
2025-04-07 04:00:00,107.9900,108.5000,103.7600,105.8400
2025-04-07 08:00:00,105.8400,107.7400,102.1300,103.2000
2025-04-07 12:00:00,103.2000,103.7100,95.1900,97.0800
2025-04-07 16:00:00,97.0700,102.5700,96.8500,100.2200
2025-04-07 20:00:00,100.2200,113.1800,99.6800,106.6100
2025-04-08 00:00:00,106.6100,107.9000,103.4700,105.6800
2025-04-08 04:00:00,105.6800,109.2400,105.6500,106.9100
2025-04-08 08:00:00,106.9100,112.5000,106.5600,111.2500
2025-04-08 12:00:00,111.2500,112.0900,107.8900,108.6200
2025-04-08 16:00:00,108.6200,111.7500,107.1000,111.4800
2025-04-08 20:00:00,111.4900,112.1400,106.6100,107.1300
2025-04-09 00:00:00,107.1200,107.2400,102.8700,104.0200
2025-04-09 04:00:00,104.0300,106.4300,103.6000,105.3200
2025-04-09 08:00:00,105.3200,106.5000,101.2300,103.0900
2025-04-09 12:00:00,103.0800,107.9800,102.9800,107.3200
2025-04-09 16:00:00,107.3100,108.2400,102.6900,103.3800
2025-04-09 20:00:00,103.3800,107.4000,102.2200,106.4900
2025-04-10 00:00:00,106.4900,120.6900,106.1700,118.8700
2025-04-10 04:00:00,118.8800,120.4500,118.0100,119.0100
2025-04-10 08:00:00,119.0000,119.2900,114.4200,115.4400
2025-04-10 12:00:00,115.4400,116.9100,113.8800,114.7500
2025-04-10 16:00:00,114.7500,115.1900,113.3400,113.8900
2025-04-10 20:00:00,113.8800,116.0000,109.3100,109.5500
2025-04-11 00:00:00,109.5500,111.8500,108.2100,111.2600
2025-04-11 04:00:00,111.2700,113.3300,111.1800,112.7300
2025-04-11 08:00:00,112.7300,115.7200,112.0900,115.3400
2025-04-11 12:00:00,115.3400,117.7000,114.9300,116.5400
2025-04-11 16:00:00,116.5300,119.3400,115.7700,117.9900
2025-04-11 20:00:00,118.0000,121.5400,117.5400,119.8600
2025-04-12 00:00:00,119.8600,121.9900,118.6100,120.8100
2025-04-12 04:00:00,120.8000,122.6500,119.9100,121.3300
2025-04-12 08:00:00,121.3300,122.1800,119.2900,120.1300
2025-04-12 12:00:00,120.1300,124.5000,119.7500,124.1700
2025-04-12 16:00:00,124.1600,125.4800,123.9200,124.5100
2025-04-12 20:00:00,124.5200,131.7000,124.3000,130.4200
2025-04-13 00:00:00,130.4200,131.4900,128.1600,130.6300
2025-04-13 04:00:00,130.6400,134.0000,130.5800,132.1700
2025-04-13 08:00:00,132.1600,133.9400,130.8300,131.7400
2025-04-13 12:00:00,131.7400,131.9800,128.1100,128.5000
2025-04-13 16:00:00,128.4900,131.5300,128.1500,129.7600
2025-04-13 20:00:00,129.7600,130.4000,126.7200,128.6500
2025-04-14 00:00:00,128.6500,132.5900,126.9500,128.1600
2025-04-14 04:00:00,128.1700,129.7900,125.2800,128.3000
2025-04-14 08:00:00,128.3000,136.0900,127.9000,131.6600
2025-04-14 12:00:00,131.6600,134.2800,131.0200,132.2200
2025-04-14 16:00:00,132.2300,134.1400,131.4300,133.4100
2025-04-14 20:00:00,133.4000,134.7400,128.0300,128.7000
2025-04-15 00:00:00,128.7100,131.9300,127.9900,131.0200
2025-04-15 04:00:00,131.0100,131.1300,128.5300,129.3400
2025-04-15 08:00:00,129.3300,130.6800,127.6200,130.4300
2025-04-15 12:00:00,130.4400,132.2600,129.5800,131.4800
2025-04-15 16:00:00,131.4700,133.8700,131.2800,132.1000
2025-04-15 20:00:00,132.1100,134.4100,129.0300,129.5300
2025-04-16 00:00:00,129.5400,130.5300,127.2100,127.7900
2025-04-16 04:00:00,127.7900,128.5100,125.7300,126.0500
2025-04-16 08:00:00,126.0500,127.2900,124.6800,126.3600
2025-04-16 12:00:00,126.3600,126.6200,124.2500,124.7100
2025-04-16 16:00:00,124.7100,126.5900,123.4100,126.1700
2025-04-16 20:00:00,126.1800,129.7600,124.3900,128.3400
2025-04-17 00:00:00,128.3400,133.8800,124.7300,132.4000
2025-04-17 04:00:00,132.4000,133.6600,130.7300,131.3000
2025-04-17 08:00:00,131.2900,132.6600,129.4000,129.7000
2025-04-17 12:00:00,129.7000,135.6000,129.5300,134.2100
2025-04-17 16:00:00,134.2200,134.9600,132.3300,133.0300
2025-04-17 20:00:00,133.0300,134.4300,130.4800,133.3900
2025-04-18 00:00:00,133.3900,136.2600,131.8800,132.8300
2025-04-18 04:00:00,132.8200,135.2500,132.8100,134.7600
2025-04-18 08:00:00,134.7700,135.9500,133.6900,134.4300
2025-04-18 12:00:00,134.4200,134.9800,133.1800,134.8700
2025-04-18 16:00:00,134.8600,135.5000,133.4700,134.1800
2025-04-18 20:00:00,134.1900,135.1200,132.3600,132.8100
2025-04-19 00:00:00,132.8100,134.4200,132.6000,134.1500
2025-04-19 04:00:00,134.1400,134.3400,133.1200,133.9700
2025-04-19 08:00:00,133.9700,139.1400,133.5000,138.7100
2025-04-19 12:00:00,138.7100,139.4200,137.6600,138.6800
2025-04-19 16:00:00,138.6700,139.8900,138.3600,138.7000
2025-04-19 20:00:00,138.7100,140.7100,138.3900,138.8700
2025-04-20 00:00:00,138.8700,139.4300,137.5700,138.6200
2025-04-20 04:00:00,138.6100,139.8300,138.2200,139.7700
2025-04-20 08:00:00,139.7700,141.8700,139.3100,140.8700
2025-04-20 12:00:00,140.8700,141.4800,138.5100,139.5000
2025-04-20 16:00:00,139.5100,139.7400,135.7100,136.3200
2025-04-20 20:00:00,136.3200,137.9800,135.5000,135.8700
2025-04-21 00:00:00,135.8600,137.1800,135.6200,137.0900
2025-04-21 04:00:00,137.0800,138.4800,136.2400,137.7600
2025-04-21 08:00:00,137.7700,143.2500,137.5600,139.3000
2025-04-21 12:00:00,139.2900,141.7700,139.0900,140.0800
2025-04-21 16:00:00,140.0900,141.0500,138.2100,138.9100
2025-04-21 20:00:00,138.9000,140.0300,136.6500,138.2500
2025-04-22 00:00:00,138.2500,138.6900,133.7500,136.8000
2025-04-22 04:00:00,136.8000,137.2800,135.2400,136.4400
2025-04-22 08:00:00,136.4400,139.8200,134.4000,139.2800
2025-04-22 12:00:00,139.2900,140.5800,138.3700,140.1100
2025-04-22 16:00:00,140.1100,140.7300,138.8800,140.3800
2025-04-22 20:00:00,140.3700,145.4600,139.9900,145.2700
2025-04-23 00:00:00,145.2800,147.6900,143.4700,144.1700
2025-04-23 04:00:00,144.1700,150.2900,143.3900,148.7100
2025-04-23 08:00:00,148.7200,149.3800,147.0000,149.1500
2025-04-23 12:00:00,149.1500,152.2400,148.4800,151.5100
2025-04-23 16:00:00,151.5100,153.7000,150.8800,152.0100
2025-04-23 20:00:00,152.0200,154.1400,148.6500,151.3500
2025-04-24 00:00:00,151.3500,152.4500,148.8700,150.1000
2025-04-24 04:00:00,150.1100,151.7700,149.7800,151.0500
2025-04-24 08:00:00,151.0500,151.4500,147.6200,147.7300
2025-04-24 12:00:00,147.7200,149.1500,146.9200,147.1100
2025-04-24 16:00:00,147.1100,147.6900,145.0600,147.6200
2025-04-24 20:00:00,147.6100,151.4000,147.0000,149.2800
2025-04-25 00:00:00,149.2800,152.4300,148.7400,151.5100
2025-04-25 04:00:00,151.5200,152.9600,149.8500,152.4800
2025-04-25 08:00:00,152.4800,154.5000,150.4500,151.6800
2025-04-25 12:00:00,151.6800,155.0000,150.6700,154.8000
2025-04-25 16:00:00,154.8000,154.9800,152.8500,154.7000
2025-04-25 20:00:00,154.7000,157.2400,152.0700,152.8300
2025-04-26 00:00:00,152.8400,153.1400,150.3100,151.3100
2025-04-26 04:00:00,151.3000,152.4700,149.7500,150.7600
2025-04-26 08:00:00,150.7500,153.1500,150.7500,151.2800
2025-04-26 12:00:00,151.2800,152.2700,149.8700,151.2800
2025-04-26 16:00:00,151.2700,152.2900,147.8600,148.4400
2025-04-26 20:00:00,148.4300,149.4900,147.6600,149.2100
2025-04-27 00:00:00,149.2200,149.3800,148.2400,149.1600
2025-04-27 04:00:00,149.1700,149.6200,148.2500,149.1400
2025-04-27 08:00:00,149.1500,150.3700,146.0000,147.4500
2025-04-27 12:00:00,147.4500,147.7900,145.3900,147.3600
2025-04-27 16:00:00,147.3500,148.6900,147.2600,147.8900
2025-04-27 20:00:00,147.8900,149.7100,146.8700,148.9500
2025-04-28 00:00:00,148.9400,150.2300,148.1200,149.9400
2025-04-28 04:00:00,149.9300,150.0100,147.7300,147.9100
2025-04-28 08:00:00,147.9000,149.5500,144.5300,148.3200
2025-04-28 12:00:00,148.3100,151.4500,148.3100,151.0300
2025-04-28 16:00:00,151.0400,153.3500,148.9200,151.6000
2025-04-28 20:00:00,151.6100,151.7700,145.4100,146.2200
2025-04-29 00:00:00,146.2100,148.8000,145.2200,148.3000
2025-04-29 04:00:00,148.2900,148.3500,146.4100,147.7600
2025-04-29 08:00:00,147.7600,149.1300,146.8300,147.3800
2025-04-29 12:00:00,147.3900,148.8700,145.3700,148.8200
2025-04-29 16:00:00,148.8300,149.4400,147.5200,148.9300
2025-04-29 20:00:00,148.9200,149.1900,146.7700,147.9200
2025-04-30 00:00:00,147.9200,150.3700,147.5800,149.1900
2025-04-30 04:00:00,149.2000,149.4600,144.7900,146.1800
2025-04-30 08:00:00,146.1900,148.6400,144.9300,148.1100
2025-04-30 12:00:00,148.1000,148.3000,146.0100,146.3100
2025-04-30 16:00:00,146.3100,147.9200,145.9200,147.8400
2025-04-30 20:00:00,147.8400,147.9100,140.2500,142.1000
2025-05-01 00:00:00,142.1000,145.9900,141.2700,145.5500
2025-05-01 04:00:00,145.5600,148.0900,145.2700,147.4700
2025-05-01 08:00:00,147.4700,149.5800,147.4700,148.6500
2025-05-01 12:00:00,148.6500,150.2000,147.9100,149.7000
2025-05-01 16:00:00,149.7000,152.3800,149.4600,151.6700
2025-05-01 20:00:00,151.6800,153.8800,150.5000,151.7700
2025-05-02 00:00:00,151.7700,152.8000,150.0100,150.2100
2025-05-02 04:00:00,150.2000,150.8900,149.8000,150.7300
2025-05-02 08:00:00,150.7300,151.6200,149.9800,150.7000
2025-05-02 12:00:00,150.7000,150.9700,148.2900,148.4300
2025-05-02 16:00:00,148.4400,150.7300,148.3000,150.6300
2025-05-02 20:00:00,150.6300,151.8600,149.2000,149.8200
2025-05-03 00:00:00,149.8200,151.3700,147.6000,147.9700
2025-05-03 04:00:00,147.9800,148.6000,147.2000,147.9300
2025-05-03 08:00:00,147.9300,149.0000,147.4200,148.2200
2025-05-03 12:00:00,148.2200,148.5000,147.2600,148.0200
2025-05-03 16:00:00,148.0300,148.3000,146.6000,147.0300
2025-05-03 20:00:00,147.0200,149.0000,147.0200,148.3700
2025-05-04 00:00:00,148.3700,148.3900,145.7400,147.3600
2025-05-04 04:00:00,147.3600,147.8500,146.5400,146.6200
2025-05-04 08:00:00,146.6200,147.6600,145.4000,145.5300
2025-05-04 12:00:00,145.5200,146.4800,145.1000,145.5600
2025-05-04 16:00:00,145.5600,145.9000,144.5700,145.3400
2025-05-04 20:00:00,145.3300,147.1800,144.8600,146.7300
2025-05-05 00:00:00,146.7300,147.7900,145.8900,146.0800
2025-05-05 04:00:00,146.0800,147.0700,143.5500,143.8700
2025-05-05 08:00:00,143.8600,145.3900,142.4200,144.8300
2025-05-05 12:00:00,144.8400,147.3100,144.8200,146.8000
2025-05-05 16:00:00,146.7900,146.9900,143.4700,144.1000
2025-05-05 20:00:00,144.1000,145.4000,143.0000,143.6600
2025-05-06 00:00:00,143.6700,147.0900,143.5600,146.4100
2025-05-06 04:00:00,146.4100,147.6700,144.8600,146.6600
2025-05-06 08:00:00,146.6600,146.7800,143.6900,144.5600
2025-05-06 12:00:00,144.5700,145.8300,144.2400,145.1700
2025-05-06 16:00:00,145.1700,145.2000,141.7900,142.4900
2025-05-06 20:00:00,142.4900,143.9000,141.3000,143.1300
2025-05-07 00:00:00,143.1200,145.2400,142.3400,144.7800
2025-05-07 04:00:00,144.7900,147.1700,143.4300,146.8300
2025-05-07 08:00:00,146.8300,149.4700,145.3400,146.1700
2025-05-07 12:00:00,146.1700,147.2400,145.3400,147.1800
2025-05-07 16:00:00,147.1800,148.2400,146.8500,147.5400
2025-05-07 20:00:00,147.5400,147.6900,145.3500,145.6800
2025-05-08 00:00:00,145.6800,147.2900,144.5900,145.6800
2025-05-08 04:00:00,145.6800,148.2500,145.3800,147.2700
2025-05-08 08:00:00,147.2700,151.1700,147.0100,150.7900
2025-05-08 12:00:00,150.8000,151.9100,149.9000,151.5100
2025-05-08 16:00:00,151.5000,155.2300,151.4600,154.5200
2025-05-08 20:00:00,154.5200,163.0800,154.1400,160.1800
2025-05-09 00:00:00,160.1900,161.0500,158.5100,160.5000
2025-05-09 04:00:00,160.5000,164.6100,159.6800,164.4200
2025-05-09 08:00:00,164.4100,164.4300,161.3000,161.3400
2025-05-09 12:00:00,161.3300,167.0100,161.0200,165.0300
2025-05-09 16:00:00,165.0400,176.1600,164.2500,172.2600
2025-05-09 20:00:00,172.2600,173.4200,167.4000,170.7400
2025-05-10 00:00:00,170.7400,172.5800,168.5500,171.8800
2025-05-10 04:00:00,171.8900,173.7900,171.0900,172.7400
2025-05-10 08:00:00,172.7400,175.1800,170.6200,171.5600
2025-05-10 12:00:00,171.5600,172.5000,169.6200,172.2500
2025-05-10 16:00:00,172.2600,173.3600,168.6800,168.9100
2025-05-10 20:00:00,168.9100,171.9700,168.9100,171.0200
2025-05-11 00:00:00,171.0200,173.8000,170.7900,172.1500
2025-05-11 04:00:00,172.1400,178.9300,171.2500,177.8600
2025-05-11 08:00:00,177.8500,180.2900,172.7800,175.7800
2025-05-11 12:00:00,175.7800,177.6600,172.1400,172.5500
2025-05-11 16:00:00,172.5400,174.9900,172.5200,174.6900
2025-05-11 20:00:00,174.6800,175.1900,169.1300,170.4100
2025-05-12 00:00:00,170.4100,173.3800,169.3100,172.6400
2025-05-12 04:00:00,172.6300,173.7600,171.1600,173.1100
2025-05-12 08:00:00,173.1000,176.8600,171.6200,174.8000
2025-05-12 12:00:00,174.8000,180.0000,173.5200,176.0100
2025-05-12 16:00:00,176.0100,177.1400,173.5500,174.0100
2025-05-12 20:00:00,174.0100,181.4400,173.8900,174.3400
2025-05-13 00:00:00,174.3400,176.6100,168.2700,171.1300
2025-05-13 04:00:00,171.1300,174.7900,170.3300,174.1400
2025-05-13 08:00:00,174.1500,174.3100,166.8400,166.9200
2025-05-13 12:00:00,166.9200,172.3600,166.1200,171.4300
2025-05-13 16:00:00,171.4300,175.1000,170.8600,173.9300
2025-05-13 20:00:00,173.9300,176.2200,172.0400,175.9600
2025-05-14 00:00:00,175.9600,184.3600,175.6100,182.0200
2025-05-14 04:00:00,182.0100,184.8000,180.2700,183.7000
2025-05-14 08:00:00,183.7000,184.8700,178.9900,180.2500
2025-05-14 12:00:00,180.2500,183.9600,179.8000,181.6600
2025-05-14 16:00:00,181.6600,182.6100,177.5100,180.9400
2025-05-14 20:00:00,180.9500,181.8200,175.4700,177.2600
2025-05-15 00:00:00,177.2600,177.6100,173.1500,176.9800
2025-05-15 04:00:00,176.9900,177.6000,175.1000,176.5100
2025-05-15 08:00:00,176.5100,178.2300,173.9400,173.9500
2025-05-15 12:00:00,173.9400,175.2100,169.6400,170.3300
2025-05-15 16:00:00,170.3200,172.9600,168.6000,170.9900
2025-05-15 20:00:00,170.9900,172.7900,166.8400,172.1400
2025-05-16 00:00:00,172.1300,174.3800,167.6000,169.6700
2025-05-16 04:00:00,169.6800,170.6000,166.5500,169.0600
2025-05-16 08:00:00,169.0600,173.6100,168.5800,172.5400
2025-05-16 12:00:00,172.5500,173.4800,171.0400,172.0700
2025-05-16 16:00:00,172.0600,174.1600,169.2500,172.7500
2025-05-16 20:00:00,172.7400,174.0000,170.7200,172.0000
2025-05-17 00:00:00,172.0000,172.6900,169.6000,171.3200
2025-05-17 04:00:00,171.3100,171.3200,166.2200,167.3300
2025-05-17 08:00:00,167.3300,168.5400,163.9100,168.1700
2025-05-17 12:00:00,168.1700,169.9500,167.1200,168.4700
2025-05-17 16:00:00,168.4700,169.3400,166.6300,167.5300
2025-05-17 20:00:00,167.5300,168.1600,165.7300,167.2000
2025-05-18 00:00:00,167.2000,167.4400,164.2900,165.1600
2025-05-18 04:00:00,165.1600,167.9200,164.2500,165.8700
2025-05-18 08:00:00,165.8700,167.8500,165.7900,166.8300
2025-05-18 12:00:00,166.8300,170.6700,166.8000,170.6000
2025-05-18 16:00:00,170.6100,171.9500,170.4000,170.7100
2025-05-18 20:00:00,170.7100,176.6100,170.1100,176.2000
2025-05-19 00:00:00,176.2000,176.7300,166.2900,166.5300
2025-05-19 04:00:00,166.5400,174.2400,164.5000,173.2400
2025-05-19 08:00:00,173.2500,173.8700,164.8600,165.2300
2025-05-19 12:00:00,165.2400,166.7500,159.2800,161.7800
2025-05-19 16:00:00,161.7800,162.6000,160.3000,162.0700
2025-05-19 20:00:00,162.0700,164.6700,160.0500,164.0800
2025-05-20 00:00:00,164.0900,167.3000,162.6700,166.5400
2025-05-20 04:00:00,166.5400,167.7300,165.0500,166.7600
2025-05-20 08:00:00,166.7600,173.0600,166.6700,169.1300
2025-05-20 12:00:00,169.1400,170.5900,166.9800,167.2700
2025-05-20 16:00:00,167.2700,168.0700,165.1300,166.3800
2025-05-20 20:00:00,166.3800,167.2800,164.4000,166.5300
2025-05-21 00:00:00,166.5300,169.0900,164.4500,168.1100
2025-05-21 04:00:00,168.1200,169.3300,166.1700,168.5100
2025-05-21 08:00:00,168.5100,170.8700,166.7100,169.9100
2025-05-21 12:00:00,169.9100,171.7000,168.2100,168.7500
2025-05-21 16:00:00,168.7600,169.6000,167.2800,169.2600
2025-05-21 20:00:00,169.2700,173.6600,168.1700,172.1200
2025-05-22 00:00:00,172.1200,174.9100,165.3400,171.0800
2025-05-22 04:00:00,171.0700,175.9200,169.0200,173.5000
2025-05-22 08:00:00,173.5000,177.4800,172.4000,176.7800
2025-05-22 12:00:00,176.7700,178.7500,175.1900,178.4600
2025-05-22 16:00:00,178.4600,180.8200,177.1600,178.0100
2025-05-22 20:00:00,178.0000,179.8300,176.9200,178.9400
2025-05-23 00:00:00,178.9500,180.3200,177.4400,177.7900
2025-05-23 04:00:00,177.7900,179.9700,177.2300,179.6000
2025-05-23 08:00:00,179.6100,185.4000,179.1700,184.9400
2025-05-23 12:00:00,184.9400,185.3000,180.0000,182.4800
2025-05-23 16:00:00,182.4800,187.6700,177.1000,177.8800
2025-05-23 20:00:00,177.8700,183.7000,173.2900,180.6300
2025-05-24 00:00:00,180.6200,182.1900,178.2700,179.0700
2025-05-24 04:00:00,179.0600,179.2000,173.1800,173.9200
2025-05-24 08:00:00,173.9200,175.9200,172.5200,175.0300
2025-05-24 12:00:00,175.0300,176.2900,173.3500,173.8500
2025-05-24 16:00:00,173.8400,178.2200,173.1200,176.8000
2025-05-24 20:00:00,176.8000,177.0400,174.9500,176.2200
2025-05-25 00:00:00,176.2200,177.6300,175.1800,177.0500
2025-05-25 04:00:00,177.0400,177.8500,175.2500,175.8100
2025-05-25 08:00:00,175.8200,176.8200,170.1300,173.5300
2025-05-25 12:00:00,173.5300,174.3200,171.8100,172.2700
2025-05-25 16:00:00,172.2700,172.3000,170.0000,171.8600
2025-05-25 20:00:00,171.8600,172.5800,169.0500,170.2100
2025-05-26 00:00:00,170.2000,172.7200,169.0900,172.4300
2025-05-26 04:00:00,172.4400,175.7700,170.8200,175.6500
2025-05-26 08:00:00,175.6400,177.7800,175.0000,176.9400
2025-05-26 12:00:00,176.9300,178.9600,176.4900,178.0700
2025-05-26 16:00:00,178.0800,178.2600,176.3200,177.8200
2025-05-26 20:00:00,177.8200,178.8000,175.8100,177.4100
2025-05-27 00:00:00,177.4100,177.9700,173.3700,173.9500
2025-05-27 04:00:00,173.9400,175.9800,173.5300,174.8000
2025-05-27 08:00:00,174.8000,175.6800,171.0600,173.4200
2025-05-27 12:00:00,173.4200,175.8600,172.3700,175.4000
2025-05-27 16:00:00,175.4000,177.1400,174.9100,176.7300
2025-05-27 20:00:00,176.7200,179.3700,174.9900,178.4100
2025-05-28 00:00:00,178.4100,179.2700,177.3200,177.4500
2025-05-28 04:00:00,177.4500,178.6000,175.5000,176.6400
2025-05-28 08:00:00,176.6400,177.3800,174.1300,175.0300
2025-05-28 12:00:00,175.0200,175.2700,173.5800,173.8100
2025-05-28 16:00:00,173.8200,174.4200,172.7200,174.4200
2025-05-28 20:00:00,174.4200,175.0500,168.8000,169.6000
2025-05-29 00:00:00,169.6100,171.9200,169.0400,169.3100
2025-05-29 04:00:00,169.3200,172.5900,169.1100,172.1100
2025-05-29 08:00:00,172.1200,175.2800,171.2300,173.6200
2025-05-29 12:00:00,173.6100,173.8900,169.9600,172.1600
2025-05-29 16:00:00,172.1700,173.4000,171.5500,172.7800
2025-05-29 20:00:00,172.7800,172.8700,168.8000,169.6500
2025-05-30 00:00:00,169.6500,170.2100,165.9000,166.7500
2025-05-30 04:00:00,166.7500,168.4500,165.8700,166.6200
2025-05-30 08:00:00,166.6100,167.4100,159.8500,165.0300
2025-05-30 12:00:00,165.0300,165.7700,162.5000,162.6200
2025-05-30 16:00:00,162.6200,164.1000,161.3700,163.7300
2025-05-30 20:00:00,163.7400,163.8800,160.0000,161.1300
2025-05-31 00:00:00,161.1400,161.6800,156.0400,160.7300
2025-05-31 04:00:00,160.7200,160.9200,155.0100,156.1200
2025-05-31 08:00:00,156.1100,157.1800,152.0600,154.0800
2025-05-31 12:00:00,154.0800,155.7900,152.9300,154.7600
2025-05-31 16:00:00,154.7700,155.1900,152.5100,152.8500
2025-05-31 20:00:00,152.8500,156.6700,152.5500,155.5100
2025-06-01 00:00:00,155.5100,157.8900,155.0700,157.4100
2025-06-01 04:00:00,157.4100,157.9200,156.2100,156.3500
2025-06-01 08:00:00,156.3600,156.6500,153.2600,154.6200
2025-06-01 12:00:00,154.6300,155.8700,154.0200,154.3500
2025-06-01 16:00:00,154.3500,154.5500,150.4800,151.9500
2025-06-01 20:00:00,151.9500,154.5100,150.5100,154.0700
2025-06-02 00:00:00,154.0700,156.6600,153.3200,155.8100
2025-06-02 04:00:00,155.8000,157.8500,155.0800,157.6200
2025-06-02 08:00:00,157.6100,158.8400,155.3000,155.3900
2025-06-02 12:00:00,155.3800,156.6400,154.5800,155.4400
2025-06-02 16:00:00,155.4400,156.5000,152.8200,153.3700
2025-06-02 20:00:00,153.3600,154.4200,151.5200,153.0900
2025-06-03 00:00:00,153.0900,155.0800,151.6600,152.8600
2025-06-03 04:00:00,152.8700,157.1700,152.8400,156.7400
2025-06-03 08:00:00,156.7500,162.3100,156.2600,159.3400
2025-06-03 12:00:00,159.3500,160.1300,158.1200,159.7500
2025-06-03 16:00:00,159.7400,161.5900,158.2200,160.4900
2025-06-03 20:00:00,160.4900,163.5700,159.3500,162.1200
2025-06-04 00:00:00,162.1200,162.3400,159.8200,160.4900
2025-06-04 04:00:00,160.4800,160.5300,154.0000,155.0800
2025-06-04 08:00:00,155.0800,157.5600,154.0800,156.5000
2025-06-04 12:00:00,156.5000,156.9600,155.6100,156.3400
2025-06-04 16:00:00,156.3400,157.8200,155.5600,155.8300
2025-06-04 20:00:00,155.8300,157.9300,154.5100,157.0500
2025-06-05 00:00:00,157.0500,157.5000,155.1800,155.2700
2025-06-05 04:00:00,155.2700,155.5500,152.7800,153.1800
2025-06-05 08:00:00,153.1800,154.5900,152.8900,153.7500
2025-06-05 12:00:00,153.7400,154.0900,151.7500,152.3600
2025-06-05 16:00:00,152.3600,152.9700,151.1600,152.3000
2025-06-05 20:00:00,152.3100,154.3500,148.3200,150.8100
2025-06-06 00:00:00,150.8000,151.0200,144.0500,146.1300
2025-06-06 04:00:00,146.1200,146.5200,141.4300,144.2100
2025-06-06 08:00:00,144.2000,146.7900,144.0200,146.7300
2025-06-06 12:00:00,146.7400,148.1900,146.5400,147.2900
2025-06-06 16:00:00,147.2900,149.5500,147.1200,149.0000
2025-06-06 20:00:00,149.0000,152.5600,149.0000,151.0100
2025-06-07 00:00:00,151.0200,151.5000,148.3200,149.0400
2025-06-07 04:00:00,149.0300,149.9100,147.6000,147.7600
2025-06-07 08:00:00,147.7700,149.6500,146.8400,149.3900
2025-06-07 12:00:00,149.4000,152.8000,148.9000,152.3000
2025-06-07 16:00:00,152.3000,152.6400,151.1500,151.3600
2025-06-07 20:00:00,151.3600,152.3400,150.6100,150.9200
2025-06-08 00:00:00,150.9100,151.5300,150.0200,150.5100
2025-06-08 04:00:00,150.5000,151.4400,149.6400,149.9800
2025-06-08 08:00:00,149.9700,150.3100,149.0500,149.7900
2025-06-08 12:00:00,149.7900,150.4600,149.0000,149.2200
2025-06-08 16:00:00,149.2300,149.6300,147.5900,149.5500
2025-06-08 20:00:00,149.5500,151.3600,148.9300,150.6300
2025-06-09 00:00:00,150.6400,154.4800,150.5400,154.3800
2025-06-09 04:00:00,154.3800,155.3000,152.0600,152.3700
2025-06-09 08:00:00,152.3700,153.1100,150.7100,151.4700
2025-06-09 12:00:00,151.4600,151.8100,149.5000,150.7700
2025-06-09 16:00:00,150.7800,156.6000,150.3100,155.5400
2025-06-09 20:00:00,155.5400,155.7700,152.9300,154.9300
2025-06-10 00:00:00,154.9300,156.9400,154.9000,155.6600
2025-06-10 04:00:00,155.6600,161.7000,155.6200,161.0900
2025-06-10 08:00:00,161.0900,161.7700,158.6400,159.1100
2025-06-10 12:00:00,159.1100,159.5700,157.3300,158.4000
2025-06-10 16:00:00,158.4000,161.4300,157.0200,160.7500
2025-06-10 20:00:00,160.7400,161.9400,156.2300,157.9600
2025-06-11 00:00:00,157.9700,165.4600,157.0100,163.5300
2025-06-11 04:00:00,163.5300,165.6200,162.8200,165.0600
2025-06-11 08:00:00,165.0600,167.4400,163.3900,166.6300
2025-06-11 12:00:00,166.6400,167.1000,164.2800,166.5800
2025-06-11 16:00:00,166.5900,167.1600,163.9300,164.4400
2025-06-11 20:00:00,164.4400,168.3000,163.6600,167.1800
2025-06-12 00:00:00,167.1800,167.3700,162.2800,162.5500
2025-06-12 04:00:00,162.5400,163.8100,159.1400,160.8800
2025-06-12 08:00:00,160.8800,161.2400,159.2000,159.7800
2025-06-12 12:00:00,159.7800,160.5200,158.1500,158.6900
2025-06-12 16:00:00,158.6900,159.8700,157.3300,157.6600
2025-06-12 20:00:00,157.6600,160.5500,156.3400,156.9400
2025-06-13 00:00:00,156.9500,160.3900,154.3800,154.7500
2025-06-13 04:00:00,154.7400,155.3600,151.9200,152.2300
2025-06-13 08:00:00,152.2400,152.5500,140.7300,144.6600
2025-06-13 12:00:00,144.6500,145.3900,142.4900,144.9200
2025-06-13 16:00:00,144.9200,146.6100,143.5500,145.3800
2025-06-13 20:00:00,145.3800,147.7100,143.8300,147.1000
2025-06-14 00:00:00,147.0900,148.4400,144.2300,145.0800
2025-06-14 04:00:00,145.0900,148.8700,144.6800,148.5400
2025-06-14 08:00:00,148.5400,148.6500,146.3500,146.6300
2025-06-14 12:00:00,146.6300,147.0700,145.4700,146.1100
2025-06-14 16:00:00,146.1000,146.1500,144.8700,145.7800
2025-06-14 20:00:00,145.7700,145.8800,143.7100,144.4700
2025-06-15 00:00:00,144.4600,145.0800,142.8400,143.4300
2025-06-15 04:00:00,143.4300,144.9400,141.8700,144.5500
2025-06-15 08:00:00,144.5500,145.9900,144.4900,145.6700
2025-06-15 12:00:00,145.6700,148.0600,145.6100,145.8100
2025-06-15 16:00:00,145.8200,146.7300,144.1500,146.2600
2025-06-15 20:00:00,146.2700,152.9200,146.0700,150.7600
2025-06-16 00:00:00,150.7600,153.6600,150.1300,152.1700
2025-06-16 04:00:00,152.1800,152.9500,148.0700,152.8900
2025-06-16 08:00:00,152.8800,157.3800,150.9200,155.5400
2025-06-16 12:00:00,155.5300,157.9400,155.4500,157.1900
2025-06-16 16:00:00,157.2000,157.4400,154.7500,156.3900
2025-06-16 20:00:00,156.3900,157.7100,154.5800,156.4900
2025-06-17 00:00:00,156.5000,158.6800,156.2500,157.7300
2025-06-17 04:00:00,157.7300,157.7800,150.2400,150.6700
2025-06-17 08:00:00,150.6700,153.9200,147.4100,153.3000
2025-06-17 12:00:00,153.3100,154.2900,152.3100,152.6100
2025-06-17 16:00:00,152.6200,152.8500,150.1100,150.4900
2025-06-17 20:00:00,150.4900,151.3500,146.4500,147.5500
2025-06-18 00:00:00,147.5500,150.3500,145.5500,148.8300
2025-06-18 04:00:00,148.8200,149.2100,146.2100,147.4900
2025-06-18 08:00:00,147.5000,149.0400,146.4700,148.2800
2025-06-18 12:00:00,148.2700,149.2000,146.7900,147.9100
2025-06-18 16:00:00,147.9100,148.5000,145.2700,146.4300
2025-06-18 20:00:00,146.4300,146.6800,143.6900,145.6800
2025-06-19 00:00:00,145.6700,146.4300,143.5800,144.6700
2025-06-19 04:00:00,144.6600,147.8400,144.0300,146.2800
2025-06-19 08:00:00,146.2900,147.8300,144.9000,146.5300
2025-06-19 12:00:00,146.5200,147.1000,144.9300,145.0000
2025-06-19 16:00:00,145.0100,146.4500,144.7500,145.0100
2025-06-19 20:00:00,145.0100,145.4300,142.8300,143.0800
2025-06-20 00:00:00,143.0700,146.0000,143.0200,145.4200
2025-06-20 04:00:00,145.4200,147.4400,144.9500,146.9600
2025-06-20 08:00:00,146.9600,147.4600,145.3500,145.3900
2025-06-20 12:00:00,145.3800,147.7500,144.2100,147.4100
2025-06-20 16:00:00,147.4000,148.7500,146.8400,148.1100
2025-06-20 20:00:00,148.1100,148.3000,142.2600,142.7600
2025-06-21 00:00:00,142.7700,142.9200,135.5700,139.7900
2025-06-21 04:00:00,139.7900,141.6500,138.5900,140.0200
2025-06-21 08:00:00,140.0100,141.2600,139.4400,140.6900
2025-06-21 12:00:00,140.6900,140.9100,139.7500,140.5500
2025-06-21 16:00:00,140.5500,142.5300,140.2000,141.9900
2025-06-21 20:00:00,141.9800,142.3900,139.0700,140.2300
2025-06-22 00:00:00,140.2300,140.9700,137.1400,137.2400
2025-06-22 04:00:00,137.2300,138.8500,130.4600,135.3200
2025-06-22 08:00:00,135.3200,137.5200,133.0900,135.0300
2025-06-22 12:00:00,135.0300,136.4400,134.5400,134.7500
2025-06-22 16:00:00,134.7500,135.2900,131.8800,133.1800
2025-06-22 20:00:00,133.1800,133.8100,126.4100,128.5200
2025-06-23 00:00:00,128.5100,131.4200,128.2100,129.0200
2025-06-23 04:00:00,129.0200,132.5100,125.8300,131.6400
2025-06-23 08:00:00,131.6400,133.4400,131.4600,132.5900
2025-06-23 12:00:00,132.6000,134.9900,132.2700,134.3100
2025-06-23 16:00:00,134.3100,134.8200,133.1800,134.0400
2025-06-23 20:00:00,134.0500,137.4600,132.7900,133.3500
2025-06-24 00:00:00,133.3500,140.1900,130.6000,139.7100
2025-06-24 04:00:00,139.7200,146.8800,139.1600,144.4100
2025-06-24 08:00:00,144.4100,144.6800,142.2100,143.1600
2025-06-24 12:00:00,143.1600,146.6600,142.7600,143.9400
2025-06-24 16:00:00,143.9300,145.7300,142.9300,144.4800
2025-06-24 20:00:00,144.4900,145.6400,143.3500,144.2400
2025-06-25 00:00:00,144.2400,146.5600,142.7100,143.5200
2025-06-25 04:00:00,143.5200,145.8600,143.1000,145.8300
2025-06-25 08:00:00,145.8300,146.9200,144.9500,145.4400
2025-06-25 12:00:00,145.4400,147.6100,144.7800,146.9500
2025-06-25 16:00:00,146.9500,147.0600,144.9400,146.2000
2025-06-25 20:00:00,146.2000,147.9300,143.0200,143.6100
2025-06-26 00:00:00,143.6000,144.6900,142.7100,144.6700
2025-06-26 04:00:00,144.6700,145.5700,142.1200,143.4800
2025-06-26 08:00:00,143.4900,147.9900,143.3000,145.8700
2025-06-26 12:00:00,145.8700,146.0200,143.9300,145.0800
2025-06-26 16:00:00,145.0700,145.7400,143.0400,143.5500
2025-06-26 20:00:00,143.5600,143.9000,141.3000,142.9200
2025-06-27 00:00:00,142.9200,143.1900,140.8000,142.2100
2025-06-27 04:00:00,142.2000,143.8900,138.5400,138.9800
2025-06-27 08:00:00,138.9800,141.5100,137.0000,141.2600
2025-06-27 12:00:00,141.2600,142.1600,140.1200,140.2700
2025-06-27 16:00:00,140.2700,142.7300,140.2600,142.0600
2025-06-27 20:00:00,142.0700,143.8000,141.0600,143.4200
2025-06-28 00:00:00,143.4200,145.0000,140.0400,141.7200
2025-06-28 04:00:00,141.7200,143.3100,141.5600,142.0500
2025-06-28 08:00:00,142.0500,143.5000,141.0700,143.3400
2025-06-28 12:00:00,143.3400,146.7700,143.0100,146.5200
2025-06-28 16:00:00,146.5200,147.5500,145.5500,147.0700
2025-06-28 20:00:00,147.0800,148.7800,145.8100,148.1100
2025-06-29 00:00:00,148.1000,152.6800,148.0100,150.6200
2025-06-29 04:00:00,150.6200,151.3100,149.9800,150.6700
2025-06-29 08:00:00,150.6700,151.0300,149.3600,149.4300
2025-06-29 12:00:00,149.4200,150.2700,149.3000,150.2700
2025-06-29 16:00:00,150.2600,152.2600,149.8700,151.5900
2025-06-29 20:00:00,151.5900,152.4900,150.6200,150.6800
2025-06-30 00:00:00,150.6900,152.1800,149.6400,151.1300
2025-06-30 04:00:00,151.1200,154.7700,150.2300,153.2100
2025-06-30 08:00:00,153.2200,154.0200,151.1100,151.7000
2025-06-30 12:00:00,151.7000,151.9400,149.6200,150.5700
2025-06-30 16:00:00,150.5800,150.9700,149.3600,150.2700
2025-06-30 20:00:00,150.2700,160.0000,149.6300,157.7800
2025-07-01 00:00:00,157.7700,158.3800,155.2800,157.7100
2025-07-01 04:00:00,157.7200,157.7700,154.4100,154.7300
2025-07-01 08:00:00,154.7400,155.5800,153.0700,153.8500
2025-07-01 12:00:00,153.8500,153.8600,148.6200,149.9800
2025-07-01 16:00:00,149.9700,149.9700,148.0300,148.7600
2025-07-01 20:00:00,148.7600,149.2000,146.1000,147.1300
2025-07-02 00:00:00,147.1300,148.3700,145.2300,145.3800
2025-07-02 04:00:00,145.3800,146.9500,144.6700,146.7900
2025-07-02 08:00:00,146.7800,149.1700,145.6400,148.7900
2025-07-02 12:00:00,148.7900,149.8400,148.2200,149.0200
2025-07-02 16:00:00,149.0200,149.9100,148.3400,148.5500
2025-07-02 20:00:00,148.5400,151.5600,147.0300,151.2200
2025-07-03 00:00:00,151.2300,153.5400,150.2200,152.9100
2025-07-03 04:00:00,152.9000,154.4400,151.8900,152.2100
2025-07-03 08:00:00,152.2100,153.9600,151.6600,153.3100
2025-07-03 12:00:00,153.3100,155.8900,153.1300,155.5300
2025-07-03 16:00:00,155.5300,156.3300,154.0600,154.4500
2025-07-03 20:00:00,154.4400,155.3000,149.5900,150.0900
2025-07-04 00:00:00,150.0900,151.9700,149.8000,151.7100
2025-07-04 04:00:00,151.7000,153.1800,151.7000,152.2900
2025-07-04 08:00:00,152.2900,153.1100,150.8600,151.6300
2025-07-04 12:00:00,151.6300,153.8400,150.2000,150.4300
2025-07-04 16:00:00,150.4200,150.9100,148.9200,150.1400
2025-07-04 20:00:00,150.1300,151.1700,146.2000,146.4900
2025-07-05 00:00:00,146.4900,146.9300,145.1100,146.6200
2025-07-05 04:00:00,146.6300,148.2400,146.2700,147.6000
2025-07-05 08:00:00,147.6000,148.3600,147.0500,147.6700
2025-07-05 12:00:00,147.6800,148.4600,146.6300,147.7800
2025-07-05 16:00:00,147.7800,148.4600,146.7000,148.1000
2025-07-05 20:00:00,148.1000,148.6300,146.9700,147.0500
2025-07-06 00:00:00,147.0400,147.1900,145.7900,146.7900
2025-07-06 04:00:00,146.7900,147.9600,146.3600,147.5000
2025-07-06 08:00:00,147.5000,147.5900,146.7400,147.2600
2025-07-06 12:00:00,147.2700,148.4400,146.9700,147.8100
2025-07-06 16:00:00,147.8100,147.9400,146.6600,147.8800
2025-07-06 20:00:00,147.8800,152.0300,147.7500,151.4800
2025-07-07 00:00:00,151.4800,153.2000,150.6200,151.2200
2025-07-07 04:00:00,151.2100,154.0000,151.1700,151.8000
2025-07-07 08:00:00,151.8000,152.8400,150.1500,151.8100
2025-07-07 12:00:00,151.8100,152.3900,150.8000,152.3000
2025-07-07 16:00:00,152.3000,153.5500,151.5700,152.7300
2025-07-07 20:00:00,152.7200,153.3700,150.9100,150.9700
2025-07-08 00:00:00,150.9700,151.4800,148.4000,148.8900
2025-07-08 04:00:00,148.8800,148.9100,147.6000,148.8200
2025-07-08 08:00:00,148.8200,150.0500,147.7500,148.5600
2025-07-08 12:00:00,148.5700,149.7200,148.1100,149.5800
2025-07-08 16:00:00,149.5700,151.5800,149.4400,151.1900
2025-07-08 20:00:00,151.1900,152.8300,149.6900,149.7900
2025-07-09 00:00:00,149.7800,152.7700,149.3700,151.5800
2025-07-09 04:00:00,151.5800,151.8500,149.8900,151.5900
2025-07-09 08:00:00,151.5900,152.2900,151.0000,151.2000
2025-07-09 12:00:00,151.2100,153.8500,150.4400,152.9400
2025-07-09 16:00:00,152.9400,154.4600,152.2300,153.6400
2025-07-09 20:00:00,153.6500,155.4800,152.8000,153.9100
2025-07-10 00:00:00,153.9200,157.8000,153.1500,157.2200
2025-07-10 04:00:00,157.2300,157.9000,155.3900,156.9900
2025-07-10 08:00:00,157.0000,159.3300,155.8800,157.2800
2025-07-10 12:00:00,157.2800,158.5800,156.5800,157.8200
2025-07-10 16:00:00,157.8200,159.1100,157.1100,157.5500
2025-07-10 20:00:00,157.5600,158.3100,155.5000,156.3800
2025-07-11 00:00:00,156.3800,161.2000,156.0700,159.2600
2025-07-11 04:00:00,159.2500,165.3600,159.1400,164.2900
2025-07-11 08:00:00,164.3000,165.3200,161.8900,165.1100
2025-07-11 12:00:00,165.1100,166.7300,163.0400,163.2100
2025-07-11 16:00:00,163.2000,165.3000,163.2000,163.8100
2025-07-11 20:00:00,163.8100,168.1800,161.7700,162.2600
2025-07-12 00:00:00,162.2700,164.9700,161.1700,164.5200
2025-07-12 04:00:00,164.5200,164.8100,159.4900,162.8700
2025-07-12 08:00:00,162.8700,163.8700,161.6400,163.4100
2025-07-12 12:00:00,163.4200,163.7700,161.9600,163.1600
2025-07-12 16:00:00,163.1500,163.3800,161.3000,161.5600
2025-07-12 20:00:00,161.5500,161.7400,157.6600,158.0600
2025-07-13 00:00:00,158.0600,160.7200,157.8300,160.6700
2025-07-13 04:00:00,160.6800,160.9000,158.8700,160.6300
2025-07-13 08:00:00,160.6400,161.7600,160.1200,161.1500
2025-07-13 12:00:00,161.1500,162.7000,160.9700,162.5700
2025-07-13 16:00:00,162.5700,162.6800,161.5000,161.9900
2025-07-13 20:00:00,161.9800,164.1200,161.7000,161.9400
2025-07-14 00:00:00,161.9500,163.4900,160.5000,162.4600
2025-07-14 04:00:00,162.4500,163.0200,159.5500,161.0400
2025-07-14 08:00:00,161.0500,168.2700,160.5300,167.0800
2025-07-14 12:00:00,167.0700,169.7600,165.2800,167.2100
2025-07-14 16:00:00,167.2200,168.1100,166.0000,166.5100
2025-07-14 20:00:00,166.5000,168.6400,163.0000,163.9100
2025-07-15 00:00:00,163.9000,165.2900,162.3700,164.2200
2025-07-15 04:00:00,164.2200,164.2200,161.5700,162.1300
2025-07-15 08:00:00,162.1200,162.8200,158.0400,159.0600
2025-07-15 12:00:00,159.0600,160.7900,158.1900,159.4600
2025-07-15 16:00:00,159.4600,160.0900,158.3100,159.7900
2025-07-15 20:00:00,159.7800,162.1300,157.1100,160.4000
2025-07-16 00:00:00,160.3900,163.6600,159.8600,160.1400
2025-07-16 04:00:00,160.1300,164.2600,159.6200,163.9900
2025-07-16 08:00:00,163.9900,165.2900,161.5000,162.5300
2025-07-16 12:00:00,162.5200,164.6500,161.7500,164.0200
2025-07-16 16:00:00,164.0200,167.5900,163.8000,166.6600
2025-07-16 20:00:00,166.6700,168.8200,165.3400,168.4200
2025-07-17 00:00:00,168.4100,174.7400,168.3300,174.1300
2025-07-17 04:00:00,174.1300,176.0000,172.4000,173.6400
2025-07-17 08:00:00,173.6500,174.9100,168.7100,169.5500
2025-07-17 12:00:00,169.5400,174.1200,169.2500,173.9900
2025-07-17 16:00:00,173.9900,178.1700,172.6200,176.1400
2025-07-17 20:00:00,176.1400,177.5600,172.6700,174.0900
2025-07-18 00:00:00,174.0800,175.3600,171.1500,173.0000
2025-07-18 04:00:00,173.0100,177.4000,171.2800,175.8200
2025-07-18 08:00:00,175.8100,181.2500,175.2200,180.8300
2025-07-18 12:00:00,180.8300,185.0000,179.8900,181.1400
2025-07-18 16:00:00,181.1400,182.1900,177.0000,178.5200
2025-07-18 20:00:00,178.5300,182.0600,174.8700,177.0000
2025-07-19 00:00:00,176.9900,179.1000,176.1200,176.9200
2025-07-19 04:00:00,176.9300,177.5000,173.1360,177.2100
2025-07-19 08:00:00,177.2200,177.7200,173.9400,177.4400
2025-07-19 12:00:00,177.4500,177.7900,176.1000,176.9800
2025-07-19 16:00:00,176.9800,177.7900,175.3500,176.5800
2025-07-19 20:00:00,176.5700,177.8700,174.7300,177.3700
2025-07-20 00:00:00,177.3700,178.1000,176.1100,177.0400
2025-07-20 04:00:00,177.0400,178.6200,175.0500,176.9300
2025-07-20 08:00:00,176.9300,179.7800,176.3000,177.9300
2025-07-20 12:00:00,177.9300,178.6500,176.9000,177.9100
2025-07-20 16:00:00,177.9100,181.5800,177.9100,180.4300
2025-07-20 20:00:00,180.4300,183.1700,179.9400,181.9200
2025-07-21 00:00:00,181.9300,183.6700,180.1300,181.9500
2025-07-21 04:00:00,181.9400,182.3600,177.6100,181.4200
2025-07-21 08:00:00,181.4200,187.1100,178.1800,186.7200
2025-07-21 12:00:00,186.7100,191.1000,185.0700,190.1000
2025-07-21 16:00:00,190.0900,193.2700,189.6800,191.5800
2025-07-21 20:00:00,191.5800,199.4800,190.3200,196.8800
2025-07-22 00:00:00,196.8900,197.4200,193.0000,194.6900
2025-07-22 04:00:00,194.6900,197.8800,193.6500,195.7500
2025-07-22 08:00:00,195.7500,204.7600,193.7400,200.1100
2025-07-22 12:00:00,200.1100,201.2900,194.1000,198.1000
2025-07-22 16:00:00,198.1000,200.2800,194.0300,199.9500
2025-07-22 20:00:00,199.9400,205.1700,196.8900,201.8600
2025-07-23 00:00:00,201.8500,204.3500,198.4000,198.9300
2025-07-23 04:00:00,198.9400,206.4400,198.4100,205.7800
2025-07-23 08:00:00,205.7900,205.8600,201.0400,201.5200
2025-07-23 12:00:00,201.5100,202.3500,198.8900,199.5000
2025-07-23 16:00:00,199.5000,200.0800,196.0000,197.4400
2025-07-23 20:00:00,197.4500,197.6200,187.6100,192.7200
2025-07-24 00:00:00,192.7300,192.7400,186.0000,188.0600
2025-07-24 04:00:00,188.0700,190.0700,184.0000,189.4000
2025-07-24 08:00:00,189.4000,191.8700,188.4900,189.8700
2025-07-24 12:00:00,189.8700,190.1400,179.2000,184.1500
2025-07-24 16:00:00,184.1500,186.9400,182.9200,186.3800
2025-07-24 20:00:00,186.3700,191.7000,183.3400,188.4700
2025-07-25 00:00:00,188.4800,190.0000,184.7700,187.9400
2025-07-25 04:00:00,187.9300,189.0200,181.9200,182.8000
2025-07-25 08:00:00,182.8100,183.4800,175.5000,177.6400
2025-07-25 12:00:00,177.6300,179.7000,175.8000,177.4300
2025-07-25 16:00:00,177.4400,182.0300,176.7500,181.0300
2025-07-25 20:00:00,181.0200,181.8400,176.1400,178.1300
2025-07-26 00:00:00,178.1300,182.8300,177.3900,182.1200
2025-07-26 04:00:00,182.1200,186.7900,182.0200,186.6900
2025-07-26 08:00:00,186.6900,186.9000,184.4400,185.9600
2025-07-26 12:00:00,185.9600,187.1400,185.6000,186.4100
2025-07-26 16:00:00,186.4100,189.7500,186.4100,187.6900
2025-07-26 20:00:00,187.6900,188.4400,185.9600,187.5000
2025-07-27 00:00:00,187.5000,187.7700,184.9900,186.3800
2025-07-27 04:00:00,186.3800,186.7500,184.1900,184.8200
2025-07-27 08:00:00,184.8200,187.6000,184.4700,187.1400
2025-07-27 12:00:00,187.1500,188.3000,186.5300,187.1500
2025-07-27 16:00:00,187.1500,188.5300,186.1100,186.9400
2025-07-27 20:00:00,186.9500,187.3000,184.8000,186.3800
2025-07-28 00:00:00,186.3800,189.7000,185.8700,186.8900
2025-07-28 04:00:00,186.8900,190.6700,186.2700,188.5500
2025-07-28 08:00:00,188.5600,193.7900,187.5500,193.2900
2025-07-28 12:00:00,193.2900,195.3200,191.5600,192.2900
2025-07-28 16:00:00,192.2900,193.3100,190.6000,191.9600
2025-07-28 20:00:00,191.9600,193.4900,186.4800,187.1400
2025-07-29 00:00:00,187.1300,187.9500,183.3600,185.2000
2025-07-29 04:00:00,185.2100,185.4900,182.0600,183.0300
2025-07-29 08:00:00,183.0300,184.6600,180.5000,184.2700
2025-07-29 12:00:00,184.2700,186.5000,183.1300,185.9600
2025-07-29 16:00:00,185.9600,186.4400,182.1600,182.8300
2025-07-29 20:00:00,182.8400,184.9300,179.1000,180.7100
2025-07-30 00:00:00,180.7000,182.3300,178.1800,181.0000
2025-07-30 04:00:00,180.9900,181.9000,179.2000,181.3900
2025-07-30 08:00:00,181.3800,182.2900,178.7100,181.6000
2025-07-30 12:00:00,181.6000,182.4800,179.2300,180.7400
2025-07-30 16:00:00,180.7400,181.4400,176.3100,177.2100
2025-07-30 20:00:00,177.2000,180.5000,176.5600,179.1200
2025-07-31 00:00:00,179.1100,180.0900,170.0000,176.0300
2025-07-31 04:00:00,176.0300,178.0000,174.6700,177.6800
2025-07-31 08:00:00,177.6700,180.4700,177.5200,180.2300
2025-07-31 12:00:00,180.2200,181.5500,179.6900,181.1500
2025-07-31 16:00:00,181.1600,182.6600,180.1300,180.6600
2025-07-31 20:00:00,180.6600,180.8300,175.1400,177.2100
2025-08-01 00:00:00,177.2200,179.7000,174.6600,175.2200
2025-08-01 04:00:00,175.2200,175.6600,171.3600,172.1500
2025-08-01 08:00:00,172.1500,172.1900,167.2400,171.0200
2025-08-01 12:00:00,171.0300,171.0300,167.8600,169.3300
2025-08-01 16:00:00,169.3300,169.3300,166.0000,169.1000
2025-08-01 20:00:00,169.1000,170.2800,164.4200,168.5000
2025-08-02 00:00:00,168.5000,169.7000,164.9000,166.4100
2025-08-02 04:00:00,166.4000,166.7800,159.0200,162.6100
2025-08-02 08:00:00,162.6100,164.9500,162.4500,164.3100
2025-08-02 12:00:00,164.3000,165.1900,161.7300,164.3700
2025-08-02 16:00:00,164.3700,165.0300,162.1300,164.4000
2025-08-02 20:00:00,164.3900,164.8800,160.9500,161.4500
2025-08-03 00:00:00,161.4500,162.1300,155.7200,157.3400
2025-08-03 04:00:00,157.3400,159.7000,156.9100,158.4000
2025-08-03 08:00:00,158.4000,160.9800,156.1700,160.7400
2025-08-03 12:00:00,160.7400,161.4900,159.9000,161.2500
2025-08-03 16:00:00,161.2600,162.7800,160.5800,161.3700
2025-08-03 20:00:00,161.3700,162.2500,160.2700,162.0100
2025-08-04 00:00:00,162.0100,162.6500,161.0300,161.5200
2025-08-04 04:00:00,161.5300,163.0700,160.6300,161.8400
2025-08-04 08:00:00,161.8500,164.8600,161.3100,162.8800
2025-08-04 12:00:00,162.8800,163.3500,161.1600,162.9500
2025-08-04 16:00:00,162.9600,163.9900,161.5400,162.2700
2025-08-04 20:00:00,162.2800,166.8100,162.0400,165.3900
2025-08-05 00:00:00,165.3800,169.7300,164.9200,165.5500
2025-08-05 04:00:00,165.5600,169.7000,165.2100,169.4600
2025-08-05 08:00:00,169.4700,169.9400,167.4900,167.8400
2025-08-05 12:00:00,167.8500,169.1900,165.7000,166.1200
2025-08-05 16:00:00,166.1100,171.6600,165.5500,170.8100
2025-08-05 20:00:00,170.8200,170.9700,162.9000,163.6800
2025-08-06 00:00:00,163.6700,164.8400,162.1600,162.6600
2025-08-06 04:00:00,162.6500,164.4300,161.1700,163.9900
2025-08-06 08:00:00,163.9900,164.0600,161.0400,161.7600
2025-08-06 12:00:00,161.7600,164.7100,161.1500,164.1600
2025-08-06 16:00:00,164.1600,164.5600,162.6300,164.1000
2025-08-06 20:00:00,164.1000,169.4700,162.5000,168.9600
2025-08-07 00:00:00,168.9600,169.8800,167.0800,168.7300
2025-08-07 04:00:00,168.7400,168.7900,167.2500,168.0300
2025-08-07 08:00:00,168.0400,168.9500,166.6100,166.8000
2025-08-07 12:00:00,166.8100,170.3700,166.6900,169.9200
2025-08-07 16:00:00,169.9100,173.4300,169.0000,172.7500
2025-08-07 20:00:00,172.7600,173.1200,169.6000,170.3800
2025-08-08 00:00:00,170.3900,171.8200,166.9300,171.6600
2025-08-08 04:00:00,171.6600,175.4500,171.4400,175.2600
2025-08-08 08:00:00,175.2700,175.8800,173.3600,174.6300
2025-08-08 12:00:00,174.6300,177.7700,173.7600,177.0500
2025-08-08 16:00:00,177.0400,177.9100,174.7800,177.5600
2025-08-08 20:00:00,177.5600,179.0400,174.1200,175.1500
2025-08-09 00:00:00,175.1500,179.6100,175.1300,178.4200
2025-08-09 04:00:00,178.4100,178.7000,176.5100,176.7000
2025-08-09 08:00:00,176.6900,178.9600,176.5300,177.1600
2025-08-09 12:00:00,177.1600,182.1000,176.8200,180.5400
2025-08-09 16:00:00,180.5400,183.2600,180.3100,180.6900
2025-08-09 20:00:00,180.6900,182.4100,178.7900,180.0100
2025-08-10 00:00:00,180.0100,182.6500,179.3500,182.0600
2025-08-10 04:00:00,182.0700,183.4900,179.6100,179.8500
2025-08-10 08:00:00,179.8600,185.9500,179.7300,184.9000
2025-08-10 12:00:00,184.9100,186.1300,177.6900,178.8600
2025-08-10 16:00:00,178.8700,180.9800,177.4200,179.9000
2025-08-10 20:00:00,179.9000,182.3400,178.4400,181.4600
2025-08-11 00:00:00,181.4600,183.3100,181.1400,182.7300
2025-08-11 04:00:00,182.7300,183.8600,181.2000,182.5900
2025-08-11 08:00:00,182.5800,185.7300,181.1600,185.0900
2025-08-11 12:00:00,185.0900,186.7600,182.7210,182.9200
2025-08-11 16:00:00,182.9200,184.6300,178.2300,178.9900
2025-08-11 20:00:00,178.9800,180.4500,177.1400,180.1100
2025-08-12 00:00:00,180.1000,181.7000,175.4500,176.5400
2025-08-12 04:00:00,176.5500,176.8000,173.3400,174.7500
2025-08-12 08:00:00,174.7400,176.6700,174.5500,175.4700
2025-08-12 12:00:00,175.4700,176.5700,173.4900,175.8100
2025-08-12 16:00:00,175.8200,176.4100,173.6000,175.1400
2025-08-12 20:00:00,175.1300,182.0000,174.6400,181.6100
2025-08-13 00:00:00,181.6100,191.1000,180.6800,190.6100
2025-08-13 04:00:00,190.6200,193.7900,189.5700,191.7600
2025-08-13 08:00:00,191.7700,199.5900,191.4700,197.7300
2025-08-13 12:00:00,197.7400,200.1500,195.2000,198.7900
2025-08-13 16:00:00,198.7900,202.8100,197.6500,201.0600
2025-08-13 20:00:00,201.0500,205.0700,194.6000,197.4900
2025-08-14 00:00:00,197.4900,202.3000,197.0600,202.1500
2025-08-14 04:00:00,202.1400,203.4100,199.8600,201.5800
2025-08-14 08:00:00,201.5700,209.3600,200.6400,208.1100
2025-08-14 12:00:00,208.1100,210.1000,204.2000,205.8000
2025-08-14 16:00:00,205.7900,205.9900,202.0000,203.7500
2025-08-14 20:00:00,203.7400,205.6400,186.4700,194.8400
2025-08-15 00:00:00,194.8400,195.5000,190.5000,192.8900
2025-08-15 04:00:00,192.8900,193.2100,187.2500,192.3900
2025-08-15 08:00:00,192.4000,195.5800,191.8700,195.0900
2025-08-15 12:00:00,195.0900,197.9800,194.3300,196.8800
2025-08-15 16:00:00,196.8700,197.5400,193.5900,194.2400
2025-08-15 20:00:00,194.2500,196.1000,184.2700,185.4500
2025-08-16 00:00:00,185.4400,186.8300,183.2300,183.8000
2025-08-16 04:00:00,183.8000,188.1800,183.2600,185.6200
2025-08-16 08:00:00,185.6100,188.2500,185.2100,187.0200
2025-08-16 12:00:00,187.0300,189.5300,186.0100,189.0200
2025-08-16 16:00:00,189.0200,189.1600,185.2800,185.6600
2025-08-16 20:00:00,185.6600,189.3900,185.0900,188.7200
2025-08-17 00:00:00,188.7200,189.3100,187.0000,188.5900
2025-08-17 04:00:00,188.6000,190.0000,187.8300,189.5200
2025-08-17 08:00:00,189.5300,191.9000,187.2600,191.5400
2025-08-17 12:00:00,191.5300,193.4400,191.2200,191.7900
2025-08-17 16:00:00,191.8000,193.5700,191.4300,193.4600
2025-08-17 20:00:00,193.4600,195.4200,191.8100,195.3800
2025-08-18 00:00:00,195.3800,195.7500,190.3400,191.1300
2025-08-18 04:00:00,191.1200,193.3400,190.7800,190.9200
2025-08-18 08:00:00,190.9200,191.2600,181.7100,182.5600
2025-08-18 12:00:00,182.5700,183.3900,180.1200,180.5400
2025-08-18 16:00:00,180.5300,181.9000,179.8400,181.2400
2025-08-18 20:00:00,181.2400,183.2300,180.3900,182.9800
2025-08-19 00:00:00,182.9900,185.6000,181.6600,183.0800
2025-08-19 04:00:00,183.0800,184.9000,181.9700,182.8400
2025-08-19 08:00:00,182.8400,185.7900,178.0700,178.4700
2025-08-19 12:00:00,178.4600,180.5000,177.2500,180.0400
2025-08-19 16:00:00,180.0500,182.7700,179.0000,182.5700
2025-08-19 20:00:00,182.5700,183.3700,177.3200,177.9000
2025-08-20 00:00:00,177.9000,178.7300,175.5700,176.6400
2025-08-20 04:00:00,176.6500,179.4400,175.7600,176.1300
2025-08-20 08:00:00,176.1200,181.4000,175.9200,180.4200
2025-08-20 12:00:00,180.4200,181.7200,179.7500,180.4500
2025-08-20 16:00:00,180.4600,182.2300,178.2500,180.2100
2025-08-20 20:00:00,180.2000,185.0000,177.4400,182.9500
2025-08-21 00:00:00,182.9400,187.9000,182.5000,187.5300
2025-08-21 04:00:00,187.5200,187.9100,185.7500,187.9000
2025-08-21 08:00:00,187.8900,190.0800,185.4500,188.3600
2025-08-21 12:00:00,188.3500,188.6400,185.8000,186.9300
2025-08-21 16:00:00,186.9300,186.9800,183.3600,183.9500
2025-08-21 20:00:00,183.9400,186.3600,181.3500,181.5700
2025-08-22 00:00:00,181.5800,182.8100,179.8200,180.0600
2025-08-22 04:00:00,180.0600,181.8100,179.3300,180.2500
2025-08-22 08:00:00,180.2400,183.4600,179.9000,181.6700
2025-08-22 12:00:00,181.6700,184.2900,181.6500,183.8800
2025-08-22 16:00:00,183.8800,185.0000,179.5000,179.5400
2025-08-22 20:00:00,179.5500,195.3900,177.1400,193.4500
2025-08-23 00:00:00,193.4600,199.7400,193.4500,198.9600
2025-08-23 04:00:00,198.9700,202.5000,198.3700,200.6800
2025-08-23 08:00:00,200.6800,200.8300,195.3100,198.1900
2025-08-23 12:00:00,198.2000,208.8200,198.1200,205.2900
2025-08-23 16:00:00,205.3000,205.7600,201.6400,202.0800
2025-08-23 20:00:00,202.0900,203.9100,200.6500,202.6900
2025-08-24 00:00:00,202.6800,204.6600,202.2200,204.1700
2025-08-24 04:00:00,204.1700,205.0000,202.8900,204.2100
2025-08-24 08:00:00,204.2200,212.2200,204.2100,209.2100
2025-08-24 12:00:00,209.2000,210.9000,206.7200,206.7900
2025-08-24 16:00:00,206.7900,209.1600,203.4800,204.6200
2025-08-24 20:00:00,204.6300,209.4800,203.6700,205.7400
2025-08-25 00:00:00,205.7300,212.1000,201.3700,205.1100
2025-08-25 04:00:00,205.1100,207.2800,201.0100,206.0900
2025-08-25 08:00:00,206.0900,213.6600,202.3200,209.3700
2025-08-25 12:00:00,209.3700,209.8200,198.5000,199.8600
2025-08-25 16:00:00,199.8600,200.8800,195.0000,197.5400
2025-08-25 20:00:00,197.5300,199.4400,195.5400,196.4900
2025-08-26 00:00:00,196.5000,198.3000,190.9200,191.4200
2025-08-26 04:00:00,191.4200,192.0600,185.1200,187.0900
2025-08-26 08:00:00,187.0800,189.2200,185.4400,186.8400
2025-08-26 12:00:00,186.8400,189.8500,186.8400,188.8100
2025-08-26 16:00:00,188.8000,190.2600,186.5400,187.8700
2025-08-26 20:00:00,187.8800,192.4700,187.0600,190.6800
2025-08-27 00:00:00,190.6800,197.5500,190.5000,197.3700
2025-08-27 04:00:00,197.3600,198.0700,195.3100,195.7700
2025-08-27 08:00:00,195.7800,202.8800,193.7100,201.9100
2025-08-27 12:00:00,201.9000,205.8600,200.7300,202.3700
2025-08-27 16:00:00,202.3800,205.3700,201.4900,204.9500
2025-08-27 20:00:00,204.9400,209.4300,202.4800,208.6000
2025-08-28 00:00:00,208.6100,212.1100,205.9500,206.3800
2025-08-28 04:00:00,206.3800,209.4200,202.5000,202.9400
2025-08-28 08:00:00,202.9400,208.2800,201.6600,208.0700
2025-08-28 12:00:00,208.0700,213.3600,207.3900,213.0400
2025-08-28 16:00:00,213.0300,216.4900,211.3400,213.0700
2025-08-28 20:00:00,213.0800,216.8700,210.1000,210.9900
2025-08-29 00:00:00,210.9900,213.9100,207.0300,209.8800
2025-08-29 04:00:00,209.8800,215.7300,209.5600,214.2900
2025-08-29 08:00:00,214.3000,217.9500,212.0000,216.7700
2025-08-29 12:00:00,216.7600,217.8600,207.7300,208.7300
2025-08-29 16:00:00,208.7300,209.9600,205.2400,207.5500
2025-08-29 20:00:00,207.5500,215.0000,203.6700,204.3300
2025-08-30 00:00:00,204.3400,205.4000,201.2200,202.8700
2025-08-30 04:00:00,202.8700,205.4200,199.7400,204.9800
2025-08-30 08:00:00,204.9700,206.5700,200.6000,205.5200
2025-08-30 12:00:00,205.5200,206.9900,204.3000,205.0000
2025-08-30 16:00:00,205.0000,205.4600,201.5300,202.5200
2025-08-30 20:00:00,202.5200,202.6100,197.4300,200.9400
2025-08-31 00:00:00,200.9500,201.5100,199.6400,201.1600
2025-08-31 04:00:00,201.1600,203.2100,199.6200,202.5900
2025-08-31 08:00:00,202.5900,206.6400,202.5800,205.4800
2025-08-31 12:00:00,205.4800,205.5700,202.6600,203.4400
2025-08-31 16:00:00,203.4400,205.7700,202.0600,203.5500
2025-08-31 20:00:00,203.5600,204.8000,201.3900,204.4800
2025-09-01 00:00:00,204.4900,205.9700,203.5900,204.5300
2025-09-01 04:00:00,204.5300,205.7200,200.2000,200.5700
2025-09-01 08:00:00,200.5700,202.4300,195.8100,198.3000
2025-09-01 12:00:00,198.3000,202.8500,196.5500,202.8400
2025-09-01 16:00:00,202.8300,204.4500,198.2300,199.2900
2025-09-01 20:00:00,199.3000,201.0800,197.5500,198.2600
2025-09-02 00:00:00,198.2500,200.0900,197.2000,200.0800
2025-09-02 04:00:00,200.0800,200.1000,194.0600,197.2200
2025-09-02 08:00:00,197.2100,203.3000,196.6700,201.7800
2025-09-02 12:00:00,201.7900,204.3700,201.3300,202.0300
2025-09-02 16:00:00,202.0300,204.3600,201.6000,201.9000
2025-09-02 20:00:00,201.9000,205.0600,197.2500,200.2000
2025-09-03 00:00:00,200.1900,206.9900,199.3700,205.4400
2025-09-03 04:00:00,205.4400,209.5900,204.8200,209.5400
2025-09-03 08:00:00,209.5400,211.9100,207.2900,209.9400
2025-09-03 12:00:00,209.9300,210.3900,207.8400,209.2500
2025-09-03 16:00:00,209.2500,211.2600,208.0300,210.2500
2025-09-03 20:00:00,210.2600,212.9500,208.6800,211.2700
2025-09-04 00:00:00,211.2600,211.8800,208.7200,210.2900
2025-09-04 04:00:00,210.2900,210.8600,208.2800,210.6500
2025-09-04 08:00:00,210.6500,211.8700,207.3600,208.1000
2025-09-04 12:00:00,208.0900,208.4500,205.5600,206.5500
2025-09-04 16:00:00,206.5600,208.6900,206.4700,207.1200
2025-09-04 20:00:00,207.1200,208.4100,203.2800,203.7100
2025-09-05 00:00:00,203.6800,205.0800,201.7000,202.0300
2025-09-05 04:00:00,202.0200,204.7800,201.8000,202.2300
2025-09-05 08:00:00,202.2200,203.9900,200.8000,203.4600
2025-09-05 12:00:00,203.4700,208.3600,202.9200,207.7700
2025-09-05 16:00:00,207.7700,207.8800,204.4300,206.5500
2025-09-05 20:00:00,206.5500,209.9500,201.5000,203.4300
2025-09-06 00:00:00,203.4400,205.4800,201.8100,205.3600
2025-09-06 04:00:00,205.3600,205.6500,202.6000,203.3000
2025-09-06 08:00:00,203.2900,204.6000,203.0500,203.9800
2025-09-06 12:00:00,203.9900,203.9900,202.0200,202.9200
2025-09-06 16:00:00,202.9200,203.4800,201.8000,202.2900
2025-09-06 20:00:00,202.3000,202.7900,200.8200,201.1500
2025-09-07 00:00:00,201.1500,202.2700,199.1300,199.6500
2025-09-07 04:00:00,199.6400,201.1300,199.6100,200.0600
2025-09-07 08:00:00,200.0600,203.1700,200.0000,202.7600
2025-09-07 12:00:00,202.7600,203.2300,202.1400,202.9000
2025-09-07 16:00:00,202.9000,203.9000,202.6500,203.8700
2025-09-07 20:00:00,203.8700,205.4500,203.0000,205.0900
2025-09-08 00:00:00,205.0800,205.4100,201.3600,202.9800
2025-09-08 04:00:00,202.9800,207.9300,202.5000,206.2900
2025-09-08 08:00:00,206.2800,208.9500,205.5300,207.5600
2025-09-08 12:00:00,207.5600,208.8300,206.5400,207.8500
2025-09-08 16:00:00,207.8500,215.7800,207.3100,214.2100
2025-09-08 20:00:00,214.2200,216.6300,212.9200,214.9700
2025-09-09 00:00:00,214.9700,216.9700,213.7700,216.0300
2025-09-09 04:00:00,216.0300,216.1200,213.4200,214.0200
2025-09-09 08:00:00,214.0200,214.8300,210.8000,214.5200
2025-09-09 12:00:00,214.5300,219.7400,213.8700,219.2000
2025-09-09 16:00:00,219.2000,219.4700,216.9000,217.1900
2025-09-09 20:00:00,217.1900,218.4700,211.6600,212.9800
2025-09-10 00:00:00,212.9800,216.9200,212.9000,216.2600
2025-09-10 04:00:00,216.2500,217.7000,214.8800,217.1100
2025-09-10 08:00:00,217.1100,219.5800,215.0200,219.1300
2025-09-10 12:00:00,219.1300,222.8700,217.7400,222.1500
2025-09-10 16:00:00,222.1400,222.4000,218.7200,220.1500
2025-09-10 20:00:00,220.1400,225.9500,219.6300,223.0500
2025-09-11 00:00:00,223.0400,224.1000,220.4200,221.1400
2025-09-11 04:00:00,221.1400,224.5900,220.8300,223.9400
2025-09-11 08:00:00,223.9400,225.4700,222.8000,224.0400
2025-09-11 12:00:00,224.0500,224.1700,221.5900,223.0800
2025-09-11 16:00:00,223.0900,225.7500,222.1700,224.9400
2025-09-11 20:00:00,224.9300,229.0000,222.0000,226.6900
2025-09-12 00:00:00,226.6900,228.2900,225.1500,226.5100
2025-09-12 04:00:00,226.5100,228.8500,225.3200,228.6200
2025-09-12 08:00:00,228.6100,235.7200,228.0000,234.9500
2025-09-12 12:00:00,234.9600,239.6900,234.0600,237.2400
2025-09-12 16:00:00,237.2400,239.4300,236.5900,239.0300
2025-09-12 20:00:00,239.0300,241.7600,237.4600,239.2000
2025-09-13 00:00:00,239.2100,241.4000,237.8500,240.8700
2025-09-13 04:00:00,240.8600,244.0000,238.2000,242.0700
2025-09-13 08:00:00,242.0700,244.0000,240.5600,243.4900
2025-09-13 12:00:00,243.4900,243.6100,241.1400,242.3400
2025-09-13 16:00:00,242.3500,243.6800,241.1300,241.7900
2025-09-13 20:00:00,241.7900,243.0200,237.6900,239.3800
2025-09-14 00:00:00,239.3800,239.6200,235.5400,238.8400
2025-09-14 04:00:00,238.8300,243.1000,238.7100,242.2500
2025-09-14 08:00:00,242.2400,249.5500,242.0600,246.8100
2025-09-14 12:00:00,246.8000,248.2700,244.3800,246.2600
2025-09-14 16:00:00,246.2600,247.9700,245.4300,245.9900
2025-09-14 20:00:00,245.9900,246.6900,241.4200,243.7000
2025-09-15 00:00:00,243.7000,248.3600,241.9500,242.4000
2025-09-15 04:00:00,242.4000,244.6000,239.0700,239.6300
2025-09-15 08:00:00,239.6200,243.3000,239.0000,242.5100
2025-09-15 12:00:00,242.5100,243.9200,236.0000,237.8700
2025-09-15 16:00:00,237.8700,238.0000,231.5000,236.3300
2025-09-15 20:00:00,236.3200,238.0500,231.8200,232.8800
2025-09-16 00:00:00,232.8800,234.5800,230.0200,232.9000
2025-09-16 04:00:00,232.9000,235.3500,232.6600,234.1800
2025-09-16 08:00:00,234.1900,235.7300,232.7400,234.9900
2025-09-16 12:00:00,234.9900,236.9300,232.8300,235.6800
2025-09-16 16:00:00,235.6800,236.8200,234.6300,235.2900
2025-09-16 20:00:00,235.2800,237.9700,231.1800,237.6600
2025-09-17 00:00:00,237.6600,240.8700,236.1100,237.6900
2025-09-17 04:00:00,237.6900,238.8700,236.3500,236.8600
2025-09-17 08:00:00,236.8600,237.7500,233.7400,233.9900
2025-09-17 12:00:00,233.9900,238.0200,233.0100,237.6300
2025-09-17 16:00:00,237.6200,237.6400,233.5600,234.1000
2025-09-17 20:00:00,234.0900,235.8900,233.4400,233.7900
2025-09-18 00:00:00,233.7900,239.0000,231.5300,238.6200
2025-09-18 04:00:00,238.6200,246.5500,235.8700,244.7500
2025-09-18 08:00:00,244.7400,247.7800,244.0000,246.6200
2025-09-18 12:00:00,246.6200,246.9600,242.4800,244.6500
2025-09-18 16:00:00,244.6500,247.2000,244.2500,245.8400
2025-09-18 20:00:00,245.8400,248.9300,244.8300,248.1200
2025-09-19 00:00:00,248.1100,253.4900,247.2500,248.2500
2025-09-19 04:00:00,248.2400,249.0900,245.7700,247.3400
2025-09-19 08:00:00,247.3500,248.4200,244.5900,244.9300
2025-09-19 12:00:00,244.9300,245.6500,242.7600,243.7000
2025-09-19 16:00:00,243.6900,244.7700,240.1000,240.8400
2025-09-19 20:00:00,240.8400,242.5900,235.6800,237.3700
2025-09-20 00:00:00,237.3700,238.7400,234.9700,235.8500
2025-09-20 04:00:00,235.8500,238.7400,235.8400,238.4000
2025-09-20 08:00:00,238.3900,239.9000,237.2300,237.9600
2025-09-20 12:00:00,237.9600,239.6800,237.6200,239.6400
2025-09-20 16:00:00,239.6300,239.6300,236.7200,238.0300
2025-09-20 20:00:00,238.0300,241.1300,236.9100,240.0000
2025-09-21 00:00:00,240.0000,240.9900,237.8400,238.5100
2025-09-21 04:00:00,238.5100,240.1900,238.3200,239.3800
2025-09-21 08:00:00,239.3700,241.7000,238.8300,241.6900
2025-09-21 12:00:00,241.6900,241.7300,239.2900,239.7500
2025-09-21 16:00:00,239.7500,239.9800,236.9900,238.5100
2025-09-21 20:00:00,238.5200,240.1900,237.5400,237.7800
2025-09-22 00:00:00,237.7700,238.2700,235.8900,237.8800
2025-09-22 04:00:00,237.8800,238.0000,235.2200,236.0500
2025-09-22 08:00:00,236.0400,236.8700,230.3800,232.7200
2025-09-22 12:00:00,232.7100,233.0900,212.2900,221.8100
2025-09-22 16:00:00,221.8200,222.6800,219.2200,221.3600
2025-09-22 20:00:00,221.3500,223.9100,219.8200,220.6300
2025-09-23 00:00:00,220.6300,221.4000,215.9800,217.0300
2025-09-23 04:00:00,217.0200,220.9800,216.3400,220.2800
2025-09-23 08:00:00,220.2800,221.2800,212.2800,216.8400
2025-09-23 12:00:00,216.8400,220.2600,213.8700,218.8600
2025-09-23 16:00:00,218.8700,220.7300,217.7500,219.2200
2025-09-23 20:00:00,219.2100,220.5800,216.8600,219.1700
2025-09-24 00:00:00,219.1600,221.6600,214.2200,214.4100
2025-09-24 04:00:00,214.4100,216.6300,213.1000,213.1800
2025-09-24 08:00:00,213.1800,216.3500,207.0000,208.3700
2025-09-24 12:00:00,208.3700,211.3300,204.7300,210.5400
2025-09-24 16:00:00,210.5400,212.5000,209.7000,212.2300
2025-09-24 20:00:00,212.2300,216.1500,211.3300,213.4700
2025-09-25 00:00:00,213.4700,215.3400,212.2700,213.0500
2025-09-25 04:00:00,213.0500,213.1000,210.5900,211.4500
2025-09-25 08:00:00,211.4400,212.3300,205.8400,207.1600
2025-09-25 12:00:00,207.1500,207.4700,202.6000,204.1000
2025-09-25 16:00:00,204.0900,205.8000,200.4700,201.2600
2025-09-25 20:00:00,201.2600,204.0800,196.4000,201.0400
2025-09-26 00:00:00,201.0500,201.9400,193.4300,198.0600
2025-09-26 04:00:00,198.0600,198.6300,191.1200,192.6000
2025-09-26 08:00:00,192.6000,197.4600,192.4400,196.3900
2025-09-26 12:00:00,196.3900,197.3200,193.6400,196.2200
2025-09-26 16:00:00,196.2200,196.9100,190.7200,193.3600
2025-09-26 20:00:00,193.3500,198.1800,192.0300,195.9200
2025-09-27 00:00:00,195.9200,202.4800,195.6900,200.5400
2025-09-27 04:00:00,200.5400,205.3400,199.4100,205.0100
2025-09-27 08:00:00,205.0000,205.3000,203.4700,203.8100
2025-09-27 12:00:00,203.8100,204.0300,201.4100,201.9700
2025-09-27 16:00:00,201.9700,202.1300,199.7700,201.6000
2025-09-27 20:00:00,201.6000,203.6600,200.8500,203.4200
2025-09-28 00:00:00,203.4100,203.5000,200.7500,202.1000
2025-09-28 04:00:00,202.0900,204.8400,201.7900,203.3200
2025-09-28 08:00:00,203.3300,203.9600,200.6600,201.2900
2025-09-28 12:00:00,201.2800,202.3700,200.2600,202.0000
2025-09-28 16:00:00,202.0000,202.6400,199.1300,199.7500
2025-09-28 20:00:00,199.7600,203.4600,197.8500,203.3300
2025-09-29 00:00:00,203.3300,206.5800,203.1300,206.0900
2025-09-29 04:00:00,206.0900,210.8800,205.9200,210.7000
2025-09-29 08:00:00,210.7000,210.7900,208.7100,210.1900
2025-09-29 12:00:00,210.1900,210.6000,207.2600,208.8500
2025-09-29 16:00:00,208.8500,209.6000,205.8900,206.9800
2025-09-29 20:00:00,206.9700,213.4000,204.4600,209.9600
2025-09-30 00:00:00,209.9700,213.3900,207.5100,212.8200
2025-09-30 04:00:00,212.8200,214.6800,212.3100,212.5900
2025-09-30 08:00:00,212.5900,213.5200,209.6300,210.5400
2025-09-30 12:00:00,210.5400,211.5700,208.4000,208.9000
2025-09-30 16:00:00,208.9000,208.9000,205.4400,206.9300
2025-09-30 20:00:00,206.9300,209.5800,204.3900,205.9200
2025-10-01 00:00:00,205.9100,209.1200,204.1700,208.8100
2025-10-01 04:00:00,208.8100,210.8900,207.3100,208.6000
2025-10-01 08:00:00,208.6100,210.8300,206.3100,206.6400
2025-10-01 12:00:00,206.6300,210.2600,206.2600,210.0600
2025-10-01 16:00:00,210.0500,217.8900,209.7500,217.6400
2025-10-01 20:00:00,217.6400,220.5400,217.0500,220.1300
2025-10-02 00:00:00,220.1300,220.8900,217.2600,219.9600
2025-10-02 04:00:00,219.9600,222.6900,218.3400,221.9100
2025-10-02 08:00:00,221.9200,224.9700,219.3800,223.6500
2025-10-02 12:00:00,223.6500,226.8900,222.3000,222.8100
2025-10-02 16:00:00,222.8200,226.5000,222.5600,225.1100
2025-10-02 20:00:00,225.1200,227.3400,222.5300,227.1000
2025-10-03 00:00:00,227.0900,233.6200,226.1100,232.1200
2025-10-03 04:00:00,232.1100,234.9100,230.6700,234.6000
2025-10-03 08:00:00,234.6100,234.7700,230.4000,232.1400
2025-10-03 12:00:00,232.1500,233.1400,227.4200,229.3300
2025-10-03 16:00:00,229.3300,231.7000,227.7500,230.6800
2025-10-03 20:00:00,230.6900,234.8800,227.0000,234.6700
2025-10-04 00:00:00,234.6700,236.8800,227.7200,233.1000
2025-10-04 04:00:00,233.1000,233.9000,230.6200,232.7400
2025-10-04 08:00:00,232.7400,233.9800,227.7600,229.1100
2025-10-04 12:00:00,229.1100,230.4300,228.6300,229.0000
2025-10-04 16:00:00,229.0000,229.8100,228.0800,229.0800
2025-10-04 20:00:00,229.0800,229.7200,224.0000,224.7800
2025-10-05 00:00:00,224.8000,226.9100,224.0600,226.8000
2025-10-05 04:00:00,226.8000,228.1900,226.7800,227.7200
2025-10-05 08:00:00,227.7200,232.1900,226.3800,230.8000
2025-10-05 12:00:00,230.7900,236.9000,230.7900,236.4800
2025-10-05 16:00:00,236.4900,237.2400,230.6200,232.5200
2025-10-05 20:00:00,232.5200,232.5400,228.2100,230.0200
2025-10-06 00:00:00,230.0300,231.3500,226.5800,226.9600
2025-10-06 04:00:00,226.9600,229.1500,226.5700,228.4500
2025-10-06 08:00:00,228.4500,233.1900,227.4000,232.1200
2025-10-06 12:00:00,232.1200,234.7700,230.0500,231.2300
2025-10-06 16:00:00,231.2400,234.0500,231.2400,232.8900
2025-10-06 20:00:00,232.9000,236.6200,232.5500,235.5600
2025-10-07 00:00:00,235.5500,237.7400,233.9500,235.2200
2025-10-07 04:00:00,235.2300,236.0300,231.3200,232.2700
2025-10-07 08:00:00,232.2700,233.8800,230.7900,233.8100
2025-10-07 12:00:00,233.8100,235.1700,229.1300,230.8800
2025-10-07 16:00:00,230.8800,231.5300,228.1000,230.3100
2025-10-07 20:00:00,230.3100,231.5000,221.2700,223.6500
2025-10-08 00:00:00,223.6600,225.1700,220.5000,221.5500
2025-10-08 04:00:00,221.5500,224.1200,219.5700,219.8400
2025-10-08 08:00:00,219.8400,222.6900,217.8200,218.2000
2025-10-08 12:00:00,218.2000,220.8800,217.2000,220.8500
2025-10-08 16:00:00,220.8500,222.5200,220.5100,221.0400
2025-10-08 20:00:00,221.0400,224.0900,218.7200,221.0800
2025-10-09 00:00:00,221.0900,229.6900,220.5700,229.2300
2025-10-09 04:00:00,229.2200,229.6400,227.3500,228.9500
2025-10-09 08:00:00,228.9600,229.6100,223.7600,226.1000
2025-10-09 12:00:00,226.1000,228.6700,224.0400,224.3800
2025-10-09 16:00:00,224.3900,224.7200,219.2500,223.0000
2025-10-09 20:00:00,223.0000,226.2000,218.5600,219.0100
2025-10-10 00:00:00,219.0100,220.0600,216.1700,218.1800
2025-10-10 04:00:00,218.1800,221.5500,217.4600,220.8000
2025-10-10 08:00:00,220.8100,222.7900,219.4200,221.5400
2025-10-10 12:00:00,221.5400,222.7900,217.7700,217.9800
2025-10-10 16:00:00,217.9900,221.4800,217.2400,221.0600
2025-10-10 20:00:00,221.0600,224.3500,208.7400,210.5800
2025-10-11 00:00:00,210.5700,212.8500,203.1400,205.1600
2025-10-11 04:00:00,205.1600,207.6100,141.2800,187.6500
2025-10-11 08:00:00,187.6600,190.6400,182.0000,184.0000
2025-10-11 12:00:00,184.0100,186.2400,179.2100,182.5700
2025-10-11 16:00:00,182.5700,187.8000,181.2100,183.3400
2025-10-11 20:00:00,183.3300,184.8500,180.1800,183.5900
2025-10-12 00:00:00,183.5800,184.5000,176.1800,177.2500
2025-10-12 04:00:00,177.2600,178.4200,172.3200,177.2200
2025-10-12 08:00:00,177.2300,178.3700,172.6000,176.7900
2025-10-12 12:00:00,176.7900,182.8100,176.3200,182.3100
2025-10-12 16:00:00,182.3100,182.5000,180.0500,180.7500
2025-10-12 20:00:00,180.7500,191.6100,178.0200,190.9600
2025-10-13 00:00:00,190.9600,196.3600,190.9600,195.6600
2025-10-13 04:00:00,195.6600,198.8300,192.8600,196.8800
2025-10-13 08:00:00,196.8800,199.8800,194.1200,194.6300
2025-10-13 12:00:00,194.6300,199.4400,192.7500,196.6200
2025-10-13 16:00:00,196.6200,198.5000,190.0000,192.4800
2025-10-13 20:00:00,192.4700,197.6000,191.2100,196.3200
2025-10-14 00:00:00,196.3200,208.6500,196.1200,206.9900
2025-10-14 04:00:00,206.9900,209.2200,206.6800,208.5700
2025-10-14 08:00:00,208.5800,211.2900,204.8500,205.6200
2025-10-14 12:00:00,205.6100,205.7600,192.0000,194.3400
2025-10-14 16:00:00,194.3500,197.4300,190.9500,195.2200
2025-10-14 20:00:00,195.2200,202.5200,191.4000,202.0600
2025-10-15 00:00:00,202.0600,206.4400,196.9300,198.4100
2025-10-15 04:00:00,198.4100,203.3200,198.0200,202.3400
2025-10-15 08:00:00,202.3500,205.7600,200.7900,201.5600
2025-10-15 12:00:00,201.5600,205.3000,200.3700,204.5600
2025-10-15 16:00:00,204.5500,208.8500,201.9100,202.4800
2025-10-15 20:00:00,202.4800,204.8400,196.1100,197.0700
2025-10-16 00:00:00,197.0600,198.6700,194.0700,194.6900
2025-10-16 04:00:00,194.7000,196.5000,191.9100,193.7300
2025-10-16 08:00:00,193.7300,196.1200,193.0300,193.5200
2025-10-16 12:00:00,193.5200,195.4900,191.0800,192.7900
2025-10-16 16:00:00,192.7900,197.0900,184.7700,196.7000
2025-10-16 20:00:00,196.7000,198.3400,186.4300,187.4900
2025-10-17 00:00:00,187.5000,192.2200,183.2500,184.9000
2025-10-17 04:00:00,184.9100,186.0000,181.9300,184.7600
2025-10-17 08:00:00,184.7600,187.4300,184.1700,187.0200
2025-10-17 12:00:00,187.0200,187.3900,177.2600,177.7000
2025-10-17 16:00:00,177.7000,182.6300,174.0000,181.3600
2025-10-17 20:00:00,181.3600,182.7400,176.1600,182.6500
2025-10-18 00:00:00,182.6400,185.3100,181.2900,181.8600
2025-10-18 04:00:00,181.8600,186.0000,181.3500,181.8900
2025-10-18 08:00:00,181.8900,185.4400,181.6600,184.7300
2025-10-18 12:00:00,184.7200,188.2100,183.0100,186.1700
2025-10-18 16:00:00,186.1700,187.0600,184.2700,186.0200
2025-10-18 20:00:00,186.0200,187.2800,183.8700,184.9300
2025-10-19 00:00:00,184.9300,186.3700,183.2300,186.2900
2025-10-19 04:00:00,186.2800,187.7800,185.8100,187.4700
2025-10-19 08:00:00,187.4700,187.7900,184.8000,186.9500
2025-10-19 12:00:00,186.9500,187.6200,185.0700,185.8200
2025-10-19 16:00:00,185.8200,189.9900,183.0600,188.9200
2025-10-19 20:00:00,188.9200,191.6500,188.0400,190.6600
2025-10-20 00:00:00,190.6600,192.1500,188.2400,188.8100
2025-10-20 04:00:00,188.8000,190.0600,186.7700,187.7800
2025-10-20 08:00:00,187.7800,191.7000,183.6800,191.1400
2025-10-20 12:00:00,191.1400,194.4400,190.5200,192.9300
2025-10-20 16:00:00,192.9200,194.1000,190.8900,192.1100
2025-10-20 20:00:00,192.1100,192.9400,190.3100,190.4000
2025-10-21 00:00:00,190.4000,190.4400,185.4800,188.7100
2025-10-21 04:00:00,188.7000,191.0700,188.1300,189.6300
2025-10-21 08:00:00,189.6300,190.1500,185.1500,185.4600
2025-10-21 12:00:00,185.4600,185.5600,182.6500,184.8800
2025-10-21 16:00:00,184.8700,186.6500,183.6400,186.1800
2025-10-21 20:00:00,186.1700,197.1300,183.8400,196.1800
2025-10-22 00:00:00,196.1700,197.6900,192.0100,193.9300
2025-10-22 04:00:00,193.9300,194.1600,185.0100,185.5400
2025-10-22 08:00:00,185.5300,187.3600,184.0300,185.1500
2025-10-22 12:00:00,185.1400,186.2100,183.1300,184.9000
2025-10-22 16:00:00,184.8900,185.8700,181.4400,184.9500
2025-10-22 20:00:00,184.9500,186.9200,181.1300,183.9100
2025-10-23 00:00:00,183.9100,184.9300,177.0000,180.1000
2025-10-23 04:00:00,180.0900,180.6900,176.8500,180.0100
2025-10-23 08:00:00,180.0000,183.2900,179.5400,182.7600
2025-10-23 12:00:00,182.7700,187.9400,182.5700,187.4000
2025-10-23 16:00:00,187.4100,189.4700,187.3800,187.9200
2025-10-23 20:00:00,187.9300,192.5200,186.5000,190.9800
2025-10-24 00:00:00,190.9800,193.4400,189.9900,191.0200
2025-10-24 04:00:00,191.0200,191.4400,188.2000,191.2700
2025-10-24 08:00:00,191.2700,194.0000,190.7500,191.2400
2025-10-24 12:00:00,191.2400,194.5900,190.6900,192.1000
2025-10-24 16:00:00,192.0900,193.3900,190.5000,192.0200
2025-10-24 20:00:00,192.0300,196.8000,188.6700,189.3000
2025-10-25 00:00:00,189.3100,193.5400,188.6600,192.9900
2025-10-25 04:00:00,193.0000,194.1100,192.7100,193.5000
2025-10-25 08:00:00,193.4900,194.4900,192.3500,193.4000
2025-10-25 12:00:00,193.3900,194.8600,193.3500,193.8700
2025-10-25 16:00:00,193.8700,195.1800,191.0000,192.6300
2025-10-25 20:00:00,192.6200,194.1600,191.7000,191.8000
2025-10-26 00:00:00,191.7900,194.5600,191.3300,194.4200
2025-10-26 04:00:00,194.4300,194.8500,193.6500,193.7200
2025-10-26 08:00:00,193.7100,194.2800,191.7500,192.8800
2025-10-26 12:00:00,192.8800,194.2300,192.6300,193.7900
2025-10-26 16:00:00,193.8000,197.8400,193.6000,197.6900
2025-10-26 20:00:00,197.6800,199.8300,196.8200,199.4100
2025-10-27 00:00:00,199.4200,199.6000,198.0000,198.8100
2025-10-27 04:00:00,198.8000,202.5500,196.7400,199.9300
2025-10-27 08:00:00,199.9200,205.0200,199.3800,204.2500
2025-10-27 12:00:00,204.2500,205.3000,202.1500,202.4300
2025-10-27 16:00:00,202.4300,202.4800,198.0100,200.0800
2025-10-27 20:00:00,200.0800,200.4900,198.1800,199.9900
2025-10-28 00:00:00,200.0000,203.1900,199.6700,199.9200
2025-10-28 04:00:00,199.9200,200.1300,197.2300,198.6100
2025-10-28 08:00:00,198.6000,201.9800,198.3200,201.2000
2025-10-28 12:00:00,201.2100,202.9400,198.5000,202.2500
2025-10-28 16:00:00,202.2400,203.8900,199.1000,199.6000
2025-10-28 20:00:00,199.5900,202.9500,196.5000,198.7300
2025-10-29 00:00:00,198.7400,201.1900,194.1300,195.2400
2025-10-29 04:00:00,195.2400,195.2500,190.0200,194.0500
2025-10-29 08:00:00,194.0400,195.0000,192.5800,193.8100
2025-10-29 12:00:00,193.8100,195.9900,193.6600,195.5200
2025-10-29 16:00:00,195.5300,199.3000,193.6800,198.6500
2025-10-29 20:00:00,198.6500,201.6600,196.2900,196.7100
2025-10-30 00:00:00,196.7200,198.7100,188.8800,192.6200
2025-10-30 04:00:00,192.6200,196.9800,191.7600,193.8100
2025-10-30 08:00:00,193.8000,198.1000,192.0400,197.0100
2025-10-30 12:00:00,197.0000,197.0800,190.2100,195.6900
2025-10-30 16:00:00,195.6900,196.0500,190.9400,191.7500
2025-10-30 20:00:00,191.7500,191.9600,184.3000,184.9500
2025-10-31 00:00:00,184.9400,186.2000,178.5000,178.9200
2025-10-31 04:00:00,178.9200,184.5900,178.6400,184.5500
2025-10-31 08:00:00,184.5500,186.8000,183.5700,185.0500
2025-10-31 12:00:00,185.0500,186.9500,184.6300,185.2300
2025-10-31 16:00:00,185.2300,189.1900,184.4400,188.8100
2025-10-31 20:00:00,188.8100,190.2600,185.8300,188.0200
2025-11-01 00:00:00,188.0200,188.9600,184.2200,188.3000
2025-11-01 04:00:00,188.3000,188.7600,186.4200,187.1300
2025-11-01 08:00:00,187.1200,187.4000,185.3700,187.1200
2025-11-01 12:00:00,187.1200,187.4700,184.8100,185.7100
2025-11-01 16:00:00,185.7000,186.6600,185.1500,186.0900
2025-11-01 20:00:00,186.1000,186.5500,183.5800,186.2800
2025-11-02 00:00:00,186.2900,187.0000,184.7700,186.1800
2025-11-02 04:00:00,186.1800,186.8700,184.8600,186.2900
2025-11-02 08:00:00,186.2800,186.3000,184.5500,185.1800
2025-11-02 12:00:00,185.1800,188.2700,184.9100,187.6400
2025-11-02 16:00:00,187.6400,187.8500,184.2900,186.0400
2025-11-02 20:00:00,186.0400,186.4100,183.2600,183.6700
2025-11-03 00:00:00,183.6700,184.5600,181.9100,183.9300
2025-11-03 04:00:00,183.9200,188.0300,183.4800,187.6500
2025-11-03 08:00:00,187.6400,189.1000,176.5000,177.4200
2025-11-03 12:00:00,177.4200,178.6200,174.0900,176.3800
2025-11-03 16:00:00,176.3700,176.8300,173.1000,175.2000
2025-11-03 20:00:00,175.2000,176.8300,164.0000,166.7300
2025-11-04 00:00:00,166.7400,170.9000,165.5300,166.6400
2025-11-04 04:00:00,166.6500,167.1400,163.1200,165.9500
2025-11-04 08:00:00,165.9600,168.2800,164.1000,167.5300
2025-11-04 12:00:00,167.5300,168.0000,155.8100,157.0000
2025-11-04 16:00:00,157.0100,162.2700,156.3200,161.6300
2025-11-04 20:00:00,161.6300,165.2400,159.2400,161.3900
2025-11-05 00:00:00,161.3900,162.3000,152.1500,154.5500
2025-11-05 04:00:00,154.5500,155.8700,145.6700,154.9400
2025-11-05 08:00:00,154.9500,157.3400,147.2000,156.8400
2025-11-05 12:00:00,156.8400,158.4800,155.6000,156.4100
2025-11-05 16:00:00,156.4100,157.5500,153.6100,157.3700
2025-11-05 20:00:00,157.3700,160.4300,156.6600,160.3600
2025-11-06 00:00:00,160.3700,163.8200,158.4100,162.4100
2025-11-06 04:00:00,162.4000,163.8800,161.0200,162.2800
2025-11-06 08:00:00,162.2900,162.8700,159.6200,162.3700
2025-11-06 12:00:00,162.3800,162.6900,158.1300,158.7400
2025-11-06 16:00:00,158.7400,159.8500,157.5900,158.7900
2025-11-06 20:00:00,158.7800,161.4800,155.3100,155.8300
2025-11-07 00:00:00,155.8300,158.5800,153.7500,156.8000
2025-11-07 04:00:00,156.8000,157.7200,153.3400,155.2000
2025-11-07 08:00:00,155.2000,158.5200,154.1100,156.7900
2025-11-07 12:00:00,156.7900,158.2000,155.1800,157.6900
2025-11-07 16:00:00,157.6900,158.1000,151.5800,153.7700
2025-11-07 20:00:00,153.7800,156.2100,149.6900,155.3100
2025-11-08 00:00:00,155.3100,164.4000,154.2900,164.0800
2025-11-08 04:00:00,164.0800,164.3200,161.5000,161.7200
2025-11-08 08:00:00,161.7200,164.8200,160.5500,162.4200
2025-11-08 12:00:00,162.4300,163.6300,159.4800,160.9600
2025-11-08 16:00:00,160.9500,162.2900,159.0300,159.2900
2025-11-08 20:00:00,159.3000,159.6200,155.8200,156.6100
2025-11-09 00:00:00,156.6100,158.0700,155.7000,157.2400
2025-11-09 04:00:00,157.2300,158.3500,157.1000,157.9400
2025-11-09 08:00:00,157.9400,158.2500,155.0100,155.8200
2025-11-09 12:00:00,155.8100,159.4800,155.7800,159.1700
2025-11-09 16:00:00,159.1700,159.8200,157.1700,158.9700
2025-11-09 20:00:00,158.9700,163.9300,158.5100,162.4500
2025-11-10 00:00:00,162.4400,166.2400,161.1500,166.0800
2025-11-10 04:00:00,166.0900,166.5500,163.8500,164.4500
2025-11-10 08:00:00,164.4600,168.6800,163.3500,167.9900
2025-11-10 12:00:00,168.0000,168.8400,166.2200,167.2700
2025-11-10 16:00:00,167.2700,169.7200,166.0100,168.2000
2025-11-10 20:00:00,168.2100,170.4000,165.0600,166.1700
2025-11-11 00:00:00,166.1700,168.3900,165.1200,167.1300
2025-11-11 04:00:00,167.1200,168.3400,164.7100,167.2400
2025-11-11 08:00:00,167.2400,171.8700,165.9100,169.8400
2025-11-11 12:00:00,169.8400,170.0000,163.1600,163.8800
2025-11-11 16:00:00,163.8800,164.8700,162.3800,163.5600
2025-11-11 20:00:00,163.5700,164.2700,160.0000,160.8100
2025-11-12 00:00:00,160.8200,161.1700,157.3200,157.5000
2025-11-12 04:00:00,157.5100,157.7900,153.8000,154.5000
2025-11-12 08:00:00,154.5100,155.4800,153.4400,154.4500
2025-11-12 12:00:00,154.4500,156.4700,154.0800,154.9100
2025-11-12 16:00:00,154.9100,161.0000,154.9100,159.9100
2025-11-12 20:00:00,159.9100,160.9800,155.1500,155.6600
2025-11-13 00:00:00,155.6500,156.1700,151.0600,152.9500
2025-11-13 04:00:00,152.9500,154.6000,152.4500,153.3200
2025-11-13 08:00:00,153.3200,155.7700,150.2900,154.2700
2025-11-13 12:00:00,154.2700,157.1590,153.3100,155.2200
2025-11-13 16:00:00,155.2300,156.4400,153.7900,156.1900
2025-11-13 20:00:00,156.1900,156.8600,152.1500,153.0500
2025-11-14 00:00:00,153.0500,153.3200,141.9300,142.6400
2025-11-14 04:00:00,142.6500,146.1000,140.9400,144.6200
2025-11-14 08:00:00,144.6300,145.6000,142.6200,144.2000
2025-11-14 12:00:00,144.2100,144.4200,138.4800,142.7700
2025-11-14 16:00:00,142.7700,143.1300,139.7400,140.6900
2025-11-14 20:00:00,140.6900,143.7200,135.6700,142.1600
2025-11-15 00:00:00,142.1700,144.2000,140.5000,143.0700
2025-11-15 04:00:00,143.0800,143.1700,137.1300,138.8300
2025-11-15 08:00:00,138.8400,143.3000,138.6600,142.4600
2025-11-15 12:00:00,142.4600,143.5100,141.7500,142.6700
2025-11-15 16:00:00,142.6600,142.7600,139.8500,140.1100
2025-11-15 20:00:00,140.1100,142.1900,139.9000,141.6400
2025-11-16 00:00:00,141.6300,144.6400,140.7100,141.7000
2025-11-16 04:00:00,141.6900,141.9000,138.5100,139.5500
2025-11-16 08:00:00,139.5400,141.4200,137.2800,141.3200
2025-11-16 12:00:00,141.3200,142.4400,140.6300,142.2200
2025-11-16 16:00:00,142.2300,143.3300,139.4500,139.8700
2025-11-16 20:00:00,139.8700,140.7900,137.0300,137.3600
2025-11-17 00:00:00,137.3600,138.4700,134.3000,136.7900
2025-11-17 04:00:00,136.7900,138.1200,134.7400,137.1200
2025-11-17 08:00:00,137.1200,140.6000,136.0200,140.2100
2025-11-17 12:00:00,140.2200,141.8000,139.6100,141.2600
2025-11-17 16:00:00,141.2600,142.7400,140.8600,141.8000
2025-11-17 20:00:00,141.8000,143.3000,136.6900,137.0600
2025-11-18 00:00:00,137.0600,137.1100,129.3000,129.5800
2025-11-18 04:00:00,129.5800,131.8800,128.7000,130.9000
2025-11-18 08:00:00,130.9000,135.1900,128.9000,134.4500
2025-11-18 12:00:00,134.4600,137.7600,132.4300,136.8300
2025-11-18 16:00:00,136.8400,139.0600,136.3600,137.7900
2025-11-18 20:00:00,137.7900,142.0800,136.7500,139.6300
2025-11-19 00:00:00,139.6400,142.0700,138.6700,141.3800
2025-11-19 04:00:00,141.3800,142.0600,139.5800,140.6100
2025-11-19 08:00:00,140.6100,142.7500,139.2000,139.7000
2025-11-19 12:00:00,139.7000,141.0500,137.0400,140.4900
2025-11-19 16:00:00,140.4900,140.9600,138.3000,138.4900
2025-11-19 20:00:00,138.4900,139.1300,134.2900,134.5100
2025-11-20 00:00:00,134.5100,135.3700,130.4400,131.6400
2025-11-20 04:00:00,131.6400,136.9800,131.2600,136.9600
2025-11-20 08:00:00,136.9500,144.4000,136.2600,143.1200
2025-11-20 12:00:00,143.1200,144.7800,142.1300,143.7400
2025-11-20 16:00:00,143.7300,143.9100,141.0400,142.0500
2025-11-20 20:00:00,142.0500,143.4400,138.2400,138.5100
2025-11-21 00:00:00,138.5200,138.7000,131.0300,133.8200
2025-11-21 04:00:00,133.8300,136.5900,132.5300,133.6000
2025-11-21 08:00:00,133.6100,134.9900,131.0000,132.5500
2025-11-21 12:00:00,132.5500,133.0500,121.0200,127.4300
2025-11-21 16:00:00,127.4400,129.3300,123.7100,124.2400
2025-11-21 20:00:00,124.2400,129.5000,121.5500,125.3400
2025-11-22 00:00:00,125.3400,130.5400,123.5000,128.0500
2025-11-22 04:00:00,128.0400,129.2800,125.0000,128.6100
2025-11-22 08:00:00,128.6000,129.8700,126.7400,127.0700
2025-11-22 12:00:00,127.0600,128.3200,125.2300,127.6500
2025-11-22 16:00:00,127.6500,127.6700,125.1700,126.6100
2025-11-22 20:00:00,126.6100,127.7900,125.0000,127.0600
2025-11-23 00:00:00,127.0600,128.5500,126.7000,127.1200
2025-11-23 04:00:00,127.1300,128.8400,126.0100,127.5000
2025-11-23 08:00:00,127.5000,130.7400,127.4800,129.8600
2025-11-23 12:00:00,129.8600,131.8400,128.0100,128.7800
2025-11-23 16:00:00,128.7800,131.1200,128.7300,129.6600
2025-11-23 20:00:00,129.6600,133.1200,129.5700,132.8200
2025-11-24 00:00:00,132.8200,133.3800,130.7500,132.3000
2025-11-24 04:00:00,132.3000,133.5000,130.4000,130.5100
2025-11-24 08:00:00,130.5200,134.3700,129.2200,133.3700
2025-11-24 12:00:00,133.3700,133.8700,130.1000,130.2000
2025-11-24 16:00:00,130.2000,130.6500,128.3400,129.5600
2025-11-24 20:00:00,129.5500,132.5500,128.4300,131.8900
2025-11-25 00:00:00,131.8800,137.9400,131.7700,137.1900
2025-11-25 04:00:00,137.1900,139.7800,137.1900,138.3800
2025-11-25 08:00:00,138.3800,138.9500,137.1700,137.7300
2025-11-25 12:00:00,137.7300,138.9100,136.2300,136.2800
2025-11-25 16:00:00,136.2700,136.7500,134.6600,136.1800
2025-11-25 20:00:00,136.1900,136.9000,133.0000,134.7500
2025-11-26 00:00:00,134.7500,137.9400,134.1200,136.6100
2025-11-26 04:00:00,136.6100,140.4500,135.8900,138.9000
2025-11-26 08:00:00,138.9000,140.6200,137.8400,138.1100
2025-11-26 12:00:00,138.1100,139.9000,137.6600,139.8400
2025-11-26 16:00:00,139.8400,139.8900,136.0700,136.7700
2025-11-26 20:00:00,136.7600,138.2700,135.4200,136.5900
2025-11-27 00:00:00,136.6000,144.7000,136.3700,143.9400
2025-11-27 04:00:00,143.9500,144.1600,142.4300,142.9500
2025-11-27 08:00:00,142.9500,144.0200,142.0000,142.4500
2025-11-27 12:00:00,142.4600,144.2200,142.2200,143.6700
2025-11-27 16:00:00,143.6700,143.8300,141.4100,141.9800
2025-11-27 20:00:00,141.9800,142.4800,140.6200,142.0700
2025-11-28 00:00:00,142.0700,143.1400,141.3300,142.6200
2025-11-28 04:00:00,142.6200,142.8100,140.3400,140.7700
2025-11-28 08:00:00,140.7700,141.3700,138.5000,139.5800
2025-11-28 12:00:00,139.5800,140.4600,138.8700,138.8800
2025-11-28 16:00:00,138.8800,142.5700,138.8400,140.8900
2025-11-28 20:00:00,140.9000,143.5600,140.3400,141.5900
2025-11-29 00:00:00,141.5900,141.6400,135.8700,137.4300
2025-11-29 04:00:00,137.4300,138.2200,136.5400,137.2800
2025-11-29 08:00:00,137.2800,137.8100,136.6400,136.7700
2025-11-29 12:00:00,136.7700,137.6800,136.2100,137.2200
2025-11-29 16:00:00,137.2300,137.4200,136.3400,137.2700
2025-11-29 20:00:00,137.2700,137.6100,136.3900,137.4900
2025-11-30 00:00:00,137.5000,137.9900,134.6100,135.6300
2025-11-30 04:00:00,135.6300,136.4500,135.2600,135.8400
2025-11-30 08:00:00,135.8500,136.7700,135.1800,136.3500
2025-11-30 12:00:00,136.3600,136.9300,135.4400,136.4400
2025-11-30 16:00:00,136.4400,137.0400,136.0500,136.3700
2025-11-30 20:00:00,136.3700,140.1500,136.1200,138.2900
2025-12-01 00:00:00,138.2800,139.7900,137.3200,137.5800
2025-12-01 04:00:00,137.5800,137.8900,133.1600,133.3800
2025-12-01 08:00:00,133.3700,133.6600,126.4500,126.8900
2025-12-01 12:00:00,126.8900,127.3700,125.7300,127.3300
2025-12-01 16:00:00,127.3200,127.9300,126.7800,127.0500
2025-12-01 20:00:00,127.0500,127.6600,123.0500,125.0500
2025-12-02 00:00:00,125.0600,125.2800,123.1900,123.8000
2025-12-02 04:00:00,123.7900,127.3200,123.7500,126.5700
2025-12-02 08:00:00,126.5700,128.4800,125.9500,127.2100
2025-12-02 12:00:00,127.2100,127.8000,126.3600,127.1800
2025-12-02 16:00:00,127.1700,128.7800,125.8900,128.2300
2025-12-02 20:00:00,128.2300,141.5000,128.0900,137.7900
2025-12-03 00:00:00,137.7900,140.8600,137.3200,140.2300
2025-12-03 04:00:00,140.2300,140.3700,138.1600,138.6500
2025-12-03 08:00:00,138.6500,140.6200,137.7100,140.2900
2025-12-03 12:00:00,140.2900,144.2200,140.1300,141.8200
2025-12-03 16:00:00,141.8300,142.6400,140.6600,141.6600
2025-12-03 20:00:00,141.6500,143.4700,138.6100,140.9200
2025-12-04 00:00:00,140.9300,142.3500,139.7900,141.2300
2025-12-04 04:00:00,141.2200,146.0400,140.6700,144.6200
2025-12-04 08:00:00,144.6200,146.8700,143.5900,144.5800
2025-12-04 12:00:00,144.5900,144.8500,142.5600,143.3800
2025-12-04 16:00:00,143.3900,144.1500,142.6300,142.9900
2025-12-04 20:00:00,142.9900,144.2200,141.3800,143.1400
2025-12-05 00:00:00,143.1300,143.8000,137.7000,139.6000
2025-12-05 04:00:00,139.6000,140.4500,138.4300,138.9600
2025-12-05 08:00:00,138.9500,140.2100,138.2100,138.4700
2025-12-05 12:00:00,138.4700,140.7200,137.7100,139.6200
2025-12-05 16:00:00,139.6200,139.6200,136.0500,136.9500
2025-12-05 20:00:00,136.9500,137.1700,134.3200,134.9600
2025-12-06 00:00:00,134.9500,135.1600,130.5000,132.4000
2025-12-06 04:00:00,132.4100,133.2900,131.8800,133.2200
2025-12-06 08:00:00,133.2200,134.0700,132.7100,133.6500
2025-12-06 12:00:00,133.6500,133.6700,132.4600,132.6500
2025-12-06 16:00:00,132.6600,133.2200,131.7900,133.1400
2025-12-06 20:00:00,133.1300,133.9300,132.1300,132.8000
2025-12-07 00:00:00,132.8100,133.4900,131.6700,132.0100
2025-12-07 04:00:00,132.0100,132.8700,131.2200,132.1400
2025-12-07 08:00:00,132.1300,133.5300,131.8500,133.4300
2025-12-07 12:00:00,133.4200,133.4600,131.8300,132.0200
2025-12-07 16:00:00,132.0200,132.5300,131.4600,132.3600
2025-12-07 20:00:00,132.3600,133.0000,127.5500,131.9300
2025-12-08 00:00:00,131.9300,136.2200,130.3900,135.6600
2025-12-08 04:00:00,135.6600,136.3300,129.6900,132.1600
2025-12-08 08:00:00,132.1700,134.6600,131.4100,134.2400
2025-12-08 12:00:00,134.2300,135.9700,133.9800,135.7900
2025-12-08 16:00:00,135.7800,139.3000,135.5900,138.3300
2025-12-08 20:00:00,138.3300,139.2800,135.1500,135.4500
2025-12-09 00:00:00,135.4500,136.4700,132.8500,133.5700
2025-12-09 04:00:00,133.5800,135.0000,132.3600,133.1900
2025-12-09 08:00:00,133.1800,134.3600,132.4000,134.1100
2025-12-09 12:00:00,134.1100,134.2200,131.6400,133.1400
2025-12-09 16:00:00,133.1500,133.3700,131.9100,132.8700
2025-12-09 20:00:00,132.8800,138.4600,131.5200,138.4200
2025-12-10 00:00:00,138.4200,144.9000,138.4100,142.0800
2025-12-10 04:00:00,142.0800,142.3000,136.6500,137.8200
2025-12-10 08:00:00,137.8200,138.5600,137.1000,138.0700
2025-12-10 12:00:00,138.0700,140.1800,137.9400,139.1300
2025-12-10 16:00:00,139.1400,139.8000,136.2500,137.1400
2025-12-10 20:00:00,137.1400,138.1000,135.6000,136.0900
2025-12-11 00:00:00,136.0800,139.5800,135.6500,138.6000
2025-12-11 04:00:00,138.6100,142.5700,135.2600,136.1800
2025-12-11 08:00:00,136.1800,136.3500,128.9100,129.2800
2025-12-11 12:00:00,129.2900,131.4400,128.9200,130.9300
2025-12-11 16:00:00,130.9300,131.3200,130.0600,130.8300
2025-12-11 20:00:00,130.8400,132.7500,129.6800,131.0800
2025-12-12 00:00:00,131.0800,135.5100,130.0200,133.8200
2025-12-12 04:00:00,133.8100,137.7600,133.7400,136.3600
2025-12-12 08:00:00,136.3600,137.9300,135.3100,137.0200
2025-12-12 12:00:00,137.0200,140.0900,136.5000,139.0600
2025-12-12 16:00:00,139.0500,139.1200,137.1700,138.6600
2025-12-12 20:00:00,138.6600,139.8200,132.7000,133.4200
2025-12-13 00:00:00,133.4300,133.9000,130.2400,131.1700
2025-12-13 04:00:00,131.1700,132.9800,130.9000,132.1900
2025-12-13 08:00:00,132.1900,133.0100,132.1900,132.8100
2025-12-13 12:00:00,132.8000,132.9400,132.1900,132.8500
2025-12-13 16:00:00,132.8500,134.2000,132.8500,133.2300
2025-12-13 20:00:00,133.2300,133.6200,132.5400,133.2100
2025-12-14 00:00:00,133.2100,133.7700,132.0600,132.6800
2025-12-14 04:00:00,132.6900,133.1800,131.5100,133.0400
2025-12-14 08:00:00,133.0400,133.5800,132.6200,132.8600
2025-12-14 12:00:00,132.8600,133.3200,132.0200,133.1800
2025-12-14 16:00:00,133.1800,133.4300,130.0200,131.3700
2025-12-14 20:00:00,131.3800,131.8300,130.2400,130.6000
2025-12-15 00:00:00,130.5900,131.5300,129.2000,130.2100
2025-12-15 04:00:00,130.2200,130.7600,127.7300,129.3100
2025-12-15 08:00:00,129.3100,133.2000,129.2000,131.0900
2025-12-15 12:00:00,131.1000,132.6500,130.8000,132.2800
2025-12-15 16:00:00,132.2900,132.9900,132.0000,132.2100
2025-12-15 20:00:00,132.2200,135.4000,126.3400,126.7800
2025-12-16 00:00:00,126.7800,127.2200,123.5300,124.9300
2025-12-16 04:00:00,124.9300,127.7900,123.8000,127.7300
2025-12-16 08:00:00,127.7200,127.9600,124.8500,126.4300
2025-12-16 12:00:00,126.4200,127.4000,124.7600,125.4900
2025-12-16 16:00:00,125.4900,129.0000,125.3500,128.5700
2025-12-16 20:00:00,128.5700,130.1000,126.0500,129.6900
2025-12-17 00:00:00,129.6900,129.8000,126.6800,127.6700
2025-12-17 04:00:00,127.6800,129.4600,127.4100,129.0900
2025-12-17 08:00:00,129.0900,129.7700,128.1200,128.1900
2025-12-17 12:00:00,128.2000,128.5200,126.9200,128.2000
2025-12-17 16:00:00,128.2000,128.2000,125.9000,127.5400
2025-12-17 20:00:00,127.5300,133.9600,126.5100,126.6900
2025-12-18 00:00:00,126.6900,127.9100,121.2400,122.3100
2025-12-18 04:00:00,122.3200,123.6800,121.8700,123.1700
2025-12-18 08:00:00,123.1700,124.1000,122.8800,123.5800
2025-12-18 12:00:00,123.5800,124.1000,122.1300,122.7600
2025-12-18 16:00:00,122.7600,124.0700,122.3800,123.9900
2025-12-18 20:00:00,124.0000,129.0000,123.5600,127.3600
2025-12-19 00:00:00,127.3600,127.4600,117.2800,117.4700
2025-12-19 04:00:00,117.4800,120.1500,116.7100,119.5400
2025-12-19 08:00:00,119.5500,122.4700,117.5500,121.5200
2025-12-19 12:00:00,121.5200,125.3000,121.2900,124.3700
2025-12-19 16:00:00,124.3700,125.7300,123.8100,125.3100
2025-12-19 20:00:00,125.3200,127.6000,124.6000,125.0200
2025-12-20 00:00:00,125.0200,126.9500,123.5500,126.2200
2025-12-20 04:00:00,126.2200,127.8600,126.0500,126.2200
2025-12-20 08:00:00,126.2300,126.4400,125.2000,126.1500
2025-12-20 12:00:00,126.1600,126.6200,125.8100,126.1200
2025-12-20 16:00:00,126.1300,126.8700,125.8200,126.4200
2025-12-20 20:00:00,126.4300,126.6000,125.3600,126.5000
2025-12-21 00:00:00,126.5100,126.6500,125.6900,125.9900
2025-12-21 04:00:00,126.0000,126.4900,125.5500,125.7400
2025-12-21 08:00:00,125.7500,126.0500,124.6200,125.1600
2025-12-21 12:00:00,125.1700,125.5000,125.0200,125.2500
2025-12-21 16:00:00,125.2400,126.5600,124.7100,125.4200
2025-12-21 20:00:00,125.4300,126.0000,123.3000,124.9800
2025-12-22 00:00:00,124.9800,126.3000,124.3000,125.6100
2025-12-22 04:00:00,125.6100,126.2700,124.6300,125.9600
2025-12-22 08:00:00,125.9700,128.5100,124.4000,125.9700
2025-12-22 12:00:00,125.9800,126.6800,125.4700,126.2300
2025-12-22 16:00:00,126.2300,127.4100,125.3800,126.9300
2025-12-22 20:00:00,126.9300,128.7400,126.2400,128.0200
2025-12-23 00:00:00,128.0300,128.3300,124.5600,124.5800
2025-12-23 04:00:00,124.5800,125.9800,124.1100,125.8700
2025-12-23 08:00:00,125.8700,126.8700,124.8100,125.5800
2025-12-23 12:00:00,125.5800,126.0200,123.5800,124.1300
2025-12-23 16:00:00,124.1300,125.1600,123.8400,124.7900
2025-12-23 20:00:00,124.7900,124.8700,122.0400,123.2800
2025-12-24 00:00:00,123.2900,124.8600,122.7000,123.9100
2025-12-24 04:00:00,123.9200,125.6000,123.4000,123.9500
2025-12-24 08:00:00,123.9600,124.2500,121.6800,122.6600
2025-12-24 12:00:00,122.6600,123.0100,120.5100,121.2400
2025-12-24 16:00:00,121.2500,122.1700,121.0100,121.9800
2025-12-24 20:00:00,121.9800,122.8900,120.6100,122.6700
2025-12-25 00:00:00,122.6700,123.4300,121.7100,122.8200
2025-12-25 04:00:00,122.8200,123.3600,122.4100,122.4900
2025-12-25 08:00:00,122.4900,123.1100,122.0300,122.6400
2025-12-25 12:00:00,122.6300,122.8000,122.0400,122.2400
2025-12-25 16:00:00,122.2500,122.6300,121.2200,121.5900
2025-12-25 20:00:00,121.5800,124.0600,121.5200,123.6300
2025-12-26 00:00:00,123.6300,124.4200,122.7200,123.4200
2025-12-26 04:00:00,123.4100,123.4800,119.5800,119.9500
2025-12-26 08:00:00,119.9500,124.3300,119.1500,122.6100
2025-12-26 12:00:00,122.6100,123.9400,121.7200,122.6600
2025-12-26 16:00:00,122.6600,124.1300,122.2400,123.8000
2025-12-26 20:00:00,123.8000,125.1200,120.3700,121.4900
2025-12-27 00:00:00,121.5000,122.3500,121.1000,122.0800
2025-12-27 04:00:00,122.0800,122.6000,121.7400,122.2200
2025-12-27 08:00:00,122.2200,123.7800,121.8200,123.6300
2025-12-27 12:00:00,123.6300,123.7000,122.7100,123.1100
2025-12-27 16:00:00,123.1000,123.2900,122.4500,122.9500
2025-12-27 20:00:00,122.9500,123.6300,122.6900,123.2700
2025-12-28 00:00:00,123.2700,123.4200,122.7000,123.2100
2025-12-28 04:00:00,123.2100,125.0400,123.2000,124.6700
2025-12-28 08:00:00,124.6800,124.8500,123.8500,124.0800
2025-12-28 12:00:00,124.0700,124.2700,123.5500,124.1800
2025-12-28 16:00:00,124.1800,124.7900,123.9200,124.5700
2025-12-28 20:00:00,124.5800,124.9800,124.2300,124.4000
2025-12-29 00:00:00,124.3900,124.7200,123.0100,123.2200
2025-12-29 04:00:00,123.2200,125.6000,123.0300,125.2100
2025-12-29 08:00:00,125.2200,130.2100,124.9400,128.5200
2025-12-29 12:00:00,128.5300,129.1200,127.2000,127.8300
2025-12-29 16:00:00,127.8200,128.4800,124.9500,125.0200
2025-12-29 20:00:00,125.0200,125.3800,122.1500,123.3600
2025-12-30 00:00:00,123.3500,123.9400,122.5200,122.9900
2025-12-30 04:00:00,122.9800,123.5500,122.8000,123.1900
2025-12-30 08:00:00,123.1900,123.8600,122.5000,123.7200
2025-12-30 12:00:00,123.7200,124.2900,123.1200,123.9400
2025-12-30 16:00:00,123.9400,125.1000,123.9100,124.2400
2025-12-30 20:00:00,124.2400,125.3100,123.4800,125.1000
2025-12-31 00:00:00,125.1100,126.4900,123.7000,124.6700
2025-12-31 04:00:00,124.6600,125.0800,123.4500,124.9200
2025-12-31 08:00:00,124.9300,126.0600,124.3400,125.7600
2025-12-31 12:00:00,125.7600,126.0400,125.3000,125.9000
2025-12-31 16:00:00,125.9000,126.8200,125.3600,126.6900
2025-12-31 20:00:00,126.6800,127.4000,124.9300,125.5400
2026-01-01 00:00:00,125.5400,125.7000,124.2400,124.3000
2026-01-01 04:00:00,124.3100,125.1200,123.4200,124.5900
2026-01-01 08:00:00,124.5800,125.7500,124.5200,125.1400
2026-01-01 12:00:00,125.1300,125.2600,124.1400,124.1900
2026-01-01 16:00:00,124.1900,125.2200,124.0800,125.1600
2026-01-01 20:00:00,125.1600,125.2200,124.3400,124.9000
2026-01-02 00:00:00,124.9000,125.7500,124.2000,125.7000
2026-01-02 04:00:00,125.7000,127.2100,125.2500,126.8300
2026-01-02 08:00:00,126.8400,127.9900,125.8100,127.5100
2026-01-02 12:00:00,127.5100,127.6900,126.7100,127.1000
2026-01-02 16:00:00,127.1000,129.9800,127.0900,128.1900
2026-01-02 20:00:00,128.1800,129.5900,126.7600,128.9400
2026-01-03 00:00:00,128.9300,132.3000,128.6200,131.5900
2026-01-03 04:00:00,131.6000,133.2900,130.7600,132.2400
2026-01-03 08:00:00,132.2400,133.1300,132.0200,132.7700
2026-01-03 12:00:00,132.7800,132.8500,129.5200,130.0500
2026-01-03 16:00:00,130.0500,131.4300,129.7400,130.6300
2026-01-03 20:00:00,130.6400,132.1200,130.4300,131.4100
2026-01-04 00:00:00,131.4100,132.0700,131.4100,131.7300
2026-01-04 04:00:00,131.7300,133.9900,131.2700,133.3100
2026-01-04 08:00:00,133.3000,135.0000,133.2600,134.5600
2026-01-04 12:00:00,134.5500,134.9700,133.5200,133.7500
2026-01-04 16:00:00,133.7500,134.8200,133.1000,134.3200
2026-01-04 20:00:00,134.3300,135.3200,133.6700,134.8300
2026-01-05 00:00:00,134.8300,135.5000,133.0300,133.5100
2026-01-05 04:00:00,133.5100,134.8100,133.3200,134.0400
2026-01-05 08:00:00,134.0500,137.7500,133.9300,136.5800
2026-01-05 12:00:00,136.5800,136.7400,134.5400,135.3400
2026-01-05 16:00:00,135.3400,135.9700,134.6300,135.6800
2026-01-05 20:00:00,135.6900,136.4700,133.0900,136.0800
2026-01-06 00:00:00,136.0800,138.7800,134.2500,138.2000
2026-01-06 04:00:00,138.2000,139.8300,137.6900,137.8400
2026-01-06 08:00:00,137.8400,138.5700,136.8100,138.3100
2026-01-06 12:00:00,138.3200,140.0900,137.2600,137.5100
2026-01-06 16:00:00,137.5200,139.6400,137.3000,139.4400
2026-01-06 20:00:00,139.4400,143.4500,138.6600,141.5600
2026-01-07 00:00:00,141.5500,141.9300,136.1200,137.4500
2026-01-07 04:00:00,137.4500,141.9600,137.4200,141.0300
2026-01-07 08:00:00,141.0400,141.3500,138.3600,139.5200
2026-01-07 12:00:00,139.5200,139.6600,138.0600,139.3100
2026-01-07 16:00:00,139.3100,139.7400,136.4200,137.8400
2026-01-07 20:00:00,137.8400,138.4400,135.1700,135.6100
2026-01-08 00:00:00,135.6100,136.6000,134.3300,135.6800
2026-01-08 04:00:00,135.6800,137.0700,134.9300,136.3200
2026-01-08 08:00:00,136.3100,138.3000,135.9300,136.6800
2026-01-08 12:00:00,136.6800,138.2900,133.6000,135.8100
2026-01-08 16:00:00,135.8200,136.1700,133.8500,134.7200
2026-01-08 20:00:00,134.7100,136.5000,132.5000,136.3300
2026-01-09 00:00:00,136.3200,139.0700,136.1500,137.4800
2026-01-09 04:00:00,137.4800,140.0000,136.4600,138.3000
2026-01-09 08:00:00,138.2900,141.1400,137.6600,140.7300
2026-01-09 12:00:00,140.7300,141.0100,139.3800,139.5100
2026-01-09 16:00:00,139.5100,139.6300,136.9800,138.2400
2026-01-09 20:00:00,138.2300,140.8500,136.1100,138.7500
2026-01-10 00:00:00,138.7600,140.2100,135.3700,135.7100
2026-01-10 04:00:00,135.7100,136.4100,134.8600,135.8800
2026-01-10 08:00:00,135.8900,136.6200,135.6000,136.0500
2026-01-10 12:00:00,136.0500,136.2800,135.6600,136.0000
2026-01-10 16:00:00,136.0100,136.9700,135.9100,136.5000
2026-01-10 20:00:00,136.5100,136.9900,135.9300,136.3500
2026-01-11 00:00:00,136.3600,136.6500,135.8400,136.1700
2026-01-11 04:00:00,136.1700,136.2200,135.3000,135.7800
2026-01-11 08:00:00,135.7900,136.4300,135.6800,136.2100
2026-01-11 12:00:00,136.2100,136.3900,135.8300,136.1300
2026-01-11 16:00:00,136.1300,136.8600,136.0400,136.4900
2026-01-11 20:00:00,136.5000,139.5000,136.4300,138.3800
2026-01-12 00:00:00,138.3800,141.6500,138.3800,139.3900
2026-01-12 04:00:00,139.3900,139.7400,137.4700,139.6500
2026-01-12 08:00:00,139.6500,144.4000,138.8500,142.4900
2026-01-12 12:00:00,142.4900,143.3200,141.2800,141.3400
2026-01-12 16:00:00,141.3500,142.0000,138.9400,139.9300
2026-01-12 20:00:00,139.9300,142.7000,138.5900,142.5500
2026-01-13 00:00:00,142.5400,144.2600,140.5400,140.9400
2026-01-13 04:00:00,140.9400,141.8100,138.2300,139.1300
2026-01-13 08:00:00,139.1300,139.5200,137.7500,138.6600
2026-01-13 12:00:00,138.6600,140.6900,138.3100,139.8800
2026-01-13 16:00:00,139.8800,143.0900,139.8700,141.8000
2026-01-13 20:00:00,141.7900,143.7900,141.1000,143.4100
2026-01-14 00:00:00,143.4200,144.5600,142.3300,144.1800
2026-01-14 04:00:00,144.1800,148.8000,142.9100,145.4800
2026-01-14 08:00:00,145.4700,146.5600,144.2900,146.2200
2026-01-14 12:00:00,146.2100,146.4100,143.8600,144.8000
2026-01-14 16:00:00,144.8000,145.7000,143.4500,143.7000
2026-01-14 20:00:00,143.6900,147.5600,143.3000,147.0200
2026-01-15 00:00:00,147.0200,148.4000,145.2600,146.7500
2026-01-15 04:00:00,146.7600,147.7000,145.7400,146.6100
2026-01-15 08:00:00,146.6200,146.6500,143.1000,143.4000
2026-01-15 12:00:00,143.4100,145.2200,143.2000,144.9300
2026-01-15 16:00:00,144.9400,145.9500,144.0000,144.7600
2026-01-15 20:00:00,144.7600,145.5700,141.7100,143.3900
2026-01-16 00:00:00,143.3900,144.1500,140.7700,141.4400
2026-01-16 04:00:00,141.4300,142.6000,140.9400,142.3200
2026-01-16 08:00:00,142.3300,142.7400,141.6000,141.8700
2026-01-16 12:00:00,141.8700,143.6000,141.3600,142.8600
2026-01-16 16:00:00,142.8600,143.4900,142.6300,143.0800
2026-01-16 20:00:00,143.0700,143.8000,140.1700,140.6800
2026-01-17 00:00:00,140.6800,144.4500,140.5400,144.1300
2026-01-17 04:00:00,144.1400,145.5000,143.4100,144.8500
2026-01-17 08:00:00,144.8400,144.9500,144.1400,144.3000
2026-01-17 12:00:00,144.2900,144.4500,143.5400,143.5600
2026-01-17 16:00:00,143.5600,144.5800,143.1800,143.9200
2026-01-17 20:00:00,143.9200,144.2900,143.5000,144.2500
2026-01-18 00:00:00,144.2400,144.4600,143.5200,144.2000
2026-01-18 04:00:00,144.1900,144.5100,143.4000,143.6400
2026-01-18 08:00:00,143.6500,143.9200,141.8000,142.7300
2026-01-18 12:00:00,142.7300,142.9400,141.9400,142.0400
2026-01-18 16:00:00,142.0500,142.5600,141.8100,142.3200
2026-01-18 20:00:00,142.3300,142.6700,141.4000,141.9100
2026-01-19 00:00:00,141.9200,143.1900,141.6700,142.2000
2026-01-19 04:00:00,142.2000,142.9900,137.6500,137.7900
2026-01-19 08:00:00,137.7900,137.7900,129.8200,133.8500
2026-01-19 12:00:00,133.8500,134.0000,132.6400,133.3900
2026-01-19 16:00:00,133.3900,134.3200,133.2000,134.0500
2026-01-19 20:00:00,134.0500,134.1400,133.2000,133.4700
2026-01-20 00:00:00,133.4800,134.6500,133.4000,134.3800
2026-01-20 04:00:00,134.3700,135.1000,132.6900,133.3800
2026-01-20 08:00:00,133.3800,134.6000,133.0000,134.2100
2026-01-20 12:00:00,134.2000,134.2100,130.5100,130.5600
2026-01-20 16:00:00,130.5700,130.7300,128.2700,128.7300
2026-01-20 20:00:00,128.7300,129.7300,127.1500,127.7800
2026-01-21 00:00:00,127.7700,128.5200,126.2000,127.1800
2026-01-21 04:00:00,127.1800,128.0300,124.2500,125.7200
2026-01-21 08:00:00,125.7200,127.8200,125.6600,127.5400
2026-01-21 12:00:00,127.5400,128.6800,127.3900,127.5300
2026-01-21 16:00:00,127.5200,128.1400,126.7300,126.8700
2026-01-21 20:00:00,126.8700,131.1300,126.0900,130.3800
2026-01-22 00:00:00,130.3700,131.6400,125.1700,131.4600
2026-01-22 04:00:00,131.4600,132.0900,129.0800,129.4800
2026-01-22 08:00:00,129.4800,130.5500,129.4500,129.7700
2026-01-22 12:00:00,129.7700,130.4200,129.6600,129.7200
2026-01-22 16:00:00,129.7300,130.3000,129.2600,130.0400
2026-01-22 20:00:00,130.0400,130.8900,126.6600,127.3200
2026-01-23 00:00:00,127.3200,129.3000,126.8200,129.1800
2026-01-23 04:00:00,129.1800,129.7000,127.9500,128.4100
2026-01-23 08:00:00,128.4200,128.9000,128.0000,128.7000
2026-01-23 12:00:00,128.6900,129.2400,127.1600,127.8400
2026-01-23 16:00:00,127.8400,127.9300,126.8400,127.4500
2026-01-23 20:00:00,127.4600,128.0500,125.2200,127.8400
2026-01-24 00:00:00,127.8500,130.1500,127.3700,128.0100
2026-01-24 04:00:00,128.0200,128.2100,126.4700,127.3600
2026-01-24 08:00:00,127.3700,128.0500,127.2200,127.8200
2026-01-24 12:00:00,127.8200,128.0400,127.0000,127.0500
2026-01-24 16:00:00,127.0600,127.3400,126.8600,127.1200
2026-01-24 20:00:00,127.1200,127.3400,126.7200,126.7800
2026-01-25 00:00:00,126.7700,127.4300,126.5600,127.2200
2026-01-25 04:00:00,127.2100,127.6800,127.0200,127.1300
2026-01-25 08:00:00,127.1300,127.3900,126.2500,126.5500
2026-01-25 12:00:00,126.5600,126.9300,126.2700,126.4100
2026-01-25 16:00:00,126.4100,127.1600,125.9000,126.7100
2026-01-25 20:00:00,126.7100,127.0800,125.3800,125.5100
2026-01-26 00:00:00,125.5100,125.5100,117.0000,117.8600
2026-01-26 04:00:00,117.8700,119.3700,117.3300,118.7600
2026-01-26 08:00:00,118.7700,122.7200,118.4500,121.5100
2026-01-26 12:00:00,121.5100,123.5500,121.5000,122.8400
2026-01-26 16:00:00,122.8500,123.5400,121.7100,122.4600
2026-01-26 20:00:00,122.4600,125.1500,122.2900,123.4600
2026-01-27 00:00:00,123.4500,125.5400,122.9600,124.2600
2026-01-27 04:00:00,124.2600,124.8300,123.3700,124.1800
2026-01-27 08:00:00,124.1700,125.1300,123.6600,124.4400
2026-01-27 12:00:00,124.4500,125.0900,123.9400,124.4600
2026-01-27 16:00:00,124.4500,124.7300,123.5100,124.0800
2026-01-27 20:00:00,124.0800,125.0000,123.0600,124.9400
2026-01-28 00:00:00,124.9400,126.7400,123.4700,125.7900
2026-01-28 04:00:00,125.7900,127.8000,125.6700,127.1200
2026-01-28 08:00:00,127.1200,127.4700,126.5700,126.9000
2026-01-28 12:00:00,126.8900,127.4900,126.3900,127.0400
2026-01-28 16:00:00,127.0400,128.3000,125.9200,128.1000
2026-01-28 20:00:00,128.1100,128.1900,125.4400,126.0000
2026-01-29 00:00:00,126.0100,126.9900,125.1700,125.9300
2026-01-29 04:00:00,125.9300,126.6200,124.6900,125.2800
2026-01-29 08:00:00,125.2900,125.4400,122.5800,122.9900
2026-01-29 12:00:00,122.9900,123.9300,122.4100,123.7100
2026-01-29 16:00:00,123.7200,123.8600,122.6100,122.6900
2026-01-29 20:00:00,122.6900,123.1200,116.0300,117.6000
2026-01-30 00:00:00,117.6000,119.8800,115.2900,116.7500
2026-01-30 04:00:00,116.7500,117.8400,116.4600,117.7200
2026-01-30 08:00:00,117.7200,118.0600,111.7500,114.3500
2026-01-30 12:00:00,114.3400,116.0700,112.8900,115.7100
2026-01-30 16:00:00,115.7200,117.2400,114.5800,117.0100
2026-01-30 20:00:00,117.0000,117.6000,114.5000,116.7300
2026-01-31 00:00:00,116.7200,119.0900,114.2600,118.2300
2026-01-31 04:00:00,118.2300,118.3900,116.3200,117.5400
2026-01-31 08:00:00,117.5400,118.5600,117.3100,118.2900
2026-01-31 12:00:00,118.3000,118.7700,117.1000,117.2900
2026-01-31 16:00:00,117.3000,117.4600,112.6700,115.9600
2026-01-31 20:00:00,115.9700,116.1200,108.1500,108.5700
2026-02-01 00:00:00,108.5800,109.7300,95.5000,101.6500
2026-02-01 04:00:00,101.6500,106.4000,100.2600,105.4500
2026-02-01 08:00:00,105.4400,106.2800,104.1000,104.8700
2026-02-01 12:00:00,104.8800,105.9700,103.8700,105.1400
2026-02-01 16:00:00,105.1400,105.9900,103.4400,104.9900
2026-02-01 20:00:00,104.9900,106.6700,100.1400,101.6100
2026-02-02 00:00:00,101.6200,104.1600,100.8500,101.8800
2026-02-02 04:00:00,101.8700,102.8100,97.9500,100.7300
2026-02-02 08:00:00,100.7300,103.0900,95.8300,100.0000
2026-02-02 12:00:00,100.0100,102.3900,97.0000,101.3800
2026-02-02 16:00:00,101.3900,103.3900,101.3300,102.7300
2026-02-02 20:00:00,102.7300,106.0600,102.2900,104.6300
2026-02-03 00:00:00,104.6200,105.7100,103.4300,103.8300
2026-02-03 04:00:00,103.8300,105.1300,103.2500,104.4800
2026-02-03 08:00:00,104.4700,104.6000,102.0800,104.1000
2026-02-03 12:00:00,104.0900,105.0600,102.8800,104.6200
2026-02-03 16:00:00,104.6200,104.9500,102.3800,102.9200
2026-02-03 20:00:00,102.9300,103.5800,100.3000,102.5200
2026-02-04 00:00:00,102.5200,102.5200,96.6000,98.9500
2026-02-04 04:00:00,98.9400,102.1200,97.1100,97.8100
2026-02-04 08:00:00,97.8200,99.6000,97.0800,99.0400
2026-02-04 12:00:00,99.0300,99.2700,96.2000,97.8200
2026-02-04 16:00:00,97.8300,97.8800,94.5000,96.0300
2026-02-04 20:00:00,96.0400,96.6900,91.1900,92.6900
2026-02-05 00:00:00,92.6900,94.6700,89.9200,94.3200
2026-02-05 04:00:00,94.3200,94.4600,89.1900,92.0700
2026-02-05 08:00:00,92.0700,92.8800,90.1300,91.1000
2026-02-05 12:00:00,91.1000,92.0700,89.6200,90.5000
2026-02-05 16:00:00,90.5100,93.4000,88.6100,89.9200
2026-02-05 20:00:00,89.9300,91.4300,83.3600,84.5500
2026-02-06 00:00:00,84.5500,86.1800,81.1200,81.6300
2026-02-06 04:00:00,81.6300,82.2600,77.4900,78.2900
2026-02-06 08:00:00,78.2900,80.2200,67.2900,76.6600
2026-02-06 12:00:00,76.6600,81.5600,76.1600,79.5000
2026-02-06 16:00:00,79.4900,81.9800,78.5500,81.2600
2026-02-06 20:00:00,81.2500,85.1400,80.7200,84.4000
2026-02-07 00:00:00,84.3900,88.5900,83.5000,86.9700
2026-02-07 04:00:00,86.9700,89.7400,86.4800,87.4200
2026-02-07 08:00:00,87.4100,88.3100,85.8400,88.0100
2026-02-07 12:00:00,88.0100,88.9700,84.1500,85.2400
2026-02-07 16:00:00,85.2400,85.6700,84.4400,84.8500
2026-02-07 20:00:00,84.8500,87.1500,84.7800,86.5200
2026-02-08 00:00:00,86.5100,89.1500,86.1100,88.2200
2026-02-08 04:00:00,88.2100,89.1300,86.8000,87.5100
2026-02-08 08:00:00,87.5200,88.1500,86.6300,86.7400
2026-02-08 12:00:00,86.7400,87.4800,86.5300,87.3200
2026-02-08 16:00:00,87.3200,88.9300,86.3400,88.1600
2026-02-08 20:00:00,88.1700,88.8200,87.2600,87.7100
2026-02-09 00:00:00,87.7100,88.5700,85.6800,88.3400
2026-02-09 04:00:00,88.3400,89.0900,86.0000,86.9200
2026-02-09 08:00:00,86.9100,87.9300,85.6600,87.6200
2026-02-09 12:00:00,87.6100,87.6700,85.1200,85.4300
2026-02-09 16:00:00,85.4300,85.5700,82.8200,83.4300
2026-02-09 20:00:00,83.4400,85.7700,83.3900,85.2300
2026-02-10 00:00:00,85.2300,88.6600,84.7500,87.9000
2026-02-10 04:00:00,87.8900,88.2800,86.4500,86.7100
2026-02-10 08:00:00,86.7100,87.4400,85.2000,85.8000
2026-02-10 12:00:00,85.8000,86.6200,84.2600,84.5900
2026-02-10 16:00:00,84.5800,85.0300,83.6900,83.7900
2026-02-10 20:00:00,83.7800,85.1800,83.1400,84.2400
2026-02-11 00:00:00,84.2400,85.1000,82.3900,83.0500
2026-02-11 04:00:00,83.0400,83.1900,81.8400,82.9500
2026-02-11 08:00:00,82.9600,84.3400,82.5300,83.2800
2026-02-11 12:00:00,83.2700,83.4900,80.2300,80.9600
2026-02-11 16:00:00,80.9500,81.4400,80.3300,81.2100
2026-02-11 20:00:00,81.2000,83.1300,78.5200,79.6500
2026-02-12 00:00:00,79.6600,80.8800,77.9200,79.6700
2026-02-12 04:00:00,79.6600,81.0800,78.5900,79.2500
2026-02-12 08:00:00,79.2400,80.7400,79.2200,80.5600
2026-02-12 12:00:00,80.5600,80.9600,79.3700,80.7200
2026-02-12 16:00:00,80.7200,82.1900,80.2600,81.8000
2026-02-12 20:00:00,81.7900,82.0700,80.0300,80.0600
2026-02-13 00:00:00,80.0600,80.1700,76.9000,77.5700
2026-02-13 04:00:00,77.5700,78.4800,76.5400,78.3700
2026-02-13 08:00:00,78.3700,79.4400,77.4900,79.0000
2026-02-13 12:00:00,79.0100,79.2300,77.7900,78.9300
2026-02-13 16:00:00,78.9300,80.5800,78.8000,80.2600
2026-02-13 20:00:00,80.2600,84.3000,79.6800,83.1600
2026-02-14 00:00:00,83.1600,85.5900,82.8700,84.6000
2026-02-14 04:00:00,84.6000,85.1600,84.0400,84.2900
2026-02-14 08:00:00,84.2800,85.2500,84.1700,85.0000
2026-02-14 12:00:00,85.0000,85.2200,84.2800,85.1200
2026-02-14 16:00:00,85.1300,87.2800,85.1000,87.2200
2026-02-14 20:00:00,87.2200,87.6500,85.9700,87.3800
2026-02-15 00:00:00,87.3900,88.4200,86.9600,88.1300
2026-02-15 04:00:00,88.1400,88.8500,87.2200,88.0200
2026-02-15 08:00:00,88.0100,88.7600,87.3100,88.5600
2026-02-15 12:00:00,88.5600,90.9600,88.3200,90.6800
2026-02-15 16:00:00,90.6800,91.1900,88.9500,89.1300
2026-02-15 20:00:00,89.1200,89.5900,86.6100,87.3600
2026-02-16 00:00:00,87.3600,87.8500,85.1400,85.2900
2026-02-16 04:00:00,85.2800,86.6300,84.8300,86.0900
2026-02-16 08:00:00,86.0900,86.5900,84.7100,85.1100
2026-02-16 12:00:00,85.1000,85.8600,84.4000,85.0100
2026-02-16 16:00:00,85.0200,86.2000,84.4000,85.4600
2026-02-16 20:00:00,85.4600,86.8800,82.5100,83.1600
2026-02-17 00:00:00,83.1600,85.1100,83.0500,84.5700
2026-02-17 04:00:00,84.5700,86.6100,84.4400,86.3900
2026-02-17 08:00:00,86.3900,87.6600,85.7200,86.3100
2026-02-17 12:00:00,86.3100,86.7600,85.3800,86.4200
2026-02-17 16:00:00,86.4200,86.7100,84.6700,85.0400
2026-02-17 20:00:00,85.0500,85.5300,82.8600,83.7600
2026-02-18 00:00:00,83.7500,85.7200,83.0800,84.8000
2026-02-18 04:00:00,84.8000,85.3900,84.4700,85.0200
2026-02-18 08:00:00,85.0200,85.4400,83.8700,85.2700
2026-02-18 12:00:00,85.2700,85.5000,84.6300,85.2200
2026-02-18 16:00:00,85.2200,86.0400,82.7400,82.8000
2026-02-18 20:00:00,82.7900,83.9700,81.6200,82.9500
2026-02-19 00:00:00,82.9600,83.0400,80.3700,80.8700
2026-02-19 04:00:00,80.8700,81.5900,80.7900,81.5500
2026-02-19 08:00:00,81.5400,82.0200,81.1800,81.7100
2026-02-19 12:00:00,81.7200,82.6300,81.3200,82.3400
2026-02-19 16:00:00,82.3400,82.3500,80.8600,81.2000
2026-02-19 20:00:00,81.2000,81.2900,79.5700,80.5900
2026-02-20 00:00:00,80.5800,82.1900,79.8600,81.9000
2026-02-20 04:00:00,81.9000,82.5200,81.6300,82.4600
2026-02-20 08:00:00,82.4600,83.5000,82.2700,82.9700
2026-02-20 12:00:00,82.9800,83.8800,82.3200,83.3800
2026-02-20 16:00:00,83.3900,84.8100,83.2400,83.5200
2026-02-20 20:00:00,83.5300,84.7600,81.7100,84.3300
2026-02-21 00:00:00,84.3200,85.4400,82.7500,84.7200
2026-02-21 04:00:00,84.7100,85.1900,84.0600,84.6200
2026-02-21 08:00:00,84.6200,84.9800,84.1600,84.2900
2026-02-21 12:00:00,84.3000,84.7400,83.9100,84.1800
2026-02-21 16:00:00,84.1700,85.6700,84.1400,85.3500
2026-02-21 20:00:00,85.3500,86.6800,84.9600,86.5200
2026-02-22 00:00:00,86.5200,86.6700,85.7700,86.1700
2026-02-22 04:00:00,86.1600,86.1700,85.0700,85.1200
2026-02-22 08:00:00,85.1200,85.5600,84.6200,85.0300
2026-02-22 12:00:00,85.0300,85.5000,84.7300,85.1900
2026-02-22 16:00:00,85.1900,85.4300,84.8100,85.2000
2026-02-22 20:00:00,85.2000,85.2600,82.9400,83.4400
2026-02-23 00:00:00,83.4400,83.5800,82.7600,83.2500
2026-02-23 04:00:00,83.2400,83.6600,82.4300,82.7500
2026-02-23 08:00:00,82.7500,82.8100,77.1600,77.5700
2026-02-23 12:00:00,77.5800,79.6300,77.0600,79.3200
2026-02-23 16:00:00,79.3200,80.6300,78.4400,79.9900
2026-02-23 20:00:00,79.9900,81.0600,79.1500,79.3500
2026-02-24 00:00:00,79.3600,79.7600,77.2100,78.2500
2026-02-24 04:00:00,78.2400,78.8700,77.5700,77.8700
2026-02-24 08:00:00,77.8600,78.4900,75.6800,76.8400
2026-02-24 12:00:00,76.8400,77.2900,76.0600,76.7900
2026-02-24 16:00:00,76.8000,77.1500,75.8700,76.7100
2026-02-24 20:00:00,76.7100,77.4500,75.5700,77.2500
2026-02-25 00:00:00,77.2600,78.4700,77.1700,78.3200
2026-02-25 04:00:00,78.3300,79.5600,78.0600,78.9100
2026-02-25 08:00:00,78.9200,82.9700,78.6600,81.7200
2026-02-25 12:00:00,81.7100,82.4100,80.9300,82.1300
2026-02-25 16:00:00,82.1400,83.3800,81.8800,83.3300
2026-02-25 20:00:00,83.3400,86.4300,82.8500,85.9200
2026-02-26 00:00:00,85.9200,89.6000,85.9200,89.3900
2026-02-26 04:00:00,89.4000,92.0900,87.0500,88.0100
2026-02-26 08:00:00,88.0100,89.2200,87.5100,87.9100
2026-02-26 12:00:00,87.9100,89.0000,87.1700,87.2100
2026-02-26 16:00:00,87.2100,88.6400,86.5300,86.7600
2026-02-26 20:00:00,86.7600,88.2200,85.2200,86.5200
2026-02-27 00:00:00,86.5200,86.7100,84.2500,86.4100
2026-02-27 04:00:00,86.4200,86.8300,85.6800,85.8600
2026-02-27 08:00:00,85.8600,87.7700,85.1400,87.5700
2026-02-27 12:00:00,87.5700,88.2600,86.7400,87.2600
2026-02-27 16:00:00,87.2700,87.8800,83.2700,83.5300
2026-02-27 20:00:00,83.5200,83.7100,81.8900,82.6400
2026-02-28 00:00:00,82.6300,82.6400,81.0500,81.5200
2026-02-28 04:00:00,81.5200,82.0700,80.2600,81.8000
2026-02-28 08:00:00,81.8000,82.2200,81.4700,81.6900
2026-02-28 12:00:00,81.6800,81.8500,77.0600,78.6300
2026-02-28 16:00:00,78.6400,79.5300,77.6700,78.7100
2026-02-28 20:00:00,78.7100,81.4600,78.5500,80.8700
2026-03-01 00:00:00,80.8600,82.8700,80.4300,82.1500
2026-03-01 04:00:00,82.1500,85.6300,81.9000,84.2900
2026-03-01 08:00:00,84.2900,88.8800,84.2200,87.9800
2026-03-01 12:00:00,87.9900,88.2300,86.1100,86.5800
2026-03-01 16:00:00,86.5900,86.7900,84.6700,85.1300
2026-03-01 20:00:00,85.1300,86.9500,84.4600,85.6100
2026-03-02 00:00:00,85.6100,86.0500,82.9800,83.1900
2026-03-02 04:00:00,83.1900,84.1700,81.6400,83.5500
2026-03-02 08:00:00,83.5500,86.1400,83.4100,84.7400
2026-03-02 12:00:00,84.7300,84.8000,82.3200,82.9000
2026-03-02 16:00:00,82.9000,84.2800,82.3000,83.8500
2026-03-02 20:00:00,83.8400,88.9600,82.7200,88.7400
2026-03-03 00:00:00,88.7400,90.3200,86.3600,87.6200
2026-03-03 04:00:00,87.6100,88.1900,86.2700,86.5900
2026-03-03 08:00:00,86.5900,87.2800,85.1600,86.2300
2026-03-03 12:00:00,86.2300,86.7700,85.3300,85.5300
2026-03-03 16:00:00,85.5200,85.7300,83.6300,84.1500
2026-03-03 20:00:00,84.1500,85.3200,82.4000,84.9800
2026-03-04 00:00:00,84.9700,87.3100,84.1000,85.0400
2026-03-04 04:00:00,85.0400,87.4300,84.1300,86.9200
2026-03-04 08:00:00,86.9100,88.0600,85.1200,85.7100
2026-03-04 12:00:00,85.7100,87.4900,84.7500,87.3800
2026-03-04 16:00:00,87.3800,91.4800,86.9400,89.7300
2026-03-04 20:00:00,89.7400,93.1200,88.6600,92.8800
2026-03-05 00:00:00,92.8900,94.1500,90.5700,93.1400
2026-03-05 04:00:00,93.1300,93.7300,90.2400,90.8200
2026-03-05 08:00:00,90.8100,91.3800,89.5500,89.9800
2026-03-05 12:00:00,89.9800,91.2500,89.6300,90.1100
2026-03-05 16:00:00,90.1000,92.9100,89.6100,91.7600
2026-03-05 20:00:00,91.7700,92.1500,88.7600,89.5600
2026-03-06 00:00:00,89.5600,89.5800,87.8400,88.6800
2026-03-06 04:00:00,88.6900,89.8100,88.5000,88.7400
2026-03-06 08:00:00,88.7400,89.2600,87.9500,88.3600
2026-03-06 12:00:00,88.3500,88.8700,87.4500,88.6400
2026-03-06 16:00:00,88.6400,88.6400,87.0500,87.2100
2026-03-06 20:00:00,87.2100,87.2300,83.8900,84.5700
2026-03-07 00:00:00,84.5700,85.8300,83.5200,85.1400
2026-03-07 04:00:00,85.1400,85.4100,84.3900,84.6400
2026-03-07 08:00:00,84.6500,85.0300,84.2400,84.4700
2026-03-07 12:00:00,84.4800,84.5100,83.8200,84.2700
2026-03-07 16:00:00,84.2700,84.8700,84.0700,84.6100
2026-03-07 20:00:00,84.6000,84.7300,83.2600,83.6900
2026-03-08 00:00:00,83.6900,84.0300,82.2200,82.4700
2026-03-08 04:00:00,82.4700,83.2800,82.4600,83.1700
2026-03-08 08:00:00,83.1700,83.4400,82.0300,82.2700
2026-03-08 12:00:00,82.2800,83.0600,81.6700,82.9000
2026-03-08 16:00:00,82.8900,84.0700,82.4300,82.7400
2026-03-08 20:00:00,82.7500,82.9500,81.1100,81.9900
2026-03-09 00:00:00,81.9900,82.6200,81.2300,82.4400
2026-03-09 04:00:00,82.4300,82.9300,80.1800,81.5600
2026-03-09 08:00:00,81.5700,84.4700,81.5000,83.1000
2026-03-09 12:00:00,83.1000,84.5800,82.2500,83.1200
2026-03-09 16:00:00,83.1200,84.5600,82.8700,83.5200
2026-03-09 20:00:00,83.5200,85.7100,83.3400,85.0100
2026-03-10 00:00:00,85.0000,87.0000,84.2700,85.9200
2026-03-10 04:00:00,85.9300,86.3200,84.7800,84.9100
2026-03-10 08:00:00,84.9100,86.8600,84.7900,85.5200
2026-03-10 12:00:00,85.5100,86.9600,85.3400,86.6600
2026-03-10 16:00:00,86.6700,87.6500,86.5200,86.7500
2026-03-10 20:00:00,86.7500,88.5800,84.8600,88.3100
2026-03-11 00:00:00,88.3100,88.7800,85.5900,85.9700
2026-03-11 04:00:00,85.9600,86.3900,84.9500,85.8300
2026-03-11 08:00:00,85.8200,86.2200,85.4300,85.5600
2026-03-11 12:00:00,85.5700,86.8300,85.0700,85.3900
2026-03-11 16:00:00,85.3900,85.5700,84.3000,84.5100
2026-03-11 20:00:00,84.5000,87.3500,84.3000,85.3700
2026-03-12 00:00:00,85.3700,88.0600,85.2400,87.2500
2026-03-12 04:00:00,87.2500,87.9000,86.4000,86.5200
2026-03-12 08:00:00,86.5200,86.7300,84.6300,84.9400
2026-03-12 12:00:00,84.9400,85.8600,84.8200,85.7700
2026-03-12 16:00:00,85.7700,87.1000,85.3400,86.7500
2026-03-12 20:00:00,86.7500,87.6600,85.0300,86.5300
2026-03-13 00:00:00,86.5200,87.0500,85.6100,86.7500
2026-03-13 04:00:00,86.7500,87.1800,85.9000,86.8000
2026-03-13 08:00:00,86.7900,91.1500,86.6600,89.6600
2026-03-13 12:00:00,89.6600,89.7100,88.1000,88.6200
2026-03-13 16:00:00,88.6200,90.4100,88.2700,90.2700
2026-03-13 20:00:00,90.2700,93.3800,89.2400,89.4200
2026-03-14 00:00:00,89.4300,90.1400,88.3000,88.8600
2026-03-14 04:00:00,88.8600,89.0900,87.6800,88.1200
2026-03-14 08:00:00,88.1100,88.5700,87.7500,88.3500
2026-03-14 12:00:00,88.3500,88.6600,86.8700,87.2700
2026-03-14 16:00:00,87.2700,87.5100,86.4100,86.9000
2026-03-14 20:00:00,86.9000,87.3100,86.5700,86.6700
2026-03-15 00:00:00,86.6700,87.0700,86.5700,86.9500
2026-03-15 04:00:00,86.9600,88.1200,86.8000,87.9900
2026-03-15 08:00:00,88.0000,88.5900,87.5100,87.7900
2026-03-15 12:00:00,87.8000,88.5900,87.7900,88.1700
2026-03-15 16:00:00,88.1800,88.8300,88.0900,88.5100
2026-03-15 20:00:00,88.5100,88.5200,87.3100,87.8600
2026-03-16 00:00:00,87.8600,88.7700,87.4100,88.1400
2026-03-16 04:00:00,88.1300,93.2300,87.9200,92.2800
2026-03-16 08:00:00,92.2800,93.9700,91.1500,93.1400
2026-03-16 12:00:00,93.1400,94.3300,92.9100,93.5400
2026-03-16 16:00:00,93.5400,93.9900,92.5400,93.7100
2026-03-16 20:00:00,93.7100,95.0800,92.3200,93.1400
2026-03-17 00:00:00,93.1300,95.4500,93.0700,95.1800
2026-03-17 04:00:00,95.1700,97.6500,95.0200,96.1400
2026-03-17 08:00:00,96.1400,96.9100,93.6600,94.0200
2026-03-17 12:00:00,94.0200,94.6000,93.1100,94.3800
2026-03-17 16:00:00,94.3800,95.0500,93.2000,93.5900
2026-03-17 20:00:00,93.5900,95.1000,93.1000,93.7600
2026-03-18 00:00:00,93.7700,95.6000,93.6600,94.6000
2026-03-18 04:00:00,94.5900,95.5700,94.3500,94.5700
2026-03-18 08:00:00,94.5700,95.6300,94.0400,94.9900
2026-03-18 12:00:00,95.0000,95.0700,93.6600,93.8900
2026-03-18 16:00:00,93.8900,94.3800,91.7500,91.9500
2026-03-18 20:00:00,91.9600,92.0000,88.5100,89.3100
2026-03-19 00:00:00,89.3100,90.8100,88.5700,89.6500
2026-03-19 04:00:00,89.6600,90.5800,88.9200,90.0200
2026-03-19 08:00:00,90.0200,91.3700,89.7300,90.6900
2026-03-19 12:00:00,90.6900,90.6900,88.5700,89.3700
2026-03-19 16:00:00,89.3700,90.4600,89.0400,89.5800
2026-03-19 20:00:00,89.5900,89.5900,87.1000,87.5800
2026-03-20 00:00:00,87.5700,89.2200,86.7900,88.6800
2026-03-20 04:00:00,88.6700,89.2800,88.3100,88.8400
2026-03-20 08:00:00,88.8400,89.7600,88.8000,89.5300
2026-03-20 12:00:00,89.5300,89.7200,88.4400,89.3100
2026-03-20 16:00:00,89.3200,90.4300,88.5400,89.0800
2026-03-20 20:00:00,89.0800,89.7000,88.4300,88.9000
2026-03-21 00:00:00,88.9000,89.1800,88.0700,88.9500
2026-03-21 04:00:00,88.9500,90.2200,88.6000,89.8000
2026-03-21 08:00:00,89.8100,90.6800,89.6800,90.4100
2026-03-21 12:00:00,90.4100,90.7800,89.8800,90.1000
2026-03-21 16:00:00,90.1000,90.3500,89.7600,89.9100
2026-03-21 20:00:00,89.9000,90.3600,89.3100,89.7800
2026-03-22 00:00:00,89.7700,89.9500,89.3000,89.7300
2026-03-22 04:00:00,89.7400,90.3600,87.0000,87.5000
2026-03-22 08:00:00,87.5000,89.1100,86.1800,88.6100
2026-03-22 12:00:00,88.6000,89.1400,87.6100,87.6500
2026-03-22 16:00:00,87.6500,87.6900,86.7700,86.7900
2026-03-22 20:00:00,86.7900,87.6800,86.7500,87.5300
2026-03-23 00:00:00,87.5300,87.6600,86.4000,86.8300
2026-03-23 04:00:00,86.8300,87.1500,85.0400,86.1500
2026-03-23 08:00:00,86.1500,87.1900,85.3700,86.3700
2026-03-23 12:00:00,86.3700,87.3200,85.0000,85.9400
2026-03-23 16:00:00,85.9400,91.9300,85.1200,88.7400
2026-03-23 20:00:00,88.7400,92.2400,88.2800,89.9100
2026-03-24 00:00:00,89.9000,91.8600,89.3500,91.3400
2026-03-24 04:00:00,91.3400,92.0000,90.9300,91.4000
2026-03-24 08:00:00,91.4000,91.6300,89.9100,90.2900
2026-03-24 12:00:00,90.3000,91.8600,89.9300,91.6700
2026-03-24 16:00:00,91.6800,92.2000,91.0800,91.7100
2026-03-24 20:00:00,91.7100,91.8100,88.6200,89.6700
2026-03-25 00:00:00,89.6800,89.9200,88.3500,88.4600
2026-03-25 04:00:00,88.4600,91.1000,88.4300,90.7500
2026-03-25 08:00:00,90.7600,91.9000,90.6700,91.6600
2026-03-25 12:00:00,91.6600,92.9500,91.5400,91.7700
2026-03-25 16:00:00,91.7800,93.4600,91.7800,92.9400
2026-03-25 20:00:00,92.9500,93.4000,90.9600,91.7200
2026-03-26 00:00:00,91.7200,92.7200,91.3500,91.7200
2026-03-26 04:00:00,91.7200,91.9000,90.9800,91.6500
2026-03-26 08:00:00,91.6500,91.9200,90.5300,91.0100
2026-03-26 12:00:00,91.0200,91.0200,88.7200,89.0400
2026-03-26 16:00:00,89.0300,89.0400,87.3700,87.5100
2026-03-26 20:00:00,87.5100,88.1900,86.6600,87.4700
2026-03-27 00:00:00,87.4700,87.6800,85.3700,85.4100
2026-03-27 04:00:00,85.4100,87.1300,85.3700,86.4700
2026-03-27 08:00:00,86.4700,86.9900,86.1100,86.3600
2026-03-27 12:00:00,86.3700,86.7300,85.6300,85.8600
2026-03-27 16:00:00,85.8700,86.0700,82.5500,83.3000
2026-03-27 20:00:00,83.3100,83.9400,82.3400,83.2400
2026-03-28 00:00:00,83.2500,83.3600,81.7600,82.7300
2026-03-28 04:00:00,82.7300,83.0600,82.3000,83.0300
2026-03-28 08:00:00,83.0300,83.0300,82.1900,82.5400
2026-03-28 12:00:00,82.5400,83.6100,82.3100,83.5400
2026-03-28 16:00:00,83.5500,83.6700,82.6500,82.8900
2026-03-28 20:00:00,82.8900,84.3500,82.5300,83.7500
2026-03-29 00:00:00,83.7500,83.8900,82.9500,83.2200
2026-03-29 04:00:00,83.2200,83.4500,81.6000,82.0000
2026-03-29 08:00:00,82.0100,83.1900,81.7900,82.9300
2026-03-29 12:00:00,82.9300,82.9700,82.1600,82.3800
2026-03-29 16:00:00,82.3900,82.7900,81.9200,82.5200
2026-03-29 20:00:00,82.5200,82.5900,81.2100,81.7600
2026-03-30 00:00:00,81.7500,82.0800,81.0600,81.5600
2026-03-30 04:00:00,81.5500,82.1800,78.7700,81.3400
2026-03-30 08:00:00,81.3400,83.9100,81.0600,83.2400
2026-03-30 12:00:00,83.2400,84.2500,83.2000,83.9800
2026-03-30 16:00:00,83.9800,84.9800,83.4500,84.2100
2026-03-30 20:00:00,84.2100,84.9500,83.6000,84.4500
2026-03-31 00:00:00,84.4500,84.4900,81.9000,82.3200
2026-03-31 04:00:00,82.3200,83.6600,82.0800,82.5100
2026-03-31 08:00:00,82.5100,84.6000,82.0900,83.5700
2026-03-31 12:00:00,83.5700,83.8800,82.6400,83.0500
2026-03-31 16:00:00,83.0600,83.3200,79.8900,80.7800
2026-03-31 20:00:00,80.7900,82.5500,80.3300,80.8300
2026-04-01 00:00:00,80.8300,83.4500,80.8200,82.6700
2026-04-01 04:00:00,82.6700,83.3700,82.2700,83.1500
2026-04-01 08:00:00,83.1600,83.5800,82.4100,83.3900
2026-04-01 12:00:00,83.3800,84.7000,83.2100,83.8000
2026-04-01 16:00:00,83.8000,84.0300,83.0100,83.3100
2026-04-01 20:00:00,83.3000,83.8500,82.3300,83.5800
2026-04-02 00:00:00,83.5800,86.5900,82.9000,83.7900
2026-04-02 04:00:00,83.8000,83.8500,80.7200,81.1400
2026-04-02 08:00:00,81.1400,81.7200,78.2200,78.9400
2026-04-02 12:00:00,78.9400,79.6300,78.5500,79.5900
2026-04-02 16:00:00,79.5900,79.5900,78.1100,78.2700
2026-04-02 20:00:00,78.2800,79.6700,76.6300,79.0100
2026-04-03 00:00:00,79.0100,79.8600,78.3800,78.9500
2026-04-03 04:00:00,78.9500,79.3300,78.5800,78.9100
2026-04-03 08:00:00,78.9100,79.7700,78.8000,78.9700
2026-04-03 12:00:00,78.9600,80.1500,78.9500,79.9000
2026-04-03 16:00:00,79.9000,80.4300,79.5800,80.1300
2026-04-03 20:00:00,80.1200,80.9000,79.1100,80.3000
2026-04-04 00:00:00,80.3000,80.6400,79.8200,80.1600
2026-04-04 04:00:00,80.1600,80.6500,79.9000,80.3500
2026-04-04 08:00:00,80.3500,80.3700,79.9700,80.1300
2026-04-04 12:00:00,80.1200,80.5000,80.0600,80.2700
2026-04-04 16:00:00,80.2600,80.3500,79.8500,80.1400
2026-04-04 20:00:00,80.1500,81.6400,79.5300,81.0500
2026-04-05 00:00:00,81.0500,81.3000,80.5600,80.8000
2026-04-05 04:00:00,80.8000,81.0200,80.5600,80.7900
2026-04-05 08:00:00,80.7900,80.8100,80.2800,80.5100
2026-04-05 12:00:00,80.5000,80.5200,79.3000,79.5500
2026-04-05 16:00:00,79.5400,80.2000,79.4700,79.8600
2026-04-05 20:00:00,79.8700,80.3100,78.4500,79.5500
2026-04-06 00:00:00,79.5600,80.1900,79.3200,79.7700
2026-04-06 04:00:00,79.7700,82.1100,79.0400,81.8500
2026-04-06 08:00:00,81.8600,82.9500,81.6200,82.0700
2026-04-06 12:00:00,82.0700,82.3700,80.9100,81.7700
2026-04-06 16:00:00,81.7600,83.1800,81.6500,82.3900
2026-04-06 20:00:00,82.4000,82.8000,81.6700,82.2400
2026-04-07 00:00:00,82.2500,82.4500,81.1300,81.8600
2026-04-07 04:00:00,81.8600,82.1000,79.5200,79.9600
2026-04-07 08:00:00,79.9600,80.1700,79.3000,79.7300
2026-04-07 12:00:00,79.7300,80.1100,79.2300,79.8100
2026-04-07 16:00:00,79.8200,80.5500,78.8300,79.1700
2026-04-07 20:00:00,79.1700,79.3400,78.3000,78.8200
2026-04-08 00:00:00,78.8200,81.8400,78.6000,81.5800
2026-04-08 04:00:00,81.5800,87.1900,81.5800,85.5400
2026-04-08 08:00:00,85.5300,85.8900,84.2300,84.5300
2026-04-08 12:00:00,84.5400,85.0100,83.8500,84.4700
2026-04-08 16:00:00,84.4800,84.9500,84.1100,84.4200
2026-04-08 20:00:00,84.4200,84.9600,82.4700,83.2900
2026-04-09 00:00:00,83.2900,84.1700,82.7400,83.1500
2026-04-09 04:00:00,83.1500,83.5800,82.1700,82.5200
2026-04-09 08:00:00,82.5200,82.6300,81.6500,81.9700
2026-04-09 12:00:00,81.9700,82.4400,81.7000,82.2300
2026-04-09 16:00:00,82.2400,82.6800,81.9800,82.1400
2026-04-09 20:00:00,82.1300,83.8900,81.3600,83.6900
2026-04-10 00:00:00,83.7000,84.6700,82.8700,84.1200
2026-04-10 04:00:00,84.1100,85.9300,83.1000,83.2900
2026-04-10 08:00:00,83.2900,83.7400,82.6300,82.8400
2026-04-10 12:00:00,82.8400,83.5500,82.8200,82.9200
2026-04-10 16:00:00,82.9300,83.7300,82.6600,83.4800
2026-04-10 20:00:00,83.4900,85.5700,83.3100,84.2000
2026-04-11 00:00:00,84.2000,85.4400,84.0800,85.4100
2026-04-11 04:00:00,85.4100,85.6600,84.6000,84.7800
2026-04-11 08:00:00,84.7800,84.8900,84.2200,84.3500
2026-04-11 12:00:00,84.3500,84.5700,83.8200,84.2300
2026-04-11 16:00:00,84.2300,84.7600,83.7500,84.1800
2026-04-11 20:00:00,84.1800,84.8400,83.7800,84.6300
2026-04-12 00:00:00,84.6200,86.2300,84.5600,85.9900
2026-04-12 04:00:00,85.9900,86.1400,84.4500,84.8900
2026-04-12 08:00:00,84.8900,84.9700,81.8300,82.2700
2026-04-12 12:00:00,82.2700,82.4400,82.0100,82.2300
2026-04-12 16:00:00,82.2400,82.3600,81.8800,82.1500
2026-04-12 20:00:00,82.1500,82.5000,81.2400,81.5500
2026-04-13 00:00:00,81.5400,82.2900,81.4800,81.9300
2026-04-13 04:00:00,81.9300,82.8600,81.2300,81.4900
2026-04-13 08:00:00,81.4800,82.4000,81.3500,81.8600
2026-04-13 12:00:00,81.8700,82.5800,81.4800,82.1200
2026-04-13 16:00:00,82.1200,82.2500,81.6100,81.8200
2026-04-13 20:00:00,81.8200,83.9500,81.7700,82.6200
2026-04-14 00:00:00,82.6200,84.2300,82.3100,84.0700
2026-04-14 04:00:00,84.0700,86.8000,83.7700,86.5000
2026-04-14 08:00:00,86.4900,86.7300,85.6500,86.0300
2026-04-14 12:00:00,86.0300,86.1700,85.4000,85.8700
2026-04-14 16:00:00,85.8600,86.5200,85.5600,85.7500
2026-04-14 20:00:00,85.7400,87.6400,85.1700,85.9200
2026-04-15 00:00:00,85.9200,86.1300,83.6600,83.9100
2026-04-15 04:00:00,83.9100,84.1100,83.2600,83.6600
2026-04-15 08:00:00,83.6600,84.0100,83.0700,83.4000
2026-04-15 12:00:00,83.4000,83.7400,82.6000,82.8800
2026-04-15 16:00:00,82.8800,83.6500,82.6800,83.5400
2026-04-15 20:00:00,83.5500,84.4700,83.1400,83.9400
2026-04-16 00:00:00,83.9500,85.8100,83.8600,85.4800
2026-04-16 04:00:00,85.4800,85.5900,84.1600,84.8500
2026-04-16 08:00:00,84.8600,85.5600,84.4200,85.2600
2026-04-16 12:00:00,85.2500,85.6100,84.9300,85.1500
2026-04-16 16:00:00,85.1600,85.4700,84.5600,85.0200
2026-04-16 20:00:00,85.0300,87.1100,83.7000,86.5700
2026-04-17 00:00:00,86.5800,90.1400,85.5800,90.0700
2026-04-17 04:00:00,90.0600,90.5800,88.6800,89.0300
2026-04-17 08:00:00,89.0200,89.1500,87.4300,87.6700
2026-04-17 12:00:00,87.6700,88.4400,87.3000,88.0900
2026-04-17 16:00:00,88.1000,89.4800,87.2600,88.1500
2026-04-17 20:00:00,88.1600,90.7100,87.8500,89.9100
2026-04-18 00:00:00,89.9100,90.5800,88.8400,89.1800
2026-04-18 04:00:00,89.1700,89.4300,88.4200,88.7100
2026-04-18 08:00:00,88.7100,89.1100,88.1700,88.2700
2026-04-18 12:00:00,88.2700,88.6000,88.1000,88.3900
2026-04-18 16:00:00,88.4000,88.4500,86.2200,86.4900
2026-04-18 20:00:00,86.4800,86.9200,86.3500,86.7000
2026-04-19 00:00:00,86.7000,86.9300,85.7100,86.0700
2026-04-19 04:00:00,86.0600,86.4200,85.8600,86.1100
2026-04-19 08:00:00,86.1000,86.3300,85.1800,85.5500
2026-04-19 12:00:00,85.5500,85.9200,84.2800,84.8200
2026-04-19 16:00:00,84.8100,85.6700,84.3800,85.5400
2026-04-19 20:00:00,85.5500,87.0800,85.4900,86.3200
2026-04-20 00:00:00,86.3100,86.4600,84.8200,85.2800
2026-04-20 04:00:00,85.2700,85.3100,82.7700,83.4100
2026-04-20 08:00:00,83.4200,84.5800,83.2700,84.5300
2026-04-20 12:00:00,84.5300,85.7400,83.7000,84.6900
2026-04-20 16:00:00,84.7000,85.3700,84.5100,85.0000
2026-04-20 20:00:00,85.0100,85.8500,84.3500,85.8200
2026-04-21 00:00:00,85.8200,86.1900,85.2100,85.7500
2026-04-21 04:00:00,85.7500,86.1800,85.1700,85.2400
2026-04-21 08:00:00,85.2500,85.7900,84.9500,85.1400
2026-04-21 12:00:00,85.1300,85.9300,84.9700,85.6500
2026-04-21 16:00:00,85.6600,86.4700,85.4600,85.7900
2026-04-21 20:00:00,85.7900,86.8700,85.1200,86.0000
2026-04-22 00:00:00,86.0000,86.2400,84.2600,84.5300
2026-04-22 04:00:00,84.5200,86.1100,84.4000,86.0000
2026-04-22 08:00:00,86.0100,87.8600,85.9700,87.2100
2026-04-22 12:00:00,87.2200,88.3300,86.9300,88.0400
2026-04-22 16:00:00,88.0400,88.8800,87.5700,88.2900
2026-04-22 20:00:00,88.2900,89.2900,87.9800,88.1300
2026-04-23 00:00:00,88.1200,88.4200,87.0500,87.3400
2026-04-23 04:00:00,87.3400,87.6900,86.7500,86.8300
2026-04-23 08:00:00,86.8300,87.1100,85.4200,85.7200
2026-04-23 12:00:00,85.7300,86.1800,85.4500,85.8500
2026-04-23 16:00:00,85.8500,85.8900,85.1300,85.7600
2026-04-23 20:00:00,85.7600,86.6100,85.5000,86.3000
2026-04-24 00:00:00,86.3100,86.3800,84.4200,85.2400
2026-04-24 04:00:00,85.2300,86.2100,85.2200,86.0800
2026-04-24 08:00:00,86.0800,86.3200,85.3300,85.6300
2026-04-24 12:00:00,85.6400,85.7900,85.1000,85.4500
2026-04-24 16:00:00,85.4500,86.2400,84.7900,86.1400
2026-04-24 20:00:00,86.1400,86.7500,85.4600,86.4600
2026-04-25 00:00:00,86.4700,86.5600,85.8700,86.2900
2026-04-25 04:00:00,86.2800,86.9200,86.0200,86.1300
2026-04-25 08:00:00,86.1300,86.4500,85.9800,86.4200
2026-04-25 12:00:00,86.4100,86.6300,86.0700,86.3100
2026-04-25 16:00:00,86.3100,86.7700,86.1900,86.3000
2026-04-25 20:00:00,86.3000,86.6300,86.0800,86.1700
2026-04-26 00:00:00,86.1800,86.2700,85.4800,85.6200
2026-04-26 04:00:00,85.6300,86.1300,85.5500,86.1300
2026-04-26 08:00:00,86.1300,86.4400,85.7800,85.9400
2026-04-26 12:00:00,85.9400,86.7000,85.8900,86.5900
2026-04-26 16:00:00,86.5900,86.7300,86.3800,86.4600
2026-04-26 20:00:00,86.4500,86.5400,85.8300,86.5000
2026-04-27 00:00:00,86.5000,87.4200,86.2200,86.8400
2026-04-27 04:00:00,86.8400,87.2900,86.0600,86.8700
2026-04-27 08:00:00,86.8800,88.0800,86.5000,87.6900
2026-04-27 12:00:00,87.6900,87.8100,85.2000,85.2100
2026-04-27 16:00:00,85.2100,85.5800,84.9400,85.1900
2026-04-27 20:00:00,85.1900,85.8100,83.5600,84.0900
2026-04-28 00:00:00,84.1000,84.6600,83.7600,84.1200
2026-04-28 04:00:00,84.1100,84.8800,84.0400,84.7800
2026-04-28 08:00:00,84.7800,84.8900,83.8500,84.1200
2026-04-28 12:00:00,84.1300,84.4200,83.5800,83.9600
2026-04-28 16:00:00,83.9600,84.1500,83.2100,83.3600
2026-04-28 20:00:00,83.3500,84.0400,82.9100,83.4300
2026-04-29 00:00:00,83.4200,83.9900,83.2700,83.8500
2026-04-29 04:00:00,83.8500,84.1500,83.5300,84.0200
2026-04-29 08:00:00,84.0200,84.7100,83.7500,84.5500
2026-04-29 12:00:00,84.5400,85.0400,84.3900,84.6600
2026-04-29 16:00:00,84.6700,85.5300,84.3000,84.8700
2026-04-29 20:00:00,84.8700,84.8700,82.9100,83.2000
2026-04-30 00:00:00,83.2000,83.5900,81.3100,82.1300
2026-04-30 04:00:00,82.1300,83.2000,82.0900,83.0100
2026-04-30 08:00:00,83.0200,83.9900,82.6400,83.0200
2026-04-30 12:00:00,83.0200,83.3600,82.1000,83.3200
2026-04-30 16:00:00,83.3100,83.5500,82.7500,82.9800
2026-04-30 20:00:00,82.9700,83.8000,82.6300,83.3000
2026-05-01 00:00:00,83.3000,83.4000,82.8200,82.9900
2026-05-01 04:00:00,82.9900,83.1600,82.7400,83.0400
2026-05-01 08:00:00,83.0400,84.3700,83.0200,83.8500
2026-05-01 12:00:00,83.8500,84.2000,83.6200,83.9000
2026-05-01 16:00:00,83.9100,84.2800,83.6700,83.9800
2026-05-01 20:00:00,83.9700,84.8200,83.8100,84.4200
2026-05-02 00:00:00,84.4200,84.6000,83.7500,83.8600
2026-05-02 04:00:00,83.8500,83.9000,83.2800,83.7000
2026-05-02 08:00:00,83.7000,84.1600,83.3900,83.7600
2026-05-02 12:00:00,83.7600,83.8200,83.4800,83.6700
2026-05-02 16:00:00,83.6800,84.1100,83.4700,83.6400
2026-05-02 20:00:00,83.6400,84.0500,83.6200,83.9900
2026-05-03 00:00:00,83.9900,84.2800,83.8900,84.1900
2026-05-03 04:00:00,84.1800,84.9600,84.0100,84.2300
2026-05-03 08:00:00,84.2300,84.2700,83.5300,83.6100
2026-05-03 12:00:00,83.6100,83.9700,83.5200,83.8200
2026-05-03 16:00:00,83.8300,84.1600,83.6800,83.9000
2026-05-03 20:00:00,83.9100,84.4100,83.9100,84.1200
2026-05-04 00:00:00,84.1100,84.4700,83.9500,84.3400
2026-05-04 04:00:00,84.3300,84.9500,83.8000,83.8700
2026-05-04 08:00:00,83.8600,85.6200,83.2900,85.3800
2026-05-04 12:00:00,85.3800,85.8800,84.4600,84.8400
2026-05-04 16:00:00,84.8400,85.1600,83.1800,83.9000
2026-05-04 20:00:00,83.9000,85.3000,83.5100,84.4500
2026-05-05 00:00:00,84.4500,85.1700,83.9300,84.4300
2026-05-05 04:00:00,84.4200,84.5200,83.9600,84.0500
2026-05-05 08:00:00,84.0500,84.9400,83.9800,84.7300
2026-05-05 12:00:00,84.7200,85.1000,84.5200,84.8300
2026-05-05 16:00:00,84.8300,84.9700,84.3900,84.9300
2026-05-05 20:00:00,84.9300,86.0800,84.8600,85.4700
2026-05-06 00:00:00,85.4600,86.5300,85.0100,86.4700
2026-05-06 04:00:00,86.4600,86.9600,86.1200,86.2400
2026-05-06 08:00:00,86.2400,87.4400,86.0600,87.2900
2026-05-06 12:00:00,87.2800,87.8700,86.6100,87.6500
2026-05-06 16:00:00,87.6600,90.1300,87.6000,89.8300
2026-05-06 20:00:00,89.8400,89.9400,87.4300,88.9200
2026-05-07 00:00:00,88.9100,89.4800,88.4200,89.2100
2026-05-07 04:00:00,89.2100,89.5800,88.6100,89.1000
2026-05-07 08:00:00,89.1100,89.2300,87.4700,87.7200
2026-05-07 12:00:00,87.7200,90.4000,87.6400,90.1200
2026-05-07 16:00:00,90.1200,90.2300,88.6600,89.5000
2026-05-07 20:00:00,89.5000,90.0600,87.7500,88.2800
2026-05-08 00:00:00,88.2700,89.0200,87.9100,88.4100
2026-05-08 04:00:00,88.4100,88.8200,87.6100,88.4000
2026-05-08 08:00:00,88.4000,88.6100,87.5600,88.1700
2026-05-08 12:00:00,88.1700,88.3900,87.6000,88.2000
2026-05-08 16:00:00,88.2000,88.7300,87.9600,88.5900
2026-05-08 20:00:00,88.5900,89.5600,87.9500,89.5500
2026-05-09 00:00:00,89.5500,92.7800,89.2900,92.5600
2026-05-09 04:00:00,92.5700,92.6800,91.7100,91.9700
2026-05-09 08:00:00,91.9600,93.8000,91.8000,93.5900
2026-05-09 12:00:00,93.5800,94.1600,92.7800,93.7100
2026-05-09 16:00:00,93.7100,93.9100,92.9700,93.5600
2026-05-09 20:00:00,93.5700,93.7000,92.3200,92.9400
2026-05-10 00:00:00,92.9500,93.6000,92.6200,93.4500
2026-05-10 04:00:00,93.4600,93.5000,92.9900,93.0700
2026-05-10 08:00:00,93.0600,93.4600,92.5400,93.3700
2026-05-10 12:00:00,93.3600,93.5900,93.1800,93.3900
2026-05-10 16:00:00,93.3900,94.7800,92.7800,93.4800
2026-05-10 20:00:00,93.4900,94.7000,93.1200,94.4800
2026-05-11 00:00:00,94.4900,96.8800,94.1200,96.4500
2026-05-11 04:00:00,96.4400,96.8300,93.3700,96.4200
2026-05-11 08:00:00,96.4200,96.6300,94.4100,94.7200
2026-05-11 12:00:00,94.7200,96.1200,94.3700,95.2900
2026-05-11 16:00:00,95.2900,95.5500,94.5200,95.2100
2026-05-11 20:00:00,95.2200,96.7800,94.2500,96.7600
2026-05-12 00:00:00,96.7700,98.3600,96.4400,98.1300
2026-05-12 04:00:00,98.1300,98.3400,97.0300,97.3100
2026-05-12 08:00:00,97.3200,97.6300,95.4700,96.0900
2026-05-12 12:00:00,96.0900,96.9600,95.7400,95.9800
2026-05-12 16:00:00,95.9800,96.0900,94.5200,94.9200
2026-05-12 20:00:00,94.9200,95.5200,93.5600,93.8200
2026-05-13 00:00:00,93.8200,94.9700,93.5500,94.8800
2026-05-13 04:00:00,94.8900,95.0200,94.1600,94.2500
2026-05-13 08:00:00,94.2500,95.5400,94.0000,95.5200
2026-05-13 12:00:00,95.5200,95.9700,94.8200,95.0900
2026-05-13 16:00:00,95.0900,95.8400,94.1800,94.2700
2026-05-13 20:00:00,94.2700,94.5800,90.2000,90.3700
2026-05-14 00:00:00,90.3800,91.3600,90.3400,90.9000
2026-05-14 04:00:00,90.9000,91.2900,90.5700,91.1100
2026-05-14 08:00:00,91.1100,91.3800,89.7300,89.8900
2026-05-14 12:00:00,89.8900,91.6500,89.8100,90.8300
2026-05-14 16:00:00,90.8300,91.2600,90.5200,90.5800
2026-05-14 20:00:00,90.5800,93.2100,90.4600,93.1000
2026-05-15 00:00:00,93.1100,93.6400,92.2400,92.8500
2026-05-15 04:00:00,92.8600,92.9500,92.0700,92.1100
2026-05-15 08:00:00,92.1100,92.6200,91.4100,92.0000
2026-05-15 12:00:00,92.0000,92.0000,90.2100,91.5600
2026-05-15 16:00:00,91.5700,91.6100,90.8700,91.2100
2026-05-15 20:00:00,91.2100,91.2300,88.4700,89.0000
2026-05-16 00:00:00,89.0100,90.0700,88.7500,89.3600
2026-05-16 04:00:00,89.3600,89.4800,88.9200,89.2000
2026-05-16 08:00:00,89.1900,89.4200,88.9000,89.0100
2026-05-16 12:00:00,89.0000,89.0400,86.6200,87.4200
2026-05-16 16:00:00,87.4100,87.5800,85.4400,86.0400
2026-05-16 20:00:00,86.0400,86.6700,85.9400,86.4200
2026-05-17 00:00:00,86.4200,86.9200,86.3000,86.6500
2026-05-17 04:00:00,86.6400,86.8500,86.3800,86.4800
2026-05-17 08:00:00,86.4800,86.6800,85.5100,86.4600
2026-05-17 12:00:00,86.4700,87.2500,86.4100,86.9200
2026-05-17 16:00:00,86.9200,87.2200,86.5100,86.8400
2026-05-17 20:00:00,86.8400,86.9700,85.8900,86.3900
2026-05-18 00:00:00,86.4000,86.9000,85.9400,86.7400
2026-05-18 04:00:00,86.7500,86.9200,83.3100,85.1700
2026-05-18 08:00:00,85.1800,85.4300,84.3100,84.7900
2026-05-18 12:00:00,84.7900,85.3300,84.2100,84.7000
2026-05-18 16:00:00,84.7100,85.2800,84.0200,84.9300
2026-05-18 20:00:00,84.9300,85.7500,83.5500,84.1700
2026-05-19 00:00:00,84.1800,85.2000,83.4300,84.9500
2026-05-19 04:00:00,84.9600,85.7400,84.7300,85.3400
2026-05-19 08:00:00,85.3400,85.9400,84.5500,85.0300
2026-05-19 12:00:00,85.0300,85.5900,84.4100,85.4300
2026-05-19 16:00:00,85.4400,85.5500,84.2100,84.3200
2026-05-19 20:00:00,84.3200,85.0700,83.6200,84.3300
2026-05-20 00:00:00,84.3300,85.0000,84.0900,84.3000
2026-05-20 04:00:00,84.3000,84.6200,83.9300,84.2400
2026-05-20 08:00:00,84.2500,84.5000,83.7900,84.0500
2026-05-20 12:00:00,84.0600,85.0900,83.8300,84.7100
2026-05-20 16:00:00,84.7100,85.1600,84.5200,84.6500
2026-05-20 20:00:00,84.6500,86.2400,84.1100,85.8900
2026-05-21 00:00:00,85.8900,87.0500,85.4800,86.1300
2026-05-21 04:00:00,86.1300,86.3000,85.5000,86.1100
2026-05-21 08:00:00,86.1100,87.0000,86.0400,86.8000
2026-05-21 12:00:00,86.8000,87.1700,86.1400,86.5800
2026-05-21 16:00:00,86.5800,87.1600,85.5200,85.5400
2026-05-21 20:00:00,85.5400,86.8600,85.2600,86.4100
2026-05-22 00:00:00,86.4200,88.0200,86.0000,87.8000
2026-05-22 04:00:00,87.8100,87.9000,86.9600,87.3200
2026-05-22 08:00:00,87.3100,87.3200,86.5300,86.9800
2026-05-22 12:00:00,86.9900,87.3400,86.4500,86.9400
2026-05-22 16:00:00,86.9400,87.4800,86.6700,87.2900
2026-05-22 20:00:00,87.2900,87.8200,86.2100,86.7100
2026-05-23 00:00:00,86.7100,87.1500,83.9100,84.5100
2026-05-23 04:00:00,84.5100,85.2600,83.9200,84.3600
2026-05-23 08:00:00,84.3600,84.7100,84.0100,84.6400
2026-05-23 12:00:00,84.6300,84.6600,81.3600,82.1900
2026-05-23 16:00:00,82.1900,82.4000,81.6300,82.2000
2026-05-23 20:00:00,82.2100,84.4900,82.0700,84.0500
2026-05-24 00:00:00,84.0500,85.1000,83.8700,84.9100
2026-05-24 04:00:00,84.9100,87.5100,84.7200,85.7100
2026-05-24 08:00:00,85.7200,86.1900,85.5600,85.7600
2026-05-24 12:00:00,85.7700,86.7700,85.5300,86.0200
2026-05-24 16:00:00,86.0300,87.2300,85.9600,86.6100
2026-05-24 20:00:00,86.6200,86.6500,84.3800,85.2600
2026-05-25 00:00:00,85.2600,85.8900,85.1300,85.3200
2026-05-25 04:00:00,85.3200,85.4800,83.6200,85.2300
2026-05-25 08:00:00,85.2200,85.7200,84.7200,84.8800
2026-05-25 12:00:00,84.8900,86.1500,84.8600,85.9100
2026-05-25 16:00:00,85.9200,86.2000,85.6600,85.7400
2026-05-25 20:00:00,85.7300,86.4900,85.6200,86.2100
2026-05-26 00:00:00,86.2100,86.4100,85.4600,85.6000
2026-05-26 04:00:00,85.5900,85.8500,84.6400,85.0100
2026-05-26 08:00:00,85.0100,85.0400,83.7800,84.1600
2026-05-26 12:00:00,84.1600,84.9300,83.9500,84.3000
2026-05-26 16:00:00,84.3100,85.7800,84.2500,85.1900
2026-05-26 20:00:00,85.1800,86.1000,83.9600,84.4400
2026-05-27 00:00:00,84.4400,84.5200,83.0800,83.7300
2026-05-27 04:00:00,83.7400,83.9200,83.4700,83.6600
2026-05-27 08:00:00,83.6700,84.1500,83.4200,83.5700
2026-05-27 12:00:00,83.5700,84.1700,82.6800,84.1700
2026-05-27 16:00:00,84.1600,84.3800,83.5600,83.8900
2026-05-27 20:00:00,83.8800,84.8200,82.9100,84.3900
2026-05-28 00:00:00,84.3900,84.7200,83.1100,83.8900
2026-05-28 04:00:00,83.8900,84.1000,82.0500,82.3800
2026-05-28 08:00:00,82.3700,82.7100,80.4500,80.6600
2026-05-28 12:00:00,80.6600,81.2400,79.9100,81.1900
2026-05-28 16:00:00,81.2000,81.2800,80.5400,80.8300
2026-05-28 20:00:00,80.8200,81.6400,79.9200,81.1000
2026-05-29 00:00:00,81.1000,82.9800,80.8800,82.1400
2026-05-29 04:00:00,82.1400,82.6600,81.7200,82.0700
2026-05-29 08:00:00,82.0700,82.4400,81.4300,81.5900
2026-05-29 12:00:00,81.5900,82.4600,81.3300,82.1800
2026-05-29 16:00:00,82.1800,82.6000,81.4700,81.7300
2026-05-29 20:00:00,81.7300,83.2300,80.3000,82.5400
2026-05-30 00:00:00,82.5400,83.2100,81.5300,82.0300
2026-05-30 04:00:00,82.0200,82.3700,81.5800,81.9800
2026-05-30 08:00:00,81.9800,83.0600,81.8900,82.6400
2026-05-30 12:00:00,82.6300,82.8400,81.7900,82.3400
2026-05-30 16:00:00,82.3400,82.5100,82.1400,82.2800
2026-05-30 20:00:00,82.2800,82.8900,82.2000,82.6500
2026-05-31 00:00:00,82.6500,83.1100,82.5800,82.9400
2026-05-31 04:00:00,82.9500,83.1300,82.4000,82.6900
2026-05-31 08:00:00,82.6900,83.3700,82.5700,83.1800
2026-05-31 12:00:00,83.1800,83.2600,82.4600,82.6100
2026-05-31 16:00:00,82.6200,83.0200,82.4300,82.7100
2026-05-31 20:00:00,82.7100,83.0900,81.6900,81.8300
2026-06-01 00:00:00,81.8300,81.9900,81.2800,81.5400
2026-06-01 04:00:00,81.5500,82.9100,81.5500,82.3900
2026-06-01 08:00:00,82.4000,83.0800,81.5700,82.5900
2026-06-01 12:00:00,82.5900,82.7400,80.5700,80.6700
2026-06-01 16:00:00,80.6700,81.2400,80.3800,80.7800
2026-06-01 20:00:00,80.7800,81.0400,79.1500,79.5600
2026-06-02 00:00:00,79.5700,81.3000,79.0600,81.1600
2026-06-02 04:00:00,81.1600,81.6600,80.2800,81.2500
2026-06-02 08:00:00,81.2500,81.2700,79.3600,80.8800
2026-06-02 12:00:00,80.8800,80.9900,79.0900,79.6300
2026-06-02 16:00:00,79.6300,79.7700,78.7100,78.8900
2026-06-02 20:00:00,78.8900,79.1900,75.4400,76.3200
2026-06-03 00:00:00,76.3300,77.6300,74.3700,75.4700
2026-06-03 04:00:00,75.4700,76.0300,72.6700,74.1800
2026-06-03 08:00:00,74.1800,75.0800,72.2100,72.6600
2026-06-03 12:00:00,72.6600,75.3900,72.6400,75.2100
2026-06-03 16:00:00,75.2100,75.6700,74.6600,75.0900
2026-06-03 20:00:00,75.0900,75.3400,73.1700,73.2400
2026-06-04 00:00:00,73.2500,74.0600,71.6300,71.9400
2026-06-04 04:00:00,71.9400,73.1400,70.8400,71.5800
2026-06-04 08:00:00,71.5700,72.0600,66.5900,71.4200
2026-06-04 12:00:00,71.4100,71.7400,69.0800,69.1000
2026-06-04 16:00:00,69.1100,69.4100,67.3200,68.6300
2026-06-04 20:00:00,68.6300,70.6000,68.2700,69.6100
2026-06-05 00:00:00,69.6100,69.8600,68.4400,69.0500
2026-06-05 04:00:00,69.0400,69.1000,67.5100,68.8200
2026-06-05 08:00:00,68.8100,69.0600,66.8800,67.0500
2026-06-05 12:00:00,67.0500,68.0500,63.7400,66.1100
2026-06-05 16:00:00,66.1200,66.7500,65.0200,66.0400
2026-06-05 20:00:00,66.0300,66.7900,63.7300,64.2000
2026-06-06 00:00:00,64.2000,66.0400,61.4000,63.3800
2026-06-06 04:00:00,63.3900,65.3800,62.6000,63.6000
2026-06-06 08:00:00,63.6000,64.8200,62.5200,62.7900
2026-06-06 12:00:00,62.7900,63.3100,60.0300,62.7500
2026-06-06 16:00:00,62.7500,63.5800,61.1300,62.4000
2026-06-06 20:00:00,62.4000,63.0600,61.2600,62.0100
2026-06-07 00:00:00,62.0100,62.3800,61.3300,61.5900
2026-06-07 04:00:00,61.5900,62.3400,61.3100,62.1600
2026-06-07 08:00:00,62.1600,64.1800,61.9100,63.7700
2026-06-07 12:00:00,63.7700,64.9700,63.2500,64.8700
2026-06-07 16:00:00,64.8600,66.0700,64.3500,64.9700
2026-06-07 20:00:00,64.9600,65.3100,63.5800,64.9300
2026-06-08 00:00:00,64.9300,65.5800,63.5600,63.8900
2026-06-08 04:00:00,63.8800,67.9000,63.6700,66.4500
2026-06-08 08:00:00,66.4600,67.0700,65.3300,66.3000
2026-06-08 12:00:00,66.3100,66.3700,64.9200,66.0600
2026-06-08 16:00:00,66.0600,67.0300,65.4000,66.6500
2026-06-08 20:00:00,66.6500,67.7800,65.9500,67.1400
2026-06-09 00:00:00,67.1500,67.7900,66.5000,67.4400
2026-06-09 04:00:00,67.4400,68.1600,66.6100,66.7900
2026-06-09 08:00:00,66.7800,66.8500,65.2300,65.9700
2026-06-09 12:00:00,65.9700,67.4500,65.7800,66.8500
2026-06-09 16:00:00,66.8600,66.9000,65.8400,66.0700
2026-06-09 20:00:00,66.0700,66.4900,64.2200,64.2900
2026-06-10 00:00:00,64.2800,65.6300,63.5000,65.3800
2026-06-10 04:00:00,65.3800,65.6800,64.6400,64.9200
2026-06-10 08:00:00,64.9300,65.2700,64.2000,64.4800
2026-06-10 12:00:00,64.4700,64.7400,63.7800,64.4500
2026-06-10 16:00:00,64.4600,64.4800,62.9100,63.4700
2026-06-10 20:00:00,63.4700,65.7400,63.2600,65.4000
2026-06-11 00:00:00,65.4100,65.4400,63.3100,63.5200
2026-06-11 04:00:00,63.5100,63.6200,62.2900,63.1600
2026-06-11 08:00:00,63.1600,65.4500,63.1500,65.2300
2026-06-11 12:00:00,65.2300,65.4100,64.7300,65.0200
2026-06-11 16:00:00,65.0100,66.3000,64.9800,65.8500
2026-06-11 20:00:00,65.8500,65.8900,64.8500,65.5100
2026-06-12 00:00:00,65.5100,67.3600,65.0000,66.8800
2026-06-12 04:00:00,66.8800,67.1000,66.3100,66.8800
2026-06-12 08:00:00,66.8700,67.2600,66.3700,66.9900
2026-06-12 12:00:00,66.9800,67.2100,65.8800,66.2800
2026-06-12 16:00:00,66.2900,67.4800,66.2800,66.8900
2026-06-12 20:00:00,66.8900,68.7800,66.3300,67.2000
2026-06-13 00:00:00,67.1900,68.1800,66.6500,66.7400
2026-06-13 04:00:00,66.7500,66.9100,66.4100,66.7900
2026-06-13 08:00:00,66.7900,67.4900,66.6500,66.8400
2026-06-13 12:00:00,66.8300,67.4500,66.5500,67.3400
2026-06-13 16:00:00,67.3300,67.9300,67.2200,67.8700
2026-06-13 20:00:00,67.8700,68.6800,67.7400,68.5500
2026-06-14 00:00:00,68.5600,68.5900,67.7700,68.1900
2026-06-14 04:00:00,68.1800,69.5500,68.0000,68.8800
2026-06-14 08:00:00,68.8800,69.0700,68.5800,68.9000
2026-06-14 12:00:00,68.9100,68.9800,67.9800,68.1800
2026-06-14 16:00:00,68.1900,68.4800,67.8600,68.0600
2026-06-14 20:00:00,68.0600,68.1200,66.8900,67.3900
2026-06-15 00:00:00,67.3800,67.7200,67.1400,67.5200
2026-06-15 04:00:00,67.5300,71.2500,67.4000,71.2400
2026-06-15 08:00:00,71.2400,71.6900,70.6200,71.1900
2026-06-15 12:00:00,71.1900,71.4800,70.7500,71.2300
2026-06-15 16:00:00,71.2300,72.8400,70.7200,72.5600
2026-06-15 20:00:00,72.5600,75.2200,72.2500,75.2100
2026-06-16 00:00:00,75.2200,76.0600,74.5200,75.2400
2026-06-16 04:00:00,75.2300,75.4100,73.5700,73.9300
2026-06-16 08:00:00,73.9400,74.3800,72.7300,73.7000
2026-06-16 12:00:00,73.7000,74.5000,73.1500,74.4100
2026-06-16 16:00:00,74.4100,75.6300,74.3000,74.6300
2026-06-16 20:00:00,74.6300,75.5100,72.2900,73.2500
2026-06-17 00:00:00,73.2400,74.3200,72.9600,73.8000
2026-06-17 04:00:00,73.8000,74.2300,73.3600,73.4900
2026-06-17 08:00:00,73.4900,74.4400,73.1100,73.6400
2026-06-17 12:00:00,73.6400,74.0800,72.9300,73.2200
2026-06-17 16:00:00,73.2300,73.2600,71.6600,71.9800
2026-06-17 20:00:00,71.9900,73.8300,71.5400,73.7600
2026-06-18 00:00:00,73.7600,74.6600,71.3600,71.6100
2026-06-18 04:00:00,71.6200,72.2100,70.7600,72.0000
2026-06-18 08:00:00,72.0100,72.6400,71.4900,71.6100
2026-06-18 12:00:00,71.6100,71.8000,70.5900,71.7300
2026-06-18 16:00:00,71.7400,72.1200,70.6700,70.9000
2026-06-18 20:00:00,70.8900,71.7600,68.3200,68.4200
2026-06-19 00:00:00,68.4100,69.5100,68.2000,69.3400
2026-06-19 04:00:00,69.3500,69.9400,69.2100,69.6900
2026-06-19 08:00:00,69.6800,70.0600,68.5300,69.0200
2026-06-19 12:00:00,69.0100,69.2400,67.9300,68.3400
2026-06-19 16:00:00,68.3500,68.7200,68.0200,68.2100
2026-06-19 20:00:00,68.2100,69.5500,67.8600,69.2900
2026-06-20 00:00:00,69.2800,69.5300,68.5700,68.9200
2026-06-20 04:00:00,68.9300,69.8400,68.6800,69.6900
2026-06-20 08:00:00,69.6900,70.0900,69.4400,69.9700
2026-06-20 12:00:00,69.9600,72.4500,69.8500,71.5500
2026-06-20 16:00:00,71.5400,72.0600,71.1500,71.7400
2026-06-20 20:00:00,71.7300,72.6200,70.4200,72.0000
2026-06-21 00:00:00,72.0100,72.0300,71.0400,71.8100
2026-06-21 04:00:00,71.8200,74.2700,71.6600,73.1900
2026-06-21 08:00:00,73.1900,73.8300,72.8400,73.5700
2026-06-21 12:00:00,73.5800,73.8100,72.9600,73.1700
2026-06-21 16:00:00,73.1800,74.4000,72.7100,73.1600
2026-06-21 20:00:00,73.1600,74.2600,72.8600,74.1100
2026-06-22 00:00:00,74.1000,74.8000,73.7400,74.3800
2026-06-22 04:00:00,74.3900,74.5300,72.2600,72.4200
2026-06-22 08:00:00,72.4200,74.9700,72.4100,73.4700
2026-06-22 12:00:00,73.4700,74.4400,73.3000,74.0700
2026-06-22 16:00:00,74.0700,74.4200,73.5300,74.1500
2026-06-22 20:00:00,74.1600,74.9700,72.9300,73.0900
2026-06-23 00:00:00,73.0900,73.5300,72.4000,72.6600
2026-06-23 04:00:00,72.6600,72.9200,71.2700,71.9100
2026-06-23 08:00:00,71.9000,72.0100,71.2400,71.9400
2026-06-23 12:00:00,71.9500,71.9800,69.6200,69.9500
2026-06-23 16:00:00,69.9600,70.0800,68.0700,69.2600
2026-06-23 20:00:00,69.2500,69.6300,68.3300,68.8700
2026-06-24 00:00:00,68.8700,69.3600,68.5800,68.8000
2026-06-24 04:00:00,68.8100,69.8200,68.7900,69.6500
2026-06-24 08:00:00,69.6600,70.3600,69.0300,69.5300
2026-06-24 12:00:00,69.5300,70.1700,68.9100,69.3300
2026-06-24 16:00:00,69.3400,70.4500,68.7400,69.7800
2026-06-24 20:00:00,69.7800,69.8900,67.2100,67.2900
2026-06-25 00:00:00,67.2800,68.0000,64.6600,66.0900
2026-06-25 04:00:00,66.0800,68.5000,65.9300,68.0700
2026-06-25 08:00:00,68.0800,68.2800,67.3600,67.6400
2026-06-25 12:00:00,67.6500,69.6400,67.4400,69.4000
2026-06-25 16:00:00,69.4000,69.4100,67.9600,68.1300
2026-06-25 20:00:00,68.1400,68.9500,64.0000,66.2700
2026-06-26 00:00:00,66.2800,67.3300,65.6100,66.1700
2026-06-26 04:00:00,66.1600,68.8000,66.0400,67.6900
2026-06-26 08:00:00,67.6900,68.4800,65.8600,68.1700
2026-06-26 12:00:00,68.1800,70.9700,67.9200,70.7400
2026-06-26 16:00:00,70.7400,70.8500,68.3500,68.5800
2026-06-26 20:00:00,68.5700,72.2200,68.1300,72.0200
2026-06-27 00:00:00,72.0300,73.9100,71.9600,72.9800
2026-06-27 04:00:00,72.9900,73.6600,71.3900,71.8700
2026-06-27 08:00:00,71.8800,72.5100,71.3100,72.2100
2026-06-27 12:00:00,72.2100,72.5700,71.4800,72.2700
2026-06-27 16:00:00,72.2700,72.2900,71.4900,71.7600
2026-06-27 20:00:00,71.7700,73.1600,71.5900,72.8000
2026-06-28 00:00:00,72.8000,72.9800,70.9000,71.0700
2026-06-28 04:00:00,71.0600,71.6000,70.2100,70.4700
2026-06-28 08:00:00,70.4700,70.9800,70.4100,70.8200
2026-06-28 12:00:00,70.8300,71.0700,70.0800,71.0400
2026-06-28 16:00:00,71.0400,72.1600,71.0200,71.8800
2026-06-28 20:00:00,71.8800,72.3800,71.2800,72.0600
2026-06-29 00:00:00,72.0600,72.1000,70.1900,70.6900
2026-06-29 04:00:00,70.6800,71.7500,69.6400,71.3500
2026-06-29 08:00:00,71.3600,73.3000,70.3100,72.6400
2026-06-29 12:00:00,72.6500,73.0900,70.9700,72.6700
2026-06-29 16:00:00,72.6700,73.6500,72.2000,72.5000
2026-06-29 20:00:00,72.5000,74.5500,72.0900,73.8700
2026-06-30 00:00:00,73.8800,76.4900,72.8400,75.9500
2026-06-30 04:00:00,75.9600,75.9900,74.8600,75.1300
2026-06-30 08:00:00,75.1300,75.1900,74.0000,74.1600
2026-06-30 12:00:00,74.1500,74.2300,73.6400,74.1300
2026-06-30 16:00:00,74.1200,74.1900,73.2800,73.3600
2026-06-30 20:00:00,73.3500,74.0800,71.8500,73.1000
2026-07-01 00:00:00,73.1000,73.9500,72.6900,73.7200
2026-07-01 04:00:00,73.7100,73.9200,73.1000,73.6300
2026-07-01 08:00:00,73.6200,75.6700,72.2200,75.4400
2026-07-01 12:00:00,75.4400,75.8500,73.9100,74.8300
2026-07-01 16:00:00,74.8300,75.5400,74.4200,74.8000
2026-07-01 20:00:00,74.8000,77.7800,74.2300,77.4000
2026-07-02 00:00:00,77.4000,78.2500,76.7600,76.9700
2026-07-02 04:00:00,76.9700,78.9300,76.5300,77.4200
2026-07-02 08:00:00,77.4200,78.9600,76.8500,78.6700
2026-07-02 12:00:00,78.6700,78.6800,77.5300,77.9500
2026-07-02 16:00:00,77.9600,82.7900,77.8900,82.3600
2026-07-02 20:00:00,82.3500,82.4400,80.0300,80.8200
2026-07-03 00:00:00,80.8200,81.2800,80.0900,80.8000
2026-07-03 04:00:00,80.8000,81.1300,80.3700,80.6800
2026-07-03 08:00:00,80.6800,81.6500,80.2800,80.6800
2026-07-03 12:00:00,80.6900,81.4800,80.4300,81.1900
2026-07-03 16:00:00,81.1900,81.8600,80.6300,81.5200
2026-07-03 20:00:00,81.5200,82.1000,80.8500,81.1700
2026-07-04 00:00:00,81.1700,83.2300,81.0100,82.4500
2026-07-04 04:00:00,82.4500,83.0400,82.1100,82.3000
2026-07-04 08:00:00,82.3000,82.8300,81.7600,82.6800
2026-07-04 12:00:00,82.6800,83.9600,82.2200,82.6700
2026-07-04 16:00:00,82.6700,82.7500,81.3500,81.7800
2026-07-04 20:00:00,81.7900,82.3900,81.2800,82.1900
2026-07-05 00:00:00,82.2000,82.7800,81.6600,81.8400
2026-07-05 04:00:00,81.8300,82.1900,81.3800,81.7400
2026-07-05 08:00:00,81.7500,81.7700,80.1600,80.5100
2026-07-05 12:00:00,80.5200,80.8300,80.1900,80.6600
2026-07-05 16:00:00,80.6600,80.8200,79.6200,80.5400
2026-07-05 20:00:00,80.5300,81.7200,80.3200,81.3100
2026-07-06 00:00:00,81.3100,81.4900,80.7800,81.0100
2026-07-06 04:00:00,81.0100,82.4000,80.7200,81.5500
2026-07-06 08:00:00,81.5400,82.3000,80.4000,80.7800
2026-07-06 12:00:00,80.7800,80.9800,80.1100,80.7700
2026-07-06 16:00:00,80.7800,81.0500,80.0000,80.3500
2026-07-06 20:00:00,80.3400,81.5100,79.1900,81.4500
2026-07-07 00:00:00,81.4500,82.3700,81.2300,82.0300
2026-07-07 04:00:00,82.0300,83.7500,81.6300,81.9100
2026-07-07 08:00:00,81.9200,82.4500,80.9200,81.0200
2026-07-07 12:00:00,81.0300,81.7000,80.4100,81.4600
2026-07-07 16:00:00,81.4500,81.5400,80.7000,81.2800
2026-07-07 20:00:00,81.2800,82.3300,80.4500,82.0700
2026-07-08 00:00:00,82.0800,82.7600,80.7200,81.3400
2026-07-08 04:00:00,81.3400,81.4500,80.2700,80.5400
2026-07-08 08:00:00,80.5400,80.7400,78.1500,78.6900
2026-07-08 12:00:00,78.6900,78.8900,77.7500,78.2400
2026-07-08 16:00:00,78.2500,78.3900,76.8400,77.5000
2026-07-08 20:00:00,77.5000,77.6200,76.2400,76.7100
2026-07-09 00:00:00,76.7000,77.6500,76.7000,77.3600
2026-07-09 04:00:00,77.3700,77.9400,76.8800,77.7900
2026-07-09 08:00:00,77.7800,78.7800,76.6600,77.3400
2026-07-09 12:00:00,77.3300,78.8200,77.1800,78.1800
2026-07-09 16:00:00,78.1800,78.3700,77.2800,77.5700
2026-07-09 20:00:00,77.5800,78.4700,77.2000,77.5700
2026-07-10 00:00:00,77.5700,78.4000,77.2100,78.1300
2026-07-10 04:00:00,78.1300,78.2700,77.7300,78.0000
2026-07-10 08:00:00,78.0000,79.4300,77.7500,79.0200
2026-07-10 12:00:00,79.0200,79.3400,78.6900,78.8000
2026-07-10 16:00:00,78.8100,79.6400,78.7500,79.3300
2026-07-10 20:00:00,79.3200,79.5300,77.0300,78.1100
2026-07-11 00:00:00,78.1100,78.2400,77.2900,77.8500
2026-07-11 04:00:00,77.8600,78.2100,77.6600,78.0800
2026-07-11 08:00:00,78.0700,78.0800,77.4200,77.7400
2026-07-11 12:00:00,77.7500,78.0800,77.5500,77.9500
2026-07-11 16:00:00,77.9500,78.3200,77.7000,78.0700
2026-07-11 20:00:00,78.0600,78.8600,77.9000,78.3400
2026-07-12 00:00:00,78.3500,78.3700,77.6200,78.0900
2026-07-12 04:00:00,78.0900,78.2800,76.7100,76.7400
2026-07-12 08:00:00,76.7300,77.0500,75.6000,77.0000
2026-07-12 12:00:00,77.0100,77.0400,75.8000,76.4600
2026-07-12 16:00:00,76.4600,77.2400,76.3400,76.8900
2026-07-12 20:00:00,76.8900,77.6900,76.7400,77.4400
2026-07-13 00:00:00,77.4400,77.7600,77.2000,77.6500
2026-07-13 04:00:00,77.6400,77.6900,76.4200,76.8600
2026-07-13 08:00:00,76.8600,78.1900,75.3800,75.8200
2026-07-13 12:00:00,75.8200,76.6500,75.6600,76.4000
2026-07-13 16:00:00,76.4100,76.8600,76.0500,76.3100
2026-07-13 20:00:00,76.3100,76.3800,75.0600,75.7800
2026-07-14 00:00:00,75.7800,76.0200,74.4600,75.1500
2026-07-14 04:00:00,75.1500,75.3100,74.0600,74.9600
2026-07-14 08:00:00,74.9600,75.5200,74.5100,75.1000
2026-07-14 12:00:00,75.1100,75.4500,74.8600,74.9200
2026-07-14 16:00:00,74.9100,75.5700,74.8000,75.3500
2026-07-14 20:00:00,75.3600,78.0000,75.1500,77.3500
2026-07-15 00:00:00,77.3500,77.6300,76.7600,77.1300
2026-07-15 04:00:00,77.1300,77.9500,76.8900,77.8200
2026-07-15 08:00:00,77.8300,77.8800,76.9800,77.7300
2026-07-15 12:00:00,77.7300,78.6800,77.3600,77.3600
2026-07-15 16:00:00,77.3700,77.8700,77.1600,77.4800
2026-07-15 20:00:00,77.4800,79.0100,77.2100,78.0300
2026-07-16 00:00:00,78.0300,78.0900,76.8600,77.1400
2026-07-16 04:00:00,77.1400,77.7000,77.0600,77.2300
2026-07-16 08:00:00,77.2300,77.4400,76.6400,76.9000
2026-07-16 12:00:00,76.8900,77.5900,76.1500,76.3900
2026-07-16 16:00:00,76.3800,76.4500,75.5700,76.2300
2026-07-16 20:00:00,76.2200,76.8500,75.6300,76.6000
2026-07-17 00:00:00,76.5900,76.6000,75.3400,75.7700
2026-07-17 04:00:00,75.7700,76.0400,74.9500,75.2700
2026-07-17 08:00:00,75.2700,75.7100,74.6800,75.1900
2026-07-17 12:00:00,75.1800,75.3000,74.2200,74.5700
2026-07-17 16:00:00,74.5700,74.9700,74.1400,74.8000
2026-07-17 20:00:00,74.8100,74.8300,73.3200,74.7400
2026-07-18 00:00:00,74.7400,75.5800,74.5500,75.1600
2026-07-18 04:00:00,75.1600,75.2000,74.8000,75.0000
2026-07-18 08:00:00,74.9900,75.4200,74.9400,75.3400
2026-07-18 12:00:00,75.3300,75.3500,74.8300,74.9300
2026-07-18 16:00:00,74.9300,74.9900,74.6100,74.9100
2026-07-18 20:00:00,74.9100,75.1500,74.4600,74.9200
2026-07-19 00:00:00,74.9300,75.6000,74.8000,75.4000
2026-07-19 04:00:00,75.4100,75.6000,75.2900,75.4600
2026-07-19 08:00:00,75.4700,76.5600,75.4000,75.9200
2026-07-19 12:00:00,75.9200,76.3000,75.6800,76.1100
2026-07-19 16:00:00,76.1100,76.4900,75.8600,76.0400
2026-07-19 20:00:00,76.0300,76.6700,75.7000,76.1800
2026-07-20 00:00:00,76.1700,76.2600,75.3100,75.8400
2026-07-20 04:00:00,75.8500,76.5600,75.5800,76.3400
2026-07-20 08:00:00,76.3400,77.3900,76.0800,76.7100
2026-07-20 12:00:00,76.7100,76.9100,75.4500,76.1800
2026-07-20 16:00:00,76.1800,77.2100,75.8500,77.1000
2026-07-20 20:00:00,77.0900,77.9100,75.7300,77.7300
2026-07-21 00:00:00,77.7300,78.3700,77.2600,77.6000
2026-07-21 04:00:00,77.6100,78.0200,77.4000,77.8000
2026-07-21 08:00:00,77.8100,78.5300,77.6300,78.1500
2026-07-21 12:00:00,78.1500,78.8700,77.9800,78.5300
2026-07-21 16:00:00,78.5300,78.7200,78.0200,78.3100
2026-07-21 20:00:00,78.3200,78.6100,77.7300,78.1100
2026-07-22 00:00:00,78.1100,78.2100,77.3900,77.8400
2026-07-22 04:00:00,77.8300,78.1600,77.7500,78.1000
2026-07-22 08:00:00,78.1000,78.5700,77.7600,77.8200
2026-07-22 12:00:00,77.8200,78.1900,76.9400,77.0600
2026-07-22 16:00:00,77.0600,77.7700,77.0000,77.5300
2026-07-22 20:00:00,77.5200,78.8500,76.9700,78.4300
2026-07-23 00:00:00,78.4300,78.7800,77.2600,77.6100
2026-07-23 04:00:00,77.6100,78.0800,77.4400,77.9300
2026-07-23 08:00:00,77.9300,78.5000,77.3400,77.5600
2026-07-23 12:00:00,77.5500,77.7800,76.9800,77.1100
2026-07-23 16:00:00,77.1200,77.8300,77.0600,77.6200
2026-07-23 20:00:00,77.6300,77.7100,75.8000,76.3300
2026-07-24 00:00:00,76.3300,76.3400,75.3700,75.7000
2026-07-24 04:00:00,75.6900,76.2400,75.6500,75.8300
2026-07-24 08:00:00,75.8400,76.0900,75.2300,75.8000
2026-07-24 12:00:00,75.7900,76.4200,75.5500,76.0200
2026-07-24 16:00:00,76.0300,76.0400,74.8600,75.1500
2026-07-24 20:00:00,75.1500,75.2500,73.5500,73.9800
2026-07-25 00:00:00,73.9800,74.1600,73.6600,73.9100
2026-07-25 04:00:00,73.9200,74.0000,73.3600,73.9300
2026-07-25 08:00:00,73.9200,74.2900,73.9000,74.0900
2026-07-25 12:00:00,74.0900,74.3200,73.7200,73.7500
2026-07-25 16:00:00,73.7400,74.0000,73.5000,73.8800
2026-07-25 20:00:00,73.8800,74.2800,73.7300,74.1300
2026-07-26 00:00:00,74.1200,74.6900,74.0400,74.5200
2026-07-26 04:00:00,74.5300,74.5700,74.2300,74.4900
2026-07-26 08:00:00,74.4800,75.0300,74.4400,75.0000
2026-07-26 12:00:00,74.9900,75.2000,74.6900,74.8400
2026-07-26 16:00:00,74.8400,75.2500,74.8000,74.9100
2026-07-26 20:00:00,74.9100,75.4700,74.7300,75.4500
2026-07-27 00:00:00,75.4500,75.9600,75.2000,75.3000
2026-07-27 04:00:00,75.3000,77.0800,75.2700,76.7400
2026-07-27 08:00:00,76.7500,76.7800,75.9300,76.3700
2026-07-27 12:00:00,76.3800,76.9600,76.2200,76.4300
2026-07-27 16:00:00,76.4400,76.6500,76.0800,76.4900
2026-07-27 20:00:00,76.4900,77.4800,74.9700,75.2200
2026-07-28 00:00:00,75.2300,76.2100,75.1000,75.9400
2026-07-28 04:00:00,75.9500,76.1000,73.6800,74.1600
2026-07-28 08:00:00,74.1600,74.2600,72.8000,73.2400
2026-07-28 12:00:00,73.2500,73.5000,72.9300,73.2400
2026-07-28 16:00:00,73.2500,73.4700,72.8200,73.1400
2026-07-28 20:00:00,73.1400,74.5500,72.3000,74.3100
2026-07-29 00:00:00,74.3100,74.5400,73.5100,74.2900
2026-07-29 04:00:00,74.2900,74.3600,73.1300,73.7700
2026-07-29 08:00:00,73.7700,74.1500,72.9500,73.0300
2026-07-29 12:00:00,73.0400,74.2500,72.6600,74.2100
2026-07-29 16:00:00,74.2100,74.3000,73.6600,73.9100
2026-07-29 20:00:00,73.9100,73.9200,72.9300,73.0800
2026-07-30 00:00:00,73.0800,74.5000,72.6800,72.7100
2026-07-30 04:00:00,72.7100,73.7800,72.2600,73.6500
2026-07-30 08:00:00,73.6500,74.1800,73.1000,73.6800
2026-07-30 12:00:00,73.6800,73.8400,73.3500,73.3900
2026-07-30 16:00:00,73.3800,74.3000,73.2600,74.1800
2026-07-30 20:00:00,74.1800,74.8900,74.0400,74.6100
2026-07-31 00:00:00,74.6100,74.9500,74.3800,74.7500
2026-07-31 04:00:00,74.7500,74.9600,74.3700,74.4600
2026-07-31 08:00:00,74.4600,75.2800,73.8300,74.1100
2026-07-31 12:00:00,74.1000,74.5100,73.4600,73.6400
2026-07-31 16:00:00,73.6500,73.7700,73.2500,73.5200
2026-07-31 20:00:00,73.5200,73.7800,72.7500,73.0600
2026-08-01 00:00:00,73.0500,73.4600,72.8800,73.0500
2026-08-01 04:00:00,73.0500,73.2000,72.5200,72.8300
2026-08-01 08:00:00,72.8300,73.1300,72.8300,73.0100
2026-08-01 12:00:00,73.0100,73.1800,72.8300,72.9300
2026-08-01 16:00:00,72.9300,73.0500,72.6200,72.8500
2026-08-01 20:00:00,72.8500,73.0200,72.6800,72.7500
2026-08-02 00:00:00,72.7500,72.9100,70.5100,71.2100
2026-08-02 04:00:00,71.2100,72.0700,71.1400,71.9100
2026-08-02 08:00:00,71.9100,73.3800,71.8900,73.1700
2026-08-02 12:00:00,73.1700,73.6300,73.1700,73.4400
2026-08-02 16:00:00,73.4300,73.5100,72.9100,72.9700
2026-08-02 20:00:00,72.9600,73.2000,72.6500,72.9900
2026-08-03 00:00:00,72.9800,73.8200,72.8700,73.6800
2026-08-03 04:00:00,73.6800,74.3200,73.4200,73.6100
2026-08-03 08:00:00,73.6100,73.6400,72.6300,72.8500
2026-08-03 12:00:00,72.8500,73.0300,72.4000,72.4800
2026-08-03 16:00:00,72.4900,72.7700,71.8700,72.4200
2026-08-03 20:00:00,72.4200,73.7900,72.2900,73.5700
2026-08-04 00:00:00,73.5800,74.2700,73.2000,73.9900
2026-08-04 04:00:00,74.0000,74.1300,73.3300,73.5400
2026-08-04 08:00:00,73.5300,74.1000,73.0200,73.6600
2026-08-04 12:00:00,73.6600,74.0800,73.1700,73.6600
2026-08-04 16:00:00,73.6600,73.9500,73.0600,73.9200
2026-08-04 20:00:00,73.9200,74.1800,73.2800,73.9500
2026-08-05 00:00:00,73.9600,74.3700,73.5600,74.1600
2026-08-05 04:00:00,74.1700,74.4400,73.6900,73.7200
2026-08-05 08:00:00,73.7200,74.4700,73.3500,73.7500
2026-08-05 12:00:00,73.7500,74.2800,73.5800,73.9300
2026-08-05 16:00:00,73.9400,74.1700,73.6900,73.7300
2026-08-05 20:00:00,73.7400,74.3600,73.2100,73.9100
2026-08-06 00:00:00,73.9100,74.8200,73.9000,74.4300
2026-08-06 04:00:00,74.4300,74.5600,73.8000,74.0000
2026-08-06 08:00:00,74.0000,74.2400,73.3300,73.4400
2026-08-06 12:00:00,73.4500,74.3300,73.3400,73.8400
2026-08-06 16:00:00,73.8500,74.0800,73.1200,73.4100
2026-08-06 20:00:00,73.4200,73.5900,72.7800,73.2700
2026-08-07 00:00:00,73.2700,73.5100,72.5100,72.7600
2026-08-07 04:00:00,72.7500,72.9600,72.2900,72.6500
2026-08-07 08:00:00,72.6500,72.9100,72.4200,72.5700
2026-08-07 12:00:00,72.5700,73.0400,72.3900,72.9000
2026-08-07 16:00:00,72.9000,73.7500,72.8800,73.6100
2026-08-07 20:00:00,73.6100,74.3300,73.5200,73.8500
2026-08-08 00:00:00,73.8600,74.1000,73.1500,74.0000
2026-08-08 04:00:00,73.9900,74.0600,73.5500,73.6200
2026-08-08 08:00:00,73.6300,74.9900,73.5300,74.8100
2026-08-08 12:00:00,74.8200,75.1300,74.4500,74.7900
2026-08-08 16:00:00,74.7800,75.7000,74.6600,75.5800
2026-08-08 20:00:00,75.5800,76.8200,75.3300,76.3700
2026-08-09 00:00:00,76.3700,76.4900,75.9400,76.1300
2026-08-09 04:00:00,76.1400,76.3500,75.7400,76.0000
2026-08-09 08:00:00,76.0000,76.0800,75.7100,75.9700
2026-08-09 12:00:00,75.9600,76.4800,75.8600,76.3400
2026-08-09 16:00:00,76.3400,76.6400,76.0800,76.4700
2026-08-09 20:00:00,76.4700,77.4600,76.2700,77.4100
2026-08-10 00:00:00,77.4100,77.5600,77.0600,77.2200
2026-08-10 04:00:00,77.2100,77.8800,76.1600,76.2300
2026-08-10 08:00:00,76.2300,77.1400,76.1700,76.6000
2026-08-10 12:00:00,76.6000,77.0900,76.3900,76.9500
2026-08-10 16:00:00,76.9400,77.1200,76.5100,77.0200
2026-08-10 20:00:00,77.0300,77.1000,75.7800,75.9300
2026-08-11 00:00:00,75.9300,76.2600,75.5400,76.1700
2026-08-11 04:00:00,76.1800,76.4700,75.9400,75.9500
2026-08-11 08:00:00,75.9600,76.2200,75.6600,76.0400
2026-08-11 12:00:00,76.0400,76.1900,75.3600,75.6600
2026-08-11 16:00:00,75.6600,76.3500,75.5800,76.1600
2026-08-11 20:00:00,76.1600,76.2100,74.5700,74.8700
2026-08-12 00:00:00,74.8700,75.6900,74.7300,75.6300
2026-08-12 04:00:00,75.6300,76.6400,75.6100,76.2700
2026-08-12 08:00:00,76.2700,76.5700,76.1900,76.3800
2026-08-12 12:00:00,76.3800,76.5500,75.9100,76.2500
2026-08-12 16:00:00,76.2500,76.8800,76.0900,76.7900
2026-08-12 20:00:00,76.8000,77.3300,75.3300,75.7100
2026-08-13 00:00:00,75.7200,76.0600,75.5200,75.7200
2026-08-13 04:00:00,75.7200,75.9800,75.2700,75.5900
2026-08-13 08:00:00,75.5900,76.2900,75.4300,76.2300
2026-08-13 12:00:00,76.2300,76.6000,75.9900,76.4100
2026-08-13 16:00:00,76.4100,76.4500,75.5100,75.6100
