日期时间(北京),开盘,最高,最低,收盘
2024-04-11 20:00:00,697.76,718.48,624.49,646.12
2024-04-12 00:00:00,645.77,659.67,617.12,637.40
2024-04-12 04:00:00,637.75,670.00,621.61,624.45
2024-04-12 08:00:00,624.19,639.20,601.81,613.39
2024-04-12 12:00:00,613.61,643.78,594.50,638.00
2024-04-12 16:00:00,637.73,644.32,612.38,615.03
2024-04-12 20:00:00,614.86,615.05,552.90,573.46
2024-04-13 00:00:00,573.25,600.00,465.69,538.00
2024-04-13 04:00:00,538.00,553.70,523.80,537.38
2024-04-13 08:00:00,537.59,552.00,509.55,549.60
2024-04-13 12:00:00,549.59,571.67,539.70,542.25
2024-04-13 16:00:00,542.25,551.98,531.59,534.23
2024-04-13 20:00:00,534.19,539.26,509.16,510.37
2024-04-14 00:00:00,510.38,528.97,454.86,469.73
2024-04-14 04:00:00,469.71,540.00,387.82,509.80
2024-04-14 08:00:00,509.76,514.50,471.00,486.02
2024-04-14 12:00:00,486.10,534.88,482.29,523.72
2024-04-14 16:00:00,523.47,532.40,511.56,520.06
2024-04-14 20:00:00,519.95,597.99,519.57,584.84
2024-04-15 00:00:00,584.84,625.00,555.00,588.90
2024-04-15 04:00:00,588.87,609.48,570.45,587.38
2024-04-15 08:00:00,587.38,594.49,553.76,559.82
2024-04-15 12:00:00,559.75,584.93,550.85,567.29
2024-04-15 16:00:00,567.18,576.88,556.45,570.17
2024-04-15 20:00:00,570.15,570.15,538.17,558.45
2024-04-16 00:00:00,558.59,562.00,518.48,539.22
2024-04-16 04:00:00,539.18,540.96,520.16,525.36
2024-04-16 08:00:00,525.26,536.00,514.75,522.31
2024-04-16 12:00:00,522.31,526.81,500.08,518.98
2024-04-16 16:00:00,519.29,521.00,478.85,481.02
2024-04-16 20:00:00,480.94,487.86,448.80,457.07
2024-04-17 00:00:00,457.07,484.00,455.90,478.27
2024-04-17 04:00:00,478.46,505.00,476.99,500.44
2024-04-17 08:00:00,500.36,511.69,493.02,502.43
2024-04-17 12:00:00,502.51,509.42,486.50,492.03
2024-04-17 16:00:00,492.03,496.58,457.44,462.52
2024-04-17 20:00:00,462.74,471.18,437.67,444.72
2024-04-18 00:00:00,444.77,480.00,439.76,458.76
2024-04-18 04:00:00,458.96,463.10,447.98,454.51
2024-04-18 08:00:00,454.49,466.38,446.00,458.83
2024-04-18 12:00:00,458.78,469.00,437.36,443.41
2024-04-18 16:00:00,443.47,466.66,434.10,456.89
2024-04-18 20:00:00,456.84,475.24,446.01,467.68
2024-04-19 00:00:00,467.90,472.40,454.41,470.54
2024-04-19 04:00:00,470.76,471.40,460.76,466.20
2024-04-19 08:00:00,466.23,466.56,425.94,447.57
2024-04-19 12:00:00,447.57,471.93,443.82,463.85
2024-04-19 16:00:00,463.71,476.66,459.14,471.82
2024-04-19 20:00:00,471.62,477.07,460.28,469.60
2024-04-20 00:00:00,469.66,469.81,454.03,459.35
2024-04-20 04:00:00,459.36,459.61,428.17,441.62
2024-04-20 08:00:00,441.61,448.31,433.34,442.92
2024-04-20 12:00:00,443.00,454.89,442.01,451.66
2024-04-20 16:00:00,451.75,452.52,435.68,440.30
2024-04-20 20:00:00,440.34,459.40,438.33,457.74
2024-04-21 00:00:00,457.86,485.49,452.36,482.52
2024-04-21 04:00:00,482.52,493.15,480.05,485.06
2024-04-21 08:00:00,485.02,489.83,472.78,477.00
2024-04-21 12:00:00,476.92,486.08,473.32,477.80
2024-04-21 16:00:00,478.01,481.58,469.63,475.33
2024-04-21 20:00:00,475.33,476.80,460.00,467.99
2024-04-22 00:00:00,468.07,479.91,456.77,475.30
2024-04-22 04:00:00,475.31,486.84,473.01,474.49
2024-04-22 08:00:00,474.41,486.06,465.96,481.89
2024-04-22 12:00:00,481.85,495.20,478.68,481.90
2024-04-22 16:00:00,481.90,490.00,476.31,485.63
2024-04-22 20:00:00,485.64,489.97,476.41,481.99
2024-04-23 00:00:00,481.98,525.57,480.55,507.22
2024-04-23 04:00:00,507.24,530.52,507.10,520.48
2024-04-23 08:00:00,520.41,532.38,510.96,511.20
2024-04-23 12:00:00,511.08,519.71,501.16,502.84
2024-04-23 16:00:00,502.84,516.48,493.31,512.32
2024-04-23 20:00:00,512.20,530.00,506.11,510.83
2024-04-24 00:00:00,510.90,514.31,499.60,504.32
2024-04-24 04:00:00,504.27,504.27,494.20,499.76
2024-04-24 08:00:00,499.65,506.50,489.91,494.20
2024-04-24 12:00:00,494.20,501.77,490.97,494.35
2024-04-24 16:00:00,494.35,506.89,491.39,500.98
2024-04-24 20:00:00,501.06,507.38,470.10,472.58
2024-04-25 00:00:00,472.82,475.76,444.26,450.45
2024-04-25 04:00:00,450.32,456.31,443.89,452.42
2024-04-25 08:00:00,452.38,460.47,447.01,447.80
2024-04-25 12:00:00,447.77,463.64,439.25,461.66
2024-04-25 16:00:00,461.65,465.35,447.43,457.10
2024-04-25 20:00:00,457.11,463.62,447.84,462.69
2024-04-26 00:00:00,462.55,466.02,457.25,464.28
2024-04-26 04:00:00,464.32,472.64,458.26,460.51
2024-04-26 08:00:00,460.52,461.77,445.01,450.85
2024-04-26 12:00:00,450.85,458.19,444.00,444.27
2024-04-26 16:00:00,444.38,449.50,441.46,444.99
2024-04-26 20:00:00,445.00,447.80,430.34,436.94
2024-04-27 00:00:00,436.99,439.68,432.59,432.68
2024-04-27 04:00:00,432.70,435.85,425.41,426.92
2024-04-27 08:00:00,426.79,427.19,408.83,420.14
2024-04-27 12:00:00,420.11,424.83,418.74,422.56
2024-04-27 16:00:00,422.56,424.20,410.26,413.63
2024-04-27 20:00:00,413.65,424.90,412.99,415.39
2024-04-28 00:00:00,415.20,429.80,414.77,422.48
2024-04-28 04:00:00,422.35,424.00,418.73,421.92
2024-04-28 08:00:00,422.02,433.86,419.47,431.41
2024-04-28 12:00:00,431.41,438.04,426.96,436.21
2024-04-28 16:00:00,436.20,436.51,423.01,427.28
2024-04-28 20:00:00,427.24,435.55,425.29,434.36
2024-04-29 00:00:00,434.31,436.18,430.38,433.54
2024-04-29 04:00:00,433.53,435.95,419.11,423.00
2024-04-29 08:00:00,423.06,430.77,415.00,415.87
2024-04-29 12:00:00,415.89,421.69,405.56,413.93
2024-04-29 16:00:00,413.99,414.44,382.78,398.51
2024-04-29 20:00:00,398.52,409.66,388.80,408.00
2024-04-30 00:00:00,408.02,409.96,398.51,406.14
2024-04-30 04:00:00,406.10,411.96,398.94,401.28
2024-04-30 08:00:00,401.29,406.62,391.47,398.09
2024-04-30 12:00:00,398.20,398.83,387.38,389.76
2024-04-30 16:00:00,389.72,390.25,371.73,374.37
2024-04-30 20:00:00,374.29,382.50,365.00,375.17
2024-05-01 00:00:00,375.28,380.50,367.28,371.91
2024-05-01 04:00:00,371.91,392.65,371.76,388.14
2024-05-01 08:00:00,388.22,392.29,372.10,376.41
2024-05-01 12:00:00,376.45,377.58,341.80,347.28
2024-05-01 16:00:00,347.28,364.92,340.00,360.67
2024-05-01 20:00:00,360.61,367.09,353.98,358.12
2024-05-02 00:00:00,358.04,390.73,356.09,373.97
2024-05-02 04:00:00,374.13,384.91,371.00,380.60
2024-05-02 08:00:00,380.60,381.70,365.38,375.81
2024-05-02 12:00:00,375.83,378.06,369.87,373.48
2024-05-02 16:00:00,373.48,400.88,372.48,397.33
2024-05-02 20:00:00,397.33,411.38,392.25,401.13
2024-05-03 00:00:00,401.23,406.65,395.36,401.95
2024-05-03 04:00:00,401.72,414.46,394.09,404.12
2024-05-03 08:00:00,404.11,408.88,397.87,406.74
2024-05-03 12:00:00,406.79,407.24,396.00,397.76
2024-05-03 16:00:00,397.89,402.38,392.40,394.78
2024-05-03 20:00:00,394.83,433.86,393.39,428.73
2024-05-04 00:00:00,428.94,435.62,418.15,419.58
2024-05-04 04:00:00,419.49,432.21,418.93,425.45
2024-05-04 08:00:00,425.36,444.27,422.53,432.09
2024-05-04 12:00:00,432.23,442.42,428.76,431.47
2024-05-04 16:00:00,431.39,454.87,431.18,445.36
2024-05-04 20:00:00,445.40,459.00,443.48,448.90
2024-05-05 00:00:00,448.94,462.38,443.18,460.77
2024-05-05 04:00:00,460.81,469.63,444.13,446.45
2024-05-05 08:00:00,446.50,452.52,430.14,433.74
2024-05-05 12:00:00,433.72,443.72,430.00,440.61
2024-05-05 16:00:00,440.63,445.00,437.07,437.84
2024-05-05 20:00:00,437.94,458.74,433.60,455.17
2024-05-06 00:00:00,455.16,478.50,454.15,464.32
2024-05-06 04:00:00,464.23,465.11,450.51,454.73
2024-05-06 08:00:00,454.81,472.60,454.72,461.35
2024-05-06 12:00:00,461.35,476.91,457.03,471.81
2024-05-06 16:00:00,471.46,488.17,459.05,469.37
2024-05-06 20:00:00,469.47,471.61,442.92,450.48
2024-05-07 00:00:00,450.42,452.62,438.08,444.57
2024-05-07 04:00:00,444.41,446.88,439.66,441.35
2024-05-07 08:00:00,441.38,453.82,431.92,439.29
2024-05-07 12:00:00,439.40,443.01,430.03,432.46
2024-05-07 16:00:00,432.43,463.19,431.22,435.50
2024-05-07 20:00:00,435.90,448.72,435.48,439.06
2024-05-08 00:00:00,439.22,442.47,430.03,433.26
2024-05-08 04:00:00,433.11,435.66,417.89,419.05
2024-05-08 08:00:00,418.81,428.19,415.75,425.72
2024-05-08 12:00:00,425.74,428.43,406.67,407.54
2024-05-08 16:00:00,407.57,413.64,391.17,391.69
2024-05-08 20:00:00,391.76,403.43,375.66,392.73
2024-05-09 00:00:00,392.78,396.95,386.06,393.32
2024-05-09 04:00:00,393.28,396.66,383.35,391.36
2024-05-09 08:00:00,391.36,406.82,390.84,397.20
2024-05-09 12:00:00,397.21,405.07,393.53,396.11
2024-05-09 16:00:00,396.04,399.73,382.51,384.60
2024-05-09 20:00:00,384.59,407.00,381.00,400.05
2024-05-10 00:00:00,400.09,408.48,390.13,394.12
2024-05-10 04:00:00,394.12,399.27,389.13,392.95
2024-05-10 08:00:00,393.04,398.94,387.30,395.00
2024-05-10 12:00:00,395.00,400.00,390.69,394.30
2024-05-10 16:00:00,394.31,397.08,388.98,395.20
2024-05-10 20:00:00,395.29,403.55,367.07,372.86
2024-05-11 00:00:00,372.80,378.66,366.66,370.32
2024-05-11 04:00:00,370.42,377.76,369.48,376.56
2024-05-11 08:00:00,376.63,382.74,372.36,374.05
2024-05-11 12:00:00,373.97,380.29,373.46,380.13
2024-05-11 16:00:00,380.13,381.47,370.22,372.27
2024-05-11 20:00:00,372.19,384.52,371.01,382.92
2024-05-12 00:00:00,382.97,383.78,374.97,376.85
2024-05-12 04:00:00,376.84,377.27,372.45,374.55
2024-05-12 08:00:00,374.62,382.00,374.00,379.80
2024-05-12 12:00:00,379.59,382.00,373.34,374.56
2024-05-12 16:00:00,374.55,379.82,374.22,375.75
2024-05-12 20:00:00,375.87,377.70,367.62,372.86
2024-05-13 00:00:00,372.87,374.20,359.40,364.17
2024-05-13 04:00:00,364.25,367.18,360.00,362.86
2024-05-13 08:00:00,362.91,366.50,339.47,345.28
2024-05-13 12:00:00,345.22,365.30,343.51,364.17
2024-05-13 16:00:00,364.08,376.02,360.00,364.54
2024-05-13 20:00:00,364.64,367.80,359.20,363.90
2024-05-14 00:00:00,363.88,374.61,359.20,361.27
2024-05-14 04:00:00,361.22,361.79,355.41,357.16
2024-05-14 08:00:00,357.22,359.13,350.06,353.10
2024-05-14 12:00:00,353.05,358.97,344.09,347.89
2024-05-14 16:00:00,347.94,348.19,340.00,341.06
2024-05-14 20:00:00,341.11,345.76,333.35,339.68
2024-05-15 00:00:00,339.60,349.38,335.16,345.19
2024-05-15 04:00:00,345.11,348.88,339.77,343.62
2024-05-15 08:00:00,343.51,347.80,340.32,346.05
2024-05-15 12:00:00,346.05,350.75,343.89,348.57
2024-05-15 16:00:00,348.64,361.66,343.51,355.46
2024-05-15 20:00:00,355.51,392.00,354.24,379.27
2024-05-16 00:00:00,379.16,393.86,376.00,389.19
2024-05-16 04:00:00,389.13,397.87,386.02,389.64
2024-05-16 08:00:00,389.64,391.61,380.20,387.56
2024-05-16 12:00:00,387.50,400.10,385.55,397.96
2024-05-16 16:00:00,397.88,404.92,392.33,403.52
2024-05-16 20:00:00,403.43,403.83,375.31,383.57
2024-05-17 00:00:00,383.56,391.65,378.65,384.63
2024-05-17 04:00:00,384.62,386.71,379.69,382.21
2024-05-17 08:00:00,382.25,387.89,378.08,385.14
2024-05-17 12:00:00,385.18,387.75,379.59,384.45
2024-05-17 16:00:00,384.51,386.48,377.52,379.45
2024-05-17 20:00:00,379.49,398.56,376.64,396.25
2024-05-18 00:00:00,396.26,398.58,380.74,384.32
2024-05-18 04:00:00,384.19,385.65,380.08,380.68
2024-05-18 08:00:00,380.61,384.90,377.50,384.22
2024-05-18 12:00:00,384.24,390.27,382.07,384.81
2024-05-18 16:00:00,384.81,390.15,382.51,382.79
2024-05-18 20:00:00,382.77,384.49,375.31,379.77
2024-05-19 00:00:00,379.83,388.53,379.06,385.01
2024-05-19 04:00:00,384.89,384.94,379.58,382.27
2024-05-19 08:00:00,382.31,387.70,381.33,385.78
2024-05-19 12:00:00,385.79,391.57,382.00,390.94
2024-05-19 16:00:00,390.93,394.10,378.22,380.08
2024-05-19 20:00:00,380.09,380.18,366.82,371.85
2024-05-20 00:00:00,371.84,375.26,360.74,362.31
2024-05-20 04:00:00,362.24,365.73,358.51,365.13
2024-05-20 08:00:00,365.00,369.00,357.73,367.01
2024-05-20 12:00:00,366.99,378.15,366.44,370.41
2024-05-20 16:00:00,370.45,376.52,367.00,367.82
2024-05-20 20:00:00,367.86,376.06,365.01,375.89
2024-05-21 00:00:00,375.84,418.85,375.12,416.80
2024-05-21 04:00:00,416.85,418.63,393.76,406.53
2024-05-21 08:00:00,406.72,411.65,389.73,407.70
2024-05-21 12:00:00,407.68,427.97,407.68,425.80
2024-05-21 16:00:00,425.80,445.84,422.36,441.74
2024-05-21 20:00:00,441.70,443.51,421.67,423.88
2024-05-22 00:00:00,423.91,457.92,412.00,419.16
2024-05-22 04:00:00,419.19,426.72,416.63,424.31
2024-05-22 08:00:00,424.32,426.47,415.80,424.22
2024-05-22 12:00:00,424.26,432.06,417.02,422.73
2024-05-22 16:00:00,422.67,439.00,420.00,427.94
2024-05-22 20:00:00,427.86,438.59,421.01,437.05
2024-05-23 00:00:00,437.31,460.00,430.82,450.25
2024-05-23 04:00:00,450.31,477.29,439.50,447.13
2024-05-23 08:00:00,447.05,460.88,438.58,458.43
2024-05-23 12:00:00,458.32,487.79,456.81,481.76
2024-05-23 16:00:00,481.82,491.49,471.19,481.42
2024-05-23 20:00:00,481.42,481.42,440.09,452.00
2024-05-24 00:00:00,451.98,458.04,441.74,449.45
2024-05-24 04:00:00,449.62,465.93,433.55,450.75
2024-05-24 08:00:00,450.77,467.13,447.63,465.02
2024-05-24 12:00:00,464.93,469.33,432.59,440.01
2024-05-24 16:00:00,440.00,441.82,428.28,431.08
2024-05-24 20:00:00,431.05,435.49,422.50,433.53
2024-05-25 00:00:00,433.79,439.90,426.25,439.61
2024-05-25 04:00:00,439.62,443.05,431.58,436.67
2024-05-25 08:00:00,436.57,441.22,433.06,437.32
2024-05-25 12:00:00,437.27,448.50,436.78,439.84
2024-05-25 16:00:00,439.77,444.70,435.50,436.35
2024-05-25 20:00:00,436.34,436.44,428.33,434.44
2024-05-26 00:00:00,434.40,435.69,428.76,429.41
2024-05-26 04:00:00,429.42,430.20,422.23,424.78
2024-05-26 08:00:00,424.76,429.88,422.59,427.86
2024-05-26 12:00:00,427.75,429.63,423.00,424.03
2024-05-26 16:00:00,424.03,431.14,416.89,429.18
2024-05-26 20:00:00,429.30,443.29,425.11,436.72
2024-05-27 00:00:00,436.72,444.61,435.11,437.56
2024-05-27 04:00:00,437.64,437.72,425.31,435.98
2024-05-27 08:00:00,435.97,450.92,435.47,441.97
2024-05-27 12:00:00,442.01,444.36,431.05,432.44
2024-05-27 16:00:00,432.31,435.87,425.53,432.14
2024-05-27 20:00:00,432.09,443.40,427.55,441.64
2024-05-28 00:00:00,441.72,445.60,430.68,434.05
2024-05-28 04:00:00,434.05,440.58,433.13,438.56
2024-05-28 08:00:00,438.53,438.64,422.56,428.59
2024-05-28 12:00:00,428.68,430.70,420.01,426.47
2024-05-28 16:00:00,426.48,439.44,425.04,425.40
2024-05-28 20:00:00,425.41,428.83,417.07,423.00
2024-05-29 00:00:00,423.02,424.44,413.01,419.81
2024-05-29 04:00:00,419.71,422.41,414.29,419.23
2024-05-29 08:00:00,419.28,423.42,418.10,420.80
2024-05-29 12:00:00,420.69,427.48,410.13,410.71
2024-05-29 16:00:00,410.65,414.36,402.41,406.71
2024-05-29 20:00:00,406.71,412.14,400.00,400.77
2024-05-30 00:00:00,400.77,402.06,394.10,396.83
2024-05-30 04:00:00,396.83,399.01,394.56,395.40
2024-05-30 08:00:00,395.38,406.30,394.71,403.42
2024-05-30 12:00:00,403.45,408.40,387.21,389.67
2024-05-30 16:00:00,389.48,397.88,383.40,395.19
2024-05-30 20:00:00,395.18,413.71,394.84,409.65
2024-05-31 00:00:00,409.58,410.30,396.72,397.63
2024-05-31 04:00:00,397.57,397.71,388.35,390.73
2024-05-31 08:00:00,390.74,392.01,386.10,390.03
2024-05-31 12:00:00,389.98,393.31,384.16,389.30
2024-05-31 16:00:00,389.26,398.00,385.28,394.92
2024-05-31 20:00:00,394.89,395.78,385.07,386.17
2024-06-01 00:00:00,386.22,393.98,378.41,392.96
2024-06-01 04:00:00,392.95,395.38,387.88,389.38
2024-06-01 08:00:00,389.38,391.21,387.16,389.93
2024-06-01 12:00:00,389.95,395.43,389.49,393.20
2024-06-01 16:00:00,393.20,396.08,388.02,389.93
2024-06-01 20:00:00,389.83,403.06,389.26,394.00
2024-06-02 00:00:00,394.00,397.98,392.51,393.75
2024-06-02 04:00:00,393.70,394.22,385.34,386.92
2024-06-02 08:00:00,386.91,395.37,386.03,391.17
2024-06-02 12:00:00,391.17,397.21,388.37,395.64
2024-06-02 16:00:00,395.55,403.33,388.50,397.04
2024-06-02 20:00:00,397.08,399.94,391.33,392.03
2024-06-03 00:00:00,391.97,392.97,378.80,386.81
2024-06-03 04:00:00,386.77,387.33,379.34,381.31
2024-06-03 08:00:00,381.26,385.70,376.00,379.57
2024-06-03 12:00:00,379.54,383.90,376.07,382.25
2024-06-03 16:00:00,382.16,386.57,380.00,381.35
2024-06-03 20:00:00,381.32,386.00,373.57,385.26
2024-06-04 00:00:00,385.58,390.80,377.14,379.80
2024-06-04 04:00:00,379.75,381.96,376.03,378.91
2024-06-04 08:00:00,378.88,385.36,377.92,384.05
2024-06-04 12:00:00,384.03,385.96,378.10,383.09
2024-06-04 16:00:00,383.00,385.66,379.50,384.44
2024-06-04 20:00:00,384.33,392.73,381.38,391.48
2024-06-05 00:00:00,391.44,399.63,390.22,394.77
2024-06-05 04:00:00,394.70,400.00,389.51,398.04
2024-06-05 08:00:00,398.03,411.61,394.60,404.46
2024-06-05 12:00:00,404.43,410.46,399.39,401.84
2024-06-05 16:00:00,401.87,411.34,398.30,410.81
2024-06-05 20:00:00,410.82,422.17,403.48,418.12
2024-06-06 00:00:00,418.11,424.98,410.72,415.72
2024-06-06 04:00:00,415.80,421.96,414.62,418.72
2024-06-06 08:00:00,418.65,421.04,416.24,417.67
2024-06-06 12:00:00,417.70,419.25,403.11,409.09
2024-06-06 16:00:00,409.12,425.90,408.10,419.29
2024-06-06 20:00:00,419.29,433.69,412.39,427.69
2024-06-07 00:00:00,427.71,434.99,418.21,418.44
2024-06-07 04:00:00,418.47,427.63,413.14,424.44
2024-06-07 08:00:00,424.35,429.41,415.55,419.92
2024-06-07 12:00:00,419.88,431.49,418.32,427.80
2024-06-07 16:00:00,427.84,432.93,420.88,430.48
2024-06-07 20:00:00,430.53,436.05,415.57,425.29
2024-06-08 00:00:00,425.29,425.50,324.11,391.09
2024-06-08 04:00:00,391.05,398.79,386.89,392.59
2024-06-08 08:00:00,392.40,399.33,388.51,392.50
2024-06-08 12:00:00,392.49,393.33,386.26,387.92
2024-06-08 16:00:00,387.97,394.39,375.66,378.03
2024-06-08 20:00:00,378.08,380.72,362.11,369.90
2024-06-09 00:00:00,369.92,374.01,363.06,367.42
2024-06-09 04:00:00,367.39,368.62,358.13,361.49
2024-06-09 08:00:00,361.47,365.75,356.36,360.88
2024-06-09 12:00:00,360.90,367.83,358.54,363.34
2024-06-09 16:00:00,363.34,364.51,353.68,357.41
2024-06-09 20:00:00,357.37,363.36,352.30,360.19
2024-06-10 00:00:00,360.27,368.34,359.29,364.91
2024-06-10 04:00:00,365.02,366.19,360.08,361.94
2024-06-10 08:00:00,361.98,367.53,358.48,364.50
2024-06-10 12:00:00,364.38,364.57,337.03,339.33
2024-06-10 16:00:00,339.35,353.83,338.72,348.12
2024-06-10 20:00:00,348.01,359.91,341.30,355.64
2024-06-11 00:00:00,355.78,357.10,344.24,346.64
2024-06-11 04:00:00,346.60,346.60,340.23,342.90
2024-06-11 08:00:00,342.92,349.29,330.25,337.52
2024-06-11 12:00:00,337.49,338.82,327.74,332.43
2024-06-11 16:00:00,332.45,338.88,327.99,329.71
2024-06-11 20:00:00,329.75,335.00,320.55,323.12
2024-06-12 00:00:00,323.13,328.54,313.68,323.37
2024-06-12 04:00:00,323.38,328.81,322.84,325.53
2024-06-12 08:00:00,325.56,325.64,310.91,315.12
2024-06-12 12:00:00,315.19,327.47,313.92,326.16
2024-06-12 16:00:00,326.17,340.57,324.37,335.44
2024-06-12 20:00:00,335.50,371.93,334.72,370.72
2024-06-13 00:00:00,370.66,372.39,341.09,343.65
2024-06-13 04:00:00,343.73,357.39,341.31,354.04
2024-06-13 08:00:00,354.11,355.98,326.88,333.87
2024-06-13 12:00:00,333.89,340.32,333.05,334.64
2024-06-13 16:00:00,334.71,337.30,324.52,326.70
2024-06-13 20:00:00,326.65,332.43,315.57,317.23
2024-06-14 00:00:00,317.32,327.45,315.22,322.33
2024-06-14 04:00:00,322.38,323.56,313.56,315.95
2024-06-14 08:00:00,316.01,318.82,311.02,314.58
2024-06-14 12:00:00,314.67,324.50,314.03,317.61
2024-06-14 16:00:00,317.60,323.53,316.16,318.22
2024-06-14 20:00:00,318.30,321.54,308.86,311.67
2024-06-15 00:00:00,311.69,312.37,287.04,302.25
2024-06-15 04:00:00,302.11,312.57,299.80,302.48
2024-06-15 08:00:00,302.54,304.60,297.46,299.94
2024-06-15 12:00:00,299.97,303.31,295.22,302.31
2024-06-15 16:00:00,302.30,308.00,302.23,306.38
2024-06-15 20:00:00,306.42,309.29,300.60,303.12
2024-06-16 00:00:00,303.17,309.33,302.96,304.72
2024-06-16 04:00:00,304.69,305.98,300.77,302.11
2024-06-16 08:00:00,302.13,308.78,298.35,305.63
2024-06-16 12:00:00,305.63,309.95,301.89,308.35
2024-06-16 16:00:00,308.28,311.22,305.55,308.47
2024-06-16 20:00:00,308.54,317.59,306.71,311.78
2024-06-17 00:00:00,311.74,315.08,310.45,312.64
2024-06-17 04:00:00,312.68,313.08,304.42,305.85
2024-06-17 08:00:00,305.87,309.08,297.01,298.92
2024-06-17 12:00:00,298.96,302.78,289.18,292.79
2024-06-17 16:00:00,292.82,296.52,280.60,295.91
2024-06-17 20:00:00,295.90,303.58,292.95,293.72
2024-06-18 00:00:00,293.70,306.50,286.50,302.08
2024-06-18 04:00:00,302.19,302.75,286.54,288.48
2024-06-18 08:00:00,288.48,289.67,235.28,272.42
2024-06-18 12:00:00,272.36,283.20,265.81,276.92
2024-06-18 16:00:00,276.94,291.72,273.00,277.34
2024-06-18 20:00:00,277.34,279.84,256.64,271.89
2024-06-19 00:00:00,271.97,276.06,265.35,270.48
2024-06-19 04:00:00,270.48,294.61,266.94,293.16
2024-06-19 08:00:00,293.16,298.20,285.27,290.08
2024-06-19 12:00:00,290.17,307.88,289.32,303.65
2024-06-19 16:00:00,303.65,310.60,296.19,303.45
2024-06-19 20:00:00,303.49,314.32,299.68,303.58
2024-06-20 00:00:00,303.57,306.39,294.78,296.65
2024-06-20 04:00:00,296.69,299.63,293.64,299.25
2024-06-20 08:00:00,299.25,306.31,296.68,300.93
2024-06-20 12:00:00,300.88,318.73,298.43,318.68
2024-06-20 16:00:00,318.72,320.85,308.23,310.60
2024-06-20 20:00:00,310.70,310.98,296.99,300.36
2024-06-21 00:00:00,300.40,306.89,295.05,304.80
2024-06-21 04:00:00,304.75,305.33,298.26,298.96
2024-06-21 08:00:00,298.92,301.16,293.52,297.40
2024-06-21 12:00:00,297.47,301.43,291.58,293.10
2024-06-21 16:00:00,293.08,301.24,289.00,290.69
2024-06-21 20:00:00,290.59,294.14,281.94,287.03
2024-06-22 00:00:00,287.04,291.26,281.94,289.48
2024-06-22 04:00:00,289.46,291.68,284.55,285.93
2024-06-22 08:00:00,285.98,288.78,281.40,286.32
2024-06-22 12:00:00,286.45,286.54,281.77,283.46
2024-06-22 16:00:00,283.47,286.28,279.88,282.60
2024-06-22 20:00:00,282.57,285.31,280.77,284.90
2024-06-23 00:00:00,284.90,285.33,277.15,277.86
2024-06-23 04:00:00,277.89,281.77,276.38,278.87
2024-06-23 08:00:00,278.82,286.38,278.24,286.20
2024-06-23 12:00:00,286.19,290.36,283.90,287.14
2024-06-23 16:00:00,287.05,288.33,281.73,283.34
2024-06-23 20:00:00,283.40,286.68,279.70,280.20
2024-06-24 00:00:00,280.16,282.69,275.90,278.52
2024-06-24 04:00:00,278.48,278.65,268.83,272.38
2024-06-24 08:00:00,272.38,273.40,264.60,268.20
2024-06-24 12:00:00,268.18,269.43,263.42,264.27
2024-06-24 16:00:00,264.30,278.44,258.34,271.87
2024-06-24 20:00:00,271.85,282.61,268.59,275.50
2024-06-25 00:00:00,275.51,282.66,270.02,272.11
2024-06-25 04:00:00,272.09,283.05,271.05,276.03
2024-06-25 08:00:00,276.04,283.64,274.13,280.97
2024-06-25 12:00:00,281.00,286.00,275.94,276.28
2024-06-25 16:00:00,276.32,283.69,272.86,281.78
2024-06-25 20:00:00,281.71,292.82,280.49,287.16
2024-06-26 00:00:00,287.31,295.06,283.77,292.11
2024-06-26 04:00:00,292.07,292.80,286.63,288.47
2024-06-26 08:00:00,288.43,290.79,284.35,285.73
2024-06-26 12:00:00,285.70,286.74,282.39,286.43
2024-06-26 16:00:00,286.36,287.28,281.23,283.90
2024-06-26 20:00:00,283.80,287.95,279.93,281.37
2024-06-27 00:00:00,281.31,281.43,275.10,281.02
2024-06-27 04:00:00,281.02,284.49,277.01,279.61
2024-06-27 08:00:00,279.61,281.65,276.08,276.48
2024-06-27 12:00:00,276.55,279.68,272.25,274.82
2024-06-27 16:00:00,274.84,282.74,274.14,280.43
2024-06-27 20:00:00,280.39,291.03,280.28,283.85
2024-06-28 00:00:00,283.90,285.02,279.79,282.63
2024-06-28 04:00:00,282.65,286.00,281.07,284.50
2024-06-28 08:00:00,284.50,293.15,281.47,287.38
2024-06-28 12:00:00,287.36,287.53,281.61,283.76
2024-06-28 16:00:00,283.73,284.90,279.73,283.47
2024-06-28 20:00:00,283.57,287.13,275.57,281.80
2024-06-29 00:00:00,281.84,282.04,272.87,273.67
2024-06-29 04:00:00,273.70,275.16,264.19,268.06
2024-06-29 08:00:00,268.06,271.80,265.40,268.56
2024-06-29 12:00:00,268.60,273.01,266.54,272.22
2024-06-29 16:00:00,272.22,272.88,265.78,266.51
2024-06-29 20:00:00,266.55,267.97,262.92,263.66
2024-06-30 00:00:00,263.59,264.29,260.20,262.59
2024-06-30 04:00:00,262.55,263.49,257.68,259.78
2024-06-30 08:00:00,259.81,260.42,255.34,256.54
2024-06-30 12:00:00,256.54,259.62,252.08,256.02
2024-06-30 16:00:00,256.08,259.78,255.39,258.08
2024-06-30 20:00:00,258.08,262.12,256.39,261.54
2024-07-01 00:00:00,261.57,270.50,260.07,269.14
2024-07-01 04:00:00,269.18,274.26,265.74,271.90
2024-07-01 08:00:00,271.90,281.48,270.26,279.24
2024-07-01 12:00:00,279.18,281.03,276.13,278.32
2024-07-01 16:00:00,278.35,280.81,272.61,273.70
2024-07-01 20:00:00,273.62,279.64,272.34,276.38
2024-07-02 00:00:00,276.43,284.52,275.05,282.67
2024-07-02 04:00:00,282.55,284.06,271.72,276.21
2024-07-02 08:00:00,276.26,277.91,272.71,274.16
2024-07-02 12:00:00,274.21,275.42,268.83,269.52
2024-07-02 16:00:00,269.53,273.31,267.96,271.60
2024-07-02 20:00:00,271.60,274.37,266.30,267.36
2024-07-03 00:00:00,267.41,267.72,259.19,260.52
2024-07-03 04:00:00,260.53,261.15,236.15,241.65
2024-07-03 08:00:00,241.65,241.80,225.97,229.98
2024-07-03 12:00:00,229.99,242.91,228.55,242.05
2024-07-03 16:00:00,242.04,243.03,231.01,237.26
2024-07-03 20:00:00,237.23,237.46,228.69,233.29
2024-07-04 00:00:00,233.26,237.08,228.71,229.54
2024-07-04 04:00:00,229.52,239.17,229.28,236.71
2024-07-04 08:00:00,236.75,239.81,227.62,237.52
2024-07-04 12:00:00,237.43,237.44,228.89,229.44
2024-07-04 16:00:00,229.40,229.97,216.39,226.34
2024-07-04 20:00:00,226.34,227.86,219.13,224.72
2024-07-05 00:00:00,224.71,228.86,222.64,226.85
2024-07-05 04:00:00,226.88,234.88,219.06,221.80
2024-07-05 08:00:00,221.80,221.80,191.30,199.75
2024-07-05 12:00:00,199.72,209.70,194.30,204.73
2024-07-05 16:00:00,204.75,214.98,199.28,214.69
2024-07-05 20:00:00,214.63,225.41,210.93,223.77
2024-07-06 00:00:00,223.80,229.84,219.60,221.68
2024-07-06 04:00:00,221.71,225.98,219.19,223.86
2024-07-06 08:00:00,223.87,228.53,219.11,220.55
2024-07-06 12:00:00,220.54,228.68,219.11,226.00
2024-07-06 16:00:00,226.00,227.57,220.20,224.60
2024-07-06 20:00:00,224.60,229.68,222.16,227.25
2024-07-07 00:00:00,227.27,232.55,224.82,226.43
2024-07-07 04:00:00,226.45,232.83,226.20,230.63
2024-07-07 08:00:00,230.65,232.49,224.53,228.47
2024-07-07 12:00:00,228.47,229.24,220.33,223.07
2024-07-07 16:00:00,223.08,229.95,222.13,227.53
2024-07-07 20:00:00,227.56,231.32,215.00,218.70
2024-07-08 00:00:00,218.73,223.84,217.58,219.39
2024-07-08 04:00:00,219.35,221.89,212.95,216.09
2024-07-08 08:00:00,216.09,217.16,204.58,214.39
2024-07-08 12:00:00,214.34,220.44,213.08,214.86
2024-07-08 16:00:00,214.92,241.16,214.18,239.40
2024-07-08 20:00:00,239.42,239.58,221.44,226.26
2024-07-09 00:00:00,226.30,233.59,224.10,229.38
2024-07-09 04:00:00,229.45,232.30,226.43,230.89
2024-07-09 08:00:00,230.89,238.47,228.65,234.12
2024-07-09 12:00:00,234.12,238.62,232.47,236.99
2024-07-09 16:00:00,236.99,255.00,234.36,252.02
2024-07-09 20:00:00,252.00,266.74,247.45,261.86
2024-07-10 00:00:00,261.89,267.90,255.31,259.36
2024-07-10 04:00:00,259.37,260.70,250.30,255.21
2024-07-10 08:00:00,255.21,258.24,251.53,257.96
2024-07-10 12:00:00,257.94,266.15,257.36,262.00
2024-07-10 16:00:00,262.05,272.45,259.54,270.11
2024-07-10 20:00:00,270.15,270.39,260.48,264.75
2024-07-11 00:00:00,264.78,266.89,259.37,260.05
2024-07-11 04:00:00,260.06,261.14,257.50,259.60
2024-07-11 08:00:00,259.58,261.96,249.78,251.36
2024-07-11 12:00:00,251.35,254.92,250.50,252.00
2024-07-11 16:00:00,252.00,257.00,251.57,255.05
2024-07-11 20:00:00,255.05,259.80,246.19,247.28
2024-07-12 00:00:00,247.23,254.50,245.00,248.39
2024-07-12 04:00:00,248.39,248.68,243.80,245.80
2024-07-12 08:00:00,245.88,248.79,241.71,244.00
2024-07-12 12:00:00,244.01,244.80,241.35,242.47
2024-07-12 16:00:00,242.45,244.91,238.40,239.59
2024-07-12 20:00:00,239.56,244.86,238.80,243.80
2024-07-13 00:00:00,243.74,243.98,240.00,240.38
2024-07-13 04:00:00,240.37,247.07,236.27,241.49
2024-07-13 08:00:00,241.49,244.47,240.39,243.81
2024-07-13 12:00:00,243.80,246.37,240.08,245.80
2024-07-13 16:00:00,245.77,253.36,244.67,247.00
2024-07-13 20:00:00,246.89,258.93,246.05,257.57
2024-07-14 00:00:00,257.56,263.47,253.14,255.93
2024-07-14 04:00:00,255.92,260.66,255.02,257.42
2024-07-14 08:00:00,257.36,262.00,255.58,259.60
2024-07-14 12:00:00,259.63,265.95,258.41,265.17
2024-07-14 16:00:00,265.14,275.50,265.07,267.00
2024-07-14 20:00:00,267.03,267.11,260.61,264.47
2024-07-15 00:00:00,264.45,265.77,260.27,262.24
2024-07-15 04:00:00,262.21,279.35,261.51,276.88
2024-07-15 08:00:00,276.92,285.00,275.39,281.87
2024-07-15 12:00:00,281.85,284.74,277.29,281.11
2024-07-15 16:00:00,281.21,291.73,279.68,286.84
2024-07-15 20:00:00,286.80,302.93,286.73,300.15
2024-07-16 00:00:00,300.19,303.33,291.94,295.86
2024-07-16 04:00:00,295.88,301.12,293.88,298.96
2024-07-16 08:00:00,298.89,300.93,294.64,297.05
2024-07-16 12:00:00,297.07,298.53,283.37,284.30
2024-07-16 16:00:00,284.25,296.23,280.82,293.63
2024-07-16 20:00:00,293.70,299.20,287.61,298.89
2024-07-17 00:00:00,298.80,306.24,294.50,304.59
2024-07-17 04:00:00,304.49,307.87,296.67,304.12
2024-07-17 08:00:00,304.16,317.32,302.36,311.14
2024-07-17 12:00:00,311.16,326.96,306.88,323.09
2024-07-17 16:00:00,323.11,325.26,307.27,307.54
2024-07-17 20:00:00,307.72,326.82,307.16,317.22
2024-07-18 00:00:00,317.29,323.48,307.20,319.93
2024-07-18 04:00:00,319.94,323.55,317.03,319.19
2024-07-18 08:00:00,319.18,324.40,316.80,317.76
2024-07-18 12:00:00,317.86,319.89,312.52,316.40
2024-07-18 16:00:00,316.46,325.00,314.63,324.80
2024-07-18 20:00:00,324.79,337.50,320.00,324.12
2024-07-19 00:00:00,324.11,329.28,320.00,326.86
2024-07-19 04:00:00,326.83,337.00,323.98,336.22
2024-07-19 08:00:00,336.27,348.58,328.57,344.96
2024-07-19 12:00:00,344.92,345.80,327.04,327.44
2024-07-19 16:00:00,327.42,330.75,322.32,329.79
2024-07-19 20:00:00,329.76,350.47,326.53,346.69
2024-07-20 00:00:00,346.69,360.64,346.32,352.25
2024-07-20 04:00:00,352.42,356.84,347.89,355.07
2024-07-20 08:00:00,355.14,358.59,350.71,353.94
2024-07-20 12:00:00,354.03,356.45,349.50,350.80
2024-07-20 16:00:00,350.77,351.34,343.17,343.90
2024-07-20 20:00:00,343.87,346.32,339.06,342.46
2024-07-21 00:00:00,342.46,345.53,340.75,341.14
2024-07-21 04:00:00,341.10,342.64,336.25,337.91
2024-07-21 08:00:00,337.94,343.69,336.03,339.54
2024-07-21 12:00:00,339.52,342.54,333.34,337.30
2024-07-21 16:00:00,337.41,340.04,335.00,337.70
2024-07-21 20:00:00,337.70,344.26,336.77,339.29
2024-07-22 00:00:00,339.33,343.37,326.58,341.90
2024-07-22 04:00:00,341.87,355.48,340.80,350.38
2024-07-22 08:00:00,350.40,355.86,348.77,350.90
2024-07-22 12:00:00,350.94,351.22,334.09,337.39
2024-07-22 16:00:00,337.33,338.42,331.50,336.28
2024-07-22 20:00:00,336.35,340.88,321.90,325.77
2024-07-23 00:00:00,325.99,333.19,320.82,333.19
2024-07-23 04:00:00,333.19,333.47,321.59,324.95
2024-07-23 08:00:00,324.93,334.50,324.93,326.85
2024-07-23 12:00:00,326.82,327.12,313.02,319.56
2024-07-23 16:00:00,319.64,331.09,319.25,323.37
2024-07-23 20:00:00,323.51,323.98,308.03,309.31
2024-07-24 00:00:00,309.38,311.11,301.31,305.72
2024-07-24 04:00:00,305.76,329.63,305.67,328.79
2024-07-24 08:00:00,328.78,331.46,320.09,327.31
2024-07-24 12:00:00,327.30,329.94,322.72,327.95
2024-07-24 16:00:00,328.04,344.96,327.86,343.53
2024-07-24 20:00:00,343.64,345.61,332.23,334.07
2024-07-25 00:00:00,334.05,340.43,329.51,334.06
2024-07-25 04:00:00,334.11,339.70,329.90,332.15
2024-07-25 08:00:00,332.15,335.00,315.00,323.24
2024-07-25 12:00:00,323.15,335.61,322.56,328.64
2024-07-25 16:00:00,328.64,331.34,315.57,316.30
2024-07-25 20:00:00,316.18,326.27,311.61,323.16
2024-07-26 00:00:00,323.19,330.62,310.56,316.19
2024-07-26 04:00:00,316.27,332.58,310.65,327.54
2024-07-26 08:00:00,327.52,334.56,324.85,334.16
2024-07-26 12:00:00,334.16,351.35,333.01,347.16
2024-07-26 16:00:00,347.04,363.44,342.15,362.68
2024-07-26 20:00:00,362.68,366.60,357.99,361.19
2024-07-27 00:00:00,361.22,366.97,351.17,353.64
2024-07-27 04:00:00,353.59,355.30,349.42,351.10
2024-07-27 08:00:00,351.09,352.19,344.59,345.59
2024-07-27 12:00:00,345.59,350.64,342.93,348.67
2024-07-27 16:00:00,348.75,349.47,339.10,343.29
2024-07-27 20:00:00,343.26,347.44,338.57,343.35
2024-07-28 00:00:00,343.21,349.48,335.56,343.29
2024-07-28 04:00:00,343.28,346.39,333.19,337.52
2024-07-28 08:00:00,337.51,341.48,331.48,336.00
2024-07-28 12:00:00,335.95,337.04,329.84,333.20
2024-07-28 16:00:00,333.21,335.58,332.17,333.04
2024-07-28 20:00:00,333.08,337.96,332.00,336.02
2024-07-29 00:00:00,336.04,338.93,333.26,337.30
2024-07-29 04:00:00,337.15,337.52,331.95,335.16
2024-07-29 08:00:00,335.18,345.83,334.35,342.77
2024-07-29 12:00:00,342.84,347.44,342.72,344.23
2024-07-29 16:00:00,344.31,345.75,338.42,340.25
2024-07-29 20:00:00,340.30,340.34,322.71,328.28
2024-07-30 00:00:00,328.40,330.33,323.51,326.54
2024-07-30 04:00:00,326.56,327.76,318.23,318.60
2024-07-30 08:00:00,318.70,322.64,315.07,319.70
2024-07-30 12:00:00,319.75,327.23,318.23,325.40
2024-07-30 16:00:00,325.36,326.02,318.79,321.03
2024-07-30 20:00:00,321.06,329.37,319.81,327.09
2024-07-31 00:00:00,327.04,328.99,315.49,321.67
2024-07-31 04:00:00,321.66,323.32,316.95,321.22
2024-07-31 08:00:00,321.17,322.62,312.34,315.20
2024-07-31 12:00:00,315.25,319.65,312.78,315.92
2024-07-31 16:00:00,315.93,316.40,312.00,313.42
2024-07-31 20:00:00,313.39,317.20,308.36,311.27
2024-08-01 00:00:00,311.21,317.30,308.22,310.61
2024-08-01 04:00:00,310.59,311.66,299.59,302.05
2024-08-01 08:00:00,302.04,304.87,296.20,297.11
2024-08-01 12:00:00,297.12,298.94,290.50,292.81
2024-08-01 16:00:00,292.85,295.22,290.50,291.67
2024-08-01 20:00:00,291.78,296.18,279.52,283.64
2024-08-02 00:00:00,283.65,285.08,275.00,280.33
2024-08-02 04:00:00,280.26,299.05,278.11,297.83
2024-08-02 08:00:00,297.81,298.43,287.80,292.41
2024-08-02 12:00:00,292.36,293.72,282.24,284.93
2024-08-02 16:00:00,284.98,292.27,282.57,289.67
2024-08-02 20:00:00,289.63,295.46,265.91,273.92
2024-08-03 00:00:00,273.96,274.74,260.06,262.19
2024-08-03 04:00:00,262.23,266.75,259.38,263.08
2024-08-03 08:00:00,263.15,268.00,254.02,267.97
2024-08-03 12:00:00,267.97,272.36,265.70,266.57
2024-08-03 16:00:00,266.60,267.77,264.89,266.98
2024-08-03 20:00:00,266.97,271.44,260.22,260.80
2024-08-04 00:00:00,260.80,263.98,246.66,246.80
2024-08-04 04:00:00,246.87,252.27,245.75,248.21
2024-08-04 08:00:00,248.16,254.13,247.37,252.21
2024-08-04 12:00:00,252.25,252.72,245.21,245.85
2024-08-04 16:00:00,245.81,249.13,244.80,246.56
2024-08-04 20:00:00,246.52,247.96,223.73,223.87
2024-08-05 00:00:00,223.90,229.80,207.50,229.26
2024-08-05 04:00:00,229.27,229.96,216.47,217.54
2024-08-05 08:00:00,217.54,219.08,180.19,186.91
2024-08-05 12:00:00,186.96,195.81,163.38,191.68
2024-08-05 16:00:00,191.67,203.95,181.90,190.26
2024-08-05 20:00:00,190.21,222.63,180.68,216.26
2024-08-06 00:00:00,216.30,229.88,211.90,219.48
2024-08-06 04:00:00,219.43,237.66,219.38,228.85
2024-08-06 08:00:00,228.92,252.85,227.66,249.43
2024-08-06 12:00:00,249.43,261.83,245.21,259.16
2024-08-06 16:00:00,259.15,261.03,248.16,248.80
2024-08-06 20:00:00,248.72,271.00,247.43,262.96
2024-08-07 00:00:00,262.97,266.96,255.84,258.08
2024-08-07 04:00:00,258.09,264.53,255.57,259.21
2024-08-07 08:00:00,259.19,269.56,255.35,264.14
2024-08-07 12:00:00,264.10,272.47,263.38,268.38
2024-08-07 16:00:00,268.40,272.07,260.49,261.21
2024-08-07 20:00:00,261.21,269.60,248.88,254.99
2024-08-08 00:00:00,255.03,257.44,248.64,250.61
2024-08-08 04:00:00,250.62,253.95,245.52,247.72
2024-08-08 08:00:00,247.70,269.62,243.24,264.42
2024-08-08 12:00:00,264.41,270.40,263.27,267.56
2024-08-08 16:00:00,267.58,288.16,266.27,284.71
2024-08-08 20:00:00,284.73,287.88,271.86,286.00
2024-08-09 00:00:00,286.05,293.48,285.87,290.30
2024-08-09 04:00:00,290.27,318.59,288.85,305.02
2024-08-09 08:00:00,305.02,313.82,298.79,310.78
2024-08-09 12:00:00,310.71,316.00,303.41,310.64
2024-08-09 16:00:00,310.67,320.62,304.72,309.30
2024-08-09 20:00:00,309.28,310.20,293.28,294.82
2024-08-10 00:00:00,294.82,301.62,290.78,296.58
2024-08-10 04:00:00,296.67,307.71,291.25,297.67
2024-08-10 08:00:00,297.75,303.29,295.40,297.82
2024-08-10 12:00:00,297.85,297.97,292.62,293.68
2024-08-10 16:00:00,293.75,295.79,289.99,292.65
2024-08-10 20:00:00,292.64,293.99,284.92,285.05
2024-08-11 00:00:00,285.01,289.37,283.58,288.34
2024-08-11 04:00:00,288.35,300.00,286.65,295.32
2024-08-11 08:00:00,295.33,298.91,289.53,297.20
2024-08-11 12:00:00,297.24,311.05,296.55,305.90
2024-08-11 16:00:00,305.90,310.57,303.18,304.27
2024-08-11 20:00:00,304.26,305.09,283.65,286.31
2024-08-12 00:00:00,286.31,293.83,282.22,283.48
2024-08-12 04:00:00,283.48,294.83,278.53,284.66
2024-08-12 08:00:00,284.66,290.49,280.40,282.77
2024-08-12 12:00:00,282.80,288.51,275.25,285.90
2024-08-12 16:00:00,285.97,297.29,285.79,294.44
2024-08-12 20:00:00,294.49,294.70,270.97,286.82
2024-08-13 00:00:00,286.78,290.87,275.96,280.54
2024-08-13 04:00:00,280.54,286.36,275.57,281.97
2024-08-13 08:00:00,282.12,286.00,276.02,277.18
2024-08-13 12:00:00,277.13,280.23,274.67,278.31
2024-08-13 16:00:00,278.29,281.29,274.23,279.17
2024-08-13 20:00:00,279.17,283.78,275.32,278.39
2024-08-14 00:00:00,278.41,289.06,277.99,282.83
2024-08-14 04:00:00,282.82,289.16,280.37,284.74
2024-08-14 08:00:00,284.74,288.16,281.43,285.25
2024-08-14 12:00:00,285.29,289.73,281.68,282.39
2024-08-14 16:00:00,282.40,285.85,279.72,281.51
2024-08-14 20:00:00,281.54,286.13,271.53,274.99
2024-08-15 00:00:00,274.95,278.22,273.39,274.98
2024-08-15 04:00:00,274.92,276.70,272.94,275.33
2024-08-15 08:00:00,275.35,280.50,272.75,273.15
2024-08-15 12:00:00,273.15,273.46,266.12,268.02
2024-08-15 16:00:00,268.04,271.90,265.80,271.11
2024-08-15 20:00:00,271.11,275.49,267.93,270.53
2024-08-16 00:00:00,270.49,273.43,255.00,260.46
2024-08-16 04:00:00,260.41,269.52,255.92,267.31
2024-08-16 08:00:00,267.32,274.37,266.56,268.83
2024-08-16 12:00:00,268.80,279.23,267.96,273.51
2024-08-16 16:00:00,273.50,274.93,268.16,269.35
2024-08-16 20:00:00,269.39,276.03,262.99,267.65
2024-08-17 00:00:00,267.65,278.99,266.29,277.69
2024-08-17 04:00:00,277.75,280.40,272.84,274.16
2024-08-17 08:00:00,274.16,275.21,268.66,270.39
2024-08-17 12:00:00,270.39,273.55,269.32,272.52
2024-08-17 16:00:00,272.52,273.10,266.60,267.55
2024-08-17 20:00:00,267.52,279.35,266.75,276.09
2024-08-18 00:00:00,276.12,279.15,272.69,274.58
2024-08-18 04:00:00,274.63,278.69,273.19,276.02
2024-08-18 08:00:00,276.01,278.42,271.80,273.38
2024-08-18 12:00:00,273.32,274.86,270.21,274.67
2024-08-18 16:00:00,274.65,294.55,273.78,292.21
2024-08-18 20:00:00,292.21,298.00,288.37,292.80
2024-08-19 00:00:00,292.92,295.19,285.72,287.15
2024-08-19 04:00:00,287.17,288.19,280.00,280.45
2024-08-19 08:00:00,280.46,283.99,278.28,282.10
2024-08-19 12:00:00,281.97,282.77,278.39,281.98
2024-08-19 16:00:00,281.99,287.00,275.00,283.45
2024-08-19 20:00:00,283.34,286.12,276.38,277.99
2024-08-20 00:00:00,277.95,288.00,276.25,282.97
2024-08-20 04:00:00,282.98,287.64,281.21,287.42
2024-08-20 08:00:00,287.41,306.00,286.51,304.34
2024-08-20 12:00:00,304.33,313.20,301.48,303.39
2024-08-20 16:00:00,303.29,304.86,297.44,299.12
2024-08-20 20:00:00,299.10,303.14,287.37,291.92
2024-08-21 00:00:00,291.90,296.95,288.96,295.63
2024-08-21 04:00:00,295.66,298.19,291.50,294.79
2024-08-21 08:00:00,294.76,300.22,292.63,294.25
2024-08-21 12:00:00,294.20,295.96,292.00,295.24
2024-08-21 16:00:00,295.27,295.84,288.19,289.56
2024-08-21 20:00:00,289.50,293.25,280.33,289.01
2024-08-22 00:00:00,288.90,304.70,288.14,302.68
2024-08-22 04:00:00,302.76,303.95,295.12,296.78
2024-08-22 08:00:00,296.76,297.73,290.19,294.21
2024-08-22 12:00:00,294.20,297.31,293.54,296.35
2024-08-22 16:00:00,296.35,310.88,295.57,310.31
2024-08-22 20:00:00,310.25,317.22,305.69,309.90
2024-08-23 00:00:00,309.85,315.32,309.24,314.14
2024-08-23 04:00:00,314.15,320.44,314.15,319.74
2024-08-23 08:00:00,319.77,335.18,319.73,330.46
2024-08-23 12:00:00,330.42,339.47,326.68,333.41
2024-08-23 16:00:00,333.41,343.24,330.81,338.37
2024-08-23 20:00:00,338.40,349.22,335.42,339.67
2024-08-24 00:00:00,339.66,356.43,336.22,351.40
2024-08-24 04:00:00,351.35,356.59,345.29,346.47
2024-08-24 08:00:00,346.47,349.33,341.08,344.17
2024-08-24 12:00:00,344.17,346.85,340.23,345.00
2024-08-24 16:00:00,345.00,348.38,337.22,338.24
2024-08-24 20:00:00,338.26,341.58,336.37,338.38
2024-08-25 00:00:00,338.38,345.33,338.14,342.20
2024-08-25 04:00:00,342.15,344.50,329.15,339.12
2024-08-25 08:00:00,339.12,340.13,328.16,332.24
2024-08-25 12:00:00,332.20,332.73,319.37,321.33
2024-08-25 16:00:00,321.39,333.31,319.41,331.64
2024-08-25 20:00:00,331.63,353.00,329.72,349.80
2024-08-26 00:00:00,349.83,354.59,345.90,348.15
2024-08-26 04:00:00,348.17,354.67,346.64,348.84
2024-08-26 08:00:00,348.84,358.07,346.83,351.35
2024-08-26 12:00:00,351.30,353.74,341.39,342.99
2024-08-26 16:00:00,343.04,350.83,341.39,346.04
2024-08-26 20:00:00,346.10,351.75,338.44,343.05
2024-08-27 00:00:00,343.05,350.52,336.79,339.12
2024-08-27 04:00:00,339.08,344.40,336.00,336.36
2024-08-27 08:00:00,336.36,355.53,336.34,351.67
2024-08-27 12:00:00,351.67,363.79,345.26,347.18
2024-08-27 16:00:00,347.18,348.23,331.18,335.99
2024-08-27 20:00:00,335.95,342.25,331.67,332.68
2024-08-28 00:00:00,332.62,340.08,326.46,327.05
2024-08-28 04:00:00,327.04,327.65,302.30,311.82
2024-08-28 08:00:00,311.76,319.78,302.50,319.37
2024-08-28 12:00:00,319.34,323.27,303.98,304.69
2024-08-28 16:00:00,304.73,326.15,304.62,316.17
2024-08-28 20:00:00,316.19,323.13,302.70,304.56
2024-08-29 00:00:00,304.56,313.04,291.33,307.23
2024-08-29 04:00:00,307.24,315.76,295.00,298.36
2024-08-29 08:00:00,298.37,303.85,294.07,295.20
2024-08-29 12:00:00,295.21,301.89,291.88,298.62
2024-08-29 16:00:00,298.62,308.55,291.03,302.16
2024-08-29 20:00:00,302.11,311.57,300.51,303.25
2024-08-30 00:00:00,303.33,307.56,283.83,286.20
2024-08-30 04:00:00,286.26,289.49,280.63,283.46
2024-08-30 08:00:00,283.42,283.93,277.04,278.81
2024-08-30 12:00:00,278.81,281.39,275.85,277.94
2024-08-30 16:00:00,277.96,284.04,277.94,279.72
2024-08-30 20:00:00,279.72,282.55,266.90,269.01
2024-08-31 00:00:00,269.06,280.42,267.11,277.14
2024-08-31 04:00:00,277.14,283.19,276.17,282.34
2024-08-31 08:00:00,282.34,291.15,281.68,283.87
2024-08-31 12:00:00,283.86,293.25,283.40,285.90
2024-08-31 16:00:00,285.97,286.60,282.33,284.24
2024-08-31 20:00:00,284.22,287.23,282.34,284.26
2024-09-01 00:00:00,284.31,284.69,279.09,280.58
2024-09-01 04:00:00,280.56,283.11,279.42,281.13
2024-09-01 08:00:00,281.09,281.79,274.43,276.37
2024-09-01 12:00:00,276.37,279.36,272.54,277.90
2024-09-01 16:00:00,277.87,278.97,270.30,273.14
2024-09-01 20:00:00,273.12,274.55,266.85,273.37
2024-09-02 00:00:00,273.34,279.67,268.88,277.62
2024-09-02 04:00:00,277.61,279.58,261.15,263.42
2024-09-02 08:00:00,263.41,272.28,263.15,272.02
2024-09-02 12:00:00,271.99,274.56,267.02,268.37
2024-09-02 16:00:00,268.25,284.09,267.74,276.93
2024-09-02 20:00:00,276.92,280.35,271.41,277.53
2024-09-03 00:00:00,277.55,280.20,274.82,275.46
2024-09-03 04:00:00,275.51,285.29,275.50,280.10
2024-09-03 08:00:00,280.00,287.05,279.70,280.56
2024-09-03 12:00:00,280.56,281.33,275.52,277.98
2024-09-03 16:00:00,277.95,278.00,272.88,274.87
2024-09-03 20:00:00,274.83,277.33,262.02,262.80
2024-09-04 00:00:00,262.84,265.51,260.08,261.27
2024-09-04 04:00:00,261.34,262.50,247.47,247.61
2024-09-04 08:00:00,247.65,253.32,238.53,252.65
2024-09-04 12:00:00,252.63,257.59,250.51,255.22
2024-09-04 16:00:00,255.24,257.30,251.16,252.86
2024-09-04 20:00:00,252.86,262.74,250.06,261.67
2024-09-05 00:00:00,261.69,267.24,254.47,256.77
2024-09-05 04:00:00,256.77,259.28,254.54,255.37
2024-09-05 08:00:00,255.39,258.55,250.26,250.99
2024-09-05 12:00:00,250.98,253.38,247.60,251.15
2024-09-05 16:00:00,251.06,253.29,245.43,246.24
2024-09-05 20:00:00,246.23,251.06,241.28,242.69
2024-09-06 00:00:00,242.70,243.50,236.58,237.84
2024-09-06 04:00:00,237.87,240.27,236.26,237.55
2024-09-06 08:00:00,237.54,242.68,236.98,240.21
2024-09-06 12:00:00,240.23,241.17,232.54,236.18
2024-09-06 16:00:00,236.15,243.52,235.63,240.71
2024-09-06 20:00:00,240.69,249.99,234.67,238.69
2024-09-07 00:00:00,238.69,240.54,226.63,229.05
2024-09-07 04:00:00,229.03,232.62,219.67,231.16
2024-09-07 08:00:00,231.16,237.54,231.00,234.47
2024-09-07 12:00:00,234.49,243.26,234.18,238.00
2024-09-07 16:00:00,238.01,239.80,235.71,237.86
2024-09-07 20:00:00,237.91,246.28,237.90,244.32
2024-09-08 00:00:00,244.31,245.04,235.51,238.66
2024-09-08 04:00:00,238.69,238.87,232.49,234.87
2024-09-08 08:00:00,234.89,238.85,233.94,237.74
2024-09-08 12:00:00,237.73,242.22,237.34,240.94
2024-09-08 16:00:00,240.93,248.00,239.44,242.00
2024-09-08 20:00:00,241.98,242.97,235.79,237.17
2024-09-09 00:00:00,237.14,242.89,235.48,241.12
2024-09-09 04:00:00,241.03,254.13,239.85,245.94
2024-09-09 08:00:00,245.91,253.96,245.52,250.21
2024-09-09 12:00:00,250.21,256.15,247.43,253.67
2024-09-09 16:00:00,253.65,262.87,252.72,260.82
2024-09-09 20:00:00,260.82,263.97,255.21,258.81
2024-09-10 00:00:00,258.75,283.62,258.57,280.27
2024-09-10 04:00:00,280.27,283.71,274.31,277.08
2024-09-10 08:00:00,277.03,279.30,273.90,274.63
2024-09-10 12:00:00,274.63,280.69,272.92,279.44
2024-09-10 16:00:00,279.42,281.38,275.03,280.08
2024-09-10 20:00:00,280.09,285.00,274.47,275.50
2024-09-11 00:00:00,275.52,285.15,275.45,283.88
2024-09-11 04:00:00,283.93,294.70,282.52,287.26
2024-09-11 08:00:00,287.27,288.01,279.75,281.04
2024-09-11 12:00:00,281.00,281.49,275.26,280.49
2024-09-11 16:00:00,280.44,280.85,272.90,275.68
2024-09-11 20:00:00,275.67,294.47,272.99,285.09
2024-09-12 00:00:00,284.99,292.09,276.34,280.72
2024-09-12 04:00:00,280.69,284.69,279.72,283.78
2024-09-12 08:00:00,283.79,290.06,281.74,283.37
2024-09-12 12:00:00,283.33,288.32,280.33,285.22
2024-09-12 16:00:00,285.20,292.54,283.05,286.80
2024-09-12 20:00:00,286.75,291.65,280.30,280.77
2024-09-13 00:00:00,280.72,296.62,280.43,295.26
2024-09-13 04:00:00,295.40,297.83,291.76,293.06
2024-09-13 08:00:00,293.06,297.17,286.77,287.74
2024-09-13 12:00:00,287.75,290.34,285.92,289.88
2024-09-13 16:00:00,289.88,291.19,284.17,285.28
2024-09-13 20:00:00,285.26,299.79,285.22,299.61
2024-09-14 00:00:00,299.65,317.36,299.03,312.49
2024-09-14 04:00:00,312.58,320.78,308.86,320.13
2024-09-14 08:00:00,320.14,324.55,316.27,323.13
2024-09-14 12:00:00,323.07,326.66,311.93,312.67
2024-09-14 16:00:00,312.62,316.86,310.88,314.26
2024-09-14 20:00:00,314.26,316.00,310.60,314.02
2024-09-15 00:00:00,314.01,321.97,310.66,319.64
2024-09-15 04:00:00,319.66,329.41,319.24,326.60
2024-09-15 08:00:00,326.62,335.54,324.66,332.66
2024-09-15 12:00:00,332.66,334.16,323.74,325.25
2024-09-15 16:00:00,325.19,326.23,320.37,322.31
2024-09-15 20:00:00,322.29,326.69,321.67,323.43
2024-09-16 00:00:00,323.43,324.61,316.52,320.14
2024-09-16 04:00:00,320.18,320.90,301.23,302.05
2024-09-16 08:00:00,302.04,303.40,291.66,301.97
2024-09-16 12:00:00,301.88,308.25,293.38,306.55
2024-09-16 16:00:00,306.53,307.46,296.37,297.35
2024-09-16 20:00:00,297.36,298.45,282.48,288.23
2024-09-17 00:00:00,288.22,290.21,283.57,285.50
2024-09-17 04:00:00,285.51,290.73,282.37,288.10
2024-09-17 08:00:00,288.10,289.40,282.00,287.72
2024-09-17 12:00:00,287.71,294.61,286.91,291.56
2024-09-17 16:00:00,291.53,312.62,291.33,304.27
2024-09-17 20:00:00,304.25,331.95,303.02,326.12
2024-09-18 00:00:00,326.06,327.65,313.18,313.56
2024-09-18 04:00:00,313.57,329.12,312.38,323.76
2024-09-18 08:00:00,323.79,335.00,319.43,327.66
2024-09-18 12:00:00,327.63,330.53,319.97,320.33
2024-09-18 16:00:00,320.36,321.31,310.63,313.63
2024-09-18 20:00:00,313.63,318.37,306.15,307.58
2024-09-19 00:00:00,307.59,330.69,306.36,316.70
2024-09-19 04:00:00,316.58,339.97,311.45,337.24
2024-09-19 08:00:00,337.25,368.08,334.87,357.67
2024-09-19 12:00:00,357.66,382.25,355.18,375.18
2024-09-19 16:00:00,375.20,384.98,363.71,383.64
2024-09-19 20:00:00,383.58,386.47,364.82,371.51
2024-09-20 00:00:00,371.53,376.65,367.79,370.87
2024-09-20 04:00:00,370.95,375.61,362.05,373.80
2024-09-20 08:00:00,373.82,411.66,367.71,408.12
2024-09-20 12:00:00,408.05,435.00,405.85,420.93
2024-09-20 16:00:00,421.07,426.90,416.02,422.29
2024-09-20 20:00:00,422.26,427.97,405.30,414.34
2024-09-21 00:00:00,414.39,417.00,399.50,409.32
2024-09-21 04:00:00,409.32,415.36,405.35,407.50
2024-09-21 08:00:00,407.44,413.76,403.12,404.56
2024-09-21 12:00:00,404.53,413.49,393.60,412.10
2024-09-21 16:00:00,412.07,424.98,407.91,420.47
2024-09-21 20:00:00,420.36,444.89,420.24,441.02
2024-09-22 00:00:00,440.95,474.86,439.53,465.29
2024-09-22 04:00:00,465.41,471.74,457.80,468.81
2024-09-22 08:00:00,468.79,471.30,455.00,465.57
2024-09-22 12:00:00,465.57,474.98,459.11,470.81
2024-09-22 16:00:00,470.84,480.00,452.77,453.68
2024-09-22 20:00:00,453.71,461.47,451.02,454.95
2024-09-23 00:00:00,454.95,470.25,446.86,467.16
2024-09-23 04:00:00,467.15,484.53,457.00,469.58
2024-09-23 08:00:00,469.58,547.20,460.03,534.87
2024-09-23 12:00:00,534.86,582.67,530.25,560.56
2024-09-23 16:00:00,560.54,561.33,537.18,539.33
2024-09-23 20:00:00,539.24,544.77,520.13,539.57
2024-09-24 00:00:00,539.61,549.99,533.16,542.92
2024-09-24 04:00:00,542.96,553.66,538.70,540.67
2024-09-24 08:00:00,540.63,547.17,521.00,539.46
2024-09-24 12:00:00,539.51,556.44,532.00,545.41
2024-09-24 16:00:00,545.43,591.99,540.73,588.62
2024-09-24 20:00:00,588.65,599.00,540.00,545.53
2024-09-25 00:00:00,545.58,571.27,542.57,561.02
2024-09-25 04:00:00,561.02,566.84,546.84,550.21
2024-09-25 08:00:00,550.17,563.96,540.03,552.25
2024-09-25 12:00:00,552.34,553.21,535.17,539.34
2024-09-25 16:00:00,539.40,581.41,539.21,568.66
2024-09-25 20:00:00,568.66,569.24,545.28,557.83
2024-09-26 00:00:00,557.83,578.64,545.21,554.87
2024-09-26 04:00:00,554.70,559.88,548.73,551.94
2024-09-26 08:00:00,551.99,571.75,545.28,562.78
2024-09-26 12:00:00,562.77,562.83,541.76,551.71
2024-09-26 16:00:00,551.71,561.66,543.56,547.38
2024-09-26 20:00:00,547.36,554.87,519.92,539.27
2024-09-27 00:00:00,539.29,551.55,512.35,514.69
2024-09-27 04:00:00,514.81,529.33,503.10,526.19
2024-09-27 08:00:00,526.18,541.31,520.70,528.48
2024-09-27 12:00:00,528.47,564.35,527.79,542.00
2024-09-27 16:00:00,542.00,549.24,519.02,524.80
2024-09-27 20:00:00,524.80,547.18,520.94,536.93
2024-09-28 00:00:00,536.95,544.68,527.00,542.50
2024-09-28 04:00:00,542.45,552.83,537.65,549.28
2024-09-28 08:00:00,549.31,553.12,535.00,539.53
2024-09-28 12:00:00,539.57,540.94,521.07,537.33
2024-09-28 16:00:00,537.29,546.55,528.81,546.27
2024-09-28 20:00:00,546.23,546.80,524.61,536.49
2024-09-29 00:00:00,536.48,538.41,526.02,528.07
2024-09-29 04:00:00,528.08,537.57,517.65,535.69
2024-09-29 08:00:00,535.63,545.00,532.50,532.90
2024-09-29 12:00:00,532.88,543.78,528.40,535.36
2024-09-29 16:00:00,535.40,538.67,525.02,534.77
2024-09-29 20:00:00,534.81,577.24,530.13,564.06
2024-09-30 00:00:00,564.05,586.73,562.31,583.69
2024-09-30 04:00:00,583.67,585.00,553.68,560.41
2024-09-30 08:00:00,560.41,560.89,539.46,553.94
2024-09-30 12:00:00,553.84,609.76,549.63,594.17
2024-09-30 16:00:00,594.09,594.30,561.92,588.84
2024-09-30 20:00:00,588.85,606.00,581.14,581.94
2024-10-01 00:00:00,582.00,592.88,573.72,579.52
2024-10-01 04:00:00,579.50,599.85,568.46,577.85
2024-10-01 08:00:00,577.88,611.00,572.09,604.55
2024-10-01 12:00:00,604.51,618.18,574.53,587.22
2024-10-01 16:00:00,587.18,590.88,577.05,579.24
2024-10-01 20:00:00,579.25,581.03,527.06,551.24
2024-10-02 00:00:00,551.29,560.71,514.05,530.72
2024-10-02 04:00:00,530.75,544.73,517.43,537.27
2024-10-02 08:00:00,537.30,544.74,526.81,537.33
2024-10-02 12:00:00,537.37,580.94,534.33,570.12
2024-10-02 16:00:00,570.12,574.74,540.00,541.25
2024-10-02 20:00:00,541.33,545.94,510.51,532.42
2024-10-03 00:00:00,532.44,548.02,494.92,514.83
2024-10-03 04:00:00,514.92,525.67,510.11,519.47
2024-10-03 08:00:00,519.55,544.50,516.45,543.45
2024-10-03 12:00:00,543.44,544.71,516.02,516.39
2024-10-03 16:00:00,516.32,517.51,491.34,500.08
2024-10-03 20:00:00,500.04,508.81,471.62,490.70
2024-10-04 00:00:00,490.73,503.92,473.72,501.20
2024-10-04 04:00:00,501.15,506.48,490.21,496.70
2024-10-04 08:00:00,496.69,506.36,485.34,499.52
2024-10-04 12:00:00,499.52,518.68,499.18,515.81
2024-10-04 16:00:00,515.76,526.86,511.60,522.33
2024-10-04 20:00:00,522.32,566.82,515.52,564.92
2024-10-05 00:00:00,564.95,579.46,555.00,574.64
2024-10-05 04:00:00,574.68,586.87,564.24,585.46
2024-10-05 08:00:00,585.48,586.92,569.06,571.64
2024-10-05 12:00:00,571.60,601.66,571.57,588.67
2024-10-05 16:00:00,588.68,592.40,578.33,580.30
2024-10-05 20:00:00,580.30,583.78,573.86,581.76
2024-10-06 00:00:00,581.77,583.50,558.37,560.77
2024-10-06 04:00:00,560.77,568.88,553.90,564.99
2024-10-06 08:00:00,565.00,570.94,555.80,556.63
2024-10-06 12:00:00,556.68,559.27,547.66,553.23
2024-10-06 16:00:00,553.23,562.17,552.00,552.78
2024-10-06 20:00:00,552.77,576.00,550.01,560.52
2024-10-07 00:00:00,560.45,594.98,559.66,576.94
2024-10-07 04:00:00,576.96,636.75,575.50,634.35
2024-10-07 08:00:00,634.36,677.98,622.63,641.63
2024-10-07 12:00:00,641.63,645.92,624.25,625.17
2024-10-07 16:00:00,625.15,638.61,608.69,629.08
2024-10-07 20:00:00,629.27,652.85,616.50,626.18
2024-10-08 00:00:00,626.27,637.66,609.00,618.27
2024-10-08 04:00:00,618.27,622.00,600.03,610.61
2024-10-08 08:00:00,610.62,631.41,604.91,625.84
2024-10-08 12:00:00,625.90,632.18,608.83,616.78
2024-10-08 16:00:00,616.78,639.92,612.10,636.73
2024-10-08 20:00:00,636.74,644.07,622.27,633.31
2024-10-09 00:00:00,633.35,642.99,609.72,617.08
2024-10-09 04:00:00,617.06,632.99,603.83,607.07
2024-10-09 08:00:00,607.01,618.20,583.70,593.48
2024-10-09 12:00:00,593.47,595.21,581.43,591.18
2024-10-09 16:00:00,591.17,605.99,590.38,598.62
2024-10-09 20:00:00,598.68,600.53,576.30,590.91
2024-10-10 00:00:00,590.91,591.09,569.80,576.90
2024-10-10 04:00:00,576.97,579.60,565.55,569.52
2024-10-10 08:00:00,569.52,579.63,565.00,577.38
2024-10-10 12:00:00,577.39,593.96,575.40,580.34
2024-10-10 16:00:00,580.30,594.00,569.07,592.16
2024-10-10 20:00:00,592.16,596.68,544.18,558.24
2024-10-11 00:00:00,558.25,564.92,535.85,558.59
2024-10-11 04:00:00,558.55,571.51,553.85,563.31
2024-10-11 08:00:00,563.31,573.81,559.20,566.96
2024-10-11 12:00:00,566.96,576.33,556.81,569.54
2024-10-11 16:00:00,569.51,599.99,568.20,593.18
2024-10-11 20:00:00,593.18,631.98,592.30,620.79
2024-10-12 00:00:00,620.77,628.00,609.95,627.58
2024-10-12 04:00:00,627.59,643.98,616.84,621.88
2024-10-12 08:00:00,621.80,637.81,616.64,637.78
2024-10-12 12:00:00,637.78,658.35,636.76,647.58
2024-10-12 16:00:00,647.57,660.00,643.49,656.87
2024-10-12 20:00:00,656.83,682.41,652.08,661.52
2024-10-13 00:00:00,661.54,675.91,661.21,662.46
2024-10-13 04:00:00,662.45,679.20,654.57,656.73
2024-10-13 08:00:00,656.84,666.55,649.00,650.65
2024-10-13 12:00:00,650.66,661.00,647.98,657.05
2024-10-13 16:00:00,656.94,663.84,634.14,637.12
2024-10-13 20:00:00,637.14,645.86,631.48,635.77
2024-10-14 00:00:00,635.76,651.93,633.38,649.42
2024-10-14 04:00:00,649.39,658.84,636.74,640.29
2024-10-14 08:00:00,640.29,677.80,631.83,673.28
2024-10-14 12:00:00,673.17,678.17,646.81,652.97
2024-10-14 16:00:00,652.95,656.16,638.74,641.46
2024-10-14 20:00:00,641.46,649.71,621.27,638.97
2024-10-15 00:00:00,638.75,643.84,630.12,636.96
2024-10-15 04:00:00,636.91,643.28,631.61,633.04
2024-10-15 08:00:00,633.03,634.44,620.75,632.46
2024-10-15 12:00:00,632.53,638.60,621.42,624.15
2024-10-15 16:00:00,624.20,626.04,593.05,598.60
2024-10-15 20:00:00,598.67,631.85,587.21,603.19
2024-10-16 00:00:00,603.19,618.89,598.00,599.14
2024-10-16 04:00:00,599.12,600.68,586.06,597.73
2024-10-16 08:00:00,597.84,633.70,591.61,626.61
2024-10-16 12:00:00,626.55,634.64,606.75,607.68
2024-10-16 16:00:00,607.69,613.96,588.25,593.50
2024-10-16 20:00:00,593.50,596.95,572.07,576.96
2024-10-17 00:00:00,576.95,580.96,570.27,576.03
2024-10-17 04:00:00,576.00,593.66,575.96,579.33
2024-10-17 08:00:00,579.33,593.99,579.33,582.81
2024-10-17 12:00:00,582.82,584.34,566.03,575.97
2024-10-17 16:00:00,575.96,596.60,572.79,574.91
2024-10-17 20:00:00,574.87,590.44,574.66,586.14
2024-10-18 00:00:00,586.22,586.89,560.70,581.00
2024-10-18 04:00:00,581.00,591.34,576.18,578.10
2024-10-18 08:00:00,578.04,596.60,577.50,592.45
2024-10-18 12:00:00,592.50,598.54,568.96,577.56
2024-10-18 16:00:00,577.54,582.12,571.01,572.09
2024-10-18 20:00:00,572.12,584.63,565.26,580.48
2024-10-19 00:00:00,580.49,588.60,573.19,574.05
2024-10-19 04:00:00,574.08,578.08,570.69,576.23
2024-10-19 08:00:00,576.23,587.56,572.13,580.21
2024-10-19 12:00:00,580.21,583.15,570.50,572.90
2024-10-19 16:00:00,572.86,575.73,557.00,560.86
2024-10-19 20:00:00,560.87,563.47,555.00,557.23
2024-10-20 00:00:00,557.27,558.50,548.20,555.34
2024-10-20 04:00:00,555.34,560.87,554.85,557.73
2024-10-20 08:00:00,557.71,565.83,555.62,562.87
2024-10-20 12:00:00,562.93,564.00,552.84,561.09
2024-10-20 16:00:00,561.10,578.84,557.64,578.82
2024-10-20 20:00:00,578.83,592.00,570.00,578.90
2024-10-21 00:00:00,578.87,588.50,569.09,587.94
2024-10-21 04:00:00,588.01,608.51,587.00,603.39
2024-10-21 08:00:00,603.38,611.00,590.67,591.05
2024-10-21 12:00:00,590.97,597.07,585.82,590.72
2024-10-21 16:00:00,590.72,596.11,573.23,578.12
2024-10-21 20:00:00,578.12,580.24,540.32,555.07
2024-10-22 00:00:00,555.14,562.00,545.44,560.66
2024-10-22 04:00:00,560.67,561.90,546.69,547.14
2024-10-22 08:00:00,547.12,560.99,543.12,555.18
2024-10-22 12:00:00,555.18,561.36,552.03,556.66
2024-10-22 16:00:00,556.66,560.33,546.11,555.43
2024-10-22 20:00:00,555.42,558.67,542.20,550.19
2024-10-23 00:00:00,550.13,550.45,536.45,547.24
2024-10-23 04:00:00,547.24,552.23,542.95,543.22
2024-10-23 08:00:00,543.29,544.99,536.25,543.83
2024-10-23 12:00:00,543.84,549.25,536.69,538.11
2024-10-23 16:00:00,538.03,542.51,528.01,528.87
2024-10-23 20:00:00,528.96,535.00,520.00,524.91
2024-10-24 00:00:00,524.81,531.53,505.00,529.21
2024-10-24 04:00:00,529.19,531.55,520.32,527.33
2024-10-24 08:00:00,527.34,540.00,524.43,535.00
2024-10-24 12:00:00,535.01,541.20,531.69,532.86
2024-10-24 16:00:00,532.92,543.08,526.28,538.54
2024-10-24 20:00:00,538.56,561.62,536.91,552.44
2024-10-25 00:00:00,552.45,554.60,540.42,553.47
2024-10-25 04:00:00,553.53,554.21,540.00,542.85
2024-10-25 08:00:00,542.87,545.83,529.36,532.31
2024-10-25 12:00:00,532.31,537.10,527.50,529.84
2024-10-25 16:00:00,529.86,544.98,525.19,542.10
2024-10-25 20:00:00,542.13,545.85,528.00,531.84
2024-10-26 00:00:00,531.81,538.94,501.12,515.53
2024-10-26 04:00:00,515.52,517.92,456.66,485.64
2024-10-26 08:00:00,485.59,511.94,482.12,503.37
2024-10-26 12:00:00,503.37,514.64,501.96,510.29
2024-10-26 16:00:00,510.29,521.00,509.09,516.03
2024-10-26 20:00:00,516.03,516.66,500.27,508.58
2024-10-27 00:00:00,508.58,513.32,503.57,511.58
2024-10-27 04:00:00,511.69,514.98,508.15,510.38
2024-10-27 08:00:00,510.42,513.27,505.00,512.06
2024-10-27 12:00:00,512.06,512.61,502.81,504.09
2024-10-27 16:00:00,504.09,506.71,496.27,497.86
2024-10-27 20:00:00,497.89,516.57,497.37,513.35
2024-10-28 00:00:00,513.36,514.56,503.52,504.68
2024-10-28 04:00:00,504.81,514.83,502.55,510.73
2024-10-28 08:00:00,510.73,520.80,490.10,491.38
2024-10-28 12:00:00,491.49,510.58,490.17,509.11
2024-10-28 16:00:00,509.27,523.76,507.05,522.70
2024-10-28 20:00:00,522.69,529.59,505.01,506.40
2024-10-29 00:00:00,506.39,516.70,499.40,509.92
2024-10-29 04:00:00,509.57,524.93,506.12,514.04
2024-10-29 08:00:00,514.04,554.10,511.18,529.92
2024-10-29 12:00:00,529.88,535.63,523.64,526.18
2024-10-29 16:00:00,526.18,553.61,526.01,550.29
2024-10-29 20:00:00,550.23,554.53,541.30,551.75
2024-10-30 00:00:00,551.64,556.03,527.48,527.92
2024-10-30 04:00:00,527.95,529.94,515.61,521.20
2024-10-30 08:00:00,521.19,526.31,508.12,525.51
2024-10-30 12:00:00,525.54,529.72,519.02,520.68
2024-10-30 16:00:00,520.71,526.26,506.20,507.46
2024-10-30 20:00:00,507.46,514.08,497.23,499.32
2024-10-31 00:00:00,499.26,506.07,498.17,499.76
2024-10-31 04:00:00,499.76,504.95,493.38,494.13
2024-10-31 08:00:00,494.16,499.68,491.64,498.66
2024-10-31 12:00:00,498.69,505.51,494.05,497.54
2024-10-31 16:00:00,497.56,498.00,490.10,491.22
2024-10-31 20:00:00,491.25,493.14,478.00,486.95
2024-11-01 00:00:00,486.88,488.76,475.01,476.25
2024-11-01 04:00:00,476.17,486.30,475.90,484.63
2024-11-01 08:00:00,484.63,489.45,474.00,483.14
2024-11-01 12:00:00,483.21,483.42,450.17,456.71
2024-11-01 16:00:00,456.65,469.04,454.34,463.88
2024-11-01 20:00:00,463.95,482.55,454.81,460.28
2024-11-02 00:00:00,460.27,469.19,457.78,462.36
2024-11-02 04:00:00,462.31,465.20,454.54,463.82
2024-11-02 08:00:00,463.81,466.86,460.18,460.69
2024-11-02 12:00:00,460.69,463.30,457.12,461.32
2024-11-02 16:00:00,461.34,462.55,454.01,456.20
2024-11-02 20:00:00,456.19,457.51,436.00,440.92
2024-11-03 00:00:00,440.90,443.21,430.02,435.57
2024-11-03 04:00:00,435.57,446.64,434.55,439.43
2024-11-03 08:00:00,439.45,442.98,420.00,426.06
2024-11-03 12:00:00,426.08,439.32,425.56,438.16
2024-11-03 16:00:00,438.16,438.20,428.23,429.32
2024-11-03 20:00:00,429.32,432.53,407.43,424.24
2024-11-04 00:00:00,424.16,435.70,422.69,435.59
2024-11-04 04:00:00,435.50,442.86,431.55,434.27
2024-11-04 08:00:00,434.27,441.58,428.48,432.86
2024-11-04 12:00:00,432.86,435.26,426.47,428.51
2024-11-04 16:00:00,428.51,433.78,423.06,430.30
2024-11-04 20:00:00,430.45,435.92,421.06,425.39
2024-11-05 00:00:00,425.45,427.12,413.80,413.99
2024-11-05 04:00:00,413.98,424.83,403.35,419.45
2024-11-05 08:00:00,419.51,426.82,415.93,422.24
2024-11-05 12:00:00,422.23,430.00,421.34,428.55
2024-11-05 16:00:00,428.62,433.22,425.33,429.66
2024-11-05 20:00:00,429.54,453.57,427.80,449.42
2024-11-06 00:00:00,449.49,465.40,445.73,449.27
2024-11-06 04:00:00,449.29,459.26,447.13,458.05
2024-11-06 08:00:00,458.08,510.97,457.05,503.90
2024-11-06 12:00:00,503.90,517.23,492.68,505.12
2024-11-06 16:00:00,505.20,532.24,488.40,530.08
2024-11-06 20:00:00,530.18,539.42,511.31,514.31
2024-11-07 00:00:00,514.32,523.85,512.51,520.06
2024-11-07 04:00:00,520.08,532.66,515.69,527.72
2024-11-07 08:00:00,527.71,548.46,523.94,532.43
2024-11-07 12:00:00,532.46,534.68,510.00,510.72
2024-11-07 16:00:00,510.67,521.29,510.35,516.47
2024-11-07 20:00:00,516.47,523.00,502.27,518.38
2024-11-08 00:00:00,518.33,523.58,506.36,513.74
2024-11-08 04:00:00,513.62,519.00,504.13,507.95
2024-11-08 08:00:00,508.00,516.88,496.98,502.03
2024-11-08 12:00:00,502.16,509.52,498.59,502.90
2024-11-08 16:00:00,502.93,508.40,497.77,499.58
2024-11-08 20:00:00,499.60,511.08,494.24,499.91
2024-11-09 00:00:00,499.91,503.08,487.74,500.91
2024-11-09 04:00:00,500.86,505.76,494.85,499.01
2024-11-09 08:00:00,499.08,519.75,497.71,513.84
2024-11-09 12:00:00,513.89,516.92,503.01,507.68
2024-11-09 16:00:00,507.66,521.55,505.17,507.26
2024-11-09 20:00:00,507.23,507.59,488.01,494.32
2024-11-10 00:00:00,494.30,503.96,485.00,499.43
2024-11-10 04:00:00,499.44,531.19,497.06,516.72
2024-11-10 08:00:00,516.68,524.97,504.90,518.76
2024-11-10 12:00:00,518.76,526.08,505.38,518.16
2024-11-10 16:00:00,518.05,532.74,517.24,529.84
2024-11-10 20:00:00,529.80,568.69,520.00,562.06
2024-11-11 00:00:00,562.18,576.11,540.41,549.89
2024-11-11 04:00:00,549.87,575.73,530.00,560.37
2024-11-11 08:00:00,560.39,579.33,557.76,576.39
2024-11-11 12:00:00,576.40,577.81,543.21,573.75
2024-11-11 16:00:00,573.75,598.81,573.00,590.40
2024-11-11 20:00:00,590.39,591.88,557.09,567.57
2024-11-12 00:00:00,567.55,623.55,565.00,601.97
2024-11-12 04:00:00,601.97,618.79,585.00,606.98
2024-11-12 08:00:00,606.92,625.36,580.37,618.06
2024-11-12 12:00:00,618.05,619.92,587.74,598.89
2024-11-12 16:00:00,598.90,600.85,511.00,555.13
2024-11-12 20:00:00,555.10,559.93,532.13,539.28
2024-11-13 00:00:00,539.29,581.67,528.50,565.78
2024-11-13 04:00:00,565.77,582.78,556.10,568.80
2024-11-13 08:00:00,568.81,573.13,539.00,540.04
2024-11-13 12:00:00,540.02,554.37,522.08,539.12
2024-11-13 16:00:00,539.14,551.45,535.52,545.85
2024-11-13 20:00:00,545.78,577.12,542.23,566.18
2024-11-14 00:00:00,566.09,574.44,528.00,529.52
2024-11-14 04:00:00,529.37,539.98,517.47,538.60
2024-11-14 08:00:00,538.61,542.14,528.11,541.32
2024-11-14 12:00:00,541.29,560.65,537.36,550.81
2024-11-14 16:00:00,550.91,554.30,512.53,520.40
2024-11-14 20:00:00,520.35,521.17,495.34,502.65
2024-11-15 00:00:00,502.65,518.03,499.59,504.94
2024-11-15 04:00:00,505.15,505.81,487.52,495.26
2024-11-15 08:00:00,495.29,507.84,491.68,504.44
2024-11-15 12:00:00,504.44,513.48,490.03,501.44
2024-11-15 16:00:00,501.47,514.35,498.10,511.14
2024-11-15 20:00:00,511.14,518.85,493.79,497.61
2024-11-16 00:00:00,497.49,507.18,495.10,504.12
2024-11-16 04:00:00,504.20,522.78,504.00,518.71
2024-11-16 08:00:00,518.65,539.62,512.75,535.67
2024-11-16 12:00:00,535.66,537.48,523.10,524.55
2024-11-16 16:00:00,524.48,535.41,520.42,535.33
2024-11-16 20:00:00,535.37,539.26,508.46,514.31
2024-11-17 00:00:00,514.22,530.79,508.03,526.47
2024-11-17 04:00:00,526.49,526.89,512.49,518.42
2024-11-17 08:00:00,518.44,519.96,485.64,499.85
2024-11-17 12:00:00,499.88,520.70,497.57,518.02
2024-11-17 16:00:00,518.01,523.00,505.00,506.06
2024-11-17 20:00:00,506.05,516.04,498.88,505.43
2024-11-18 00:00:00,505.43,506.70,495.00,497.67
2024-11-18 04:00:00,497.65,500.79,485.76,491.62
2024-11-18 08:00:00,491.66,499.54,488.03,497.71
2024-11-18 12:00:00,497.70,508.03,488.83,502.03
2024-11-18 16:00:00,502.00,502.09,487.36,490.15
2024-11-18 20:00:00,490.15,505.02,475.35,502.60
2024-11-19 00:00:00,502.57,527.49,490.23,503.39
2024-11-19 04:00:00,503.36,518.34,498.02,512.05
2024-11-19 08:00:00,511.97,512.85,493.65,493.92
2024-11-19 12:00:00,493.93,495.54,489.01,492.20
2024-11-19 16:00:00,492.29,494.83,484.76,493.17
2024-11-19 20:00:00,493.18,498.60,475.02,480.99
2024-11-20 00:00:00,481.03,503.90,479.05,495.45
2024-11-20 04:00:00,495.41,503.05,473.00,482.92
2024-11-20 08:00:00,482.85,483.10,460.70,467.61
2024-11-20 12:00:00,467.60,469.97,461.27,467.52
2024-11-20 16:00:00,467.36,483.91,466.62,475.60
2024-11-20 20:00:00,475.65,491.90,469.75,479.68
2024-11-21 00:00:00,479.64,481.18,450.00,457.53
2024-11-21 04:00:00,457.50,489.23,453.90,481.82
2024-11-21 08:00:00,481.81,504.37,476.02,478.61
2024-11-21 12:00:00,478.60,500.84,477.15,481.88
2024-11-21 16:00:00,481.81,482.99,461.01,466.01
2024-11-21 20:00:00,465.89,513.76,465.57,492.67
2024-11-22 00:00:00,492.63,524.71,492.63,513.97
2024-11-22 04:00:00,513.96,529.34,508.66,519.50
2024-11-22 08:00:00,519.47,521.63,505.56,508.60
2024-11-22 12:00:00,508.69,514.37,496.30,497.08
2024-11-22 16:00:00,497.16,504.87,490.61,503.84
2024-11-22 20:00:00,503.79,507.42,484.36,492.57
2024-11-23 00:00:00,492.53,493.86,484.35,486.34
2024-11-23 04:00:00,486.35,515.60,484.16,511.90
2024-11-23 08:00:00,511.91,535.44,505.93,523.23
2024-11-23 12:00:00,523.20,534.42,511.20,534.23
2024-11-23 16:00:00,534.22,535.87,520.00,522.79
2024-11-23 20:00:00,522.84,550.00,519.45,534.39
2024-11-24 00:00:00,534.44,541.10,503.22,512.43
2024-11-24 04:00:00,512.42,536.39,499.09,522.24
2024-11-24 08:00:00,522.23,543.33,518.89,541.88
2024-11-24 12:00:00,541.73,548.50,528.15,544.59
2024-11-24 16:00:00,544.50,545.01,510.88,512.74
2024-11-24 20:00:00,512.70,518.55,485.89,490.85
2024-11-25 00:00:00,490.88,510.55,487.80,504.59
2024-11-25 04:00:00,504.64,529.15,502.69,527.65
2024-11-25 08:00:00,527.62,539.92,516.34,526.70
2024-11-25 12:00:00,526.83,539.02,521.02,524.68
2024-11-25 16:00:00,524.67,541.37,519.00,523.80
2024-11-25 20:00:00,523.77,530.91,491.50,521.06
2024-11-26 00:00:00,521.19,545.77,507.82,537.62
2024-11-26 04:00:00,537.60,566.38,526.39,546.12
2024-11-26 08:00:00,546.13,562.50,540.99,548.82
2024-11-26 12:00:00,548.79,574.32,528.95,536.09
2024-11-26 16:00:00,536.08,541.84,503.78,517.71
2024-11-26 20:00:00,517.64,540.81,509.04,517.62
2024-11-27 00:00:00,517.64,541.69,515.00,534.59
2024-11-27 04:00:00,534.55,570.86,533.04,559.20
2024-11-27 08:00:00,559.25,571.65,546.85,550.76
2024-11-27 12:00:00,550.73,566.19,542.54,559.60
2024-11-27 16:00:00,559.63,577.58,553.68,572.57
2024-11-27 20:00:00,572.53,594.25,559.37,584.38
2024-11-28 00:00:00,584.46,588.90,573.29,574.67
2024-11-28 04:00:00,574.74,588.00,560.70,561.14
2024-11-28 08:00:00,561.17,567.92,554.73,561.48
2024-11-28 12:00:00,561.49,581.95,558.57,572.52
2024-11-28 16:00:00,572.56,579.97,560.08,568.58
2024-11-28 20:00:00,568.54,574.66,551.50,552.32
2024-11-29 00:00:00,552.25,592.00,551.50,581.26
2024-11-29 04:00:00,581.27,610.52,576.74,595.93
2024-11-29 08:00:00,595.98,601.77,582.55,599.43
2024-11-29 12:00:00,599.36,624.67,597.68,602.92
2024-11-29 16:00:00,602.90,639.99,602.82,623.81
2024-11-29 20:00:00,623.81,635.75,610.50,614.70
2024-11-30 00:00:00,614.74,627.66,613.00,615.44
2024-11-30 04:00:00,615.47,621.96,614.27,618.10
2024-11-30 08:00:00,618.00,621.23,610.00,616.29
2024-11-30 12:00:00,616.35,622.18,610.28,617.62
2024-11-30 16:00:00,617.72,633.51,611.44,624.25
2024-11-30 20:00:00,624.29,681.72,623.61,668.97
2024-12-01 00:00:00,668.97,679.83,652.29,657.50
2024-12-01 04:00:00,657.52,679.54,655.60,678.07
2024-12-01 08:00:00,678.07,679.00,645.95,651.43
2024-12-01 12:00:00,651.53,659.13,644.00,646.08
2024-12-01 16:00:00,646.08,654.74,640.53,651.70
2024-12-01 20:00:00,651.69,659.59,648.24,650.69
2024-12-02 00:00:00,650.73,651.59,637.11,640.17
2024-12-02 04:00:00,640.13,643.47,627.00,637.31
2024-12-02 08:00:00,637.32,645.65,610.59,612.49
2024-12-02 12:00:00,612.45,622.83,600.75,612.87
2024-12-02 16:00:00,612.88,615.47,575.01,586.56
2024-12-02 20:00:00,586.53,611.18,583.00,605.14
2024-12-03 00:00:00,605.27,609.20,566.00,586.62
2024-12-03 04:00:00,586.57,608.61,583.13,606.99
2024-12-03 08:00:00,606.94,609.26,590.01,604.07
2024-12-03 12:00:00,604.07,629.70,601.67,621.79
2024-12-03 16:00:00,621.77,629.48,598.07,614.39
2024-12-03 20:00:00,614.36,615.86,568.26,600.23
2024-12-04 00:00:00,600.24,611.15,583.50,603.78
2024-12-04 04:00:00,603.77,624.97,602.10,619.88
2024-12-04 08:00:00,619.89,638.58,617.62,631.92
2024-12-04 12:00:00,631.82,709.70,629.75,708.61
2024-12-04 16:00:00,708.54,726.81,687.02,695.34
2024-12-04 20:00:00,695.34,708.51,680.34,699.45
2024-12-05 00:00:00,699.32,702.62,660.25,679.06
2024-12-05 04:00:00,679.08,685.55,643.00,655.90
2024-12-05 08:00:00,655.90,680.00,625.00,664.77
2024-12-05 12:00:00,664.81,689.99,654.67,670.05
2024-12-05 16:00:00,669.95,681.18,661.92,675.06
2024-12-05 20:00:00,675.03,703.00,673.72,698.28
2024-12-06 00:00:00,698.33,725.00,678.24,683.93
2024-12-06 04:00:00,683.99,702.10,646.11,681.17
2024-12-06 08:00:00,681.14,738.51,672.50,730.03
2024-12-06 12:00:00,730.03,750.00,716.36,727.88
2024-12-06 16:00:00,727.90,743.90,708.36,728.27
2024-12-06 20:00:00,728.18,742.77,700.01,712.26
2024-12-07 00:00:00,712.30,728.94,705.14,710.98
2024-12-07 04:00:00,710.84,717.50,700.05,707.10
2024-12-07 08:00:00,707.10,714.10,698.03,707.91
2024-12-07 12:00:00,707.99,719.76,703.72,710.11
2024-12-07 16:00:00,710.22,713.25,695.22,701.89
2024-12-07 20:00:00,701.89,708.00,696.24,705.58
2024-12-08 00:00:00,705.60,706.58,686.36,692.96
2024-12-08 04:00:00,692.98,705.17,692.31,698.70
2024-12-08 08:00:00,698.88,711.07,692.35,692.40
2024-12-08 12:00:00,692.40,700.00,681.51,695.31
2024-12-08 16:00:00,695.18,698.96,676.09,689.98
2024-12-08 20:00:00,689.98,704.61,684.90,701.22
2024-12-09 00:00:00,701.10,704.63,686.61,691.56
2024-12-09 04:00:00,691.57,716.79,686.64,713.20
2024-12-09 08:00:00,713.25,714.28,664.08,673.25
2024-12-09 12:00:00,673.25,683.96,657.51,678.03
2024-12-09 16:00:00,678.04,678.21,650.63,652.30
2024-12-09 20:00:00,652.22,681.06,645.92,653.58
2024-12-10 00:00:00,653.58,665.24,641.56,643.88
2024-12-10 04:00:00,643.87,647.00,496.67,597.76
2024-12-10 08:00:00,597.76,612.92,550.60,573.60
2024-12-10 12:00:00,573.73,592.92,564.80,582.65
2024-12-10 16:00:00,582.63,602.75,573.26,589.24
2024-12-10 20:00:00,589.25,589.72,530.59,532.62
2024-12-11 00:00:00,532.70,561.98,528.97,559.80
2024-12-11 04:00:00,559.79,588.12,555.96,574.27
2024-12-11 08:00:00,574.32,576.16,550.66,571.49
2024-12-11 12:00:00,571.53,583.51,565.56,568.94
2024-12-11 16:00:00,568.96,588.02,567.59,576.19
2024-12-11 20:00:00,576.20,614.93,576.20,611.96
2024-12-12 00:00:00,611.95,619.80,601.12,609.26
2024-12-12 04:00:00,609.26,612.00,598.83,601.04
2024-12-12 08:00:00,601.05,644.91,599.28,635.33
2024-12-12 12:00:00,635.31,638.11,621.66,625.55
2024-12-12 16:00:00,625.53,630.44,604.00,607.68
2024-12-12 20:00:00,607.67,621.37,600.19,606.25
2024-12-13 00:00:00,606.29,616.44,583.21,585.87
2024-12-13 04:00:00,585.83,594.51,572.01,577.20
2024-12-13 08:00:00,577.07,585.20,567.12,579.97
2024-12-13 12:00:00,579.99,581.94,562.25,570.40
2024-12-13 16:00:00,570.34,580.15,565.37,574.15
2024-12-13 20:00:00,574.20,589.52,571.07,573.81
2024-12-14 00:00:00,573.79,583.34,568.15,574.93
2024-12-14 04:00:00,574.94,578.91,566.00,578.40
2024-12-14 08:00:00,578.44,588.00,573.01,574.31
2024-12-14 12:00:00,574.33,586.96,571.34,581.72
2024-12-14 16:00:00,581.68,586.63,575.80,578.89
2024-12-14 20:00:00,578.90,581.40,555.92,566.30
2024-12-15 00:00:00,566.28,566.28,540.59,545.88
2024-12-15 04:00:00,545.81,561.39,537.98,560.48
2024-12-15 08:00:00,560.48,566.70,552.04,553.73
2024-12-15 12:00:00,553.77,562.80,540.10,546.92
2024-12-15 16:00:00,546.92,560.12,546.19,559.07
2024-12-15 20:00:00,559.06,574.49,555.43,568.56
2024-12-16 00:00:00,568.58,573.10,560.34,565.56
2024-12-16 04:00:00,565.56,577.13,546.78,574.58
2024-12-16 08:00:00,574.58,586.11,554.00,558.27
2024-12-16 12:00:00,558.30,569.06,556.23,560.88
2024-12-16 16:00:00,560.88,562.23,534.88,536.00
2024-12-16 20:00:00,536.10,547.84,535.65,543.39
2024-12-17 00:00:00,543.28,559.42,541.28,550.89
2024-12-17 04:00:00,550.87,553.66,538.48,541.30
2024-12-17 08:00:00,541.29,541.72,528.09,540.11
2024-12-17 12:00:00,540.12,540.70,524.60,528.18
2024-12-17 16:00:00,528.19,540.75,525.76,536.89
2024-12-17 20:00:00,536.88,545.29,519.26,526.84
2024-12-18 00:00:00,526.76,539.55,521.44,530.88
2024-12-18 04:00:00,530.87,533.28,509.01,519.51
2024-12-18 08:00:00,519.48,530.40,516.48,516.48
2024-12-18 12:00:00,516.48,524.12,507.92,523.84
2024-12-18 16:00:00,523.86,534.28,518.69,526.79
2024-12-18 20:00:00,526.72,531.00,516.05,521.93
2024-12-19 00:00:00,521.86,537.76,516.16,516.16
2024-12-19 04:00:00,516.16,521.52,480.00,499.41
2024-12-19 08:00:00,499.46,505.83,451.59,502.42
2024-12-19 12:00:00,502.39,504.20,490.60,493.94
2024-12-19 16:00:00,493.90,499.96,484.37,489.22
2024-12-19 20:00:00,489.23,494.48,465.20,474.99
2024-12-20 00:00:00,474.98,482.14,430.00,455.71
2024-12-20 04:00:00,455.72,466.08,440.40,447.10
2024-12-20 08:00:00,447.10,470.92,439.30,462.02
2024-12-20 12:00:00,462.02,464.44,438.08,448.58
2024-12-20 16:00:00,448.57,448.72,399.00,400.97
2024-12-20 20:00:00,401.03,462.19,400.05,452.19
2024-12-21 00:00:00,452.19,480.46,449.50,477.18
2024-12-21 04:00:00,477.21,477.86,459.55,472.72
2024-12-21 08:00:00,472.72,490.46,472.03,488.36
2024-12-21 12:00:00,488.38,507.21,485.72,498.59
2024-12-21 16:00:00,498.58,500.56,480.68,487.52
2024-12-21 20:00:00,487.53,487.92,458.27,468.88
2024-12-22 00:00:00,468.88,469.48,449.52,455.77
2024-12-22 04:00:00,455.77,461.82,450.51,455.69
2024-12-22 08:00:00,455.69,460.57,447.03,454.71
2024-12-22 12:00:00,454.69,458.50,441.34,455.46
2024-12-22 16:00:00,455.28,475.81,454.84,464.97
2024-12-22 20:00:00,464.96,470.91,449.03,454.43
2024-12-23 00:00:00,454.45,464.85,441.42,442.70
2024-12-23 04:00:00,442.72,458.73,439.37,450.13
2024-12-23 08:00:00,450.13,467.31,439.79,465.41
2024-12-23 12:00:00,465.45,467.88,448.11,454.51
2024-12-23 16:00:00,454.48,464.75,453.17,456.05
2024-12-23 20:00:00,456.03,460.57,442.02,445.44
2024-12-24 00:00:00,445.41,464.41,444.56,462.98
2024-12-24 04:00:00,462.97,505.95,462.71,485.03
2024-12-24 08:00:00,485.02,486.76,475.62,484.26
2024-12-24 12:00:00,484.28,499.98,481.01,493.10
2024-12-24 16:00:00,493.12,501.53,485.76,494.74
2024-12-24 20:00:00,494.72,507.41,488.74,502.20
2024-12-25 00:00:00,502.13,506.19,491.25,491.42
2024-12-25 04:00:00,491.45,504.46,485.82,503.91
2024-12-25 08:00:00,503.90,505.84,497.30,502.24
2024-12-25 12:00:00,502.29,510.75,498.78,499.94
2024-12-25 16:00:00,499.94,512.31,494.58,500.66
2024-12-25 20:00:00,500.61,521.40,494.98,510.34
2024-12-26 00:00:00,510.32,513.36,496.77,502.35
2024-12-26 04:00:00,502.33,504.86,490.24,499.43
2024-12-26 08:00:00,499.42,505.35,482.16,484.03
2024-12-26 12:00:00,484.02,489.73,477.61,482.16
2024-12-26 16:00:00,482.11,483.86,469.51,477.82
2024-12-26 20:00:00,477.81,478.89,469.86,472.04
2024-12-27 00:00:00,472.06,477.19,465.02,470.16
2024-12-27 04:00:00,470.13,476.20,464.09,472.13
2024-12-27 08:00:00,472.13,476.19,465.87,474.50
2024-12-27 12:00:00,474.48,478.63,463.50,468.31
2024-12-27 16:00:00,468.35,495.81,468.29,494.41
2024-12-27 20:00:00,494.43,495.84,468.17,472.63
2024-12-28 00:00:00,472.63,483.36,465.94,479.31
2024-12-28 04:00:00,479.30,479.91,463.08,468.82
2024-12-28 08:00:00,468.82,471.26,463.30,467.64
2024-12-28 12:00:00,467.61,469.10,459.12,460.54
2024-12-28 16:00:00,460.53,469.15,460.52,467.78
2024-12-28 20:00:00,467.75,476.77,461.48,466.63
2024-12-29 00:00:00,466.71,474.78,465.96,469.94
2024-12-29 04:00:00,469.96,475.46,468.35,472.53
2024-12-29 08:00:00,472.53,474.09,466.30,471.28
2024-12-29 12:00:00,471.28,472.28,465.08,470.84
2024-12-29 16:00:00,470.85,471.75,465.01,468.17
2024-12-29 20:00:00,468.17,468.79,457.11,462.17
2024-12-30 00:00:00,462.17,463.06,454.46,458.49
2024-12-30 04:00:00,458.48,461.39,453.32,459.00
2024-12-30 08:00:00,459.03,475.91,456.53,471.40
2024-12-30 12:00:00,471.41,476.53,465.51,470.61
2024-12-30 16:00:00,470.61,474.86,460.37,465.50
2024-12-30 20:00:00,465.52,471.71,442.34,447.38
2024-12-31 00:00:00,447.52,464.14,443.67,463.10
2024-12-31 04:00:00,463.12,468.65,447.22,451.64
2024-12-31 08:00:00,451.65,451.92,438.42,443.40
2024-12-31 12:00:00,443.40,446.14,436.41,439.89
2024-12-31 16:00:00,439.90,450.86,438.81,444.42
2024-12-31 20:00:00,444.47,458.13,443.37,451.64
2025-01-01 00:00:00,451.74,452.91,438.57,445.69
2025-01-01 04:00:00,445.69,448.36,439.89,440.97
2025-01-01 08:00:00,440.98,448.80,440.33,442.33
2025-01-01 12:00:00,442.33,446.58,440.45,444.75
2025-01-01 16:00:00,444.69,448.61,434.43,445.47
2025-01-01 20:00:00,445.47,451.32,441.28,451.05
2025-01-02 00:00:00,451.06,465.77,445.85,464.44
2025-01-02 04:00:00,464.44,490.79,464.43,489.24
2025-01-02 08:00:00,489.24,544.49,486.28,542.35
2025-01-02 12:00:00,542.36,546.49,506.78,522.65
2025-01-02 16:00:00,522.59,531.21,514.75,521.39
2025-01-02 20:00:00,521.38,530.31,510.01,511.56
2025-01-03 00:00:00,511.57,519.08,507.42,514.78
2025-01-03 04:00:00,514.79,526.02,514.77,522.28
2025-01-03 08:00:00,522.29,529.78,517.66,521.39
2025-01-03 12:00:00,521.39,532.41,520.70,530.38
2025-01-03 16:00:00,530.39,558.74,523.85,557.39
2025-01-03 20:00:00,557.41,572.50,542.35,566.55
2025-01-04 00:00:00,566.54,569.99,549.59,556.98
2025-01-04 04:00:00,556.91,566.06,550.00,552.78
2025-01-04 08:00:00,552.79,555.59,545.49,554.87
2025-01-04 12:00:00,554.86,577.66,552.31,571.17
2025-01-04 16:00:00,571.22,571.78,560.31,566.11
2025-01-04 20:00:00,566.14,587.06,558.27,559.14
2025-01-05 00:00:00,559.19,575.51,554.40,568.50
2025-01-05 04:00:00,568.48,574.24,559.44,560.35
2025-01-05 08:00:00,560.36,563.32,551.46,558.63
2025-01-05 12:00:00,558.59,564.64,555.29,556.56
2025-01-05 16:00:00,556.53,557.84,547.83,555.01
2025-01-05 20:00:00,555.06,564.19,549.03,563.31
2025-01-06 00:00:00,563.32,566.80,554.22,559.02
2025-01-06 04:00:00,558.98,572.96,556.16,562.81
2025-01-06 08:00:00,562.81,574.38,550.67,563.31
2025-01-06 12:00:00,563.31,565.81,552.56,557.26
2025-01-06 16:00:00,557.28,558.69,543.08,548.71
2025-01-06 20:00:00,548.70,575.68,541.46,570.84
2025-01-07 00:00:00,570.86,588.88,555.05,561.59
2025-01-07 04:00:00,561.59,563.59,548.94,555.62
2025-01-07 08:00:00,555.61,558.96,541.14,543.81
2025-01-07 12:00:00,543.81,544.45,532.01,539.84
2025-01-07 16:00:00,539.84,543.19,532.02,535.98
2025-01-07 20:00:00,536.03,539.34,510.47,525.70
2025-01-08 00:00:00,525.68,529.86,501.73,503.22
2025-01-08 04:00:00,503.17,509.34,497.20,498.52
2025-01-08 08:00:00,498.51,502.17,477.20,480.65
2025-01-08 12:00:00,480.69,481.63,456.84,470.34
2025-01-08 16:00:00,470.45,481.75,464.13,469.53
2025-01-08 20:00:00,469.50,476.98,464.17,468.28
2025-01-09 00:00:00,468.28,472.99,437.60,467.27
2025-01-09 04:00:00,467.26,472.67,455.55,466.80
2025-01-09 08:00:00,466.79,475.33,459.37,460.63
2025-01-09 12:00:00,460.61,463.59,446.29,447.56
2025-01-09 16:00:00,447.55,462.63,445.91,452.52
2025-01-09 20:00:00,452.53,468.33,435.73,461.08
2025-01-10 00:00:00,461.14,466.95,437.00,437.47
2025-01-10 04:00:00,437.46,439.46,427.53,432.30
2025-01-10 08:00:00,432.33,437.60,426.12,432.73
2025-01-10 12:00:00,432.75,455.65,430.00,449.51
2025-01-10 16:00:00,449.53,455.44,442.72,446.98
2025-01-10 20:00:00,447.00,448.33,419.52,432.52
2025-01-11 00:00:00,432.57,446.55,424.59,442.04
2025-01-11 04:00:00,441.97,442.02,433.40,438.60
2025-01-11 08:00:00,438.59,440.92,430.26,432.12
2025-01-11 12:00:00,432.13,437.43,430.02,432.47
2025-01-11 16:00:00,432.45,436.39,428.03,434.57
2025-01-11 20:00:00,434.51,435.25,428.02,431.55
2025-01-12 00:00:00,431.55,435.15,428.31,434.20
2025-01-12 04:00:00,434.23,458.70,433.22,445.64
2025-01-12 08:00:00,445.64,451.46,441.08,444.39
2025-01-12 12:00:00,444.37,452.59,441.27,445.39
2025-01-12 16:00:00,445.40,447.42,434.49,442.50
2025-01-12 20:00:00,442.52,451.46,439.44,447.06
2025-01-13 00:00:00,447.09,451.85,443.04,446.17
2025-01-13 04:00:00,446.21,448.32,435.28,443.58
2025-01-13 08:00:00,443.58,456.55,428.62,431.29
2025-01-13 12:00:00,431.28,437.00,408.54,419.29
2025-01-13 16:00:00,419.29,419.30,392.19,393.83
2025-01-13 20:00:00,393.84,416.00,382.00,410.06
2025-01-14 00:00:00,410.11,413.18,392.36,400.64
2025-01-14 04:00:00,400.63,427.28,396.79,420.41
2025-01-14 08:00:00,420.42,428.02,416.34,422.14
2025-01-14 12:00:00,422.11,428.49,417.08,417.55
2025-01-14 16:00:00,417.61,433.44,417.61,419.83
2025-01-14 20:00:00,419.86,427.04,410.26,419.20
2025-01-15 00:00:00,419.23,419.77,412.10,413.97
2025-01-15 04:00:00,413.96,422.12,410.48,416.85
2025-01-15 08:00:00,416.87,422.55,410.88,416.73
2025-01-15 12:00:00,416.76,419.74,411.24,415.93
2025-01-15 16:00:00,415.93,419.54,402.46,405.76
2025-01-15 20:00:00,405.76,442.72,403.70,440.07
2025-01-16 00:00:00,440.18,459.05,439.04,457.19
2025-01-16 04:00:00,457.17,470.87,449.26,458.28
2025-01-16 08:00:00,458.26,460.85,440.17,441.80
2025-01-16 12:00:00,441.90,456.90,441.78,454.46
2025-01-16 16:00:00,454.45,456.24,440.07,454.65
2025-01-16 20:00:00,454.64,469.73,443.00,452.66
2025-01-17 00:00:00,452.65,460.02,448.12,455.40
2025-01-17 04:00:00,455.50,457.51,438.11,445.39
2025-01-17 08:00:00,445.41,458.13,445.31,448.81
2025-01-17 12:00:00,448.80,459.00,448.75,457.99
2025-01-17 16:00:00,457.99,476.87,457.13,472.41
2025-01-17 20:00:00,472.43,491.72,469.90,478.69
2025-01-18 00:00:00,478.70,487.87,471.85,478.13
2025-01-18 04:00:00,478.11,493.12,477.52,485.03
2025-01-18 08:00:00,485.03,494.86,463.61,466.11
2025-01-18 12:00:00,466.07,471.72,447.00,452.83
2025-01-18 16:00:00,452.87,453.82,441.78,452.24
2025-01-18 20:00:00,452.21,460.57,446.26,450.13
2025-01-19 00:00:00,450.15,453.20,440.01,452.20
2025-01-19 04:00:00,452.24,462.81,445.68,457.55
2025-01-19 08:00:00,457.57,467.65,455.34,455.50
2025-01-19 12:00:00,455.48,456.37,433.02,438.34
2025-01-19 16:00:00,438.35,438.65,409.26,421.79
2025-01-19 20:00:00,421.80,487.94,420.85,470.62
2025-01-20 00:00:00,470.58,473.35,451.64,456.95
2025-01-20 04:00:00,456.96,461.45,417.73,426.93
2025-01-20 08:00:00,426.85,431.59,412.98,423.91
2025-01-20 12:00:00,423.86,470.50,418.77,449.14
2025-01-20 16:00:00,449.16,470.54,442.95,449.62
2025-01-20 20:00:00,449.63,449.81,427.16,429.82
2025-01-21 00:00:00,429.80,434.65,405.01,421.54
2025-01-21 04:00:00,421.58,421.65,404.83,407.86
2025-01-21 08:00:00,407.86,408.19,392.49,397.45
2025-01-21 12:00:00,397.43,397.45,386.45,394.76
2025-01-21 16:00:00,394.75,411.93,391.76,406.50
2025-01-21 20:00:00,406.51,408.93,395.55,401.33
2025-01-22 00:00:00,401.16,433.80,399.66,419.83
2025-01-22 04:00:00,419.85,433.85,411.06,425.98
2025-01-22 08:00:00,425.98,435.25,416.33,422.82
2025-01-22 12:00:00,422.82,431.79,422.65,427.39
2025-01-22 16:00:00,427.44,428.26,412.94,420.09
2025-01-22 20:00:00,420.09,421.99,407.38,413.96
2025-01-23 00:00:00,413.96,415.67,405.10,410.65
2025-01-23 04:00:00,410.64,415.66,398.00,399.72
2025-01-23 08:00:00,399.67,399.72,388.53,392.10
2025-01-23 12:00:00,392.12,394.75,386.18,392.33
2025-01-23 16:00:00,392.35,394.40,378.56,381.35
2025-01-23 20:00:00,381.39,394.93,375.34,385.80
2025-01-24 00:00:00,385.75,396.79,374.01,376.22
2025-01-24 04:00:00,376.23,405.99,370.01,379.84
2025-01-24 08:00:00,379.85,382.23,362.60,367.93
2025-01-24 12:00:00,367.96,384.65,366.26,381.48
2025-01-24 16:00:00,381.48,390.60,380.41,387.59
2025-01-24 20:00:00,387.59,390.32,375.62,383.96
2025-01-25 00:00:00,383.97,384.51,377.56,380.81
2025-01-25 04:00:00,380.81,382.55,369.18,372.33
2025-01-25 08:00:00,372.33,374.29,362.70,371.46
2025-01-25 12:00:00,371.45,372.60,366.22,366.90
2025-01-25 16:00:00,366.84,374.25,363.27,373.23
2025-01-25 20:00:00,373.23,383.20,369.42,381.26
2025-01-26 00:00:00,381.26,390.47,373.46,387.35
2025-01-26 04:00:00,387.36,418.93,387.35,408.41
2025-01-26 08:00:00,408.41,421.29,407.19,410.82
2025-01-26 12:00:00,410.83,416.82,402.22,415.00
2025-01-26 16:00:00,414.96,431.08,411.44,429.99
2025-01-26 20:00:00,430.01,451.30,421.32,441.26
2025-01-27 00:00:00,441.27,463.16,440.79,455.45
2025-01-27 04:00:00,455.45,460.62,428.61,433.15
2025-01-27 08:00:00,433.14,442.48,415.52,426.82
2025-01-27 12:00:00,426.82,427.11,399.64,413.33
2025-01-27 16:00:00,413.31,424.19,386.10,398.92
2025-01-27 20:00:00,398.93,478.55,398.39,461.00
2025-01-28 00:00:00,461.06,473.77,429.18,436.86
2025-01-28 04:00:00,436.84,455.34,431.00,445.51
2025-01-28 08:00:00,445.52,451.60,428.00,444.78
2025-01-28 12:00:00,444.79,455.82,434.40,435.98
2025-01-28 16:00:00,435.99,449.48,431.58,445.32
2025-01-28 20:00:00,445.26,459.05,434.75,458.34
2025-01-29 00:00:00,458.34,464.00,448.37,458.15
2025-01-29 04:00:00,458.15,458.56,436.49,450.62
2025-01-29 08:00:00,450.63,466.71,443.62,466.16
2025-01-29 12:00:00,466.17,476.76,458.66,475.49
2025-01-29 16:00:00,475.42,497.30,468.00,478.57
2025-01-29 20:00:00,478.56,483.74,459.07,461.03
2025-01-30 00:00:00,461.04,473.44,441.30,458.78
2025-01-30 04:00:00,458.76,475.80,446.89,448.77
2025-01-30 08:00:00,448.77,462.82,444.27,462.57
2025-01-30 12:00:00,462.57,464.78,452.04,455.18
2025-01-30 16:00:00,455.19,470.47,448.67,467.64
2025-01-30 20:00:00,467.70,479.00,458.00,459.07
2025-01-31 00:00:00,459.07,475.67,455.49,459.96
2025-01-31 04:00:00,459.97,460.37,451.01,452.76
2025-01-31 08:00:00,452.77,459.96,448.00,450.74
2025-01-31 12:00:00,450.75,463.76,445.30,458.25
2025-01-31 16:00:00,458.30,462.96,448.64,462.94
2025-01-31 20:00:00,462.95,473.17,457.05,471.12
2025-02-01 00:00:00,471.10,475.72,453.20,467.84
2025-02-01 04:00:00,467.84,471.28,447.11,449.37
2025-02-01 08:00:00,449.37,458.68,442.73,455.78
2025-02-01 12:00:00,455.78,471.19,455.25,457.85
2025-02-01 16:00:00,457.87,461.14,418.20,423.35
2025-02-01 20:00:00,423.36,429.26,410.62,414.87
2025-02-02 00:00:00,414.86,418.69,402.67,404.37
2025-02-02 04:00:00,404.36,409.55,390.04,392.80
2025-02-02 08:00:00,392.81,405.93,377.88,380.89
2025-02-02 12:00:00,380.88,395.42,380.00,385.28
2025-02-02 16:00:00,385.23,392.83,374.72,379.42
2025-02-02 20:00:00,379.43,391.36,372.84,379.94
2025-02-03 00:00:00,379.98,380.09,346.21,368.14
2025-02-03 04:00:00,368.14,374.97,336.01,350.54
2025-02-03 08:00:00,350.54,350.61,234.59,291.20
2025-02-03 12:00:00,291.21,332.18,281.31,330.68
2025-02-03 16:00:00,330.65,336.32,314.15,324.61
2025-02-03 20:00:00,324.57,363.66,303.36,352.24
2025-02-04 00:00:00,352.24,366.62,337.06,364.40
2025-02-04 04:00:00,364.38,422.36,353.63,399.02
2025-02-04 08:00:00,399.02,400.26,374.13,381.20
2025-02-04 12:00:00,381.20,381.24,349.13,349.56
2025-02-04 16:00:00,349.57,370.31,346.55,362.05
2025-02-04 20:00:00,362.14,384.60,361.01,371.47
2025-02-05 00:00:00,371.45,393.03,366.68,371.89
2025-02-05 04:00:00,371.89,376.30,351.77,358.18
2025-02-05 08:00:00,358.19,363.14,350.42,356.46
2025-02-05 12:00:00,356.46,362.35,349.97,360.52
2025-02-05 16:00:00,360.47,370.40,354.62,367.58
2025-02-05 20:00:00,367.59,369.89,354.64,360.62
2025-02-06 00:00:00,360.61,362.80,341.43,360.00
2025-02-06 04:00:00,360.01,364.72,346.02,349.98
2025-02-06 08:00:00,349.98,356.19,343.30,354.14
2025-02-06 12:00:00,354.13,365.56,352.08,362.01
2025-02-06 16:00:00,362.01,376.50,357.43,364.62
2025-02-06 20:00:00,364.62,367.06,341.61,346.11
2025-02-07 00:00:00,346.10,348.62,327.61,329.17
2025-02-07 04:00:00,329.17,340.27,323.14,325.86
2025-02-07 08:00:00,325.86,342.09,325.57,333.69
2025-02-07 12:00:00,333.69,336.65,319.27,321.75
2025-02-07 16:00:00,321.77,339.66,320.00,335.49
2025-02-07 20:00:00,335.49,352.63,330.01,335.01
2025-02-08 00:00:00,335.04,335.30,321.51,323.72
2025-02-08 04:00:00,323.72,324.20,307.15,319.39
2025-02-08 08:00:00,319.39,325.41,317.21,324.02
2025-02-08 12:00:00,324.02,334.04,319.40,331.34
2025-02-08 16:00:00,331.34,343.33,328.05,342.09
2025-02-08 20:00:00,342.09,344.31,329.70,331.98
2025-02-09 00:00:00,331.96,349.27,327.59,343.28
2025-02-09 04:00:00,343.28,353.30,340.15,350.37
2025-02-09 08:00:00,350.37,369.48,344.43,368.85
2025-02-09 12:00:00,368.86,370.24,357.29,359.81
2025-02-09 16:00:00,359.88,367.75,354.94,359.22
2025-02-09 20:00:00,359.27,363.15,348.38,361.38
2025-02-10 00:00:00,361.37,367.12,356.37,358.91
2025-02-10 04:00:00,358.88,368.00,342.26,365.11
2025-02-10 08:00:00,365.14,374.56,350.43,361.65
2025-02-10 12:00:00,361.59,386.69,359.55,384.24
2025-02-10 16:00:00,384.22,393.29,381.15,390.33
2025-02-10 20:00:00,390.28,399.60,383.06,392.45
2025-02-11 00:00:00,392.44,397.61,385.99,386.82
2025-02-11 04:00:00,386.73,393.76,380.84,386.75
2025-02-11 08:00:00,386.76,407.85,385.54,405.65
2025-02-11 12:00:00,405.62,437.17,405.61,430.14
2025-02-11 16:00:00,430.14,435.67,420.38,427.21
2025-02-11 20:00:00,427.22,427.82,408.98,422.10
2025-02-12 00:00:00,422.11,423.83,402.25,407.87
2025-02-12 04:00:00,407.86,425.69,406.76,412.35
2025-02-12 08:00:00,412.30,416.24,398.42,400.02
2025-02-12 12:00:00,400.01,401.68,388.52,396.52
2025-02-12 16:00:00,396.51,403.34,393.32,395.08
2025-02-12 20:00:00,395.08,405.72,371.71,386.78
2025-02-13 00:00:00,386.78,407.76,378.51,406.09
2025-02-13 04:00:00,406.11,418.30,400.05,402.14
2025-02-13 08:00:00,402.16,414.86,401.06,408.56
2025-02-13 12:00:00,408.55,409.84,390.36,392.00
2025-02-13 16:00:00,391.99,396.13,384.25,385.53
2025-02-13 20:00:00,385.54,387.57,368.80,378.85
2025-02-14 00:00:00,378.84,381.89,373.39,375.94
2025-02-14 04:00:00,375.96,388.77,375.77,382.40
2025-02-14 08:00:00,382.43,389.76,380.00,384.38
2025-02-14 12:00:00,384.38,388.95,376.24,382.06
2025-02-14 16:00:00,382.10,402.81,380.19,391.93
2025-02-14 20:00:00,391.91,400.24,388.86,395.89
2025-02-15 00:00:00,395.88,406.62,389.68,395.50
2025-02-15 04:00:00,395.44,400.90,382.18,391.76
2025-02-15 08:00:00,391.77,398.44,384.86,397.58
2025-02-15 12:00:00,397.59,401.83,387.35,390.91
2025-02-15 16:00:00,390.96,393.28,380.20,383.89
2025-02-15 20:00:00,383.84,384.76,376.28,380.48
2025-02-16 00:00:00,380.49,382.22,374.84,376.70
2025-02-16 04:00:00,376.66,377.89,370.77,375.01
2025-02-16 08:00:00,375.04,376.80,362.78,365.92
2025-02-16 12:00:00,365.93,369.92,363.09,364.21
2025-02-16 16:00:00,364.28,373.10,362.21,372.47
2025-02-16 20:00:00,372.46,373.45,360.00,364.80
2025-02-17 00:00:00,364.81,368.15,357.48,363.51
2025-02-17 04:00:00,363.50,363.50,355.01,359.70
2025-02-17 08:00:00,359.71,365.30,352.60,354.89
2025-02-17 12:00:00,354.90,358.82,345.69,352.44
2025-02-17 16:00:00,352.44,365.19,351.40,362.79
2025-02-17 20:00:00,362.83,377.83,357.58,359.61
2025-02-18 00:00:00,359.61,362.39,346.10,355.14
2025-02-18 04:00:00,355.11,367.45,354.48,360.64
2025-02-18 08:00:00,360.64,362.70,356.73,361.00
2025-02-18 12:00:00,360.99,363.98,347.19,359.57
2025-02-18 16:00:00,359.54,367.28,355.93,364.45
2025-02-18 20:00:00,364.43,373.89,360.49,366.14
2025-02-19 00:00:00,366.14,377.54,352.75,373.35
2025-02-19 04:00:00,373.35,387.37,370.91,375.35
2025-02-19 08:00:00,375.36,379.75,371.62,375.80
2025-02-19 12:00:00,375.79,398.53,367.73,392.28
2025-02-19 16:00:00,392.25,404.16,386.01,404.16
2025-02-19 20:00:00,404.15,420.24,401.42,410.58
2025-02-20 00:00:00,410.58,430.17,406.92,410.25
2025-02-20 04:00:00,410.25,420.45,409.00,419.81
2025-02-20 08:00:00,419.82,450.77,416.92,445.20
2025-02-20 12:00:00,445.18,457.50,442.84,447.54
2025-02-20 16:00:00,447.58,469.47,445.17,458.32
2025-02-20 20:00:00,458.28,465.30,442.10,445.50
2025-02-21 00:00:00,445.55,458.26,443.39,456.88
2025-02-21 04:00:00,456.88,466.77,451.93,465.71
2025-02-21 08:00:00,465.69,472.85,452.36,457.35
2025-02-21 12:00:00,457.39,495.08,457.00,475.75
2025-02-21 16:00:00,475.87,481.48,465.53,470.92
2025-02-21 20:00:00,470.91,474.97,435.49,447.43
2025-02-22 00:00:00,447.43,459.29,436.85,440.34
2025-02-22 04:00:00,440.32,444.40,425.32,444.40
2025-02-22 08:00:00,444.40,450.37,429.47,435.85
2025-02-22 12:00:00,435.85,439.79,423.95,424.79
2025-02-22 16:00:00,424.79,439.03,423.04,436.05
2025-02-22 20:00:00,436.09,463.00,432.04,439.71
2025-02-23 00:00:00,439.68,448.93,435.37,436.45
2025-02-23 04:00:00,436.36,436.50,428.04,432.16
2025-02-23 08:00:00,432.15,442.64,430.65,432.26
2025-02-23 12:00:00,432.28,440.53,428.68,433.86
2025-02-23 16:00:00,433.91,440.23,418.33,423.43
2025-02-23 20:00:00,423.52,430.14,415.75,418.34
2025-02-24 00:00:00,418.40,426.00,417.48,423.89
2025-02-24 04:00:00,423.90,434.13,421.81,433.60
2025-02-24 08:00:00,433.57,438.28,406.37,409.12
2025-02-24 12:00:00,409.12,414.94,402.20,410.38
2025-02-24 16:00:00,410.40,430.92,402.19,427.61
2025-02-24 20:00:00,427.69,448.48,420.29,428.04
2025-02-25 00:00:00,428.08,440.70,412.74,416.39
2025-02-25 04:00:00,416.40,428.86,395.55,397.00
2025-02-25 08:00:00,397.00,407.68,385.93,386.78
2025-02-25 12:00:00,386.82,392.32,359.75,374.78
2025-02-25 16:00:00,374.71,387.83,355.32,368.40
2025-02-25 20:00:00,368.40,375.37,353.30,363.06
2025-02-26 00:00:00,363.07,370.28,355.73,367.76
2025-02-26 04:00:00,367.75,399.33,363.87,379.78
2025-02-26 08:00:00,379.79,388.37,368.77,381.03
2025-02-26 12:00:00,381.06,384.66,369.34,373.06
2025-02-26 16:00:00,373.03,383.00,365.59,372.66
2025-02-26 20:00:00,372.67,379.40,356.52,370.10
2025-02-27 00:00:00,370.11,371.95,345.27,346.25
2025-02-27 04:00:00,346.25,367.20,338.17,351.45
2025-02-27 08:00:00,351.46,362.39,346.01,360.59
2025-02-27 12:00:00,360.56,370.14,355.38,367.34
2025-02-27 16:00:00,367.35,369.66,357.65,358.65
2025-02-27 20:00:00,358.67,359.73,342.17,349.47
2025-02-28 00:00:00,349.47,353.57,340.55,344.55
2025-02-28 04:00:00,344.55,344.66,322.58,329.88
2025-02-28 08:00:00,329.89,330.99,306.09,307.88
2025-02-28 12:00:00,307.87,308.49,296.19,306.85
2025-02-28 16:00:00,306.86,313.24,301.25,308.80
2025-02-28 20:00:00,308.79,334.35,305.64,329.07
2025-03-01 00:00:00,329.07,333.73,324.49,328.16
2025-03-01 04:00:00,328.14,333.59,325.48,326.32
2025-03-01 08:00:00,326.32,335.58,320.74,330.48
2025-03-01 12:00:00,330.52,339.62,324.30,325.54
2025-03-01 16:00:00,325.55,330.42,318.43,321.91
2025-03-01 20:00:00,321.90,332.82,315.62,329.10
2025-03-02 00:00:00,329.10,335.15,326.94,334.40
2025-03-02 04:00:00,334.39,339.87,330.55,337.50
2025-03-02 08:00:00,337.49,347.64,332.46,345.67
2025-03-02 12:00:00,345.65,348.96,338.50,339.80
2025-03-02 16:00:00,339.80,343.06,334.58,335.75
2025-03-02 20:00:00,335.76,338.63,320.36,326.99
2025-03-03 00:00:00,326.97,360.50,326.22,355.55
2025-03-03 04:00:00,355.54,358.42,349.57,353.17
2025-03-03 08:00:00,353.17,355.82,339.20,342.53
2025-03-03 12:00:00,342.52,348.24,328.52,333.76
2025-03-03 16:00:00,333.80,333.93,318.19,328.75
2025-03-03 20:00:00,328.75,334.70,316.61,319.56
2025-03-04 00:00:00,319.65,324.00,296.82,298.97
2025-03-04 04:00:00,298.98,304.12,292.53,295.31
2025-03-04 08:00:00,295.32,299.08,274.45,282.58
2025-03-04 12:00:00,282.60,290.12,280.40,280.84
2025-03-04 16:00:00,280.84,284.04,269.00,273.10
2025-03-04 20:00:00,273.11,280.97,262.03,271.49
2025-03-05 00:00:00,271.50,291.63,256.90,289.49
2025-03-05 04:00:00,289.48,294.79,280.98,287.25
2025-03-05 08:00:00,287.25,296.23,284.82,286.77
2025-03-05 12:00:00,286.78,294.64,286.23,291.68
2025-03-05 16:00:00,291.68,304.40,291.16,296.77
2025-03-05 20:00:00,296.77,312.49,292.60,297.59
2025-03-06 00:00:00,297.58,308.34,292.70,304.12
2025-03-06 04:00:00,304.12,306.76,299.06,299.83
2025-03-06 08:00:00,299.83,304.86,295.03,302.88
2025-03-06 12:00:00,302.85,311.84,301.02,302.24
2025-03-06 16:00:00,302.28,308.42,286.11,292.27
2025-03-06 20:00:00,292.26,293.30,280.94,289.01
2025-03-07 00:00:00,289.01,294.68,282.75,283.75
2025-03-07 04:00:00,283.77,291.93,283.04,287.74
2025-03-07 08:00:00,287.75,292.45,271.56,279.55
2025-03-07 12:00:00,279.54,285.20,278.41,281.27
2025-03-07 16:00:00,281.27,293.96,278.00,290.98
2025-03-07 20:00:00,290.98,292.89,280.01,284.33
2025-03-08 00:00:00,284.33,290.75,272.12,285.50
2025-03-08 04:00:00,285.48,287.93,271.48,275.17
2025-03-08 08:00:00,275.18,278.15,271.36,274.90
2025-03-08 12:00:00,274.90,280.95,273.07,273.74
2025-03-08 16:00:00,273.74,274.65,266.98,269.21
2025-03-08 20:00:00,269.12,274.56,267.45,269.99
2025-03-09 00:00:00,269.99,282.84,265.18,281.98
2025-03-09 04:00:00,282.00,285.46,273.93,276.09
2025-03-09 08:00:00,276.10,278.28,269.05,269.79
2025-03-09 12:00:00,269.80,274.62,265.73,271.27
2025-03-09 16:00:00,271.25,276.95,263.42,265.98
2025-03-09 20:00:00,265.99,268.01,255.00,255.65
2025-03-10 00:00:00,255.66,258.56,239.34,247.50
2025-03-10 04:00:00,247.50,252.29,238.16,243.58
2025-03-10 08:00:00,243.59,259.35,241.46,252.25
2025-03-10 12:00:00,252.25,256.75,248.24,250.41
2025-03-10 16:00:00,250.42,255.43,242.00,249.75
2025-03-10 20:00:00,249.76,252.24,228.54,232.40
2025-03-11 00:00:00,232.39,234.05,212.48,226.07
2025-03-11 04:00:00,226.07,230.66,222.69,225.17
2025-03-11 08:00:00,225.20,231.46,212.42,228.12
2025-03-11 12:00:00,228.12,235.94,227.83,232.27
2025-03-11 16:00:00,232.26,249.99,231.50,242.52
2025-03-11 20:00:00,242.52,259.42,234.97,254.63
2025-03-12 00:00:00,254.64,271.75,248.95,266.47
2025-03-12 04:00:00,266.46,271.00,258.00,260.43
2025-03-12 08:00:00,260.42,270.22,257.08,258.23
2025-03-12 12:00:00,258.20,270.47,254.40,269.40
2025-03-12 16:00:00,269.38,271.78,256.26,263.97
2025-03-12 20:00:00,263.94,275.17,246.52,250.24
2025-03-13 00:00:00,250.22,260.27,249.61,257.98
2025-03-13 04:00:00,257.97,264.11,255.74,259.46
2025-03-13 08:00:00,259.43,261.85,253.44,258.00
2025-03-13 12:00:00,257.99,259.55,247.01,251.53
2025-03-13 16:00:00,251.51,257.53,248.48,255.07
2025-03-13 20:00:00,255.07,258.00,243.96,245.74
2025-03-14 00:00:00,245.73,246.64,236.46,238.79
2025-03-14 04:00:00,238.77,240.70,235.09,238.25
2025-03-14 08:00:00,238.26,243.49,237.24,240.31
2025-03-14 12:00:00,240.28,245.46,239.67,243.83
2025-03-14 16:00:00,243.83,247.69,242.61,244.73
2025-03-14 20:00:00,244.73,255.72,240.86,251.59
2025-03-15 00:00:00,251.59,258.21,248.28,254.99
2025-03-15 04:00:00,254.97,261.95,250.13,256.08
2025-03-15 08:00:00,256.06,262.07,255.29,261.42
2025-03-15 12:00:00,261.42,263.20,254.12,254.83
2025-03-15 16:00:00,254.84,265.58,252.82,264.99
2025-03-15 20:00:00,264.98,267.44,257.58,260.06
2025-03-16 00:00:00,260.05,261.70,256.14,259.39
2025-03-16 04:00:00,259.43,263.14,257.51,258.11
2025-03-16 08:00:00,258.12,259.94,250.95,255.81
2025-03-16 12:00:00,255.81,258.73,254.42,258.28
2025-03-16 16:00:00,258.33,263.25,246.08,246.97
2025-03-16 20:00:00,246.98,249.48,242.19,245.74
2025-03-17 00:00:00,245.74,252.81,240.89,242.81
2025-03-17 04:00:00,242.82,245.33,238.52,240.65
2025-03-17 08:00:00,240.67,248.76,240.18,247.27
2025-03-17 12:00:00,247.24,249.98,244.36,248.53
2025-03-17 16:00:00,248.55,251.18,246.14,249.74
2025-03-17 20:00:00,249.74,252.00,245.00,248.92
2025-03-18 00:00:00,248.90,260.31,247.60,257.80
2025-03-18 04:00:00,257.82,258.60,253.93,254.98
2025-03-18 08:00:00,254.98,255.66,244.91,245.42
2025-03-18 12:00:00,245.43,248.58,242.97,247.41
2025-03-18 16:00:00,247.38,250.85,242.54,244.44
2025-03-18 20:00:00,244.42,245.70,239.05,240.66
2025-03-19 00:00:00,240.63,242.92,236.00,240.93
2025-03-19 04:00:00,240.92,247.84,238.94,246.74
2025-03-19 08:00:00,246.75,252.54,246.00,251.51
2025-03-19 12:00:00,251.44,251.86,247.23,247.76
2025-03-19 16:00:00,247.76,257.64,247.53,257.03
2025-03-19 20:00:00,257.03,259.31,251.02,258.30
2025-03-20 00:00:00,258.30,263.08,249.25,260.17
2025-03-20 04:00:00,260.17,263.36,257.83,262.03
2025-03-20 08:00:00,262.05,263.66,253.67,256.74
2025-03-20 12:00:00,256.74,263.37,256.16,261.01
2025-03-20 16:00:00,260.99,264.73,255.20,259.45
2025-03-20 20:00:00,259.46,267.48,257.11,257.44
2025-03-21 00:00:00,257.42,259.64,251.97,253.14
2025-03-21 04:00:00,253.11,254.69,247.86,251.45
2025-03-21 08:00:00,251.45,254.84,250.61,252.54
2025-03-21 12:00:00,252.53,256.36,251.43,253.09
2025-03-21 16:00:00,253.10,254.76,243.57,245.45
2025-03-21 20:00:00,245.46,247.53,242.35,243.14
2025-03-22 00:00:00,243.17,249.30,242.06,248.65
2025-03-22 04:00:00,248.67,253.86,246.36,247.43
2025-03-22 08:00:00,247.41,252.45,246.81,249.78
2025-03-22 12:00:00,249.78,252.46,248.02,249.41
2025-03-22 16:00:00,249.44,254.50,248.89,250.61
2025-03-22 20:00:00,250.63,252.38,247.66,250.62
2025-03-23 00:00:00,250.64,253.13,249.18,252.68
2025-03-23 04:00:00,252.68,253.83,246.43,247.95
2025-03-23 08:00:00,247.95,254.80,246.16,254.77
2025-03-23 12:00:00,254.77,257.98,251.11,256.76
2025-03-23 16:00:00,256.77,258.05,252.60,253.06
2025-03-23 20:00:00,253.06,253.80,248.80,251.00
2025-03-24 00:00:00,251.00,254.38,248.92,253.42
2025-03-24 04:00:00,253.42,257.09,251.07,256.92
2025-03-24 08:00:00,256.92,261.17,253.12,260.74
2025-03-24 12:00:00,260.73,268.31,260.47,266.26
2025-03-24 16:00:00,266.27,274.58,266.23,269.83
2025-03-24 20:00:00,269.87,275.37,265.87,270.36
2025-03-25 00:00:00,270.32,273.15,266.72,270.66
2025-03-25 04:00:00,270.67,272.49,266.09,269.34
2025-03-25 08:00:00,269.33,271.07,262.97,264.08
2025-03-25 12:00:00,264.06,267.81,262.59,266.00
2025-03-25 16:00:00,265.98,280.91,265.11,272.61
2025-03-25 20:00:00,272.61,274.40,268.77,271.50
2025-03-26 00:00:00,271.51,272.13,266.72,269.16
2025-03-26 04:00:00,269.12,271.57,265.44,269.81
2025-03-26 08:00:00,269.82,271.31,265.06,266.54
2025-03-26 12:00:00,266.60,281.00,266.19,279.12
2025-03-26 16:00:00,279.10,279.89,274.99,276.88
2025-03-26 20:00:00,276.92,277.85,263.13,264.84
2025-03-27 00:00:00,264.81,266.84,255.31,261.52
2025-03-27 04:00:00,261.49,264.22,258.48,260.83
2025-03-27 08:00:00,260.79,265.89,260.16,265.72
2025-03-27 12:00:00,265.73,266.48,262.90,264.00
2025-03-27 16:00:00,264.00,268.59,262.89,265.06
2025-03-27 20:00:00,265.07,277.99,262.50,271.62
2025-03-28 00:00:00,271.70,275.51,268.23,269.43
2025-03-28 04:00:00,269.45,272.99,268.35,269.19
2025-03-28 08:00:00,269.21,270.74,263.53,264.33
2025-03-28 12:00:00,264.35,264.77,251.52,252.12
2025-03-28 16:00:00,252.13,256.47,252.01,255.90
2025-03-28 20:00:00,255.80,257.39,248.66,250.72
2025-03-29 00:00:00,250.74,251.57,238.74,239.90
2025-03-29 04:00:00,239.88,246.74,238.55,244.39
2025-03-29 08:00:00,244.42,245.35,238.80,242.29
2025-03-29 12:00:00,242.27,243.14,233.59,234.97
2025-03-29 16:00:00,235.02,237.60,220.52,223.42
2025-03-29 20:00:00,223.40,230.80,222.60,225.53
2025-03-30 00:00:00,225.53,230.76,221.01,230.69
2025-03-30 04:00:00,230.70,233.84,228.76,230.99
2025-03-30 08:00:00,231.06,237.36,227.21,231.57
2025-03-30 12:00:00,231.57,233.79,229.44,229.94
2025-03-30 16:00:00,229.95,232.61,226.62,228.18
2025-03-30 20:00:00,228.18,229.05,223.50,226.56
2025-03-31 00:00:00,226.56,230.83,222.90,228.50
2025-03-31 04:00:00,228.50,229.24,222.28,226.75
2025-03-31 08:00:00,226.80,228.01,220.86,220.98
2025-03-31 12:00:00,220.98,225.60,216.64,218.27
2025-03-31 16:00:00,218.26,221.25,212.62,217.02
2025-03-31 20:00:00,217.02,226.36,214.40,222.46
2025-04-01 00:00:00,222.46,225.59,220.31,222.14
2025-04-01 04:00:00,222.17,225.41,221.29,223.80
2025-04-01 08:00:00,223.77,228.85,222.94,226.22
2025-04-01 12:00:00,226.26,229.85,225.15,226.84
2025-04-01 16:00:00,226.86,233.28,224.23,226.80
2025-04-01 20:00:00,226.80,235.09,224.01,233.21
2025-04-02 00:00:00,233.21,234.44,226.21,228.92
2025-04-02 04:00:00,228.91,233.01,227.26,232.10
2025-04-02 08:00:00,232.12,233.39,224.20,225.20
2025-04-02 12:00:00,225.20,227.30,220.77,225.26
2025-04-02 16:00:00,225.29,231.25,224.48,225.83
2025-04-02 20:00:00,225.88,233.77,222.27,230.59
2025-04-03 00:00:00,230.62,232.96,226.31,231.67
2025-04-03 04:00:00,231.66,237.67,208.22,211.63
2025-04-03 08:00:00,211.65,219.27,209.98,216.71
2025-04-03 12:00:00,216.72,218.68,209.45,211.48
2025-04-03 16:00:00,211.45,213.92,202.66,204.66
2025-04-03 20:00:00,204.64,207.00,198.14,206.21
2025-04-04 00:00:00,206.20,210.04,204.63,206.90
2025-04-04 04:00:00,206.96,215.90,206.38,215.72
2025-04-04 08:00:00,215.74,218.41,213.15,215.12
2025-04-04 12:00:00,215.13,218.83,213.10,218.55
2025-04-04 16:00:00,218.55,220.08,203.29,208.02
2025-04-04 20:00:00,208.01,217.86,205.52,214.83
2025-04-05 00:00:00,214.89,222.44,213.55,219.99
2025-04-05 04:00:00,219.98,222.66,218.38,220.77
2025-04-05 08:00:00,220.78,221.48,217.00,217.98
2025-04-05 12:00:00,217.97,218.59,215.13,217.10
2025-04-05 16:00:00,217.09,219.66,216.37,217.61
2025-04-05 20:00:00,217.63,218.50,212.69,213.93
2025-04-06 00:00:00,213.93,218.96,213.89,217.61
2025-04-06 04:00:00,217.62,220.71,216.27,219.60
2025-04-06 08:00:00,219.60,219.78,216.37,217.57
2025-04-06 12:00:00,217.57,219.42,214.69,215.11
2025-04-06 16:00:00,215.11,216.50,211.87,214.00
2025-04-06 20:00:00,214.03,214.28,205.60,208.20
2025-04-07 00:00:00,208.20,208.47,185.07,188.70
2025-04-07 04:00:00,188.69,189.96,177.28,183.62
2025-04-07 08:00:00,183.62,192.80,181.16,183.93
2025-04-07 12:00:00,183.92,187.16,166.49,175.00
2025-04-07 16:00:00,174.99,189.60,173.97,181.90
2025-04-07 20:00:00,181.94,208.16,181.61,194.10
2025-04-08 00:00:00,194.10,196.95,188.97,194.70
2025-04-08 04:00:00,194.71,207.97,194.64,204.49
2025-04-08 08:00:00,204.48,217.66,203.88,214.07
2025-04-08 12:00:00,214.04,216.60,207.16,208.76
2025-04-08 16:00:00,208.75,215.34,204.10,212.87
2025-04-08 20:00:00,212.89,213.77,204.01,206.28
2025-04-09 00:00:00,206.29,206.30,193.00,197.21
2025-04-09 04:00:00,197.21,199.46,194.01,195.12
2025-04-09 08:00:00,195.11,201.47,190.12,193.88
2025-04-09 12:00:00,193.87,204.75,193.34,203.08
2025-04-09 16:00:00,203.09,203.64,193.02,194.04
2025-04-09 20:00:00,194.03,205.34,193.02,201.51
2025-04-10 00:00:00,201.52,232.66,200.89,227.92
2025-04-10 04:00:00,227.93,233.85,227.67,230.23
2025-04-10 08:00:00,230.25,231.99,225.18,229.90
2025-04-10 12:00:00,229.90,240.89,226.89,236.12
2025-04-10 16:00:00,236.11,236.99,231.18,233.47
2025-04-10 20:00:00,233.46,242.44,227.19,228.92
2025-04-11 00:00:00,229.01,232.50,225.68,228.62
2025-04-11 04:00:00,228.57,233.58,227.46,231.46
2025-04-11 08:00:00,231.46,240.90,230.85,239.52
2025-04-11 12:00:00,239.48,247.60,237.30,241.13
2025-04-11 16:00:00,241.14,242.35,235.40,240.31
2025-04-11 20:00:00,240.28,253.56,239.50,244.04
2025-04-12 00:00:00,244.05,254.61,241.40,252.13
2025-04-12 04:00:00,252.08,260.47,247.10,250.38
2025-04-12 08:00:00,250.39,259.41,248.32,256.33
2025-04-12 12:00:00,256.33,261.55,253.83,254.60
2025-04-12 16:00:00,254.55,255.96,249.09,252.40
2025-04-12 20:00:00,252.40,262.99,249.57,259.50
2025-04-13 00:00:00,259.47,260.86,254.71,255.22
2025-04-13 04:00:00,255.22,258.02,253.38,253.67
2025-04-13 08:00:00,253.71,254.90,250.59,251.79
2025-04-13 12:00:00,251.79,256.25,249.43,254.15
2025-04-13 16:00:00,254.14,254.44,249.56,251.33
2025-04-13 20:00:00,251.31,252.51,243.72,245.19
2025-04-14 00:00:00,245.20,253.30,241.00,243.49
2025-04-14 04:00:00,243.55,246.43,236.06,239.90
2025-04-14 08:00:00,239.90,249.58,238.77,243.11
2025-04-14 12:00:00,243.11,248.41,239.22,243.04
2025-04-14 16:00:00,243.09,247.65,240.53,245.81
2025-04-14 20:00:00,245.77,250.16,236.66,238.61
2025-04-15 00:00:00,238.56,244.91,236.93,241.51
2025-04-15 04:00:00,241.55,241.69,234.31,236.39
2025-04-15 08:00:00,236.40,243.15,234.62,241.21
2025-04-15 12:00:00,241.22,241.43,235.58,238.22
2025-04-15 16:00:00,238.19,241.22,236.93,239.12
2025-04-15 20:00:00,239.14,243.41,234.53,236.30
2025-04-16 00:00:00,236.31,237.82,229.25,231.23
2025-04-16 04:00:00,231.29,234.67,229.42,230.36
2025-04-16 08:00:00,230.36,236.34,228.55,233.95
2025-04-16 12:00:00,233.95,235.85,228.85,229.44
2025-04-16 16:00:00,229.46,232.36,227.49,230.09
2025-04-16 20:00:00,230.08,236.77,228.81,232.95
2025-04-17 00:00:00,232.95,235.71,222.50,232.26
2025-04-17 04:00:00,232.24,233.36,228.07,230.26
2025-04-17 08:00:00,230.25,234.39,229.23,230.74
2025-04-17 12:00:00,230.77,234.81,227.83,234.30
2025-04-17 16:00:00,234.30,235.55,230.85,231.92
2025-04-17 20:00:00,231.94,241.15,229.76,239.68
2025-04-18 00:00:00,239.68,249.76,237.74,244.47
2025-04-18 04:00:00,244.48,250.35,243.89,247.86
2025-04-18 08:00:00,247.85,259.63,247.02,256.22
2025-04-18 12:00:00,256.22,264.30,252.21,259.11
2025-04-18 16:00:00,259.15,262.20,255.72,260.61
2025-04-18 20:00:00,260.61,267.00,258.01,260.41
2025-04-19 00:00:00,260.38,269.40,258.23,267.46
2025-04-19 04:00:00,267.46,275.03,266.67,274.05
2025-04-19 08:00:00,274.07,276.13,269.30,272.92
2025-04-19 12:00:00,272.88,279.50,269.85,278.76
2025-04-19 16:00:00,278.77,288.95,273.22,275.88
2025-04-19 20:00:00,275.79,279.79,271.20,273.87
2025-04-20 00:00:00,273.88,285.94,273.02,282.79
2025-04-20 04:00:00,282.78,299.10,279.59,290.24
2025-04-20 08:00:00,290.23,299.33,288.28,298.87
2025-04-20 12:00:00,298.87,309.43,295.25,307.29
2025-04-20 16:00:00,307.28,311.99,295.14,297.84
2025-04-20 20:00:00,297.83,306.51,295.21,301.20
2025-04-21 00:00:00,301.19,318.70,299.22,317.44
2025-04-21 04:00:00,317.42,324.97,313.82,315.25
2025-04-21 08:00:00,315.26,339.99,314.65,317.60
2025-04-21 12:00:00,317.58,334.09,317.38,322.85
2025-04-21 16:00:00,322.90,325.44,306.37,310.66
2025-04-21 20:00:00,310.69,316.96,307.30,311.40
2025-04-22 00:00:00,311.39,315.73,301.44,314.56
2025-04-22 04:00:00,314.55,316.78,308.62,313.67
2025-04-22 08:00:00,313.67,326.40,308.86,317.86
2025-04-22 12:00:00,317.86,326.04,311.39,324.60
2025-04-22 16:00:00,324.59,332.13,323.47,329.06
2025-04-22 20:00:00,329.03,348.98,328.04,338.29
2025-04-23 00:00:00,338.17,350.59,333.90,337.05
2025-04-23 04:00:00,337.03,343.94,330.62,338.07
2025-04-23 08:00:00,338.08,342.10,330.36,334.49
2025-04-23 12:00:00,334.41,341.47,328.04,334.02
2025-04-23 16:00:00,334.11,337.91,330.09,332.55
2025-04-23 20:00:00,332.62,340.50,322.86,331.49
2025-04-24 00:00:00,331.50,349.84,328.80,339.60
2025-04-24 04:00:00,339.55,346.20,335.32,336.01
2025-04-24 08:00:00,336.00,342.57,332.47,333.42
2025-04-24 12:00:00,333.39,345.37,331.96,336.65
2025-04-24 16:00:00,336.71,337.39,325.22,329.29
2025-04-24 20:00:00,329.28,355.00,327.65,353.25
2025-04-25 00:00:00,353.19,363.57,345.56,357.08
2025-04-25 04:00:00,357.05,359.92,350.58,357.47
2025-04-25 08:00:00,357.45,367.00,351.23,356.24
2025-04-25 12:00:00,356.31,360.40,347.96,358.24
2025-04-25 16:00:00,358.22,368.92,354.90,367.73
2025-04-25 20:00:00,367.72,374.87,360.61,363.37
2025-04-26 00:00:00,363.36,367.10,350.72,356.80
2025-04-26 04:00:00,356.72,360.21,351.95,353.20
2025-04-26 08:00:00,353.21,358.94,351.04,352.13
2025-04-26 12:00:00,352.13,353.74,346.54,347.63
2025-04-26 16:00:00,347.63,351.94,340.00,342.51
2025-04-26 20:00:00,342.50,347.92,337.45,346.93
2025-04-27 00:00:00,346.91,348.22,342.35,347.73
2025-04-27 04:00:00,347.73,352.27,346.14,348.83
2025-04-27 08:00:00,348.84,352.61,340.33,346.09
2025-04-27 12:00:00,346.09,356.86,344.41,351.10
2025-04-27 16:00:00,351.09,355.70,345.56,347.76
2025-04-27 20:00:00,347.67,355.47,345.79,349.21
2025-04-28 00:00:00,349.22,355.85,345.57,354.23
2025-04-28 04:00:00,354.21,364.55,351.89,360.48
2025-04-28 08:00:00,360.48,361.69,344.65,354.87
2025-04-28 12:00:00,354.85,378.46,352.00,378.20
2025-04-28 16:00:00,378.17,388.98,369.26,373.26
2025-04-28 20:00:00,373.15,383.17,360.00,361.85
2025-04-29 00:00:00,361.83,377.35,358.48,376.12
2025-04-29 04:00:00,376.03,382.87,369.50,377.97
2025-04-29 08:00:00,377.98,385.84,371.23,382.94
2025-04-29 12:00:00,382.93,384.98,370.15,382.00
2025-04-29 16:00:00,381.98,384.32,375.00,379.59
2025-04-29 20:00:00,379.48,382.00,369.25,370.10
2025-04-30 00:00:00,370.10,374.39,367.80,371.58
2025-04-30 04:00:00,371.67,372.78,361.30,366.04
2025-04-30 08:00:00,366.09,371.50,363.30,367.97
2025-04-30 12:00:00,367.90,370.35,360.22,361.96
2025-04-30 16:00:00,361.95,366.58,358.53,366.17
2025-04-30 20:00:00,366.17,366.48,334.29,349.93
2025-05-01 00:00:00,349.95,358.88,343.12,350.16
2025-05-01 04:00:00,350.19,357.48,349.44,354.98
2025-05-01 08:00:00,354.96,363.65,352.89,357.05
2025-05-01 12:00:00,357.01,363.40,351.70,360.65
2025-05-01 16:00:00,360.77,371.96,358.40,370.63
2025-05-01 20:00:00,370.63,375.66,365.28,368.83
2025-05-02 00:00:00,368.92,372.83,361.87,363.21
2025-05-02 04:00:00,363.32,366.42,355.61,357.72
2025-05-02 08:00:00,357.70,362.16,355.93,357.42
2025-05-02 12:00:00,357.42,362.11,353.51,355.23
2025-05-02 16:00:00,355.30,370.61,354.00,366.83
2025-05-02 20:00:00,366.87,378.82,363.24,372.68
2025-05-03 00:00:00,372.68,379.52,368.75,370.76
2025-05-03 04:00:00,370.76,375.84,369.51,374.77
2025-05-03 08:00:00,374.77,376.90,367.00,374.78
2025-05-03 12:00:00,374.79,375.85,363.21,367.36
2025-05-03 16:00:00,367.43,368.23,358.59,361.89
2025-05-03 20:00:00,361.89,365.46,361.42,363.82
2025-05-04 00:00:00,363.79,363.86,355.25,358.42
2025-05-04 04:00:00,358.42,360.22,352.65,352.88
2025-05-04 08:00:00,352.94,355.39,345.69,349.91
2025-05-04 12:00:00,349.91,352.34,345.16,348.01
2025-05-04 16:00:00,348.00,350.64,345.30,347.45
2025-05-04 20:00:00,347.49,354.66,344.84,353.83
2025-05-05 00:00:00,353.82,354.70,340.91,344.82
2025-05-05 04:00:00,344.83,349.00,339.00,343.88
2025-05-05 08:00:00,343.94,353.40,339.64,350.05
2025-05-05 12:00:00,350.11,364.34,348.27,362.14
2025-05-05 16:00:00,362.15,366.91,353.06,355.59
2025-05-05 20:00:00,355.60,367.55,352.39,361.80
2025-05-06 00:00:00,361.84,378.78,361.65,373.28
2025-05-06 04:00:00,373.27,379.30,367.30,374.91
2025-05-06 08:00:00,374.96,376.21,364.77,371.04
2025-05-06 12:00:00,371.05,378.20,368.44,369.78
2025-05-06 16:00:00,369.78,373.55,357.64,360.73
2025-05-06 20:00:00,360.72,367.39,352.39,361.69
2025-05-07 00:00:00,361.74,368.46,355.30,362.89
2025-05-07 04:00:00,362.87,374.74,354.46,373.80
2025-05-07 08:00:00,373.80,386.96,372.80,377.81
2025-05-07 12:00:00,377.82,379.57,362.63,371.73
2025-05-07 16:00:00,371.72,372.06,362.32,364.53
2025-05-07 20:00:00,364.55,366.39,358.79,359.91
2025-05-08 00:00:00,359.91,364.27,353.02,358.01
2025-05-08 04:00:00,358.01,373.44,356.18,367.71
2025-05-08 08:00:00,367.71,386.80,363.61,385.97
2025-05-08 12:00:00,385.99,404.92,385.99,400.15
2025-05-08 16:00:00,400.15,408.67,398.06,401.21
2025-05-08 20:00:00,401.23,420.33,395.72,409.21
2025-05-09 00:00:00,409.19,421.40,407.17,416.97
2025-05-09 04:00:00,416.99,431.05,411.00,423.00
2025-05-09 08:00:00,423.00,432.38,419.40,419.77
2025-05-09 12:00:00,419.78,449.89,419.37,442.05
2025-05-09 16:00:00,442.06,451.63,424.16,428.86
2025-05-09 20:00:00,428.85,446.53,423.13,427.23
2025-05-10 00:00:00,427.26,433.07,417.40,424.88
2025-05-10 04:00:00,424.96,431.30,423.10,430.45
2025-05-10 08:00:00,430.44,441.14,423.98,435.69
2025-05-10 12:00:00,435.69,451.00,433.67,449.69
2025-05-10 16:00:00,449.84,456.10,435.92,438.13
2025-05-10 20:00:00,438.19,448.83,438.05,442.02
2025-05-11 00:00:00,442.03,455.77,440.96,452.62
2025-05-11 04:00:00,452.63,469.28,449.65,464.37
2025-05-11 08:00:00,464.36,468.01,451.09,453.69
2025-05-11 12:00:00,453.70,461.31,442.13,445.86
2025-05-11 16:00:00,445.85,458.06,443.93,457.05
2025-05-11 20:00:00,457.05,459.30,440.99,444.72
2025-05-12 00:00:00,444.73,457.06,438.92,454.71
2025-05-12 04:00:00,454.72,460.43,448.07,458.52
2025-05-12 08:00:00,458.55,477.83,458.45,473.41
2025-05-12 12:00:00,473.41,489.36,465.18,472.75
2025-05-12 16:00:00,472.76,473.11,453.80,455.92
2025-05-12 20:00:00,455.91,465.97,445.00,452.12
2025-05-13 00:00:00,452.11,460.48,434.26,453.76
2025-05-13 04:00:00,453.76,463.22,449.49,456.20
2025-05-13 08:00:00,456.25,457.15,441.63,443.47
2025-05-13 12:00:00,443.41,460.32,442.65,456.94
2025-05-13 16:00:00,456.98,467.63,454.42,456.07
2025-05-13 20:00:00,456.06,463.07,448.59,458.12
2025-05-14 00:00:00,458.16,470.66,456.45,464.25
2025-05-14 04:00:00,464.17,469.90,459.05,461.95
2025-05-14 08:00:00,461.95,463.94,456.62,462.55
2025-05-14 12:00:00,462.52,470.43,458.12,463.11
2025-05-14 16:00:00,463.10,465.29,451.00,457.06
2025-05-14 20:00:00,457.07,459.00,442.85,453.63
2025-05-15 00:00:00,453.64,457.02,443.38,454.09
2025-05-15 04:00:00,454.15,457.72,449.45,455.31
2025-05-15 08:00:00,455.32,462.37,443.71,444.18
2025-05-15 12:00:00,444.17,446.10,420.49,421.82
2025-05-15 16:00:00,421.79,432.45,417.80,427.16
2025-05-15 20:00:00,427.15,443.04,421.13,441.93
2025-05-16 00:00:00,441.88,448.97,432.80,438.97
2025-05-16 04:00:00,439.00,442.13,427.15,436.49
2025-05-16 08:00:00,436.48,444.44,433.34,440.82
2025-05-16 12:00:00,440.88,443.21,434.38,442.25
2025-05-16 16:00:00,442.25,445.74,434.42,443.68
2025-05-16 20:00:00,443.66,445.49,438.40,443.76
2025-05-17 00:00:00,443.77,445.82,432.40,436.11
2025-05-17 04:00:00,436.11,440.16,423.71,425.26
2025-05-17 08:00:00,425.17,428.03,412.68,423.89
2025-05-17 12:00:00,423.92,425.49,414.56,420.37
2025-05-17 16:00:00,420.38,424.20,416.00,418.88
2025-05-17 20:00:00,418.89,424.73,410.29,420.11
2025-05-18 00:00:00,420.11,424.81,414.21,418.89
2025-05-18 04:00:00,418.89,424.69,417.10,423.32
2025-05-18 08:00:00,423.32,424.22,419.33,422.62
2025-05-18 12:00:00,422.62,433.00,422.47,428.48
2025-05-18 16:00:00,428.49,433.50,417.83,418.19
2025-05-18 20:00:00,418.18,440.48,415.08,438.56
2025-05-19 00:00:00,438.60,440.05,405.21,405.49
2025-05-19 04:00:00,405.48,426.99,395.19,425.22
2025-05-19 08:00:00,425.22,428.00,403.34,404.47
2025-05-19 12:00:00,404.56,407.91,391.06,397.69
2025-05-19 16:00:00,397.70,399.00,387.73,392.36
2025-05-19 20:00:00,392.27,408.14,388.36,403.82
2025-05-20 00:00:00,403.86,415.84,400.16,407.15
2025-05-20 04:00:00,407.13,411.78,403.83,410.52
2025-05-20 08:00:00,410.54,424.27,408.89,413.72
2025-05-20 12:00:00,413.73,423.71,411.02,419.29
2025-05-20 16:00:00,419.25,422.94,413.18,415.77
2025-05-20 20:00:00,415.76,418.26,411.06,414.34
2025-05-21 00:00:00,414.35,418.00,405.91,414.90
2025-05-21 04:00:00,414.86,420.90,411.58,415.47
2025-05-21 08:00:00,415.47,421.30,410.42,419.36
2025-05-21 12:00:00,419.36,425.49,415.90,418.55
2025-05-21 16:00:00,418.53,421.28,413.01,414.66
2025-05-21 20:00:00,414.64,430.60,410.99,426.97
2025-05-22 00:00:00,426.97,446.98,420.89,440.00
2025-05-22 04:00:00,439.92,456.58,437.59,449.38
2025-05-22 08:00:00,449.38,468.41,446.97,463.75
2025-05-22 12:00:00,463.76,475.59,461.44,472.21
2025-05-22 16:00:00,472.21,475.47,463.04,468.27
2025-05-22 20:00:00,468.25,475.35,465.50,474.48
2025-05-23 00:00:00,474.49,478.00,466.58,469.62
2025-05-23 04:00:00,469.62,471.62,460.28,466.39
2025-05-23 08:00:00,466.41,474.18,462.33,471.60
2025-05-23 12:00:00,471.61,472.17,458.20,462.97
2025-05-23 16:00:00,462.98,470.64,445.06,447.46
2025-05-23 20:00:00,447.55,456.62,434.22,448.67
2025-05-24 00:00:00,448.67,450.74,438.78,440.27
2025-05-24 04:00:00,440.21,440.39,414.24,420.41
2025-05-24 08:00:00,420.33,428.94,418.23,428.78
2025-05-24 12:00:00,428.80,431.72,422.78,426.34
2025-05-24 16:00:00,426.35,440.95,425.47,434.80
2025-05-24 20:00:00,434.78,440.51,431.96,434.84
2025-05-25 00:00:00,434.85,440.53,431.11,436.94
2025-05-25 04:00:00,436.93,438.39,430.28,431.98
2025-05-25 08:00:00,431.97,435.05,423.00,434.64
2025-05-25 12:00:00,434.62,435.33,424.05,425.66
2025-05-25 16:00:00,425.68,425.68,415.68,417.89
2025-05-25 20:00:00,417.89,421.91,408.90,417.24
2025-05-26 00:00:00,417.23,424.61,412.49,422.98
2025-05-26 04:00:00,422.93,435.65,420.20,431.71
2025-05-26 08:00:00,431.71,443.73,429.13,437.65
2025-05-26 12:00:00,437.66,460.32,436.04,449.79
2025-05-26 16:00:00,449.79,451.75,442.01,445.11
2025-05-26 20:00:00,445.08,451.01,437.62,444.19
2025-05-27 00:00:00,444.20,446.22,425.07,430.24
2025-05-27 04:00:00,430.20,435.96,428.66,434.54
2025-05-27 08:00:00,434.55,439.90,425.25,433.82
2025-05-27 12:00:00,433.77,450.00,432.25,444.64
2025-05-27 16:00:00,444.77,447.50,441.42,446.85
2025-05-27 20:00:00,446.85,450.31,440.20,446.00
2025-05-28 00:00:00,446.03,455.28,442.47,451.54
2025-05-28 04:00:00,451.54,458.75,444.98,448.12
2025-05-28 08:00:00,448.12,457.24,446.95,455.20
2025-05-28 12:00:00,455.19,456.51,443.45,444.98
2025-05-28 16:00:00,445.08,448.14,440.60,444.30
2025-05-28 20:00:00,444.31,449.45,426.87,428.27
2025-05-29 00:00:00,428.27,439.94,427.77,428.91
2025-05-29 04:00:00,428.89,435.29,427.12,434.50
2025-05-29 08:00:00,434.51,442.78,429.04,436.99
2025-05-29 12:00:00,436.98,438.27,426.40,429.02
2025-05-29 16:00:00,429.04,434.12,427.17,430.78
2025-05-29 20:00:00,430.73,432.73,416.81,423.70
2025-05-30 00:00:00,423.69,424.92,416.20,419.32
2025-05-30 04:00:00,419.24,423.99,414.00,416.16
2025-05-30 08:00:00,416.19,418.68,395.38,412.99
2025-05-30 12:00:00,412.98,417.98,403.67,408.01
2025-05-30 16:00:00,408.03,409.86,399.99,409.19
2025-05-30 20:00:00,409.18,411.13,396.01,396.34
2025-05-31 00:00:00,396.42,398.72,383.12,392.63
2025-05-31 04:00:00,392.62,393.09,374.83,376.46
2025-05-31 08:00:00,376.46,382.23,365.57,380.61
2025-05-31 12:00:00,380.61,415.34,379.96,403.60
2025-05-31 16:00:00,403.61,404.16,396.72,397.16
2025-05-31 20:00:00,397.12,413.91,396.33,410.65
2025-06-01 00:00:00,410.60,435.82,407.74,425.11
2025-06-01 04:00:00,425.11,434.12,425.08,429.75
2025-06-01 08:00:00,429.78,435.60,421.20,429.78
2025-06-01 12:00:00,429.80,439.19,424.39,426.83
2025-06-01 16:00:00,426.82,429.00,413.10,417.79
2025-06-01 20:00:00,417.83,422.20,411.05,417.96
2025-06-02 00:00:00,417.99,421.36,410.58,414.76
2025-06-02 04:00:00,414.76,415.73,409.89,413.76
2025-06-02 08:00:00,413.76,415.27,408.05,408.98
2025-06-02 12:00:00,408.98,414.85,403.52,412.55
2025-06-02 16:00:00,412.53,415.13,405.23,409.96
2025-06-02 20:00:00,409.94,411.29,404.13,407.48
2025-06-03 00:00:00,407.57,407.69,397.07,397.80
2025-06-03 04:00:00,397.79,405.14,397.79,403.60
2025-06-03 08:00:00,403.66,405.50,392.10,392.99
2025-06-03 12:00:00,392.99,393.74,390.46,392.32
2025-06-03 16:00:00,392.33,392.98,385.38,392.44
2025-06-03 20:00:00,392.41,402.47,389.63,395.88
2025-06-04 00:00:00,395.85,396.31,383.62,392.71
2025-06-04 04:00:00,392.77,393.36,382.56,386.55
2025-06-04 08:00:00,386.54,396.97,386.02,394.52
2025-06-04 12:00:00,394.53,399.84,393.13,394.95
2025-06-04 16:00:00,394.96,397.48,391.16,391.47
2025-06-04 20:00:00,391.48,393.34,384.90,390.18
2025-06-05 00:00:00,390.22,392.05,385.89,386.25
2025-06-05 04:00:00,386.25,386.86,376.76,380.85
2025-06-05 08:00:00,380.85,383.91,377.64,379.66
2025-06-05 12:00:00,379.68,382.31,376.10,378.06
2025-06-05 16:00:00,378.06,378.93,364.44,368.85
2025-06-05 20:00:00,368.86,376.82,365.06,372.08
2025-06-06 00:00:00,372.10,373.29,351.33,358.81
2025-06-06 04:00:00,358.82,360.72,347.05,351.29
2025-06-06 08:00:00,351.29,362.23,351.01,359.95
2025-06-06 12:00:00,359.94,372.32,359.09,365.79
2025-06-06 16:00:00,365.75,371.79,364.38,368.96
2025-06-06 20:00:00,368.97,390.81,365.68,373.49
2025-06-07 00:00:00,373.48,378.13,366.88,367.97
2025-06-07 04:00:00,367.98,370.71,365.77,366.98
2025-06-07 08:00:00,366.99,375.28,364.74,373.85
2025-06-07 12:00:00,373.81,376.56,370.20,374.56
2025-06-07 16:00:00,374.57,380.56,372.54,377.94
2025-06-07 20:00:00,377.93,384.01,377.39,382.73
2025-06-08 00:00:00,382.74,383.23,375.24,382.31
2025-06-08 04:00:00,382.30,390.73,380.35,385.64
2025-06-08 08:00:00,385.64,388.72,383.22,383.51
2025-06-08 12:00:00,383.47,383.58,377.48,379.95
2025-06-08 16:00:00,379.95,380.87,373.09,377.13
2025-06-08 20:00:00,377.14,381.50,374.52,378.30
2025-06-09 00:00:00,378.30,386.58,377.51,385.78
2025-06-09 04:00:00,385.80,389.23,379.36,382.96
2025-06-09 08:00:00,382.97,387.60,380.17,386.66
2025-06-09 12:00:00,386.65,388.47,381.03,385.20
2025-06-09 16:00:00,385.21,402.32,384.51,401.13
2025-06-09 20:00:00,401.07,414.34,397.07,411.42
2025-06-10 00:00:00,411.43,417.32,409.35,409.97
2025-06-10 04:00:00,409.96,429.29,407.46,419.79
2025-06-10 08:00:00,419.79,429.44,419.61,429.17
2025-06-10 12:00:00,429.27,437.50,425.76,434.90
2025-06-10 16:00:00,434.91,443.27,429.17,438.29
2025-06-10 20:00:00,438.30,442.80,422.72,426.93
2025-06-11 00:00:00,426.94,427.64,417.64,420.09
2025-06-11 04:00:00,420.06,427.86,415.57,427.46
2025-06-11 08:00:00,427.49,427.84,420.35,426.02
2025-06-11 12:00:00,426.04,426.75,419.67,420.69
2025-06-11 16:00:00,420.68,421.78,413.91,417.19
2025-06-11 20:00:00,417.11,436.22,414.80,433.10
2025-06-12 00:00:00,433.11,435.62,413.11,414.36
2025-06-12 04:00:00,414.34,417.37,400.76,407.69
2025-06-12 08:00:00,407.70,408.47,393.27,393.60
2025-06-12 12:00:00,393.61,399.60,389.59,393.45
2025-06-12 16:00:00,393.40,397.43,390.64,392.60
2025-06-12 20:00:00,392.61,402.22,390.08,392.76
2025-06-13 00:00:00,392.79,401.48,385.86,387.60
2025-06-13 04:00:00,387.56,390.14,378.48,385.51
2025-06-13 08:00:00,385.52,385.64,352.96,367.31
2025-06-13 12:00:00,367.34,372.66,357.14,371.53
2025-06-13 16:00:00,371.58,376.02,363.09,367.55
2025-06-13 20:00:00,367.55,371.64,361.73,368.41
2025-06-14 00:00:00,368.46,374.32,361.72,365.41
2025-06-14 04:00:00,365.42,375.34,364.51,375.08
2025-06-14 08:00:00,375.07,375.07,369.29,371.83
2025-06-14 12:00:00,371.79,378.20,371.45,374.89
2025-06-14 16:00:00,374.85,375.78,370.05,374.20
2025-06-14 20:00:00,374.19,374.19,363.02,364.77
2025-06-15 00:00:00,364.77,364.88,353.44,358.34
2025-06-15 04:00:00,358.32,365.73,356.21,363.31
2025-06-15 08:00:00,363.32,368.23,363.06,365.45
2025-06-15 12:00:00,365.45,370.08,364.93,366.18
2025-06-15 16:00:00,366.18,366.47,360.76,365.38
2025-06-15 20:00:00,365.40,374.80,364.99,371.19
2025-06-16 00:00:00,371.20,375.18,366.45,367.79
2025-06-16 04:00:00,367.79,368.12,355.17,366.83
2025-06-16 08:00:00,366.86,375.77,363.53,371.94
2025-06-16 12:00:00,371.94,384.19,371.79,383.82
2025-06-16 16:00:00,383.82,384.51,377.12,380.68
2025-06-16 20:00:00,380.66,388.70,377.47,386.92
2025-06-17 00:00:00,386.94,391.61,385.24,387.38
2025-06-17 04:00:00,387.38,390.00,366.12,367.35
2025-06-17 08:00:00,367.33,372.24,348.00,369.20
2025-06-17 12:00:00,369.21,369.86,356.70,359.82
2025-06-17 16:00:00,359.80,360.44,348.79,351.87
2025-06-17 20:00:00,351.83,358.17,341.31,343.71
2025-06-18 00:00:00,343.76,351.86,334.18,348.29
2025-06-18 04:00:00,348.27,352.77,344.86,349.74
2025-06-18 08:00:00,349.75,362.45,349.61,357.64
2025-06-18 12:00:00,357.64,361.00,353.75,356.36
2025-06-18 16:00:00,356.36,358.10,342.18,347.24
2025-06-18 20:00:00,347.28,351.56,337.62,346.08
2025-06-19 00:00:00,346.05,352.51,340.11,347.76
2025-06-19 04:00:00,347.77,366.66,346.15,362.23
2025-06-19 08:00:00,362.23,367.93,357.53,361.80
2025-06-19 12:00:00,361.81,363.05,356.22,357.03
2025-06-19 16:00:00,357.02,359.42,354.80,356.34
2025-06-19 20:00:00,356.33,358.09,348.54,348.83
2025-06-20 00:00:00,348.83,353.32,345.24,348.16
2025-06-20 04:00:00,348.20,353.77,346.26,350.52
2025-06-20 08:00:00,350.53,354.26,347.25,348.35
2025-06-20 12:00:00,348.29,356.73,339.96,356.56
2025-06-20 16:00:00,356.57,359.52,351.77,354.14
2025-06-20 20:00:00,354.12,356.77,337.52,341.65
2025-06-21 00:00:00,341.70,342.43,330.21,341.72
2025-06-21 04:00:00,341.71,345.14,336.28,340.33
2025-06-21 08:00:00,340.34,343.12,337.52,341.55
2025-06-21 12:00:00,341.55,343.50,340.07,343.06
2025-06-21 16:00:00,343.07,345.23,339.48,341.47
2025-06-21 20:00:00,341.47,342.42,326.85,330.40
2025-06-22 00:00:00,330.37,332.64,313.17,313.32
2025-06-22 04:00:00,313.31,318.15,301.60,315.98
2025-06-22 08:00:00,315.98,323.14,310.53,312.77
2025-06-22 12:00:00,312.76,317.66,308.42,313.75
2025-06-22 16:00:00,313.80,314.64,301.67,303.58
2025-06-22 20:00:00,303.59,307.52,289.59,297.45
2025-06-23 00:00:00,297.42,303.86,292.10,292.70
2025-06-23 04:00:00,292.70,305.79,287.12,305.05
2025-06-23 08:00:00,305.05,309.90,304.20,305.40
2025-06-23 12:00:00,305.37,310.75,304.37,308.60
2025-06-23 16:00:00,308.58,310.51,305.20,307.37
2025-06-23 20:00:00,307.37,319.39,305.22,307.13
2025-06-24 00:00:00,307.05,326.96,296.50,326.35
2025-06-24 04:00:00,326.33,355.47,324.48,349.63
2025-06-24 08:00:00,349.63,354.20,347.24,351.53
2025-06-24 12:00:00,351.53,363.76,351.42,354.00
2025-06-24 16:00:00,353.99,358.39,350.11,356.23
2025-06-24 20:00:00,356.22,361.31,350.13,352.04
2025-06-25 00:00:00,352.05,359.28,340.86,343.48
2025-06-25 04:00:00,343.47,346.71,341.58,345.65
2025-06-25 08:00:00,345.65,346.84,339.13,339.39
2025-06-25 12:00:00,339.39,340.71,334.16,340.13
2025-06-25 16:00:00,340.17,340.71,334.18,338.65
2025-06-25 20:00:00,338.64,346.39,329.60,331.32
2025-06-26 00:00:00,331.33,333.25,324.78,329.24
2025-06-26 04:00:00,329.23,330.08,322.25,322.96
2025-06-26 08:00:00,322.96,333.17,320.95,327.15
2025-06-26 12:00:00,327.16,330.57,322.64,328.23
2025-06-26 16:00:00,328.23,332.26,322.01,322.48
2025-06-26 20:00:00,322.49,323.08,315.10,319.23
2025-06-27 00:00:00,319.24,326.53,317.38,325.58
2025-06-27 04:00:00,325.53,330.40,317.34,319.56
2025-06-27 08:00:00,319.55,325.53,318.27,323.03
2025-06-27 12:00:00,323.01,324.22,314.24,314.65
2025-06-27 16:00:00,314.64,321.50,314.53,318.17
2025-06-27 20:00:00,318.19,324.13,316.48,323.22
2025-06-28 00:00:00,323.24,327.95,319.02,323.85
2025-06-28 04:00:00,323.86,327.86,323.29,325.89
2025-06-28 08:00:00,325.88,328.19,319.14,319.23
2025-06-28 12:00:00,319.23,327.15,316.27,326.54
2025-06-28 16:00:00,326.53,327.84,322.99,325.55
2025-06-28 20:00:00,325.55,328.37,323.90,327.79
2025-06-29 00:00:00,327.80,332.81,326.50,330.53
2025-06-29 04:00:00,330.51,333.60,327.86,329.56
2025-06-29 08:00:00,329.55,331.99,328.21,328.93
2025-06-29 12:00:00,328.89,336.98,328.84,336.41
2025-06-29 16:00:00,336.45,342.60,334.58,336.32
2025-06-29 20:00:00,336.30,344.58,334.63,340.05
2025-06-30 00:00:00,340.08,343.87,338.17,341.80
2025-06-30 04:00:00,341.80,351.00,336.65,345.55
2025-06-30 08:00:00,345.60,347.80,338.14,338.28
2025-06-30 12:00:00,338.28,340.25,332.62,337.09
2025-06-30 16:00:00,337.09,337.16,331.00,331.01
2025-06-30 20:00:00,331.01,338.31,327.90,335.11
2025-07-01 00:00:00,335.12,342.16,333.10,341.74
2025-07-01 04:00:00,341.77,343.54,333.34,334.47
2025-07-01 08:00:00,334.50,337.65,331.80,335.06
2025-07-01 12:00:00,335.10,335.39,328.42,332.92
2025-07-01 16:00:00,332.91,333.54,323.85,325.17
2025-07-01 20:00:00,325.17,327.69,320.52,325.64
2025-07-02 00:00:00,325.65,326.82,318.77,318.98
2025-07-02 04:00:00,318.99,322.38,316.05,318.18
2025-07-02 08:00:00,318.18,321.38,316.44,319.71
2025-07-02 12:00:00,319.67,328.10,318.04,327.56
2025-07-02 16:00:00,327.57,329.58,322.33,323.17
2025-07-02 20:00:00,323.18,328.96,319.88,328.10
2025-07-03 00:00:00,328.09,338.80,327.79,337.60
2025-07-03 04:00:00,337.60,342.97,334.06,334.69
2025-07-03 08:00:00,334.70,343.95,331.60,336.18
2025-07-03 12:00:00,336.14,346.00,335.70,342.79
2025-07-03 16:00:00,342.79,346.63,337.12,338.50
2025-07-03 20:00:00,338.55,343.26,329.01,330.10
2025-07-04 00:00:00,330.09,337.55,329.86,336.11
2025-07-04 04:00:00,336.11,340.44,335.70,337.92
2025-07-04 08:00:00,337.92,340.59,333.15,334.71
2025-07-04 12:00:00,334.71,337.53,323.11,323.48
2025-07-04 16:00:00,323.47,325.74,320.24,323.11
2025-07-04 20:00:00,323.10,323.61,317.20,318.38
2025-07-05 00:00:00,318.37,322.45,315.24,320.71
2025-07-05 04:00:00,320.72,326.49,320.52,324.58
2025-07-05 08:00:00,324.58,325.81,320.41,323.88
2025-07-05 12:00:00,323.89,324.86,320.77,322.69
2025-07-05 16:00:00,322.67,324.94,320.49,323.08
2025-07-05 20:00:00,323.09,323.56,320.83,322.00
2025-07-06 00:00:00,322.01,322.90,317.63,319.94
2025-07-06 04:00:00,319.92,322.40,317.86,322.02
2025-07-06 08:00:00,322.04,322.12,318.90,320.03
2025-07-06 12:00:00,320.04,322.00,318.25,320.50
2025-07-06 16:00:00,320.49,322.77,319.39,321.30
2025-07-06 20:00:00,321.32,328.63,319.20,326.20
2025-07-07 00:00:00,326.20,328.16,323.15,325.57
2025-07-07 04:00:00,325.56,332.16,325.22,326.51
2025-07-07 08:00:00,326.58,331.99,325.22,329.08
2025-07-07 12:00:00,329.08,330.66,326.30,329.03
2025-07-07 16:00:00,329.02,329.41,323.28,324.65
2025-07-07 20:00:00,324.65,326.50,320.84,323.09
2025-07-08 00:00:00,323.10,324.01,318.85,322.00
2025-07-08 04:00:00,321.97,321.98,316.64,319.72
2025-07-08 08:00:00,319.73,321.42,315.00,317.73
2025-07-08 12:00:00,317.73,321.80,316.54,321.33
2025-07-08 16:00:00,321.33,322.62,318.42,321.36
2025-07-08 20:00:00,321.36,323.77,316.96,317.57
2025-07-09 00:00:00,317.58,322.81,315.75,320.07
2025-07-09 04:00:00,320.07,321.19,318.03,320.90
2025-07-09 08:00:00,320.90,321.85,317.46,318.25
2025-07-09 12:00:00,318.24,324.73,317.90,324.57
2025-07-09 16:00:00,324.59,327.05,323.58,326.09
2025-07-09 20:00:00,326.10,330.12,324.01,326.09
2025-07-10 00:00:00,326.09,343.16,325.34,342.56
2025-07-10 04:00:00,342.59,351.38,336.28,347.46
2025-07-10 08:00:00,347.45,351.44,347.03,349.64
2025-07-10 12:00:00,349.65,355.80,346.21,352.10
2025-07-10 16:00:00,352.13,353.30,346.90,348.50
2025-07-10 20:00:00,348.50,351.17,345.70,347.90
2025-07-11 00:00:00,347.94,368.26,347.46,363.99
2025-07-11 04:00:00,363.94,381.94,362.95,375.70
2025-07-11 08:00:00,375.71,381.05,369.10,379.01
2025-07-11 12:00:00,379.01,389.98,375.07,377.79
2025-07-11 16:00:00,377.76,393.38,377.15,388.66
2025-07-11 20:00:00,388.68,399.79,381.65,384.07
2025-07-12 00:00:00,384.09,400.80,383.32,399.75
2025-07-12 04:00:00,399.75,402.72,383.14,394.05
2025-07-12 08:00:00,394.04,401.17,387.68,399.23
2025-07-12 12:00:00,399.22,400.23,388.68,391.95
2025-07-12 16:00:00,391.94,395.46,389.34,390.03
2025-07-12 20:00:00,390.05,391.19,373.41,376.00
2025-07-13 00:00:00,376.01,386.69,374.11,385.33
2025-07-13 04:00:00,385.35,385.65,378.61,384.66
2025-07-13 08:00:00,384.67,387.80,381.18,386.13
2025-07-13 12:00:00,386.14,392.46,384.45,392.36
2025-07-13 16:00:00,392.40,394.51,386.32,394.50
2025-07-13 20:00:00,394.48,399.80,392.00,395.27
2025-07-14 00:00:00,395.23,405.08,390.58,396.68
2025-07-14 04:00:00,396.69,398.68,384.16,390.65
2025-07-14 08:00:00,390.65,408.45,390.03,405.74
2025-07-14 12:00:00,405.77,432.57,403.99,425.75
2025-07-14 16:00:00,425.76,426.05,415.00,418.27
2025-07-14 20:00:00,418.23,422.93,405.00,408.55
2025-07-15 00:00:00,408.56,416.08,400.59,410.78
2025-07-15 04:00:00,410.78,410.87,401.34,408.57
2025-07-15 08:00:00,408.59,412.13,400.06,406.98
2025-07-15 12:00:00,406.96,420.76,401.43,410.17
2025-07-15 16:00:00,410.18,427.25,404.72,425.67
2025-07-15 20:00:00,425.65,437.57,418.41,428.36
2025-07-16 00:00:00,428.42,437.35,423.54,425.47
2025-07-16 04:00:00,425.38,436.22,419.53,435.72
2025-07-16 08:00:00,435.71,446.58,429.93,433.44
2025-07-16 12:00:00,433.47,445.17,428.40,440.93
2025-07-16 16:00:00,440.87,443.27,436.34,439.85
2025-07-16 20:00:00,439.76,444.77,431.68,437.46
2025-07-17 00:00:00,437.52,444.95,434.65,438.31
2025-07-17 04:00:00,438.27,444.66,429.12,431.57
2025-07-17 08:00:00,431.58,437.71,417.38,421.96
2025-07-17 12:00:00,421.94,432.93,420.23,429.09
2025-07-17 16:00:00,429.09,434.70,423.59,427.51
2025-07-17 20:00:00,427.56,435.75,422.05,432.94
2025-07-18 00:00:00,432.92,434.19,417.92,418.85
2025-07-18 04:00:00,418.84,431.95,411.86,422.23
2025-07-18 08:00:00,422.20,430.52,418.46,429.30
2025-07-18 12:00:00,429.29,439.33,421.91,422.49
2025-07-18 16:00:00,422.48,426.74,411.10,415.81
2025-07-18 20:00:00,415.84,420.81,404.50,409.76
2025-07-19 00:00:00,409.77,416.28,406.59,409.69
2025-07-19 04:00:00,409.64,413.61,396.89,411.51
2025-07-19 08:00:00,411.53,414.44,404.87,413.54
2025-07-19 12:00:00,413.55,415.35,405.45,407.78
2025-07-19 16:00:00,407.79,411.67,403.60,404.64
2025-07-19 20:00:00,404.63,413.80,403.69,412.05
2025-07-20 00:00:00,412.06,419.89,408.01,412.88
2025-07-20 04:00:00,412.85,416.69,409.60,413.79
2025-07-20 08:00:00,413.79,419.80,412.69,415.76
2025-07-20 12:00:00,415.74,423.43,414.03,422.23
2025-07-20 16:00:00,422.25,432.60,422.02,430.26
2025-07-20 20:00:00,430.25,435.16,426.81,432.70
2025-07-21 00:00:00,432.72,434.38,425.70,427.73
2025-07-21 04:00:00,427.84,428.25,407.07,413.26
2025-07-21 08:00:00,413.33,424.42,407.91,421.15
2025-07-21 12:00:00,421.20,429.00,417.42,428.68
2025-07-21 16:00:00,428.69,432.87,423.00,427.56
2025-07-21 20:00:00,427.58,443.80,423.29,437.42
2025-07-22 00:00:00,437.43,443.56,424.48,432.26
2025-07-22 04:00:00,432.34,449.86,430.82,446.79
2025-07-22 08:00:00,446.79,461.82,440.01,446.10
2025-07-22 12:00:00,446.09,446.09,423.42,427.52
2025-07-22 16:00:00,427.51,432.08,414.07,431.31
2025-07-22 20:00:00,431.34,444.08,424.40,440.08
2025-07-23 00:00:00,440.08,453.68,435.17,437.32
2025-07-23 04:00:00,437.28,454.77,435.88,452.20
2025-07-23 08:00:00,452.21,453.03,445.02,447.53
2025-07-23 12:00:00,447.54,451.50,441.42,443.02
2025-07-23 16:00:00,443.03,446.63,438.22,441.92
2025-07-23 20:00:00,441.91,443.37,421.00,440.55
2025-07-24 00:00:00,440.55,440.90,420.46,425.38
2025-07-24 04:00:00,425.30,428.59,409.00,424.47
2025-07-24 08:00:00,424.51,434.32,422.20,425.22
2025-07-24 12:00:00,425.24,430.78,401.57,417.57
2025-07-24 16:00:00,417.59,424.33,411.24,418.32
2025-07-24 20:00:00,418.38,434.38,412.13,429.46
2025-07-25 00:00:00,429.44,436.59,418.33,427.54
2025-07-25 04:00:00,427.49,430.93,414.17,416.09
2025-07-25 08:00:00,416.12,428.48,405.23,409.30
2025-07-25 12:00:00,409.20,413.12,402.39,407.92
2025-07-25 16:00:00,408.05,421.33,407.13,417.56
2025-07-25 20:00:00,417.68,419.65,403.59,409.12
2025-07-26 00:00:00,409.13,416.16,405.69,413.84
2025-07-26 04:00:00,413.81,427.90,413.15,427.30
2025-07-26 08:00:00,427.30,427.88,422.10,424.47
2025-07-26 12:00:00,424.46,429.99,424.06,428.45
2025-07-26 16:00:00,428.45,431.00,426.19,426.42
2025-07-26 20:00:00,426.42,432.00,424.10,431.23
2025-07-27 00:00:00,431.25,434.93,427.49,432.58
2025-07-27 04:00:00,432.59,433.43,426.29,426.64
2025-07-27 08:00:00,426.66,431.76,425.73,430.01
2025-07-27 12:00:00,430.01,432.50,427.70,428.58
2025-07-27 16:00:00,428.59,429.69,421.57,429.09
2025-07-27 20:00:00,429.08,432.43,424.45,426.55
2025-07-28 00:00:00,426.56,433.82,426.44,429.46
2025-07-28 04:00:00,429.48,433.97,426.34,429.09
2025-07-28 08:00:00,429.12,434.71,425.41,432.64
2025-07-28 12:00:00,432.60,439.29,430.00,432.20
2025-07-28 16:00:00,432.19,434.39,427.66,432.94
2025-07-28 20:00:00,432.95,433.26,406.32,410.31
2025-07-29 00:00:00,410.26,412.36,402.13,406.90
2025-07-29 04:00:00,406.86,407.33,398.72,402.45
2025-07-29 08:00:00,402.44,406.29,393.23,402.04
2025-07-29 12:00:00,402.07,411.06,398.37,409.14
2025-07-29 16:00:00,409.11,409.83,397.77,400.17
2025-07-29 20:00:00,400.18,402.54,388.00,391.60
2025-07-30 00:00:00,391.58,393.67,380.42,380.87
2025-07-30 04:00:00,380.82,384.99,375.00,383.74
2025-07-30 08:00:00,383.74,384.83,376.13,382.88
2025-07-30 12:00:00,382.88,383.79,374.72,377.23
2025-07-30 16:00:00,377.28,381.29,359.40,363.91
2025-07-30 20:00:00,363.92,375.67,360.00,371.28
2025-07-31 00:00:00,371.32,375.50,355.00,371.20
2025-07-31 04:00:00,371.16,375.57,366.00,372.63
2025-07-31 08:00:00,372.62,378.87,370.65,376.75
2025-07-31 12:00:00,376.74,381.30,375.79,378.18
2025-07-31 16:00:00,378.19,382.44,375.55,376.71
2025-07-31 20:00:00,376.72,377.28,363.88,367.14
2025-08-01 00:00:00,367.13,374.04,363.15,365.10
2025-08-01 04:00:00,365.09,365.69,351.60,353.02
2025-08-01 08:00:00,353.07,357.44,342.54,354.82
2025-08-01 12:00:00,354.79,354.79,346.06,348.36
2025-08-01 16:00:00,348.31,349.37,337.21,349.09
2025-08-01 20:00:00,349.10,354.65,341.02,352.40
2025-08-02 00:00:00,352.38,354.63,343.12,349.75
2025-08-02 04:00:00,349.78,351.30,334.00,343.39
2025-08-02 08:00:00,343.38,348.22,342.51,346.44
2025-08-02 12:00:00,346.44,349.54,338.00,345.81
2025-08-02 16:00:00,345.85,346.35,335.33,338.60
2025-08-02 20:00:00,338.61,340.75,332.60,333.85
2025-08-03 00:00:00,333.81,339.29,327.07,330.56
2025-08-03 04:00:00,330.59,336.23,329.81,333.51
2025-08-03 08:00:00,333.60,340.08,328.60,338.67
2025-08-03 12:00:00,338.66,341.21,337.12,341.02
2025-08-03 16:00:00,341.05,349.04,339.23,345.35
2025-08-03 20:00:00,345.36,347.88,343.96,346.32
2025-08-04 00:00:00,346.28,352.60,344.73,349.49
2025-08-04 04:00:00,349.49,351.71,348.08,349.60
2025-08-04 08:00:00,349.61,357.82,348.98,353.14
2025-08-04 12:00:00,353.12,357.24,351.30,356.65
2025-08-04 16:00:00,356.70,358.68,352.63,354.40
2025-08-04 20:00:00,354.40,362.60,354.07,357.40
2025-08-05 00:00:00,357.39,362.35,352.60,353.48
2025-08-05 04:00:00,353.47,360.55,352.56,357.86
2025-08-05 08:00:00,357.84,357.84,350.01,350.25
2025-08-05 12:00:00,350.25,351.42,343.01,343.37
2025-08-05 16:00:00,343.36,352.06,342.36,350.89
2025-08-05 20:00:00,350.90,351.58,335.20,337.29
2025-08-06 00:00:00,337.31,341.69,335.63,336.97
2025-08-06 04:00:00,337.02,343.13,333.85,341.91
2025-08-06 08:00:00,341.92,342.92,335.72,336.20
2025-08-06 12:00:00,336.22,344.30,334.70,343.70
2025-08-06 16:00:00,343.70,344.12,339.61,340.73
2025-08-06 20:00:00,340.72,348.15,337.00,347.66
2025-08-07 00:00:00,347.63,350.34,343.88,348.05
2025-08-07 04:00:00,348.08,348.25,344.37,346.05
2025-08-07 08:00:00,346.05,346.29,340.91,341.51
2025-08-07 12:00:00,341.50,347.11,341.28,346.88
2025-08-07 16:00:00,346.89,358.96,345.63,358.02
2025-08-07 20:00:00,358.00,360.60,353.49,356.40
2025-08-08 00:00:00,356.40,360.18,348.54,360.17
2025-08-08 04:00:00,360.15,370.93,358.48,370.68
2025-08-08 08:00:00,370.67,372.62,365.98,371.89
2025-08-08 12:00:00,371.88,375.19,367.50,374.59
2025-08-08 16:00:00,374.63,377.89,369.71,372.83
2025-08-08 20:00:00,372.82,379.88,363.99,367.73
2025-08-09 00:00:00,367.73,377.88,364.04,377.17
2025-08-09 04:00:00,377.17,377.92,373.11,373.98
2025-08-09 08:00:00,373.98,375.72,371.78,374.76
2025-08-09 12:00:00,374.76,385.61,373.95,385.16
2025-08-09 16:00:00,385.15,388.75,383.65,386.73
2025-08-09 20:00:00,386.73,390.92,380.59,385.26
2025-08-10 00:00:00,385.31,391.32,385.21,389.39
2025-08-10 04:00:00,389.44,394.69,387.30,389.82
2025-08-10 08:00:00,389.82,397.44,388.58,395.79
2025-08-10 12:00:00,395.79,398.95,383.56,385.02
2025-08-10 16:00:00,384.90,389.92,380.10,384.54
2025-08-10 20:00:00,384.50,392.27,381.25,390.50
2025-08-11 00:00:00,390.42,395.62,388.78,393.42
2025-08-11 04:00:00,393.46,393.89,382.72,388.88
2025-08-11 08:00:00,388.88,396.83,385.52,395.80
2025-08-11 12:00:00,395.82,398.00,384.08,384.86
2025-08-11 16:00:00,384.86,387.38,368.03,369.32
2025-08-11 20:00:00,369.32,375.97,366.83,374.40
2025-08-12 00:00:00,374.42,378.21,361.50,365.43
2025-08-12 04:00:00,365.47,366.37,357.77,359.89
2025-08-12 08:00:00,359.89,367.03,359.30,362.82
2025-08-12 12:00:00,362.83,365.89,358.51,364.21
2025-08-12 16:00:00,364.26,365.05,357.40,364.30
2025-08-12 20:00:00,364.29,380.75,361.70,379.95
2025-08-13 00:00:00,379.96,392.89,379.13,391.92
2025-08-13 04:00:00,391.96,398.60,389.70,392.06
2025-08-13 08:00:00,392.06,395.97,385.48,392.81
2025-08-13 12:00:00,392.86,395.23,387.29,395.01
2025-08-13 16:00:00,395.00,404.55,394.88,401.33
2025-08-13 20:00:00,401.32,404.42,389.06,393.20
2025-08-14 00:00:00,393.23,396.67,385.84,392.10
2025-08-14 04:00:00,392.10,395.07,387.23,390.30
2025-08-14 08:00:00,390.30,402.33,389.07,401.22
2025-08-14 12:00:00,401.20,401.57,384.15,386.58
2025-08-14 16:00:00,386.63,386.65,378.63,380.57
2025-08-14 20:00:00,380.57,383.64,355.50,368.94
2025-08-15 00:00:00,368.94,368.94,361.99,363.90
2025-08-15 04:00:00,363.94,366.69,357.75,365.48
2025-08-15 08:00:00,365.49,379.01,364.69,378.36
2025-08-15 12:00:00,378.36,383.86,371.83,380.91
2025-08-15 16:00:00,380.90,382.94,374.54,375.56
2025-08-15 20:00:00,375.53,383.18,360.03,363.81
2025-08-16 00:00:00,363.79,367.91,360.17,363.07
2025-08-16 04:00:00,363.08,377.28,361.44,370.15
2025-08-16 08:00:00,370.15,376.20,368.07,371.07
2025-08-16 12:00:00,371.04,372.52,368.28,370.84
2025-08-16 16:00:00,370.84,371.21,364.50,364.81
2025-08-16 20:00:00,364.82,372.78,363.62,371.44
2025-08-17 00:00:00,371.44,373.75,369.26,371.58
2025-08-17 04:00:00,371.57,374.07,370.57,373.81
2025-08-17 08:00:00,373.81,375.50,370.86,374.00
2025-08-17 12:00:00,373.99,377.56,372.20,373.12
2025-08-17 16:00:00,373.13,383.12,372.13,382.88
2025-08-17 20:00:00,382.90,385.26,377.34,384.70
2025-08-18 00:00:00,384.69,385.95,371.50,373.20
2025-08-18 04:00:00,373.19,378.30,371.93,373.06
2025-08-18 08:00:00,373.05,373.36,354.50,358.83
2025-08-18 12:00:00,358.83,363.11,353.19,355.51
2025-08-18 16:00:00,355.50,357.49,351.64,352.35
2025-08-18 20:00:00,352.37,358.11,347.80,355.21
2025-08-19 00:00:00,355.21,359.12,351.94,356.61
2025-08-19 04:00:00,356.58,360.10,353.40,354.78
2025-08-19 08:00:00,354.79,359.70,346.84,348.80
2025-08-19 12:00:00,348.80,353.55,346.72,351.26
2025-08-19 16:00:00,351.27,356.27,348.49,356.12
2025-08-19 20:00:00,356.13,356.85,345.05,347.66
2025-08-20 00:00:00,347.65,349.21,340.98,342.70
2025-08-20 04:00:00,342.71,347.93,340.62,342.01
2025-08-20 08:00:00,342.03,347.92,340.00,345.83
2025-08-20 12:00:00,345.84,350.00,345.77,347.65
2025-08-20 16:00:00,347.66,351.45,341.70,345.71
2025-08-20 20:00:00,345.71,350.23,337.16,346.41
2025-08-21 00:00:00,346.44,354.71,345.54,354.46
2025-08-21 04:00:00,354.45,355.08,351.43,353.26
2025-08-21 08:00:00,353.26,355.55,346.07,346.22
2025-08-21 12:00:00,346.22,349.38,343.71,346.44
2025-08-21 16:00:00,346.46,346.79,340.48,341.67
2025-08-21 20:00:00,341.66,345.06,336.75,337.14
2025-08-22 00:00:00,337.15,340.32,334.53,337.19
2025-08-22 04:00:00,337.19,340.76,335.31,336.56
2025-08-22 08:00:00,336.56,343.89,336.44,338.61
2025-08-22 12:00:00,338.61,342.91,337.38,341.84
2025-08-22 16:00:00,341.83,343.04,333.44,333.94
2025-08-22 20:00:00,333.96,360.36,329.09,355.53
2025-08-23 00:00:00,355.54,372.00,355.54,369.99
2025-08-23 04:00:00,370.02,373.98,368.90,371.31
2025-08-23 08:00:00,371.30,371.73,356.06,357.44
2025-08-23 12:00:00,357.43,369.26,357.15,361.50
2025-08-23 16:00:00,361.54,362.70,359.07,361.34
2025-08-23 20:00:00,361.34,363.76,359.72,361.17
2025-08-24 00:00:00,361.17,364.04,359.89,363.78
2025-08-24 04:00:00,363.78,365.83,361.74,364.64
2025-08-24 08:00:00,364.64,366.22,360.13,362.52
2025-08-24 12:00:00,362.59,363.22,355.54,355.90
2025-08-24 16:00:00,355.91,357.38,349.80,351.87
2025-08-24 20:00:00,351.88,358.07,351.26,356.04
2025-08-25 00:00:00,356.06,377.94,353.99,364.29
2025-08-25 04:00:00,364.27,366.16,355.91,361.04
2025-08-25 08:00:00,361.03,363.45,351.07,357.08
2025-08-25 12:00:00,357.07,357.59,340.49,342.62
2025-08-25 16:00:00,342.62,344.87,336.87,341.78
2025-08-25 20:00:00,341.77,344.12,337.28,339.73
2025-08-26 00:00:00,339.74,343.07,326.45,326.66
2025-08-26 04:00:00,326.68,328.08,316.19,320.29
2025-08-26 08:00:00,320.30,326.84,317.78,321.84
2025-08-26 12:00:00,321.88,355.00,319.87,326.94
2025-08-26 16:00:00,326.92,328.83,322.74,324.06
2025-08-26 20:00:00,324.07,331.90,321.40,327.09
2025-08-27 00:00:00,327.09,337.51,325.22,337.22
2025-08-27 04:00:00,337.22,338.46,332.25,334.70
2025-08-27 08:00:00,334.69,338.80,331.50,336.71
2025-08-27 12:00:00,336.70,340.64,334.15,335.44
2025-08-27 16:00:00,335.45,339.32,334.15,336.17
2025-08-27 20:00:00,336.14,339.25,331.76,336.72
2025-08-28 00:00:00,336.72,341.72,332.08,334.52
2025-08-28 04:00:00,334.55,338.10,328.35,330.68
2025-08-28 08:00:00,330.64,333.88,327.77,333.48
2025-08-28 12:00:00,333.48,338.24,332.37,335.72
2025-08-28 16:00:00,335.71,338.50,332.73,335.48
2025-08-28 20:00:00,335.47,337.80,332.41,333.23
2025-08-29 00:00:00,333.23,334.91,325.06,325.18
2025-08-29 04:00:00,325.19,336.88,324.63,335.74
2025-08-29 08:00:00,335.73,338.00,330.21,333.69
2025-08-29 12:00:00,333.68,334.68,320.67,322.10
2025-08-29 16:00:00,322.06,323.50,315.65,320.61
2025-08-29 20:00:00,320.61,329.40,315.02,317.19
2025-08-30 00:00:00,317.21,319.46,314.13,317.28
2025-08-30 04:00:00,317.28,320.66,315.16,319.37
2025-08-30 08:00:00,319.38,323.62,314.28,322.72
2025-08-30 12:00:00,322.73,324.68,321.58,324.14
2025-08-30 16:00:00,324.13,324.93,322.40,324.47
2025-08-30 20:00:00,324.47,324.96,319.56,323.72
2025-08-31 00:00:00,323.66,323.91,320.12,321.66
2025-08-31 04:00:00,321.67,323.53,320.10,322.86
2025-08-31 08:00:00,322.86,327.35,322.18,326.96
2025-08-31 12:00:00,326.96,327.10,323.42,324.68
2025-08-31 16:00:00,324.68,329.00,321.17,324.31
2025-08-31 20:00:00,324.31,324.56,321.05,323.65
2025-09-01 00:00:00,323.64,325.09,322.07,322.42
2025-09-01 04:00:00,322.42,323.43,315.28,315.38
2025-09-01 08:00:00,315.38,316.57,309.65,311.24
2025-09-01 12:00:00,311.24,318.04,307.70,318.02
2025-09-01 16:00:00,318.01,320.00,310.74,311.69
2025-09-01 20:00:00,311.70,314.28,309.22,310.08
2025-09-02 00:00:00,310.07,312.03,307.19,311.86
2025-09-02 04:00:00,311.88,312.12,301.50,309.98
2025-09-02 08:00:00,309.98,316.76,309.44,316.31
2025-09-02 12:00:00,316.31,317.67,314.85,315.37
2025-09-02 16:00:00,315.32,318.32,313.45,314.11
2025-09-02 20:00:00,314.11,319.46,309.22,313.26
2025-09-03 00:00:00,313.25,317.04,312.69,314.37
2025-09-03 04:00:00,314.36,323.97,313.85,321.09
2025-09-03 08:00:00,321.10,324.75,318.38,323.61
2025-09-03 12:00:00,323.60,324.09,319.37,321.48
2025-09-03 16:00:00,321.49,324.68,319.97,323.09
2025-09-03 20:00:00,323.09,326.00,321.02,325.84
2025-09-04 00:00:00,325.84,328.72,324.56,326.82
2025-09-04 04:00:00,326.81,327.73,323.01,324.52
2025-09-04 08:00:00,324.54,326.27,320.10,320.43
2025-09-04 12:00:00,320.44,322.08,316.38,318.98
2025-09-04 16:00:00,318.98,321.25,318.38,318.73
2025-09-04 20:00:00,318.73,320.09,312.36,313.26
2025-09-05 00:00:00,313.24,314.68,310.63,311.64
2025-09-05 04:00:00,311.62,318.24,311.12,314.29
2025-09-05 08:00:00,314.27,317.22,314.06,316.53
2025-09-05 12:00:00,316.56,321.88,315.09,321.59
2025-09-05 16:00:00,321.58,322.22,318.56,321.66
2025-09-05 20:00:00,321.66,327.11,314.18,318.09
2025-09-06 00:00:00,318.12,321.08,316.72,320.50
2025-09-06 04:00:00,320.49,321.42,317.50,318.06
2025-09-06 08:00:00,318.04,320.75,317.80,319.99
2025-09-06 12:00:00,319.99,320.04,316.25,316.98
2025-09-06 16:00:00,316.97,317.28,314.37,316.30
2025-09-06 20:00:00,316.30,317.55,314.37,314.71
2025-09-07 00:00:00,314.70,317.04,313.93,314.32
2025-09-07 04:00:00,314.34,318.51,314.23,316.85
2025-09-07 08:00:00,316.86,321.18,316.65,320.65
2025-09-07 12:00:00,320.66,323.62,320.58,321.25
2025-09-07 16:00:00,321.25,324.99,321.19,324.86
2025-09-07 20:00:00,324.85,328.34,323.40,326.76
2025-09-08 00:00:00,326.77,327.63,322.80,324.17
2025-09-08 04:00:00,324.17,328.30,321.71,326.45
2025-09-08 08:00:00,326.44,335.90,325.00,331.37
2025-09-08 12:00:00,331.36,334.83,329.99,333.48
2025-09-08 16:00:00,333.48,343.22,333.32,338.03
2025-09-08 20:00:00,338.04,348.14,335.09,346.67
2025-09-09 00:00:00,346.64,347.33,340.20,341.08
2025-09-09 04:00:00,341.09,344.70,337.58,344.09
2025-09-09 08:00:00,344.13,348.00,336.91,342.66
2025-09-09 12:00:00,342.67,349.39,340.58,346.59
2025-09-09 16:00:00,346.59,348.83,344.16,344.88
2025-09-09 20:00:00,344.90,348.85,332.53,334.80
2025-09-10 00:00:00,334.81,337.92,333.56,335.65
2025-09-10 04:00:00,335.62,337.16,332.03,335.44
2025-09-10 08:00:00,335.44,340.09,332.77,338.90
2025-09-10 12:00:00,338.90,340.99,336.32,339.89
2025-09-10 16:00:00,339.89,340.62,328.24,334.81
2025-09-10 20:00:00,334.81,346.73,334.23,343.96
2025-09-11 00:00:00,343.97,345.17,335.66,337.81
2025-09-11 04:00:00,337.81,348.57,337.52,348.56
2025-09-11 08:00:00,348.56,354.83,348.41,353.06
2025-09-11 12:00:00,353.06,359.25,350.02,358.99
2025-09-11 16:00:00,359.00,361.31,355.13,355.72
2025-09-11 20:00:00,355.72,365.22,349.20,352.25
2025-09-12 00:00:00,352.31,359.11,352.07,358.44
2025-09-12 04:00:00,358.46,359.18,355.30,357.69
2025-09-12 08:00:00,357.71,362.78,354.07,355.32
2025-09-12 12:00:00,355.32,358.54,351.46,353.19
2025-09-12 16:00:00,353.18,353.80,345.78,346.62
2025-09-12 20:00:00,346.63,353.02,345.12,351.16
2025-09-13 00:00:00,351.14,358.59,350.44,357.42
2025-09-13 04:00:00,357.43,362.47,354.81,361.98
2025-09-13 08:00:00,361.99,363.08,357.39,360.99
2025-09-13 12:00:00,361.02,362.81,358.97,361.68
2025-09-13 16:00:00,361.68,368.31,361.06,366.68
2025-09-13 20:00:00,366.68,369.79,358.64,361.40
2025-09-14 00:00:00,361.40,362.46,353.64,358.05
2025-09-14 04:00:00,358.05,361.34,357.05,359.06
2025-09-14 08:00:00,359.06,359.94,353.59,355.10
2025-09-14 12:00:00,355.10,358.11,350.81,353.42
2025-09-14 16:00:00,353.42,354.99,348.42,348.82
2025-09-14 20:00:00,348.82,350.68,344.28,346.18
2025-09-15 00:00:00,346.19,352.85,345.50,350.73
2025-09-15 04:00:00,350.73,354.69,349.33,350.24
2025-09-15 08:00:00,350.25,353.29,346.62,352.83
2025-09-15 12:00:00,352.83,356.62,346.10,346.74
2025-09-15 16:00:00,346.73,346.82,337.48,339.17
2025-09-15 20:00:00,339.14,341.22,335.39,337.75
2025-09-16 00:00:00,337.72,341.67,335.07,340.45
2025-09-16 04:00:00,340.50,343.76,340.23,342.91
2025-09-16 08:00:00,342.91,344.26,340.39,340.91
2025-09-16 12:00:00,340.92,343.20,337.84,340.87
2025-09-16 16:00:00,340.88,344.88,339.37,339.61
2025-09-16 20:00:00,339.62,342.26,336.00,341.96
2025-09-17 00:00:00,341.97,345.24,340.23,344.20
2025-09-17 04:00:00,344.18,347.39,343.80,344.45
2025-09-17 08:00:00,344.46,347.13,342.11,342.62
2025-09-17 12:00:00,342.64,346.80,340.15,345.75
2025-09-17 16:00:00,345.75,345.89,341.56,344.32
2025-09-17 20:00:00,344.32,348.26,343.76,344.29
2025-09-18 00:00:00,344.26,349.02,339.60,347.37
2025-09-18 04:00:00,347.32,360.22,346.10,358.80
2025-09-18 08:00:00,358.85,364.51,357.44,363.32
2025-09-18 12:00:00,363.33,364.00,355.60,359.07
2025-09-18 16:00:00,359.07,367.63,358.36,367.51
2025-09-18 20:00:00,367.51,371.17,362.99,369.61
2025-09-19 00:00:00,369.58,372.87,366.68,368.77
2025-09-19 04:00:00,368.78,370.91,361.35,361.74
2025-09-19 08:00:00,361.74,364.32,354.28,354.68
2025-09-19 12:00:00,354.68,356.61,350.80,354.06
2025-09-19 16:00:00,354.05,357.52,349.70,349.90
2025-09-19 20:00:00,349.91,352.92,346.25,348.98
2025-09-20 00:00:00,348.98,350.73,345.04,346.25
2025-09-20 04:00:00,346.26,349.23,343.00,345.69
2025-09-20 08:00:00,345.68,347.05,341.77,344.25
2025-09-20 12:00:00,344.24,347.00,343.16,346.93
2025-09-20 16:00:00,346.90,346.90,340.88,342.72
2025-09-20 20:00:00,342.72,347.20,340.82,346.98
2025-09-21 00:00:00,346.98,348.29,343.87,344.76
2025-09-21 04:00:00,344.77,347.98,344.37,345.50
2025-09-21 08:00:00,345.50,346.98,343.18,345.85
2025-09-21 12:00:00,345.85,348.64,344.97,346.10
2025-09-21 16:00:00,346.12,346.72,340.01,342.00
2025-09-21 20:00:00,342.04,344.55,341.24,341.54
2025-09-22 00:00:00,341.53,342.48,337.76,340.24
2025-09-22 04:00:00,340.22,340.22,333.28,333.86
2025-09-22 08:00:00,333.87,334.15,320.68,323.38
2025-09-22 12:00:00,323.38,324.15,295.55,308.34
2025-09-22 16:00:00,308.34,311.55,305.54,311.34
2025-09-22 20:00:00,311.34,317.52,310.04,313.56
2025-09-23 00:00:00,313.57,316.03,311.05,311.57
2025-09-23 04:00:00,311.57,318.76,310.69,318.21
2025-09-23 08:00:00,318.21,318.73,311.23,315.55
2025-09-23 12:00:00,315.56,319.92,313.02,318.27
2025-09-23 16:00:00,318.28,320.01,315.02,315.04
2025-09-23 20:00:00,315.03,318.54,310.49,314.27
2025-09-24 00:00:00,314.26,316.86,307.30,308.18
2025-09-24 04:00:00,308.16,311.32,306.45,308.38
2025-09-24 08:00:00,308.37,314.92,307.31,307.69
2025-09-24 12:00:00,307.69,312.74,304.24,311.91
2025-09-24 16:00:00,311.92,312.33,308.56,311.85
2025-09-24 20:00:00,311.84,316.64,310.19,312.70
2025-09-25 00:00:00,312.70,315.54,311.83,313.35
2025-09-25 04:00:00,313.33,314.06,308.93,311.31
2025-09-25 08:00:00,311.33,312.46,304.72,307.49
2025-09-25 12:00:00,307.49,308.57,298.72,300.87
2025-09-25 16:00:00,300.86,304.37,297.13,298.32
2025-09-25 20:00:00,298.31,306.00,291.61,302.82
2025-09-26 00:00:00,302.80,303.17,289.44,299.42
2025-09-26 04:00:00,299.43,302.46,294.83,297.87
2025-09-26 08:00:00,297.87,306.05,297.56,305.71
2025-09-26 12:00:00,305.71,306.42,298.08,299.77
2025-09-26 16:00:00,299.75,300.33,292.06,295.77
2025-09-26 20:00:00,295.77,298.89,290.94,297.17
2025-09-27 00:00:00,297.16,305.62,297.01,299.14
2025-09-27 04:00:00,299.14,301.59,297.56,301.01
2025-09-27 08:00:00,301.00,301.52,298.97,299.69
2025-09-27 12:00:00,299.70,301.72,299.00,299.96
2025-09-27 16:00:00,299.96,300.61,296.13,299.78
2025-09-27 20:00:00,299.78,301.76,298.79,300.53
2025-09-28 00:00:00,300.53,300.76,295.41,297.27
2025-09-28 04:00:00,297.27,300.96,297.02,298.63
2025-09-28 08:00:00,298.64,299.42,295.54,296.42
2025-09-28 12:00:00,296.43,297.28,294.39,296.70
2025-09-28 16:00:00,296.70,297.35,292.73,293.92
2025-09-28 20:00:00,293.93,296.54,290.65,296.05
2025-09-29 00:00:00,296.04,300.01,295.68,299.49
2025-09-29 04:00:00,299.49,307.50,299.20,307.25
2025-09-29 08:00:00,307.25,307.36,303.84,305.68
2025-09-29 12:00:00,305.70,306.16,302.52,303.98
2025-09-29 16:00:00,304.00,305.49,298.30,301.32
2025-09-29 20:00:00,301.34,309.98,298.56,305.36
2025-09-30 00:00:00,305.38,310.01,303.01,309.54
2025-09-30 04:00:00,309.55,312.72,309.19,310.25
2025-09-30 08:00:00,310.24,312.72,307.52,308.20
2025-09-30 12:00:00,308.22,310.92,304.88,306.64
2025-09-30 16:00:00,306.64,307.10,302.14,302.81
2025-09-30 20:00:00,302.80,305.74,295.66,298.11
2025-10-01 00:00:00,298.07,305.30,295.09,305.11
2025-10-01 04:00:00,305.10,306.86,300.40,302.82
2025-10-01 08:00:00,302.81,304.80,300.39,301.42
2025-10-01 12:00:00,301.43,305.00,300.45,301.85
2025-10-01 16:00:00,301.85,315.74,301.69,313.25
2025-10-01 20:00:00,313.25,318.52,310.58,318.40
2025-10-02 00:00:00,318.45,320.67,315.04,319.28
2025-10-02 04:00:00,319.27,319.86,315.50,319.50
2025-10-02 08:00:00,319.48,322.48,317.68,320.84
2025-10-02 12:00:00,320.83,322.87,318.16,318.35
2025-10-02 16:00:00,318.36,319.72,317.33,317.63
2025-10-02 20:00:00,317.64,319.39,312.24,318.77
2025-10-03 00:00:00,318.81,327.60,318.03,325.82
2025-10-03 04:00:00,325.83,326.76,322.67,325.52
2025-10-03 08:00:00,325.52,327.74,321.19,326.00
2025-10-03 12:00:00,325.98,328.94,323.17,325.69
2025-10-03 16:00:00,325.66,325.78,321.63,322.83
2025-10-03 20:00:00,322.83,328.05,318.90,327.77
2025-10-04 00:00:00,327.76,330.66,320.32,325.93
2025-10-04 04:00:00,325.91,325.97,321.16,321.24
2025-10-04 08:00:00,321.26,321.49,317.52,319.28
2025-10-04 12:00:00,319.29,321.92,318.47,319.25
2025-10-04 16:00:00,319.25,320.20,315.64,316.68
2025-10-04 20:00:00,316.68,320.84,314.32,315.45
2025-10-05 00:00:00,315.45,318.52,314.67,316.08
2025-10-05 04:00:00,316.08,320.08,316.06,319.29
2025-10-05 08:00:00,319.32,323.61,316.11,320.88
2025-10-05 12:00:00,320.91,327.22,320.73,327.12
2025-10-05 16:00:00,327.13,328.13,319.50,322.38
2025-10-05 20:00:00,322.37,323.76,319.01,322.28
2025-10-06 00:00:00,322.24,323.90,312.09,312.96
2025-10-06 04:00:00,312.95,316.81,311.57,315.20
2025-10-06 08:00:00,315.21,318.78,312.75,317.00
2025-10-06 12:00:00,317.00,321.98,315.60,320.05
2025-10-06 16:00:00,320.05,325.34,319.63,325.10
2025-10-06 20:00:00,325.11,340.75,324.94,339.97
2025-10-07 00:00:00,339.96,354.91,338.51,351.91
2025-10-07 04:00:00,351.95,353.38,344.70,344.88
2025-10-07 08:00:00,344.78,346.16,340.43,345.21
2025-10-07 12:00:00,345.21,353.43,342.51,348.18
2025-10-07 16:00:00,348.17,349.33,341.31,345.67
2025-10-07 20:00:00,345.66,351.25,332.53,335.07
2025-10-08 00:00:00,335.07,340.24,330.64,331.71
2025-10-08 04:00:00,331.74,339.13,329.58,331.01
2025-10-08 08:00:00,331.01,332.78,325.08,326.09
2025-10-08 12:00:00,326.09,332.66,323.53,330.56
2025-10-08 16:00:00,330.57,336.07,329.18,334.43
2025-10-08 20:00:00,334.43,339.30,327.96,337.69
2025-10-09 00:00:00,337.69,345.03,336.43,338.28
2025-10-09 04:00:00,338.28,339.35,335.22,338.31
2025-10-09 08:00:00,338.31,339.36,328.72,333.60
2025-10-09 12:00:00,333.61,334.20,325.74,326.60
2025-10-09 16:00:00,326.60,327.63,321.20,326.23
2025-10-09 20:00:00,326.24,330.90,321.12,323.84
2025-10-10 00:00:00,323.82,336.15,322.47,334.96
2025-10-10 04:00:00,334.98,347.20,334.95,346.93
2025-10-10 08:00:00,346.93,350.62,340.00,344.92
2025-10-10 12:00:00,344.92,360.89,344.52,356.06
2025-10-10 16:00:00,355.97,387.73,355.97,383.96
2025-10-10 20:00:00,383.94,398.01,364.15,374.32
2025-10-11 00:00:00,374.33,379.58,364.37,368.64
2025-10-11 04:00:00,368.66,371.87,130.54,290.25
2025-10-11 08:00:00,290.26,300.88,274.31,291.75
2025-10-11 12:00:00,291.75,320.10,291.10,319.13
2025-10-11 16:00:00,319.09,330.66,315.12,318.65
2025-10-11 20:00:00,318.62,318.62,302.67,307.72
2025-10-12 00:00:00,307.69,312.53,290.00,293.38
2025-10-12 04:00:00,293.36,299.59,283.65,297.17
2025-10-12 08:00:00,297.19,299.69,286.51,297.54
2025-10-12 12:00:00,297.55,315.24,296.83,314.13
2025-10-12 16:00:00,314.12,320.77,310.70,312.52
2025-10-12 20:00:00,312.51,374.44,310.62,367.20
2025-10-13 00:00:00,367.13,392.08,354.20,391.27
2025-10-13 04:00:00,391.26,397.78,375.33,383.15
2025-10-13 08:00:00,383.12,415.85,376.53,409.54
2025-10-13 12:00:00,409.54,423.63,397.35,419.99
2025-10-13 16:00:00,419.98,429.00,389.05,402.62
2025-10-13 20:00:00,402.63,421.63,399.37,418.95
2025-10-14 00:00:00,418.94,434.96,409.82,433.45
2025-10-14 04:00:00,433.46,450.94,428.21,447.22
2025-10-14 08:00:00,447.23,449.27,419.21,428.86
2025-10-14 12:00:00,428.88,429.69,380.88,401.97
2025-10-14 16:00:00,401.96,455.52,399.67,448.56
2025-10-14 20:00:00,448.57,475.78,407.58,471.96
2025-10-15 00:00:00,472.01,478.56,440.99,459.07
2025-10-15 04:00:00,459.17,463.97,446.41,460.35
2025-10-15 08:00:00,460.41,460.98,438.41,443.55
2025-10-15 12:00:00,443.55,467.63,440.75,459.19
2025-10-15 16:00:00,459.19,462.61,434.58,442.70
2025-10-15 20:00:00,442.69,447.83,415.30,417.30
2025-10-16 00:00:00,417.37,429.75,413.35,414.86
2025-10-16 04:00:00,414.78,420.24,405.96,411.38
2025-10-16 08:00:00,411.42,412.99,395.02,398.19
2025-10-16 12:00:00,398.17,406.52,385.00,391.19
2025-10-16 16:00:00,391.18,408.70,372.00,404.13
2025-10-16 20:00:00,404.12,416.38,393.28,393.83
2025-10-17 00:00:00,393.83,412.57,380.51,388.82
2025-10-17 04:00:00,388.84,391.20,373.33,378.63
2025-10-17 08:00:00,378.66,384.90,371.09,376.46
2025-10-17 12:00:00,376.46,379.12,345.83,346.95
2025-10-17 16:00:00,346.96,376.06,341.76,372.61
2025-10-17 20:00:00,372.64,376.79,358.19,374.93
2025-10-18 00:00:00,374.97,378.42,364.61,369.03
2025-10-18 04:00:00,369.08,387.09,366.03,382.35
2025-10-18 08:00:00,382.35,412.16,379.06,398.35
2025-10-18 12:00:00,398.35,407.37,389.59,395.75
2025-10-18 16:00:00,395.75,401.51,392.47,398.66
2025-10-18 20:00:00,398.63,398.78,384.22,390.70
2025-10-19 00:00:00,390.75,401.01,383.09,393.42
2025-10-19 04:00:00,393.41,402.30,391.26,399.46
2025-10-19 08:00:00,399.46,411.00,396.10,408.39
2025-10-19 12:00:00,408.39,413.42,396.89,404.26
2025-10-19 16:00:00,404.26,444.99,394.41,440.40
2025-10-19 20:00:00,440.39,459.55,435.05,453.89
2025-10-20 00:00:00,453.93,457.06,435.23,436.71
2025-10-20 04:00:00,436.67,445.48,435.79,438.76
2025-10-20 08:00:00,438.58,439.42,426.02,434.51
2025-10-20 12:00:00,434.51,456.12,434.03,441.26
2025-10-20 16:00:00,441.26,444.31,431.50,437.67
2025-10-20 20:00:00,437.67,447.33,431.58,434.73
2025-10-21 00:00:00,434.73,434.78,417.81,422.09
2025-10-21 04:00:00,422.10,427.49,420.01,422.60
2025-10-21 08:00:00,422.60,427.81,411.00,415.52
2025-10-21 12:00:00,415.52,416.12,402.65,412.76
2025-10-21 16:00:00,412.76,412.92,398.56,403.17
2025-10-21 20:00:00,403.17,423.95,395.73,421.96
2025-10-22 00:00:00,421.97,433.97,402.47,404.77
2025-10-22 04:00:00,404.77,405.73,380.00,381.92
2025-10-22 08:00:00,381.91,390.21,376.80,389.65
2025-10-22 12:00:00,389.66,399.93,381.17,398.37
2025-10-22 16:00:00,398.37,398.57,380.38,390.14
2025-10-22 20:00:00,390.15,399.00,387.14,394.29
2025-10-23 00:00:00,394.30,396.82,383.66,388.28
2025-10-23 04:00:00,388.28,389.02,365.90,380.31
2025-10-23 08:00:00,380.32,383.21,374.00,381.63
2025-10-23 12:00:00,381.64,397.20,380.67,387.45
2025-10-23 16:00:00,387.45,390.99,370.18,375.70
2025-10-23 20:00:00,375.69,395.25,372.04,389.86
2025-10-24 00:00:00,389.87,393.76,382.91,385.90
2025-10-24 04:00:00,385.88,387.20,379.20,385.99
2025-10-24 08:00:00,385.99,392.18,384.00,389.15
2025-10-24 12:00:00,389.15,397.92,388.25,395.43
2025-10-24 16:00:00,395.43,402.23,383.95,388.80
2025-10-24 20:00:00,388.79,399.84,379.58,381.03
2025-10-25 00:00:00,381.03,391.79,376.97,388.42
2025-10-25 04:00:00,388.49,391.46,384.34,385.05
2025-10-25 08:00:00,385.06,385.12,378.50,379.34
2025-10-25 12:00:00,379.34,387.14,379.33,383.99
2025-10-25 16:00:00,383.98,391.29,383.52,386.57
2025-10-25 20:00:00,386.56,391.74,386.24,386.68
2025-10-26 00:00:00,386.68,391.93,384.25,390.21
2025-10-26 04:00:00,390.22,398.88,387.19,396.20
2025-10-26 08:00:00,396.21,406.09,388.56,389.22
2025-10-26 12:00:00,389.22,395.97,388.62,392.89
2025-10-26 16:00:00,392.89,419.73,391.05,419.34
2025-10-26 20:00:00,419.40,424.00,405.70,411.99
2025-10-27 00:00:00,411.98,412.70,402.14,404.63
2025-10-27 04:00:00,404.63,412.10,396.52,404.41
2025-10-27 08:00:00,404.42,417.22,399.65,409.71
2025-10-27 12:00:00,409.72,420.00,402.97,406.32
2025-10-27 16:00:00,406.31,409.98,397.86,402.11
2025-10-27 20:00:00,402.14,417.37,399.32,414.13
2025-10-28 00:00:00,414.13,423.40,407.71,408.33
2025-10-28 04:00:00,408.33,416.61,403.02,414.95
2025-10-28 08:00:00,414.95,422.76,404.28,420.17
2025-10-28 12:00:00,420.17,427.73,408.36,422.53
2025-10-28 16:00:00,422.52,449.59,420.68,443.71
2025-10-28 20:00:00,443.74,460.10,434.00,447.00
2025-10-29 00:00:00,447.00,452.34,432.00,434.31
2025-10-29 04:00:00,434.30,436.76,422.00,432.03
2025-10-29 08:00:00,432.00,434.98,422.54,424.43
2025-10-29 12:00:00,424.43,438.56,423.50,429.34
2025-10-29 16:00:00,429.35,429.56,415.26,427.95
2025-10-29 20:00:00,427.95,430.97,421.43,425.17
2025-10-30 00:00:00,425.18,436.76,408.00,433.47
2025-10-30 04:00:00,433.48,450.63,427.36,440.97
2025-10-30 08:00:00,440.97,455.45,435.46,447.92
2025-10-30 12:00:00,447.92,453.75,431.27,448.83
2025-10-30 16:00:00,448.82,450.60,425.01,425.47
2025-10-30 20:00:00,425.48,429.28,406.09,411.80
2025-10-31 00:00:00,411.77,415.43,388.89,389.91
2025-10-31 04:00:00,389.90,415.83,388.66,414.16
2025-10-31 08:00:00,414.17,425.79,413.50,424.12
2025-10-31 12:00:00,424.13,441.54,422.83,434.70
2025-10-31 16:00:00,434.70,442.99,430.50,436.16
2025-10-31 20:00:00,436.16,493.74,435.01,485.43
2025-11-01 00:00:00,485.44,496.21,473.14,486.17
2025-11-01 04:00:00,486.19,491.50,473.59,481.49
2025-11-01 08:00:00,481.49,519.95,480.60,516.29
2025-11-01 12:00:00,516.29,539.20,513.69,526.31
2025-11-01 16:00:00,526.22,537.40,517.93,530.71
2025-11-01 20:00:00,530.72,532.12,486.12,501.04
2025-11-02 00:00:00,501.03,508.44,493.24,506.15
2025-11-02 04:00:00,506.15,509.42,495.27,497.29
2025-11-02 08:00:00,497.28,506.91,488.30,490.43
2025-11-02 12:00:00,490.43,515.92,481.45,515.40
2025-11-02 16:00:00,515.43,516.35,495.99,505.32
2025-11-02 20:00:00,505.32,507.08,485.94,486.90
2025-11-03 00:00:00,486.92,489.61,461.84,479.74
2025-11-03 04:00:00,479.74,492.37,477.10,488.31
2025-11-03 08:00:00,488.31,495.13,463.23,464.05
2025-11-03 12:00:00,464.05,477.84,460.00,467.83
2025-11-03 16:00:00,467.84,477.81,456.30,477.39
2025-11-03 20:00:00,477.44,484.00,439.53,464.91
2025-11-04 00:00:00,464.93,503.63,455.21,478.45
2025-11-04 04:00:00,478.45,480.52,460.26,466.31
2025-11-04 08:00:00,466.30,469.31,443.03,445.23
2025-11-04 12:00:00,445.23,446.10,424.55,427.89
2025-11-04 16:00:00,427.89,436.73,420.75,425.93
2025-11-04 20:00:00,425.93,428.18,402.53,408.00
2025-11-05 00:00:00,408.00,413.09,388.16,392.07
2025-11-05 04:00:00,392.05,410.05,372.16,400.94
2025-11-05 08:00:00,400.94,401.69,375.60,393.08
2025-11-05 12:00:00,393.07,394.54,378.96,382.74
2025-11-05 16:00:00,382.75,384.82,367.30,380.87
2025-11-05 20:00:00,380.89,403.71,378.00,403.41
2025-11-06 00:00:00,403.42,405.50,390.52,396.86
2025-11-06 04:00:00,396.86,400.98,380.58,383.76
2025-11-06 08:00:00,383.76,389.45,374.40,387.99
2025-11-06 12:00:00,388.00,396.37,380.06,381.49
2025-11-06 16:00:00,381.48,384.65,369.02,379.23
2025-11-06 20:00:00,379.20,398.50,373.28,390.96
2025-11-07 00:00:00,390.97,411.48,385.12,397.04
2025-11-07 04:00:00,397.05,399.91,387.06,392.16
2025-11-07 08:00:00,392.15,398.63,380.88,393.53
2025-11-07 12:00:00,393.52,394.98,381.67,387.72
2025-11-07 16:00:00,387.80,388.45,351.63,356.09
2025-11-07 20:00:00,356.08,377.92,350.22,373.83
2025-11-08 00:00:00,373.83,417.00,366.75,407.91
2025-11-08 04:00:00,407.90,413.36,397.90,399.29
2025-11-08 08:00:00,399.29,404.86,385.06,386.36
2025-11-08 12:00:00,386.36,396.00,377.98,386.91
2025-11-08 16:00:00,386.91,388.48,375.85,378.07
2025-11-08 20:00:00,378.07,381.33,364.01,365.13
2025-11-09 00:00:00,365.13,372.43,360.41,366.04
2025-11-09 04:00:00,366.04,371.95,363.20,367.54
2025-11-09 08:00:00,367.55,369.49,356.09,361.19
2025-11-09 12:00:00,361.19,364.98,358.46,364.07
2025-11-09 16:00:00,364.06,364.12,354.15,360.30
2025-11-09 20:00:00,360.30,383.51,359.38,377.45
2025-11-10 00:00:00,377.45,387.91,371.37,387.37
2025-11-10 04:00:00,387.37,391.33,380.08,380.93
2025-11-10 08:00:00,380.93,396.16,376.18,391.52
2025-11-10 12:00:00,391.52,398.82,388.04,396.89
2025-11-10 16:00:00,396.89,397.94,385.18,388.29
2025-11-10 20:00:00,388.28,391.54,371.70,374.67
2025-11-11 00:00:00,374.66,384.91,366.81,383.22
2025-11-11 04:00:00,383.21,389.57,377.16,386.96
2025-11-11 08:00:00,386.98,397.44,382.24,395.28
2025-11-11 12:00:00,395.28,396.55,373.32,373.83
2025-11-11 16:00:00,373.82,380.12,373.01,375.24
2025-11-11 20:00:00,375.24,383.37,368.01,376.31
2025-11-12 00:00:00,376.31,380.18,366.03,367.82
2025-11-12 04:00:00,367.82,369.13,360.51,363.33
2025-11-12 08:00:00,363.33,365.84,357.40,362.97
2025-11-12 12:00:00,362.96,372.97,360.62,361.28
2025-11-12 16:00:00,361.28,378.57,361.08,375.81
2025-11-12 20:00:00,375.80,376.90,355.40,358.75
2025-11-13 00:00:00,358.77,360.26,343.05,344.64
2025-11-13 04:00:00,344.64,352.74,343.35,348.11
2025-11-13 08:00:00,348.11,357.84,343.00,353.98
2025-11-13 12:00:00,353.99,360.00,349.28,354.16
2025-11-13 16:00:00,354.15,355.50,346.38,352.44
2025-11-13 20:00:00,352.43,359.35,345.30,347.03
2025-11-14 00:00:00,347.03,347.68,329.02,335.65
2025-11-14 04:00:00,335.65,343.82,331.18,340.07
2025-11-14 08:00:00,340.07,342.54,331.22,336.19
2025-11-14 12:00:00,336.17,337.44,322.74,333.57
2025-11-14 16:00:00,333.57,333.73,321.14,324.16
2025-11-14 20:00:00,324.16,333.76,312.40,330.54
2025-11-15 00:00:00,330.55,344.00,328.62,343.87
2025-11-15 04:00:00,343.87,343.87,327.73,336.04
2025-11-15 08:00:00,336.03,346.62,329.96,342.23
2025-11-15 12:00:00,342.24,350.89,341.02,345.58
2025-11-15 16:00:00,345.57,345.89,333.45,336.43
2025-11-15 20:00:00,336.43,347.79,335.45,339.14
2025-11-16 00:00:00,339.13,341.07,334.85,339.68
2025-11-16 04:00:00,339.69,340.08,333.59,335.66
2025-11-16 08:00:00,335.66,339.87,328.84,339.05
2025-11-16 12:00:00,339.05,345.00,337.51,342.49
2025-11-16 16:00:00,342.48,346.38,332.74,334.63
2025-11-16 20:00:00,334.62,340.04,324.07,324.84
2025-11-17 00:00:00,324.83,327.69,312.42,317.28
2025-11-17 04:00:00,317.29,323.08,308.78,320.36
2025-11-17 08:00:00,320.36,328.88,314.70,328.75
2025-11-17 12:00:00,328.76,332.04,323.82,331.20
2025-11-17 16:00:00,331.21,332.89,325.42,327.03
2025-11-17 20:00:00,327.03,329.13,311.22,319.14
2025-11-18 00:00:00,319.15,326.97,307.37,310.74
2025-11-18 04:00:00,310.76,316.60,308.21,313.13
2025-11-18 08:00:00,313.12,327.30,306.46,324.98
2025-11-18 12:00:00,324.98,327.14,312.88,319.86
2025-11-18 16:00:00,319.88,324.46,315.71,318.97
2025-11-18 20:00:00,318.98,330.06,316.01,327.43
2025-11-19 00:00:00,327.43,337.29,326.35,336.48
2025-11-19 04:00:00,336.47,337.45,331.45,332.07
2025-11-19 08:00:00,332.08,334.58,324.51,326.58
2025-11-19 12:00:00,326.56,328.78,316.34,327.64
2025-11-19 16:00:00,327.62,327.96,318.18,320.21
2025-11-19 20:00:00,320.21,329.84,317.34,318.72
2025-11-20 00:00:00,318.71,320.75,304.00,306.89
2025-11-20 04:00:00,306.90,330.66,305.53,325.90
2025-11-20 08:00:00,325.90,329.62,322.97,327.14
2025-11-20 12:00:00,327.14,332.63,325.09,332.33
2025-11-20 16:00:00,332.34,332.71,324.36,327.48
2025-11-20 20:00:00,327.48,333.25,313.57,313.96
2025-11-21 00:00:00,313.96,314.62,297.85,306.23
2025-11-21 04:00:00,306.20,315.16,302.77,305.39
2025-11-21 08:00:00,305.40,311.63,301.03,302.81
2025-11-21 12:00:00,302.80,303.60,268.96,283.78
2025-11-21 16:00:00,283.78,288.03,267.08,267.78
2025-11-21 20:00:00,267.79,282.90,260.30,273.20
2025-11-22 00:00:00,273.20,286.31,270.20,281.94
2025-11-22 04:00:00,281.94,284.31,271.14,279.86
2025-11-22 08:00:00,279.87,282.21,274.32,275.46
2025-11-22 12:00:00,275.47,275.87,265.79,270.90
2025-11-22 16:00:00,270.92,272.80,264.95,270.55
2025-11-22 20:00:00,270.54,271.56,263.43,267.82
2025-11-23 00:00:00,267.83,272.60,267.64,268.36
2025-11-23 04:00:00,268.36,275.77,264.59,271.79
2025-11-23 08:00:00,271.78,277.75,269.02,277.61
2025-11-23 12:00:00,277.61,281.08,273.21,276.43
2025-11-23 16:00:00,276.42,286.23,276.34,283.21
2025-11-23 20:00:00,283.20,294.24,282.24,293.67
2025-11-24 00:00:00,293.67,305.40,293.10,301.15
2025-11-24 04:00:00,301.15,304.97,295.21,297.68
2025-11-24 08:00:00,297.67,302.61,290.63,297.06
2025-11-24 12:00:00,297.08,297.36,281.50,284.47
2025-11-24 16:00:00,284.45,286.19,280.10,283.47
2025-11-24 20:00:00,283.52,287.09,278.23,285.87
2025-11-25 00:00:00,285.87,296.97,285.85,295.06
2025-11-25 04:00:00,295.06,302.33,291.00,291.92
2025-11-25 08:00:00,291.93,293.25,287.52,289.28
2025-11-25 12:00:00,289.27,295.86,288.79,290.34
2025-11-25 16:00:00,290.33,293.70,287.93,292.38
2025-11-25 20:00:00,292.40,304.70,291.31,302.95
2025-11-26 00:00:00,302.94,304.96,294.43,299.58
2025-11-26 04:00:00,299.60,313.24,298.45,309.86
2025-11-26 08:00:00,309.86,314.47,305.00,305.52
2025-11-26 12:00:00,305.53,323.28,305.53,320.16
2025-11-26 16:00:00,320.15,320.35,309.16,310.95
2025-11-26 20:00:00,310.94,311.19,302.22,303.77
2025-11-27 00:00:00,303.77,316.44,303.50,309.76
2025-11-27 04:00:00,309.70,312.62,306.96,309.36
2025-11-27 08:00:00,309.35,311.56,303.00,304.22
2025-11-27 12:00:00,304.22,308.05,303.87,306.56
2025-11-27 16:00:00,306.56,310.31,303.82,305.96
2025-11-27 20:00:00,305.97,308.17,304.14,307.29
2025-11-28 00:00:00,307.28,312.36,306.01,308.35
2025-11-28 04:00:00,308.36,310.00,295.39,296.51
2025-11-28 08:00:00,296.52,299.22,295.02,298.55
2025-11-28 12:00:00,298.56,303.35,297.97,301.06
2025-11-28 16:00:00,301.06,310.63,300.84,303.00
2025-11-28 20:00:00,303.00,311.38,302.98,308.32
2025-11-29 00:00:00,308.33,308.79,296.14,302.11
2025-11-29 04:00:00,302.10,302.89,295.73,298.38
2025-11-29 08:00:00,298.40,300.44,297.21,299.18
2025-11-29 12:00:00,299.18,301.22,296.01,298.56
2025-11-29 16:00:00,298.56,299.49,295.71,299.08
2025-11-29 20:00:00,299.09,299.39,294.06,297.06
2025-11-30 00:00:00,297.07,297.07,292.03,294.62
2025-11-30 04:00:00,294.61,297.17,294.11,296.18
2025-11-30 08:00:00,296.18,297.24,290.00,294.89
2025-11-30 12:00:00,294.90,296.13,292.79,294.01
2025-11-30 16:00:00,294.02,296.00,291.34,292.00
2025-11-30 20:00:00,292.01,296.45,290.64,293.12
2025-12-01 00:00:00,293.11,296.25,292.54,296.06
2025-12-01 04:00:00,296.05,299.16,287.24,288.78
2025-12-01 08:00:00,288.78,289.63,267.27,268.82
2025-12-01 12:00:00,268.81,270.69,265.04,269.15
2025-12-01 16:00:00,269.14,273.39,263.01,264.58
2025-12-01 20:00:00,264.59,266.96,253.77,260.40
2025-12-02 00:00:00,260.38,261.27,255.63,257.87
2025-12-02 04:00:00,257.86,268.10,257.78,264.87
2025-12-02 08:00:00,264.86,268.76,262.52,264.02
2025-12-02 12:00:00,264.01,264.58,260.15,260.93
2025-12-02 16:00:00,260.93,261.85,256.83,261.30
2025-12-02 20:00:00,261.30,286.26,261.00,285.08
2025-12-03 00:00:00,285.09,288.57,279.77,285.49
2025-12-03 04:00:00,285.48,285.67,275.43,275.99
2025-12-03 08:00:00,275.99,281.07,273.79,279.22
2025-12-03 12:00:00,279.22,289.88,278.64,285.42
2025-12-03 16:00:00,285.41,288.89,280.97,283.59
2025-12-03 20:00:00,283.58,287.77,276.21,281.70
2025-12-04 00:00:00,281.70,289.81,278.54,288.63
2025-12-04 04:00:00,288.64,298.10,286.86,294.84
2025-12-04 08:00:00,294.86,302.09,291.60,300.83
2025-12-04 12:00:00,300.84,308.01,297.10,304.36
2025-12-04 16:00:00,304.35,317.55,302.52,307.13
2025-12-04 20:00:00,307.13,308.63,294.49,300.41
2025-12-05 00:00:00,300.41,302.26,286.03,292.98
2025-12-05 04:00:00,292.97,294.00,289.37,289.94
2025-12-05 08:00:00,289.95,291.22,284.84,288.08
2025-12-05 12:00:00,288.08,292.26,285.00,290.54
2025-12-05 16:00:00,290.54,290.98,280.48,282.71
2025-12-05 20:00:00,282.71,286.88,277.24,281.70
2025-12-06 00:00:00,281.67,281.70,271.05,274.13
2025-12-06 04:00:00,274.13,276.04,271.38,275.50
2025-12-06 08:00:00,275.52,278.58,275.00,277.84
2025-12-06 12:00:00,277.85,279.25,275.80,277.60
2025-12-06 16:00:00,277.61,278.73,275.00,277.28
2025-12-06 20:00:00,277.28,280.56,275.36,279.95
2025-12-07 00:00:00,279.95,284.00,277.34,277.98
2025-12-07 04:00:00,277.98,283.40,277.71,282.88
2025-12-07 08:00:00,282.87,284.96,279.96,282.34
2025-12-07 12:00:00,282.33,285.34,281.01,283.13
2025-12-07 16:00:00,283.12,284.67,278.24,279.00
2025-12-07 20:00:00,279.01,282.45,269.53,279.31
2025-12-08 00:00:00,279.30,291.64,275.01,287.93
2025-12-08 04:00:00,287.93,288.63,272.26,276.90
2025-12-08 08:00:00,276.90,286.90,274.80,285.73
2025-12-08 12:00:00,285.74,305.73,285.73,300.44
2025-12-08 16:00:00,300.45,307.80,298.51,299.77
2025-12-08 20:00:00,299.76,300.10,286.65,290.96
2025-12-09 00:00:00,290.96,295.41,288.17,291.58
2025-12-09 04:00:00,291.58,298.98,291.58,294.14
2025-12-09 08:00:00,294.14,295.28,287.89,290.09
2025-12-09 12:00:00,290.10,303.38,286.25,302.09
2025-12-09 16:00:00,302.08,306.36,298.64,301.67
2025-12-09 20:00:00,301.66,313.94,298.77,311.25
2025-12-10 00:00:00,311.25,314.99,303.38,305.52
2025-12-10 04:00:00,305.51,305.60,298.21,301.81
2025-12-10 08:00:00,301.81,303.65,297.27,298.15
2025-12-10 12:00:00,298.16,301.37,296.73,299.48
2025-12-10 16:00:00,299.46,302.26,295.00,298.53
2025-12-10 20:00:00,298.50,300.65,294.67,296.24
2025-12-11 00:00:00,296.26,305.81,295.10,305.41
2025-12-11 04:00:00,305.41,311.63,291.95,292.18
2025-12-11 08:00:00,292.17,292.84,279.41,280.53
2025-12-11 12:00:00,280.53,286.44,279.75,283.69
2025-12-11 16:00:00,283.70,284.88,281.03,283.99
2025-12-11 20:00:00,283.99,294.39,283.82,289.69
2025-12-12 00:00:00,289.68,294.59,285.42,289.96
2025-12-12 04:00:00,289.97,304.33,289.91,297.15
2025-12-12 08:00:00,297.15,302.82,293.61,300.94
2025-12-12 12:00:00,300.93,305.94,299.72,300.69
2025-12-12 16:00:00,300.68,303.16,298.18,301.63
2025-12-12 20:00:00,301.62,302.60,287.14,288.94
2025-12-13 00:00:00,288.94,293.67,284.56,287.93
2025-12-13 04:00:00,287.93,292.68,286.73,291.43
2025-12-13 08:00:00,291.43,296.98,291.18,295.34
2025-12-13 12:00:00,295.35,295.99,290.51,291.54
2025-12-13 16:00:00,291.54,297.90,291.54,297.31
2025-12-13 20:00:00,297.31,301.86,294.25,297.01
2025-12-14 00:00:00,297.00,298.81,294.00,297.24
2025-12-14 04:00:00,297.24,297.90,292.86,294.71
2025-12-14 08:00:00,294.70,296.72,293.70,294.24
2025-12-14 12:00:00,294.26,294.72,291.11,292.59
2025-12-14 16:00:00,292.59,295.80,288.22,291.74
2025-12-14 20:00:00,291.77,293.61,286.68,287.89
2025-12-15 00:00:00,287.89,290.07,283.52,284.38
2025-12-15 04:00:00,284.39,286.34,275.86,279.87
2025-12-15 08:00:00,279.88,289.20,279.32,284.70
2025-12-15 12:00:00,284.71,289.22,284.07,285.01
2025-12-15 16:00:00,285.01,285.48,279.43,279.87
2025-12-15 20:00:00,279.87,284.13,268.39,271.96
2025-12-16 00:00:00,272.00,272.66,258.00,265.64
2025-12-16 04:00:00,265.63,269.86,262.93,269.16
2025-12-16 08:00:00,269.17,270.05,265.47,266.91
2025-12-16 12:00:00,266.92,267.83,262.02,263.14
2025-12-16 16:00:00,263.15,267.17,261.27,263.41
2025-12-16 20:00:00,263.41,266.03,255.09,265.13
2025-12-17 00:00:00,265.12,265.17,258.45,261.84
2025-12-17 04:00:00,261.84,263.51,260.45,262.00
2025-12-17 08:00:00,262.00,262.12,256.35,257.23
2025-12-17 12:00:00,257.23,258.43,246.74,249.95
2025-12-17 16:00:00,249.94,249.94,243.46,248.26
2025-12-17 20:00:00,248.26,255.60,243.39,243.87
2025-12-18 00:00:00,243.86,246.47,234.00,237.66
2025-12-18 04:00:00,237.66,238.96,236.14,238.58
2025-12-18 08:00:00,238.57,239.30,230.66,231.96
2025-12-18 12:00:00,231.97,233.30,227.30,227.58
2025-12-18 16:00:00,227.57,231.68,226.81,231.02
2025-12-18 20:00:00,231.02,238.97,230.93,234.78
2025-12-19 00:00:00,234.78,235.66,218.31,218.53
2025-12-19 04:00:00,218.53,222.76,217.00,219.29
2025-12-19 08:00:00,219.28,228.62,214.82,225.61
2025-12-19 12:00:00,225.59,230.01,223.63,228.95
2025-12-19 16:00:00,228.94,230.41,226.07,228.61
2025-12-19 20:00:00,228.62,235.40,227.18,227.54
2025-12-20 00:00:00,227.54,233.12,224.70,230.64
2025-12-20 04:00:00,230.64,234.02,228.76,230.51
2025-12-20 08:00:00,230.52,230.52,227.13,228.25
2025-12-20 12:00:00,228.26,229.96,226.67,229.80
2025-12-20 16:00:00,229.79,232.56,225.64,227.84
2025-12-20 20:00:00,227.83,230.73,225.76,229.01
2025-12-21 00:00:00,229.02,231.57,228.00,229.67
2025-12-21 04:00:00,229.67,229.86,225.03,226.54
2025-12-21 08:00:00,226.54,227.21,222.15,224.62
2025-12-21 12:00:00,224.63,224.68,221.72,223.57
2025-12-21 16:00:00,223.57,226.80,221.13,221.77
2025-12-21 20:00:00,221.77,222.94,216.19,219.52
2025-12-22 00:00:00,219.52,221.65,218.62,220.86
2025-12-22 04:00:00,220.86,223.30,218.35,221.04
2025-12-22 08:00:00,221.05,225.92,220.79,223.46
2025-12-22 12:00:00,223.46,225.90,222.81,223.16
2025-12-22 16:00:00,223.17,227.31,222.11,226.77
2025-12-22 20:00:00,226.77,231.31,226.03,227.97
2025-12-23 00:00:00,227.99,229.50,220.58,221.15
2025-12-23 04:00:00,221.15,224.94,220.95,222.26
2025-12-23 08:00:00,222.26,225.70,218.55,221.08
2025-12-23 12:00:00,221.08,221.32,217.36,218.06
2025-12-23 16:00:00,218.06,219.43,216.56,217.20
2025-12-23 20:00:00,217.17,219.80,211.52,214.49
2025-12-24 00:00:00,214.50,217.62,213.92,214.85
2025-12-24 04:00:00,214.86,218.48,211.38,214.26
2025-12-24 08:00:00,214.27,214.64,207.42,210.00
2025-12-24 12:00:00,210.01,212.00,206.15,207.80
2025-12-24 16:00:00,207.80,209.46,206.62,209.36
2025-12-24 20:00:00,209.35,215.16,208.67,214.76
2025-12-25 00:00:00,214.75,219.80,213.04,218.26
2025-12-25 04:00:00,218.25,220.09,215.04,218.25
2025-12-25 08:00:00,218.26,223.88,217.60,223.80
2025-12-25 12:00:00,223.80,224.42,220.87,221.65
2025-12-25 16:00:00,221.64,223.45,219.44,221.77
2025-12-25 20:00:00,221.75,225.63,221.42,224.69
2025-12-26 00:00:00,224.69,227.80,223.64,226.12
2025-12-26 04:00:00,226.12,226.42,217.63,218.47
2025-12-26 08:00:00,218.47,228.00,217.84,226.46
2025-12-26 12:00:00,226.45,226.45,220.71,221.60
2025-12-26 16:00:00,221.59,223.51,220.95,222.20
2025-12-26 20:00:00,222.20,223.59,216.80,218.71
2025-12-27 00:00:00,218.71,219.12,215.25,217.11
2025-12-27 04:00:00,217.11,218.09,215.15,215.65
2025-12-27 08:00:00,215.65,218.12,215.46,217.78
2025-12-27 12:00:00,217.78,218.09,215.25,216.16
2025-12-27 16:00:00,216.16,219.52,215.67,219.08
2025-12-27 20:00:00,219.09,222.38,218.30,220.50
2025-12-28 00:00:00,220.51,221.80,218.33,221.66
2025-12-28 04:00:00,221.67,225.07,219.94,224.13
2025-12-28 08:00:00,224.14,225.50,222.23,224.05
2025-12-28 12:00:00,224.05,226.32,223.28,225.89
2025-12-28 16:00:00,225.88,227.29,223.00,223.82
2025-12-28 20:00:00,223.83,225.47,222.33,223.65
2025-12-29 00:00:00,223.66,226.96,220.72,220.85
2025-12-29 04:00:00,220.84,224.59,219.59,224.01
2025-12-29 08:00:00,224.02,231.98,222.93,231.76
2025-12-29 12:00:00,231.76,232.73,226.38,228.03
2025-12-29 16:00:00,228.02,228.40,221.56,221.84
2025-12-29 20:00:00,221.84,224.80,219.07,222.16
2025-12-30 00:00:00,222.16,222.55,219.06,220.45
2025-12-30 04:00:00,220.44,221.38,217.70,218.56
2025-12-30 08:00:00,218.56,222.15,217.05,219.56
2025-12-30 12:00:00,219.57,221.94,218.09,219.19
2025-12-30 16:00:00,219.18,222.34,218.97,220.20
2025-12-30 20:00:00,220.21,224.10,218.30,223.69
2025-12-31 00:00:00,223.69,225.26,218.60,221.23
2025-12-31 04:00:00,221.22,221.88,219.92,221.59
2025-12-31 08:00:00,221.60,225.42,220.59,222.91
2025-12-31 12:00:00,222.90,223.30,220.54,221.39
2025-12-31 16:00:00,221.39,224.10,220.80,223.77
2025-12-31 20:00:00,223.76,225.80,220.61,222.31
2026-01-01 00:00:00,222.32,223.30,218.17,219.31
2026-01-01 04:00:00,219.31,221.18,218.21,219.10
2026-01-01 08:00:00,219.10,221.71,219.10,219.94
2026-01-01 12:00:00,219.93,221.87,218.16,221.32
2026-01-01 16:00:00,221.32,224.59,221.03,224.23
2026-01-01 20:00:00,224.23,226.17,222.31,225.05
2026-01-02 00:00:00,225.06,228.83,224.02,228.45
2026-01-02 04:00:00,228.44,230.36,225.48,230.35
2026-01-02 08:00:00,230.36,238.35,228.38,236.77
2026-01-02 12:00:00,236.78,242.00,233.40,237.87
2026-01-02 16:00:00,237.85,246.85,237.72,240.64
2026-01-02 20:00:00,240.63,245.27,238.68,239.95
2026-01-03 00:00:00,239.94,246.36,239.20,245.65
2026-01-03 04:00:00,245.65,249.76,244.31,248.92
2026-01-03 08:00:00,248.92,257.90,247.80,256.41
2026-01-03 12:00:00,256.42,258.47,244.72,245.73
2026-01-03 16:00:00,245.72,246.83,242.23,244.16
2026-01-03 20:00:00,244.15,248.84,242.87,246.81
2026-01-04 00:00:00,246.81,254.97,246.48,252.70
2026-01-04 04:00:00,252.70,256.36,250.85,254.44
2026-01-04 08:00:00,254.44,260.64,253.84,257.69
2026-01-04 12:00:00,257.69,260.00,254.30,256.57
2026-01-04 16:00:00,256.57,267.82,254.88,266.45
2026-01-04 20:00:00,266.45,269.40,261.18,267.52
2026-01-05 00:00:00,267.52,268.35,260.34,262.70
2026-01-05 04:00:00,262.70,267.68,261.79,266.72
2026-01-05 08:00:00,266.73,271.95,262.88,266.02
2026-01-05 12:00:00,266.01,266.43,258.68,264.73
2026-01-05 16:00:00,264.72,266.08,260.07,261.59
2026-01-05 20:00:00,261.59,266.72,258.01,265.36
2026-01-06 00:00:00,265.36,269.75,260.31,268.14
2026-01-06 04:00:00,268.14,273.15,265.28,267.18
2026-01-06 08:00:00,267.17,274.91,264.74,274.08
2026-01-06 12:00:00,274.07,280.00,272.74,273.92
2026-01-06 16:00:00,273.93,284.28,273.06,283.52
2026-01-06 20:00:00,283.48,298.39,282.78,290.72
2026-01-07 00:00:00,290.72,292.06,276.30,281.78
2026-01-07 04:00:00,281.78,295.47,281.76,293.77
2026-01-07 08:00:00,293.77,293.84,281.84,282.66
2026-01-07 12:00:00,282.66,284.82,278.36,284.43
2026-01-07 16:00:00,284.43,284.63,275.02,279.32
2026-01-07 20:00:00,279.35,279.90,268.80,271.40
2026-01-08 00:00:00,271.39,274.38,269.09,273.20
2026-01-08 04:00:00,273.21,274.24,267.96,270.82
2026-01-08 08:00:00,270.81,275.89,267.34,267.96
2026-01-08 12:00:00,268.00,279.65,266.42,277.14
2026-01-08 16:00:00,277.15,280.76,266.80,268.95
2026-01-08 20:00:00,268.96,290.23,265.10,288.31
2026-01-09 00:00:00,288.33,300.53,283.16,284.14
2026-01-09 04:00:00,284.13,289.03,279.13,283.75
2026-01-09 08:00:00,283.76,286.21,278.35,283.99
2026-01-09 12:00:00,283.99,283.99,275.52,278.68
2026-01-09 16:00:00,278.68,287.79,275.34,285.28
2026-01-09 20:00:00,285.29,294.33,281.91,289.16
2026-01-10 00:00:00,289.17,291.82,276.92,279.10
2026-01-10 04:00:00,279.09,284.20,278.61,280.25
2026-01-10 08:00:00,280.24,280.33,275.56,277.22
2026-01-10 12:00:00,277.22,278.73,273.72,277.75
2026-01-10 16:00:00,277.75,291.35,276.79,286.20
2026-01-10 20:00:00,286.21,287.29,282.21,283.52
2026-01-11 00:00:00,283.51,283.52,278.07,281.17
2026-01-11 04:00:00,281.17,281.23,276.87,279.41
2026-01-11 08:00:00,279.42,282.50,278.52,279.50
2026-01-11 12:00:00,279.49,282.58,278.06,281.35
2026-01-11 16:00:00,281.35,284.79,280.49,283.43
2026-01-11 20:00:00,283.44,289.85,283.00,288.36
2026-01-12 00:00:00,288.36,294.61,286.44,290.80
2026-01-12 04:00:00,290.78,290.78,280.83,286.76
2026-01-12 08:00:00,286.75,293.64,281.44,286.69
2026-01-12 12:00:00,286.70,291.26,282.88,283.02
2026-01-12 16:00:00,283.00,286.17,277.44,281.16
2026-01-12 20:00:00,281.17,289.01,279.63,285.65
2026-01-13 00:00:00,285.66,288.34,279.82,282.39
2026-01-13 04:00:00,282.41,286.14,278.21,280.68
2026-01-13 08:00:00,280.68,285.08,277.64,279.28
2026-01-13 12:00:00,279.28,288.47,279.08,283.80
2026-01-13 16:00:00,283.81,288.94,283.38,286.60
2026-01-13 20:00:00,286.60,289.90,280.22,286.19
2026-01-14 00:00:00,286.17,292.29,283.66,289.69
2026-01-14 04:00:00,289.70,298.11,284.35,293.28
2026-01-14 08:00:00,293.29,299.48,292.12,298.01
2026-01-14 12:00:00,298.01,298.04,292.14,295.22
2026-01-14 16:00:00,295.23,302.35,290.22,290.69
2026-01-14 20:00:00,290.68,297.49,289.19,296.28
2026-01-15 00:00:00,296.29,299.25,288.83,293.42
2026-01-15 04:00:00,293.43,296.14,289.47,289.90
2026-01-15 08:00:00,289.90,293.20,279.31,281.26
2026-01-15 12:00:00,281.26,287.00,280.89,286.17
2026-01-15 16:00:00,286.17,286.53,280.97,284.74
2026-01-15 20:00:00,284.74,288.53,277.22,283.71
2026-01-16 00:00:00,283.69,284.97,277.39,279.74
2026-01-16 04:00:00,279.74,280.46,276.04,279.14
2026-01-16 08:00:00,279.15,281.28,277.02,278.32
2026-01-16 12:00:00,278.33,279.49,272.39,276.78
2026-01-16 16:00:00,276.79,277.69,273.66,274.43
2026-01-16 20:00:00,274.43,274.57,266.98,268.93
2026-01-17 00:00:00,268.92,274.86,268.24,274.19
2026-01-17 04:00:00,274.19,280.08,272.29,277.46
2026-01-17 08:00:00,277.46,278.27,274.38,274.86
2026-01-17 12:00:00,274.87,277.24,274.40,276.76
2026-01-17 16:00:00,276.77,277.89,274.70,275.33
2026-01-17 20:00:00,275.32,278.50,274.08,278.21
2026-01-18 00:00:00,278.21,278.57,274.38,275.96
2026-01-18 04:00:00,275.97,276.80,273.17,273.91
2026-01-18 08:00:00,273.91,275.19,271.13,272.40
2026-01-18 12:00:00,272.39,273.69,271.45,271.93
2026-01-18 16:00:00,271.94,273.83,271.63,272.81
2026-01-18 20:00:00,272.81,274.72,270.56,272.95
2026-01-19 00:00:00,272.96,274.70,269.23,271.83
2026-01-19 04:00:00,271.85,275.42,261.05,261.83
2026-01-19 08:00:00,261.83,261.84,215.00,252.39
2026-01-19 12:00:00,252.39,253.49,245.68,247.87
2026-01-19 16:00:00,247.86,253.45,247.17,250.68
2026-01-19 20:00:00,250.68,251.15,247.77,249.39
2026-01-20 00:00:00,249.38,256.66,249.17,255.68
2026-01-20 04:00:00,255.68,256.24,250.09,253.47
2026-01-20 08:00:00,253.48,253.61,248.17,249.43
2026-01-20 12:00:00,249.42,250.55,243.15,243.31
2026-01-20 16:00:00,243.31,243.99,239.08,240.66
2026-01-20 20:00:00,240.67,243.28,237.27,239.52
2026-01-21 00:00:00,239.51,240.33,234.09,236.38
2026-01-21 04:00:00,236.37,239.49,231.95,234.19
2026-01-21 08:00:00,234.19,240.40,234.19,238.02
2026-01-21 12:00:00,238.02,241.86,237.46,239.23
2026-01-21 16:00:00,239.23,239.62,233.44,233.92
2026-01-21 20:00:00,233.92,243.91,229.06,240.91
2026-01-22 00:00:00,240.89,246.00,228.52,245.58
2026-01-22 04:00:00,245.58,249.37,240.60,241.80
2026-01-22 08:00:00,241.80,248.73,241.80,246.04
2026-01-22 12:00:00,246.03,247.76,243.72,244.27
2026-01-22 16:00:00,244.26,246.36,241.56,241.71
2026-01-22 20:00:00,241.72,243.00,235.11,237.41
2026-01-23 00:00:00,237.42,240.64,236.36,239.82
2026-01-23 04:00:00,239.81,239.85,236.67,238.92
2026-01-23 08:00:00,238.92,241.42,237.90,241.33
2026-01-23 12:00:00,241.33,243.15,239.37,239.79
2026-01-23 16:00:00,239.79,240.43,237.01,238.45
2026-01-23 20:00:00,238.46,242.11,234.88,241.74
2026-01-24 00:00:00,241.74,245.22,237.82,238.74
2026-01-24 04:00:00,238.75,239.48,235.81,236.92
2026-01-24 08:00:00,236.92,240.07,235.22,238.76
2026-01-24 12:00:00,238.76,238.79,236.90,237.28
2026-01-24 16:00:00,237.28,239.17,235.90,238.46
2026-01-24 20:00:00,238.45,239.38,236.52,236.96
2026-01-25 00:00:00,236.96,238.98,235.90,238.51
2026-01-25 04:00:00,238.52,239.78,237.60,237.91
2026-01-25 08:00:00,237.91,239.12,236.12,236.36
2026-01-25 12:00:00,236.36,237.77,233.64,234.69
2026-01-25 16:00:00,234.68,237.66,233.42,235.19
2026-01-25 20:00:00,235.18,235.28,232.00,233.03
2026-01-26 00:00:00,233.02,233.05,220.67,222.27
2026-01-26 04:00:00,222.29,224.67,220.39,224.21
2026-01-26 08:00:00,224.21,231.88,223.83,230.61
2026-01-26 12:00:00,230.61,235.41,230.58,234.10
2026-01-26 16:00:00,234.10,234.96,229.16,230.40
2026-01-26 20:00:00,230.40,237.31,229.32,232.81
2026-01-27 00:00:00,232.81,236.36,230.04,233.90
2026-01-27 04:00:00,233.90,236.04,231.81,233.99
2026-01-27 08:00:00,233.98,235.89,232.87,234.20
2026-01-27 12:00:00,234.19,235.66,230.53,232.28
2026-01-27 16:00:00,232.29,233.35,230.50,231.06
2026-01-27 20:00:00,231.05,232.77,228.00,230.51
2026-01-28 00:00:00,230.51,235.96,228.61,233.31
2026-01-28 04:00:00,233.31,239.39,233.12,237.98
2026-01-28 08:00:00,237.99,238.41,235.85,237.27
2026-01-28 12:00:00,237.27,238.41,234.46,236.97
2026-01-28 16:00:00,236.96,241.23,235.46,241.11
2026-01-28 20:00:00,241.10,242.50,236.30,238.25
2026-01-29 00:00:00,238.26,240.03,235.36,236.99
2026-01-29 04:00:00,236.99,240.82,235.93,238.16
2026-01-29 08:00:00,238.15,238.62,228.93,229.49
2026-01-29 12:00:00,229.49,230.80,225.43,229.08
2026-01-29 16:00:00,229.08,229.76,225.69,226.13
2026-01-29 20:00:00,226.14,228.22,214.16,219.29
2026-01-30 00:00:00,219.28,224.50,215.04,218.41
2026-01-30 04:00:00,218.41,222.13,217.90,220.91
2026-01-30 08:00:00,220.91,222.65,209.38,214.14
2026-01-30 12:00:00,214.14,218.24,212.00,215.66
2026-01-30 16:00:00,215.67,217.46,210.83,216.28
2026-01-30 20:00:00,216.27,217.02,211.23,213.90
2026-01-31 00:00:00,213.89,218.34,207.10,216.89
2026-01-31 04:00:00,216.90,216.91,212.39,215.29
2026-01-31 08:00:00,215.29,217.61,214.53,216.55
2026-01-31 12:00:00,216.54,218.50,210.90,212.02
2026-01-31 16:00:00,212.03,212.60,207.00,208.43
2026-01-31 20:00:00,208.43,208.85,192.74,198.26
2026-02-01 00:00:00,198.21,202.27,178.00,190.55
2026-02-01 04:00:00,190.53,199.42,187.60,197.83
2026-02-01 08:00:00,197.82,201.11,195.99,200.95
2026-02-01 12:00:00,200.95,201.28,195.25,196.24
2026-02-01 16:00:00,196.23,197.93,192.91,194.79
2026-02-01 20:00:00,194.80,194.98,186.10,189.02
2026-02-02 00:00:00,189.02,193.46,187.12,189.49
2026-02-02 04:00:00,189.49,192.77,183.79,188.50
2026-02-02 08:00:00,188.50,194.87,182.46,190.32
2026-02-02 12:00:00,190.32,192.96,183.05,189.51
2026-02-02 16:00:00,189.51,194.13,188.55,193.03
2026-02-02 20:00:00,193.02,202.69,193.02,201.36
2026-02-03 00:00:00,201.40,206.99,197.72,198.04
2026-02-03 04:00:00,198.04,201.08,195.79,199.34
2026-02-03 08:00:00,199.35,200.04,193.56,198.00
2026-02-03 12:00:00,198.00,199.55,195.95,197.28
2026-02-03 16:00:00,197.29,198.73,193.73,194.84
2026-02-03 20:00:00,194.85,197.18,191.53,196.95
2026-02-04 00:00:00,196.94,196.94,184.33,195.87
2026-02-04 04:00:00,195.86,204.20,191.84,193.20
2026-02-04 08:00:00,193.20,198.50,191.86,197.53
2026-02-04 12:00:00,197.54,197.85,194.28,195.50
2026-02-04 16:00:00,195.51,196.68,190.44,192.39
2026-02-04 20:00:00,192.40,193.17,184.70,186.04
2026-02-05 00:00:00,186.04,191.93,183.00,191.54
2026-02-05 04:00:00,191.53,191.84,184.26,187.63
2026-02-05 08:00:00,187.62,191.20,185.35,185.65
2026-02-05 12:00:00,185.66,187.77,181.48,182.76
2026-02-05 16:00:00,182.77,186.52,176.16,178.51
2026-02-05 20:00:00,178.52,182.11,168.75,171.50
2026-02-06 00:00:00,171.53,174.36,163.20,165.60
2026-02-06 04:00:00,165.60,166.97,156.80,160.52
2026-02-06 08:00:00,160.52,165.37,142.02,161.06
2026-02-06 12:00:00,161.06,168.12,159.95,164.04
2026-02-06 16:00:00,164.05,168.85,160.73,168.10
2026-02-06 20:00:00,168.09,173.74,166.29,172.88
2026-02-07 00:00:00,172.84,180.30,172.13,174.94
2026-02-07 04:00:00,174.93,177.22,171.33,173.57
2026-02-07 08:00:00,173.57,173.59,165.64,167.42
2026-02-07 12:00:00,167.42,169.50,160.65,162.40
2026-02-07 16:00:00,162.39,165.89,161.99,163.43
2026-02-07 20:00:00,163.43,169.19,163.19,167.53
2026-02-08 00:00:00,167.53,172.68,167.01,168.42
2026-02-08 04:00:00,168.41,170.17,166.30,167.34
2026-02-08 08:00:00,167.34,167.49,163.91,164.37
2026-02-08 12:00:00,164.38,165.33,163.38,164.96
2026-02-08 16:00:00,164.95,168.48,163.51,168.33
2026-02-08 20:00:00,168.33,170.65,166.63,167.37
2026-02-09 00:00:00,167.37,168.40,163.46,167.36
2026-02-09 04:00:00,167.35,168.11,161.81,163.06
2026-02-09 08:00:00,163.06,166.89,162.24,166.59
2026-02-09 12:00:00,166.59,166.68,161.96,162.40
2026-02-09 16:00:00,162.40,162.93,156.04,156.84
2026-02-09 20:00:00,156.84,160.80,155.27,158.04
2026-02-10 00:00:00,158.05,162.48,155.11,162.31
2026-02-10 04:00:00,162.30,163.20,158.83,159.15
2026-02-10 08:00:00,159.17,161.87,156.69,158.01
2026-02-10 12:00:00,158.01,159.86,155.21,157.09
2026-02-10 16:00:00,157.10,159.24,156.26,157.15
2026-02-10 20:00:00,157.16,158.75,154.48,157.44
2026-02-11 00:00:00,157.45,158.43,152.56,154.09
2026-02-11 04:00:00,154.08,154.78,152.44,154.42
2026-02-11 08:00:00,154.42,154.63,150.21,151.32
2026-02-11 12:00:00,151.32,151.64,146.22,147.98
2026-02-11 16:00:00,147.99,148.07,145.03,147.08
2026-02-11 20:00:00,147.07,154.37,143.95,145.97
2026-02-12 00:00:00,145.96,148.92,143.75,146.53
2026-02-12 04:00:00,146.53,149.14,144.23,145.81
2026-02-12 08:00:00,145.82,152.56,145.65,152.30
2026-02-12 12:00:00,152.30,152.74,149.82,150.78
2026-02-12 16:00:00,150.79,160.10,150.54,158.96
2026-02-12 20:00:00,158.95,159.10,152.46,153.08
2026-02-13 00:00:00,153.08,153.49,148.46,151.47
2026-02-13 04:00:00,151.46,156.22,148.50,155.68
2026-02-13 08:00:00,155.67,156.86,153.56,155.83
2026-02-13 12:00:00,155.83,155.87,151.88,154.32
2026-02-13 16:00:00,154.31,157.76,153.87,156.33
2026-02-13 20:00:00,156.33,164.35,155.40,160.40
2026-02-14 00:00:00,160.40,164.94,159.98,164.33
2026-02-14 04:00:00,164.32,179.88,163.28,178.40
2026-02-14 08:00:00,178.41,188.00,176.55,187.88
2026-02-14 12:00:00,187.88,200.46,184.87,199.74
2026-02-14 16:00:00,199.75,208.90,192.63,194.80
2026-02-14 20:00:00,194.80,197.55,190.32,191.91
2026-02-15 00:00:00,191.90,195.22,189.42,193.30
2026-02-15 04:00:00,193.30,194.28,187.59,190.78
2026-02-15 08:00:00,190.77,192.58,188.28,190.84
2026-02-15 12:00:00,190.85,192.30,189.51,190.08
2026-02-15 16:00:00,190.07,190.45,184.51,188.68
2026-02-15 20:00:00,188.68,189.34,184.04,185.23
2026-02-16 00:00:00,185.23,185.88,179.26,182.44
2026-02-16 04:00:00,182.43,185.90,181.48,184.51
2026-02-16 08:00:00,184.51,192.37,184.07,190.41
2026-02-16 12:00:00,190.40,215.63,184.58,185.75
2026-02-16 16:00:00,185.72,195.11,183.43,190.53
2026-02-16 20:00:00,190.54,194.37,185.83,186.98
2026-02-17 00:00:00,186.95,195.34,186.91,192.03
2026-02-17 04:00:00,192.04,203.00,191.19,198.59
2026-02-17 08:00:00,198.59,198.72,191.54,193.38
2026-02-17 12:00:00,193.38,199.17,192.68,193.44
2026-02-17 16:00:00,193.45,194.21,187.76,190.44
2026-02-17 20:00:00,190.43,198.20,189.60,198.03
2026-02-18 00:00:00,198.09,199.87,193.93,194.76
2026-02-18 04:00:00,194.76,195.36,190.56,191.68
2026-02-18 08:00:00,191.68,192.73,188.04,190.14
2026-02-18 12:00:00,190.15,195.77,190.02,194.29
2026-02-18 16:00:00,194.30,195.24,189.85,192.93
2026-02-18 20:00:00,192.94,194.22,185.63,189.03
2026-02-19 00:00:00,189.03,189.34,182.45,183.78
2026-02-19 04:00:00,183.79,184.84,181.09,183.40
2026-02-19 08:00:00,183.41,187.92,181.80,185.53
2026-02-19 12:00:00,185.53,188.43,184.77,186.76
2026-02-19 16:00:00,186.75,186.83,180.02,181.69
2026-02-19 20:00:00,181.69,183.11,174.31,175.43
2026-02-20 00:00:00,175.42,177.96,173.26,177.53
2026-02-20 04:00:00,177.51,178.45,176.44,176.85
2026-02-20 08:00:00,176.86,178.97,176.10,176.42
2026-02-20 12:00:00,176.43,177.05,173.01,173.71
2026-02-20 16:00:00,173.71,180.34,173.47,177.71
2026-02-20 20:00:00,177.72,182.00,172.60,182.00
2026-02-21 00:00:00,181.99,184.99,177.32,178.42
2026-02-21 04:00:00,178.43,181.53,176.53,180.26
2026-02-21 08:00:00,180.27,181.12,178.17,179.99
2026-02-21 12:00:00,180.00,180.00,177.20,178.34
2026-02-21 16:00:00,178.35,182.48,177.79,182.26
2026-02-21 20:00:00,182.27,183.93,179.46,181.96
2026-02-22 00:00:00,181.97,185.15,180.55,183.31
2026-02-22 04:00:00,183.31,184.27,180.67,181.73
2026-02-22 08:00:00,181.74,182.02,177.03,178.24
2026-02-22 12:00:00,178.24,179.33,177.01,178.73
2026-02-22 16:00:00,178.74,179.19,177.34,178.00
2026-02-22 20:00:00,177.99,178.19,173.69,176.76
2026-02-23 00:00:00,176.76,176.76,172.84,173.66
2026-02-23 04:00:00,173.67,174.46,171.44,173.23
2026-02-23 08:00:00,173.24,173.64,165.01,166.47
2026-02-23 12:00:00,166.48,169.99,165.02,168.90
2026-02-23 16:00:00,168.89,173.82,167.36,171.58
2026-02-23 20:00:00,171.58,175.22,168.73,169.10
2026-02-24 00:00:00,169.09,170.10,166.15,167.74
2026-02-24 04:00:00,167.74,172.52,167.48,169.84
2026-02-24 08:00:00,169.83,172.40,166.50,167.27
2026-02-24 12:00:00,167.27,168.64,165.26,167.70
2026-02-24 16:00:00,167.69,169.62,163.52,165.54
2026-02-24 20:00:00,165.53,170.05,163.01,169.11
2026-02-25 00:00:00,169.10,171.96,168.76,169.74
2026-02-25 04:00:00,169.74,170.34,166.58,166.97
2026-02-25 08:00:00,166.98,174.74,164.90,172.41
2026-02-25 12:00:00,172.42,174.99,170.36,172.66
2026-02-25 16:00:00,172.65,178.24,172.02,176.48
2026-02-25 20:00:00,176.48,182.37,176.27,180.78
2026-02-26 00:00:00,180.79,185.51,180.68,184.51
2026-02-26 04:00:00,184.50,190.47,177.17,179.56
2026-02-26 08:00:00,179.56,185.44,178.95,183.77
2026-02-26 12:00:00,183.76,186.32,181.14,184.96
2026-02-26 16:00:00,184.96,191.90,182.63,183.45
2026-02-26 20:00:00,183.44,185.63,180.44,182.46
2026-02-27 00:00:00,182.47,182.63,176.46,182.29
2026-02-27 04:00:00,182.29,184.65,181.28,184.49
2026-02-27 08:00:00,184.49,187.45,181.67,187.14
2026-02-27 12:00:00,187.14,190.75,185.13,186.85
2026-02-27 16:00:00,186.81,187.26,179.06,180.30
2026-02-27 20:00:00,180.29,182.00,178.01,179.87
2026-02-28 00:00:00,179.86,180.02,173.44,174.62
2026-02-28 04:00:00,174.63,176.35,171.36,175.99
2026-02-28 08:00:00,176.00,181.47,175.59,179.42
2026-02-28 12:00:00,179.43,179.46,167.69,170.34
2026-02-28 16:00:00,170.33,170.43,165.61,166.57
2026-02-28 20:00:00,166.56,175.73,166.29,172.00
2026-03-01 00:00:00,171.99,178.87,169.34,176.97
2026-03-01 04:00:00,176.97,184.98,176.31,182.88
2026-03-01 08:00:00,182.87,188.04,178.93,183.29
2026-03-01 12:00:00,183.30,185.36,181.44,182.52
2026-03-01 16:00:00,182.53,182.76,178.28,180.11
2026-03-01 20:00:00,180.10,182.89,176.13,180.58
2026-03-02 00:00:00,180.57,182.48,175.09,175.14
2026-03-02 04:00:00,175.15,179.71,172.22,177.05
2026-03-02 08:00:00,177.05,181.37,176.17,180.59
2026-03-02 12:00:00,180.59,180.88,173.75,175.81
2026-03-02 16:00:00,175.82,179.06,174.04,178.71
2026-03-02 20:00:00,178.71,189.51,175.17,188.32
2026-03-03 00:00:00,188.33,195.04,184.42,187.54
2026-03-03 04:00:00,187.54,191.13,184.52,186.48
2026-03-03 08:00:00,186.48,187.59,181.33,182.12
2026-03-03 12:00:00,182.13,184.86,180.48,181.62
2026-03-03 16:00:00,181.61,182.37,176.53,179.04
2026-03-03 20:00:00,179.05,182.10,175.79,180.25
2026-03-04 00:00:00,180.24,185.34,178.39,182.96
2026-03-04 04:00:00,182.96,185.46,179.37,182.87
2026-03-04 08:00:00,182.88,183.76,177.29,178.37
2026-03-04 12:00:00,178.37,186.54,177.36,186.43
2026-03-04 16:00:00,186.43,196.28,185.73,188.97
2026-03-04 20:00:00,188.96,194.91,186.48,194.12
2026-03-05 00:00:00,194.12,195.02,189.62,193.68
2026-03-05 04:00:00,193.70,193.91,185.01,186.58
2026-03-05 08:00:00,186.59,187.85,184.64,185.78
2026-03-05 12:00:00,185.78,187.11,184.10,184.81
2026-03-05 16:00:00,184.81,191.11,183.50,189.32
2026-03-05 20:00:00,189.32,194.82,186.75,187.21
2026-03-06 00:00:00,187.22,187.40,181.74,185.95
2026-03-06 04:00:00,185.96,189.76,185.13,185.50
2026-03-06 08:00:00,185.51,189.94,183.50,189.10
2026-03-06 12:00:00,189.10,189.60,185.51,187.16
2026-03-06 16:00:00,187.16,187.21,182.25,182.46
2026-03-06 20:00:00,182.46,183.75,176.00,177.01
2026-03-07 00:00:00,177.01,178.41,173.63,176.77
2026-03-07 04:00:00,176.78,177.50,175.16,176.75
2026-03-07 08:00:00,176.75,178.48,175.92,176.34
2026-03-07 12:00:00,176.34,178.28,174.44,177.89
2026-03-07 16:00:00,177.89,181.84,177.37,179.99
2026-03-07 20:00:00,179.99,189.21,179.88,188.69
2026-03-08 00:00:00,188.68,191.89,180.50,180.71
2026-03-08 04:00:00,180.72,181.65,172.21,175.70
2026-03-08 08:00:00,175.70,177.69,174.67,175.95
2026-03-08 12:00:00,175.94,177.85,173.56,176.59
2026-03-08 16:00:00,176.58,179.72,174.92,176.65
2026-03-08 20:00:00,176.65,178.75,173.53,174.25
2026-03-09 00:00:00,174.25,184.92,173.91,184.04
2026-03-09 04:00:00,184.04,188.59,178.53,181.38
2026-03-09 08:00:00,181.40,195.54,180.54,193.41
2026-03-09 12:00:00,193.41,199.78,192.10,196.25
2026-03-09 16:00:00,196.26,197.54,193.03,194.54
2026-03-09 20:00:00,194.54,198.40,193.17,195.65
2026-03-10 00:00:00,195.65,196.42,190.08,194.52
2026-03-10 04:00:00,194.54,196.29,192.03,194.12
2026-03-10 08:00:00,194.11,204.36,192.98,197.34
2026-03-10 12:00:00,197.35,200.57,196.31,199.80
2026-03-10 16:00:00,199.80,203.13,198.64,200.93
2026-03-10 20:00:00,200.93,202.99,195.65,201.38
2026-03-11 00:00:00,201.36,209.42,198.21,199.83
2026-03-11 04:00:00,199.82,200.77,197.30,199.68
2026-03-11 08:00:00,199.69,201.40,195.87,196.95
2026-03-11 12:00:00,196.96,198.82,193.87,194.58
2026-03-11 16:00:00,194.58,198.00,194.05,195.21
2026-03-11 20:00:00,195.19,201.79,194.60,198.18
2026-03-12 00:00:00,198.17,203.24,197.16,201.64
2026-03-12 04:00:00,201.65,206.55,199.77,202.94
2026-03-12 08:00:00,202.94,204.33,198.13,198.97
2026-03-12 12:00:00,198.96,208.98,198.93,206.43
2026-03-12 16:00:00,206.42,213.99,203.32,211.92
2026-03-12 20:00:00,211.91,215.60,205.82,211.92
2026-03-13 00:00:00,211.92,216.79,210.49,213.43
2026-03-13 04:00:00,213.42,218.84,211.73,217.68
2026-03-13 08:00:00,217.67,234.27,216.35,231.07
2026-03-13 12:00:00,231.06,234.89,227.22,233.50
2026-03-13 16:00:00,233.49,244.87,233.12,239.57
2026-03-13 20:00:00,239.58,251.19,228.00,230.34
2026-03-14 00:00:00,230.34,239.64,229.25,229.50
2026-03-14 04:00:00,229.49,239.33,228.07,235.58
2026-03-14 08:00:00,235.57,246.52,231.68,243.34
2026-03-14 12:00:00,243.34,245.63,233.63,234.63
2026-03-14 16:00:00,234.62,239.35,232.81,235.21
2026-03-14 20:00:00,235.22,237.89,233.19,233.71
2026-03-15 00:00:00,233.71,240.79,232.41,237.85
2026-03-15 04:00:00,237.85,250.20,237.23,248.99
2026-03-15 08:00:00,248.99,271.16,245.35,270.03
2026-03-15 12:00:00,270.03,271.29,254.67,258.05
2026-03-15 16:00:00,258.05,269.86,258.05,264.05
2026-03-15 20:00:00,264.04,276.65,260.04,275.15
2026-03-16 00:00:00,275.14,293.57,270.09,278.76
2026-03-16 04:00:00,278.73,292.20,278.21,282.88
2026-03-16 08:00:00,282.88,286.66,273.00,276.31
2026-03-16 12:00:00,276.31,281.39,270.53,274.68
2026-03-16 16:00:00,274.69,293.35,271.79,292.67
2026-03-16 20:00:00,292.67,300.74,283.53,287.84
2026-03-17 00:00:00,287.84,287.89,273.25,279.94
2026-03-17 04:00:00,279.95,285.98,277.23,279.97
2026-03-17 08:00:00,279.98,286.50,275.25,284.11
2026-03-17 12:00:00,284.11,285.70,272.20,276.45
2026-03-17 16:00:00,276.44,281.57,273.91,276.00
2026-03-17 20:00:00,276.00,278.11,270.50,274.20
2026-03-18 00:00:00,274.20,285.14,271.55,282.34
2026-03-18 04:00:00,282.33,286.35,274.83,275.90
2026-03-18 08:00:00,275.90,282.70,273.10,275.67
2026-03-18 12:00:00,275.68,281.10,274.90,279.74
2026-03-18 16:00:00,279.75,281.54,274.08,276.42
2026-03-18 20:00:00,276.41,277.44,264.02,268.12
2026-03-19 00:00:00,268.12,273.63,261.80,266.04
2026-03-19 04:00:00,266.05,272.91,264.38,272.71
2026-03-19 08:00:00,272.70,275.48,256.10,261.73
2026-03-19 12:00:00,261.74,263.59,251.73,252.08
2026-03-19 16:00:00,252.08,253.31,245.63,248.43
2026-03-19 20:00:00,248.43,250.34,242.74,245.72
2026-03-20 00:00:00,245.73,253.76,243.51,251.03
2026-03-20 04:00:00,251.03,285.36,250.57,282.67
2026-03-20 08:00:00,282.67,289.20,275.40,286.65
2026-03-20 12:00:00,286.65,310.91,286.50,302.93
2026-03-20 16:00:00,302.93,308.33,275.91,279.39
2026-03-20 20:00:00,279.39,285.66,272.73,277.73
2026-03-21 00:00:00,277.74,278.63,266.02,268.96
2026-03-21 04:00:00,268.94,277.71,262.41,269.67
2026-03-21 08:00:00,269.67,274.37,268.81,272.17
2026-03-21 12:00:00,272.17,277.86,267.79,268.90
2026-03-21 16:00:00,268.89,274.78,266.60,268.08
2026-03-21 20:00:00,268.08,280.84,268.04,277.05
2026-03-22 00:00:00,277.06,277.23,269.52,272.11
2026-03-22 04:00:00,272.10,278.24,265.00,267.97
2026-03-22 08:00:00,267.98,283.43,260.20,273.25
2026-03-22 12:00:00,273.25,280.80,273.14,275.13
2026-03-22 16:00:00,275.14,275.24,267.17,268.13
2026-03-22 20:00:00,268.14,275.94,267.50,272.03
2026-03-23 00:00:00,272.03,272.84,262.19,265.91
2026-03-23 04:00:00,265.91,267.34,261.00,261.73
2026-03-23 08:00:00,261.74,275.67,260.85,273.65
2026-03-23 12:00:00,273.64,279.83,267.00,270.17
2026-03-23 16:00:00,270.18,287.24,264.03,276.07
2026-03-23 20:00:00,276.08,293.72,274.40,279.69
2026-03-24 00:00:00,279.71,289.34,278.83,285.43
2026-03-24 04:00:00,285.43,295.86,283.51,293.07
2026-03-24 08:00:00,293.07,315.82,288.35,313.71
2026-03-24 12:00:00,313.70,320.47,301.08,318.75
2026-03-24 16:00:00,318.76,320.99,296.17,308.35
2026-03-24 20:00:00,308.34,314.87,302.63,309.56
2026-03-25 00:00:00,309.57,329.31,309.02,327.12
2026-03-25 04:00:00,327.12,338.98,322.15,336.30
2026-03-25 08:00:00,336.30,344.13,330.22,335.36
2026-03-25 12:00:00,335.36,347.98,330.30,341.35
2026-03-25 16:00:00,341.36,371.31,340.48,361.58
2026-03-25 20:00:00,361.60,369.00,344.13,362.05
2026-03-26 00:00:00,362.06,374.55,349.07,352.37
2026-03-26 04:00:00,352.37,356.00,340.21,346.75
2026-03-26 08:00:00,346.77,360.00,333.99,339.68
2026-03-26 12:00:00,339.66,346.00,334.00,340.14
2026-03-26 16:00:00,340.15,341.77,330.65,334.78
2026-03-26 20:00:00,334.78,352.08,334.14,337.70
2026-03-27 00:00:00,337.69,344.88,333.13,340.97
2026-03-27 04:00:00,340.98,348.88,332.52,337.34
2026-03-27 08:00:00,337.33,346.38,336.57,338.22
2026-03-27 12:00:00,338.22,339.90,331.06,335.82
2026-03-27 16:00:00,335.81,336.80,320.02,324.61
2026-03-27 20:00:00,324.61,336.50,313.27,329.61
2026-03-28 00:00:00,329.62,330.34,321.70,324.19
2026-03-28 04:00:00,324.19,325.60,312.58,315.99
2026-03-28 08:00:00,315.98,319.67,309.45,318.20
2026-03-28 12:00:00,318.20,325.55,313.08,322.88
2026-03-28 16:00:00,322.88,326.58,312.01,320.79
2026-03-28 20:00:00,320.80,326.99,316.12,320.96
2026-03-29 00:00:00,320.97,322.49,316.90,318.98
2026-03-29 04:00:00,318.98,321.50,313.64,315.16
2026-03-29 08:00:00,315.15,321.36,314.11,320.61
2026-03-29 12:00:00,320.60,324.69,317.37,318.81
2026-03-29 16:00:00,318.81,321.33,315.80,319.74
2026-03-29 20:00:00,319.74,323.43,312.39,315.61
2026-03-30 00:00:00,315.61,320.00,314.69,315.54
2026-03-30 04:00:00,315.55,319.92,305.00,315.38
2026-03-30 08:00:00,315.39,335.00,314.98,326.71
2026-03-30 12:00:00,326.70,332.67,315.21,318.51
2026-03-30 16:00:00,318.50,319.86,314.22,317.11
2026-03-30 20:00:00,317.11,321.84,307.58,312.84
2026-03-31 00:00:00,312.83,313.00,305.51,308.72
2026-03-31 04:00:00,308.72,314.99,306.56,311.43
2026-03-31 08:00:00,311.42,316.87,307.06,311.03
2026-03-31 12:00:00,311.02,311.87,303.00,308.28
2026-03-31 16:00:00,308.27,310.08,301.31,301.60
2026-03-31 20:00:00,301.60,310.89,301.13,301.92
2026-04-01 00:00:00,301.91,309.89,301.72,306.83
2026-04-01 04:00:00,306.83,308.54,304.78,306.02
2026-04-01 08:00:00,306.02,308.00,301.50,304.19
2026-04-01 12:00:00,304.20,317.90,303.83,313.07
2026-04-01 16:00:00,313.07,313.94,308.34,311.21
2026-04-01 20:00:00,311.20,330.00,310.67,323.72
2026-04-02 00:00:00,323.71,326.63,312.68,314.51
2026-04-02 04:00:00,314.50,314.76,305.31,307.49
2026-04-02 08:00:00,307.48,316.86,302.04,303.84
2026-04-02 12:00:00,303.84,308.18,303.14,306.67
2026-04-02 16:00:00,306.66,306.66,293.88,295.63
2026-04-02 20:00:00,295.64,305.17,292.27,299.88
2026-04-03 00:00:00,299.87,302.48,297.18,300.62
2026-04-03 04:00:00,300.63,303.29,298.15,300.04
2026-04-03 08:00:00,300.04,304.66,298.01,301.30
2026-04-03 12:00:00,301.29,309.99,301.15,305.84
2026-04-03 16:00:00,305.85,308.33,303.38,306.43
2026-04-03 20:00:00,306.44,315.78,304.18,312.00
2026-04-04 00:00:00,312.00,315.50,308.22,308.67
2026-04-04 04:00:00,308.66,311.20,305.70,308.66
2026-04-04 08:00:00,308.66,313.68,308.13,310.06
2026-04-04 12:00:00,310.06,312.43,307.06,309.12
2026-04-04 16:00:00,309.11,310.00,306.79,307.40
2026-04-04 20:00:00,307.39,309.76,302.22,303.78
2026-04-05 00:00:00,303.77,306.76,303.02,304.06
2026-04-05 04:00:00,304.06,304.72,300.29,301.03
2026-04-05 08:00:00,301.04,303.80,300.47,303.33
2026-04-05 12:00:00,303.33,304.40,296.52,298.27
2026-04-05 16:00:00,298.26,301.27,297.70,299.54
2026-04-05 20:00:00,299.53,300.54,295.10,297.65
2026-04-06 00:00:00,297.69,298.51,295.82,298.38
2026-04-06 04:00:00,298.38,310.51,297.49,310.07
2026-04-06 08:00:00,310.06,314.50,305.37,314.33
2026-04-06 12:00:00,314.30,321.39,313.42,318.22
2026-04-06 16:00:00,318.22,329.98,316.78,322.36
2026-04-06 20:00:00,322.35,326.57,319.21,321.09
2026-04-07 00:00:00,321.09,323.14,316.15,316.69
2026-04-07 04:00:00,316.70,318.30,309.50,312.84
2026-04-07 08:00:00,312.84,315.21,308.53,311.56
2026-04-07 12:00:00,311.56,313.91,309.81,311.36
2026-04-07 16:00:00,311.36,318.86,310.54,312.33
2026-04-07 20:00:00,312.31,315.06,306.71,313.61
2026-04-08 00:00:00,313.61,317.44,309.73,317.16
2026-04-08 04:00:00,317.16,345.00,316.09,335.35
2026-04-08 08:00:00,335.34,344.58,332.73,337.86
2026-04-08 12:00:00,337.87,347.85,335.74,343.74
2026-04-08 16:00:00,343.75,351.04,337.85,343.00
2026-04-08 20:00:00,343.03,348.73,333.31,336.58
2026-04-09 00:00:00,336.57,337.36,328.24,330.61
2026-04-09 04:00:00,330.60,332.22,321.90,324.73
2026-04-09 08:00:00,324.74,326.34,319.48,322.77
2026-04-09 12:00:00,322.77,324.18,317.84,322.33
2026-04-09 16:00:00,322.32,327.18,321.19,322.37
2026-04-09 20:00:00,322.36,337.45,320.20,336.34
2026-04-10 00:00:00,336.33,340.95,330.50,337.14
2026-04-10 04:00:00,337.16,340.52,299.05,304.77
2026-04-10 08:00:00,304.87,307.07,275.20,276.26
2026-04-10 12:00:00,276.26,278.85,248.68,262.61
2026-04-10 16:00:00,262.62,273.81,258.94,263.46
2026-04-10 20:00:00,263.46,273.39,258.85,268.09
2026-04-11 00:00:00,268.08,272.20,263.38,265.28
2026-04-11 04:00:00,265.27,266.00,255.23,257.58
2026-04-11 08:00:00,257.57,267.42,252.96,262.46
2026-04-11 12:00:00,262.47,265.49,258.65,260.69
2026-04-11 16:00:00,260.70,268.06,258.64,266.70
2026-04-11 20:00:00,266.70,267.93,261.81,263.47
2026-04-12 00:00:00,263.46,273.25,262.27,271.58
2026-04-12 04:00:00,271.59,281.19,268.14,273.49
2026-04-12 08:00:00,273.48,275.31,260.36,262.73
2026-04-12 12:00:00,262.73,263.61,260.12,261.09
2026-04-12 16:00:00,261.09,267.56,260.81,264.46
2026-04-12 20:00:00,264.45,264.57,256.72,257.96
2026-04-13 00:00:00,257.96,263.31,256.72,261.47
2026-04-13 04:00:00,261.46,263.79,257.65,259.08
2026-04-13 08:00:00,259.09,266.42,258.01,259.66
2026-04-13 12:00:00,259.66,262.20,257.50,258.39
2026-04-13 16:00:00,258.39,261.73,257.12,261.21
2026-04-13 20:00:00,261.21,264.09,253.60,254.03
2026-04-14 00:00:00,254.02,258.66,249.65,257.66
2026-04-14 04:00:00,257.65,263.67,253.13,260.70
2026-04-14 08:00:00,260.69,260.97,253.69,256.38
2026-04-14 12:00:00,256.37,257.50,251.11,252.27
2026-04-14 16:00:00,252.26,253.40,247.02,249.68
2026-04-14 20:00:00,249.68,253.58,246.40,247.43
2026-04-15 00:00:00,247.42,248.19,237.27,239.86
2026-04-15 04:00:00,239.85,242.46,238.15,239.17
2026-04-15 08:00:00,239.17,249.00,236.45,246.63
2026-04-15 12:00:00,246.63,248.11,242.49,243.05
2026-04-15 16:00:00,243.06,249.65,242.88,247.61
2026-04-15 20:00:00,247.61,250.49,244.10,246.22
2026-04-16 00:00:00,246.21,247.98,243.32,245.31
2026-04-16 04:00:00,245.31,245.37,239.68,241.36
2026-04-16 08:00:00,241.37,244.73,238.81,244.01
2026-04-16 12:00:00,244.00,245.44,240.73,242.15
2026-04-16 16:00:00,242.15,242.39,237.38,239.12
2026-04-16 20:00:00,239.12,244.43,233.89,241.34
2026-04-17 00:00:00,241.33,243.80,235.45,243.54
2026-04-17 04:00:00,243.55,253.07,242.55,252.62
2026-04-17 08:00:00,252.61,257.72,249.46,252.98
2026-04-17 12:00:00,252.99,253.96,244.10,246.05
2026-04-17 16:00:00,246.04,254.71,245.54,254.71
2026-04-17 20:00:00,254.70,262.65,251.02,261.44
2026-04-18 00:00:00,261.41,267.13,256.94,261.56
2026-04-18 04:00:00,261.57,263.16,256.00,257.21
2026-04-18 08:00:00,257.20,259.22,251.56,253.36
2026-04-18 12:00:00,253.36,257.44,251.85,254.99
2026-04-18 16:00:00,255.00,255.30,245.56,248.12
2026-04-18 20:00:00,248.12,251.50,247.17,247.88
2026-04-19 00:00:00,247.89,248.64,243.85,245.24
2026-04-19 04:00:00,245.23,248.40,242.09,243.11
2026-04-19 08:00:00,243.12,243.31,239.66,241.14
2026-04-19 12:00:00,241.13,244.50,239.68,243.95
2026-04-19 16:00:00,243.94,249.59,242.83,248.96
2026-04-19 20:00:00,248.97,250.32,243.75,246.00
2026-04-20 00:00:00,246.01,246.64,237.71,240.63
2026-04-20 04:00:00,240.63,244.08,237.33,239.55
2026-04-20 08:00:00,239.56,244.00,239.28,242.46
2026-04-20 12:00:00,242.46,246.09,239.40,243.13
2026-04-20 16:00:00,243.10,245.50,242.30,243.41
2026-04-20 20:00:00,243.41,245.24,239.82,245.08
2026-04-21 00:00:00,245.08,249.35,244.41,247.42
2026-04-21 04:00:00,247.41,248.59,243.53,244.05
2026-04-21 08:00:00,244.04,246.53,243.17,244.60
2026-04-21 12:00:00,244.61,247.19,243.43,246.47
2026-04-21 16:00:00,246.47,249.73,246.37,247.78
2026-04-21 20:00:00,247.77,248.11,242.00,244.58
2026-04-22 00:00:00,244.58,245.06,240.02,240.72
2026-04-22 04:00:00,240.73,245.29,240.31,244.93
2026-04-22 08:00:00,244.96,247.00,241.49,245.73
2026-04-22 12:00:00,245.74,249.48,245.68,248.14
2026-04-22 16:00:00,248.14,249.60,245.08,246.28
2026-04-22 20:00:00,246.29,248.56,243.30,243.58
2026-04-23 00:00:00,243.58,249.00,243.27,245.77
2026-04-23 04:00:00,245.77,249.18,244.36,245.50
2026-04-23 08:00:00,245.51,246.49,240.71,242.41
2026-04-23 12:00:00,242.40,243.70,240.88,241.73
2026-04-23 16:00:00,241.72,243.64,240.51,243.13
2026-04-23 20:00:00,243.13,245.89,242.10,244.02
2026-04-24 00:00:00,244.02,246.76,240.77,244.70
2026-04-24 04:00:00,244.70,253.44,244.64,252.59
2026-04-24 08:00:00,252.59,254.85,244.23,244.94
2026-04-24 12:00:00,244.94,247.65,243.23,245.38
2026-04-24 16:00:00,245.39,248.72,243.96,248.19
2026-04-24 20:00:00,248.20,249.04,244.34,247.46
2026-04-25 00:00:00,247.47,251.23,246.13,250.88
2026-04-25 04:00:00,250.89,252.62,247.60,248.63
2026-04-25 08:00:00,248.63,250.33,246.77,249.68
2026-04-25 12:00:00,249.69,252.15,247.06,249.34
2026-04-25 16:00:00,249.33,251.77,249.20,251.20
2026-04-25 20:00:00,251.21,253.26,247.55,248.39
2026-04-26 00:00:00,248.40,249.54,245.20,245.63
2026-04-26 04:00:00,245.63,247.56,244.78,247.49
2026-04-26 08:00:00,247.49,247.49,244.50,245.48
2026-04-26 12:00:00,245.47,248.06,244.88,247.20
2026-04-26 16:00:00,247.21,248.30,245.79,247.69
2026-04-26 20:00:00,247.69,249.01,245.25,248.94
2026-04-27 00:00:00,248.94,252.22,247.38,251.54
2026-04-27 04:00:00,251.54,252.49,248.23,251.09
2026-04-27 08:00:00,251.10,255.97,251.05,255.13
2026-04-27 12:00:00,255.14,256.96,247.41,247.98
2026-04-27 16:00:00,247.96,251.00,247.15,249.66
2026-04-27 20:00:00,249.66,251.66,244.06,245.78
2026-04-28 00:00:00,245.78,247.88,244.10,245.87
2026-04-28 04:00:00,245.87,248.22,245.14,248.00
2026-04-28 08:00:00,248.00,249.96,245.90,247.83
2026-04-28 12:00:00,247.83,249.60,246.45,248.94
2026-04-28 16:00:00,248.94,250.70,247.60,250.30
2026-04-28 20:00:00,250.29,256.51,248.42,256.19
2026-04-29 00:00:00,256.17,260.17,253.81,257.05
2026-04-29 04:00:00,257.05,258.81,255.50,258.13
2026-04-29 08:00:00,258.14,264.88,256.88,264.44
2026-04-29 12:00:00,264.44,266.36,260.45,260.76
2026-04-29 16:00:00,260.76,263.17,258.00,258.35
2026-04-29 20:00:00,258.34,258.86,250.07,252.01
2026-04-30 00:00:00,252.02,252.44,248.09,251.77
2026-04-30 04:00:00,251.77,257.77,251.67,253.90
2026-04-30 08:00:00,253.91,254.21,249.47,250.31
2026-04-30 12:00:00,250.31,251.31,248.63,250.18
2026-04-30 16:00:00,250.17,250.88,248.60,250.12
2026-04-30 20:00:00,250.13,251.61,246.50,249.96
2026-05-01 00:00:00,249.97,250.53,248.42,249.18
2026-05-01 04:00:00,249.18,250.62,247.78,248.95
2026-05-01 08:00:00,248.96,253.83,248.96,253.37
2026-05-01 12:00:00,253.37,255.80,252.04,255.10
2026-05-01 16:00:00,255.10,265.15,254.61,261.88
2026-05-01 20:00:00,261.88,272.61,260.94,271.92
2026-05-02 00:00:00,271.91,275.42,269.22,272.85
2026-05-02 04:00:00,272.86,274.12,267.85,270.68
2026-05-02 08:00:00,270.68,273.63,268.88,273.50
2026-05-02 12:00:00,273.49,278.50,270.75,273.60
2026-05-02 16:00:00,273.60,275.41,272.07,273.99
2026-05-02 20:00:00,274.00,277.75,273.00,277.53
2026-05-03 00:00:00,277.53,290.69,275.53,290.01
2026-05-03 04:00:00,290.00,291.99,285.33,286.89
2026-05-03 08:00:00,286.90,287.32,280.99,285.21
2026-05-03 12:00:00,285.21,292.25,284.81,290.44
2026-05-03 16:00:00,290.44,290.88,282.50,287.95
2026-05-03 20:00:00,287.95,291.22,285.47,289.47
2026-05-04 00:00:00,289.48,291.55,287.71,290.85
2026-05-04 04:00:00,290.85,295.87,288.23,289.22
2026-05-04 08:00:00,289.22,294.79,286.14,293.26
2026-05-04 12:00:00,293.25,295.11,285.53,289.52
2026-05-04 16:00:00,289.51,292.96,280.40,282.89
2026-05-04 20:00:00,282.88,286.65,276.30,279.27
2026-05-05 00:00:00,279.27,284.56,277.37,282.19
2026-05-05 04:00:00,282.20,287.76,280.74,284.70
2026-05-05 08:00:00,284.71,290.34,283.13,286.23
2026-05-05 12:00:00,286.23,287.08,283.28,284.51
2026-05-05 16:00:00,284.50,288.40,282.10,287.70
2026-05-05 20:00:00,287.69,288.72,282.26,283.17
2026-05-06 00:00:00,283.17,286.61,280.58,286.06
2026-05-06 04:00:00,286.05,305.00,285.19,292.31
2026-05-06 08:00:00,292.32,296.87,283.34,286.43
2026-05-06 12:00:00,286.42,294.68,284.81,292.29
2026-05-06 16:00:00,292.28,312.85,291.45,312.69
2026-05-06 20:00:00,312.68,323.70,302.02,318.00
2026-05-07 00:00:00,317.99,320.76,310.23,312.80
2026-05-07 04:00:00,312.81,315.88,304.42,308.89
2026-05-07 08:00:00,308.89,310.66,303.28,306.28
2026-05-07 12:00:00,306.26,313.48,305.11,311.50
2026-05-07 16:00:00,311.49,315.31,304.79,313.24
2026-05-07 20:00:00,313.23,315.57,304.16,304.69
2026-05-08 00:00:00,304.69,311.83,302.15,305.12
2026-05-08 04:00:00,305.12,307.23,296.01,302.19
2026-05-08 08:00:00,302.20,304.19,298.57,302.28
2026-05-08 12:00:00,302.28,305.32,299.68,303.15
2026-05-08 16:00:00,303.15,313.34,302.91,308.40
2026-05-08 20:00:00,308.38,314.28,304.42,310.92
2026-05-09 00:00:00,310.93,317.67,309.42,312.95
2026-05-09 04:00:00,312.95,318.32,311.75,316.36
2026-05-09 08:00:00,316.36,317.64,310.59,311.94
2026-05-09 12:00:00,311.93,314.46,309.12,312.87
2026-05-09 16:00:00,312.91,314.20,307.61,309.43
2026-05-09 20:00:00,309.43,310.55,305.11,306.51
2026-05-10 00:00:00,306.52,311.71,305.73,310.70
2026-05-10 04:00:00,310.70,311.20,307.34,307.69
2026-05-10 08:00:00,307.70,314.62,306.18,313.36
2026-05-10 12:00:00,313.37,314.19,308.70,313.31
2026-05-10 16:00:00,313.31,316.29,310.55,314.15
2026-05-10 20:00:00,314.14,329.44,312.73,318.22
2026-05-11 00:00:00,318.21,333.16,317.54,329.10
2026-05-11 04:00:00,329.10,330.94,311.31,320.24
2026-05-11 08:00:00,320.24,325.00,312.77,317.86
2026-05-11 12:00:00,317.85,323.62,316.41,319.42
2026-05-11 16:00:00,319.41,326.97,316.76,322.10
2026-05-11 20:00:00,322.09,328.25,316.16,324.18
2026-05-12 00:00:00,324.18,327.96,318.96,326.06
2026-05-12 04:00:00,326.05,328.82,318.04,320.43
2026-05-12 08:00:00,320.44,321.32,315.39,316.96
2026-05-12 12:00:00,316.95,322.88,316.15,319.56
2026-05-12 16:00:00,319.57,320.09,310.20,311.55
2026-05-12 20:00:00,311.55,314.07,305.40,306.30
2026-05-13 00:00:00,306.31,309.83,304.27,309.35
2026-05-13 04:00:00,309.36,312.52,308.08,309.26
2026-05-13 08:00:00,309.26,313.96,308.83,312.66
2026-05-13 12:00:00,312.67,312.91,301.00,305.63
2026-05-13 16:00:00,305.63,308.17,302.00,303.22
2026-05-13 20:00:00,303.22,303.90,290.42,291.30
2026-05-14 00:00:00,291.31,295.33,291.20,293.24
2026-05-14 04:00:00,293.24,297.34,293.00,294.61
2026-05-14 08:00:00,294.61,298.14,292.11,293.15
2026-05-14 12:00:00,293.15,296.54,292.64,295.50
2026-05-14 16:00:00,295.50,298.24,293.92,296.01
2026-05-14 20:00:00,296.01,307.18,295.77,305.41
2026-05-15 00:00:00,305.41,308.57,303.60,305.19
2026-05-15 04:00:00,305.19,309.23,302.25,304.54
2026-05-15 08:00:00,304.54,308.33,302.86,304.27
2026-05-15 12:00:00,304.26,305.91,299.50,303.08
2026-05-15 16:00:00,303.09,303.16,298.14,300.09
2026-05-15 20:00:00,300.09,300.34,285.33,286.27
2026-05-16 00:00:00,286.26,289.70,284.44,287.21
2026-05-16 04:00:00,287.22,287.78,284.15,285.17
2026-05-16 08:00:00,285.18,286.42,281.23,282.45
2026-05-16 12:00:00,282.46,282.84,267.66,271.17
2026-05-16 16:00:00,271.16,274.22,269.33,271.88
2026-05-16 20:00:00,271.88,273.97,270.29,273.08
2026-05-17 00:00:00,273.07,276.40,272.63,275.54
2026-05-17 04:00:00,275.56,275.92,272.79,273.36
2026-05-17 08:00:00,273.37,273.95,265.78,268.15
2026-05-17 12:00:00,268.13,274.90,267.63,272.25
2026-05-17 16:00:00,272.25,274.08,269.04,273.62
2026-05-17 20:00:00,273.61,275.00,269.50,271.12
2026-05-18 00:00:00,271.12,271.70,267.53,269.37
2026-05-18 04:00:00,269.37,269.89,257.01,263.08
2026-05-18 08:00:00,263.07,264.65,258.53,260.59
2026-05-18 12:00:00,260.59,261.27,256.20,256.29
2026-05-18 16:00:00,256.30,260.45,255.60,258.30
2026-05-18 20:00:00,258.31,261.80,255.15,257.49
2026-05-19 00:00:00,257.50,259.43,253.74,258.75
2026-05-19 04:00:00,258.76,264.95,258.66,261.37
2026-05-19 08:00:00,261.38,264.08,259.67,261.65
2026-05-19 12:00:00,261.66,264.52,259.82,263.33
2026-05-19 16:00:00,263.34,263.51,257.21,258.16
2026-05-19 20:00:00,258.16,261.42,255.03,257.21
2026-05-20 00:00:00,257.22,259.70,255.89,258.14
2026-05-20 04:00:00,258.14,260.09,256.39,257.06
2026-05-20 08:00:00,257.05,258.35,255.53,257.07
2026-05-20 12:00:00,257.07,262.94,256.10,261.14
2026-05-20 16:00:00,261.14,264.00,260.86,262.20
2026-05-20 20:00:00,262.20,274.48,261.85,273.87
2026-05-21 00:00:00,273.86,276.33,268.10,274.72
2026-05-21 04:00:00,274.71,275.81,269.71,272.06
2026-05-21 08:00:00,272.05,277.90,271.36,277.52
2026-05-21 12:00:00,277.52,283.39,275.92,282.64
2026-05-21 16:00:00,282.64,289.11,278.23,279.50
2026-05-21 20:00:00,279.50,281.24,274.31,277.88
2026-05-22 00:00:00,277.88,287.61,277.06,282.78
2026-05-22 04:00:00,282.79,285.27,279.16,279.76
2026-05-22 08:00:00,279.75,281.53,276.10,280.29
2026-05-22 12:00:00,280.30,284.80,279.16,283.13
2026-05-22 16:00:00,283.13,292.17,280.55,291.79
2026-05-22 20:00:00,291.80,294.00,279.36,280.91
2026-05-23 00:00:00,280.91,285.28,269.02,272.13
2026-05-23 04:00:00,272.12,274.65,262.58,265.00
2026-05-23 08:00:00,265.01,266.49,262.11,265.91
2026-05-23 12:00:00,265.91,266.26,252.69,257.57
2026-05-23 16:00:00,257.56,261.48,255.33,260.59
2026-05-23 20:00:00,260.58,272.55,258.44,271.41
2026-05-24 00:00:00,271.39,276.61,267.44,275.94
2026-05-24 04:00:00,275.94,288.08,274.84,279.52
2026-05-24 08:00:00,279.53,281.90,277.12,278.59
2026-05-24 12:00:00,278.60,281.83,275.81,279.62
2026-05-24 16:00:00,279.62,282.74,277.90,280.28
2026-05-24 20:00:00,280.29,280.37,269.45,275.42
2026-05-25 00:00:00,275.44,278.98,274.17,274.88
2026-05-25 04:00:00,274.89,276.14,268.18,274.70
2026-05-25 08:00:00,274.72,275.79,271.00,271.07
2026-05-25 12:00:00,271.07,278.38,271.02,276.62
2026-05-25 16:00:00,276.62,280.71,275.76,277.93
2026-05-25 20:00:00,277.88,280.62,276.04,278.27
2026-05-26 00:00:00,278.28,285.86,275.21,282.96
2026-05-26 04:00:00,282.95,285.97,278.00,279.51
2026-05-26 08:00:00,279.46,281.18,273.43,276.98
2026-05-26 12:00:00,276.97,288.87,276.60,281.35
2026-05-26 16:00:00,281.36,290.54,281.03,287.10
2026-05-26 20:00:00,287.10,291.36,280.67,285.43
2026-05-27 00:00:00,285.42,289.66,278.43,281.39
2026-05-27 04:00:00,281.40,282.32,277.67,278.20
2026-05-27 08:00:00,278.19,286.58,273.99,274.59
2026-05-27 12:00:00,274.60,277.12,270.00,275.57
2026-05-27 16:00:00,275.57,278.33,273.01,276.71
2026-05-27 20:00:00,276.71,281.35,271.44,277.93
2026-05-28 00:00:00,277.93,279.68,267.27,273.38
2026-05-28 04:00:00,273.39,274.70,265.01,266.68
2026-05-28 08:00:00,266.68,267.48,257.80,258.61
2026-05-28 12:00:00,258.60,260.80,254.74,259.70
2026-05-28 16:00:00,259.71,262.81,257.82,257.88
2026-05-28 20:00:00,257.88,261.11,253.44,255.86
2026-05-29 00:00:00,255.86,264.24,254.11,262.59
2026-05-29 04:00:00,262.58,264.74,259.07,261.03
2026-05-29 08:00:00,261.01,263.45,256.10,256.86
2026-05-29 12:00:00,256.86,260.94,253.45,258.18
2026-05-29 16:00:00,258.18,260.00,254.36,255.81
2026-05-29 20:00:00,255.80,260.31,246.44,258.05
2026-05-30 00:00:00,258.10,259.62,247.07,249.16
2026-05-30 04:00:00,249.15,251.12,245.37,250.15
2026-05-30 08:00:00,250.15,253.96,249.78,250.02
2026-05-30 12:00:00,250.02,252.67,246.56,249.42
2026-05-30 16:00:00,249.42,254.16,249.26,252.14
2026-05-30 20:00:00,252.13,256.33,251.30,254.39
2026-05-31 00:00:00,254.39,255.29,252.31,253.36
2026-05-31 04:00:00,253.37,257.55,253.01,254.47
2026-05-31 08:00:00,254.48,260.19,254.04,259.53
2026-05-31 12:00:00,259.53,260.30,255.70,256.46
2026-05-31 16:00:00,256.47,260.20,255.91,258.59
2026-05-31 20:00:00,258.59,259.54,252.23,253.26
2026-06-01 00:00:00,253.25,254.01,249.67,252.54
2026-06-01 04:00:00,252.54,258.50,252.54,255.60
2026-06-01 08:00:00,255.60,258.90,250.60,256.80
2026-06-01 12:00:00,256.79,257.77,248.38,248.97
2026-06-01 16:00:00,248.98,252.39,248.30,250.94
2026-06-01 20:00:00,250.94,251.50,244.06,247.63
2026-06-02 00:00:00,247.64,257.01,245.39,256.64
2026-06-02 04:00:00,256.64,256.96,249.57,252.87
2026-06-02 08:00:00,252.86,254.05,244.80,253.43
2026-06-02 12:00:00,253.44,255.12,248.30,249.13
2026-06-02 16:00:00,249.13,250.58,245.49,247.82
2026-06-02 20:00:00,247.82,250.31,235.59,239.18
2026-06-03 00:00:00,239.17,245.48,231.84,236.60
2026-06-03 04:00:00,236.61,239.92,222.13,225.91
2026-06-03 08:00:00,225.92,229.71,219.84,221.34
2026-06-03 12:00:00,221.33,236.39,221.20,235.35
2026-06-03 16:00:00,235.34,235.54,230.61,231.02
2026-06-03 20:00:00,231.02,233.69,227.03,228.49
2026-06-04 00:00:00,228.49,230.35,224.00,224.64
2026-06-04 04:00:00,224.63,231.52,221.51,226.28
2026-06-04 08:00:00,226.28,229.60,203.66,223.55
2026-06-04 12:00:00,223.56,225.35,215.23,215.38
2026-06-04 16:00:00,215.38,219.12,210.17,213.84
2026-06-04 20:00:00,213.85,219.97,211.68,218.73
2026-06-05 00:00:00,218.74,220.60,214.35,216.11
2026-06-05 04:00:00,216.10,216.27,205.70,211.66
2026-06-05 08:00:00,211.65,212.84,203.10,203.52
2026-06-05 12:00:00,203.53,208.36,192.89,202.69
2026-06-05 16:00:00,202.69,203.12,196.26,196.47
2026-06-05 20:00:00,196.46,201.62,190.95,193.78
2026-06-06 00:00:00,193.77,201.08,186.36,193.09
2026-06-06 04:00:00,193.09,199.14,191.24,194.94
2026-06-06 08:00:00,194.93,198.43,191.10,191.71
2026-06-06 12:00:00,191.70,195.87,183.16,194.09
2026-06-06 16:00:00,194.09,197.82,190.12,194.32
2026-06-06 20:00:00,194.32,198.54,192.89,195.56
2026-06-07 00:00:00,195.55,197.20,193.16,193.99
2026-06-07 04:00:00,193.98,195.06,191.89,193.62
2026-06-07 08:00:00,193.63,204.19,192.69,202.92
2026-06-07 12:00:00,202.91,211.58,201.07,210.91
2026-06-07 16:00:00,210.90,214.75,207.41,209.60
2026-06-07 20:00:00,209.60,212.70,205.09,211.35
2026-06-08 00:00:00,211.35,211.61,203.42,204.37
2026-06-08 04:00:00,204.36,220.13,203.78,213.97
2026-06-08 08:00:00,213.97,217.26,210.29,211.44
2026-06-08 12:00:00,211.45,211.75,206.62,211.11
2026-06-08 16:00:00,211.11,213.74,208.28,212.60
2026-06-08 20:00:00,212.62,217.50,210.41,215.88
2026-06-09 00:00:00,215.88,219.62,214.66,217.91
2026-06-09 04:00:00,217.92,218.76,214.41,215.27
2026-06-09 08:00:00,215.27,216.03,209.70,212.18
2026-06-09 12:00:00,212.19,218.78,211.53,217.20
2026-06-09 16:00:00,217.21,217.40,212.87,215.52
2026-06-09 20:00:00,215.51,217.08,208.13,208.16
2026-06-10 00:00:00,208.15,211.19,204.63,210.13
2026-06-10 04:00:00,210.13,211.80,204.78,206.02
2026-06-10 08:00:00,206.02,211.07,204.94,206.98
2026-06-10 12:00:00,207.00,208.46,203.43,206.56
2026-06-10 16:00:00,206.57,207.43,202.59,203.70
2026-06-10 20:00:00,203.71,214.34,203.10,209.96
2026-06-11 00:00:00,209.99,210.59,201.19,202.13
2026-06-11 04:00:00,202.13,203.19,197.49,200.69
2026-06-11 08:00:00,200.70,211.03,200.56,208.98
2026-06-11 12:00:00,208.99,209.88,206.89,208.75
2026-06-11 16:00:00,208.75,210.85,207.50,209.52
2026-06-11 20:00:00,209.53,209.62,205.81,208.26
2026-06-12 00:00:00,208.26,214.03,204.92,213.61
2026-06-12 04:00:00,213.61,218.03,212.23,213.70
2026-06-12 08:00:00,213.69,214.83,210.85,214.05
2026-06-12 12:00:00,214.05,215.30,208.29,211.07
2026-06-12 16:00:00,211.06,215.27,210.86,213.19
2026-06-12 20:00:00,213.19,217.86,210.40,212.22
2026-06-13 00:00:00,212.21,214.91,211.60,212.11
2026-06-13 04:00:00,212.11,213.62,210.77,212.10
2026-06-13 08:00:00,212.10,217.46,211.85,217.15
2026-06-13 12:00:00,217.15,236.76,213.37,234.51
2026-06-13 16:00:00,234.51,249.43,232.12,245.86
2026-06-13 20:00:00,245.89,269.27,244.74,262.67
2026-06-14 00:00:00,262.68,277.21,250.64,251.31
2026-06-14 04:00:00,251.32,266.60,250.23,262.76
2026-06-14 08:00:00,262.76,276.67,261.26,275.44
2026-06-14 12:00:00,275.44,282.06,267.52,269.39
2026-06-14 16:00:00,269.39,276.71,264.63,270.23
2026-06-14 20:00:00,270.24,270.61,256.80,262.63
2026-06-15 00:00:00,262.62,268.48,259.33,263.96
2026-06-15 04:00:00,263.96,276.38,261.57,270.84
2026-06-15 08:00:00,270.85,285.00,266.70,275.89
2026-06-15 12:00:00,275.89,289.37,271.69,279.83
2026-06-15 16:00:00,279.84,292.00,259.19,278.98
2026-06-15 20:00:00,278.98,284.98,270.01,273.79
2026-06-16 00:00:00,273.78,275.71,268.54,269.33
2026-06-16 04:00:00,269.31,271.25,261.23,266.25
2026-06-16 08:00:00,266.26,268.11,258.51,262.75
2026-06-16 12:00:00,262.76,269.64,259.15,269.11
2026-06-16 16:00:00,269.11,270.90,263.04,263.75
2026-06-16 20:00:00,263.75,267.18,251.83,253.38
2026-06-17 00:00:00,253.37,256.79,249.05,252.45
2026-06-17 04:00:00,252.45,258.88,252.17,257.32
2026-06-17 08:00:00,257.33,263.15,256.30,257.34
2026-06-17 12:00:00,257.34,260.74,252.49,254.99
2026-06-17 16:00:00,254.99,255.35,249.73,252.66
2026-06-17 20:00:00,252.67,259.58,249.07,259.12
2026-06-18 00:00:00,259.12,260.43,245.54,246.37
2026-06-18 04:00:00,246.38,248.33,241.74,246.31
2026-06-18 08:00:00,246.32,248.80,244.91,245.85
2026-06-18 12:00:00,245.84,246.11,239.34,242.67
2026-06-18 16:00:00,242.67,243.80,237.74,239.13
2026-06-18 20:00:00,239.14,241.87,232.21,233.11
2026-06-19 00:00:00,233.09,236.24,230.06,235.15
2026-06-19 04:00:00,235.15,238.50,233.53,235.90
2026-06-19 08:00:00,235.91,236.10,228.61,229.75
2026-06-19 12:00:00,229.75,231.37,226.21,227.49
2026-06-19 16:00:00,227.52,228.64,224.60,225.60
2026-06-19 20:00:00,225.57,230.24,223.13,224.24
2026-06-20 00:00:00,224.24,227.41,221.98,223.46
2026-06-20 04:00:00,223.47,229.75,222.45,228.61
2026-06-20 08:00:00,228.61,229.61,226.16,227.76
2026-06-20 12:00:00,227.77,234.83,227.47,231.27
2026-06-20 16:00:00,231.27,232.46,228.74,229.98
2026-06-20 20:00:00,229.97,234.50,227.18,233.51
2026-06-21 00:00:00,233.51,233.65,226.00,228.43
2026-06-21 04:00:00,228.43,233.57,228.31,231.45
2026-06-21 08:00:00,231.45,238.50,229.16,237.45
2026-06-21 12:00:00,237.45,241.99,234.59,236.06
2026-06-21 16:00:00,236.06,237.85,233.00,233.92
2026-06-21 20:00:00,233.91,237.55,231.63,236.45
2026-06-22 00:00:00,236.42,239.72,233.19,238.52
2026-06-22 04:00:00,238.52,238.60,227.82,228.67
2026-06-22 08:00:00,228.67,236.25,228.09,228.48
2026-06-22 12:00:00,228.48,233.28,227.49,231.86
2026-06-22 16:00:00,231.86,235.34,230.86,234.24
2026-06-22 20:00:00,234.25,235.99,228.74,228.99
2026-06-23 00:00:00,229.00,232.02,227.61,230.80
2026-06-23 04:00:00,230.82,233.09,226.86,227.87
2026-06-23 08:00:00,227.87,229.07,223.84,225.21
2026-06-23 12:00:00,225.22,226.70,218.80,222.48
2026-06-23 16:00:00,222.49,222.89,216.05,221.16
2026-06-23 20:00:00,221.17,221.42,214.05,215.92
2026-06-24 00:00:00,215.92,219.50,214.84,218.16
2026-06-24 04:00:00,218.17,221.25,217.77,220.46
2026-06-24 08:00:00,220.47,222.90,218.16,220.01
2026-06-24 12:00:00,220.01,226.00,217.90,221.06
2026-06-24 16:00:00,221.07,223.30,218.55,221.86
2026-06-24 20:00:00,221.86,222.11,214.73,215.54
2026-06-25 00:00:00,215.54,216.72,205.75,213.72
2026-06-25 04:00:00,213.72,220.16,213.32,219.30
2026-06-25 08:00:00,219.30,221.13,218.24,218.89
2026-06-25 12:00:00,218.88,223.50,217.23,222.59
2026-06-25 16:00:00,222.59,223.61,216.72,217.95
2026-06-25 20:00:00,217.96,219.17,204.25,212.75
2026-06-26 00:00:00,212.76,214.78,208.13,210.03
2026-06-26 04:00:00,210.02,213.93,209.11,212.42
2026-06-26 08:00:00,212.43,213.01,204.70,211.08
2026-06-26 12:00:00,211.08,217.36,209.95,216.52
2026-06-26 16:00:00,216.51,216.90,208.33,208.84
2026-06-26 20:00:00,208.80,214.65,206.70,213.46
2026-06-27 00:00:00,213.45,216.91,212.59,212.84
2026-06-27 04:00:00,212.87,215.46,211.82,214.36
2026-06-27 08:00:00,214.37,214.78,212.07,213.32
2026-06-27 12:00:00,213.33,214.86,212.30,214.32
2026-06-27 16:00:00,214.32,214.38,211.27,212.20
2026-06-27 20:00:00,212.19,215.41,211.47,214.53
2026-06-28 00:00:00,214.52,214.63,208.88,209.16
2026-06-28 04:00:00,209.16,210.92,207.06,208.92
2026-06-28 08:00:00,208.92,210.50,207.98,208.98
2026-06-28 12:00:00,208.99,209.04,206.80,208.35
2026-06-28 16:00:00,208.35,210.78,207.14,208.48
2026-06-28 20:00:00,208.47,209.33,206.90,208.36
2026-06-29 00:00:00,208.37,208.69,202.42,204.27
2026-06-29 04:00:00,204.26,206.49,202.01,205.13
2026-06-29 08:00:00,205.13,209.11,203.59,207.88
2026-06-29 12:00:00,207.88,208.25,204.16,206.41
2026-06-29 16:00:00,206.40,206.98,204.50,205.30
2026-06-29 20:00:00,205.29,208.75,201.09,203.71
2026-06-30 00:00:00,203.72,210.67,203.15,208.96
2026-06-30 04:00:00,208.96,209.17,206.87,208.35
2026-06-30 08:00:00,208.35,209.10,204.54,205.86
2026-06-30 12:00:00,205.87,207.07,205.01,206.16
2026-06-30 16:00:00,206.15,206.23,202.45,203.34
2026-06-30 20:00:00,203.34,205.74,200.56,202.50
2026-07-01 00:00:00,202.50,204.90,201.87,202.72
2026-07-01 04:00:00,202.71,202.72,199.42,201.99
2026-07-01 08:00:00,201.99,203.45,196.41,203.04
2026-07-01 12:00:00,203.04,204.82,196.36,197.29
2026-07-01 16:00:00,197.28,199.10,195.80,197.08
2026-07-01 20:00:00,197.07,206.16,195.49,205.04
2026-07-02 00:00:00,205.05,206.31,202.64,203.67
2026-07-02 04:00:00,203.68,209.61,202.01,202.64
2026-07-02 08:00:00,202.65,208.56,201.53,208.09
2026-07-02 12:00:00,208.10,208.38,202.60,203.91
2026-07-02 16:00:00,203.91,213.42,203.67,212.37
2026-07-02 20:00:00,212.36,219.36,210.64,212.00
2026-07-03 00:00:00,212.00,213.64,209.40,210.18
2026-07-03 04:00:00,210.18,210.97,207.72,209.24
2026-07-03 08:00:00,209.23,214.55,208.07,212.54
2026-07-03 12:00:00,212.55,215.06,210.69,213.37
2026-07-03 16:00:00,213.38,217.30,212.86,216.43
2026-07-03 20:00:00,216.44,217.97,213.74,215.03
2026-07-04 00:00:00,215.02,215.89,213.82,214.61
2026-07-04 04:00:00,214.60,217.51,214.21,215.10
2026-07-04 08:00:00,215.09,216.68,213.00,213.82
2026-07-04 12:00:00,213.82,215.73,212.54,213.56
2026-07-04 16:00:00,213.56,214.19,211.29,212.25
2026-07-04 20:00:00,212.25,215.93,211.97,214.90
2026-07-05 00:00:00,214.90,219.23,214.40,217.07
2026-07-05 04:00:00,217.07,218.18,215.46,216.61
2026-07-05 08:00:00,216.61,216.99,211.44,211.93
2026-07-05 12:00:00,211.92,213.72,211.55,213.41
2026-07-05 16:00:00,213.41,213.81,208.50,210.96
2026-07-05 20:00:00,210.95,214.30,210.34,212.29
2026-07-06 00:00:00,212.29,213.10,210.86,212.89
2026-07-06 04:00:00,212.89,216.96,212.43,215.15
2026-07-06 08:00:00,215.12,218.49,213.37,214.89
2026-07-06 12:00:00,214.89,215.17,211.00,212.74
2026-07-06 16:00:00,212.74,213.52,210.20,210.51
2026-07-06 20:00:00,210.51,212.85,206.07,212.39
2026-07-07 00:00:00,212.39,216.49,211.51,215.19
2026-07-07 04:00:00,215.18,219.13,214.26,214.63
2026-07-07 08:00:00,214.64,216.64,210.24,210.61
2026-07-07 12:00:00,210.61,214.83,208.79,212.60
2026-07-07 16:00:00,212.61,215.94,211.36,215.30
2026-07-07 20:00:00,215.29,217.52,209.78,215.53
2026-07-08 00:00:00,215.53,217.35,211.05,213.71
2026-07-08 04:00:00,213.72,215.13,210.41,211.25
2026-07-08 08:00:00,211.17,213.36,205.30,208.07
2026-07-08 12:00:00,208.07,209.23,207.00,207.78
2026-07-08 16:00:00,207.78,208.19,203.33,205.91
2026-07-08 20:00:00,205.92,205.96,200.25,202.02
2026-07-09 00:00:00,202.02,205.64,201.57,204.33
2026-07-09 04:00:00,204.34,204.79,201.64,204.72
2026-07-09 08:00:00,204.71,205.76,201.02,202.82
2026-07-09 12:00:00,202.82,207.42,202.60,206.28
2026-07-09 16:00:00,206.32,207.49,204.48,205.72
2026-07-09 20:00:00,205.72,208.37,205.21,206.90
2026-07-10 00:00:00,206.89,210.33,205.73,208.48
2026-07-10 04:00:00,208.49,215.17,207.53,213.89
2026-07-10 08:00:00,213.90,216.28,210.62,214.84
2026-07-10 12:00:00,214.85,215.45,211.00,211.12
2026-07-10 16:00:00,211.12,214.96,210.87,213.81
2026-07-10 20:00:00,213.81,214.87,209.09,211.43
2026-07-11 00:00:00,211.44,212.68,209.87,211.76
2026-07-11 04:00:00,211.77,213.61,210.78,213.01
2026-07-11 08:00:00,213.01,213.58,211.25,213.04
2026-07-11 12:00:00,213.03,214.56,211.68,212.46
2026-07-11 16:00:00,212.52,213.75,211.70,212.66
2026-07-11 20:00:00,212.66,214.44,211.39,212.52
2026-07-12 00:00:00,212.52,214.87,211.75,214.06
2026-07-12 04:00:00,214.07,215.14,207.63,207.73
2026-07-12 08:00:00,207.73,209.46,204.51,209.24
2026-07-12 12:00:00,209.26,210.06,207.42,209.19
2026-07-12 16:00:00,209.16,210.71,208.86,210.28
2026-07-12 20:00:00,210.25,214.00,209.79,212.45
2026-07-13 00:00:00,212.45,213.22,211.01,213.00
2026-07-13 04:00:00,213.00,213.44,208.06,209.90
2026-07-13 08:00:00,209.89,213.18,204.90,206.24
2026-07-13 12:00:00,206.23,207.78,205.00,207.48
2026-07-13 16:00:00,207.49,208.79,206.43,206.43
2026-07-13 20:00:00,206.44,208.07,204.27,205.86
2026-07-14 00:00:00,205.86,206.20,197.50,200.00
2026-07-14 04:00:00,200.00,200.68,198.41,199.94
2026-07-14 08:00:00,199.95,201.88,197.53,199.07
2026-07-14 12:00:00,199.07,200.64,197.82,197.83
2026-07-14 16:00:00,197.83,199.00,195.73,197.96
2026-07-14 20:00:00,197.97,204.85,196.62,203.39
2026-07-15 00:00:00,203.40,204.47,200.50,203.27
2026-07-15 04:00:00,203.27,203.87,199.13,201.21
2026-07-15 08:00:00,201.22,201.30,193.43,197.24
2026-07-15 12:00:00,197.25,199.34,195.77,197.13
2026-07-15 16:00:00,197.13,198.70,196.20,196.24
2026-07-15 20:00:00,196.24,201.86,196.03,199.03
2026-07-16 00:00:00,199.03,200.56,196.41,197.47
2026-07-16 04:00:00,197.48,199.78,197.19,199.16
2026-07-16 08:00:00,199.15,203.32,198.70,201.89
2026-07-16 12:00:00,201.89,202.46,197.29,198.09
2026-07-16 16:00:00,198.09,198.17,194.36,195.98
2026-07-16 20:00:00,195.98,197.93,194.61,196.95
2026-07-17 00:00:00,196.95,196.96,192.04,193.52
2026-07-17 04:00:00,193.51,195.13,189.04,191.17
2026-07-17 08:00:00,191.16,192.75,189.43,191.61
2026-07-17 12:00:00,191.61,192.33,189.44,190.27
2026-07-17 16:00:00,190.28,193.19,187.95,192.82
2026-07-17 20:00:00,192.82,193.80,188.90,193.12
2026-07-18 00:00:00,193.13,194.70,192.43,193.47
2026-07-18 04:00:00,193.46,194.95,192.73,194.58
2026-07-18 08:00:00,194.58,195.40,193.46,193.95
2026-07-18 12:00:00,193.96,194.50,192.44,194.29
2026-07-18 16:00:00,194.30,194.72,192.45,192.91
2026-07-18 20:00:00,192.91,194.16,191.35,193.39
2026-07-19 00:00:00,193.39,196.38,192.90,195.67
2026-07-19 04:00:00,195.68,196.47,195.26,195.97
2026-07-19 08:00:00,195.98,197.07,195.13,196.16
2026-07-19 12:00:00,196.16,199.85,195.70,198.60
2026-07-19 16:00:00,198.61,199.89,197.22,197.62
2026-07-19 20:00:00,197.63,198.26,196.67,197.54
2026-07-20 00:00:00,197.55,197.94,194.85,197.08
2026-07-20 04:00:00,197.08,199.48,196.76,198.61
2026-07-20 08:00:00,198.60,201.36,196.27,196.68
2026-07-20 12:00:00,196.68,196.70,192.91,194.85
2026-07-20 16:00:00,194.85,196.30,192.77,196.20
2026-07-20 20:00:00,196.20,196.39,193.20,195.96
2026-07-21 00:00:00,195.96,197.15,194.21,194.47
2026-07-21 04:00:00,194.48,196.16,194.30,195.19
2026-07-21 08:00:00,195.18,195.67,192.86,194.91
2026-07-21 12:00:00,194.90,198.87,194.30,198.87
2026-07-21 16:00:00,198.87,202.51,198.04,201.60
2026-07-21 20:00:00,201.60,202.37,199.00,199.77
2026-07-22 00:00:00,199.76,200.18,197.83,199.03
2026-07-22 04:00:00,199.03,200.93,198.48,200.73
2026-07-22 08:00:00,200.72,202.00,199.16,199.55
2026-07-22 12:00:00,199.55,201.32,195.66,195.76
2026-07-22 16:00:00,195.77,197.53,195.46,196.78
2026-07-22 20:00:00,196.78,201.88,195.69,200.85
2026-07-23 00:00:00,200.86,201.36,196.00,196.22
2026-07-23 04:00:00,196.23,198.06,195.87,197.43
2026-07-23 08:00:00,197.44,198.11,194.20,194.67
2026-07-23 12:00:00,194.66,196.22,194.28,195.84
2026-07-23 16:00:00,195.84,197.17,195.34,196.19
2026-07-23 20:00:00,196.19,196.82,192.54,193.56
2026-07-24 00:00:00,193.56,193.72,191.93,193.13
2026-07-24 04:00:00,193.13,195.23,192.24,192.69
2026-07-24 08:00:00,192.69,193.04,190.31,192.83
2026-07-24 12:00:00,192.84,194.92,192.06,193.99
2026-07-24 16:00:00,194.00,194.02,190.40,190.86
2026-07-24 20:00:00,190.87,191.27,186.57,188.80
2026-07-25 00:00:00,188.80,190.58,187.89,190.53
2026-07-25 04:00:00,190.54,191.42,189.42,191.19
2026-07-25 08:00:00,191.20,192.14,190.83,191.82
2026-07-25 12:00:00,191.81,192.36,188.29,188.40
2026-07-25 16:00:00,188.40,190.66,187.92,189.86
2026-07-25 20:00:00,189.86,191.54,189.80,190.54
2026-07-26 00:00:00,190.55,192.18,190.55,191.20
2026-07-26 04:00:00,191.21,191.91,190.44,191.51
2026-07-26 08:00:00,191.50,195.50,190.78,195.41
2026-07-26 12:00:00,195.43,200.00,195.02,197.46
2026-07-26 16:00:00,197.46,197.96,195.54,196.54
2026-07-26 20:00:00,196.54,198.80,195.53,197.99
2026-07-27 00:00:00,198.00,198.33,196.85,197.56
2026-07-27 04:00:00,197.57,199.98,196.64,199.29
2026-07-27 08:00:00,199.29,201.31,197.16,199.22
2026-07-27 12:00:00,199.22,200.40,197.32,197.32
2026-07-27 16:00:00,197.33,198.97,196.40,197.81
2026-07-27 20:00:00,197.81,200.72,193.00,193.08
2026-07-28 00:00:00,193.09,194.87,191.60,193.73
2026-07-28 04:00:00,193.73,193.85,186.32,187.44
2026-07-28 08:00:00,187.45,188.30,182.86,186.71
2026-07-28 12:00:00,186.71,188.27,186.39,187.08
2026-07-28 16:00:00,187.09,187.98,186.56,187.55
2026-07-28 20:00:00,187.56,190.18,185.20,189.77
2026-07-29 00:00:00,189.77,193.05,189.61,192.76
2026-07-29 04:00:00,192.76,196.39,192.02,194.73
2026-07-29 08:00:00,194.73,198.22,192.25,192.45
2026-07-29 12:00:00,192.45,194.81,190.43,193.61
2026-07-29 16:00:00,193.62,194.99,192.14,193.79
2026-07-29 20:00:00,193.79,194.06,190.66,191.08
2026-07-30 00:00:00,191.08,194.55,188.20,188.28
2026-07-30 04:00:00,188.28,191.32,186.34,190.57
2026-07-30 08:00:00,190.57,194.15,189.13,192.20
2026-07-30 12:00:00,192.21,192.39,190.65,191.00
2026-07-30 16:00:00,190.99,194.07,190.80,194.04
2026-07-30 20:00:00,194.03,195.18,192.13,194.70
2026-07-31 00:00:00,194.71,195.30,192.60,193.61
2026-07-31 04:00:00,193.61,194.47,192.33,192.38
2026-07-31 08:00:00,192.40,197.67,192.35,196.17
2026-07-31 12:00:00,196.15,197.20,194.06,194.85
2026-07-31 16:00:00,194.85,195.60,191.71,193.56
2026-07-31 20:00:00,193.57,194.65,190.00,192.36
2026-08-01 00:00:00,192.37,197.00,192.37,194.29
2026-08-01 04:00:00,194.28,194.67,192.55,193.28
2026-08-01 08:00:00,193.28,197.75,193.21,197.67
2026-08-01 12:00:00,197.67,199.86,196.01,196.19
2026-08-01 16:00:00,196.19,196.34,193.69,194.96
2026-08-01 20:00:00,194.95,195.22,192.02,192.47
2026-08-02 00:00:00,192.46,193.20,189.29,190.49
2026-08-02 04:00:00,190.48,192.63,190.30,192.30
2026-08-02 08:00:00,192.30,194.85,191.53,194.02
2026-08-02 12:00:00,194.02,195.92,193.71,194.23
2026-08-02 16:00:00,194.24,194.29,192.20,192.43
2026-08-02 20:00:00,192.43,193.48,192.29,192.57
2026-08-03 00:00:00,192.57,193.76,191.39,192.85
2026-08-03 04:00:00,192.84,194.35,191.94,192.33
2026-08-03 08:00:00,192.33,192.53,189.11,189.65
2026-08-03 12:00:00,189.65,191.33,188.23,188.76
2026-08-03 16:00:00,188.76,189.03,187.51,188.25
2026-08-03 20:00:00,188.25,190.18,187.43,189.05
2026-08-04 00:00:00,189.06,191.83,188.77,191.05
2026-08-04 04:00:00,191.04,193.50,190.34,191.65
2026-08-04 08:00:00,191.64,192.17,189.28,190.97
2026-08-04 12:00:00,190.96,191.88,189.85,191.01
2026-08-04 16:00:00,191.02,191.33,189.62,191.10
2026-08-04 20:00:00,191.09,192.87,190.10,192.45
2026-08-05 00:00:00,192.46,200.00,190.89,199.43
2026-08-05 04:00:00,199.44,200.91,195.32,195.54
2026-08-05 08:00:00,195.53,200.18,195.00,197.41
2026-08-05 12:00:00,197.42,199.09,195.57,196.90
2026-08-05 16:00:00,196.90,198.36,195.75,195.86
2026-08-05 20:00:00,195.86,198.90,194.02,197.26
2026-08-06 00:00:00,197.26,198.46,196.07,196.69
2026-08-06 04:00:00,196.69,198.20,195.48,197.44
2026-08-06 08:00:00,197.44,198.49,195.10,195.51
2026-08-06 12:00:00,195.51,197.58,195.11,196.31
2026-08-06 16:00:00,196.31,196.92,192.57,194.72
2026-08-06 20:00:00,194.72,194.78,190.68,193.11
2026-08-07 00:00:00,193.09,193.94,191.45,191.66
2026-08-07 04:00:00,191.65,193.16,191.41,192.10
2026-08-07 08:00:00,192.11,192.84,191.11,191.11
2026-08-07 12:00:00,191.11,192.83,190.05,191.64
2026-08-07 16:00:00,191.64,194.71,190.90,193.79
2026-08-07 20:00:00,193.80,194.53,192.15,193.81
2026-08-08 00:00:00,193.81,194.20,190.66,193.94
2026-08-08 04:00:00,193.94,195.36,192.98,193.43
2026-08-08 08:00:00,193.42,197.02,192.77,196.20
2026-08-08 12:00:00,196.21,197.84,194.54,196.54
2026-08-08 16:00:00,196.53,196.91,195.79,196.47
2026-08-08 20:00:00,196.46,198.33,195.60,197.97
2026-08-09 00:00:00,197.98,200.23,196.75,198.33
2026-08-09 04:00:00,198.32,205.43,197.98,203.65
2026-08-09 08:00:00,203.66,210.03,203.49,207.40
2026-08-09 12:00:00,207.40,209.99,204.31,205.96
2026-08-09 16:00:00,205.97,207.65,202.38,206.74
2026-08-09 20:00:00,206.76,210.63,205.51,208.80
2026-08-10 00:00:00,208.81,210.09,206.01,206.90
2026-08-10 04:00:00,206.90,207.16,201.26,201.98
2026-08-10 08:00:00,201.97,205.25,199.42,202.24
2026-08-10 12:00:00,202.24,204.45,201.71,203.96
2026-08-10 16:00:00,203.96,205.60,202.30,205.06
2026-08-10 20:00:00,205.06,205.82,201.42,202.32
2026-08-11 00:00:00,202.32,203.80,199.73,200.90
2026-08-11 04:00:00,200.91,202.41,198.01,199.47
2026-08-11 08:00:00,199.46,200.28,198.31,199.40
2026-08-11 12:00:00,199.40,199.83,198.44,199.14
2026-08-11 16:00:00,199.13,202.06,198.42,201.18
2026-08-11 20:00:00,201.21,203.77,196.50,198.17
2026-08-12 00:00:00,198.18,199.58,196.20,198.31
2026-08-12 04:00:00,198.31,202.22,198.26,201.62
2026-08-12 08:00:00,201.61,205.73,200.71,204.75
2026-08-12 12:00:00,204.74,205.59,202.08,203.06
2026-08-12 16:00:00,203.06,205.13,201.87,203.27
2026-08-12 20:00:00,203.30,204.16,198.07,199.60
2026-08-13 00:00:00,199.61,201.03,197.01,198.01
2026-08-13 04:00:00,198.01,200.30,197.99,199.94
2026-08-13 08:00:00,199.94,200.91,197.00,199.65
2026-08-13 12:00:00,199.65,201.12,199.12,199.81
2026-08-13 16:00:00,199.82,201.44,198.51,199.14
